1778701751.47421932 -2.55799287 2.00243453 1.52243720 -0.37899110 -0.54145338 0.58878534 -0.46532333
1778701751.47421932 -2.55799287 2.00243453 1.52243720 -0.37899110 -0.54145338 0.58878534 -0.46532333
1778701751.47421932 -2.55799287 2.00243453 1.52243720 -0.37899110 -0.54145338 0.58878534 -0.46532333
1778701751.47421932 -2.55799287 2.00243453 1.52243720 -0.37899110 -0.54145338 0.58878534 -0.46532333
1778701751.47421932 -2.55799287 2.00243453 1.52243720 -0.37899110 -0.54145338 0.58878534 -0.46532333
1778701751.47421932 -2.55799287 2.00243453 1.52243720 -0.37899110 -0.54145338 0.58878534 -0.46532333
1778701751.47421932 -2.55799287 2.00243453 1.52243720 -0.37899110 -0.54145338 0.58878534 -0.46532333
1778701751.47421932 -2.55799287 2.00243453 1.52243720 -0.37899110 -0.54145338 0.58878534 -0.46532333
1778701751.47421932 -2.55799287 2.00243453 1.52243720 -0.37899110 -0.54145338 0.58878534 -0.46532333
1778701751.47421932 -2.55799287 2.00243453 1.52243720 -0.37899110 -0.54145338 0.58878534 -0.46532333
1778701751.47421932 -2.55799287 2.00243453 1.52243720 -0.37899110 -0.54145338 0.58878534 -0.46532333
1778701751.47421932 -2.55799287 2.00243453 1.52243720 -0.37899110 -0.54145338 0.58878534 -0.46532333
1778701751.47421932 -2.55799287 2.00243453 1.52243720 -0.37899110 -0.54145338 0.58878534 -0.46532333
1778701751.47421932 -2.55799287 2.00243453 1.52243720 -0.37899110 -0.54145338 0.58878534 -0.46532333
1778701751.47421932 -2.55799287 2.00243453 1.52243720 -0.37899110 -0.54145338 0.58878534 -0.46532333
1778701751.47421932 -2.55799287 2.00243453 1.52243720 -0.37899110 -0.54145338 0.58878534 -0.46532333
1778701751.47421932 -2.55799287 2.00243453 1.52243720 -0.37899110 -0.54145338 0.58878534 -0.46532333
1778701751.47421932 -2.55799287 2.00243453 1.52243720 -0.37899110 -0.54145338 0.58878534 -0.46532333
1778701751.47421932 -2.55799287 2.00243453 1.52243720 -0.37899110 -0.54145338 0.58878534 -0.46532333
1778701751.47421932 -2.55799287 2.00243453 1.52243720 -0.37899110 -0.54145338 0.58878534 -0.46532333
1778701751.47421932 -2.55799287 2.00243453 1.52243720 -0.37899110 -0.54145338 0.58878534 -0.46532333
1778701751.47421932 -2.55799287 2.00243453 1.52243720 -0.37899110 -0.54145338 0.58878534 -0.46532333
1778701751.47421932 -2.55799287 2.00243453 1.52243720 -0.37899110 -0.54145338 0.58878534 -0.46532333
1778701751.47421932 -2.55799287 2.00243453 1.52243720 -0.37899110 -0.54145338 0.58878534 -0.46532333
1778701751.47421932 -2.55799287 2.00243453 1.52243720 -0.37899110 -0.54145338 0.58878534 -0.46532333
1778701751.47421932 -2.55799287 2.00243453 1.52243720 -0.37899110 -0.54145338 0.58878534 -0.46532333
1778701751.47421932 -2.55799287 2.00243453 1.52243720 -0.37899110 -0.54145338 0.58878534 -0.46532333
1778701751.47421932 -2.55799287 2.00243453 1.52243720 -0.37899110 -0.54145338 0.58878534 -0.46532333
1778701751.47421932 -2.55799287 2.00243453 1.52243720 -0.37899110 -0.54145338 0.58878534 -0.46532333
1778701751.47421932 -2.55799287 2.00243453 1.52243720 -0.37899110 -0.54145338 0.58878534 -0.46532333
1778701751.47421932 -2.55799287 2.00243453 1.52243720 -0.37899110 -0.54145338 0.58878534 -0.46532333
1778701751.47421932 -2.55799287 2.00243453 1.52243720 -0.37899110 -0.54145338 0.58878534 -0.46532333
1778701751.47421932 -2.55799287 2.00243453 1.52243720 -0.37899110 -0.54145338 0.58878534 -0.46532333
1778701751.47421932 -2.55799287 2.00243453 1.52243720 -0.37899110 -0.54145338 0.58878534 -0.46532333
1778701751.47421932 -2.55799287 2.00243453 1.52243720 -0.37899110 -0.54145338 0.58878534 -0.46532333
1778701751.47421932 -2.55799287 2.00243453 1.52243720 -0.37899110 -0.54145338 0.58878534 -0.46532333
1778701751.47421932 -2.55799287 2.00243453 1.52243720 -0.37899110 -0.54145338 0.58878534 -0.46532333
1778701751.47421932 -2.55799287 2.00243453 1.52243720 -0.37899110 -0.54145338 0.58878534 -0.46532333
1778701751.47421932 -2.55799287 2.00243453 1.52243720 -0.37899110 -0.54145338 0.58878534 -0.46532333
1778701751.47421932 -2.55799287 2.00243453 1.52243720 -0.37899110 -0.54145338 0.58878534 -0.46532333
1778701751.47421932 -2.55799287 2.00243453 1.52243720 -0.37899110 -0.54145338 0.58878534 -0.46532333
1778701751.47421932 -2.55799287 2.00243453 1.52243720 -0.37899110 -0.54145338 0.58878534 -0.46532333
1778701751.47421932 -2.55799287 2.00243453 1.52243720 -0.37899110 -0.54145338 0.58878534 -0.46532333
1778701751.47421932 -2.55799287 2.00243453 1.52243720 -0.37899110 -0.54145338 0.58878534 -0.46532333
1778701751.47421932 -2.55799287 2.00243453 1.52243720 -0.37899110 -0.54145338 0.58878534 -0.46532333
1778701751.47421932 -2.55799287 2.00243453 1.52243720 -0.37899110 -0.54145338 0.58878534 -0.46532333
1778701751.47421932 -2.55799287 2.00243453 1.52243720 -0.37899110 -0.54145338 0.58878534 -0.46532333
1778701751.47421932 -2.55799287 2.00243453 1.52243720 -0.37899110 -0.54145338 0.58878534 -0.46532333
1778701751.47421932 -2.55799287 2.00243453 1.52243720 -0.37899110 -0.54145338 0.58878534 -0.46532333
1778701751.47421932 -2.55799287 2.00243453 1.52243720 -0.37899110 -0.54145338 0.58878534 -0.46532333
1778701751.47421932 -2.55799287 2.00243453 1.52243720 -0.37899110 -0.54145338 0.58878534 -0.46532333
1778701751.47421932 -2.55799287 2.00243453 1.52243720 -0.37899110 -0.54145338 0.58878534 -0.46532333
1778701751.47421932 -2.55799287 2.00243453 1.52243720 -0.37899110 -0.54145338 0.58878534 -0.46532333
1778701751.47421932 -2.55799287 2.00243453 1.52243720 -0.37899110 -0.54145338 0.58878534 -0.46532333
1778701751.47421932 -2.55799287 2.00243453 1.52243720 -0.37899110 -0.54145338 0.58878534 -0.46532333
1778701751.47421932 -2.55799287 2.00243453 1.52243720 -0.37899110 -0.54145338 0.58878534 -0.46532333
1778701751.47421932 -2.55799287 2.00243453 1.52243720 -0.37899110 -0.54145338 0.58878534 -0.46532333
1778701751.47421932 -2.55799287 2.00243453 1.52243720 -0.37899110 -0.54145338 0.58878534 -0.46532333
1778701751.47421932 -2.55799287 2.00243453 1.52243720 -0.37899110 -0.54145338 0.58878534 -0.46532333
1778701751.47421932 -2.55799287 2.00243453 1.52243720 -0.37899110 -0.54145338 0.58878534 -0.46532333
1778701751.47421932 -2.55799287 2.00243453 1.52243720 -0.37899110 -0.54145338 0.58878534 -0.46532333
1778701751.47421932 -2.55799287 2.00243453 1.52243720 -0.37899110 -0.54145338 0.58878534 -0.46532333
1778701751.47421932 -2.55799287 2.00243453 1.52243720 -0.37899110 -0.54145338 0.58878534 -0.46532333
1778701751.47421932 -2.55799287 2.00243453 1.52243720 -0.37899110 -0.54145338 0.58878534 -0.46532333
1778701751.47421932 -2.55799287 2.00243453 1.52243720 -0.37899110 -0.54145338 0.58878534 -0.46532333
1778701751.47421932 -2.55799287 2.00243453 1.52243720 -0.37899110 -0.54145338 0.58878534 -0.46532333
1778701751.47421932 -2.55799287 2.00243453 1.52243720 -0.37899110 -0.54145338 0.58878534 -0.46532333
1778701751.47421932 -2.55799287 2.00243453 1.52243720 -0.37899110 -0.54145338 0.58878534 -0.46532333
1778701751.47421932 -2.55799287 2.00243453 1.52243720 -0.37899110 -0.54145338 0.58878534 -0.46532333
1778701751.47421932 -2.55799287 2.00243453 1.52243720 -0.37899110 -0.54145338 0.58878534 -0.46532333
1778701751.47421932 -2.55799287 2.00243453 1.52243720 -0.37899110 -0.54145338 0.58878534 -0.46532333
1778701751.47421932 -2.55799287 2.00243453 1.52243720 -0.37899110 -0.54145338 0.58878534 -0.46532333
1778701751.47421932 -2.55799287 2.00243453 1.52243720 -0.37899110 -0.54145338 0.58878534 -0.46532333
1778701751.47421932 -2.55799287 2.00243453 1.52243720 -0.37899110 -0.54145338 0.58878534 -0.46532333
1778701751.47421932 -2.55799287 2.00243453 1.52243720 -0.37899110 -0.54145338 0.58878534 -0.46532333
1778701751.47421932 -2.55799287 2.00243453 1.52243720 -0.37899110 -0.54145338 0.58878534 -0.46532333
1778701751.47421932 -2.55799287 2.00243453 1.52243720 -0.37899110 -0.54145338 0.58878534 -0.46532333
1778701751.47421932 -2.55799287 2.00243453 1.52243720 -0.37899110 -0.54145338 0.58878534 -0.46532333
1778701751.47421932 -2.55799287 2.00243453 1.52243720 -0.37899110 -0.54145338 0.58878534 -0.46532333
1778701751.47421932 -2.55799287 2.00243453 1.52243720 -0.37899110 -0.54145338 0.58878534 -0.46532333
1778701751.47421932 -2.55799287 2.00243453 1.52243720 -0.37899110 -0.54145338 0.58878534 -0.46532333
1778701751.47421932 -2.55799287 2.00243453 1.52243720 -0.37899110 -0.54145338 0.58878534 -0.46532333
1778701751.47421932 -2.55799287 2.00243453 1.52243720 -0.37899110 -0.54145338 0.58878534 -0.46532333
1778701751.47421932 -2.55799287 2.00243453 1.52243720 -0.37899110 -0.54145338 0.58878534 -0.46532333
1778701751.47421932 -2.55799287 2.00243453 1.52243720 -0.37899110 -0.54145338 0.58878534 -0.46532333
1778701751.47421932 -2.55799287 2.00243453 1.52243720 -0.37899110 -0.54145338 0.58878534 -0.46532333
1778701751.47421932 -2.55799287 2.00243453 1.52243720 -0.37899110 -0.54145338 0.58878534 -0.46532333
1778701751.47421932 -2.55799287 2.00243453 1.52243720 -0.37899110 -0.54145338 0.58878534 -0.46532333
1778701751.47421932 -2.55799287 2.00243453 1.52243720 -0.37899110 -0.54145338 0.58878534 -0.46532333
1778701751.47421932 -2.55799287 2.00243453 1.52243720 -0.37899110 -0.54145338 0.58878534 -0.46532333
1778701751.47421932 -2.55799287 2.00243453 1.52243720 -0.37899110 -0.54145338 0.58878534 -0.46532333
1778701751.47421932 -2.55799287 2.00243453 1.52243720 -0.37899110 -0.54145338 0.58878534 -0.46532333
1778701751.47421932 -2.55799287 2.00243453 1.52243720 -0.37899110 -0.54145338 0.58878534 -0.46532333
1778701751.47421932 -2.55799287 2.00243453 1.52243720 -0.37899110 -0.54145338 0.58878534 -0.46532333
1778701751.47421932 -2.55799287 2.00243453 1.52243720 -0.37899110 -0.54145338 0.58878534 -0.46532333
1778701751.47421932 -2.55799287 2.00243453 1.52243720 -0.37899110 -0.54145338 0.58878534 -0.46532333
1778701751.47421932 -2.55799287 2.00243453 1.52243720 -0.37899110 -0.54145338 0.58878534 -0.46532333
1778701751.47421932 -2.55799287 2.00243453 1.52243720 -0.37899110 -0.54145338 0.58878534 -0.46532333
1778701751.47421932 -2.55799287 2.00243453 1.52243720 -0.37899110 -0.54145338 0.58878534 -0.46532333
1778701751.47421932 -2.55799287 2.00243453 1.52243720 -0.37899110 -0.54145338 0.58878534 -0.46532333
1778701751.47421932 -2.55799287 2.00243453 1.52243720 -0.37899110 -0.54145338 0.58878534 -0.46532333
1778701751.47421932 -2.55799287 2.00243453 1.52243720 -0.37899110 -0.54145338 0.58878534 -0.46532333
1778701751.47421932 -2.55799287 2.00243453 1.52243720 -0.37899110 -0.54145338 0.58878534 -0.46532333
1778701751.47421932 -2.55799287 2.00243453 1.52243720 -0.37899110 -0.54145338 0.58878534 -0.46532333
1778701751.47421932 -2.55799287 2.00243453 1.52243720 -0.37899110 -0.54145338 0.58878534 -0.46532333
1778701751.47421932 -2.55799287 2.00243453 1.52243720 -0.37899110 -0.54145338 0.58878534 -0.46532333
1778701751.47421932 -2.55799287 2.00243453 1.52243720 -0.37899110 -0.54145338 0.58878534 -0.46532333
1778701751.47421932 -2.55799287 2.00243453 1.52243720 -0.37899110 -0.54145338 0.58878534 -0.46532333
1778701751.47421932 -2.55799287 2.00243453 1.52243720 -0.37899110 -0.54145338 0.58878534 -0.46532333
1778701751.47421932 -2.55799287 2.00243453 1.52243720 -0.37899110 -0.54145338 0.58878534 -0.46532333
1778701751.47421932 -2.55799287 2.00243453 1.52243720 -0.37899110 -0.54145338 0.58878534 -0.46532333
1778701751.47421932 -2.55799287 2.00243453 1.52243720 -0.37899110 -0.54145338 0.58878534 -0.46532333
1778701751.47421932 -2.55799287 2.00243453 1.52243720 -0.37899110 -0.54145338 0.58878534 -0.46532333
1778701751.47421932 -2.55799287 2.00243453 1.52243720 -0.37899110 -0.54145338 0.58878534 -0.46532333
1778701751.47421932 -2.55799287 2.00243453 1.52243720 -0.37899110 -0.54145338 0.58878534 -0.46532333
1778701751.47421932 -2.55799287 2.00243453 1.52243720 -0.37899110 -0.54145338 0.58878534 -0.46532333
1778701751.47421932 -2.55799287 2.00243453 1.52243720 -0.37899110 -0.54145338 0.58878534 -0.46532333
1778701751.47421932 -2.55799287 2.00243453 1.52243720 -0.37899110 -0.54145338 0.58878534 -0.46532333
1778701751.47421932 -2.55799287 2.00243453 1.52243720 -0.37899110 -0.54145338 0.58878534 -0.46532333
1778701751.47421932 -2.55799287 2.00243453 1.52243720 -0.37899110 -0.54145338 0.58878534 -0.46532333
1778701751.47421932 -2.55799287 2.00243453 1.52243720 -0.37899110 -0.54145338 0.58878534 -0.46532333
1778701751.47421932 -2.55799287 2.00243453 1.52243720 -0.37899110 -0.54145338 0.58878534 -0.46532333
1778701751.47421932 -2.55799287 2.00243453 1.52243720 -0.37899110 -0.54145338 0.58878534 -0.46532333
1778701751.47421932 -2.55799287 2.00243453 1.52243720 -0.37899110 -0.54145338 0.58878534 -0.46532333
1778701751.47421932 -2.55799287 2.00243453 1.52243720 -0.37899110 -0.54145338 0.58878534 -0.46532333
1778701751.47421932 -2.55799287 2.00243453 1.52243720 -0.37899110 -0.54145338 0.58878534 -0.46532333
1778701751.47421932 -2.55799287 2.00243453 1.52243720 -0.37899110 -0.54145338 0.58878534 -0.46532333
1778701751.47421932 -2.55799287 2.00243453 1.52243720 -0.37899110 -0.54145338 0.58878534 -0.46532333
1778701751.47421932 -2.55799287 2.00243453 1.52243720 -0.37899110 -0.54145338 0.58878534 -0.46532333
1778701751.47421932 -2.55799287 2.00243453 1.52243720 -0.37899110 -0.54145338 0.58878534 -0.46532333
1778701751.47421932 -2.55799287 2.00243453 1.52243720 -0.37899110 -0.54145338 0.58878534 -0.46532333
1778701751.47421932 -2.55799287 2.00243453 1.52243720 -0.37899110 -0.54145338 0.58878534 -0.46532333
1778701751.47421932 -2.55799287 2.00243453 1.52243720 -0.37899110 -0.54145338 0.58878534 -0.46532333
1778701751.47421932 -2.55799287 2.00243453 1.52243720 -0.37899110 -0.54145338 0.58878534 -0.46532333
1778701751.47421932 -2.55799287 2.00243453 1.52243720 -0.37899110 -0.54145338 0.58878534 -0.46532333
1778701751.47421932 -2.55799287 2.00243453 1.52243720 -0.37899110 -0.54145338 0.58878534 -0.46532333
1778701751.47421932 -2.55799287 2.00243453 1.52243720 -0.37899110 -0.54145338 0.58878534 -0.46532333
1778701751.47421932 -2.55799287 2.00243453 1.52243720 -0.37899110 -0.54145338 0.58878534 -0.46532333
1778701751.47421932 -2.55799287 2.00243453 1.52243720 -0.37899110 -0.54145338 0.58878534 -0.46532333
1778701751.47421932 -2.55799287 2.00243453 1.52243720 -0.37899110 -0.54145338 0.58878534 -0.46532333
1778701751.47421932 -2.55799287 2.00243453 1.52243720 -0.37899110 -0.54145338 0.58878534 -0.46532333
1778701751.47421932 -2.55799287 2.00243453 1.52243720 -0.37899110 -0.54145338 0.58878534 -0.46532333
1778701751.47421932 -2.55799287 2.00243453 1.52243720 -0.37899110 -0.54145338 0.58878534 -0.46532333
1778701751.47421932 -2.55799287 2.00243453 1.52243720 -0.37899110 -0.54145338 0.58878534 -0.46532333
1778701751.47421932 -2.55799287 2.00243453 1.52243720 -0.37899110 -0.54145338 0.58878534 -0.46532333
1778701751.47421932 -2.55799287 2.00243453 1.52243720 -0.37899110 -0.54145338 0.58878534 -0.46532333
1778701751.47421932 -2.55799287 2.00243453 1.52243720 -0.37899110 -0.54145338 0.58878534 -0.46532333
1778701751.47421932 -2.55799287 2.00243453 1.52243720 -0.37899110 -0.54145338 0.58878534 -0.46532333
1778701751.47421932 -2.55799287 2.00243453 1.52243720 -0.37899110 -0.54145338 0.58878534 -0.46532333
1778701751.47421932 -2.55799287 2.00243453 1.52243720 -0.37899110 -0.54145338 0.58878534 -0.46532333
1778701751.47421932 -2.55799287 2.00243453 1.52243720 -0.37899110 -0.54145338 0.58878534 -0.46532333
1778701751.47421932 -2.55799287 2.00243453 1.52243720 -0.37899110 -0.54145338 0.58878534 -0.46532333
1778701751.47421932 -2.55799287 2.00243453 1.52243720 -0.37899110 -0.54145338 0.58878534 -0.46532333
1778701751.47421932 -2.55799287 2.00243453 1.52243720 -0.37899110 -0.54145338 0.58878534 -0.46532333
1778701751.47421932 -2.55799287 2.00243453 1.52243720 -0.37899110 -0.54145338 0.58878534 -0.46532333
1778701751.47421932 -2.55799287 2.00243453 1.52243720 -0.37899110 -0.54145338 0.58878534 -0.46532333
1778701751.47421932 -2.55799287 2.00243453 1.52243720 -0.37899110 -0.54145338 0.58878534 -0.46532333
1778701751.47421932 -2.55799287 2.00243453 1.52243720 -0.37899110 -0.54145338 0.58878534 -0.46532333
1778701751.47421932 -2.55799287 2.00243453 1.52243720 -0.37899110 -0.54145338 0.58878534 -0.46532333
1778701751.47421932 -2.55799287 2.00243453 1.52243720 -0.37899110 -0.54145338 0.58878534 -0.46532333
1778701751.47421932 -2.55799287 2.00243453 1.52243720 -0.37899110 -0.54145338 0.58878534 -0.46532333
1778701751.47421932 -2.55799287 2.00243453 1.52243720 -0.37899110 -0.54145338 0.58878534 -0.46532333
1778701751.47421932 -2.55799287 2.00243453 1.52243720 -0.37899110 -0.54145338 0.58878534 -0.46532333
1778701751.47421932 -2.55799287 2.00243453 1.52243720 -0.37899110 -0.54145338 0.58878534 -0.46532333
1778701751.47421932 -2.55799287 2.00243453 1.52243720 -0.37899110 -0.54145338 0.58878534 -0.46532333
1778701751.47421932 -2.55799287 2.00243453 1.52243720 -0.37899110 -0.54145338 0.58878534 -0.46532333
1778701751.47421932 -2.55799287 2.00243453 1.52243720 -0.37899110 -0.54145338 0.58878534 -0.46532333
1778701751.47421932 -2.55799287 2.00243453 1.52243720 -0.37899110 -0.54145338 0.58878534 -0.46532333
1778701751.47421932 -2.55799287 2.00243453 1.52243720 -0.37899110 -0.54145338 0.58878534 -0.46532333
1778701751.47421932 -2.55799287 2.00243453 1.52243720 -0.37899110 -0.54145338 0.58878534 -0.46532333
1778701751.47421932 -2.55799287 2.00243453 1.52243720 -0.37899110 -0.54145338 0.58878534 -0.46532333
1778701751.47421932 -2.55799287 2.00243453 1.52243720 -0.37899110 -0.54145338 0.58878534 -0.46532333
1778701751.47421932 -2.55799287 2.00243453 1.52243720 -0.37899110 -0.54145338 0.58878534 -0.46532333
1778701751.47421932 -2.55799287 2.00243453 1.52243720 -0.37899110 -0.54145338 0.58878534 -0.46532333
1778701751.47421932 -2.55799287 2.00243453 1.52243720 -0.37899110 -0.54145338 0.58878534 -0.46532333
1778701751.47421932 -2.55799287 2.00243453 1.52243720 -0.37899110 -0.54145338 0.58878534 -0.46532333
1778701751.47421932 -2.55799287 2.00243453 1.52243720 -0.37899110 -0.54145338 0.58878534 -0.46532333
1778701751.47421932 -2.55799287 2.00243453 1.52243720 -0.37899110 -0.54145338 0.58878534 -0.46532333
1778701751.47421932 -2.55799287 2.00243453 1.52243720 -0.37899110 -0.54145338 0.58878534 -0.46532333
1778701751.47421932 -2.55799287 2.00243453 1.52243720 -0.37899110 -0.54145338 0.58878534 -0.46532333
1778701751.47421932 -2.55799287 2.00243453 1.52243720 -0.37899110 -0.54145338 0.58878534 -0.46532333
1778701751.47421932 -2.55799287 2.00243453 1.52243720 -0.37899110 -0.54145338 0.58878534 -0.46532333
1778701751.47421932 -2.55799287 2.00243453 1.52243720 -0.37899110 -0.54145338 0.58878534 -0.46532333
1778701751.47421932 -2.55799287 2.00243453 1.52243720 -0.37899110 -0.54145338 0.58878534 -0.46532333
1778701751.47421932 -2.55799287 2.00243453 1.52243720 -0.37899110 -0.54145338 0.58878534 -0.46532333
1778701751.47421932 -2.55799287 2.00243453 1.52243720 -0.37899110 -0.54145338 0.58878534 -0.46532333
1778701751.47421932 -2.55799287 2.00243453 1.52243720 -0.37899110 -0.54145338 0.58878534 -0.46532333
1778701751.47421932 -2.55799287 2.00243453 1.52243720 -0.37899110 -0.54145338 0.58878534 -0.46532333
1778701751.47421932 -2.55799287 2.00243453 1.52243720 -0.37899110 -0.54145338 0.58878534 -0.46532333
1778701751.47421932 -2.55799287 2.00243453 1.52243720 -0.37899110 -0.54145338 0.58878534 -0.46532333
1778701751.47421932 -2.55799287 2.00243453 1.52243720 -0.37899110 -0.54145338 0.58878534 -0.46532333
1778701751.47421932 -2.55799287 2.00243453 1.52243720 -0.37899110 -0.54145338 0.58878534 -0.46532333
1778701751.47421932 -2.55799287 2.00243453 1.52243720 -0.37899110 -0.54145338 0.58878534 -0.46532333
1778701751.47421932 -2.55799287 2.00243453 1.52243720 -0.37899110 -0.54145338 0.58878534 -0.46532333
1778701751.47421932 -2.55799287 2.00243453 1.52243720 -0.37899110 -0.54145338 0.58878534 -0.46532333
1778701751.47421932 -2.55799287 2.00243453 1.52243720 -0.37899110 -0.54145338 0.58878534 -0.46532333
1778701751.47421932 -2.55799287 2.00243453 1.52243720 -0.37899110 -0.54145338 0.58878534 -0.46532333
1778701751.47421932 -2.55799287 2.00243453 1.52243720 -0.37899110 -0.54145338 0.58878534 -0.46532333
1778701751.47421932 -2.55799287 2.00243453 1.52243720 -0.37899110 -0.54145338 0.58878534 -0.46532333
1778701751.47421932 -2.55799287 2.00243453 1.52243720 -0.37899110 -0.54145338 0.58878534 -0.46532333
1778701751.47421932 -2.55799287 2.00243453 1.52243720 -0.37899110 -0.54145338 0.58878534 -0.46532333
1778701751.47421932 -2.55799287 2.00243453 1.52243720 -0.37899110 -0.54145338 0.58878534 -0.46532333
1778701751.47421932 -2.55799287 2.00243453 1.52243720 -0.37899110 -0.54145338 0.58878534 -0.46532333
1778701751.47421932 -2.55799287 2.00243453 1.52243720 -0.37899110 -0.54145338 0.58878534 -0.46532333
1778701751.47421932 -2.55799287 2.00243453 1.52243720 -0.37899110 -0.54145338 0.58878534 -0.46532333
1778701751.47421932 -2.55799287 2.00243453 1.52243720 -0.37899110 -0.54145338 0.58878534 -0.46532333
1778701751.47421932 -2.55799287 2.00243453 1.52243720 -0.37899110 -0.54145338 0.58878534 -0.46532333
1778701751.47421932 -2.55799287 2.00243453 1.52243720 -0.37899110 -0.54145338 0.58878534 -0.46532333
1778701751.47421932 -2.55799287 2.00243453 1.52243720 -0.37899110 -0.54145338 0.58878534 -0.46532333
1778701751.47421932 -2.55799287 2.00243453 1.52243720 -0.37899110 -0.54145338 0.58878534 -0.46532333
1778701751.47421932 -2.55799287 2.00243453 1.52243720 -0.37899110 -0.54145338 0.58878534 -0.46532333
1778701751.47421932 -2.55799287 2.00243453 1.52243720 -0.37899110 -0.54145338 0.58878534 -0.46532333
1778701751.47421932 -2.55799287 2.00243453 1.52243720 -0.37899110 -0.54145338 0.58878534 -0.46532333
1778701751.47421932 -2.55799287 2.00243453 1.52243720 -0.37899110 -0.54145338 0.58878534 -0.46532333
1778701751.47421932 -2.55799287 2.00243453 1.52243720 -0.37899110 -0.54145338 0.58878534 -0.46532333
1778701751.47421932 -2.55799287 2.00243453 1.52243720 -0.37899110 -0.54145338 0.58878534 -0.46532333
1778701751.47421932 -2.55799287 2.00243453 1.52243720 -0.37899110 -0.54145338 0.58878534 -0.46532333
1778701751.47421932 -2.55799287 2.00243453 1.52243720 -0.37899110 -0.54145338 0.58878534 -0.46532333
1778701751.47421932 -2.55799287 2.00243453 1.52243720 -0.37899110 -0.54145338 0.58878534 -0.46532333
1778701751.47421932 -2.55799287 2.00243453 1.52243720 -0.37899110 -0.54145338 0.58878534 -0.46532333
1778701751.47421932 -2.55799287 2.00243453 1.52243720 -0.37899110 -0.54145338 0.58878534 -0.46532333
1778701751.47421932 -2.55799287 2.00243453 1.52243720 -0.37899110 -0.54145338 0.58878534 -0.46532333
1778701751.47421932 -2.55799287 2.00243453 1.52243720 -0.37899110 -0.54145338 0.58878534 -0.46532333
1778701751.47421932 -2.55799287 2.00243453 1.52243720 -0.37899110 -0.54145338 0.58878534 -0.46532333
1778701751.47421932 -2.55799287 2.00243453 1.52243720 -0.37899110 -0.54145338 0.58878534 -0.46532333
1778701751.47421932 -2.55799287 2.00243453 1.52243720 -0.37899110 -0.54145338 0.58878534 -0.46532333
1778701751.47421932 -2.55799287 2.00243453 1.52243720 -0.37899110 -0.54145338 0.58878534 -0.46532333
1778701751.47421932 -2.55799287 2.00243453 1.52243720 -0.37899110 -0.54145338 0.58878534 -0.46532333
1778701751.47421932 -2.55799287 2.00243453 1.52243720 -0.37899110 -0.54145338 0.58878534 -0.46532333
1778701751.47421932 -2.55799287 2.00243453 1.52243720 -0.37899110 -0.54145338 0.58878534 -0.46532333
1778701751.47421932 -2.55799287 2.00243453 1.52243720 -0.37899110 -0.54145338 0.58878534 -0.46532333
1778701751.48446655 -2.57564813 2.00603460 1.47846684 -0.38251723 -0.53772403 0.58676007 -0.46930380
1778701751.49472380 -2.57921280 2.00918022 1.46041123 -0.38411894 -0.53622863 0.58611784 -0.47050757
1778701751.50497246 -2.59022135 2.01112689 1.42859687 -0.38657744 -0.53368508 0.58461590 -0.47324662
1778701751.51522589 -2.59903790 2.01081622 1.40229858 -0.38881245 -0.53185081 0.58306944 -0.47538366
1778701751.52551198 -2.60353920 2.01371979 1.38200660 -0.39105126 -0.53018873 0.58204327 -0.47665969
1778701751.53582072 -2.60731171 2.01390115 1.36390815 -0.39496970 -0.52905598 0.57991222 -0.47728453
1778701751.54612708 -2.61733064 2.01446733 1.33417411 -0.39823432 -0.52684112 0.57782506 -0.47954776
1778701751.55646873 -2.62618467 2.01274218 1.31207781 -0.39828323 -0.52536085 0.57701694 -0.48209739
1778701751.55662298 -2.62929869 2.01090711 1.30616575 -0.39753293 -0.52508948 0.57697694 -0.48305924
1778701751.56672025 -2.62796652 2.01063821 1.30090715 -0.39861015 -0.52500563 0.57635697 -0.48300278
1778701751.57703018 -2.63489770 2.00892232 1.27902038 -0.40024323 -0.52363822 0.57490194 -0.48486714
1778701751.58732557 -2.64043072 2.00889331 1.25658456 -0.40185933 -0.52206861 0.57370524 -0.48663717
1778701751.59761286 -2.64815024 2.00859446 1.23267289 -0.40394979 -0.52025520 0.57217445 -0.48864660
1778701751.60783863 -2.65125992 2.00935558 1.21306130 -0.40572714 -0.51885990 0.57107645 -0.48994039
1778701751.61817312 -2.65858513 2.00581734 1.19139584 -0.40736151 -0.51758181 0.56941242 -0.49186905
1778701751.62839961 -2.67031852 2.01401771 1.14221405 -0.41162110 -0.51275768 0.56747892 -0.49559591
1778701751.63868737 -2.67362458 2.01496856 1.12033997 -0.41373798 -0.51108455 0.56621499 -0.49700508
1778701751.64897871 -2.68058687 2.01418584 1.09282322 -0.41530081 -0.50900226 0.56487919 -0.49935302
1778701751.65928650 -2.68224814 2.01331773 1.08050209 -0.41669668 -0.50822276 0.56390658 -0.50008286
1778701751.66959405 -2.68070651 2.01098042 1.07583697 -0.41779178 -0.50838378 0.56304355 -0.49997793
1778701751.67992139 -2.68389751 2.00750396 1.06076061 -0.41777975 -0.50765132 0.56243640 -0.50141352
1778701751.69024801 -2.68953479 2.00128888 1.04557214 -0.41941666 -0.50713580 0.56051710 -0.50271614
1778701751.70048952 -2.69494745 1.99738273 1.02928120 -0.42090359 -0.50626271 0.55894262 -0.50410454
1778701751.71082354 -2.70100359 1.99309591 1.00854673 -0.42214536 -0.50510036 0.55738514 -0.50595328
1778701751.72107148 -2.70374238 1.98992913 0.99664506 -0.42383404 -0.50460138 0.55590066 -0.50667210
1778701751.73127723 -2.71216601 1.97905227 0.98148036 -0.42521991 -0.50452609 0.55340355 -0.50831680
1778701751.74160671 -2.71605005 1.97419196 0.97029312 -0.42661732 -0.50425514 0.55179262 -0.50916531
1778701751.74175930 -2.71613293 1.97333128 0.96805628 -0.42679787 -0.50423664 0.55156974 -0.50927381
1778701751.75190282 -2.72550782 1.95940480 0.95611690 -0.42800031 -0.50474050 0.54877878 -0.51077844
1778701751.76212430 -2.73057156 1.95434231 0.93844365 -0.42987249 -0.50404805 0.54672908 -0.51208643
1778701751.77239275 -2.73682282 1.95143896 0.91708166 -0.43126285 -0.50267486 0.54515463 -0.51394238
1778701751.78273439 -2.73919789 1.94531969 0.90886385 -0.43230991 -0.50293078 0.54364329 -0.51441301
1778701751.79304409 -2.73379338 1.93813540 0.92510300 -0.43373206 -0.50561061 0.54226824 -0.51203474
1778701751.80339909 -2.73225025 1.93786497 0.91943572 -0.43537594 -0.50551689 0.54130194 -0.51175450
1778701751.80358291 -2.73491046 1.93378895 0.91688440 -0.43561444 -0.50574413 0.54053821 -0.51213414
1778701751.81375837 -2.75255937 1.92771329 0.87057919 -0.43661598 -0.50223430 0.53811620 -0.51726023
1778701751.82406664 -2.75458831 1.92571020 0.85609755 -0.43818663 -0.50156302 0.53673076 -0.51802230
1778701751.83436537 -2.75757693 1.92133385 0.84318548 -0.43975920 -0.50123289 0.53503694 -0.51876094
1778701751.84471035 -2.75460015 1.92248630 0.83980974 -0.44074872 -0.50122033 0.53470107 -0.51827938
1778701751.85501313 -2.76099518 1.91645794 0.82062401 -0.44209870 -0.50039990 0.53274463 -0.51993445
1778701751.86530042 -2.76219626 1.91530043 0.80629335 -0.44388463 -0.49967857 0.53136698 -0.52051599
1778701751.87565660 -2.75866602 1.91217556 0.81430305 -0.44428633 -0.50107255 0.53099156 -0.51921471
1778701751.87585759 -2.75684536 1.91140766 0.81806365 -0.44449485 -0.50162326 0.53089515 -0.51860271
1778701751.88596630 -2.76504845 1.91068078 0.78409114 -0.44599610 -0.49882121 0.52929516 -0.52164310
1778701751.89626431 -2.76523896 1.91087227 0.77027611 -0.44645473 -0.49794789 0.52896919 -0.52241523
1778701751.90661407 -2.76620931 1.90950538 0.75654947 -0.44724445 -0.49722720 0.52822871 -0.52317488
1778701751.91695666 -2.76774511 1.90805763 0.74499049 -0.44747920 -0.49658659 0.52779663 -0.52401798
1778701751.92725945 -2.76196486 1.91055932 0.74440486 -0.44769258 -0.49680176 0.52830935 -0.52311432
1778701751.93779492 -2.76692297 1.90976841 0.71773325 -0.44826794 -0.49477421 0.52745740 -0.52539798
1778701751.94812870 -2.76622292 1.90946130 0.70766754 -0.44864823 -0.49431895 0.52721595 -0.52574413
1778701751.95844936 -2.76589326 1.90927120 0.69958438 -0.44911608 -0.49393942 0.52692094 -0.52599708
1778701751.96878338 -2.76448384 1.91130528 0.68612675 -0.45011998 -0.49300275 0.52658724 -0.52635175
1778701751.97908115 -2.75796466 1.92302087 0.66551708 -0.45236022 -0.49061298 0.52678026 -0.52647098
1778701751.98943114 -2.75787091 1.91963416 0.66450272 -0.45255001 -0.49121186 0.52633495 -0.52619475
1778701751.98965287 -2.75785069 1.91889508 0.66354687 -0.45273671 -0.49132201 0.52615065 -0.52611562
1778701751.99975824 -2.75874109 1.91609818 0.65757192 0.45299916 0.49139101 -0.52566185 0.52631384
1778701752.01013899 -2.76028564 1.91139137 0.65102739 0.45380730 0.49172318 -0.52458890 0.52637793
1778701752.02058601 -2.75839915 1.91183058 0.64381725 0.45441177 0.49154182 -0.52442285 0.52619128
1778701752.03106570 -2.75710354 1.90958893 0.64563592 0.45447228 0.49231817 -0.52430372 0.52553152
1778701752.03128576 -2.75417184 1.91227379 0.64591416 0.45454460 0.49225337 -0.52478626 0.52504781
1778701752.04151750 -2.75482129 1.91025382 0.63979909 0.45485388 0.49222971 -0.52438256 0.52520547
1778701752.05195308 -2.75317877 1.90832871 0.63936868 0.45513070 0.49288936 -0.52422239 0.52450644
1778701752.06227326 -2.74708170 1.91101855 0.64338851 -0.45490025 -0.49356831 0.52518833 -0.52309971
1778701752.07275414 -2.74633697 1.90908016 0.64315756 -0.45440477 -0.49408062 0.52545308 -0.52278073
1778701752.08305573 -2.74414273 1.90762611 0.64410950 -0.45417772 -0.49481353 0.52573547 -0.52200037
1778701752.09338307 -2.74105133 1.90620902 0.64808222 -0.45368835 -0.49583279 0.52628814 -0.52090067
1778701752.10369325 -2.73945070 1.90241954 0.65326462 -0.45323487 -0.49717798 0.52646403 -0.51983444
1778701752.11399555 -2.73608893 1.90239504 0.65795916 -0.45260178 -0.49802086 0.52726184 -0.51876951
1778701752.12445331 -2.73381331 1.89948638 0.66420122 -0.45175569 -0.49938061 0.52782552 -0.51762537
1778701752.13474822 -2.72759637 1.90141647 0.67219015 -0.45057032 -0.50048171 0.52942712 -0.51595675
1778701752.14505029 -2.72923402 1.89487203 0.67678879 -0.45001174 -0.50187529 0.52909303 -0.51543301
1778701752.15539432 -2.72302936 1.89741906 0.68370378 -0.44872560 -0.50280265 0.53080861 -0.51388427
1778701752.16574168 -2.71907401 1.89907319 0.68537009 -0.44748686 -0.50328494 0.53226492 -0.51298521
1778701752.17603588 -2.70914230 1.90590239 0.69605117 -0.44597133 -0.50421305 0.53482979 -0.51072093
1778701752.18637657 -2.70699319 1.90523892 0.69969553 -0.44466668 -0.50497677 0.53588667 -0.50999557
1778701752.19674516 -2.70212800 1.90683113 0.70570023 -0.44283146 -0.50591416 0.53772312 -0.50872881
1778701752.20707417 -2.69706866 1.90671703 0.71729586 -0.44049912 -0.50754808 0.53963520 -0.50709892
1778701752.21743321 -2.69043707 1.90941884 0.72830156 -0.43864185 -0.50876402 0.54162329 -0.50536790
1778701752.22772956 -2.68791651 1.90525824 0.74013389 -0.43612739 -0.51076657 0.54303421 -0.50400819
1778701752.23806381 -2.68453056 1.90361148 0.74912804 -0.43423763 -0.51232738 0.54435155 -0.50263280
1778701752.24835229 -2.68032277 1.90233929 0.76028984 -0.43293771 -0.51410105 0.54536156 -0.50084510
1778701752.25871873 -2.67938872 1.89945969 0.76683624 -0.43180719 -0.51543423 0.54581866 -0.49995210
1778701752.26902056 -2.67858452 1.89366490 0.77824059 -0.42976614 -0.51762424 0.54650909 -0.49869232
1778701752.27932429 -2.66773046 1.89974767 0.79286532 -0.42544091 -0.51904604 0.55061041 -0.49640651
1778701752.28959537 -2.66663198 1.89530898 0.80315699 -0.42536312 -0.52111535 0.55010671 -0.49486121
1778701752.29989624 -2.65824584 1.90144970 0.81263374 -0.42425209 -0.52201102 0.55193379 -0.49283238
1778701752.31013131 -2.65131357 1.90257135 0.82683125 -0.42168279 -0.52388239 0.55403429 -0.49069019
1778701752.32048059 -2.64566220 1.90447121 0.83651535 -0.41958018 -0.52510132 0.55583950 -0.48914571
1778701752.32063103 -2.64482410 1.90391962 0.83919341 -0.41899551 -0.52555836 0.55617499 -0.48877454
1778701752.33080411 -2.63774821 1.90655361 0.85138183 -0.41689768 -0.52695971 0.55808987 -0.48687317
1778701752.34108400 -2.63158406 1.90752573 0.86290970 -0.41366181 -0.52854878 0.56043559 -0.48521340
1778701752.35140061 -2.62113298 1.91083492 0.88114228 -0.41098923 -0.53060440 0.56289939 -0.48238067
1778701752.36171103 -2.61563614 1.91236626 0.89015266 -0.40845677 -0.53173770 0.56484402 -0.48100865
1778701752.36185908 -2.61350860 1.91286825 0.89385128 -0.40768903 -0.53218743 0.56545896 -0.48043975
1778701752.37196279 -2.60840789 1.91414810 0.90194148 -0.40492918 -0.53322234 0.56749772 -0.47922085
1778701752.38228297 -2.60055656 1.91720173 0.91202572 -0.40105450 -0.53438206 0.57054155 -0.47757036
1778701752.39255500 -2.59297072 1.91947784 0.92247334 -0.39694179 -0.53561605 0.57359081 -0.47596874
1778701752.40277815 -2.58811533 1.92049438 0.92930348 -0.39391336 -0.53648453 0.57571242 -0.47494402
1778701752.41312361 -2.57884344 1.92356635 0.94148193 -0.38986446 -0.53778155 0.57886846 -0.47297783
1778701752.42337394 -2.57082851 1.92466160 0.95367947 -0.38542560 -0.53919560 0.58195387 -0.47121641
1778701752.43366528 -2.56881155 1.92109239 0.96044865 -0.38182644 -0.54034578 0.58376895 -0.47058349
1778701752.44397712 -2.57137835 1.89554436 0.99583010 -0.38345049 -0.54653787 0.57959597 -0.46725859
1778701752.45433450 -2.55694124 1.90371873 1.00949552 -0.37947778 -0.54753365 0.58348046 -0.46449334
1778701752.46460819 -2.53990439 1.91000263 1.03048074 -0.37505177 -0.54938708 0.58740812 -0.46093569
1778701752.47487259 -2.53176289 1.91207352 1.04096287 -0.37279620 -0.55053837 0.58926162 -0.45902204
1778701752.48512030 -2.52635356 1.90526627 1.05886813 -0.37074519 -0.55328636 0.58979897 -0.45668303
1778701752.49532342 -2.51492247 1.90973622 1.07080621 -0.36895751 -0.55458912 0.59177408 -0.45398755
1778701752.50564814 -2.50664345 1.90944561 1.08485277 -0.36898218 -0.55643762 0.59205596 -0.45133033
1778701752.51593304 -2.49450724 1.91197266 1.10056919 -0.36705018 -0.55827820 0.59387079 -0.44823777
1778701752.52622342 -2.48574096 1.91587381 1.10686720 -0.36437914 -0.55907624 0.59611504 -0.44643976
1778701752.53646564 -2.47715198 1.91440128 1.12306565 -0.36502237 -0.56130460 0.59584484 -0.44346897
1778701752.54673815 -2.46563454 1.91630933 1.13783230 -0.36393713 -0.56320840 0.59699951 -0.44038353
1778701752.55701351 -2.45546101 1.92142791 1.14502113 -0.36140802 -0.56407000 0.59925584 -0.43829410
1778701752.56733608 -2.44760774 1.92574077 1.15002997 -0.35997754 -0.56465574 0.60077064 -0.43664024
1778701752.57768726 -2.44097132 1.92353955 1.16151946 -0.36010959 -0.56665500 0.60054001 -0.43425211
1778701752.58797073 -2.43506402 1.92324838 1.16811356 -0.35896828 -0.56795940 0.60121773 -0.43255190
1778701752.59826994 -2.42531578 1.92777509 1.17425952 -0.35854268 -0.56886095 0.60221942 -0.43032097
1778701752.60852051 -2.42411542 1.92485278 1.17675808 -0.35772895 -0.56981638 0.60225814 -0.42967944
1778701752.61886549 -2.41943367 1.93059233 1.17062303 -0.35595496 -0.56934128 0.60407920 -0.42922594
1778701752.62917233 -2.40764943 1.93072520 1.18670491 -0.35570122 -0.57153986 0.60443224 -0.42600528
1778701752.63947678 -2.40732300 1.92575738 1.19021991 -0.35540712 -0.57275195 0.60392907 -0.42533594
1778701752.63968110 -2.40698417 1.92673130 1.18777055 -0.35498909 -0.57257908 0.60428345 -0.42541445
1778701752.64980841 -2.39890315 1.92974355 1.19329858 -0.35482055 -0.57334385 0.60493673 -0.42359269
1778701752.66015458 -2.39525869 1.93086915 1.19167673 -0.35318854 -0.57364674 0.60600578 -0.42301804
1778701752.67045116 -2.38867038 1.93275378 1.19412342 -0.35207831 -0.57427920 0.60696242 -0.42171185
1778701752.68071365 -2.38590545 1.93392891 1.19198783 -0.35073996 -0.57435021 0.60789171 -0.42139173
1778701752.69095087 -2.37943282 1.93670872 1.19214247 -0.34942214 -0.57463897 0.60912197 -0.42031494
1778701752.70124555 -2.37353784 1.94008778 1.18989551 -0.34774705 -0.57460782 0.61063839 -0.41954569
1778701752.71154118 -2.36927966 1.94033749 1.19119665 -0.34665575 -0.57506975 0.61136768 -0.41875307
1778701752.72177505 -2.36688803 1.93681758 1.19223098 -0.34455373 -0.57588947 0.61210092 -0.41828998
1778701752.73207092 -2.36538474 1.93277945 1.19155009 -0.34220606 -0.57657508 0.61289108 -0.41811567
1778701752.74244189 -2.35536393 1.93690504 1.19442823 -0.34025711 -0.57697198 0.61468674 -0.41651968
1778701752.75273871 -2.35624283 1.93794259 1.18389268 -0.33955699 -0.57623389 0.61529645 -0.41721198
1778701752.76307917 -2.34867207 1.93527893 1.19220898 -0.33749887 -0.57768924 0.61618263 -0.41555820
1778701752.77338362 -2.34221659 1.93726521 1.19100105 -0.33580929 -0.57785262 0.61754780 -0.41467238
1778701752.78366947 -2.34527993 1.93227208 1.18499572 -0.33501340 -0.57804112 0.61735043 -0.41534676
1778701752.79401326 -2.34508571 1.92913809 1.17934267 -0.33348560 -0.57816811 0.61786662 -0.41563184
1778701752.80430746 -2.33119503 1.93108114 1.19092505 -0.33253436 -0.57962481 0.61890929 -0.41280416
1778701752.81462264 -2.32775271 1.93442995 1.18362493 -0.33073743 -0.57892996 0.62046067 -0.41289394
1778701752.81477523 -2.32809343 1.93498095 1.17914375 -0.33053585 -0.57856295 0.62070139 -0.41320789
1778701752.82494402 -2.32791134 1.92692376 1.18330036 -0.33012754 -0.57999488 0.61989056 -0.41274381
1778701752.83531857 -2.32318371 1.92630382 1.18154035 -0.32942181 -0.58034935 0.62038063 -0.41207255
1778701752.84563470 -2.30969875 1.92626104 1.19350804 -0.33211799 -0.58227839 0.61946213 -0.40855378
1778701752.85597110 -2.30970430 1.92075028 1.19292200 -0.33298717 -0.58316499 0.61835943 -0.40825208
1778701752.86631179 -2.30600100 1.91724266 1.19257888 -0.33259422 -0.58390981 0.61829010 -0.40761228
1778701752.87658525 -2.31874350 1.90660072 1.17286831 -0.33112584 -0.58329597 0.61760634 -0.41071144
1778701752.88691139 -2.30974024 1.90476585 1.17913795 -0.33045958 -0.58457390 0.61793706 -0.40892983
1778701752.89719057 -2.30657037 1.90150781 1.18069060 -0.33162943 -0.58547777 0.61701177 -0.40808598
1778701752.90744257 -2.30822640 1.89726895 1.17069175 -0.33079365 -0.58532880 0.61703166 -0.40894706
1778701752.91773391 -2.29938266 1.89586662 1.17617833 -0.33079731 -0.58653210 0.61704371 -0.40719810
1778701752.92806292 -2.29336811 1.89922394 1.17253588 -0.33069133 -0.58627298 0.61776942 -0.40655649
1778701752.93830800 -2.29063817 1.90002651 1.16309341 -0.33004148 -0.58575762 0.61842154 -0.40683588
1778701752.94854593 -2.28415418 1.89924700 1.16324610 -0.32776203 -0.58618663 0.61966388 -0.40616987
1778701752.95888901 -2.28351415 1.90013779 1.15336559 -0.32850446 -0.58558745 0.61954178 -0.40662038
1778701752.95906448 -2.28463595 1.89653161 1.15384286 -0.32826999 -0.58604988 0.61913763 -0.40675907
1778701752.96919465 -2.29423900 1.88325591 1.14763648 -0.32891340 -0.58694747 0.61684888 -0.40841903
1778701752.97947359 -2.30460326 1.87586745 1.12717761 -0.32795244 -0.58594320 0.61632826 -0.41140886
1778701752.98976755 -2.28718173 1.89351734 1.11984322 -0.32459320 -0.58399384 0.62090233 -0.40996433
1778701753.00007105 -2.27854695 1.89804776 1.12036993 -0.32298381 -0.58392258 0.62247938 -0.40894414
1778701753.01047230 -2.27415160 1.89814799 1.11666357 -0.32114717 -0.58393211 0.62347222 -0.40886450
1778701753.02084184 -2.28015553 1.89077230 1.10546752 -0.32025424 -0.58386680 0.62282156 -0.41064594
1778701753.03120875 -2.26962409 1.89789916 1.10508681 -0.31736943 -0.58342848 0.62541965 -0.40955844
1778701753.03142810 -2.26922804 1.89821541 1.10249286 -0.31723789 -0.58325945 0.62554469 -0.40971011
1778701753.04154229 -2.26955271 1.89628736 1.09648134 -0.31553499 -0.58310592 0.62607660 -0.41043056
1778701753.05190206 -2.27973736 1.89024266 1.07541849 -0.30901097 -0.58137454 0.62836450 -0.41433551
1778701753.06220531 -2.27249334 1.89188901 1.07549844 -0.30701644 -0.58172841 0.62956853 -0.41349297
1778701753.07252884 -2.27473459 1.89019262 1.06563672 -0.30539954 -0.58118276 0.63008890 -0.41466335
1778701753.08278871 -2.26923509 1.88831565 1.06850501 -0.30378259 -0.58214309 0.63052923 -0.41383384
1778701753.09314036 -2.26481200 1.88971658 1.06414388 -0.30265238 -0.58213173 0.63125584 -0.41357014
1778701753.10338736 -2.26000948 1.88839660 1.06541832 -0.30076974 -0.58283357 0.63191888 -0.41294203
1778701753.11365461 -2.25236137 1.89427812 1.06265300 -0.29945304 -0.58241980 0.63348118 -0.41208816
1778701753.12393475 -2.24804545 1.89241622 1.06363898 -0.29824918 -0.58316686 0.63376842 -0.41146255
1778701753.13421988 -2.24114483 1.89303579 1.06523942 -0.29612254 -0.58367127 0.63492647 -0.41049685
1778701753.14454675 -2.23390000 1.89939340 1.06086455 -0.29488975 -0.58298149 0.63659355 -0.40978198
1778701753.15483356 -2.23389436 1.89001597 1.06611785 -0.29418459 -0.58474583 0.63551831 -0.40944379
1778701753.16505885 -2.21802779 1.88964821 1.08709729 -0.28807570 -0.58682368 0.63847821 -0.40619691
1778701753.17534065 -2.21108512 1.89228855 1.08775175 -0.28581907 -0.58681458 0.64009724 -0.40525501
1778701753.18567324 -2.20603321 1.89260614 1.08671426 -0.28356590 -0.58689730 0.64137483 -0.40469774
1778701753.19594955 -2.19943627 1.89149676 1.09114402 -0.28122843 -0.58767475 0.64242075 -0.40354001
1778701753.20623326 -2.20678900 1.88148706 1.08574119 -0.27944143 -0.58802089 0.64191916 -0.40507248
1778701753.20641804 -2.20639699 1.88082503 1.08512959 -0.27893985 -0.58806673 0.64209478 -0.40507330
1778701753.21653700 -2.18239493 1.89673970 1.09661735 -0.27685910 -0.58820342 0.64555611 -0.40077810
1778701753.22678638 -2.18598855 1.89074449 1.08938514 -0.27496348 -0.58815862 0.64576323 -0.40181384
1778701753.23700976 -2.16675890 1.89724982 1.10493468 -0.27269521 -0.58959126 0.64783867 -0.39790014
1778701753.24734759 -2.15987218 1.90249363 1.10176808 -0.27171873 -0.58912976 0.64924496 -0.39695847
1778701753.25758886 -2.14962012 1.90379198 1.10910154 -0.26993292 -0.59017399 0.65031803 -0.39486370
1778701753.26784253 -2.15029489 1.89449938 1.11369373 -0.26896533 -0.59185807 0.64938585 -0.39453732
1778701753.27817106 -2.13387673 1.90485602 1.11973689 -0.26758286 -0.59200704 0.65162374 -0.39155277
1778701753.28846407 -2.12526935 1.90418414 1.12768544 -0.26716555 -0.59349217 0.65167916 -0.38949183
1778701753.29877400 -2.12853498 1.89480602 1.12869244 -0.26711212 -0.59494413 0.65030208 -0.38961495
1778701753.30912566 -2.10053241 1.91049117 1.14446104 -0.26621366 -0.59597026 0.65303452 -0.38405161
1778701753.31936336 -2.11003502 1.89761715 1.14285967 -0.26668138 -0.59733911 0.65084872 -0.38530893
1778701753.32966805 -2.08311733 1.91614937 1.15197191 -0.26733247 -0.59759417 0.65335968 -0.38017850
1778701753.33991671 -2.06796442 1.93039274 1.14824448 -0.27047421 -0.59707324 0.65412986 -0.37744056
1778701753.35017753 -2.05953245 1.93231562 1.15378728 -0.27048468 -0.59799472 0.65439358 -0.37551218
1778701753.36049271 -2.04949308 1.93595020 1.15794221 -0.27050151 -0.59877243 0.65493238 -0.37331500
1778701753.37074327 -2.03945127 1.93882767 1.16303620 -0.27024310 -0.59965980 0.65549448 -0.37108460
1778701753.38100934 -2.03178428 1.94214802 1.16528018 -0.27008043 -0.60004859 0.65610597 -0.36949047
1778701753.39131618 -2.03068054 1.93949799 1.16469446 -0.27021775 -0.60077326 0.65567346 -0.36897992
1778701753.40153694 -2.01565265 1.94870114 1.16816474 -0.26898675 -0.60082042 0.65770265 -0.36618051
1778701753.41186714 -2.00774230 1.95396284 1.16594079 -0.26796110 -0.60057959 0.65908578 -0.36483823
1778701753.42212725 -2.00815601 1.95823737 1.15382294 -0.26734101 -0.59926828 0.66018775 -0.36545650
1778701753.43236995 -2.00028208 1.96118011 1.15489288 -0.26620068 -0.59954964 0.66124542 -0.36391197
1778701753.44261956 -1.98962683 1.96097447 1.16494367 -0.26598737 -0.60112205 0.66133140 -0.36130843
1778701753.45288610 -1.98097149 1.96718833 1.16309053 -0.26421545 -0.60064440 0.66322831 -0.35992320
1778701753.46319103 -1.97720727 1.96811109 1.16030047 -0.26322645 -0.60068786 0.66395378 -0.35923712
1778701753.47349477 -1.97360360 1.97235624 1.15162658 -0.26137442 -0.59976649 0.66565923 -0.35897264
1778701753.48382425 -1.96405727 1.97694263 1.15350335 -0.26052898 -0.59991191 0.66684412 -0.35714041
1778701753.49409890 -1.95821482 1.97874877 1.15175559 -0.25920648 -0.59999487 0.66787049 -0.35604376
1778701753.50432348 -1.94881309 1.97564948 1.16303682 -0.25837537 -0.60193624 0.66777338 -0.35354439
1778701753.51463723 -1.94454987 1.97593894 1.16108303 -0.25726590 -0.60216198 0.66846092 -0.35266869
1778701753.52493906 -1.93779848 1.97770526 1.16232593 -0.25629556 -0.60250497 0.66926099 -0.35126922
1778701753.53527665 -1.93022197 1.97743918 1.16573076 -0.25529174 -0.60338963 0.66977131 -0.34950461
1778701753.54556108 -1.91831188 1.98160160 1.16826132 -0.25403911 -0.60380748 0.67112424 -0.34709209
1778701753.55587006 -1.90643365 1.97921722 1.18315910 -0.25387995 -0.60604349 0.67077222 -0.34397804
1778701753.56621289 -1.89963879 1.97376590 1.19272256 -0.25271058 -0.60802259 0.67047461 -0.34192059
1778701753.57645965 -1.88603638 1.97564400 1.20121228 -0.25112340 -0.60923022 0.67153217 -0.33885118
1778701753.58672309 -1.87229135 1.98051617 1.20680644 -0.24960250 -0.60973265 0.67306082 -0.33602651
1778701753.58708119 -1.87011851 1.98018042 1.20830254 -0.24930902 -0.61003774 0.67316272 -0.33548608
1778701753.59716034 -1.87219451 1.97445618 1.20752531 -0.24845481 -0.61078446 0.67278140 -0.33552607
1778701753.60750794 -1.86243214 1.97268091 1.21552229 -0.24656053 -0.61219428 0.67341565 -0.33307270
1778701753.61789656 -1.84978601 1.97421631 1.22226643 -0.24461619 -0.61320001 0.67462557 -0.33019542
1778701753.62816310 -1.83339786 1.97618940 1.23583662 -0.24231822 -0.61470347 0.67590768 -0.32645113
1778701753.63849831 -1.81571558 1.96743735 1.26501290 -0.23748554 -0.61861654 0.67640731 -0.32153904
1778701753.64877367 -1.82257950 1.94806148 1.27511026 -0.23348576 -0.62145379 0.67512830 -0.32168520
1778701753.65909004 -1.81238875 1.95007568 1.27959331 -0.23192628 -0.62207849 0.67617199 -0.31940568
1778701753.65926051 -1.80936865 1.94928722 1.28273523 -0.23161067 -0.62259490 0.67618964 -0.31859011
1778701753.66939950 -1.79384441 1.95803132 1.28387082 -0.23131707 -0.62244494 0.67784413 -0.31556624
1778701753.67966819 -1.77869751 1.95610444 1.29852371 -0.23251588 -0.62480853 0.67709814 -0.31159073
1778701753.68996406 -1.76985321 1.95069134 1.30929822 -0.22927771 -0.62670996 0.67760377 -0.30906228
1778701753.70027447 -1.75515233 1.95838091 1.31111222 -0.22705068 -0.62653711 0.67981640 -0.30618441
1778701753.71059418 -1.73483006 1.96498883 1.31878074 -0.22311577 -0.62703831 0.68255815 -0.30192165
1778701753.72086143 -1.72809928 1.97356435 1.30834162 -0.21863298 -0.62540706 0.68594683 -0.30090294
1778701753.73114228 -1.70555223 1.98527271 1.31339732 -0.21691104 -0.62528974 0.68852699 -0.29646741
1778701753.73133826 -1.69936267 1.98542144 1.31892817 -0.21689120 -0.62601596 0.68850744 -0.29499107
1778701753.74142289 -1.68595605 1.98882336 1.32468974 -0.21263187 -0.62643631 0.69067679 -0.29211437
1778701753.75167274 -1.67385637 1.99843065 1.31860663 -0.21225835 -0.62568072 0.69246563 -0.28976091
1778701753.76200366 -1.65558759 2.00333057 1.32654246 -0.20844896 -0.62643610 0.69460973 -0.28573444
1778701753.77235270 -1.64547824 2.00126409 1.33648951 -0.20448072 -0.62779615 0.69562296 -0.28314012
1778701753.78270030 -1.62807043 2.00788544 1.34057761 -0.20133470 -0.62811721 0.69776459 -0.27938804
1778701753.79299951 -1.61060209 2.01192534 1.34858355 -0.19731480 -0.62899610 0.69968816 -0.27544010
1778701753.80335188 -1.59798403 2.01457156 1.35463296 -0.19435857 -0.62971448 0.70100556 -0.27253555
1778701753.81369400 -1.57973099 2.01863340 1.36331631 -0.19023702 -0.63070011 0.70284587 -0.26839323
1778701753.82409382 -1.56255636 2.02206945 1.37142677 -0.18650848 -0.63172953 0.70442383 -0.26442286
1778701753.83438039 -1.54166587 2.02662388 1.38155500 -0.18310630 -0.63295161 0.70598625 -0.25966854
1778701753.84467244 -1.53613294 2.02634043 1.38414188 -0.17918550 -0.63345632 0.70709219 -0.25815940
1778701753.85496664 -1.50771763 2.03125087 1.40094811 -0.17821265 -0.63564025 0.70770137 -0.25171512
1778701753.86526775 -1.49195112 2.02970253 1.41277760 -0.17325988 -0.63733000 0.70874693 -0.24792997
1778701753.87557173 -1.48612561 2.02532968 1.42140440 -0.16878707 -0.63881651 0.70912934 -0.24608935
1778701753.87579966 -1.46937202 2.02427277 1.43798794 -0.16738061 -0.64075370 0.70899413 -0.24237524
1778701753.88598347 -1.45236414 2.03898691 1.42969452 -0.16962959 -0.63946328 0.71070917 -0.23917566
1778701753.89627862 -1.44804716 2.05556556 1.40676291 -0.16691632 -0.63612040 0.71451210 -0.23866765
1778701753.90663004 -1.45022148 2.04623007 1.41306439 -0.16575276 -0.63818707 0.71310850 -0.23815865
1778701753.91699767 -1.44899371 2.03410071 1.42657033 -0.15886212 -0.64052388 0.71298316 -0.23695360
1778701753.92729640 -1.42972754 2.03737637 1.43441455 -0.15069193 -0.64102172 0.71572747 -0.23263124
1778701753.93758512 -1.41308165 2.03541616 1.44657338 -0.14684418 -0.64273669 0.71627790 -0.22863138
1778701753.94793439 -1.38660348 2.04511716 1.45162029 -0.14264438 -0.64270031 0.71886832 -0.22319773
1778701753.95827889 -1.38365189 2.04310118 1.45224578 -0.13896561 -0.64294415 0.71969460 -0.22215099
1778701753.96861863 -1.35982411 2.04489038 1.46520389 -0.13298409 -0.64409032 0.72141739 -0.21684059
1778701753.97893810 -1.34866364 2.05111271 1.46108612 -0.13179578 -0.64361852 0.72278838 -0.21438759
1778701753.98923492 -1.33892635 2.06018289 1.45193355 -0.13032626 -0.64217232 0.72490332 -0.21247341
1778701753.99954271 -1.32242738 2.06309738 1.45632329 -0.12656284 -0.64258660 0.72629043 -0.20872593
1778701754.00983572 -1.30971834 2.06353624 1.46022632 -0.12170672 -0.64299663 0.72763632 -0.20564093
1778701754.02012920 -1.29733448 2.05824477 1.47335986 -0.11592073 -0.64459800 0.72805111 -0.20247808
1778701754.02027130 -1.29162065 2.05934832 1.47499504 -0.11479570 -0.64471683 0.72846847 -0.20123580
1778701754.03043151 -1.28002272 2.06213179 1.47631903 -0.11283432 -0.64489822 0.72932862 -0.19863150
1778701754.04072714 -1.26245704 2.06312466 1.48311874 -0.10985008 -0.64587670 0.73000097 -0.19461457
1778701754.05102205 -1.24746786 2.06464132 1.48719211 -0.10723980 -0.64657412 0.73068474 -0.19115791
1778701754.06140542 -1.23716247 2.06635522 1.48862215 -0.10657533 -0.64705204 0.73097276 -0.18879667
1778701754.07176948 -1.22514690 2.06229140 1.49742498 -0.10355948 -0.64865277 0.73077862 -0.18570848
1778701754.08205986 -1.20214949 2.07420834 1.49344211 -0.10490108 -0.64819168 0.73213974 -0.18114831
1778701754.09240746 -1.19338455 2.07119849 1.49864029 -0.10375795 -0.64955943 0.73166947 -0.17879211
1778701754.10275817 -1.18273887 2.07397751 1.49826511 -0.10154528 -0.64951858 0.73260060 -0.17638177
1778701754.11310816 -1.17204346 2.07480134 1.49925990 -0.10099689 -0.65020659 0.73267799 -0.17382169
1778701754.12337685 -1.15699583 2.07285367 1.50749384 -0.09883871 -0.65176963 0.73240985 -0.17030288
1778701754.13366151 -1.14667217 2.07137538 1.51275984 -0.09711560 -0.65283010 0.73225479 -0.16788193
1778701754.14394188 -1.11605072 2.07565187 1.52352115 -0.09502226 -0.65420027 0.73272396 -0.16158085
1778701754.15433908 -1.10938802 2.06815134 1.53182023 -0.09317078 -0.65622112 0.73158555 -0.15961088
1778701754.16467690 -1.10407706 2.06717173 1.53214020 -0.09171126 -0.65669405 0.73164679 -0.15822437
1778701754.16487145 -1.10272093 2.06311904 1.53684450 -0.09114056 -0.65763821 0.73097355 -0.15774362
1778701754.17503667 -1.08978301 2.06253477 1.54182961 -0.08970150 -0.65858673 0.73090168 -0.15491899
1778701754.18537283 -1.06395718 2.06511472 1.54966522 -0.08682557 -0.65962904 0.73141965 -0.14958661
1778701754.19566441 -1.05810850 2.05925047 1.55489644 -0.08512551 -0.66114450 0.73059357 -0.14790077
1778701754.20591426 -1.05483628 2.05816607 1.55369344 -0.08360628 -0.66141787 0.73070553 -0.14698915
1778701754.21630883 -1.04357807 2.05552345 1.55836275 -0.08120230 -0.66250180 0.73051366 -0.14438607
1778701754.22662497 -1.02520417 2.06350666 1.55358382 -0.07966589 -0.66178651 0.73204347 -0.14072779
1778701754.23694491 -1.02324607 2.06071490 1.55270592 -0.07702866 -0.66218174 0.73212084 -0.13993216
1778701754.24726725 -1.00880658 2.06463245 1.55175620 -0.07516928 -0.66198772 0.73304195 -0.13700848
1778701754.25752616 -0.99772496 2.07022989 1.54546869 -0.07377286 -0.66127821 0.73425320 -0.13468832
1778701754.26783872 -0.97616942 2.07508032 1.54662657 -0.07086903 -0.66128631 0.73530847 -0.13038196
1778701754.27817416 -0.96588482 2.07814528 1.54389483 -0.06928472 -0.66100049 0.73608975 -0.12825703
1778701754.28851390 -0.95735434 2.08257997 1.53645970 -0.06861374 -0.66033205 0.73706575 -0.12644291
1778701754.29881883 -0.94916391 2.08493257 1.53161077 -0.06690692 -0.65997208 0.73784392 -0.12468630
1778701754.30917430 -0.95547048 2.08184894 1.52438015 -0.06527563 -0.65980587 0.73798701 -0.12558056
1778701754.31949449 -0.95118745 2.08415596 1.51854406 -0.06416222 -0.65926722 0.73872279 -0.12465388
1778701754.32981348 -0.92394099 2.08834533 1.52222897 -0.06201028 -0.65974933 0.73936253 -0.11928368
1778701754.34010792 -0.93355202 2.08592656 1.51163338 -0.06100738 -0.65921333 0.73965771 -0.12092295
1778701754.35040450 -0.92338201 2.08700779 1.51016563 -0.05999074 -0.65931191 0.73998626 -0.11886654
1778701754.36071110 -0.91752908 2.08702007 1.50576678 -0.05804714 -0.65920995 0.74044203 -0.11755160
1778701754.37103033 -0.89101741 2.09459860 1.50285161 -0.05695278 -0.65875415 0.74172002 -0.11247560
1778701754.38144898 -0.89120198 2.09148752 1.49890972 -0.05543789 -0.65897862 0.74165746 -0.11232995
1778701754.39185524 -0.89353696 2.08590400 1.49775197 -0.05564250 -0.65977334 0.74088976 -0.11262961
1778701754.40221238 -0.87697710 2.08770913 1.49680463 -0.05360573 -0.65992092 0.74139516 -0.10938015
1778701754.41246605 -0.87762791 2.08098808 1.49577165 -0.05404971 -0.66099477 0.74039991 -0.10941900
1778701754.42282438 -0.87428454 2.07897658 1.49354959 -0.05269662 -0.66121880 0.74040276 -0.10870380
1778701754.42300773 -0.88061095 2.07690837 1.49100126 -0.05254346 -0.66122212 0.74023508 -0.10989317
1778701754.43311048 -0.86174796 2.07655137 1.49494303 -0.05187805 -0.66209121 0.74003902 -0.10623629
1778701754.44341302 -0.86656020 2.06932989 1.49270690 -0.05168563 -0.66300133 0.73911598 -0.10707661
1778701754.45370960 -0.86747679 2.06352530 1.49096604 -0.05068002 -0.66374031 0.73849910 -0.10723534
1778701754.46400905 -0.85186860 2.06347297 1.49251931 -0.05106111 -0.66442841 0.73827548 -0.10429273
1778701754.47435021 -0.85491950 2.05787600 1.48910479 -0.05023420 -0.66498473 0.73774751 -0.10488301
1778701754.48464918 -0.85183420 2.05352147 1.48757514 -0.04998212 -0.66571300 0.73718325 -0.10434963
1778701754.49493289 -0.84640281 2.05258409 1.48580648 -0.04977303 -0.66599454 0.73707703 -0.10339903
1778701754.50528526 -0.82902279 2.05071573 1.48871181 -0.04937627 -0.66699056 0.73664733 -0.10018126
1778701754.51559353 -0.83093666 2.05556777 1.47295094 -0.05132501 -0.66554396 0.73771485 -0.10096427
1778701754.52587342 -0.83065323 2.05666084 1.46344934 -0.05010029 -0.66477334 0.73847763 -0.10108001
1778701754.53626490 -0.83151499 2.05573758 1.45771019 -0.04969434 -0.66455307 0.73866479 -0.10136084
1778701754.54664540 -0.83994722 2.05461416 1.44622596 -0.04828702 -0.66370629 0.73926908 -0.10316755
1778701754.55694246 -0.83986978 2.05661248 1.43562844 -0.04657176 -0.66271628 0.74024563 -0.10331799
1778701754.56726861 -0.83654670 2.05685556 1.43115986 -0.04559670 -0.66254198 0.74053803 -0.10277397
1778701754.57751608 -0.83783358 2.05804577 1.42105283 -0.04408217 -0.66176080 0.74127054 -0.10318618
1778701754.58777666 -0.82372657 2.06225274 1.41594234 -0.04235645 -0.66136436 0.74207899 -0.10060761
1778701754.59807134 -0.82277012 2.06060539 1.41104360 -0.03812327 -0.66120621 0.74249654 -0.10025891
1778701754.60837126 -0.82231697 2.05625136 1.41220307 -0.03724046 -0.66218720 0.74167495 -0.10019744
1778701754.61870933 -0.81512112 2.05287040 1.41317512 -0.03605044 -0.66325968 0.74096086 -0.09881275
1778701754.62902427 -0.82360458 2.04621265 1.41067632 -0.03787442 -0.66451949 0.73948159 -0.10072913
1778701754.63937902 -0.80583994 2.04607432 1.41539453 -0.03810418 -0.66572362 0.73883799 -0.09735787
1778701754.63955641 -0.80425553 2.04326608 1.41848864 -0.03764143 -0.66646195 0.73824371 -0.09699391
1778701754.64973736 -0.80145538 2.04065363 1.41846470 -0.03695792 -0.66720296 0.73768149 -0.09643829
1778701754.66002178 -0.79994491 2.04699323 1.40393392 -0.03668545 -0.66575304 0.73901624 -0.09634348
1778701754.67034101 -0.79622780 2.04636769 1.39997433 -0.03618646 -0.66603948 0.73886744 -0.09569147
1778701754.68065453 -0.78816914 2.04886676 1.39553547 -0.03489340 -0.66572823 0.73942050 -0.09405158
1778701754.69094086 -0.78699331 2.04815041 1.39093576 -0.03261586 -0.66565446 0.73963097 -0.09373565
1778701754.70125628 -0.77950796 2.05352547 1.37976542 -0.03344368 -0.66465481 0.74065178 -0.09246855
1778701754.71155977 -0.78423365 2.05200948 1.37370315 -0.03341398 -0.66449184 0.74067292 -0.09347575
1778701754.72190523 -0.76441087 2.06130200 1.36429436 -0.03422138 -0.66331132 0.74214489 -0.08982183
1778701754.73220325 -0.76505789 2.06477492 1.35129506 -0.03161506 -0.66176937 0.74363323 -0.08984098
1778701754.74251819 -0.75730460 2.06808197 1.34330019 -0.03162046 -0.66113973 0.74436438 -0.08840857
1778701754.75278759 -0.75236837 2.06751963 1.34050996 -0.03144947 -0.66128056 0.74435496 -0.08749084
1778701754.76310015 -0.74827571 2.07178626 1.32924936 -0.03053690 -0.66008031 0.74554997 -0.08669901
1778701754.77338004 -0.75273052 2.07224078 1.31755005 -0.03157754 -0.65936368 0.74601569 -0.08776664
1778701754.78373218 -0.74520273 2.07347629 1.31383584 -0.03170640 -0.65929031 0.74624212 -0.08633473
1778701754.79408479 -0.72982084 2.07582858 1.31091658 -0.03112940 -0.65932150 0.74658656 -0.08327439
1778701754.80434346 -0.73122211 2.07447181 1.30402020 -0.03177343 -0.65931543 0.74652042 -0.08367126
1778701754.81460190 -0.72016335 2.07810194 1.29869057 -0.03225990 -0.65893881 0.74705916 -0.08161832
1778701754.81476426 -0.71946824 2.07727622 1.29818303 -0.03251527 -0.65914667 0.74687528 -0.08152148
1778701754.82486320 -0.71594122 2.07721699 1.29431993 -0.03194300 -0.65913434 0.74699089 -0.08078472
1778701754.83510041 -0.71038113 2.07605418 1.29139303 -0.03191974 -0.65958211 0.74671201 -0.07971036
1778701754.84534001 -0.70121740 2.07152043 1.29506978 -0.03188005 -0.66113260 0.74553880 -0.07784112
1778701754.85556602 -0.71184099 2.06810674 1.28914690 -0.03122210 -0.66118291 0.74530349 -0.07990651
1778701754.86584759 -0.70557789 2.06727566 1.28607806 -0.03263930 -0.66180748 0.74480020 -0.07885550
1778701754.87615609 -0.68900244 2.06359159 1.29277201 -0.03113152 -0.66356030 0.74367044 -0.07531822
1778701754.88647723 -0.69583801 2.05963675 1.28941505 -0.03253111 -0.66424856 0.74283860 -0.07685303
1778701754.89673018 -0.68744072 2.05559497 1.29253504 -0.03171636 -0.66569048 0.74176771 -0.07503953
1778701754.90699291 -0.69123284 2.04795768 1.29522797 -0.03083625 -0.66736258 0.74024124 -0.07562553
1778701754.91723275 -0.68396182 2.04554869 1.29702046 -0.03084382 -0.66838916 0.73946378 -0.07414787
1778701754.92748070 -0.66411636 2.04030350 1.30703547 -0.03231118 -0.67097767 0.73743858 -0.07020898
1778701754.93773580 -0.66766251 2.03801863 1.30219646 -0.03035278 -0.67116427 0.73730728 -0.07067674
1778701754.94798803 -0.66126799 2.03400647 1.30452865 -0.02971778 -0.67247786 0.73627160 -0.06924245
1778701754.95827961 -0.65860059 2.03289004 1.30227947 -0.02986518 -0.67285759 0.73596745 -0.06872159
1778701754.96854830 -0.64821257 2.03311115 1.30056239 -0.02757758 -0.67308744 0.73606771 -0.06631073
1778701754.97878742 -0.64888809 2.03185039 1.29538850 -0.02633157 -0.67309985 0.73610782 -0.06624589
1778701754.98904037 -0.64037797 2.03284547 1.29292711 -0.02552785 -0.67310913 0.73629288 -0.06438345
1778701754.99930906 -0.63155073 2.03462240 1.28800349 -0.02356159 -0.67279236 0.73682610 -0.06231053
1778701755.00957966 -0.62065902 2.03548876 1.28538788 -0.02115922 -0.67276104 0.73714273 -0.05971146
1778701755.01988006 -0.61695983 2.03755177 1.27855709 -0.02150698 -0.67225471 0.73765686 -0.05893569
1778701755.03014255 -0.60221305 2.04120587 1.27317426 -0.01911524 -0.67164257 0.73854313 -0.05554190
1778701755.04038620 -0.58667243 2.04492174 1.26752790 -0.01849571 -0.67116928 0.73923507 -0.05216534
1778701755.05061078 -0.58202880 2.04746797 1.26031480 -0.01730215 -0.67039728 0.74004709 -0.05097479
1778701755.05077243 -0.58997289 2.04415644 1.26019263 -0.01636473 -0.67072679 0.73966948 -0.05241016
1778701755.06089091 -0.57579574 2.04311027 1.26258654 -0.01422552 -0.67133296 0.73939174 -0.04908706
1778701755.07117438 -0.55433916 2.04216280 1.26598916 -0.01305985 -0.67232849 0.73880803 -0.04434561
1778701755.08139801 -0.54370437 2.04198984 1.26312771 -0.01195028 -0.67249308 0.73882280 -0.04184645
1778701755.09165740 -0.55266741 2.04768104 1.24546875 -0.00993663 -0.67011219 0.74092829 -0.04331494
1778701755.10198808 -0.54638102 2.04869385 1.23896199 -0.00648359 -0.66944490 0.74168324 -0.04132146
1778701755.11228943 -0.53784191 2.04265375 1.24568524 -0.00575545 -0.67116197 0.74024421 -0.03933185
1778701755.12255669 -0.53944327 2.04447724 1.23456778 -0.00430373 -0.67010378 0.74121892 -0.03920349
1778701755.13284421 -0.52171402 2.04718298 1.22999613 -0.00239747 -0.66970868 0.74179106 -0.03507933
1778701755.14312458 -0.51854457 2.04573444 1.22568292 -0.00009828 -0.66966090 0.74189643 -0.03382254
1778701755.15334344 -0.50480478 2.04461047 1.22681677 0.00175356 -0.67013900 0.74160566 -0.03052369
1778701755.16363335 -0.51086985 2.04353502 1.21822357 0.00351836 -0.66956035 0.74209512 -0.03116720
1778701755.17390537 -0.49290386 2.04283177 1.21834473 0.00698542 -0.66983160 0.74200110 -0.02666837
1778701755.18419385 -0.48908760 2.04425585 1.21174449 0.00833788 -0.66916571 0.74263099 -0.02543515
1778701755.19449735 -0.48017383 2.04600309 1.20417452 0.00992231 -0.66847299 0.74331421 -0.02300868
1778701755.20474505 -0.48530583 2.04074600 1.20267368 0.01304214 -0.66893619 0.74284334 -0.02319586
1778701755.21499324 -0.46917838 2.04263767 1.19788815 0.01518941 -0.66851893 0.74329240 -0.01918671
1778701755.22531414 -0.46645861 2.04143743 1.19499558 0.01749498 -0.66841720 0.74336454 -0.01793121
1778701755.23559952 -0.44727264 2.04409318 1.18994360 0.01917495 -0.66792177 0.74386577 -0.01328700
1778701755.24586797 -0.44658715 2.04334859 1.18363333 0.02174671 -0.66745097 0.74423517 -0.01225981
1778701755.25620246 -0.43766971 2.04357142 1.17866972 0.02329294 -0.66718759 0.74446250 -0.00968243
1778701755.26644778 -0.41678661 2.04595344 1.17627735 0.02561571 -0.66683315 0.74475251 -0.00459222
1778701755.27674150 -0.40856805 2.04682276 1.17038848 0.02808845 -0.66632043 0.74513372 -0.00196570
1778701755.28700566 -0.40640369 2.04869890 1.16262759 0.02968894 -0.66542491 0.74587369 -0.00084150
1778701755.28719831 -0.40441503 2.04939645 1.16050694 0.03045049 -0.66515479 0.74608434 -0.00017180
1778701755.29734325 -0.39807247 2.05112546 1.15465372 0.03320001 -0.66438299 0.74665176 0.00203740
1778701755.30762029 -0.38152129 2.05384866 1.14819780 0.03542471 -0.66367661 0.74715292 0.00639907
1778701755.31790495 -0.38745139 2.05309822 1.14250025 0.03855740 -0.66305102 0.74755524 0.00615030
1778701755.32818198 -0.35395380 2.05154396 1.14821524 0.04261324 -0.66408457 0.74630474 0.01431901
1778701755.33844090 -0.34949905 2.06001779 1.12841995 0.04549257 -0.66107043 0.74876149 0.01650883
1778701755.34871864 -0.34751277 2.06189768 1.11953685 0.04915221 -0.65993616 0.74949234 0.01815397
1778701755.35905600 -0.32974401 2.06099735 1.12069059 0.05191713 -0.66032126 0.74883864 0.02282831
1778701755.35923338 -0.34586272 2.06201362 1.11283227 0.05241841 -0.65926458 0.74982136 0.01975998
1778701755.36929536 -0.32994705 2.06635173 1.10520559 0.05498953 -0.65809652 0.75053774 0.02404642
1778701755.37956858 -0.32023237 2.06876813 1.09711495 0.05845346 -0.65705705 0.75107148 0.02740189
1778701755.38990903 -0.29972618 2.06848808 1.09562578 0.06366331 -0.65683112 0.75060131 0.03342956
1778701755.40020561 -0.30727283 2.07515277 1.07732158 0.06605547 -0.65399864 0.75288435 0.03297890
1778701755.41056490 -0.29709800 2.07698270 1.07029472 0.06804290 -0.65341269 0.75306931 0.03617508
1778701755.42090464 -0.27938239 2.07420179 1.07298259 0.07047386 -0.65445752 0.75169761 0.04085940
1778701755.43126869 -0.28805551 2.07810616 1.05768646 0.07335071 -0.65238794 0.75324338 0.04042350
1778701755.44155955 -0.26774666 2.08194920 1.05045601 0.07619644 -0.65129532 0.75359427 0.04587129
1778701755.45185733 -0.26912197 2.08338705 1.04108892 0.07862672 -0.65032212 0.75412816 0.04679425
1778701755.46217489 -0.24628251 2.08556558 1.03556312 0.08261353 -0.64964901 0.75386036 0.05315754
1778701755.47256947 -0.24351377 2.08651714 1.02935227 0.08415727 -0.64910783 0.75405563 0.05455898
1778701755.47292113 -0.23405275 2.08879175 1.02485160 0.08398623 -0.64852965 0.75440443 0.05682930
1778701755.48306036 -0.22648062 2.09377769 1.01164584 0.08280569 -0.64702541 0.75567127 0.05884113
1778701755.49339437 -0.22265626 2.09455754 1.00427829 0.08476042 -0.64644612 0.75580996 0.06061680
1778701755.50378656 -0.21686634 2.09232873 1.00266859 0.08937333 -0.64655210 0.75495862 0.06340555
1778701755.51414347 -0.20876003 2.09126992 1.00092084 0.09236226 -0.64653710 0.75437421 0.06617063
1778701755.52441740 -0.20448014 2.08810375 1.00055029 0.09906406 -0.64651700 0.75327154 0.06916701
1778701755.53471613 -0.19703582 2.08804234 0.99423453 0.10150403 -0.64599586 0.75313641 0.07191539
1778701755.54500985 -0.19376679 2.08321833 0.99887460 0.10919653 -0.64642250 0.75142354 0.07467748
1778701755.54520869 -0.19145065 2.08359706 0.99647448 0.10974772 -0.64613557 0.75151011 0.07547730
1778701755.55532742 -0.18972918 2.08336717 0.99174452 0.11023633 -0.64596951 0.75150361 0.07624745
1778701755.56563807 -0.17585793 2.08584777 0.98058349 0.11188613 -0.64461662 0.75199667 0.08032380
1778701755.57591271 -0.16492467 2.09042648 0.96447923 0.11380760 -0.64231954 0.75326103 0.08409074
1778701755.58630776 -0.15749007 2.08963436 0.96094558 0.11634058 -0.64201111 0.75284683 0.08665020
1778701755.59665465 -0.15831248 2.08977866 0.95263674 0.12018799 -0.64084672 0.75307797 0.08799946
1778701755.60695386 -0.14497957 2.08932050 0.94700357 0.12272110 -0.64043408 0.75253839 0.09203089
1778701755.61731029 -0.14163924 2.08902230 0.94251217 0.12516728 -0.63998138 0.75231670 0.09368330
1778701755.61750507 -0.13982140 2.08912037 0.94069876 0.12582974 -0.63980128 0.75227417 0.09436511
1778701755.62765932 -0.13519901 2.08859226 0.93653482 0.12697978 -0.63965948 0.75199422 0.09600299
1778701755.63797522 -0.12043512 2.08648563 0.93485071 0.12972982 -0.63996641 0.75071293 0.10021609
1778701755.64829779 -0.11413862 2.08546586 0.92995460 0.13286088 -0.63961486 0.75011480 0.10280367
1778701755.65860796 -0.10770937 2.08482882 0.92609720 0.13398524 -0.63957485 0.74967281 0.10479815
1778701755.66890478 -0.09523776 2.08281340 0.92452746 0.13691551 -0.63991276 0.74833474 0.10844775
1778701755.67922950 -0.09261539 2.08094528 0.92171415 0.13960442 -0.64005397 0.74749587 0.10996108
1778701755.68959808 -0.08023035 2.07938652 0.91904684 0.14212754 -0.64027064 0.74629985 0.11353327
1778701755.69993639 -0.07229610 2.07854679 0.91612974 0.14431297 -0.64018377 0.74557091 0.11602811
1778701755.71027422 -0.06974473 2.07681962 0.91336267 0.14677836 -0.64032719 0.74475918 0.11734979
1778701755.72056890 -0.05754109 2.07566479 0.90949210 0.14987957 -0.64019505 0.74366057 0.12105939
1778701755.73086905 -0.04882342 2.07462622 0.90672809 0.15140383 -0.64027993 0.74287379 0.12351934
1778701755.74124813 -0.03695047 2.07334424 0.90274628 0.15444820 -0.64015507 0.74174162 0.12714798
1778701755.75194407 -0.02945239 2.07316628 0.89635455 0.15752057 -0.63955944 0.74112828 0.12992253
1778701755.76225495 -0.02375434 2.07234816 0.89272265 0.15900128 -0.63949004 0.74054856 0.13175321
1778701755.77260900 -0.01223745 2.07096529 0.88843728 0.16215497 -0.63926078 0.73941992 0.13531297
1778701755.78291225 0.00093565 2.06969795 0.88310908 0.16490394 -0.63893497 0.73837672 0.13917118
1778701755.79320931 0.00040558 2.07062162 0.87371492 0.16842698 -0.63754604 0.73853434 0.14047925
1778701755.80356550 0.01328629 2.06993111 0.86715168 0.17100316 -0.63701399 0.73767207 0.14426022
1778701755.81386328 0.01891731 2.07051217 0.85976214 0.17328666 -0.63604654 0.73753222 0.14650171
1778701755.82417250 0.03275723 2.07011270 0.85154105 0.17377843 -0.63562014 0.73707148 0.15004577
1778701755.83449674 0.03436160 2.07053831 0.84469159 0.17639655 -0.63463402 0.73701459 0.15143781
1778701755.84484577 0.04200662 2.07083092 0.83571345 0.17826481 -0.63372715 0.73680413 0.15404948
1778701755.85512376 0.06710930 2.06849033 0.82985654 0.17933019 -0.63381803 0.73518128 0.16007459
1778701755.86542368 0.06342651 2.06936059 0.82026968 0.18191065 -0.63253873 0.73557953 0.16039333
1778701755.87580466 0.07666071 2.06819160 0.81248889 0.18247112 -0.63227995 0.73492964 0.16372165
1778701755.88614225 0.07950993 2.06759743 0.80711072 0.18341005 -0.63196262 0.73473578 0.16476448
1778701755.89639616 0.08112051 2.06721205 0.79918919 0.18627057 -0.63102307 0.73450823 0.16616505
1778701755.90669203 0.09249888 2.06570840 0.79218497 0.18797228 -0.63062703 0.73370179 0.16928572
1778701755.91700292 0.09302744 2.06577156 0.78569992 0.19065479 -0.62970134 0.73355919 0.17034636
1778701755.92732430 0.10344852 2.06434057 0.77803563 0.19220581 -0.62918759 0.73292316 0.17321531
1778701755.93762541 0.09691640 2.06611593 0.76598558 0.19613842 -0.62712560 0.73362181 0.17332698
1778701755.94797158 0.10986093 2.06328980 0.76128122 0.19686611 -0.62738351 0.73249880 0.17629287
1778701755.95830035 0.10958272 2.06347109 0.75386841 0.19819103 -0.62655041 0.73273302 0.17679713
1778701755.96859694 0.10994284 2.06582546 0.73897028 0.20317158 -0.62383367 0.73317746 0.17889573
1778701755.97882962 0.11619230 2.06370673 0.73338344 0.20524531 -0.62354993 0.73236093 0.18085163
1778701755.98910713 0.11753326 2.06349448 0.72668623 0.20708618 -0.62272882 0.73230121 0.18182151
1778701755.99937820 0.12390538 2.06143152 0.72130398 0.20811417 -0.62271244 0.73162783 0.18340782
1778701756.00967956 0.13475377 2.05849222 0.71756324 0.20919434 -0.62306777 0.73037289 0.18595626
1778701756.01997399 0.13399626 2.05800695 0.71251249 0.21078316 -0.62261146 0.73023973 0.18621322
1778701756.03031850 0.14304974 2.05724426 0.70387604 0.21308043 -0.62180249 0.72953147 0.18905614
1778701756.04059768 0.15340034 2.05516938 0.69817506 0.21431751 -0.62174891 0.72855358 0.19158805
1778701756.05083942 0.15259157 2.05529810 0.68991590 0.21699772 -0.62068250 0.72848721 0.19228003
1778701756.06112242 0.15447234 2.05540762 0.68302992 0.21795485 -0.62000884 0.72856053 0.19309137
1778701756.07134986 0.15811927 2.05602705 0.67232613 0.21936065 -0.61885514 0.72873838 0.19452403
1778701756.08158922 0.16576212 2.05641527 0.66174722 0.22176183 -0.61758497 0.72837739 0.19717217
1778701756.09193349 0.16771117 2.05688936 0.65490444 0.22285657 -0.61690651 0.72840057 0.19797456
1778701756.10220456 0.17350504 2.05732601 0.64493304 0.22416642 -0.61596316 0.72827731 0.19987737
1778701756.11246181 0.17286866 2.05776868 0.63757168 0.22655561 -0.61514624 0.72807741 0.20042690
1778701756.12278295 0.17511013 2.05895525 0.62910070 0.22794948 -0.61412240 0.72818365 0.20159681
1778701756.12297702 0.17664126 2.05889253 0.62746227 0.22862873 -0.61397499 0.72794289 0.20214542
1778701756.13311315 0.18419983 2.05883917 0.62075344 0.22888656 -0.61367122 0.72760004 0.20400185
1778701756.14334178 0.19212405 2.05881949 0.61256987 0.22938440 -0.61333107 0.72716209 0.20601722
1778701756.15366173 0.19935309 2.05939993 0.60302255 0.22983274 -0.61271279 0.72697739 0.20799958
1778701756.16397786 0.20207411 2.05983870 0.59677008 0.23096262 -0.61216764 0.72677405 0.20906105
1778701756.17431688 0.20561443 2.06086318 0.58695222 0.23217310 -0.61122101 0.72676968 0.21050028
1778701756.18460870 0.21537680 2.06140433 0.57651026 0.23266163 -0.61044753 0.72649613 0.21313318
1778701756.19494796 0.22005172 2.06201624 0.56828356 0.23279185 -0.60980876 0.72659217 0.21448787
1778701756.19513583 0.22370686 2.06188121 0.56589230 0.23277705 -0.60970923 0.72642135 0.21536370
1778701756.20523882 0.22901395 2.06256629 0.55725785 0.23312363 -0.60894778 0.72647168 0.21696742
1778701756.21547341 0.23187300 2.06266345 0.54877153 0.23378579 -0.60832967 0.72646903 0.21799532
1778701756.22575450 0.23520521 2.06318482 0.53988153 0.23401669 -0.60746809 0.72676541 0.21915919
1778701756.23601866 0.24075708 2.06274949 0.53099960 0.23483136 -0.60678502 0.72653030 0.22095225
1778701756.24633241 0.24566856 2.06345439 0.51770344 0.23632840 -0.60509160 0.72675766 0.22324055
1778701756.25658345 0.25286495 2.06223582 0.50937821 0.23636682 -0.60470865 0.72649154 0.22509601
1778701756.26683736 0.25398460 2.06273408 0.50031500 0.23807386 -0.60343226 0.72660124 0.22636471
1778701756.27715683 0.26251185 2.06107043 0.49220275 0.23788525 -0.60318512 0.72621770 0.22844291
1778701756.28740478 0.26418036 2.06107527 0.48165299 0.23974198 -0.60188311 0.72622256 0.22991586
1778701756.29771256 0.26626554 2.06057885 0.47432944 0.23919763 -0.60143444 0.72659992 0.23046402
1778701756.29787254 0.27045817 2.06010202 0.47128171 0.23926648 -0.60120609 0.72640987 0.23158475
1778701756.30799508 0.27514940 2.05874351 0.46591667 0.23956334 -0.60102036 0.72606341 0.23284298
1778701756.31832123 0.27961666 2.05825118 0.45461065 0.24090910 -0.59972798 0.72601420 0.23493092
1778701756.32862592 0.28697761 2.05600890 0.44778626 0.24084538 -0.59968658 0.72548443 0.23673163
1778701756.33890581 0.28650429 2.05526024 0.44335717 0.24137282 -0.59951015 0.72542006 0.23683850
1778701756.34926391 0.29465735 2.05339986 0.43541532 0.24219794 -0.59914338 0.72465503 0.23925394
1778701756.35958505 0.29756003 2.05186455 0.43017817 0.24266537 -0.59922849 0.72416092 0.24006186
1778701756.36990905 0.30181094 2.05019239 0.42700359 0.24322814 -0.59946262 0.72341331 0.24115934
1778701756.38024664 0.30533920 2.04794802 0.42416790 0.24482257 -0.59981669 0.72217271 0.24238075
1778701756.39054585 0.30718523 2.04658747 0.42024441 0.24687007 -0.59984002 0.72109493 0.24345270
1778701756.40084910 0.31356073 2.04361899 0.41942310 0.24764635 -0.60086267 0.71951073 0.24482573
1778701756.41120625 0.31599930 2.04284632 0.41547626 0.24873730 -0.60084019 0.71881552 0.24581510
1778701756.42145944 0.32067330 2.04123532 0.41155368 0.25011983 -0.60110799 0.71759906 0.24730718
1778701756.43175745 0.32762882 2.03918645 0.40776634 0.25100028 -0.60158522 0.71625695 0.24913865
1778701756.44211245 0.33411745 2.03691709 0.40713001 0.25200329 -0.60231833 0.71471577 0.25077547
1778701756.45240068 0.33847922 2.03565519 0.40186585 0.25343605 -0.60230282 0.71365045 0.25239752
1778701756.46270370 0.34365729 2.03400966 0.39728306 0.25518180 -0.60237447 0.71229394 0.25429232
1778701756.47296548 0.34741462 2.03294563 0.39153531 0.25650157 -0.60226869 0.71138537 0.25575423
1778701756.48333240 0.35142339 2.03168207 0.38807603 0.25774433 -0.60232134 0.71037350 0.25718934
1778701756.49368525 0.35742651 2.03077625 0.37867554 0.25916343 -0.60156660 0.70960146 0.25964922
1778701756.50404239 0.36378501 2.02913141 0.37211367 0.26090731 -0.60126925 0.70833817 0.26202995
1778701756.51434016 0.36343797 2.02931129 0.36503572 0.26290748 -0.60032827 0.70799219 0.26312104
1778701756.52463245 0.36941570 2.02842943 0.35423431 0.26453103 -0.59925312 0.70729950 0.26579401
1778701756.53492618 0.37373671 2.02726319 0.34540313 0.26640522 -0.59843289 0.70645348 0.26801086
1778701756.54530001 0.37417428 2.02757929 0.33290297 0.26841440 -0.59679615 0.70641409 0.26975395
1778701756.55555630 0.37944129 2.02618827 0.32548714 0.26971840 -0.59613217 0.70561912 0.27199280
1778701756.56583834 0.38312336 2.02521897 0.31452420 0.27134745 -0.59498599 0.70509887 0.27422220
1778701756.57609940 0.38683935 2.02383026 0.30434986 0.27324895 -0.59394135 0.70434390 0.27652910
1778701756.58640862 0.38964828 2.02237666 0.29806558 0.27458938 -0.59342437 0.70362633 0.27813340
1778701756.59673810 0.39394327 2.02101694 0.28571692 0.27630175 -0.59207521 0.70305807 0.28073768
1778701756.60703373 0.39644930 2.01877244 0.27898322 0.27846963 -0.59163276 0.70183311 0.28258740
1778701756.61734533 0.39951202 2.01689810 0.27323616 0.27997228 -0.59126229 0.70086122 0.28428503
1778701756.61749697 0.40048034 2.01615910 0.27186705 0.28043516 -0.59125304 0.70048947 0.28476388
1778701756.62762141 0.40146337 2.01468944 0.26584117 0.28192410 -0.59077544 0.69979473 0.28599040
1778701756.63797975 0.40380020 2.01181166 0.26052679 0.28425661 -0.59060317 0.69824342 0.28782323
1778701756.64827490 0.40706452 2.00879977 0.25554446 0.28559995 -0.59076630 0.69691541 0.28937304
1778701756.65852761 0.40978412 2.00651976 0.25037067 0.28708279 -0.59054434 0.69581566 0.29100072
1778701756.66882682 0.41364576 2.00315731 0.24566093 0.28811761 -0.59088353 0.69443814 0.29257573
1778701756.67911625 0.41348714 2.00072108 0.24150871 0.28978225 -0.59104449 0.69324418 0.29343681
1778701756.68943739 0.41414773 1.99921106 0.23598330 0.29114475 -0.59071168 0.69245760 0.29461315
1778701756.69973516 0.42000960 1.99552048 0.23079433 0.29198923 -0.59109300 0.69087888 0.29671152
1778701756.71004057 0.42373421 1.99278150 0.22284756 0.29331532 -0.59076021 0.68966710 0.29887756
1778701756.72035384 0.42445056 1.99134250 0.21650752 0.29487474 -0.59022450 0.68883052 0.30032723
1778701756.73062801 0.42986639 1.98837678 0.20843231 0.29573501 -0.59005145 0.68756253 0.30271746
1778701756.74090815 0.43216149 1.98625352 0.20048034 0.29771565 -0.58951554 0.68616816 0.30497553
1778701756.75116611 0.43363268 1.98480457 0.19137193 0.29978720 -0.58873478 0.68497010 0.30713996
1778701756.76160550 0.43847787 1.98284253 0.18508634 0.30009612 -0.58869762 0.68403492 0.30898811
1778701756.77196908 0.44651295 1.97988882 0.17646128 0.30421228 -0.58783166 0.68079436 0.31373216
1778701756.78228164 0.45015309 1.97821726 0.16586872 0.30588933 -0.58695218 0.67951960 0.31649955
1778701756.79263377 0.45073097 1.97791787 0.15700542 0.30713856 -0.58600786 0.67898899 0.31817391
1778701756.79283118 0.45226815 1.97735592 0.15478576 0.30823059 -0.58573520 0.67818507 0.31933241
1778701756.80299139 0.45334520 1.97722580 0.14267252 0.30969013 -0.58413908 0.67780242 0.32164800
1778701756.81333756 0.45331270 1.97724036 0.12906449 0.31199741 -0.58233940 0.67703448 0.32428807
1778701756.82363319 0.45638170 1.97666343 0.11174479 0.31386730 -0.58004379 0.67635941 0.32798548
1778701756.83396125 0.45857411 1.97609817 0.10064987 0.31530573 -0.57865942 0.67560495 0.33059572
1778701756.83434820 0.45791764 1.97652978 0.09463717 0.31509968 -0.57786912 0.67616886 0.33102137
1778701756.84436059 0.45817401 1.97633666 0.08395100 0.31726234 -0.57630608 0.67528180 0.33348223
1778701756.85462046 0.45851887 1.97636827 0.06608236 0.31828557 -0.57396064 0.67541577 0.33626928
1778701756.86486077 0.46501481 1.97455973 0.04938564 0.32019264 -0.57194249 0.67390015 0.34090620
1778701756.87512803 0.46505884 1.97435623 0.03761474 0.32232516 -0.57014690 0.67308640 0.34350211
1778701756.88542604 0.46009918 1.97538298 0.02093733 0.32526925 -0.56730840 0.67279179 0.34599467
1778701756.89575601 0.46536941 1.97332492 0.00847634 0.32754036 -0.56594913 0.67073052 0.35005637
1778701756.90601730 0.46481449 1.97283300 -0.00140905 0.32932216 -0.56456775 0.66994546 0.35211256
1778701756.91633368 0.45778481 1.97377333 -0.01993718 0.33160822 -0.56141133 0.67047280 0.35400498
1778701756.92662525 0.46295502 1.97123710 -0.03526572 0.33280189 -0.55971835 0.66920219 0.35794791
1778701756.93690705 0.46192620 1.97025595 -0.04559826 0.33520455 -0.55801290 0.66809858 0.36042169
1778701756.93710566 0.46156398 1.96991835 -0.04799290 0.33611773 -0.55761321 0.66757567 0.36115801
1778701756.94722342 0.46156575 1.96855947 -0.05896735 0.33793302 -0.55596123 0.66670966 0.36360228
1778701756.95747399 0.46310594 1.96632014 -0.07741281 0.33991713 -0.55320999 0.66579057 0.36761115
1778701756.96778131 0.46197354 1.96454414 -0.09278841 0.34277498 -0.55062382 0.66455875 0.37105308
1778701756.97810531 0.46313915 1.96270594 -0.10338842 0.34450402 -0.54905762 0.66344085 0.37376323
1778701756.98845220 0.46415503 1.96039368 -0.11770662 0.34698894 -0.54683132 0.66191269 0.37741988
1778701756.99875164 0.46268399 1.95843566 -0.13479449 0.35009227 -0.54375689 0.66061882 0.38124352
1778701757.00920725 0.45910891 1.95723378 -0.14801805 0.35323807 -0.54132526 0.65938037 0.38393665
1778701757.01950097 0.45924238 1.95562154 -0.15780526 0.35557089 -0.53968684 0.65786043 0.38668735
1778701757.02985048 0.45962928 1.95349724 -0.17182700 0.35862943 -0.53730719 0.65584083 0.39058765
1778701757.04015803 0.46169905 1.95136010 -0.17904720 0.36263120 -0.53610116 0.65234679 0.39438285
1778701757.05053186 0.46215184 1.94979524 -0.19462480 0.36282932 -0.53398408 0.65251972 0.39677941
1778701757.06090403 0.46016399 1.94898331 -0.20262444 0.36616182 -0.53262668 0.65022717 0.39929810
1778701757.07120609 0.46474417 1.94642492 -0.21677739 0.36779298 -0.53093149 0.64819060 0.40334728
1778701757.08159471 0.46564544 1.94546057 -0.22121271 0.37054409 -0.53061107 0.64543580 0.40566193
1778701757.09190869 0.46703340 1.94426232 -0.22837483 0.37216438 -0.52980245 0.64379483 0.40783730
1778701757.10226989 0.47007905 1.94258621 -0.23782233 0.37491922 -0.52864900 0.64082443 0.41147281
1778701757.11256552 0.46861771 1.94213610 -0.24544828 0.37779882 -0.52752683 0.63862434 0.41369366
1778701757.12294722 0.47281410 1.94006163 -0.25502876 0.37962036 -0.52669011 0.63610798 0.41695629
1778701757.13331389 0.47161525 1.93972662 -0.26119590 0.38208993 -0.52563932 0.63426468 0.41883040
1778701757.14365673 0.47051415 1.93877646 -0.27072452 0.38492329 -0.52420162 0.63207835 0.42133559
1778701757.15394855 0.46776136 1.93834798 -0.27958234 0.38781744 -0.52270066 0.63019705 0.42335957
1778701757.16430473 0.46844171 1.93749771 -0.28617659 0.38941138 -0.52194429 0.62863107 0.42515399
1778701757.17463017 0.46411460 1.93747113 -0.29510274 0.39240786 -0.52028387 0.62698548 0.42686060
1778701757.18490434 0.46231497 1.93675318 -0.30452986 0.39490315 -0.51881799 0.62519745 0.42896101
1778701757.19526887 0.46474096 1.93519251 -0.31383618 0.39682580 -0.51777462 0.62292359 0.43174636
1778701757.20558429 0.46074189 1.93488278 -0.32154287 0.39889958 -0.51628935 0.62206841 0.43284560
1778701757.21591949 0.45692729 1.93365638 -0.33591731 0.40137541 -0.51369759 0.62092223 0.43527940
1778701757.22623754 0.45497588 1.93267656 -0.34419983 0.40381236 -0.51240472 0.61909648 0.43714589
1778701757.23653054 0.45446331 1.93131062 -0.35177999 0.40477573 -0.51151239 0.61830864 0.43841318
1778701757.24692225 0.45339047 1.92896494 -0.36379421 0.40744376 -0.50975662 0.61608995 0.44110197
1778701757.25721645 0.44368649 1.92910441 -0.37576258 0.41012380 -0.50684919 0.61605946 0.44201029
1778701757.26753092 0.44386640 1.92746237 -0.38207622 0.41164103 -0.50634696 0.61454298 0.44328473
1778701757.27781892 0.43946020 1.92658198 -0.39343003 0.41355239 -0.50413494 0.61389655 0.44491955
1778701757.28814459 0.43895081 1.92516980 -0.40029470 0.41487842 -0.50354762 0.61274969 0.44592995
1778701757.29846287 0.43657022 1.92414525 -0.40812441 0.41602351 -0.50240565 0.61228679 0.44678618
1778701757.30882335 0.43651653 1.92237569 -0.41758870 0.41713621 -0.50142599 0.61124704 0.44827046
1778701757.31920290 0.43179910 1.92133909 -0.42766157 0.41903482 -0.49974216 0.61061717 0.44923743
1778701757.32950330 0.43265935 1.91888223 -0.43869040 0.41992198 -0.49855436 0.60957840 0.45113552
1778701757.33980894 0.43857340 1.91523027 -0.44880872 0.41948141 -0.49833023 0.60857919 0.45313761
1778701757.35014200 0.44070751 1.91288138 -0.45574985 0.41980343 -0.49792104 0.60777393 0.45436831
1778701757.36051750 0.43886406 1.91077789 -0.46616115 0.42096998 -0.49657445 0.60718414 0.45554967
1778701757.37085891 0.43184224 1.91029414 -0.47562383 0.42321201 -0.49472908 0.60680491 0.45598524
1778701757.38119149 0.43115409 1.90855335 -0.48402136 0.42372367 -0.49376926 0.60655787 0.45687822
1778701757.38137317 0.42981208 1.90868134 -0.48510825 0.42417653 -0.49364112 0.60646199 0.45672374
1778701757.39151907 0.42890691 1.90758394 -0.49088939 0.42498077 -0.49311388 0.60594897 0.45722631
1778701757.40177178 0.42883388 1.90558036 -0.49926508 0.42578406 -0.49244838 0.60528496 0.45807493
1778701757.41210628 0.42762742 1.90517006 -0.50295523 0.42709957 -0.49246777 0.60433204 0.45808759
1778701757.42241788 0.42739460 1.90344006 -0.51107391 0.42738198 -0.49171525 0.60426360 0.45872243
1778701757.43272400 0.42503916 1.90319803 -0.51496693 0.42877811 -0.49156191 0.60350132 0.45858736
1778701757.44302535 0.43035279 1.90097705 -0.51915562 0.42853380 -0.49242600 0.60259088 0.45908566
1778701757.45338011 0.43312434 1.89911134 -0.52549213 0.42832790 -0.49240597 0.60228401 0.45970158
1778701757.45356011 0.43307150 1.89892662 -0.52642751 0.42844206 -0.49247286 0.60220896 0.45962186
1778701757.46367836 0.43321503 1.89779652 -0.53201103 0.42856338 -0.49226929 0.60222712 0.45970302
1778701757.47403240 0.43425863 1.89603770 -0.53996334 0.42870965 -0.49194591 0.60207867 0.46010709
1778701757.48437142 0.43492008 1.89398981 -0.54880512 0.42904207 -0.49129527 0.60179054 0.46086874
1778701757.49465632 0.43526311 1.89228473 -0.55630502 0.42892416 -0.49073073 0.60205560 0.46123363
1778701757.50499105 0.43513270 1.89012851 -0.56723854 0.42888442 -0.48972236 0.60244448 0.46183419
1778701757.51538444 0.43544944 1.88832144 -0.57711245 0.42877328 -0.48898070 0.60282410 0.46222771
1778701757.52568841 0.43731784 1.88659048 -0.58487399 0.42841136 -0.48854138 0.60298658 0.46281552
1778701757.52587271 0.43645891 1.88625198 -0.58801727 0.42861423 -0.48806436 0.60305840 0.46303735
1778701757.53598428 0.43522724 1.88497071 -0.59692509 0.42860333 -0.48705012 0.60363170 0.46336826
1778701757.54627013 0.43260625 1.88299075 -0.61098803 0.42901043 -0.48505472 0.60416771 0.46438491
1778701757.55655885 0.43399029 1.88070467 -0.62251920 0.42810313 -0.48427087 0.60520389 0.46469095
1778701757.56691074 0.43528557 1.87876201 -0.63180992 0.42744687 -0.48357493 0.60585831 0.46516683
1778701757.57716274 0.43554274 1.87567496 -0.64695482 0.42746268 -0.48170329 0.60606936 0.46681637
1778701757.58739948 0.43853407 1.87247720 -0.65917517 0.42625295 -0.48099385 0.60695685 0.46750050
1778701757.59774423 0.43778806 1.87042544 -0.66951987 0.42636848 -0.47968235 0.60723502 0.46838060
1778701757.60799122 0.43720467 1.86866851 -0.67960287 0.42585608 -0.47892996 0.60837834 0.46813298
1778701757.61826158 0.44211005 1.86543749 -0.68860476 0.42486830 -0.47892507 0.60857633 0.46877771
1778701757.62851286 0.43909601 1.86492219 -0.69543464 0.42523801 -0.47810531 0.60929569 0.46834465
1778701757.62869382 0.44274098 1.86330986 -0.69803835 0.42464860 -0.47831584 0.60905956 0.46897120
1778701757.63878345 0.44176018 1.86234549 -0.70414833 0.42469534 -0.47788772 0.60963154 0.46862200
1778701757.64904094 0.44247020 1.86073008 -0.71155524 0.42465474 -0.47763913 0.60991155 0.46854788
1778701757.65926719 0.44184807 1.85905009 -0.72003600 0.42493043 -0.47700444 0.61015793 0.46862372
1778701757.66956830 0.44277379 1.85838122 -0.72388218 0.42468173 -0.47728647 0.61060750 0.46797601
1778701757.67978549 0.44170565 1.85636903 -0.73313164 0.42501214 -0.47644717 0.61084017 0.46822758
1778701757.69003606 0.44093344 1.85424475 -0.74252148 0.42547095 -0.47559479 0.61082997 0.46869054
1778701757.70032573 0.44342174 1.85339357 -0.74586956 0.42510866 -0.47612547 0.61098914 0.46827282
1778701757.71058607 0.44122356 1.85185661 -0.75506088 0.42592679 -0.47515277 0.61087788 0.46866239
1778701757.72085929 0.44283001 1.85178745 -0.75887415 0.42622575 -0.47571801 0.61057085 0.46821708
1778701757.73115277 0.44530756 1.85148253 -0.76141560 0.42625127 -0.47637954 0.61017694 0.46803471
1778701757.73132539 0.44509720 1.85153662 -0.76270125 0.42650409 -0.47635702 0.61004359 0.46800114
1778701757.74138737 0.44304329 1.85200401 -0.76649673 0.42742002 -0.47618051 0.60975955 0.46771523
1778701757.75162268 0.44709359 1.85169315 -0.77008063 0.42764962 -0.47706193 0.60877933 0.46788400
1778701757.76193428 0.44992470 1.85222488 -0.77269809 0.42789046 -0.47807405 0.60814637 0.46745369
1778701757.77229285 0.44815499 1.85339332 -0.77540151 0.42852929 -0.47821918 0.60818204 0.46667297
1778701757.78254008 0.44783463 1.85482803 -0.77838766 0.42965709 -0.47866202 0.60727083 0.46636852
1778701757.79281831 0.44768214 1.85619860 -0.78144294 0.43050516 -0.47918851 0.60661878 0.46589412
1778701757.80309486 0.44268148 1.85807750 -0.78466321 0.43194854 -0.47880421 0.60643912 0.46518661
1778701757.81342912 0.44968534 1.85798186 -0.78746959 0.43132463 -0.48037441 0.60564046 0.46518720
1778701757.82377720 0.45194042 1.85833611 -0.79129300 0.43170731 -0.48109187 0.60476382 0.46523127
1778701757.83407521 0.45505566 1.85948614 -0.79334126 0.43215189 -0.48221195 0.60368653 0.46505801
1778701757.84435439 0.45589665 1.86009981 -0.79627887 0.43272147 -0.48260296 0.60292543 0.46511014
1778701757.85466647 0.45508283 1.86118525 -0.80071338 0.43383353 -0.48277721 0.60192213 0.46519284
1778701757.86493087 0.45351556 1.86227800 -0.80515324 0.43500458 -0.48285835 0.60104507 0.46514907
1778701757.87521219 0.45356564 1.86250049 -0.80897619 0.43570418 -0.48297718 0.60020575 0.46545458
1778701757.88553214 0.45393329 1.86289010 -0.81354811 0.43651396 -0.48328347 0.59919399 0.46568145
1778701757.89583707 0.45128118 1.86275424 -0.82107106 0.43768719 -0.48265559 0.59838871 0.46626651
1778701757.90608478 0.44482794 1.86304032 -0.82801078 0.43952243 -0.48130640 0.59769627 0.46682261
1778701757.91644001 0.45087163 1.86073542 -0.83523724 0.43881175 -0.48198522 0.59683738 0.46788849
1778701757.92681074 0.44704303 1.85904853 -0.84572970 0.43997125 -0.48065676 0.59608595 0.46912249
1778701757.93719459 0.45022244 1.85557000 -0.85656909 0.43919482 -0.48043133 0.59588433 0.47033553
1778701757.94755101 0.44765032 1.85384036 -0.86492040 0.43988791 -0.47944451 0.59540955 0.47129508
1778701757.95785356 0.44604920 1.85203989 -0.87399053 0.44049198 -0.47879671 0.59480788 0.47214840
1778701757.96814704 0.44542267 1.84993088 -0.88324099 0.44116894 -0.47820680 0.59375891 0.47343276
1778701757.97851276 0.44582233 1.84887183 -0.88853554 0.44132942 -0.47825664 0.59331610 0.47378786
1778701757.97870564 0.44493987 1.84821184 -0.89154415 0.44133499 -0.47797283 0.59346256 0.47388562
1778701757.98883009 0.44200630 1.84732820 -0.89849709 0.44201055 -0.47729290 0.59320979 0.47425765
1778701757.99912381 0.44398817 1.84527803 -0.90551551 0.44214359 -0.47755216 0.59216149 0.47518181
1778701758.00938082 0.44066758 1.84336621 -0.91483926 0.44279736 -0.47677733 0.59186554 0.47571952
1778701758.01969552 0.44319543 1.84107887 -0.92036909 0.44258894 -0.47707508 0.59111836 0.47654326
1778701758.02998376 0.44324034 1.83779412 -0.93015066 0.44265710 -0.47664984 0.59053410 0.47762861
1778701758.04027939 0.43794084 1.83438345 -0.94340239 0.44344009 -0.47495432 0.59032445 0.47884895
1778701758.05053496 0.43891677 1.83205972 -0.94947547 0.44318071 -0.47504381 0.59009954 0.47927734
1778701758.06084323 0.43638729 1.82912103 -0.95948795 0.44373257 -0.47426686 0.58948806 0.48028760
1778701758.07110715 0.43742875 1.82679523 -0.96638914 0.44365070 -0.47454189 0.58900505 0.48068399
1778701758.08142638 0.43476459 1.82386362 -0.97657336 0.44414984 -0.47376654 0.58854275 0.48155334
1778701758.09171057 0.43917341 1.82139422 -0.98105156 0.44344104 -0.47462032 0.58801365 0.48201198
1778701758.10197854 0.43684892 1.81871543 -0.99067484 0.44381222 -0.47403237 0.58765596 0.48268467
1778701758.11225843 0.43803696 1.81625337 -0.99828895 0.44375267 -0.47427608 0.58695374 0.48335399
1778701758.12247419 0.43553004 1.81427557 -1.00572731 0.44429976 -0.47366630 0.58640597 0.48411363
1778701758.13272190 0.43170869 1.81233827 -1.01441448 0.44508163 -0.47306378 0.58584723 0.48466073
1778701758.14300036 0.42968572 1.81092061 -1.02158615 0.44585357 -0.47294380 0.58482355 0.48530421
1778701758.15333724 0.42706035 1.81023238 -1.02717561 0.44687566 -0.47260687 0.58368539 0.48606200
1778701758.16364455 0.42358448 1.81026705 -1.03334058 0.44838438 -0.47239403 0.58198617 0.48691623
1778701758.17392349 0.41949959 1.81075926 -1.03972713 0.44977904 -0.47215624 0.58070026 0.48739564
1778701758.18419147 0.41665708 1.81159939 -1.04548017 0.45089915 -0.47224066 0.57955799 0.48763843
1778701758.19446516 0.41479356 1.81199123 -1.05033898 0.45200686 -0.47215140 0.57803532 0.48850590
1778701758.20474482 0.41257228 1.81255185 -1.05749351 0.45302132 -0.47203132 0.57678811 0.48915600
1778701758.21496558 0.41125818 1.81302948 -1.06445818 0.45398591 -0.47203935 0.57524484 0.49007042
1778701758.22521281 0.40587833 1.81312742 -1.07214956 0.45524636 -0.47102274 0.57439323 0.49087752
1778701758.23544192 0.39958586 1.81396453 -1.08057589 0.45697556 -0.47008281 0.57294853 0.49185920
1778701758.24570870 0.39133085 1.81393121 -1.09104005 0.45893037 -0.46847738 0.57141873 0.49334826
1778701758.25601363 0.38652338 1.81335668 -1.09902321 0.45999618 -0.46746230 0.57044237 0.49444718
1778701758.26634383 0.37619296 1.81266417 -1.11103483 0.46242603 -0.46521058 0.56841559 0.49663367
1778701758.27663255 0.36256025 1.81193485 -1.12425078 0.46508951 -0.46232082 0.56694502 0.49852238
1778701758.28696752 0.35842653 1.81103261 -1.13352183 0.46670410 -0.46135149 0.56443037 0.50075987
1778701758.29726553 0.35029801 1.81117889 -1.14120073 0.46836879 -0.45986037 0.56354978 0.50156830
1778701758.30749416 0.34348796 1.80987061 -1.15166676 0.47032893 -0.45826629 0.56118348 0.50384105
1778701758.31774855 0.33855599 1.81042395 -1.15780977 0.47190345 -0.45774444 0.55954833 0.50466111
1778701758.32800913 0.33389622 1.81012519 -1.16384349 0.47317772 -0.45694972 0.55822871 0.50564859
1778701758.33829522 0.32607454 1.80842941 -1.17468163 0.47513583 -0.45508694 0.55606756 0.50786877
1778701758.34861732 0.31739824 1.80816771 -1.18261442 0.47702422 -0.45369894 0.55478188 0.50874575
1778701758.35887527 0.31207714 1.80642636 -1.19045096 0.47835850 -0.45237555 0.55306597 0.51053653
1778701758.35906935 0.30954146 1.80578884 -1.19337786 0.47876426 -0.45183127 0.55286654 0.51085406
1778701758.36919761 0.29975278 1.80274517 -1.20464010 0.48044105 -0.44930663 0.55152834 0.51294877
1778701758.37949228 0.29162727 1.80005729 -1.21565669 0.48200509 -0.44736241 0.54989183 0.51493392
1778701758.38976908 0.28418996 1.80020003 -1.22241296 0.48314425 -0.44639439 0.54981901 0.51478417
1778701758.40008616 0.27737574 1.79829974 -1.23088371 0.48444042 -0.44479368 0.54845600 0.51640301
1778701758.41034412 0.27365727 1.79382678 -1.24398677 0.48549547 -0.44304293 0.54547456 0.52006213
1778701758.42060804 0.26683954 1.78927139 -1.25805629 0.48659823 -0.44078670 0.54331032 0.52320469
1778701758.43090534 0.26794539 1.78585033 -1.26697313 0.48644158 -0.44028199 0.54171362 0.52542623
1778701758.44127059 0.26663400 1.78482899 -1.27432812 0.48628804 -0.44019439 0.54178046 0.52557281
1778701758.45153308 0.25479540 1.78163726 -1.28679333 0.48810439 -0.43741760 0.54009074 0.52794123
1778701758.46186185 0.25781881 1.77679458 -1.29875224 0.48731285 -0.43708484 0.53864995 0.53041424
1778701758.47217488 0.25593776 1.77353264 -1.30843254 0.48758484 -0.43602153 0.53706510 0.53264183
1778701758.48244667 0.25094156 1.76927634 -1.32190168 0.48858455 -0.43408729 0.53416324 0.53621171
1778701758.49271059 0.24999888 1.76861203 -1.32933517 0.48895740 -0.43390153 0.53285352 0.53732416
1778701758.50304055 0.24970403 1.76812978 -1.33511006 0.48927779 -0.43375594 0.53162959 0.53836140
1778701758.51345062 0.24822141 1.76917068 -1.34065306 0.49021553 -0.43372954 0.52981318 0.53931940
1778701758.52388692 0.24757438 1.77029147 -1.34608378 0.49091814 -0.43385978 0.52837887 0.53998225
1778701758.53423882 0.23936407 1.77275705 -1.35145419 0.49281340 -0.43284941 0.52736794 0.54005500
1778701758.54452848 0.23625236 1.77437970 -1.35510591 0.49384874 -0.43259276 0.52633937 0.54031822
1778701758.55482745 0.23124253 1.77639289 -1.36001196 0.49525947 -0.43209786 0.52530176 0.54043275
1778701758.56515312 0.22972380 1.77780098 -1.36482460 0.49615259 -0.43210824 0.52407507 0.54079607
1778701758.57544208 0.22530796 1.77769572 -1.37076171 0.49700358 -0.43125279 0.52351761 0.54123727
1778701758.58573937 0.21998631 1.77722565 -1.37875907 0.49800937 -0.43017319 0.52278468 0.54187994
1778701758.59604859 0.21577102 1.77589690 -1.38755827 0.49867506 -0.42912908 0.52222479 0.54263496
1778701758.60635710 0.21398638 1.77430156 -1.39611088 0.49896129 -0.42849593 0.52170232 0.54337424
1778701758.61661601 0.20888801 1.77293099 -1.40328127 0.49960979 -0.42731965 0.52158099 0.54382096
1778701758.62691021 0.20831187 1.77064782 -1.41192633 0.49970810 -0.42680560 0.52087328 0.54481174
1778701758.63720918 0.20122608 1.76685456 -1.42374941 0.50031162 -0.42480178 0.52089879 0.54579866
1778701758.64751482 0.19997262 1.76406144 -1.43138109 0.50028892 -0.42409183 0.52067424 0.54658526
1778701758.65781450 0.19277919 1.75983438 -1.44352243 0.50075016 -0.42204922 0.52114530 0.54729454
1778701758.66810775 0.18820330 1.75669290 -1.45338937 0.50120805 -0.42070040 0.52096385 0.54808606
1778701758.67839503 0.18486300 1.75446233 -1.46072789 0.50157631 -0.41973212 0.52078318 0.54866295
1778701758.67859936 0.18427322 1.75445000 -1.46205804 0.50172085 -0.41966247 0.52080705 0.54856141
1778701758.68867803 0.18294190 1.75086681 -1.47056811 0.50165250 -0.41881234 0.52047596 0.54958691
1778701758.69901681 0.17727180 1.74735536 -1.48079562 0.50214226 -0.41725634 0.52070246 0.55010840
1778701758.70937896 0.17265441 1.74397699 -1.49028473 0.50273556 -0.41592684 0.52027261 0.55097934
1778701758.71969390 0.17242663 1.73993575 -1.49869809 0.50243681 -0.41523094 0.52020547 0.55183945
1778701758.72995806 0.17127384 1.73722333 -1.50639823 0.50267459 -0.41470513 0.51991774 0.55228929
1778701758.74024653 0.16833980 1.73101521 -1.51868536 0.50246102 -0.41319702 0.52020906 0.55333867
1778701758.75050521 0.16679824 1.72899507 -1.52474925 0.50263208 -0.41266518 0.52036234 0.55343606
1778701758.76099682 0.16641221 1.72454164 -1.53454008 0.50243866 -0.41191089 0.52036535 0.55417029
1778701758.77131796 0.16497702 1.72158755 -1.54248936 0.50262345 -0.41128565 0.52048352 0.55435610
1778701758.78161216 0.16774230 1.71895470 -1.54939084 0.50243267 -0.41144908 0.52014444 0.55472591
1778701758.79196715 0.16971876 1.71828294 -1.55294468 0.50243372 -0.41183580 0.52019597 0.55438957
1778701758.80226874 0.17056071 1.71565450 -1.55994691 0.50255603 -0.41165407 0.51973953 0.55484158
1778701758.81252480 0.17018215 1.71293467 -1.56735956 0.50275551 -0.41122600 0.51954869 0.55515695
1778701758.82285929 0.16893416 1.71045804 -1.57363466 0.50290186 -0.41063385 0.51964795 0.55536976
1778701758.82304907 0.16929873 1.71041111 -1.57470106 0.50298249 -0.41072236 0.51961360 0.55526341
1778701758.83317256 0.17287854 1.70836292 -1.57965925 0.50266762 -0.41105735 0.51922535 0.55566370
1778701758.84353018 0.17244200 1.70482707 -1.58792451 0.50270747 -0.41042969 0.51923456 0.55608286
1778701758.85384917 0.17101520 1.70048956 -1.59737266 0.50271432 -0.40944571 0.51945648 0.55659455
1778701758.86417413 0.17129053 1.69772623 -1.60394198 0.50260834 -0.40898167 0.51952608 0.55696634
1778701758.87447572 0.17233288 1.69443759 -1.61220941 0.50242666 -0.40856028 0.51963059 0.55734191
1778701758.88477564 0.17229319 1.69009734 -1.62173763 0.50221927 -0.40774240 0.51973879 0.55802645
1778701758.89507341 0.16927613 1.68601736 -1.63026302 0.50240242 -0.40644900 0.51954638 0.55898352
1778701758.90540624 0.16894161 1.68102097 -1.64071583 0.50207887 -0.40543641 0.51984459 0.55973184
1778701758.91574121 0.16905271 1.67763303 -1.64966618 0.50200495 -0.40472018 0.51976192 0.56039285
1778701758.92607188 0.16709281 1.67366432 -1.65977098 0.50202530 -0.40351662 0.51999486 0.56102609
1778701758.93646026 0.16546179 1.67212393 -1.66597640 0.50238865 -0.40281747 0.51959634 0.56157224
1778701758.94676685 0.15366213 1.66898985 -1.67656463 0.50386695 -0.40001090 0.51952014 0.56232393
1778701758.95705462 0.15239964 1.66855518 -1.68344265 0.50440373 -0.39946734 0.51915639 0.56256499
1778701758.96748567 0.14638707 1.66793475 -1.69105154 0.50547835 -0.39803729 0.51897953 0.56277722
1778701758.97777343 0.14729345 1.66491306 -1.69881988 0.50514608 -0.39748017 0.51896964 0.56347801
1778701758.98807859 0.14360872 1.66514145 -1.70529428 0.50606766 -0.39661516 0.51859244 0.56360787
1778701758.99838734 0.14458333 1.66278415 -1.71421525 0.50586223 -0.39610708 0.51868619 0.56406314
1778701759.00865364 0.14295400 1.65967739 -1.72197345 0.50584224 -0.39516370 0.51868942 0.56473937
1778701759.01896167 0.14671428 1.65675396 -1.73049708 0.50538414 -0.39515203 0.51770125 0.56606286
1778701759.02926779 0.14165840 1.64918919 -1.74412203 0.50515658 -0.39291780 0.51816275 0.56739739
1778701759.03952074 0.14451641 1.64624161 -1.75075449 0.50470481 -0.39286981 0.51752115 0.56841729
1778701759.04985809 0.14736739 1.64160085 -1.75986849 0.50420742 -0.39257759 0.51648075 0.57000470
1778701759.06015778 0.14037350 1.63353572 -1.77340590 0.50417575 -0.39003415 0.51721327 0.57111348
1778701759.07047844 0.14813149 1.62904237 -1.78210755 0.50306575 -0.39059755 0.51626676 0.57256182
1778701759.08079529 0.13576590 1.62499231 -1.79141147 0.50435596 -0.38778523 0.51617637 0.57341926
1778701759.09104514 0.13954570 1.62359951 -1.79734019 0.50405686 -0.38810666 0.51602299 0.57360280
1778701759.10135269 0.13082248 1.61751309 -1.80939065 0.50478658 -0.38565102 0.51513760 0.57541033
1778701759.11160374 0.13444616 1.61646122 -1.81377071 0.50449831 -0.38604867 0.51480524 0.57569388
1778701759.11176515 0.13542244 1.61548642 -1.81578264 0.50432348 -0.38603751 0.51483470 0.57582819
1778701759.12183547 0.13590975 1.60960362 -1.82484967 0.50379112 -0.38523046 0.51398641 0.57758980
1778701759.13231325 0.12829671 1.60505118 -1.83490920 0.50453354 -0.38327088 0.51319104 0.57895102
1778701759.14266825 0.12599999 1.59860482 -1.84604516 0.50441942 -0.38195624 0.51167961 0.58125249
1778701759.15298295 0.11611184 1.59516588 -1.85401572 0.50545381 -0.37976618 0.51130197 0.58212060
1778701759.16334486 0.12155146 1.59668452 -1.85765450 0.50550346 -0.38084656 0.50982929 0.58266306
1778701759.17366552 0.10837886 1.59544212 -1.86583103 0.50750540 -0.37841240 0.50797734 0.58412443
1778701759.18401957 0.10925015 1.59715283 -1.86851332 0.50802179 -0.37876392 0.50674008 0.58452224
1778701759.18421507 0.10829179 1.59733970 -1.86994526 0.50830962 -0.37862281 0.50619617 0.58483462
1778701759.19436860 0.09412144 1.59808951 -1.87527365 0.51050361 -0.37623721 0.50524530 0.58528524
1778701759.20467758 0.09358867 1.60479004 -1.87552363 0.51212556 -0.37703372 0.50274253 0.58551084
1778701759.21497297 0.07545722 1.60879571 -1.87995506 0.51540888 -0.37442839 0.50085981 0.58591511
1778701759.22527456 0.06471433 1.60878335 -1.88511892 0.51711025 -0.37263374 0.49906402 0.58709130
1778701759.23562455 0.05158517 1.61318403 -1.88832580 0.51980686 -0.37095778 0.49717567 0.58737340
1778701759.24597216 0.04629310 1.61779564 -1.89078313 0.52149320 -0.37054739 0.49558243 0.58748407
1778701759.25633740 0.03183713 1.61942983 -1.89623556 0.52393886 -0.36835122 0.49302079 0.58884289
1778701759.26662922 0.02093094 1.62262151 -1.89861428 0.52603843 -0.36692494 0.49100199 0.58954788
1778701759.27688265 0.00629871 1.62471272 -1.90364925 0.52847834 -0.36469298 0.48860740 0.59073893
1778701759.28715396 -0.00292742 1.62539343 -1.90925734 0.53005572 -0.36325455 0.48560086 0.59268783
1778701759.29747891 -0.01647857 1.62499336 -1.91441978 0.53185902 -0.36092763 0.48387328 0.59390560
1778701759.30777121 -0.02558877 1.62620552 -1.91886756 0.53350915 -0.35967589 0.48065968 0.59579151
1778701759.31803727 -0.04405343 1.62615703 -1.92453657 0.53601306 -0.35666186 0.47791256 0.59756331
1778701759.32831192 -0.04965435 1.62487050 -1.92967563 0.53669149 -0.35562983 0.47597065 0.59911736
1778701759.32851195 -0.05201755 1.62436006 -1.93141187 0.53696137 -0.35519793 0.47538689 0.59959505
1778701759.33858800 -0.06879449 1.62116172 -1.93801921 0.53864664 -0.35209384 0.47389542 0.60109305
1778701759.34884357 -0.07811111 1.61791187 -1.94568929 0.53950978 -0.35024978 0.47121090 0.60350193
1778701759.35911274 -0.09916477 1.61121478 -1.95587501 0.54120001 -0.34611825 0.46893124 0.60614206
1778701759.36937428 -0.10693824 1.60866668 -1.96143974 0.54189006 -0.34464220 0.46705486 0.60781302
1778701759.37964654 -0.12082460 1.60281128 -1.97081246 0.54284464 -0.34183753 0.46464516 0.61038651
1778701759.38990164 -0.13391071 1.59776898 -1.97920268 0.54379832 -0.33926510 0.46226370 0.61277635
1778701759.40018654 -0.14348691 1.59513642 -1.98449580 0.54465412 -0.33750692 0.46059549 0.61424162
1778701759.41044188 -0.16097137 1.59011831 -1.99242932 0.54611196 -0.33426677 0.45810168 0.61657952
1778701759.42074800 -0.17572047 1.58486704 -2.00048702 0.54719079 -0.33146467 0.45584235 0.61880624
1778701759.43105125 -0.17803636 1.58499505 -2.00382988 0.54759593 -0.33119837 0.45453596 0.61955097
1778701759.44132066 -0.18937420 1.58319714 -2.00907791 0.54880496 -0.32939165 0.45228091 0.62109278
1778701759.45163035 -0.20809809 1.57736448 -2.01703358 0.55017959 -0.32594233 0.44953093 0.62368738
1778701759.46195889 -0.21682743 1.57624355 -2.02152013 0.55113099 -0.32472429 0.44669739 0.62551595
1778701759.47220874 -0.23357112 1.57213951 -2.02660709 0.55248871 -0.32180667 0.44445224 0.62742242
1778701759.48246336 -0.25136531 1.56741671 -2.03287521 0.55388255 -0.31875630 0.44144973 0.62986560
1778701759.49278784 -0.26124882 1.56633454 -2.03688212 0.55493203 -0.31740630 0.43808604 0.63196860
1778701759.50310373 -0.28113260 1.56212752 -2.04115817 0.55658911 -0.31397173 0.43592995 0.63371554
1778701759.51340580 -0.29759625 1.55915538 -2.04577965 0.55803428 -0.31132639 0.43297950 0.63576912
1778701759.52369070 -0.31460160 1.55693270 -2.04960193 0.55963136 -0.30867034 0.43010833 0.63760660
1778701759.53394914 -0.32911923 1.55669094 -2.05094157 0.56124625 -0.30655955 0.42763409 0.63886851
1778701759.53413010 -0.33259154 1.55517859 -2.05275101 0.56139363 -0.30593027 0.42705645 0.63942681
1778701759.54429412 -0.34919542 1.55435761 -2.05402042 0.56312649 -0.30342561 0.42455328 0.64076202
1778701759.55457139 -0.36787850 1.55000208 -2.05858023 0.56443646 -0.30033682 0.42094322 0.64344082
1778701759.56486630 -0.38831312 1.53667497 -2.06929480 0.56442036 -0.29608798 0.41707722 0.64792605
1778701759.57519197 -0.41000317 1.53351434 -2.07053345 0.56622550 -0.29257647 0.41408385 0.64986326
1778701759.58546972 -0.43287455 1.52550535 -2.07631499 0.56731971 -0.28848460 0.41070834 0.65287337
1778701759.59582639 -0.45092829 1.52040399 -2.08054635 0.56831540 -0.28545802 0.40725958 0.65549291
1778701759.60615540 -0.47285934 1.51242905 -2.08507502 0.56934926 -0.28143524 0.40532122 0.65753352
1778701759.60634446 -0.47358904 1.50956611 -2.08812432 0.56885947 -0.28112522 0.40445717 0.65862121
1778701759.61651683 -0.49595449 1.51219340 -2.08462599 0.57157952 -0.27802456 0.40177316 0.65922494
1778701759.62686467 -0.48790857 1.51984159 -2.08509576 0.57161038 -0.28036228 0.39899625 0.65989435
1778701759.63716960 -0.50007600 1.52045728 -2.08697628 0.57272359 -0.27873682 0.39606842 0.66137983
1778701759.64744949 -0.51768769 1.51876323 -2.08812001 0.57411469 -0.27593088 0.39362435 0.66280792
1778701759.65777683 -0.56765790 1.50781127 -2.08976106 0.57736073 -0.26702820 0.38973700 0.66592461
1778701759.66806936 -0.57911441 1.50977165 -2.09000678 0.57808661 -0.26570088 0.38381008 0.66925985
1778701759.67844820 -0.61801070 1.50298183 -2.08907512 0.58105391 -0.25890717 0.38258043 0.67005645
1778701759.68875885 -0.62046264 1.50994535 -2.08815516 0.58178941 -0.25943985 0.37871456 0.67140698
1778701759.69904661 -0.64829039 1.50352163 -2.09062442 0.58306217 -0.25459499 0.37485466 0.67431734
1778701759.70934868 -0.66600737 1.50304037 -2.09103818 0.58407318 -0.25195882 0.37042695 0.67687455
1778701759.71964455 -0.69583683 1.49629734 -2.09102234 0.58559794 -0.24665018 0.36712822 0.67930524
1778701759.72992015 -0.71983896 1.49621575 -2.08898800 0.58735643 -0.24297182 0.36280512 0.68143199
1778701759.74024868 -0.74723352 1.49328315 -2.08750744 0.58893473 -0.23846795 0.35824622 0.68406766
1778701759.75046873 -0.77029046 1.49098208 -2.08522179 0.59038495 -0.23467608 0.35477922 0.68593327
1778701759.76071525 -0.79935826 1.48980809 -2.08094455 0.59233275 -0.23004441 0.34968104 0.68843638
1778701759.77094817 -0.81913271 1.48649523 -2.08148534 0.59310623 -0.22677817 0.34598010 0.69072023
1778701759.78130651 -0.83997673 1.48519999 -2.07815365 0.59455615 -0.22343919 0.34284542 0.69212349
1778701759.78146791 -0.84264679 1.48518598 -2.07842830 0.59466592 -0.22307916 0.34203145 0.69254792
1778701759.79156399 -0.86060036 1.48365796 -2.07571630 0.59544935 -0.22021197 0.33782752 0.69485202
1778701759.80180931 -0.88464909 1.47942668 -2.07362879 0.59659337 -0.21618937 0.33392638 0.69701627
1778701759.81209111 -0.90748803 1.47417134 -2.07214922 0.59734487 -0.21228293 0.32990301 0.69948486
1778701759.82239652 -0.92901568 1.46880059 -2.06977751 0.59812916 -0.20848984 0.32672259 0.70144554
1778701759.83269954 -0.95394400 1.46173903 -2.06788761 0.59891001 -0.20407727 0.32307940 0.70376059
1778701759.84297228 -0.98408988 1.45398658 -2.06342863 0.60001622 -0.19869974 0.31891624 0.70625164
1778701759.85328937 -1.00219490 1.45042541 -2.06073741 0.60085022 -0.19560317 0.31621509 0.70762026
1778701759.86353731 -1.02561321 1.44468703 -2.05793481 0.60166439 -0.19151062 0.31259902 0.70965168
1778701759.87379527 -1.05428771 1.43890164 -2.05224426 0.60273365 -0.18649119 0.30788934 0.71213576
1778701759.88409829 -1.08046977 1.43632935 -2.04528625 0.60424239 -0.18208519 0.30378550 0.71375800
1778701759.89435410 -1.09925680 1.43454068 -2.04037094 0.60511391 -0.17891979 0.30023354 0.71532139
1778701759.90463734 -1.12406528 1.43355977 -2.03272136 0.60654549 -0.17481952 0.29573962 0.71699288
1778701759.91488647 -1.14854706 1.43265047 -2.02501133 0.60810690 -0.17075974 0.29177787 0.71827069
1778701759.92516828 -1.16609435 1.43151326 -2.01994943 0.60892247 -0.16779060 0.28846367 0.71961688
1778701759.93546772 -1.19160086 1.43036890 -2.01146005 0.61041147 -0.16344479 0.28427150 0.72102243
1778701759.94572830 -1.21801444 1.42615069 -2.00437058 0.61161855 -0.15875150 0.28081598 0.72240092
1778701759.95600772 -1.22665530 1.43637698 -1.99671510 0.61286634 -0.15805640 0.27584731 0.72340949
1778701759.96628356 -1.24740602 1.43911341 -1.98799113 0.61445763 -0.15472899 0.27184052 0.72429517
1778701759.97653437 -1.26772259 1.44376987 -1.97796022 0.61638040 -0.15154051 0.26794649 0.72478642
1778701759.98676276 -1.28119552 1.44836201 -1.97071866 0.61765870 -0.14956674 0.26451186 0.72536956
1778701759.98698163 -1.28557669 1.44962261 -1.96858739 0.61813368 -0.14894747 0.26369828 0.72538860
1778701759.99705100 -1.29624277 1.45854083 -1.95998695 0.61972712 -0.14764823 0.25981350 0.72569639
1778701760.00733685 -1.31129232 1.46612864 -1.95055630 0.62186181 -0.14559437 0.25657024 0.72543909
1778701760.01757264 -1.32732641 1.47399492 -1.94025696 0.62386167 -0.14332855 0.25248554 0.72560636
1778701760.02785897 -1.33391349 1.47731713 -1.93634072 0.62480319 -0.14241024 0.25105697 0.72547274
1778701760.06892323 -1.39689179 1.48515671 -1.90926701 0.62965391 -0.13189221 0.23874722 0.72742021
1778701760.07925963 -1.41254840 1.48120045 -1.90622387 0.62974918 -0.12884860 0.23599617 0.72877968
1778701760.08968544 -1.42422687 1.48076848 -1.90345650 0.63005847 -0.12674016 0.23324568 0.72976688
1778701760.10001874 -1.44007914 1.47577994 -1.89928312 0.63033682 -0.12359208 0.23123666 0.73070521
1778701760.11031795 -1.45162221 1.47424795 -1.89701731 0.63040060 -0.12142190 0.22842964 0.73189597
1778701760.12059307 -1.46640962 1.47089426 -1.89342499 0.63055383 -0.11855401 0.22565711 0.73309323
1778701760.13084245 -1.47390153 1.46932521 -1.89270151 0.63051642 -0.11711277 0.22390529 0.73389377
1778701760.14114332 -1.48560029 1.46855642 -1.88933481 0.63095991 -0.11490370 0.22147734 0.73459820
1778701760.15140128 -1.49713013 1.46509074 -1.88796439 0.63093578 -0.11261056 0.21926941 0.73563567
1778701760.16167641 -1.50378895 1.46360941 -1.88773370 0.63079640 -0.11132625 0.21743528 0.73649458
1778701760.17199826 -1.51245466 1.46423922 -1.88544891 0.63121552 -0.10977987 0.21508838 0.73705654
1778701760.18232989 -1.52212409 1.46360777 -1.88326146 0.63169018 -0.10800139 0.21310622 0.73748827
1778701760.19268632 -1.52889656 1.46558361 -1.88115530 0.63217775 -0.10684237 0.21077493 0.73790916
1778701760.20303226 -1.53474977 1.46672674 -1.87906501 0.63265440 -0.10582392 0.20915216 0.73810912
1778701760.21335483 -1.54073667 1.46619822 -1.87933287 0.63265695 -0.10465656 0.20707563 0.73885849
1778701760.22364426 -1.54647472 1.46560591 -1.87965091 0.63280293 -0.10354556 0.20533305 0.73937616
1778701760.23391771 -1.55002501 1.46374007 -1.88157989 0.63259224 -0.10277520 0.20419413 0.73997910
1778701760.23412490 -1.55213456 1.46401930 -1.88071379 0.63280894 -0.10239318 0.20372671 0.73997561
1778701760.24422121 -1.55666141 1.46205761 -1.88181078 0.63272402 -0.10141923 0.20255515 0.74050379
1778701760.25446510 -1.56177865 1.46085346 -1.88293981 0.63299445 -0.10040693 0.20137797 0.74073166
1778701760.26471567 -1.56457224 1.46056994 -1.88416825 0.63313161 -0.09984588 0.20038394 0.74095981
1778701760.26488328 -1.56455929 1.46064352 -1.88525259 0.63318104 -0.09986101 0.20025764 0.74094967
1778701760.27498436 -1.56719132 1.46266497 -1.88486486 0.63388760 -0.09947691 0.19941426 0.74062461
1778701760.28530240 -1.56953921 1.46439013 -1.88611027 0.63457010 -0.09913334 0.19850643 0.74033004
1778701760.29556346 -1.57253156 1.46666748 -1.88625311 0.63531375 -0.09864965 0.19726611 0.74008835
1778701760.30580688 -1.57099691 1.46909739 -1.88913201 0.63586115 -0.09910285 0.19710786 0.73959970
1778701760.31608558 -1.57552133 1.46989365 -1.88940315 0.63643914 -0.09818163 0.19583537 0.73956345
1778701760.32638240 -1.57794395 1.46971432 -1.89226361 0.63697727 -0.09767151 0.19556485 0.73923922
1778701760.33670211 -1.57948838 1.46914192 -1.89506715 0.63709796 -0.09729405 0.19511614 0.73930356
1778701760.33688021 -1.57860826 1.46882770 -1.89726602 0.63704012 -0.09743516 0.19520402 0.73931161
1778701760.34700942 -1.58261334 1.46708065 -1.89886322 0.63733910 -0.09654389 0.19491283 0.73924769
1778701760.35734820 -1.58589600 1.46287396 -1.90412125 0.63712053 -0.09562480 0.19466590 0.73962052
1778701760.36769891 -1.59261639 1.45702247 -1.90771719 0.63705548 -0.09397329 0.19447194 0.73993919
1778701760.37806702 -1.59599611 1.45457750 -1.91029878 0.63695548 -0.09312527 0.19388712 0.74028588
1778701760.38842297 -1.59818335 1.44974947 -1.91708169 0.63662036 -0.09237707 0.19399958 0.74063835
1778701760.39872622 -1.60205306 1.44524651 -1.92219563 0.63623112 -0.09130156 0.19343390 0.74125388
1778701760.40903044 -1.60588479 1.44437166 -1.92354145 0.63653519 -0.09045794 0.19291510 0.74123146
1778701760.40921402 -1.60586710 1.44347099 -1.92550329 0.63655924 -0.09042193 0.19320816 0.74113886
1778701760.41939163 -1.60760790 1.44278702 -1.92844686 0.63669958 -0.08997118 0.19287949 0.74115878
1778701760.42970562 -1.60891107 1.44115020 -1.93390304 0.63650294 -0.08952562 0.19228059 0.74153715
1778701760.44000936 -1.61055365 1.43927418 -1.93914465 0.63633460 -0.08901051 0.19177816 0.74187367
1778701760.45036459 -1.61283429 1.43841017 -1.94183711 0.63653324 -0.08845106 0.19156044 0.74182642
1778701760.46071625 -1.61677345 1.43345217 -1.94740510 0.63619156 -0.08735868 0.19139628 0.74229120
1778701760.47104955 -1.62066886 1.43066852 -1.95154441 0.63627868 -0.08640941 0.19125773 0.74236335
1778701760.48137665 -1.62428305 1.42668729 -1.95676614 0.63594800 -0.08542545 0.19085697 0.74286355
1778701760.49166489 -1.62178592 1.42613775 -1.96334595 0.63543908 -0.08578953 0.19042026 0.74336899
1778701760.50196290 -1.62489420 1.42430501 -1.96731229 0.63542689 -0.08503105 0.18984870 0.74361271
1778701760.51232433 -1.62405312 1.42494204 -1.97159272 0.63530704 -0.08514759 0.18924437 0.74385578
1778701760.52269006 -1.62247428 1.42660827 -1.97705194 0.63557483 -0.08547060 0.18905890 0.74363711
1778701760.53297901 -1.62610827 1.42474064 -1.98036894 0.63557556 -0.08464893 0.18834181 0.74391238
1778701760.54328084 -1.62384455 1.42761353 -1.98529148 0.63581529 -0.08514478 0.18772828 0.74380601
1778701760.55351686 -1.62540618 1.42700828 -1.98810163 0.63598576 -0.08478735 0.18745741 0.74376941
1778701760.55367327 -1.62411731 1.42746648 -1.99001442 0.63590996 -0.08503475 0.18729877 0.74384595
1778701760.56383610 -1.62247925 1.42732315 -1.99508222 0.63574910 -0.08530670 0.18702276 0.74402173
1778701760.57421899 -1.62143392 1.42683690 -2.00109471 0.63535891 -0.08541341 0.18613634 0.74456488
1778701760.58453178 -1.62170260 1.42491883 -2.00582278 0.63510462 -0.08526163 0.18590243 0.74485761
1778701760.58468056 -1.62071708 1.42450344 -2.00818145 0.63491650 -0.08541314 0.18581037 0.74502358
1778701760.59480381 -1.62262217 1.42289962 -2.01125774 0.63493594 -0.08495141 0.18558701 0.74511548
1778701760.60515618 -1.62270155 1.42184313 -2.01691751 0.63470459 -0.08486233 0.18502101 0.74546341
1778701760.61540771 -1.62334135 1.42226078 -2.02091236 0.63471101 -0.08473964 0.18417263 0.74568195
1778701760.62565875 -1.62495606 1.42092285 -2.02431300 0.63460983 -0.08435370 0.18373955 0.74591863
1778701760.62581229 -1.62388585 1.42246871 -2.02538865 0.63481083 -0.08461649 0.18367532 0.74573362
1778701760.63594842 -1.62408505 1.42358449 -2.02833809 0.63483519 -0.08460379 0.18287278 0.74591154
1778701760.64626336 -1.62118880 1.42892325 -2.03233263 0.63572280 -0.08539621 0.18278732 0.74508577
1778701760.65651369 -1.61918082 1.43691234 -2.03359561 0.63732323 -0.08618104 0.18289588 0.74360005
1778701760.66684294 -1.62031002 1.43675044 -2.03699156 0.63651637 -0.08584088 0.18080387 0.74484106
1778701760.67713594 -1.61910434 1.44185835 -2.03992197 0.63744774 -0.08625839 0.18064458 0.74403455
1778701760.68735814 -1.61958915 1.44710186 -2.04147438 0.63818520 -0.08635708 0.17964594 0.74363260
1778701760.69761086 -1.61852240 1.45532581 -2.04062426 0.63998838 -0.08697884 0.18007511 0.74190465
1778701760.70789719 -1.62293114 1.45857044 -2.04036277 0.64069690 -0.08624648 0.17888602 0.74166624
1778701760.71821141 -1.62386288 1.46286338 -2.04223926 0.64162175 -0.08625915 0.17865813 0.74091980
1778701760.72861242 -1.62762166 1.46889555 -2.04038649 0.64305555 -0.08583151 0.17802970 0.73987698
1778701760.73894238 -1.63148863 1.47278783 -2.03861402 0.64407445 -0.08528457 0.17745565 0.73919154
1778701760.74923062 -1.63385841 1.47058193 -2.04417284 0.64295560 -0.08459615 0.17536608 0.74074174
1778701760.75947833 -1.63695245 1.47886165 -2.04123524 0.64498500 -0.08449460 0.17527768 0.73900794
1778701760.76975679 -1.63670370 1.47802432 -2.04624116 0.64385527 -0.08437061 0.17326698 0.74047994
1778701760.78000712 -1.64005709 1.47864316 -2.04855318 0.64404109 -0.08374312 0.17241403 0.74058866
1778701760.79030967 -1.64299143 1.48062753 -2.05003285 0.64428356 -0.08327712 0.17122906 0.74070522
1778701760.80070829 -1.64451932 1.47909625 -2.05382437 0.64367055 -0.08291132 0.17005900 0.74154829
1778701760.80091906 -1.64441014 1.47976222 -2.05469396 0.64371801 -0.08295491 0.16986626 0.74154640
1778701760.81103110 -1.64409892 1.47880778 -2.05947576 0.64316519 -0.08294280 0.16903495 0.74221710
1778701760.82135987 -1.64990145 1.47580344 -2.06184012 0.64281015 -0.08177786 0.16782197 0.74292886
1778701760.83172917 -1.65366880 1.47143789 -2.06670608 0.64214435 -0.08087839 0.16700565 0.74378656
1778701760.84198833 -1.66197563 1.46571264 -2.06766355 0.64178067 -0.07915040 0.16623021 0.74445974
1778701760.85233974 -1.66949700 1.45893441 -2.07112614 0.64099187 -0.07748669 0.16513600 0.74555706
1778701760.86268258 -1.67451177 1.45298316 -2.07593996 0.64020252 -0.07633227 0.16429615 0.74653928
1778701760.87301111 -1.67623956 1.44900541 -2.08101358 0.63937281 -0.07589109 0.16344578 0.74748139
1778701760.88324690 -1.68442508 1.44398688 -2.08273298 0.63919947 -0.07424254 0.16272360 0.74795261
1778701760.89348745 -1.68330854 1.44144924 -2.09050638 0.63833628 -0.07433996 0.16190298 0.74885766
1778701760.90372682 -1.68951148 1.43603680 -2.09411649 0.63762992 -0.07304207 0.16072590 0.74984007
1778701760.91394591 -1.69051294 1.43290274 -2.09927764 0.63705059 -0.07278772 0.16021639 0.75046599
1778701760.92423773 -1.69650878 1.42958150 -2.10196842 0.63674180 -0.07162628 0.15905087 0.75108746
1778701760.93449402 -1.70302337 1.42562132 -2.10449707 0.63659286 -0.07038878 0.15827772 0.75149392
1778701760.94478202 -1.70696746 1.42461500 -2.10591742 0.63656438 -0.06971749 0.15731736 0.75178222
1778701760.95504045 -1.71126350 1.42478731 -2.10775826 0.63664643 -0.06906262 0.15594987 0.75205805
1778701760.96529293 -1.71414732 1.42347595 -2.11158018 0.63659658 -0.06861129 0.15515600 0.75230573
1778701760.97559714 -1.72068900 1.42249490 -2.11087432 0.63697928 -0.06751094 0.15431126 0.75225508
1778701760.97577596 -1.72082633 1.42276218 -2.11189132 0.63688383 -0.06754908 0.15385085 0.75242675
1778701760.98587179 -1.72080002 1.42431853 -2.11499754 0.63670508 -0.06775671 0.15254836 0.75282446
1778701760.99622345 -1.72866125 1.42352995 -2.11445496 0.63737763 -0.06642659 0.15181985 0.75252109
1778701761.00644708 -1.73360643 1.42287697 -2.11629063 0.63737127 -0.06570866 0.15034998 0.75288454
1778701761.01672864 -1.73734114 1.42507826 -2.11589236 0.63768992 -0.06528006 0.14888459 0.75294320
1778701761.02701330 -1.73900865 1.43124067 -2.11606887 0.63827847 -0.06545383 0.14679031 0.75284061
1778701761.03727531 -1.74459624 1.43535651 -2.11425780 0.63922206 -0.06479721 0.14526428 0.75239270
1778701761.04755783 -1.74717368 1.43714150 -2.11529991 0.63944468 -0.06457220 0.14406696 0.75245308
1778701761.05795097 -1.75791563 1.43725324 -2.11201432 0.64039067 -0.06282823 0.14290213 0.75201821
1778701761.06820631 -1.76607598 1.43943871 -2.10958027 0.64135016 -0.06163294 0.14161498 0.75154278
1778701761.07847285 -1.76625044 1.44353195 -2.11117563 0.64125942 -0.06200069 0.13956417 0.75197348
1778701761.07867980 -1.76676987 1.44520699 -2.11104572 0.64145215 -0.06203509 0.13909187 0.75189377
1778701761.08881974 -1.77283132 1.44545261 -2.11027932 0.64175729 -0.06111764 0.13791833 0.75192469
1778701761.09909391 -1.78619628 1.44217006 -2.10736242 0.64227731 -0.05878487 0.13680434 0.75187018
1778701761.10934687 -1.78802616 1.44780990 -2.10852602 0.64285532 -0.05887123 0.13523044 0.75165414
1778701761.11968803 -1.79459539 1.44698987 -2.10834997 0.64253124 -0.05786378 0.13331378 0.75235153
1778701761.12999582 -1.80568212 1.44388052 -2.10769635 0.64223948 -0.05601194 0.13130056 0.75309447
1778701761.14032650 -1.81853880 1.43984910 -2.10614407 0.64182880 -0.05381031 0.12908968 0.75398680
1778701761.15069652 -1.82710613 1.43645465 -2.10610006 0.64125237 -0.05233772 0.12731211 0.75488264
1778701761.15085220 -1.82842398 1.43568023 -2.10723628 0.64110883 -0.05213364 0.12702286 0.75506738
1778701761.16099548 -1.83702931 1.43275183 -2.10685811 0.64080027 -0.05063795 0.12565724 0.75565936
1778701761.17127156 -1.84181332 1.42891559 -2.11245760 0.63962053 -0.04988580 0.12385433 0.75700535
1778701761.18155384 -1.85979449 1.41829531 -2.11088049 0.63815030 -0.04657667 0.12110234 0.75889989
1778701761.19182944 -1.86879667 1.41281637 -2.11199975 0.63724631 -0.04496799 0.11951810 0.76000687
1778701761.20211840 -1.88232823 1.40663287 -2.11145069 0.63603985 -0.04260357 0.11674360 0.76158334
1778701761.21235943 -1.89158677 1.40507618 -2.11167209 0.63552853 -0.04113145 0.11455465 0.76242306
1778701761.22268200 -1.89630597 1.40536731 -2.11297599 0.63507546 -0.04048378 0.11279165 0.76309781
1778701761.23297954 -1.91603024 1.40134241 -2.10540913 0.63479219 -0.03703654 0.10971072 0.76395729
1778701761.24331522 -1.92271196 1.40472173 -2.10477893 0.63475663 -0.03618808 0.10721701 0.76438142
1778701761.25366569 -1.93848017 1.40324977 -2.09888151 0.63479087 -0.03350280 0.10460146 0.76483766
1778701761.26399350 -1.94778313 1.40433877 -2.09506840 0.63497081 -0.03202063 0.10263757 0.76501783
1778701761.27428055 -1.96330687 1.40217760 -2.08933454 0.63518683 -0.02933394 0.10050863 0.76522887
1778701761.28457022 -1.97051587 1.40292151 -2.08739293 0.63527809 -0.02821702 0.09886083 0.76540975
1778701761.28474855 -1.97464338 1.40202617 -2.08588104 0.63530043 -0.02748517 0.09831917 0.76548760
1778701761.29485345 -1.98556309 1.39986394 -2.08205237 0.63522006 -0.02557300 0.09652782 0.76584847
1778701761.30517673 -1.99957514 1.39772456 -2.07666987 0.63539823 -0.02314251 0.09444983 0.76603704
1778701761.31547284 -2.01592195 1.39242822 -2.07090020 0.63521122 -0.02016680 0.09228753 0.76653964
1778701761.32579660 -2.02933091 1.38897902 -2.06658713 0.63514303 -0.01778717 0.09031952 0.76688939
1778701761.33608174 -2.04088291 1.38492625 -2.06277279 0.63487372 -0.01566812 0.08865129 0.76735312
1778701761.34640265 -2.05426643 1.38253381 -2.05746140 0.63501423 -0.01328413 0.08668845 0.76750608
1778701761.35666656 -2.06968968 1.37820344 -2.05144084 0.63486407 -0.01043905 0.08451201 0.76791689
1778701761.36691189 -2.08075558 1.37963415 -2.04415059 0.63564861 -0.00848466 0.08298101 0.76745880
1778701761.37720323 -2.08872846 1.37820091 -2.04350562 0.63544041 -0.00712943 0.08127740 0.76782722
1778701761.38746357 -2.10317922 1.38056770 -2.03372891 0.63617833 -0.00458627 0.07871275 0.76750270
1778701761.39773107 -2.11316930 1.38049170 -2.02851971 0.63640166 -0.00275501 0.07703238 0.76749681
1778701761.40801096 -2.12652625 1.38087814 -2.02101594 0.63672545 -0.00035634 0.07469551 0.76746411
1778701761.41827154 -2.14265220 1.38342102 -2.00889466 0.63814046 0.00258528 0.07291509 0.76645513
1778701761.42853045 -2.14491817 1.38646262 -2.00970794 0.63763133 0.00282941 0.07069302 0.76708590
1778701761.42873764 -2.15141656 1.38632487 -2.00451907 0.63784722 0.00407463 0.06980503 0.76698212
1778701761.43890452 -2.16039916 1.38492384 -2.00132307 0.63762515 0.00575661 0.06815522 0.76730430
1778701761.44924212 -2.17633102 1.38607867 -1.99018738 0.63804142 0.00874898 0.06536194 0.76717301
1778701761.45949268 -2.18778797 1.38803635 -1.98316626 0.63834852 0.01086897 0.06301799 0.76708654
1778701761.46980309 -2.19616514 1.39020075 -1.97756113 0.63869001 0.01242395 0.06124848 0.76692199
1778701761.48013210 -2.20477733 1.39300314 -1.97278951 0.63878869 0.01398656 0.05883951 0.76700150
1778701761.49045491 -2.21635071 1.39697624 -1.96351094 0.63962870 0.01617507 0.05660799 0.76642614
1778701761.50076437 -2.23263088 1.39893172 -1.95026409 0.64034175 0.01935347 0.05391706 0.76595094
1778701761.51108050 -2.23888222 1.40485774 -1.94345967 0.64129794 0.02048250 0.05227281 0.76523524
1778701761.52133846 -2.25608806 1.40221177 -1.93176170 0.64118811 0.02395372 0.04943416 0.76541511
1778701761.53156877 -2.26682708 1.40647117 -1.92203880 0.64182341 0.02606101 0.04684992 0.76497622
1778701761.54184055 -2.27634831 1.40480912 -1.91644915 0.64170672 0.02801549 0.04517293 0.76510589
1778701761.55210972 -2.29163498 1.40132955 -1.90645347 0.64130696 0.03121389 0.04244790 0.76547322
1778701761.56236029 -2.30621445 1.39997465 -1.89514396 0.64147849 0.03425227 0.04001332 0.76533069
1778701761.57266355 -2.31804565 1.39762983 -1.88609961 0.64142232 0.03677842 0.03808740 0.76535881
1778701761.58292174 -2.32664317 1.39419404 -1.88323312 0.64123620 0.03864362 0.03684833 0.76548352
1778701761.59320736 -2.34596597 1.38554923 -1.87053275 0.64044083 0.04287464 0.03415216 0.76604891
1778701761.60345721 -2.35763335 1.38086890 -1.86268389 0.64018632 0.04546214 0.03257318 0.76618122
1778701761.61374164 -2.37204164 1.37577767 -1.85286280 0.64001115 0.04866195 0.03059271 0.76621265
1778701761.62402439 -2.38486274 1.37139018 -1.84433544 0.63983312 0.05153677 0.02869866 0.76624665
1778701761.63446760 -2.39523724 1.36488283 -1.84035896 0.63936661 0.05392689 0.02743961 0.76651764
1778701761.64475894 -2.40712632 1.36286983 -1.82978172 0.63953497 0.05657768 0.02562973 0.76624873
1778701761.65506220 -2.41425129 1.35950259 -1.82755779 0.63917576 0.05827935 0.02421847 0.76646678
1778701761.66529989 -2.42870377 1.35635683 -1.81536277 0.63945192 0.06155611 0.02224993 0.76603983
1778701761.67560649 -2.43697926 1.35191737 -1.81105013 0.63937494 0.06350355 0.02143174 0.76596845
1778701761.67575550 -2.43808295 1.35361265 -1.80931298 0.63971360 0.06377976 0.02105407 0.76567315
1778701761.68593144 -2.44326404 1.34968480 -1.80858615 0.63935919 0.06507550 0.02026767 0.76588134
1778701761.69622803 -2.44986927 1.34516799 -1.80751471 0.63922307 0.06673373 0.01950326 0.76587212
1778701761.70653486 -2.45578083 1.34153097 -1.80630632 0.63908239 0.06826636 0.01855270 0.76587806
1778701761.71682882 -2.46262712 1.33740706 -1.80304047 0.63911675 0.06996074 0.01793895 0.76571109
1778701761.72715473 -2.46945496 1.33200044 -1.80140735 0.63900193 0.07172073 0.01726633 0.76565955
1778701761.73742604 -2.47751147 1.33042559 -1.79521453 0.63967651 0.07375868 0.01635340 0.76492234
1778701761.74773264 -2.48166198 1.32988252 -1.79380672 0.63985553 0.07489635 0.01522238 0.76468537
1778701761.75808048 -2.47717172 1.33947592 -1.79642585 0.64076828 0.07395978 0.01415961 0.76403238
1778701761.76841521 -2.49121762 1.33090642 -1.78693326 0.64073992 0.07740513 0.01310506 0.76373363
1778701761.77876496 -2.47086107 1.35869331 -1.79730647 0.64414951 0.07296411 0.01306102 0.76129958
1778701761.78913164 -2.45945477 1.36777214 -1.80844136 0.64483996 0.07060562 0.01299897 0.76093843
1778701761.79942918 -2.46221000 1.36953606 -1.80655947 0.64557924 0.07150342 0.01221137 0.76024048
1778701761.80971980 -2.49569121 1.33175914 -1.79320941 0.64166258 0.07939879 0.01041740 0.76279515
1778701761.82001019 -2.50072204 1.33050639 -1.78949707 0.64177418 0.08070453 0.00937478 0.76257773
1778701761.82019544 -2.49579777 1.33241251 -1.79595655 0.64163321 0.07967755 0.00939773 0.76280403
1778701761.83031106 -2.47391510 1.35099233 -1.81392774 0.64365635 0.07498805 0.01047895 0.76155991
1778701761.84066176 -2.45390961 1.36210257 -1.83552089 0.64381338 0.07085808 0.01050142 0.76182228
1778701761.85096216 -2.46103866 1.35718584 -1.83274968 0.64392219 0.07280514 0.01001934 0.76155317
1778701761.86132383 -2.49684410 1.31553025 -1.81791130 0.63923733 0.08111650 0.00801697 0.76467737
1778701761.87169790 -2.44355451 1.35575994 -1.86211560 0.64217181 0.06962123 0.00976994 0.76333007
1778701761.88201714 -2.45123858 1.34246761 -1.86453847 0.64106793 0.07178210 0.00978229 0.76405730
1778701761.89243937 -2.48035990 1.31132809 -1.85083197 0.63841249 0.07862625 0.00894034 0.76561575
1778701761.90278053 -2.47793162 1.30711575 -1.86024930 0.63796180 0.07854016 0.00919738 0.76599713
1778701761.91310096 -2.47341606 1.30163184 -1.87348685 0.63711205 0.07803591 0.00966925 0.76674972
1778701761.92344880 -2.47299113 1.29627007 -1.88107051 0.63664833 0.07843362 0.00994005 0.76709078
1778701761.93380737 -2.47284672 1.29403016 -1.88545152 0.63667643 0.07877445 0.01016648 0.76702957
1778701761.94416451 -2.47194099 1.28785128 -1.89450384 0.63604904 0.07909028 0.01059575 0.76751161
1778701761.95452261 -2.46788224 1.28889546 -1.90264886 0.63622573 0.07866947 0.01074252 0.76740637
1778701761.96481848 -2.46556861 1.28571615 -1.91153028 0.63572969 0.07863590 0.01083491 0.76781948
1778701761.97511244 -2.46379414 1.28519011 -1.91725029 0.63564383 0.07857921 0.01083952 0.76789630
1778701761.98540878 -2.46015529 1.28258015 -1.92766309 0.63508608 0.07824909 0.01096273 0.76838959
1778701761.99574089 -2.45425540 1.28982524 -1.93439980 0.63545724 0.07726634 0.01011026 0.76819385
1778701762.00603676 -2.45316123 1.28959680 -1.93867498 0.63536216 0.07735007 0.00986463 0.76826726
1778701762.01637292 -2.45338912 1.28171172 -1.94721411 0.63453714 0.07794752 0.01033514 0.76888230
1778701762.02667141 -2.44971704 1.28770282 -1.95113911 0.63506053 0.07747612 0.00949158 0.76850861
1778701762.03697133 -2.45101646 1.27738050 -1.95932434 0.63352139 0.07823729 0.00930208 0.76970322
1778701762.04730129 -2.45113608 1.27269902 -1.96436444 0.63286048 0.07861676 0.00913421 0.77021009
1778701762.05763769 -2.45355456 1.26404558 -1.96972522 0.63171442 0.07959429 0.00877628 0.77105423
1778701762.06797266 -2.45086152 1.25950092 -1.97889075 0.63081952 0.07945201 0.00851011 0.77180418
1778701762.07827616 -2.45141257 1.25380081 -1.98405160 0.62987703 0.07987110 0.00810455 0.77253469
1778701762.08861732 -2.45920025 1.24427159 -1.98293874 0.62946251 0.08206526 0.00810688 0.77264255
1778701762.09887409 -2.46316713 1.23773749 -1.98501249 0.62892812 0.08334133 0.00780934 0.77294415
1778701762.10916138 -2.46394608 1.23618142 -1.98835781 0.62875504 0.08385264 0.00727954 0.77303482
1778701762.11964369 -2.46344155 1.23587305 -1.99189913 0.62877431 0.08399363 0.00706699 0.77300582
1778701762.12994385 -2.46883254 1.23455989 -1.98968673 0.62920241 0.08548575 0.00663388 0.77249758
1778701762.14025593 -2.47331703 1.23330302 -1.98868319 0.62962455 0.08678906 0.00633341 0.77201067
1778701762.15050673 -2.47088622 1.23509469 -1.99374455 0.62961266 0.08642491 0.00589921 0.77206465
1778701762.16080642 -2.47826833 1.23275570 -1.98994288 0.63003377 0.08831936 0.00549172 0.77150954
1778701762.17110777 -2.46532712 1.25059027 -1.99895553 0.63119703 0.08558163 0.00411189 0.77087560
1778701762.18144870 -2.46588729 1.25123863 -2.00258618 0.63133473 0.08592369 0.00372739 0.77072672
1778701762.19173741 -2.46573761 1.25357196 -2.00477893 0.63167411 0.08604969 0.00338291 0.77043613
1778701762.20206594 -2.47027949 1.24752318 -2.00940271 0.63145763 0.08715413 0.00368438 0.77048806
1778701762.21233153 -2.47286352 1.25313778 -2.00769292 0.63207198 0.08775536 0.00242096 0.76992087
1778701762.22261834 -2.47569767 1.25910840 -2.00430721 0.63307353 0.08844043 0.00169031 0.76902102
1778701762.23291564 -2.48072897 1.26432389 -2.00012053 0.63392085 0.08955866 0.00054552 0.76819484
1778701762.24322057 -2.48644525 1.26888185 -1.99530086 0.63473685 0.09077697 -0.00063728 0.76737753
1778701762.25358963 -2.48934718 1.27346978 -1.99434566 0.63492747 0.09134631 -0.00216267 0.76714945
1778701762.26394773 -2.49238519 1.28169302 -1.98903184 0.63591527 0.09194556 -0.00356867 0.76625390
1778701762.27426434 -2.49931624 1.28741250 -1.98199544 0.63667253 0.09334536 -0.00525168 0.76544572
1778701762.28455949 -2.50606818 1.29293462 -1.97501162 0.63699210 0.09465371 -0.00751658 0.76500016
1778701762.29491854 -2.51170277 1.29663668 -1.96948531 0.63741104 0.09576434 -0.00893497 0.76449756
1778701762.30528903 -2.52036707 1.29928676 -1.96184300 0.63744732 0.09746809 -0.01113292 0.76422310
1778701762.31558394 -2.52994897 1.30009415 -1.95403461 0.63741112 0.09940367 -0.01312700 0.76397229
1778701762.32588673 -2.53421519 1.29937276 -1.95289580 0.63694450 0.10022503 -0.01444041 0.76423041
1778701762.33616686 -2.54267976 1.29980410 -1.94656445 0.63649225 0.10186646 -0.01679564 0.76434204
1778701762.34642601 -2.55092455 1.29612320 -1.94341985 0.63559748 0.10348983 -0.01863878 0.76482566
1778701762.35673356 -2.55966747 1.29594057 -1.93722159 0.63508738 0.10517227 -0.02092767 0.76496068
1778701762.36709833 -2.57310905 1.28800059 -1.92856863 0.63441724 0.10801762 -0.02208446 0.76508773
1778701762.37741423 -2.58348268 1.29231077 -1.91684133 0.63461985 0.11002520 -0.02479835 0.76455028
1778701762.38771653 -2.59101962 1.30327440 -1.90418222 0.63564063 0.11140637 -0.02762868 0.76340439
1778701762.39803457 -2.60505199 1.29252740 -1.89856898 0.63416434 0.11424562 -0.02923593 0.76415233
1778701762.40839744 -2.61273195 1.29486674 -1.89057779 0.63430794 0.11573832 -0.03101390 0.76373832
1778701762.41869354 -2.62244362 1.29832466 -1.88044370 0.63442009 0.11757019 -0.03350209 0.76326012
1778701762.42898846 -2.63130873 1.30145642 -1.87167490 0.63429593 0.11920410 -0.03608780 0.76299196
1778701762.43936205 -2.63976832 1.30130181 -1.86401585 0.63405111 0.12084294 -0.03791715 0.76284891
1778701762.44966006 -2.64974048 1.30135426 -1.85568828 0.63350197 0.12268057 -0.04045598 0.76288141
1778701762.45998549 -2.66113781 1.30106412 -1.84515924 0.63290389 0.12482980 -0.04325605 0.76287554
1778701762.47035289 -2.66880931 1.30398089 -1.83764368 0.63236271 0.12613282 -0.04621836 0.76293629
1778701762.48069191 -2.67596791 1.30256606 -1.83253555 0.63181754 0.12743976 -0.04794033 0.76306450
1778701762.49102855 -2.68795145 1.30281663 -1.82044384 0.63131340 0.12970136 -0.05085858 0.76291176
1778701762.50127578 -2.69792260 1.30664781 -1.80857459 0.63090228 0.13148027 -0.05422807 0.76271526
1778701762.51160812 -2.70550903 1.30946831 -1.79958972 0.63080584 0.13286850 -0.05647263 0.76239150
1778701762.52196646 -2.71600678 1.31142579 -1.78837737 0.63024324 0.13475782 -0.05964463 0.76228361
1778701762.53231359 -2.72924587 1.31891903 -1.76816337 0.63081232 0.13738129 -0.06319865 0.76105724
1778701762.54261446 -2.73489223 1.31671019 -1.76589038 0.62976910 0.13826855 -0.06510424 0.76159971
1778701762.54280472 -2.73826094 1.31663242 -1.76207033 0.62956355 0.13892388 -0.06596317 0.76157649
1778701762.55292082 -2.74567609 1.31592298 -1.75521375 0.62923853 0.14033832 -0.06766529 0.76143643
1778701762.56328917 -2.75837145 1.31265112 -1.74319341 0.62840928 0.14282613 -0.07032853 0.76141734
1778701762.57361293 -2.77253147 1.31411103 -1.72473497 0.62812721 0.14570168 -0.07372507 0.76078370
1778701762.58397484 -2.78241232 1.31322810 -1.71381133 0.62727254 0.14761656 -0.07641083 0.76085472
1778701762.59432650 -2.79667904 1.31205033 -1.69724876 0.62626240 0.15044192 -0.07998808 0.76076576
1778701762.60462570 -2.81058966 1.31388033 -1.67864388 0.62558751 0.15324898 -0.08380428 0.76034983
1778701762.61492801 -2.82679339 1.31446083 -1.65663606 0.62478745 0.15670063 -0.08774919 0.75985895
1778701762.62526393 -2.83924421 1.31347230 -1.64100897 0.62411757 0.15932260 -0.09045358 0.75954704
1778701762.63552046 -2.85409860 1.31895342 -1.61783198 0.62382671 0.16246507 -0.09461014 0.75861338
1778701762.64581370 -2.87190886 1.31920806 -1.59292550 0.62311255 0.16638810 -0.09851657 0.75785238
1778701762.65615821 -2.88344554 1.32183457 -1.57579494 0.62280462 0.16892150 -0.10137352 0.75716797
1778701762.66647315 -2.89704731 1.32518818 -1.55629325 0.62195073 0.17180879 -0.10528659 0.75668604
1778701762.67672849 -2.91321188 1.32601034 -1.53393877 0.62080751 0.17533585 -0.10928361 0.75624895
1778701762.68706059 -2.92982440 1.32493829 -1.51182452 0.61923402 0.17896441 -0.11334892 0.75609059
1778701762.69739962 -2.94283948 1.32358765 -1.49469465 0.61827914 0.18188884 -0.11604596 0.75576497
1778701762.70770669 -2.95529451 1.32296574 -1.48001188 0.61588525 0.18438207 -0.12039563 0.75643473
1778701762.71800256 -2.96961873 1.32257383 -1.46120158 0.61401787 0.18746969 -0.12445288 0.75653728
1778701762.72832823 -2.97735161 1.32564770 -1.45002706 0.61254794 0.18902003 -0.12786285 0.75677443
1778701762.73865438 -2.99005834 1.33030429 -1.42979088 0.61100425 0.19181675 -0.13237347 0.75654306
1778701762.74901652 -3.00468384 1.33172306 -1.40733202 0.60941181 0.19521344 -0.13655088 0.75621612
1778701762.75935602 -3.01721850 1.32912010 -1.38998649 0.60804720 0.19818516 -0.13927810 0.75604421
1778701762.76957870 -3.03299185 1.32924091 -1.36473693 0.60649854 0.20203323 -0.14332655 0.75551281
1778701762.77983427 -3.04857204 1.32687188 -1.34101653 0.60479719 0.20588435 -0.14702412 0.75512642
1778701762.79008865 -3.06720778 1.32335907 -1.31046813 0.60337636 0.21072779 -0.15070101 0.75420154
1778701762.80037308 -3.07950422 1.32184806 -1.28954833 0.60217101 0.21393408 -0.15362703 0.75367170
1778701762.81062412 -3.09325615 1.32262622 -1.26452429 0.60068597 0.21755055 -0.15760118 0.75300066
1778701762.82096934 -3.10679800 1.31761819 -1.24509660 0.59847964 0.22093552 -0.16097438 0.75305834
1778701762.83144116 -3.12091195 1.31478045 -1.22150800 0.59617709 0.22459104 -0.16502366 0.75292691
1778701762.84176803 -3.12840313 1.31502954 -1.20835945 0.59426311 0.22645421 -0.16833064 0.75314981
1778701762.85217071 -3.14165987 1.31037125 -1.18671476 0.59166247 0.22990913 -0.17224930 0.75326456
1778701762.86254096 -3.14965848 1.30928209 -1.17246704 0.58976467 0.23200740 -0.17534857 0.75339437
1778701762.87290859 -3.16170744 1.30634438 -1.14997862 0.58721178 0.23531737 -0.17949272 0.75338597
1778701762.87308574 -3.16610230 1.30581907 -1.13972373 0.58699609 0.23671617 -0.18044690 0.75288775
1778701762.88326597 -3.17738968 1.30650548 -1.11064173 0.58646828 0.24049740 -0.18343181 0.75137789
1778701762.89357328 -3.18931168 1.32097322 -1.06279328 0.58704210 0.24538976 -0.18882649 0.74800400
1778701762.90391040 -3.20209793 1.31650991 -1.03493059 0.58511004 0.24947113 -0.19240144 0.74725637
1778701762.91427970 -3.21253000 1.31227259 -1.01246853 0.58341818 0.25279349 -0.19519302 0.74673848
1778701762.92463064 -3.22596656 1.30426422 -0.98523272 0.58152127 0.25713310 -0.19808057 0.74597565
1778701762.93492889 -3.23878384 1.29796653 -0.95680132 0.57969443 0.26146506 -0.20116846 0.74506485
1778701762.94525290 -3.24524689 1.30570138 -0.93053207 0.57898676 0.26430615 -0.20520468 0.74351035
1778701762.95554066 -3.25219784 1.30595184 -0.91115703 0.57852779 0.26693890 -0.20726408 0.74235491
1778701762.96584153 -3.26599914 1.28924715 -0.89373128 0.57615442 0.27093925 -0.20843371 0.74242400
1778701762.97614455 -3.27124810 1.29403213 -0.87557532 0.57513641 0.27311660 -0.21169752 0.74149147
1778701762.98648739 -3.27399575 1.31023976 -0.84513707 0.57611451 0.27569333 -0.21548536 0.73868215
1778701762.99679446 -3.27972782 1.31123849 -0.83050347 0.57513220 0.27785844 -0.21782578 0.73794957
1778701763.00709915 -3.28474917 1.32344369 -0.79606122 0.57604837 0.28139360 -0.22136514 0.73483562
1778701763.01745629 -3.29488697 1.31617333 -0.77374187 0.57454360 0.28517153 -0.22331619 0.73396643
1778701763.02776837 -3.30046316 1.31016422 -0.76650183 0.57313649 0.28692068 -0.22437837 0.73406092
1778701763.03807926 -3.31578478 1.29365787 -0.73522384 0.57088060 0.29248903 -0.22606495 0.73310309
1778701763.04837704 -3.30841572 1.32461152 -0.71744891 0.57324856 0.29243501 -0.23012864 0.73000593
1778701763.05868530 -3.30988199 1.33737423 -0.68969457 0.57362032 0.29489891 -0.23366399 0.72759570
1778701763.06908774 -3.29999491 1.37152364 -0.67380829 0.57647764 0.29431077 -0.23762443 0.72428539
1778701763.07939863 -3.30224720 1.37767231 -0.65531726 0.57573289 0.29637731 -0.24063832 0.72303895
1778701763.08972359 -3.30694015 1.37797681 -0.63414031 0.57510142 0.29913120 -0.24274999 0.72170030
1778701763.10009575 -3.31107960 1.37913485 -0.61318409 0.57427643 0.30188291 -0.24527516 0.72035643
1778701763.11043310 -3.31576184 1.37819899 -0.59338841 0.57265916 0.30462580 -0.24806517 0.71953338
1778701763.12079930 -3.32023782 1.37892165 -0.56969924 0.57148253 0.30767969 -0.25089983 0.71818535
1778701763.13115168 -3.32254277 1.37929560 -0.55746539 0.57014502 0.30932882 -0.25307395 0.71777706
1778701763.13134670 -3.32281601 1.38105408 -0.55203117 0.56977642 0.30988962 -0.25404159 0.71748598
1778701763.14151907 -3.32492585 1.38216197 -0.53951504 0.56866386 0.31152015 -0.25611120 0.71692654
1778701763.15182328 -3.32867205 1.38250288 -0.51713918 0.56687368 0.31440571 -0.25925972 0.71595229
1778701763.16216636 -3.33197557 1.38135744 -0.49922750 0.56543205 0.31693568 -0.26172450 0.71507948
1778701763.17246652 -3.33584036 1.37593666 -0.48743602 0.56404401 0.31903232 -0.26305240 0.71475603
1778701763.18283057 -3.33550491 1.38182314 -0.47404158 0.56237080 0.32043315 -0.26645287 0.71418804
1778701763.19312501 -3.33456769 1.39032856 -0.45303263 0.56099439 0.32247173 -0.27043100 0.71285647
1778701763.20339513 -3.33122569 1.40388567 -0.43189787 0.56046399 0.32399162 -0.27435454 0.71108307
1778701763.21376753 -3.33738354 1.39085804 -0.42826163 0.55889710 0.32599223 -0.27430028 0.71142284
1778701763.22406459 -3.33717754 1.39362578 -0.41969278 0.55734912 0.32716394 -0.27684366 0.71111412
1778701763.23440576 -3.33917279 1.39129608 -0.40929668 0.55613934 0.32898586 -0.27847775 0.71058249
1778701763.24476671 -3.34239632 1.38388789 -0.40968022 0.55523636 0.32994375 -0.27836229 0.71088969
1778701763.25510383 -3.34231426 1.38558910 -0.40246603 0.55489640 0.33110901 -0.27974253 0.71007107
1778701763.26538420 -3.34308331 1.38625927 -0.38602112 0.55356982 0.33334625 -0.28225595 0.70906439
1778701763.27567625 -3.34196198 1.38963512 -0.38067879 0.55306208 0.33403189 -0.28378255 0.70852840
1778701763.27585769 -3.33796275 1.40051390 -0.37002140 0.55308462 0.33441040 -0.28609311 0.70740216
1778701763.28603697 -3.34068944 1.39284989 -0.37335022 0.55285189 0.33511187 -0.28531427 0.70756667
1778701763.29633260 -3.33826658 1.39895598 -0.36883427 0.55194691 0.33560236 -0.28760259 0.70711415
1778701763.30658865 -3.33754623 1.39983543 -0.36407459 0.55148360 0.33657508 -0.28888095 0.70649193
1778701763.31689835 -3.33782632 1.39758663 -0.36294645 0.55135593 0.33729407 -0.28915447 0.70613670
1778701763.32720566 -3.33427697 1.40534201 -0.35598087 0.55191770 0.33794916 -0.29075059 0.70472783
1778701763.33749986 -3.33361364 1.40502723 -0.35080564 0.55223580 0.33907148 -0.29131237 0.70370680
1778701763.34778523 -3.32824483 1.41919946 -0.32683919 0.55493546 0.34091990 -0.29291032 0.70001700
1778701763.35812140 -3.32694632 1.42043496 -0.32032656 0.55552616 0.34205297 -0.29353710 0.69873201
1778701763.36838174 -3.32475301 1.42376790 -0.31218016 0.55634021 0.34315724 -0.29437641 0.69718807
1778701763.37869954 -3.32107681 1.42709114 -0.32190104 0.55648884 0.34232181 -0.29487765 0.69726832
1778701763.38901639 -3.31941903 1.42982981 -0.31393037 0.55705492 0.34332844 -0.29562139 0.69600531
1778701763.39934206 -3.31378455 1.43813904 -0.32161352 0.55664353 0.34223140 -0.29734986 0.69613843
1778701763.40964198 -3.30953710 1.44276533 -0.32868794 0.55620952 0.34151721 -0.29859570 0.69630279
1778701763.41997051 -3.30800924 1.44524796 -0.32125083 0.55617979 0.34245932 -0.29969032 0.69539296
1778701763.43033600 -3.30360824 1.45039046 -0.32971353 0.55581345 0.34155857 -0.30080308 0.69564837
1778701763.44064498 -3.29992046 1.45373654 -0.33706701 0.55480484 0.34092343 -0.30225781 0.69613434
1778701763.45089912 -3.29910632 1.45042029 -0.34420342 0.55424939 0.34092269 -0.30235953 0.69653288
1778701763.46125388 -3.29519158 1.45719495 -0.34122920 0.55430885 0.34105657 -0.30377115 0.69580543
1778701763.47154355 -3.29314103 1.45808095 -0.34325968 0.55382693 0.34128242 -0.30462358 0.69570576
1778701763.48184276 -3.29137985 1.45827827 -0.34815257 0.55363326 0.34113933 -0.30491862 0.69580084
1778701763.49222708 -3.28960357 1.45846625 -0.35133068 0.55319371 0.34134517 -0.30554463 0.69577488
1778701763.50258303 -3.28751540 1.45994690 -0.35203676 0.55334366 0.34174760 -0.30600469 0.69525571
1778701763.51287270 -3.28713424 1.45699043 -0.35371078 0.55305887 0.34239812 -0.30613261 0.69510593
1778701763.52321601 -3.28247271 1.46257111 -0.36223376 0.55280873 0.34155081 -0.30715652 0.69527004
1778701763.53351355 -3.28031245 1.46494181 -0.36060958 0.55256865 0.34193467 -0.30810603 0.69485196
1778701763.54381227 -3.27865419 1.46432900 -0.36486545 0.55236833 0.34207340 -0.30837385 0.69482414
1778701763.55412626 -3.27465329 1.46939766 -0.36783322 0.55205530 0.34184727 -0.30962780 0.69462653
1778701763.56437302 -3.27477801 1.46652262 -0.36766786 0.55149974 0.34250471 -0.30995914 0.69459620
1778701763.57471061 -3.27262177 1.46721195 -0.37152560 0.55116564 0.34255686 -0.31052448 0.69458317
1778701763.58505273 -3.27081177 1.46775114 -0.37333022 0.55057286 0.34283437 -0.31136694 0.69453923
1778701763.59545398 -3.27240858 1.46162169 -0.36949236 0.54981733 0.34430720 -0.31160500 0.69430237
1778701763.60577059 -3.26873463 1.46742911 -0.36941779 0.54957357 0.34420809 -0.31294374 0.69394228
1778701763.61612773 -3.26839638 1.46619397 -0.36673815 0.54895798 0.34514944 -0.31368025 0.69362937
1778701763.62637615 -3.27007524 1.46016676 -0.36378813 0.54795107 0.34651976 -0.31404775 0.69357602
1778701763.63666654 -3.26935005 1.46031017 -0.36113962 0.54784846 0.34723464 -0.31450338 0.69309292
1778701763.64701772 -3.26858923 1.46153340 -0.35389199 0.54755259 0.34850710 -0.31550427 0.69223263
1778701763.65731764 -3.26718548 1.46360105 -0.34866767 0.54706999 0.34946229 -0.31669694 0.69158772
1778701763.66761732 -3.26453610 1.46899918 -0.33813266 0.54665143 0.35069206 -0.31861830 0.69041268
1778701763.67796302 -3.26710688 1.46216471 -0.33845450 0.54631570 0.35166974 -0.31802306 0.69045556
1778701763.68828964 -3.26504681 1.46647778 -0.33106927 0.54591954 0.35265028 -0.31956682 0.68955543
1778701763.69857621 -3.26363636 1.46883505 -0.32668297 0.54527496 0.35344312 -0.32087820 0.68905033
1778701763.70887041 -3.26179788 1.47302090 -0.31841163 0.54513254 0.35438142 -0.32217689 0.68807440
1778701763.71919703 -3.26279221 1.46982062 -0.31456670 0.54408481 0.35555250 -0.32297565 0.68792504
1778701763.72948217 -3.26100046 1.47279394 -0.30922423 0.54313808 0.35634999 -0.32468818 0.68745422
1778701763.73983264 -3.26018138 1.47478580 -0.29968571 0.54243404 0.35769951 -0.32620718 0.68658957
1778701763.75008154 -3.26336324 1.46644140 -0.30579790 0.54261344 0.35813901 -0.32465146 0.68695599
1778701763.76032925 -3.26341792 1.46617937 -0.29620582 0.54173010 0.35966302 -0.32599522 0.68622018
1778701763.77057362 -3.26309280 1.46657412 -0.28704305 0.54019441 0.36102677 -0.32795821 0.68577918
1778701763.78089309 -3.26357254 1.46579626 -0.27738022 0.53908396 0.36244570 -0.32933846 0.68524286
1778701763.79124641 -3.26015522 1.47337367 -0.26780408 0.53803792 0.36324678 -0.33197635 0.68436735
1778701763.80154061 -3.25917353 1.47541273 -0.25473144 0.53654014 0.36485990 -0.33431978 0.68354386
1778701763.81188941 -3.25997324 1.47293317 -0.24974829 0.53546908 0.36589682 -0.33524962 0.68337403
1778701763.81206918 -3.25907162 1.47488702 -0.24537429 0.53519468 0.36629300 -0.33603149 0.68299263
1778701763.82222342 -3.25803700 1.47688575 -0.23658589 0.53414239 0.36736097 -0.33776070 0.68238957
1778701763.83252621 -3.25463400 1.48408833 -0.22398736 0.53273616 0.36847962 -0.34078093 0.68138338
1778701763.84290338 -3.25500745 1.48251507 -0.21101899 0.53138028 0.37040078 -0.34249284 0.68054163
1778701763.85327339 -3.25402520 1.48387227 -0.20244374 0.53039598 0.37150370 -0.34408221 0.67990627
1778701763.86357307 -3.25119477 1.48999528 -0.18559976 0.52907252 0.37319489 -0.34704013 0.67850644
1778701763.87387323 -3.25078444 1.49018467 -0.17123265 0.52764753 0.37512446 -0.34908770 0.67750092
1778701763.88418055 -3.25004599 1.49124316 -0.15873633 0.52660550 0.37667789 -0.35081635 0.67655620
1778701763.88436794 -3.25016643 1.49083789 -0.15378813 0.52635376 0.37736045 -0.35122436 0.67615993
1778701763.89447999 -3.24698720 1.49734080 -0.13794007 0.52527148 0.37882453 -0.35390807 0.67478213
1778701763.90480328 -3.24720941 1.49626788 -0.12168084 0.52421572 0.38110397 -0.35551792 0.67347208
1778701763.91516519 -3.24644472 1.49703437 -0.10981379 0.52323007 0.38263559 -0.35712234 0.67252058
1778701763.92553806 -3.24465142 1.49995175 -0.09295320 0.52208699 0.38464187 -0.35941906 0.67103931
1778701763.93583918 -3.24041798 1.50814584 -0.07328399 0.52102042 0.38650752 -0.36252821 0.66912103
1778701763.94612527 -3.23937417 1.50879204 -0.05429545 0.51967730 0.38892297 -0.36473511 0.66756478
1778701763.95638371 -3.23936899 1.50766109 -0.04108697 0.51899908 0.39078161 -0.36585752 0.66639176
1778701763.95656872 -3.23813353 1.50981482 -0.03470727 0.51873862 0.39139495 -0.36670665 0.66576758
1778701763.96669412 -3.23549456 1.51422319 -0.02028952 0.51772430 0.39288471 -0.36891804 0.66445664
1778701763.97700548 -3.23506283 1.51362248 -0.00655347 0.51636319 0.39482665 -0.37072550 0.66335781
1778701763.98731446 -3.23238168 1.51763864 0.00769031 0.51464056 0.39639556 -0.37348985 0.66220917
1778701763.99761605 -3.23053157 1.52007178 0.02277579 0.51365017 0.39810999 -0.37541726 0.66085840
1778701764.00800157 -3.22687887 1.52575128 0.03993665 0.51245882 0.39987062 -0.37816332 0.65915245
1778701764.01843524 -3.22506933 1.52798731 0.05214655 0.51037192 0.40133192 -0.38084442 0.65833937
1778701764.02876163 -3.22124500 1.53387753 0.06853964 0.50917978 0.40298864 -0.38357760 0.65666150
1778701764.03909612 -3.21873237 1.53679222 0.08430068 0.50878151 0.40474430 -0.38521367 0.65493042
1778701764.04935646 -3.21268267 1.54573757 0.10898685 0.50759153 0.40700399 -0.38870369 0.65238641
1778701764.05985403 -3.20770900 1.55159937 0.13346578 0.50696948 0.40954108 -0.39135177 0.64969365
1778701764.07095575 -3.20447808 1.55502571 0.15218176 0.50530749 0.41161261 -0.39412910 0.64799818
1778701764.08146429 -3.20178312 1.55696981 0.17164361 0.50353227 0.41388481 -0.39679597 0.64630300
1778701764.09181714 -3.19814685 1.56212042 0.18349455 0.50242055 0.41499918 -0.39908595 0.64504239
1778701764.10212898 -3.19310901 1.56829046 0.20473824 0.50113449 0.41711056 -0.40206257 0.64282866
1778701764.11238337 -3.18630355 1.57815646 0.22498053 0.49952032 0.41881556 -0.40576199 0.64064825
1778701764.12268472 -3.18158884 1.58451280 0.24070891 0.49850743 0.42024091 -0.40825332 0.63891874
1778701764.13304186 -3.17599136 1.59200589 0.25798361 0.49680913 0.42182373 -0.41153540 0.63709030
1778701764.14337516 -3.16754147 1.60535364 0.27496322 0.49532391 0.42293151 -0.41545929 0.63496200
1778701764.15366888 -3.15523505 1.61981847 0.31445369 0.49467398 0.42631055 -0.41976194 0.63036250
1778701764.16396761 -3.16045015 1.61118988 0.30994408 0.49254830 0.42689751 -0.42003582 0.63144644
1778701764.17428470 -3.15703058 1.61478851 0.32442773 0.49020979 0.42857544 -0.42292535 0.63019966
1778701764.18458223 -3.14701509 1.62513986 0.35789003 0.48958276 0.43171799 -0.42631920 0.62624295
1778701764.19488049 -3.14062336 1.63068375 0.38136002 0.48901284 0.43408423 -0.42854967 0.62352426
1778701764.20517373 -3.13522891 1.63465737 0.40410115 0.48638548 0.43658017 -0.43188817 0.62152999
1778701764.21549654 -3.13147447 1.63891860 0.41583157 0.48456526 0.43797089 -0.43433008 0.62027042
1778701764.22584629 -3.12061279 1.64969665 0.44889520 0.48294583 0.44101892 -0.43825266 0.61660379
1778701764.23628330 -3.12365703 1.64491066 0.44764546 0.47977897 0.44166959 -0.43974631 0.61754619
1778701764.24674535 -3.11518441 1.65359439 0.47264232 0.47818068 0.44404962 -0.44302152 0.61473174
1778701764.25704312 -3.10873619 1.65696404 0.49973821 0.47583499 0.44708001 -0.44606332 0.61215034
1778701764.26739669 -3.09928356 1.66787947 0.52027313 0.47484049 0.44872035 -0.44904923 0.60953371
1778701764.26759076 -3.09526541 1.67058600 0.53359285 0.47414332 0.44999955 -0.45034367 0.60817686
1778701764.27772331 -3.08761263 1.67867725 0.55157174 0.47294998 0.45161219 -0.45295955 0.60596402
1778701764.28809452 -3.08458615 1.68181947 0.56008164 0.47101694 0.45280095 -0.45507093 0.60499983
1778701764.29842710 -3.07642084 1.68790822 0.58512949 0.46820337 0.45541103 -0.45862898 0.60253287
1778701764.30873322 -3.06956060 1.69606532 0.59746307 0.46652167 0.45641919 -0.46133225 0.60100883
1778701764.31912756 -3.06079631 1.70535191 0.61478106 0.46496381 0.45799004 -0.46432238 0.59871404
1778701764.32948208 -3.05394180 1.70960831 0.63490046 0.46246592 0.46019669 -0.46725413 0.59667232
1778701764.33980131 -3.04682237 1.71416618 0.65354265 0.45994439 0.46221849 -0.47019214 0.59474749
1778701764.35008955 -3.04040220 1.71720275 0.67194099 0.45799916 0.46418570 -0.47250545 0.59288026
1778701764.36042523 -3.04286888 1.71162725 0.67512463 0.45407708 0.46538891 -0.47431422 0.59350921
1778701764.37068391 -3.02694675 1.72254233 0.71003133 0.45200751 0.46847091 -0.47839445 0.58937507
1778701764.38100553 -3.01845979 1.72496879 0.73415639 0.44959433 0.47099042 -0.48107413 0.58702696
1778701764.39126778 -3.02438386 1.71625187 0.73003789 0.44507313 0.47161582 -0.48255325 0.58875359
1778701764.40150213 -3.00835026 1.72521699 0.76567102 0.44250282 0.47487234 -0.48665242 0.58468534
1778701764.41183114 -2.99800144 1.73130983 0.78641911 0.44045486 0.47674666 -0.48951760 0.58230976
1778701764.41215062 -2.99512912 1.73311858 0.79195000 0.43989564 0.47725811 -0.49031757 0.58164010
1778701764.42224646 -2.99034079 1.73562695 0.80177257 0.43730056 0.47832002 -0.49261097 0.58078620
1778701764.43253899 -2.99057271 1.73297779 0.80394369 0.43344397 0.47909129 -0.49474727 0.58122543
1778701764.44284868 -2.97960176 1.73611996 0.83085657 0.43043635 0.48190269 -0.49789545 0.57844141
1778701764.45321012 -2.97171938 1.74132396 0.84432095 0.42836508 0.48313670 -0.50035342 0.57682644
1778701764.46355224 -2.95494813 1.74769720 0.88065843 0.42545687 0.48666301 -0.50413304 0.57270887
1778701764.47386217 -2.95880321 1.74035635 0.88080321 0.42208067 0.48759694 -0.50515774 0.57350919
1778701764.48423076 -2.94325434 1.74928741 0.90828736 0.41952252 0.49006455 -0.50877886 0.57007163
1778701764.49457502 -2.92412421 1.76091665 0.94023760 0.41813491 0.49270190 -0.51222265 0.56571723
1778701764.50487661 -2.91638936 1.76492450 0.95273511 0.41522640 0.49406386 -0.51487101 0.56426570
1778701764.51516986 -2.90057294 1.77517442 0.97604483 0.41315185 0.49606902 -0.51826527 0.56091193
1778701764.52549386 -2.88870981 1.78183519 0.99504078 0.41207244 0.49782638 -0.52041816 0.55814885
1778701764.53582430 -2.87660061 1.78880232 1.01261495 0.41007942 0.49953009 -0.52310212 0.55557964
1778701764.54610538 -2.86277039 1.79659607 1.03226033 0.40841609 0.50138334 -0.52579973 0.55258094
1778701764.55639338 -2.84895092 1.80150365 1.05603080 0.40703638 0.50387346 -0.52801655 0.54920983
1778701764.56667209 -2.83745494 1.80776272 1.07198670 0.40620155 0.50536834 -0.52988010 0.54665366
1778701764.57697678 -2.82500117 1.81329126 1.08955763 0.40452147 0.50719374 -0.53218401 0.54396422
1778701764.58731866 -2.81462376 1.81306304 1.11029334 0.40374271 0.50974965 -0.53331475 0.54103835
1778701764.59773922 -2.80209809 1.81702353 1.13013263 0.40267589 0.51177483 -0.53506678 0.53818416
1778701764.60807037 -2.78910894 1.82263924 1.14692450 -0.40160113 -0.51351164 0.53704737 -0.53535264
1778701764.61833692 -2.77597646 1.82107193 1.17272561 -0.40005134 -0.51663452 0.53852601 -0.53201263
1778701764.62862253 -2.76481179 1.82374147 1.18938986 -0.39879708 -0.51843022 0.54011433 -0.52959182
1778701764.62880802 -2.77469836 1.81805632 1.17557777 -0.39796243 -0.51763507 0.53939481 -0.53172650
1778701764.63897491 -2.76304544 1.82127234 1.19206289 -0.39718316 -0.51936157 0.54084433 -0.52914696
1778701764.64927292 -2.75109853 1.82209690 1.21043475 -0.39505989 -0.52157075 0.54272473 -0.52663223
1778701764.65956712 -2.74382586 1.82186193 1.22059995 -0.39327489 -0.52304730 0.54404023 -0.52514438
1778701764.66992378 -2.73317974 1.82741101 1.23057830 -0.39158430 -0.52396698 0.54607926 -0.52337155
1778701764.68024874 -2.72851060 1.82441117 1.23839989 -0.38945367 -0.52541924 0.54711670 -0.52242107
1778701764.69050193 -2.71551350 1.82960756 1.25148636 -0.38747524 -0.52679437 0.54937624 -0.52013111
1778701764.70080280 -2.70655416 1.81028956 1.28882437 -0.38954205 -0.53223283 0.54694975 -0.51558819
1778701764.71114039 -2.69305186 1.81787274 1.30023702 -0.38816759 -0.53314383 0.54913862 -0.51335208
1778701764.72140670 -2.68194231 1.82073001 1.31110847 -0.38714553 -0.53447275 0.55058713 -0.51118590
1778701764.73169971 -2.67577771 1.82091851 1.31602563 -0.38493069 -0.53543344 0.55200430 -0.51032406
1778701764.74209476 -2.66934081 1.82421864 1.31893994 -0.38432870 -0.53583843 0.55305062 -0.50921866
1778701764.74239254 -2.66662909 1.82365940 1.32298095 -0.38430501 -0.53638655 0.55315553 -0.50854507
1778701764.75251222 -2.66012584 1.82425755 1.32935803 -0.38248926 -0.53731474 0.55441842 -0.50755794
1778701764.76290631 -2.66577380 1.80012416 1.34306609 -0.38392697 -0.54081094 0.55100468 -0.50647551
1778701764.77321887 -2.65073638 1.81475918 1.34463959 -0.37991943 -0.54041106 0.55519979 -0.50534178
1778701764.78351116 -2.64374043 1.81398233 1.35204739 -0.37893543 -0.54153253 0.55597955 -0.50402103
1778701764.79378653 -2.63324041 1.82328365 1.35212712 -0.37739146 -0.54133857 0.55825932 -0.50286655
1778701764.80406785 -2.63271186 1.81615835 1.35384304 -0.37753615 -0.54246689 0.55755057 -0.50232808
1778701764.81436276 -2.62514197 1.81721611 1.36023946 -0.37607014 -0.54336114 0.55875445 -0.50112213
1778701764.82467198 -2.63703693 1.79634652 1.35695684 -0.37879059 -0.54497228 0.55481816 -0.50169682
1778701764.83496451 -2.61842148 1.81142790 1.36254561 -0.37439092 -0.54491790 0.55939433 -0.49997390
1778701764.84527755 -2.61941115 1.81481519 1.34964394 -0.37352715 -0.54378694 0.56020104 -0.50094712
1778701764.85562372 -2.61520533 1.81236211 1.35132819 -0.37301693 -0.54458501 0.56047455 -0.50015380
1778701764.86590552 -2.61547125 1.80977831 1.34455524 -0.37304802 -0.54457790 0.56031120 -0.50032135
1778701764.87620354 -2.60957720 1.80880408 1.34996210 -0.37286080 -0.54550535 0.56062301 -0.49909976
1778701764.88653612 -2.60685092 1.80811420 1.34637934 -0.37296087 -0.54567026 0.56075818 -0.49869271
1778701764.89685655 -2.60548371 1.80817057 1.33938692 -0.37231232 -0.54545002 0.56122252 -0.49889587
1778701764.90711832 -2.59936935 1.80897851 1.34036077 -0.37231828 -0.54594970 0.56169220 -0.49781512
1778701764.91738510 -2.60062348 1.80405445 1.33742262 -0.37182097 -0.54639472 0.56134833 -0.49808637
1778701764.91756105 -2.59950279 1.80656347 1.33377254 -0.37201318 -0.54598772 0.56162865 -0.49807316
1778701764.92768908 -2.59557390 1.80610992 1.33459112 -0.37189760 -0.54646337 0.56187049 -0.49736456
1778701764.93799877 -2.59603584 1.80262649 1.32897905 -0.37170950 -0.54668402 0.56159590 -0.49757279
1778701764.94824433 -2.59274972 1.80372331 1.32401082 -0.37202133 -0.54664256 0.56180193 -0.49715253
1778701764.95854473 -2.59383967 1.79832816 1.32214396 -0.37246130 -0.54724810 0.56096280 -0.49710445
1778701764.96887589 -2.59007114 1.79949944 1.31809023 -0.37242202 -0.54732705 0.56133137 -0.49663067
1778701764.97919440 -2.58661547 1.79798040 1.31759692 -0.37209327 -0.54795022 0.56144667 -0.49605926
1778701764.98953748 -2.58688991 1.79526244 1.31399451 -0.37277201 -0.54825870 0.56079503 -0.49594593
1778701764.98971915 -2.58445869 1.79787244 1.31276187 -0.37362303 -0.54811507 0.56081495 -0.49544151
1778701764.99982548 -2.58268004 1.79821871 1.30918429 -0.37354523 -0.54817449 0.56095577 -0.49527499
1778701765.01006579 -2.58072098 1.79739286 1.30536959 -0.37276853 -0.54844202 0.56123649 -0.49524597
1778701765.02039361 -2.58147564 1.79245690 1.30217404 -0.37333465 -0.54912065 0.56031789 -0.49510767
1778701765.03076124 -2.57895578 1.79203557 1.30104664 -0.37252116 -0.54948877 0.56068024 -0.49490176
1778701765.04111981 -2.57190237 1.79436702 1.30315455 -0.37184474 -0.55012889 0.56145804 -0.49381633
1778701765.05149364 -2.56918641 1.79577892 1.29845537 -0.37229495 -0.55018352 0.56145397 -0.49342072
1778701765.06178951 -2.57174335 1.79523084 1.28868795 -0.37194502 -0.54971709 0.56138005 -0.49428784
1778701765.07203960 -2.56616299 1.79896244 1.28622222 -0.37214683 -0.54980542 0.56190148 -0.49344449
1778701765.08230019 -2.56686536 1.80052602 1.27507821 -0.37240787 -0.54919633 0.56188021 -0.49394980
1778701765.09258962 -2.56308656 1.80556228 1.26763705 -0.37261384 -0.54866877 0.56249316 -0.49368306
1778701765.10288644 -2.56029563 1.80777494 1.26402816 -0.37248344 -0.54856503 0.56291019 -0.49342132
1778701765.11319280 -2.55428608 1.81317469 1.26030307 -0.37274810 -0.54832583 0.56365732 -0.49263380
1778701765.12343073 -2.54873431 1.82000657 1.25357859 -0.37310846 -0.54766191 0.56453830 -0.49209046
1778701765.13366103 -2.55426133 1.81478498 1.24387595 -0.37296807 -0.54745647 0.56380171 -0.49326856
1778701765.14399099 -2.55156939 1.81993487 1.23352533 -0.37491635 -0.54653546 0.56367909 -0.49295294
1778701765.15425658 -2.54411403 1.82684576 1.22996103 -0.37386836 -0.54609987 0.56534755 -0.49232056
1778701765.16450119 -2.54573386 1.82948612 1.21600185 -0.37395062 -0.54486107 0.56567914 -0.49324889
1778701765.17478657 -2.54283796 1.83225978 1.20917733 -0.37377131 -0.54439111 0.56630072 -0.49319045
1778701765.18506527 -2.54288510 1.83369057 1.19813946 -0.37397453 -0.54361508 0.56649095 -0.49367368
1778701765.19529510 -2.54325418 1.83529269 1.18624886 -0.37381887 -0.54272707 0.56686775 -0.49433564
1778701765.20558596 -2.54109014 1.83813808 1.18005264 -0.37354975 -0.54220185 0.56752132 -0.49436554
1778701765.21591282 -2.53997899 1.84076018 1.16988085 -0.37428041 -0.54143822 0.56763967 -0.49451394
1778701765.22615361 -2.53539102 1.84442704 1.16561673 -0.37539396 -0.54119054 0.56782431 -0.49372839
1778701765.23642516 -2.53397974 1.84674195 1.15887271 -0.37603373 -0.54068985 0.56791746 -0.49368297
1778701765.24674368 -2.52112436 1.85980627 1.15743226 -0.37617582 -0.54003119 0.56999881 -0.49189371
1778701765.25699377 -2.52152656 1.85959345 1.14938169 -0.37826033 -0.53977857 0.56896554 -0.49176867
1778701765.26722074 -2.51812744 1.86351870 1.14443560 -0.37855326 -0.53937799 0.56948514 -0.49138121
1778701765.27748775 -2.51698644 1.86353532 1.13936412 -0.38009252 -0.53942268 0.56878521 -0.49095441
1778701765.28776026 -2.51404607 1.86621466 1.13357371 -0.38099884 -0.53920550 0.56880534 -0.49046692
1778701765.29799032 -2.51595574 1.86476075 1.12620872 -0.38279229 -0.53901622 0.56764558 -0.49062212
1778701765.29816508 -2.51305174 1.86610529 1.12795533 -0.38232547 -0.53923075 0.56817168 -0.49014117
1778701765.30833197 -2.51111677 1.86612111 1.12588604 -0.38272745 -0.53946129 0.56803968 -0.48972659
1778701765.31863689 -2.51470204 1.85849352 1.12302168 -0.38489365 -0.54037722 0.56582646 -0.48958120
1778701765.32886171 -2.51579834 1.85455545 1.11913483 -0.38598520 -0.54089722 0.56471877 -0.48942653
1778701765.33921790 -2.51734988 1.85098404 1.11607805 -0.38655811 -0.54131040 0.56389754 -0.48946444
1778701765.34962940 -2.51462174 1.85137333 1.11387503 -0.38755257 -0.54164603 0.56352617 -0.48873391
1778701765.35989928 -2.51472089 1.84709348 1.11324794 -0.38826925 -0.54249481 0.56258493 -0.48830787
1778701765.37019181 -2.51030875 1.84838811 1.11456669 -0.38806031 -0.54293131 0.56306378 -0.48743612
1778701765.38045073 -2.51058938 1.84671200 1.10960165 -0.38866298 -0.54311402 0.56248612 -0.48741934
1778701765.39069676 -2.50750287 1.84825185 1.10658730 -0.38847499 -0.54321035 0.56290802 -0.48697459
1778701765.40094137 -2.50616437 1.84723574 1.10411229 -0.38854030 -0.54354769 0.56280358 -0.48666669
1778701765.41121531 -2.50578090 1.84721683 1.09978477 -0.38814705 -0.54347862 0.56304104 -0.48678295
1778701765.42145944 -2.50461042 1.84672969 1.09602049 -0.38765330 -0.54361979 0.56330432 -0.48671418
1778701765.43172884 -2.50286395 1.84651562 1.09334841 -0.38793696 -0.54383664 0.56323688 -0.48632380
1778701765.44200659 -2.49521482 1.85342980 1.09315877 -0.38640216 -0.54360966 0.56526059 -0.48545068
1778701765.45232081 -2.50065080 1.84881334 1.08268772 -0.38672678 -0.54339566 0.56432401 -0.48652025
1778701765.46260619 -2.48990172 1.85823978 1.08318917 -0.38511591 -0.54314479 0.56685107 -0.48513847
1778701765.47291088 -2.49342860 1.85541299 1.07576012 -0.38562357 -0.54297247 0.56610827 -0.48579500
1778701765.48317885 -2.48822827 1.85886234 1.07403503 -0.38500602 -0.54297907 0.56714752 -0.48506473
1778701765.49351811 -2.48583889 1.86020227 1.07004606 -0.38438984 -0.54293770 0.56780844 -0.48482644
1778701765.50385451 -2.48130625 1.86300675 1.06770640 -0.38377385 -0.54293691 0.56875361 -0.48420706
1778701765.51419640 -2.48039974 1.86299617 1.06395157 -0.38312499 -0.54291695 0.56919325 -0.48422667
1778701765.52445817 -2.47551120 1.86677122 1.06066263 -0.38253993 -0.54274896 0.57028459 -0.48359307
1778701765.53477693 -2.47343541 1.86564620 1.05918363 -0.38177409 -0.54315476 0.57073774 -0.48320791
1778701765.54504585 -2.46972802 1.86876388 1.05615910 -0.38156153 -0.54294346 0.57150435 -0.48270693
1778701765.55527973 -2.46690622 1.86797258 1.05559548 -0.38057937 -0.54340410 0.57216617 -0.48217963
1778701765.56553698 -2.46409169 1.86976569 1.05087734 -0.37973375 -0.54322385 0.57310627 -0.48193291
1778701765.57585883 -2.46020557 1.87104703 1.05147633 -0.37904199 -0.54351989 0.57388459 -0.48121699
1778701765.57601643 -2.45917005 1.87195294 1.05022988 -0.37901521 -0.54343295 0.57409635 -0.48108365
1778701765.58609486 -2.45624098 1.87315887 1.04852142 -0.37806811 -0.54349216 0.57498522 -0.48070031
1778701765.59643698 -2.45326931 1.87386355 1.04615708 -0.37708266 -0.54363904 0.57586420 -0.48025586
1778701765.60668302 -2.44941063 1.87454025 1.04553267 -0.37609411 -0.54396957 0.57678689 -0.47954897
1778701765.61692882 -2.44669162 1.87521163 1.04425892 -0.37516915 -0.54411460 0.57760393 -0.47912535
1778701765.62723088 -2.43855881 1.88139673 1.04372926 -0.37456870 -0.54402183 0.57920405 -0.47776689
1778701765.63758922 -2.43464557 1.88349804 1.04110603 -0.37352689 -0.54403908 0.58033892 -0.47718536
1778701765.64793444 -2.43051552 1.88601357 1.04006040 -0.37240518 -0.54406221 0.58153727 -0.47657643
1778701765.64811563 -2.42983280 1.88647379 1.03902155 -0.37234880 -0.54403709 0.58169816 -0.47645280
1778701765.65825152 -2.42698175 1.88681097 1.03893925 -0.37116595 -0.54433815 0.58259382 -0.47593724
1778701765.66859388 -2.42351386 1.88865210 1.03604429 -0.36988329 -0.54435331 0.58380296 -0.47543657
1778701765.67888880 -2.42055459 1.88944532 1.03365572 -0.36864620 -0.54451341 0.58483209 -0.47494901
1778701765.68921804 -2.41690928 1.89112949 1.03323352 -0.36763322 -0.54468815 0.58582489 -0.47430986
1778701765.69955158 -2.41258068 1.89381135 1.03049815 -0.36638605 -0.54467299 0.58715212 -0.47365070
1778701765.70983791 -2.40890357 1.89414861 1.03071976 -0.36468967 -0.54515699 0.58833126 -0.47293935
1778701765.72017145 -2.40355970 1.89754284 1.03080403 -0.36376654 -0.54526823 0.58955263 -0.47200016
1778701765.72037506 -2.40965079 1.89347126 1.02314063 -0.36250007 -0.54489909 0.58951590 -0.47344449
1778701765.73047900 -2.40996881 1.89202967 1.01962016 -0.36117335 -0.54501805 0.59011833 -0.47357100
1778701765.74072576 -2.40029774 1.89763289 1.02387512 -0.35935288 -0.54549458 0.59220706 -0.47179654
1778701765.75101089 -2.39719883 1.89800395 1.02457889 -0.35806624 -0.54590996 0.59312026 -0.47114672
1778701765.76132298 -2.39407008 1.89844345 1.02365105 -0.35594851 -0.54625697 0.59450213 -0.47060726
1778701765.77159023 -2.39110184 1.89982465 1.02055376 -0.35427211 -0.54631789 0.59580945 -0.47014798
1778701765.78184533 -2.38851998 1.89868725 1.02179582 -0.35278251 -0.54705279 0.59661227 -0.46939487
1778701765.79220843 -2.37776093 1.90554452 1.02795139 -0.35120446 -0.54751456 0.59871101 -0.46736321
1778701765.80249310 -2.37369099 1.90674675 1.02819423 -0.34920275 -0.54794712 0.60012661 -0.46653986
1778701765.81276226 -2.36760878 1.90666620 1.03432159 -0.34702935 -0.54910858 0.60149778 -0.46502775
1778701765.82299876 -2.36531832 1.90800185 1.03251950 -0.34558627 -0.54919168 0.60253688 -0.46465895
1778701765.82314801 -2.36173582 1.90849010 1.03733858 -0.34526902 -0.54980705 0.60288208 -0.46371834
1778701765.83334827 -2.35884654 1.90776588 1.03980666 -0.34318991 -0.55048500 0.60397783 -0.46303103
1778701765.84374571 -2.35536499 1.90655081 1.04338058 -0.34117311 -0.55148655 0.60497766 -0.46202330
1778701765.85402203 -2.33703240 1.90864324 1.07076700 -0.34062990 -0.55479169 0.60601053 -0.45708717
1778701765.86431909 -2.33391682 1.90958768 1.07140865 -0.33830831 -0.55515643 0.60739291 -0.45653334
1778701765.87457824 -2.32700338 1.91259551 1.07481330 -0.33646191 -0.55583278 0.60892985 -0.45502500
1778701765.88489699 -2.31969324 1.91376812 1.08204104 -0.33457921 -0.55706838 0.61021004 -0.45318350
1778701765.89520073 -2.31546313 1.91411642 1.08566427 -0.33303595 -0.55783579 0.61113659 -0.45212649
1778701765.90546489 -2.30674918 1.91628258 1.09385218 -0.33022755 -0.55904814 0.61301298 -0.45014445
1778701765.91580701 -2.30005287 1.91617994 1.10162852 -0.32827364 -0.56042307 0.61410333 -0.44837428
1778701765.92613459 -2.29095740 1.91869591 1.10919425 -0.32643933 -0.56156552 0.61557185 -0.44626543
1778701765.93639517 -2.28557116 1.91615650 1.11942303 -0.32380763 -0.56318705 0.61658943 -0.44473187
1778701765.94670510 -2.27648826 1.91742961 1.12851936 -0.32219230 -0.56457258 0.61776286 -0.44251437
1778701765.95697355 -2.26772801 1.91855476 1.13693933 -0.31977390 -0.56582285 0.61931467 -0.44049800
1778701765.96729183 -2.25994064 1.92049195 1.14335877 -0.31763343 -0.56666449 0.62081287 -0.43885276
1778701765.97753477 -2.25304551 1.91933681 1.15155930 -0.31504418 -0.56802277 0.62207795 -0.43716852
1778701765.98783398 -2.24577954 1.91756570 1.16108143 -0.31194832 -0.56952693 0.62349893 -0.43540372
1778701765.99816823 -2.23625011 1.91799653 1.17115541 -0.30926272 -0.57092763 0.62505491 -0.43324886
1778701766.00852513 -2.22548144 1.92155561 1.18002341 -0.30716350 -0.57187204 0.62675887 -0.43102931
1778701766.01891160 -2.21680924 1.92104707 1.18973470 -0.30426187 -0.57329924 0.62823003 -0.42904514
1778701766.02920914 -2.20609033 1.92067088 1.20245818 -0.30098587 -0.57501853 0.62988463 -0.42662227
1778701766.03949261 -2.19933835 1.91928466 1.21139421 -0.29851244 -0.57632812 0.63094256 -0.42502672
1778701766.04983878 -2.18619054 1.91955776 1.22660320 -0.29571190 -0.57829772 0.63246811 -0.42203118
1778701766.06010747 -2.17747698 1.91909257 1.23522607 -0.29272947 -0.57961493 0.63392465 -0.42011370
1778701766.07040262 -2.16431617 1.92011126 1.24899336 -0.28973408 -0.58137775 0.63559017 -0.41722801
1778701766.08076072 -2.14965856 1.91733983 1.27236914 -0.28587035 -0.58422648 0.63699295 -0.41376025
1778701766.09101105 -2.13586960 1.91439178 1.29215916 -0.28196658 -0.58685967 0.63839610 -0.41053745
1778701766.10127854 -2.12278972 1.91479584 1.30589523 -0.27937478 -0.58869851 0.63970415 -0.40763023
1778701766.11155939 -2.11085373 1.90492988 1.33359548 -0.27630755 -0.59258979 0.63960713 -0.40422048
1778701766.12186885 -2.09561191 1.90133496 1.35528594 -0.27448604 -0.59561422 0.63996170 -0.40043743
1778701766.13213992 -2.08292747 1.90109560 1.36882234 -0.27199235 -0.59749691 0.64103884 -0.39760132
1778701766.14248347 -2.06327942 1.90429251 1.38815076 -0.27038671 -0.59964629 0.64227934 -0.39343691
1778701766.14264894 -2.05787547 1.90667962 1.39100340 -0.27002762 -0.59990327 0.64281859 -0.39240974
1778701766.15279317 -2.04568173 1.90671515 1.40377273 -0.26786101 -0.60155172 0.64377375 -0.38979657
1778701766.16310406 -2.03319350 1.90705746 1.41481145 -0.26550768 -0.60314174 0.64484959 -0.38716240
1778701766.17333007 -2.00367593 1.91027148 1.44358836 -0.26365337 -0.60638886 0.64625737 -0.38096045
1778701766.18364072 -1.99085855 1.90971981 1.45676364 -0.26131438 -0.60810756 0.64716070 -0.37828960
1778701766.19391108 -1.97661605 1.91147442 1.46666631 -0.25943213 -0.60948196 0.64827002 -0.37546331
1778701766.20418119 -1.95727088 1.91351275 1.48225959 -0.25664625 -0.61137070 0.64977452 -0.37168756
1778701766.21451521 -1.94770990 1.91128521 1.49209893 -0.25459927 -0.61287266 0.65029958 -0.36969822
1778701766.21469474 -1.94556183 1.90793786 1.49748586 -0.25376282 -0.61376317 0.65012919 -0.36909517
1778701766.22481132 -1.95129879 1.89174052 1.50520553 -0.25158417 -0.61603733 0.64857954 -0.36952401
1778701766.23512936 -1.91956396 1.90768221 1.51848456 -0.24906264 -0.61667930 0.65202084 -0.36406492
1778701766.24546099 -1.90487467 1.90711744 1.53031100 -0.24622193 -0.61833094 0.65308131 -0.36128439
1778701766.25575709 -1.91033970 1.89540745 1.53303784 -0.24426936 -0.61975420 0.65209585 -0.36195057
1778701766.26606917 -1.88247326 1.90786361 1.54470367 -0.24148842 -0.62042869 0.65508978 -0.35722396
1778701766.27635527 -1.86698458 1.91292830 1.55030112 -0.23960844 -0.62104345 0.65664875 -0.35454937
1778701766.28661489 -1.85652305 1.91632210 1.55323295 -0.23699317 -0.62133954 0.65819451 -0.35291841
1778701766.29685235 -1.84444055 1.91938971 1.55682821 -0.23493134 -0.62185900 0.65952351 -0.35089511
1778701766.30713582 -1.83046533 1.92198966 1.56285562 -0.23205356 -0.62262280 0.66105635 -0.34856347
1778701766.31742334 -1.82102465 1.92505747 1.56461769 -0.23031804 -0.62284601 0.66223477 -0.34707572
1778701766.31760311 -1.82518074 1.91657361 1.56821759 -0.22976085 -0.62390292 0.66119093 -0.34753655
1778701766.32768154 -1.80786068 1.92373298 1.57392375 -0.22710510 -0.62419768 0.66327934 -0.34476231
1778701766.33793068 -1.79693991 1.93044614 1.57112872 -0.22532508 -0.62378119 0.66506118 -0.34324811
1778701766.34824800 -1.78336779 1.93116092 1.57795727 -0.22265192 -0.62475037 0.66623246 -0.34095073
1778701766.35852265 -1.77586070 1.93204155 1.57962669 -0.22077512 -0.62508934 0.66712127 -0.33981005
1778701766.36883759 -1.76385776 1.93775911 1.57843523 -0.21880807 -0.62488253 0.66883076 -0.33809803
1778701766.37909722 -1.76218166 1.93483949 1.57618663 -0.21778002 -0.62522970 0.66892310 -0.33793722
1778701766.38936400 -1.74390837 1.94134153 1.58238752 -0.21659060 -0.62568425 0.67043742 -0.33484534
1778701766.39966416 -1.74496349 1.93822444 1.57694939 -0.21642887 -0.62576690 0.67023731 -0.33519588
1778701766.40991020 -1.72208364 1.94375022 1.58669794 -0.21490289 -0.62677616 0.67175577 -0.33122889
1778701766.42021251 -1.72263286 1.94481650 1.57924332 -0.21365462 -0.62619889 0.67245786 -0.33170330
1778701766.42038155 -1.72698715 1.94253793 1.57527099 -0.21437150 -0.62608826 0.67194071 -0.33249666
1778701766.43047476 -1.70625299 1.94060090 1.59311225 -0.21334440 -0.62842205 0.67208203 -0.32844427
1778701766.44077659 -1.71467046 1.94849453 1.56731294 -0.21208616 -0.62554275 0.67389804 -0.33102441
1778701766.45111251 -1.70832779 1.94429443 1.57283489 -0.21192498 -0.62679105 0.67341865 -0.32973945
1778701766.46137071 -1.70236087 1.94821977 1.56678270 -0.21160885 -0.62635437 0.67425301 -0.32906651
1778701766.47165203 -1.68808187 1.94362620 1.57910012 -0.21105427 -0.62848267 0.67381758 -0.32624452
1778701766.48193884 -1.67075932 1.95323365 1.57783616 -0.21011957 -0.62812494 0.67570109 -0.32363076
1778701766.49229836 -1.67118829 1.95114371 1.57450241 -0.21027015 -0.62829535 0.67540130 -0.32382787
1778701766.49254489 -1.66442992 1.95264825 1.57760131 -0.21035530 -0.62864715 0.67562950 -0.32261152
1778701766.50269866 -1.65831152 1.95362935 1.57715643 -0.20990938 -0.62887456 0.67598780 -0.32170691
1778701766.51300073 -1.65251729 1.95588206 1.57315702 -0.20928901 -0.62873426 0.67662503 -0.32104502
1778701766.52323580 -1.63585141 1.96497123 1.57151768 -0.20833513 -0.62835399 0.67842966 -0.31859210
1778701766.53352094 -1.63211763 1.96293143 1.57278579 -0.20698979 -0.62893744 0.67854515 -0.31807139
1778701766.54386401 -1.61630293 1.97395879 1.56745286 -0.20666108 -0.62805804 0.68048212 -0.31587715
1778701766.55420876 -1.60906590 1.97538461 1.56778747 -0.20514104 -0.62830161 0.68119068 -0.31485471
1778701766.55439544 -1.60836892 1.97376594 1.56896775 -0.20435629 -0.62864161 0.68116017 -0.31475236
1778701766.56445932 -1.59702941 1.97717120 1.57037586 -0.20327666 -0.62888264 0.68207151 -0.31299150
1778701766.57478476 -1.59128254 1.97479186 1.57198265 -0.20122925 -0.62967155 0.68231362 -0.31219970
1778701766.58505893 -1.57967927 1.97763845 1.57291590 -0.19973078 -0.63003903 0.68320359 -0.31046946
1778701766.59538960 -1.57294288 1.97800398 1.57373082 -0.19831779 -0.63044723 0.68367915 -0.30949824
1778701766.59555221 -1.56956103 1.97762758 1.57567106 -0.19770942 -0.63079122 0.68379728 -0.30892508
1778701766.60568571 -1.56428678 1.97668363 1.57699643 -0.19569596 -0.63131339 0.68422334 -0.30819623
1778701766.61600614 -1.55142229 1.98317715 1.57440051 -0.19519233 -0.63109404 0.68541029 -0.30632174
1778701766.62629271 -1.54116784 1.98428716 1.57630772 -0.19295806 -0.63165612 0.68622064 -0.30476049
1778701766.63662314 -1.53020419 1.98749201 1.57777897 -0.19161803 -0.63192838 0.68711392 -0.30302395
1778701766.64689732 -1.51963591 1.99236853 1.57513404 -0.19104575 -0.63182183 0.68803388 -0.30151629
1778701766.65717554 -1.50996065 2.00052637 1.56735219 -0.19175187 -0.63096631 0.68915924 -0.30028698
1778701766.66749310 -1.50153543 1.99607040 1.57606580 -0.18853203 -0.63246532 0.68935367 -0.29872196
1778701766.66769600 -1.49332681 1.99825889 1.57920774 -0.18757058 -0.63274068 0.68996938 -0.29731929
1778701766.67780519 -1.48682278 2.00046874 1.57769480 -0.18672666 -0.63275564 0.69058988 -0.29637656
1778701766.68811870 -1.47450960 2.00964054 1.57098114 -0.18677245 -0.63186598 0.69211057 -0.29469372
1778701766.69843507 -1.45971228 2.01379174 1.57243475 -0.18487601 -0.63210664 0.69339574 -0.29234297
1778701766.70871663 -1.45059886 2.01633621 1.57255948 -0.18335561 -0.63219619 0.69430485 -0.29094583
1778701766.71903515 -1.43754754 2.02016355 1.57262031 -0.18170343 -0.63227251 0.69551269 -0.28892460
1778701766.72929978 -1.42553167 2.02449638 1.57104971 -0.17975208 -0.63209824 0.69691348 -0.28714561
1778701766.73961902 -1.41806984 2.02638365 1.57028492 -0.17809228 -0.63209684 0.69778709 -0.28605926
1778701766.73987031 -1.41226144 2.02907297 1.57015162 -0.17758872 -0.63196586 0.69840912 -0.28514226
1778701766.75001860 -1.40359046 2.03076059 1.57059500 -0.17622478 -0.63212570 0.69916188 -0.28378618
1778701766.76027513 -1.38761796 2.03650014 1.57048422 -0.17451719 -0.63202099 0.70070046 -0.28126870
1778701766.77059245 -1.37354952 2.03251570 1.58065387 -0.17311856 -0.63376587 0.70052558 -0.27863004
1778701766.78101420 -1.36624438 2.03496688 1.57868476 -0.17186965 -0.63363955 0.70137494 -0.27755169
1778701766.79136825 -1.35896730 2.03397215 1.57959348 -0.17067681 -0.63419248 0.70163799 -0.27635747
1778701766.80165029 -1.34572276 2.03685751 1.58013578 -0.16990550 -0.63447626 0.70243253 -0.27415423
1778701766.81192017 -1.33869727 2.03563169 1.58264526 -0.16922952 -0.63516501 0.70246111 -0.27290140
1778701766.81210494 -1.33567419 2.03472572 1.58460397 -0.16893601 -0.63555614 0.70240588 -0.27231416
1778701766.82220817 -1.32849205 2.03381873 1.58690312 -0.16811538 -0.63620125 0.70251081 -0.27104197
1778701766.83251023 -1.31995930 2.03365798 1.58787730 -0.16730269 -0.63678860 0.70274143 -0.26956368
1778701766.84277654 -1.32148080 2.02944956 1.58779018 -0.16683901 -0.63743678 0.70217940 -0.26978359
1778701766.84293199 -1.32087936 2.02681204 1.59024856 -0.16633283 -0.63800743 0.70185343 -0.26959538
1778701766.85302639 -1.30511240 2.02864341 1.59582108 -0.16583327 -0.63886720 0.70228427 -0.26672988
1778701766.86330438 -1.29628143 2.03021751 1.59562139 -0.16504987 -0.63922674 0.70271320 -0.26522044
1778701766.87361169 -1.28638130 2.02886724 1.59982417 -0.16426649 -0.64027414 0.70263803 -0.26337301
1778701766.88387418 -1.27503018 2.02987169 1.60344673 -0.16359061 -0.64096704 0.70293885 -0.26129741
1778701766.89413571 -1.26139961 2.03187798 1.60640355 -0.16337829 -0.64165615 0.70327136 -0.25883260
1778701766.90435576 -1.24687639 2.03202647 1.61210860 -0.16283493 -0.64276584 0.70337390 -0.25612892
1778701766.91466737 -1.23653127 2.03320804 1.61475029 -0.16163433 -0.64332602 0.70380494 -0.25429232
1778701766.91483045 -1.23209201 2.03428206 1.61542444 -0.16153608 -0.64344623 0.70399652 -0.25351912
1778701766.92497778 -1.21884488 2.03407066 1.62158764 -0.16049627 -0.64448267 0.70416333 -0.25107177
1778701766.93521833 -1.21324344 2.03252591 1.62287755 -0.15899621 -0.64517888 0.70421839 -0.25008176
1778701766.94544435 -1.19726701 2.03608843 1.62468455 -0.15677074 -0.64553103 0.70535807 -0.24735122
1778701766.95575619 -1.18752328 2.03395670 1.63035535 -0.15452653 -0.64657398 0.70552982 -0.24554287
1778701766.96602798 -1.16559843 2.03484073 1.63928640 -0.14890276 -0.64778321 0.70697345 -0.24164731
1778701766.97632456 -1.15056290 2.03637942 1.64253420 -0.14654432 -0.64840718 0.70779597 -0.23899321
1778701766.98665118 -1.14893792 2.03997853 1.63525146 -0.14780583 -0.64771086 0.70818742 -0.23894489
1778701766.99696779 -1.13468337 2.03994853 1.63973652 -0.14540995 -0.64858070 0.70875823 -0.23634887
1778701767.00722694 -1.11682568 2.03883711 1.64766861 -0.14043945 -0.64982740 0.70970159 -0.23307672
1778701767.01753783 -1.09477676 2.04754937 1.64604807 -0.13889209 -0.64944902 0.71156221 -0.22935601
1778701767.02778435 -1.07934501 2.05596653 1.64135972 -0.13913830 -0.64867588 0.71303572 -0.22680433
1778701767.03805804 -1.06078111 2.05642936 1.64712586 -0.13525009 -0.64962279 0.71399265 -0.22341024
1778701767.04835987 -1.04052238 2.06307202 1.64564318 -0.13378823 -0.64941619 0.71553826 -0.21991889
1778701767.05862260 -1.02781847 2.06313131 1.64917167 -0.13057827 -0.65007440 0.71623991 -0.21760742
1778701767.06892252 -1.00856654 2.06346478 1.65440383 -0.12665683 -0.65100632 0.71715997 -0.21408035
1778701767.07919025 -0.99275816 2.06815536 1.65191669 -0.12599745 -0.65088799 0.71819929 -0.21132732
1778701767.08948159 -0.97969886 2.07059317 1.65200962 -0.12352118 -0.65104430 0.71916970 -0.20899470
1778701767.08980227 -0.97544059 2.07041136 1.65318247 -0.12296990 -0.65130540 0.71925772 -0.20820189
1778701767.09991479 -0.96568403 2.06795442 1.65748403 -0.11952407 -0.65225939 0.71951904 -0.20631055
1778701767.11023188 -0.94875610 2.06672375 1.66241859 -0.11762264 -0.65336471 0.71973300 -0.20313515
1778701767.12044930 -0.93435049 2.06193616 1.67009797 -0.11725636 -0.65505672 0.71905232 -0.20028829
1778701767.13074899 -0.91514823 2.06743183 1.66927102 -0.11584673 -0.65488205 0.72036657 -0.19692900
1778701767.14103603 -0.89819819 2.06574058 1.67380890 -0.11201290 -0.65601759 0.72081139 -0.19371363
1778701767.15128136 -0.87871204 2.06934997 1.67322419 -0.10976188 -0.65616685 0.72195980 -0.19018790
1778701767.16157246 -0.86524948 2.06919755 1.67532039 -0.10703361 -0.65676767 0.72248058 -0.18767485
1778701767.17193127 -0.84606318 2.07069789 1.67659405 -0.10354779 -0.65728073 0.72343509 -0.18412381
1778701767.18219066 -0.83096223 2.06837229 1.68023607 -0.10046750 -0.65831905 0.72366357 -0.18119977
1778701767.19251037 -0.81728954 2.06900652 1.68120095 -0.09723468 -0.65873638 0.72436172 -0.17863902
1778701767.19268203 -0.81290965 2.06715199 1.68347856 -0.09652592 -0.65924134 0.72421427 -0.17775626
1778701767.20285749 -0.79923240 2.06871403 1.68331416 -0.09363700 -0.65946944 0.72500650 -0.17520771
1778701767.21319056 -0.78484192 2.06376799 1.68910035 -0.09067473 -0.66093782 0.72474261 -0.17230046
1778701767.22343993 -0.76189185 2.06876796 1.68695074 -0.08677252 -0.66081847 0.72632332 -0.16805926
1778701767.23369789 -0.74693517 2.06769247 1.68974461 -0.08418667 -0.66157449 0.72660567 -0.16515447
1778701767.24394369 -0.72332298 2.06512670 1.69580887 -0.08122597 -0.66298899 0.72668364 -0.16055787
1778701767.25423241 -0.71658114 2.06166270 1.69810349 -0.07874372 -0.66381863 0.72652413 -0.15908156
1778701767.25439715 -0.70543397 2.06673638 1.69514196 -0.07780112 -0.66326197 0.72756307 -0.15710671
1778701767.26454830 -0.69058296 2.06918438 1.69362646 -0.07526306 -0.66327319 0.72842658 -0.15426879
1778701767.26470280 -0.68446912 2.07085593 1.69239327 -0.07413304 -0.66313541 0.72891046 -0.15311845
1778701767.27483225 -0.67041046 2.07314767 1.69081051 -0.07177749 -0.66316358 0.72968321 -0.15041433
1778701767.28512144 -0.65013137 2.07558146 1.68945670 -0.06814186 -0.66334726 0.73066452 -0.14648023
1778701767.29535127 -0.63910157 2.07519416 1.68840745 -0.06410785 -0.66373174 0.73114100 -0.14416379
1778701767.30564618 -0.61710128 2.08024322 1.68560403 -0.06111317 -0.66347406 0.73243782 -0.14000783
1778701767.31592536 -0.59559740 2.08675997 1.67951038 -0.05727589 -0.66285167 0.73408631 -0.13588386
1778701767.32615280 -0.57278920 2.08909637 1.67871484 -0.05297890 -0.66314916 0.73495274 -0.13141883
1778701767.33646536 -0.55750993 2.09304204 1.67531638 -0.04990540 -0.66289632 0.73592331 -0.12843209
1778701767.34672427 -0.53815760 2.09528778 1.67305250 -0.04610344 -0.66305994 0.73669159 -0.12454511
1778701767.35699344 -0.51346090 2.10045997 1.66846299 -0.04165870 -0.66279079 0.73800090 -0.11969790
1778701767.36729360 -0.49321308 2.10610833 1.66308897 -0.03842375 -0.66224073 0.73929549 -0.11577135
1778701767.37751746 -0.47117558 2.10856663 1.66078514 -0.03399575 -0.66242290 0.74002763 -0.11135210
1778701767.38776994 -0.45182732 2.11081898 1.65775820 -0.02969962 -0.66251888 0.74071165 -0.10739140
1778701767.39804840 -0.43738799 2.11649603 1.65062464 -0.02700717 -0.66168662 0.74197120 -0.10449960
1778701767.39821911 -0.43319577 2.11868870 1.64775520 -0.02680020 -0.66132396 0.74241540 -0.10369058
1778701767.40836239 -0.40307053 2.11294084 1.65741436 -0.02427247 -0.66336876 0.74146881 -0.09786076
1778701767.41861320 -0.39620760 2.11263011 1.65428986 -0.01851996 -0.66356639 0.74169165 -0.09607368
1778701767.42886758 -0.38242060 2.13177425 1.62888037 -0.01620946 -0.65986860 0.74539721 -0.09323996
1778701767.43922949 -0.36327673 2.13480848 1.62524639 -0.01170831 -0.65971886 0.74609314 -0.08932510
1778701767.44952202 -0.34100195 2.13600453 1.62284568 -0.00703337 -0.66001559 0.74643366 -0.08465662
1778701767.45981383 -0.31882171 2.14068241 1.61622150 -0.00196254 -0.65952586 0.74740599 -0.08003795
1778701767.47019076 -0.29701924 2.14338725 1.61243573 0.00300553 -0.65944414 0.74794762 -0.07549013
1778701767.47038603 -0.28721574 2.14278229 1.61341261 0.00497549 -0.65980458 0.74781897 -0.07348436
1778701767.48043084 -0.27450813 2.14272751 1.61167836 0.00838317 -0.66012683 0.74776825 -0.07074556
1778701767.49072981 -0.25138708 2.14611708 1.60569828 0.01269673 -0.65986667 0.74837735 -0.06592507
1778701767.50095916 -0.22768639 2.14839949 1.60104281 0.01723655 -0.65984801 0.74872343 -0.06096492
1778701767.51125765 -0.20783185 2.14645538 1.60176577 0.02082423 -0.66059235 0.74829989 -0.05684516
1778701767.52156520 -0.17796364 2.15819650 1.58496584 0.02559673 -0.65852535 0.75041474 -0.05066454
1778701767.53185153 -0.16191704 2.16206208 1.57612653 0.03014392 -0.65781296 0.75110972 -0.04698557
1778701767.54216957 -0.14798729 2.16260922 1.57252129 0.03367282 -0.65779601 0.75116281 -0.04387459
1778701767.55247164 -0.12907858 2.16536421 1.56521384 0.03868537 -0.65732778 0.75156665 -0.03963838
1778701767.56273913 -0.10921702 2.16520164 1.56123340 0.04257304 -0.65748447 0.75143439 -0.03532816
1778701767.57309890 -0.08328866 2.16849487 1.55244830 0.04647426 -0.65686461 0.75198307 -0.02984109
1778701767.58336115 -0.07224113 2.17211059 1.54398693 0.05005565 -0.65599876 0.75261045 -0.02715843
1778701767.59367180 -0.04884458 2.17116433 1.54000484 0.05405670 -0.65620935 0.75231396 -0.02215573
1778701767.60397768 -0.01975343 2.16482745 1.54235393 0.05676597 -0.65762518 0.75102674 -0.01629694
1778701767.61431003 -0.00595618 2.16400561 1.53952570 0.05952653 -0.65772521 0.75078501 -0.01326666
1778701767.62459397 -0.00415801 2.17455666 1.51947893 0.06489144 -0.65497621 0.75276442 -0.01187393
1778701767.63487554 0.01489080 2.17564161 1.51155641 0.06865199 -0.65450369 0.75289679 -0.00763203
1778701767.64519238 0.03036952 2.17678919 1.50487870 0.07178459 -0.65407193 0.75300682 -0.00419549
1778701767.64535189 0.04275821 2.17377053 1.50733449 0.07362625 -0.65478432 0.75221914 -0.00174157
1778701767.65549850 0.05304168 2.17512021 1.50037389 0.07671278 -0.65423541 0.75238990 0.00078534
1778701767.66575098 0.06573354 2.17964598 1.48726700 0.07918890 -0.65289933 0.75328370 0.00390350
1778701767.67596793 0.09041730 2.17737207 1.48292506 0.08336831 -0.65321225 0.75251493 0.00920624
1778701767.68621421 0.10523158 2.17608399 1.47893789 0.08700044 -0.65326037 0.75201344 0.01255423
1778701767.69655204 0.13104014 2.17198593 1.47606381 0.09047415 -0.65394126 0.75089951 0.01803307
1778701767.70682621 0.14019991 2.17785767 1.46099122 0.09526964 -0.65217821 0.75176829 0.02077781
1778701767.71716022 0.15532457 2.17846381 1.45417270 0.09819787 -0.65183107 0.75158922 0.02422977
1778701767.72744203 0.16798562 2.17471872 1.45177998 0.09957485 -0.65254102 0.75069535 0.02704713
1778701767.73769259 0.18221833 2.17048771 1.45015580 0.10190787 -0.65333225 0.74957177 0.03023104
1778701767.74795413 0.19289445 2.16892769 1.44664645 0.10364390 -0.65354174 0.74905067 0.03262267
1778701767.74814034 0.19704069 2.17017243 1.44293038 0.10407191 -0.65320511 0.74924212 0.03359112
1778701767.75830722 0.22334937 2.17139581 1.43279362 0.10774918 -0.65256417 0.74900670 0.03923114
1778701767.76856589 0.22758730 2.16910837 1.42971341 0.11043244 -0.65291245 0.74824089 0.04056569
1778701767.77881289 0.25607207 2.16842414 1.42052272 0.11294999 -0.65274833 0.74766125 0.04652493
1778701767.78912735 0.26637110 2.16782093 1.41530806 0.11507068 -0.65267446 0.74725017 0.04890775
1778701767.79937840 0.28582091 2.16609508 1.40819850 0.11864715 -0.65266197 0.74640456 0.05324885
1778701767.80971098 0.30600588 2.16430515 1.40104665 0.12195965 -0.65265763 0.74554676 0.05765312
1778701767.82000566 0.31481275 2.16449414 1.39463831 0.12431662 -0.65234128 0.74526383 0.05981693
1778701767.83032870 0.32494549 2.16433088 1.38682078 0.12610051 -0.65201929 0.74504874 0.06222452
1778701767.84058881 0.33530159 2.16609685 1.37578627 0.12952090 -0.65112605 0.74500996 0.06495669
1778701767.85090280 0.34962430 2.16636584 1.36579118 0.13252527 -0.65052699 0.74470277 0.06833356
1778701767.86119652 0.36018587 2.16688825 1.35794491 0.13520882 -0.64999973 0.74444250 0.07088220
1778701767.87148070 0.37642730 2.16754723 1.34660954 0.13782927 -0.64924846 0.74425322 0.07461019
1778701767.88172364 0.38790960 2.16859211 1.33560820 0.14080668 -0.64843076 0.74411615 0.07747374
1778701767.89199114 0.40087716 2.16758115 1.32853121 0.14265587 -0.64817769 0.74368122 0.08033198
1778701767.90232468 0.41398934 2.16845830 1.31692285 0.14523526 -0.64733857 0.74356945 0.08345037
1778701767.91259742 0.42137071 2.17007791 1.30586936 0.14837916 -0.64642821 0.74350289 0.08554325
1778701767.92284036 0.42665685 2.16976533 1.30016558 0.15024811 -0.64618838 0.74318065 0.08688272
1778701767.93316031 0.43662429 2.17044263 1.28934011 0.15288315 -0.64542299 0.74301376 0.08936692
1778701767.94353437 0.44853817 2.17061616 1.27817894 0.15519847 -0.64468823 0.74282567 0.09219838
1778701767.95382380 0.45590172 2.17138936 1.26809098 0.15746538 -0.64399310 0.74271456 0.09408838
1778701767.96419358 0.45982982 2.17294258 1.25905350 0.15907561 -0.64316701 0.74293516 0.09528112
1778701767.97442293 0.47233443 2.17363996 1.24643568 0.16072618 -0.64224587 0.74299812 0.09818923
1778701767.98470402 0.48603831 2.17411713 1.23338812 0.16174890 -0.64130824 0.74317515 0.10125087
1778701767.99545145 0.49496086 2.17325718 1.22385825 0.16301600 -0.64082430 0.74303140 0.10331672
1778701768.00593090 0.49626323 2.17600865 1.21379742 0.16444495 -0.63975872 0.74354074 0.10398946
1778701768.01618934 0.49832260 2.17751897 1.20360609 0.16626475 -0.63890071 0.74376102 0.10479249
1778701768.02644873 0.51012204 2.17706177 1.19174747 0.16689501 -0.63816796 0.74387749 0.10739642
1778701768.03676701 0.52373825 2.17698147 1.18009721 0.16792987 -0.63733409 0.74391807 0.11041160
1778701768.04710078 0.52608213 2.17458699 1.17630446 0.16939141 -0.63763770 0.74325434 0.11089496
1778701768.05732799 0.53043005 2.17368591 1.16869125 0.17135871 -0.63738513 0.74285637 0.11198570
1778701768.06761026 0.53267211 2.17281643 1.16181832 0.17306382 -0.63718346 0.74253884 0.11261541
1778701768.07796097 0.54286301 2.16875791 1.15888224 0.17403027 -0.63775864 0.74152815 0.11451369
1778701768.08834720 0.54402716 2.16983776 1.14913507 0.17582996 -0.63708360 0.74159883 0.11506295
1778701768.09865713 0.55170807 2.16697558 1.14330242 0.17737303 -0.63733586 0.74077205 0.11661294
1778701768.10894418 0.55846052 2.16491339 1.13838267 0.17808535 -0.63747231 0.74027472 0.11793218
1778701768.11926365 0.56406507 2.16364487 1.13095109 0.17902175 -0.63732548 0.73999200 0.11907683
1778701768.12953973 0.57382628 2.16259857 1.12135223 0.18025879 -0.63697809 0.73965307 0.12115699
1778701768.13980746 0.57148348 2.16543410 1.11071165 0.18113520 -0.63595106 0.74035904 0.12093293
1778701768.15001893 0.57727662 2.16665401 1.10066706 0.18151765 -0.63512026 0.74075901 0.12226892
1778701768.16028118 0.59593540 2.16728548 1.08247033 0.18116474 -0.63369772 0.74140454 0.12619765
1778701768.17054653 0.59504468 2.16704740 1.07701804 0.18157074 -0.63362241 0.74141950 0.12590408
1778701768.18081379 0.59821846 2.16777295 1.06923682 0.18207528 -0.63308969 0.74163248 0.12659899
1778701768.19109797 0.60085657 2.17065123 1.05635996 0.18418710 -0.63189592 0.74196322 0.12756662
1778701768.20133162 0.61458707 2.17131529 1.04126268 0.18671519 -0.63080028 0.74169256 0.13084570
1778701768.21161771 0.60682768 2.17441462 1.03520064 0.18732469 -0.63013256 0.74236281 0.12938267
1778701768.22188973 0.61270166 2.17325486 1.02863507 0.18800028 -0.63016847 0.74197580 0.13044350
1778701768.23213577 0.60939851 2.17718407 1.01729253 0.18990523 -0.62902913 0.74250304 0.13018294
1778701768.24237633 0.61001748 2.17747131 1.01256371 0.19092005 -0.62894112 0.74228925 0.13034291
1778701768.24253941 0.61459942 2.17856640 1.00655307 0.19131854 -0.62834443 0.74249236 0.13147469
1778701768.25265193 0.61187986 2.17921750 1.00286321 0.19200978 -0.62830028 0.74245794 0.13087095
1778701768.26292419 0.61703430 2.17847621 0.99582622 0.19316070 -0.62826446 0.74199355 0.13197837
1778701768.27314973 0.62690230 2.17850446 0.98391283 0.19374719 -0.62763945 0.74198334 0.13413228
1778701768.28338909 0.63889502 2.17673203 0.97513297 0.19511753 -0.62739655 0.74131980 0.13692217
1778701768.29366136 0.65090853 2.17447773 0.96687668 0.19603164 -0.62747118 0.74057094 0.13930617
1778701768.30387688 0.64623739 2.17490153 0.96331934 0.19600058 -0.62760394 0.74068789 0.13812498
1778701768.31417418 0.64973487 2.17525454 0.95616249 0.19638902 -0.62721679 0.74076633 0.13890894
1778701768.32448435 0.65320761 2.17525952 0.94800477 0.19850677 -0.62689307 0.74028134 0.13994171
1778701768.33479214 0.65719906 2.17403600 0.94160214 0.19961874 -0.62690153 0.73980904 0.14081694
1778701768.34510851 0.66319607 2.17166470 0.93741649 0.19991275 -0.62716775 0.73929202 0.14192540
1778701768.35536242 0.67221468 2.17142915 0.92468682 0.20115779 -0.62629097 0.73924667 0.14425508
1778701768.36561084 0.68086282 2.16692234 0.92161116 0.20195772 -0.62706953 0.73806627 0.14579115
1778701768.37584662 0.67846378 2.16989444 0.91066340 0.20506406 -0.62595973 0.73809141 0.14609658
1778701768.38614035 0.68031938 2.17154952 0.90096517 0.20664476 -0.62502890 0.73825638 0.14701815
1778701768.39640141 0.69734210 2.16898980 0.88673820 0.20574135 -0.62425470 0.73844194 0.15059901
1778701768.40668869 0.70010168 2.16809366 0.87933241 0.20903324 -0.62403271 0.73744515 0.15186485
1778701768.41701245 0.71021249 2.16875506 0.86452605 0.20935794 -0.62268024 0.73794977 0.15449501
1778701768.42728758 0.71494969 2.16677384 0.85818855 0.21093590 -0.62271408 0.73720493 0.15576300
1778701768.43755031 0.71835092 2.17195522 0.83615015 0.21503526 -0.62012744 0.73767617 0.15822659
1778701768.44787431 0.72415450 2.17119237 0.82772965 0.21550553 -0.61965683 0.73761294 0.15971828
1778701768.45817208 0.73178970 2.16796281 0.82224632 0.21668274 -0.62004373 0.73656212 0.16146396
1778701768.46844673 0.73985779 2.16636608 0.81300354 0.21806899 -0.61983626 0.73587083 0.16353302
1778701768.47871494 0.74362334 2.16526982 0.80568927 0.21976971 -0.61976868 0.73515173 0.16474218
1778701768.48902273 0.74557119 2.16234315 0.80620438 0.22047279 -0.62068241 0.73411092 0.16500379
1778701768.49929643 0.75289822 2.16056149 0.79749758 0.22248227 -0.62059650 0.73310282 0.16709840
1778701768.50955200 0.76064728 2.15949336 0.78683427 0.22362782 -0.62017709 0.73261964 0.16923188
1778701768.51982689 0.76604305 2.15736009 0.78257977 0.22455432 -0.62048386 0.73177261 0.17054026
1778701768.53011036 0.77388724 2.15434898 0.77611164 0.22570158 -0.62079053 0.73070524 0.17247540
1778701768.54035449 0.77903840 2.15210360 0.77035837 0.22655037 -0.62106964 0.72989632 0.17377803
1778701768.55064988 0.78544895 2.14949589 0.76606991 0.22714004 -0.62143156 0.72905554 0.17523769
1778701768.56090808 0.79192273 2.14675145 0.76020508 0.22825282 -0.62179700 0.72800305 0.17686349
1778701768.57120037 0.79802307 2.14607062 0.74898974 0.22923599 -0.62122831 0.72772455 0.17872669
1778701768.58153343 0.80455306 2.14418289 0.74028119 0.23114142 -0.62108819 0.72673487 0.18077479
1778701768.59181285 0.80872709 2.14387886 0.73136765 0.23184806 -0.62052446 0.72665228 0.18213276
1778701768.60215425 0.81539946 2.14374591 0.71753543 0.23374470 -0.61955656 0.72626382 0.18453711
1778701768.61239433 0.82352818 2.14204659 0.70615406 0.23473423 -0.61902629 0.72579348 0.18689603
1778701768.62265229 0.82944273 2.14173352 0.69450665 0.23498913 -0.61810199 0.72602935 0.18870988
1778701768.63294864 0.83632298 2.14190193 0.67825131 0.23709807 -0.61674968 0.72577749 0.19144546
1778701768.64317822 0.84563453 2.13852960 0.66861382 0.23810900 -0.61662051 0.72488578 0.19396868
1778701768.65348673 0.85224037 2.14026014 0.64903259 0.23883728 -0.61446503 0.72576367 0.19661274
1778701768.66383791 0.85611360 2.13854485 0.64061470 0.24027373 -0.61427385 0.72505971 0.19805197
1778701768.67422080 0.86260415 2.13626877 0.62929575 0.24152652 -0.61376629 0.72448169 0.20020531
1778701768.68444896 0.86652598 2.13628977 0.61430142 0.24315547 -0.61251415 0.72444161 0.20220336
1778701768.69478035 0.87017545 2.13616836 0.60203723 0.24546649 -0.61149205 0.72395840 0.20422513
1778701768.70507598 0.87594141 2.13459284 0.58861294 0.24719351 -0.61062045 0.72344107 0.20656974
1778701768.71534514 0.88204183 2.13320566 0.57427174 0.24977631 -0.60965619 0.72259500 0.20925485
1778701768.72568607 0.89055999 2.13105115 0.56067865 0.25104514 -0.60870567 0.72210882 0.21216170
1778701768.72594333 0.89211661 2.13062559 0.55679126 0.25184617 -0.60842852 0.72184005 0.21292062
1778701768.73609877 0.89259189 2.13009818 0.54959209 0.25349521 -0.60806614 0.72131464 0.21377778
1778701768.74635768 0.90173983 2.12644683 0.53668924 0.25478097 -0.60759443 0.72039195 0.21668202
1778701768.75659013 0.90504464 2.12496325 0.52785589 0.25664560 -0.60717418 0.71957961 0.21835233
1778701768.76688766 0.91283280 2.12172857 0.51479098 0.25911914 -0.60664958 0.71821810 0.22135112
1778701768.77719259 0.92885877 2.11243756 0.50947792 0.26218332 -0.60795621 0.71464563 0.22567848
1778701768.78747773 0.93300552 2.10992589 0.49927175 0.26462914 -0.60768393 0.71332531 0.22772498
1778701768.79785323 0.93732549 2.10879547 0.48574083 0.26645845 -0.60658774 0.71284151 0.23001780
1778701768.80820560 0.94293166 2.10599169 0.47322441 0.26957334 -0.60603279 0.71124010 0.23279172
1778701768.81847143 0.94646599 2.10289640 0.46389379 0.27186582 -0.60586505 0.70988237 0.23469881
1778701768.82876515 0.93871792 2.10565478 0.45320709 0.27455630 -0.60470972 0.70990818 0.23446828
1778701768.83904672 0.94109088 2.10550938 0.43823192 0.27641406 -0.60322340 0.70975456 0.23656979
1778701768.84930205 0.94715571 2.10226097 0.42519726 0.28004471 -0.60262446 0.70776394 0.23976849
1778701768.85964108 0.94668216 2.10147026 0.41383939 0.28267567 -0.60180309 0.70692343 0.24121934
1778701768.86990571 0.95197029 2.09939058 0.40058361 0.28473033 -0.60079869 0.70602271 0.24392930
1778701768.88020039 0.95866331 2.09668253 0.38127003 0.28707248 -0.59912995 0.70522078 0.24758101
1778701768.89043355 0.95977660 2.09634186 0.36345566 0.29054813 -0.59737077 0.70432354 0.25031639
1778701768.90071774 0.96320955 2.09519753 0.34792051 0.29255674 -0.59582419 0.70385271 0.25297322
1778701768.90089464 0.96485223 2.09482031 0.34165367 0.29334795 -0.59517208 0.70366943 0.25409940
1778701768.91103458 0.96783963 2.09307544 0.32985936 0.29512214 -0.59424089 0.70292859 0.25626566
1778701768.92134094 0.96768885 2.09359628 0.30954415 0.29829931 -0.59193644 0.70253023 0.25899817
1778701768.93165755 0.97556993 2.09062836 0.28724423 0.30130575 -0.58993534 0.70121259 0.26361344
1778701768.94203544 0.97604228 2.09087531 0.26972549 0.30366322 -0.58787899 0.70100171 0.26605175
1778701768.95233083 0.97521529 2.09217038 0.24626330 0.30823101 -0.58506668 0.70003586 0.26951887
1778701768.96256185 0.97336622 2.09279534 0.22807627 0.31098877 -0.58302512 0.69968175 0.27168574
1778701768.97280908 0.97865530 2.09036411 0.21215318 0.31329080 -0.58167969 0.69843827 0.27510287
1778701768.98310161 0.97571812 2.09221332 0.19028609 0.31669691 -0.57902281 0.69807759 0.27771089
1778701768.99336481 0.98033022 2.09018470 0.16747697 0.31944254 -0.57678537 0.69700235 0.28189152
1778701769.00368023 0.97836070 2.09117798 0.14617509 0.32315425 -0.57434608 0.69608468 0.28489302
1778701769.01400590 0.98110707 2.08979893 0.13036388 0.32517797 -0.57286828 0.69516467 0.28779734
1778701769.02436733 0.98391145 2.08817683 0.11064047 0.32806923 -0.57109355 0.69372971 0.29148212
1778701769.03463292 0.98396094 2.08762358 0.09441014 0.33123752 -0.56968176 0.69218475 0.29432069
1778701769.04495072 0.98765204 2.08564900 0.07732475 0.33335870 -0.56812676 0.69100906 0.29767506
1778701769.05533671 0.98481589 2.08656603 0.05728262 0.33685823 -0.56589244 0.68993361 0.30047277
1778701769.06562328 0.98689388 2.08465088 0.03973006 0.34002289 -0.56443291 0.68802812 0.30400202
1778701769.07593393 0.98596690 2.08414104 0.02698625 0.34266814 -0.56319500 0.68673890 0.30623458
1778701769.07613707 0.98586702 2.08393971 0.02070711 0.34374188 -0.56245759 0.68634244 0.30727357
1778701769.08624053 0.97928858 2.08642015 0.00532071 0.34707246 -0.56028096 0.68575639 0.30881082
1778701769.09650254 0.98760744 2.08060587 -0.01306042 0.34872483 -0.55919900 0.68372145 0.31338866
1778701769.10679984 0.98086023 2.08210738 -0.03234286 0.35276667 -0.55666001 0.68265344 0.31570493
1778701769.11716342 0.98151497 2.08018510 -0.05125660 0.35476708 -0.55447011 0.68193446 0.31885516
1778701769.12745452 0.98658268 2.07556440 -0.07127273 0.35618817 -0.55277323 0.68066529 0.32290325
1778701769.13775277 0.98805322 2.07200645 -0.09469185 0.35842711 -0.55017521 0.67967073 0.32693263
1778701769.14804339 0.98554249 2.07133491 -0.11174237 0.36092421 -0.54800924 0.67888740 0.32944118
1778701769.14823318 0.98601664 2.07024453 -0.11960805 0.36137187 -0.54702309 0.67884013 0.33068443
1778701769.15829396 0.97959679 2.07086107 -0.14145605 0.36471927 -0.54367946 0.67844896 0.33331593
1778701769.16858721 0.98124178 2.06677339 -0.16384674 0.36701671 -0.54125608 0.67712911 0.33739705
1778701769.17889118 0.97625463 2.06564412 -0.19006727 0.37077075 -0.53760828 0.67609708 0.34117318
1778701769.18929291 0.97734789 2.06288373 -0.19916067 0.37225891 -0.53708192 0.67468018 0.34318066
1778701769.19955111 0.97435426 2.06094866 -0.22318349 0.37560746 -0.53399674 0.67333014 0.34697701
1778701769.20982528 0.97389025 2.05756694 -0.24327091 0.37876914 -0.53183118 0.67128451 0.35080855
1778701769.22016788 0.97281394 2.05542487 -0.25813596 0.38154902 -0.53020064 0.66947971 0.35370121
1778701769.22032976 0.96985035 2.05627899 -0.25940935 0.38256019 -0.53000048 0.66909357 0.35363963
1778701769.23048306 0.96800537 2.05453237 -0.27572644 0.38523336 -0.52804448 0.66757665 0.35651886
1778701769.24079180 0.96609082 2.05279312 -0.28636908 0.38838280 -0.52728811 0.66511852 0.35880831
1778701769.25108409 0.96181459 2.05208205 -0.29952381 0.39277116 -0.52590908 0.66211470 0.36160003
1778701769.26138759 0.95894639 2.05093482 -0.31573348 0.39523086 -0.52388134 0.66090199 0.36407342
1778701769.27168155 0.96857553 2.04419243 -0.32564531 0.39674746 -0.52437077 0.65738984 0.36805617
1778701769.28195834 0.96515021 2.04298023 -0.34278319 0.40080259 -0.52243635 0.65455392 0.37145216
1778701769.29223084 0.96514642 2.04088405 -0.35707513 0.40271000 -0.52100844 0.65296219 0.37418610
1778701769.30254054 0.96333904 2.03918098 -0.37226522 0.40597524 -0.51951916 0.65030446 0.37734341
1778701769.31281805 0.96012984 2.03863558 -0.38534333 0.40889198 -0.51822325 0.64815092 0.37967407
1778701769.32308102 0.96073165 2.03604024 -0.39965951 0.41137337 -0.51685015 0.64576134 0.38292318
1778701769.32324147 0.95993015 2.03615554 -0.40184245 0.41184979 -0.51669831 0.64540965 0.38320881
1778701769.33337831 0.95901422 2.03444244 -0.41394939 0.41426545 -0.51550177 0.64324976 0.38583908
1778701769.34368110 0.95686278 2.03229600 -0.43190429 0.41774884 -0.51356629 0.64032383 0.38951375
1778701769.35392737 0.95763640 2.02990892 -0.44414570 0.42014282 -0.51277653 0.63763676 0.39237686
1778701769.36421061 0.95518646 2.02919028 -0.45476567 0.42249133 -0.51164685 0.63573961 0.39440299
1778701769.37454200 0.95489828 2.02570188 -0.47288226 0.42519322 -0.50982221 0.63299596 0.39825639
1778701769.38481236 0.95858779 2.02077767 -0.48685953 0.42704305 -0.50901930 0.63007558 0.40191834
1778701769.39508224 0.95131881 2.02076668 -0.50386964 0.42972050 -0.50635875 0.62899641 0.40410968
1778701769.40535927 0.95038710 2.01832491 -0.51741614 0.43213610 -0.50513131 0.62654561 0.40686773
1778701769.41558456 0.95163050 2.01568417 -0.52609607 0.43355861 -0.50487073 0.62454636 0.40874725
1778701769.42582798 0.94710497 2.01437140 -0.54188425 0.43605218 -0.50265653 0.62288920 0.41134407
1778701769.42601943 0.93726773 2.01663434 -0.55288079 0.43816080 -0.50014883 0.62296439 0.41204567
1778701769.43612051 0.93691148 2.01367658 -0.56563373 0.43927563 -0.49884812 0.62172730 0.41429776
1778701769.44641876 0.93627602 2.01232116 -0.57217619 0.44017627 -0.49824418 0.62080687 0.41544726
1778701769.45673156 0.92869016 2.00935381 -0.59790752 0.44385057 -0.49488695 0.61829126 0.41928450
1778701769.46703768 0.92239388 2.00893382 -0.61133244 0.44596997 -0.49282651 0.61731640 0.42089580
1778701769.47735620 0.92887507 2.00322333 -0.62084007 0.44603930 -0.49302093 0.61548785 0.42326589
1778701769.48762012 0.92984381 1.99920275 -0.63352383 0.44663881 -0.49212422 0.61439042 0.42526691
1778701769.49797702 0.91311829 1.99942189 -0.66148845 0.45041206 -0.48668626 0.61394730 0.42817541
1778701769.49815154 0.91991795 1.99811422 -0.65453742 0.44933433 -0.48873532 0.61353227 0.42756823
1778701769.50828314 0.90989273 1.99719866 -0.67492160 0.45168475 -0.48518564 0.61308080 0.42977635
1778701769.51864219 0.91590321 1.99241828 -0.68127275 0.45113286 -0.48579131 0.61213259 0.43102162
1778701769.52888370 0.90163149 1.99184300 -0.70680965 0.45424701 -0.48120568 0.61176278 0.43341325
1778701769.53915071 0.89902677 1.99086169 -0.71509539 0.45521256 -0.48034876 0.61118399 0.43416670
1778701769.54940367 0.89618263 1.98938393 -0.72566096 0.45631871 -0.47935345 0.61048484 0.43508822
1778701769.55963278 0.90281432 1.98606250 -0.72779757 0.45603361 -0.48073327 0.60919745 0.43566884
1778701769.56997752 0.89129494 1.98694367 -0.74341642 0.45848933 -0.47777741 0.60895009 0.43668761
1778701769.58032084 0.89422143 1.98530849 -0.74518498 0.45847533 -0.47831859 0.60826241 0.43706811
1778701769.61116624 0.89118121 1.97995146 -0.77331579 0.46073167 -0.47680051 0.60635322 0.43900271
1778701769.62149048 0.89529664 1.97848718 -0.77500673 0.46033838 -0.47795351 0.60601356 0.43863034
1778701769.63174057 0.89410778 1.97586929 -0.78737325 0.46109590 -0.47686904 0.60536949 0.43990258
1778701769.64205933 0.89135224 1.97466548 -0.79693336 0.46165950 -0.47579402 0.60537132 0.44047261
1778701769.65233946 0.88717449 1.97286091 -0.81109070 0.46212266 -0.47408248 0.60584141 0.44118548
1778701769.66263342 0.89035765 1.96993400 -0.81916480 0.46158999 -0.47409469 0.60586985 0.44169065
1778701769.67289567 0.88986802 1.96820325 -0.82798020 0.46149728 -0.47334762 0.60621105 0.44212041
1778701769.68317842 0.88770706 1.96568463 -0.84180968 0.46177041 -0.47186838 0.60648336 0.44304204
1778701769.69344711 0.88441590 1.96416938 -0.85462402 0.46198942 -0.47038739 0.60721259 0.44338962
1778701769.70367503 0.88638360 1.96077383 -0.86455461 0.46130336 -0.46971184 0.60767762 0.44418231
1778701769.70382833 0.88570295 1.95946231 -0.86978500 0.46130939 -0.46905803 0.60779794 0.44470201
1778701769.71393371 0.89740760 1.95559716 -0.86908317 0.45905782 -0.47106247 0.60809007 0.44451383
1778701769.72423506 0.88509889 1.95434840 -0.89186326 0.46066954 -0.46700078 0.60909077 0.44576034
1778701769.73449683 0.88208768 1.95095515 -0.90856048 0.46086275 -0.46497155 0.60960520 0.44697705
1778701769.74475670 0.89260862 1.94824176 -0.90736659 0.45896138 -0.46692314 0.60983558 0.44658459
1778701769.75502992 0.87854804 1.94807036 -0.92980964 0.46115975 -0.46284292 0.61041503 0.44777407
1778701769.76530361 0.88117556 1.94561449 -0.93937668 0.46070141 -0.46257555 0.61057152 0.44830848
1778701769.77563047 0.89366397 1.94240743 -0.93802891 0.45869839 -0.46483411 0.61040397 0.44825443
1778701769.78589082 0.89055606 1.94055578 -0.95267317 0.45939784 -0.46318588 0.61032608 0.44934903
1778701769.79616833 0.88087770 1.93874077 -0.97375238 0.46079138 -0.45982932 0.61074904 0.45079254
1778701769.80640459 0.88674746 1.93528013 -0.98220680 0.45978426 -0.46009526 0.61080682 0.45147072
1778701769.81672311 0.89308851 1.93131310 -0.98948718 0.45885563 -0.46039797 0.61049070 0.45253323
1778701769.82700729 0.89716655 1.92898272 -0.99737695 0.45788956 -0.46053929 0.61099858 0.45268249
1778701769.83723736 0.88985692 1.92720499 -1.01643920 0.45899411 -0.45780537 0.61123584 0.45401476
1778701769.84748363 0.89250565 1.92638580 -1.02130272 0.45872239 -0.45806439 0.61116498 0.45412349
1778701769.85777903 0.89641424 1.92379213 -1.03017599 0.45840283 -0.45812510 0.61077146 0.45491369
1778701769.86802626 0.89716010 1.92304366 -1.03833238 0.45861014 -0.45794468 0.61054331 0.45519257
1778701769.87832022 0.89453614 1.92410184 -1.04432997 0.45923065 -0.45746481 0.61061916 0.45494770
1778701769.88857794 0.89531024 1.92247526 -1.05357565 0.45953881 -0.45712951 0.61014840 0.45560468
1778701769.89883423 0.89966673 1.91892597 -1.06279608 0.45913694 -0.45718991 0.60964176 0.45662631
1778701769.90913463 0.89786337 1.91795865 -1.07130052 0.45937252 -0.45640280 0.60981449 0.45694601
1778701769.90931606 0.89936185 1.91749001 -1.07242396 0.45923678 -0.45664094 0.60967235 0.45703420
1778701769.91940880 0.89984220 1.91568047 -1.08019818 0.45918445 -0.45621209 0.60965005 0.45754451
1778701769.92967176 0.90175984 1.91299396 -1.08990678 0.45892109 -0.45587036 0.60955607 0.45827398
1778701769.93994832 0.90775498 1.90750915 -1.10096340 0.45792183 -0.45576574 0.60928790 0.45973192
1778701769.95022297 0.90332322 1.90735500 -1.11004418 0.45822575 -0.45454881 0.61007251 0.45959338
1778701769.96044302 0.90488995 1.90420661 -1.12096205 0.45801946 -0.45399677 0.60991946 0.46054681
1778701769.97068286 0.91806943 1.90191194 -1.11940880 0.45609349 -0.45655305 0.60974731 0.46015893
1778701769.98094583 0.90548569 1.90191536 -1.13619512 0.45795645 -0.45339884 0.61005188 0.46102288
1778701769.99119520 0.90664359 1.90136995 -1.14269598 0.45789137 -0.45348363 0.61008356 0.46096218
1778701770.00143647 0.90944391 1.90040128 -1.14859094 0.45797537 -0.45391915 0.60941453 0.46133491
1778701770.01170588 0.90618837 1.90238117 -1.15313032 0.45893730 -0.45364962 0.60910897 0.46104755
1778701770.02199793 0.90333588 1.90419758 -1.15882422 0.46007348 -0.45352964 0.60846469 0.46088391
1778701770.03229928 0.90504326 1.90475989 -1.16313071 0.46059227 -0.45416420 0.60748006 0.46103972
1778701770.04252505 0.90512407 1.90692195 -1.16470045 0.46114327 -0.45473163 0.60700973 0.46054882
1778701770.04269457 0.91043041 1.90529581 -1.16460872 0.46064033 -0.45561223 0.60635969 0.46103786
1778701770.05277157 0.90939200 1.90655035 -1.16841584 0.46122809 -0.45571521 0.60594807 0.46088961
1778701770.06302500 0.91057163 1.90853200 -1.17089615 0.46177596 -0.45651974 0.60519221 0.46053781
1778701770.07327604 0.91699823 1.90948991 -1.17120464 0.46166925 -0.45827515 0.60401886 0.46044176
1778701770.08351231 0.91657469 1.90992550 -1.17567169 0.46231556 -0.45838924 0.60319959 0.46075360
1778701770.09381914 0.91471364 1.90967838 -1.18359716 0.46312432 -0.45806008 0.60240576 0.46130698
1778701770.10410428 0.91849894 1.90872326 -1.18830411 0.46300098 -0.45876811 0.60164706 0.46171715
1778701770.11437368 0.92138043 1.90922048 -1.19047661 0.46313568 -0.45954171 0.60082486 0.46188337
1778701770.12467408 0.92400069 1.90825613 -1.19589669 0.46345803 -0.46009945 0.59953409 0.46268134
1778701770.13492990 0.91667419 1.90829336 -1.20791449 0.46466895 -0.45849558 0.59934182 0.46330762
1778701770.14519501 0.91856032 1.90475439 -1.21608999 0.46465890 -0.45828943 0.59839284 0.46474608
1778701770.14535356 0.91702091 1.90486358 -1.21856361 0.46483649 -0.45797198 0.59850501 0.46473697
1778701770.15549302 0.91611774 1.90196302 -1.22752859 0.46508031 -0.45727891 0.59793130 0.46591249
1778701770.16574621 0.91571829 1.89696678 -1.24058208 0.46518437 -0.45629715 0.59717064 0.46774314
1778701770.17604113 0.91975848 1.89209170 -1.25006636 0.46459347 -0.45629232 0.59647942 0.46921479
1778701770.18639255 0.92011145 1.88928281 -1.25798089 0.46453689 -0.45588405 0.59606673 0.47019108
1778701770.19668341 0.91901195 1.88411668 -1.27222722 0.46466998 -0.45467774 0.59530845 0.47218409
1778701770.20696306 0.91954232 1.87892350 -1.28463665 0.46455735 -0.45390953 0.59454247 0.47399564
1778701770.21728277 0.91774805 1.87605911 -1.29371155 0.46475149 -0.45311083 0.59423829 0.47494999
1778701770.22754169 0.91125911 1.87159168 -1.30946710 0.46583301 -0.45108114 0.59333403 0.47694879
1778701770.23783064 0.90176582 1.86913035 -1.32485553 0.46714711 -0.44875726 0.59304534 0.47821306
1778701770.24810386 0.91716940 1.86357693 -1.32591507 0.46512008 -0.45128016 0.59194567 0.47917622
1778701770.25838447 0.89839367 1.86224576 -1.34542121 0.46785377 -0.44723880 0.59145865 0.48090224
1778701770.26872444 0.89984616 1.85723646 -1.35595752 0.46781548 -0.44696204 0.59031197 0.48260273
1778701770.27900743 0.90128294 1.85505458 -1.36256357 0.46816555 -0.44728440 0.58896914 0.48360422
1778701770.28926420 0.89357980 1.85478120 -1.37233751 0.46928016 -0.44577307 0.58887035 0.48403947
1778701770.29959321 0.89511297 1.85083467 -1.38075366 0.46935292 -0.44578845 0.58779849 0.48525604
1778701770.30984974 0.88901039 1.84780579 -1.39372811 0.47022212 -0.44431968 0.58724096 0.48643523
1778701770.32014537 0.88641067 1.84455136 -1.40302388 0.47069405 -0.44354948 0.58642970 0.48765887
1778701770.33036828 0.89112140 1.83710673 -1.41375943 0.47012316 -0.44372213 0.58488177 0.48990632
1778701770.34065509 0.88031938 1.83513526 -1.42725958 0.47179686 -0.44173819 0.58407646 0.49104967
1778701770.35102820 0.89670844 1.82781624 -1.42880709 0.46979308 -0.44448113 0.58242379 0.49245662
1778701770.36130333 0.87690407 1.82441506 -1.44931541 0.47227576 -0.44017126 0.58219536 0.49422002
1778701770.37160301 0.87612904 1.81818329 -1.46103782 0.47250913 -0.43954843 0.58087241 0.49610436
1778701770.38190699 0.86836869 1.81638194 -1.47192515 0.47393578 -0.43829514 0.57983789 0.49706163
1778701770.39216328 0.86650775 1.81519624 -1.47729624 0.47466826 -0.43826050 0.57867522 0.49774769
1778701770.40243363 0.86184516 1.81169282 -1.48865149 0.47574837 -0.43739370 0.57700871 0.49941085
1778701770.41269207 0.85631868 1.80872479 -1.49940546 0.47715043 -0.43658778 0.57501426 0.50107602
1778701770.42296457 0.84847985 1.80980642 -1.50513806 0.47883358 -0.43582879 0.57397724 0.50132005
1778701770.42313504 0.84531485 1.80696552 -1.51146410 0.47923953 -0.43492102 0.57333523 0.50245387
1778701770.43326259 0.83713306 1.80360338 -1.52263290 0.48052646 -0.43336707 0.57216942 0.50389429
1778701770.44354725 0.82723749 1.80080592 -1.53495665 0.48257581 -0.43189145 0.56992575 0.50574204
1778701770.45386147 0.81935746 1.79536013 -1.54931477 0.48411771 -0.43043099 0.56740525 0.50834092
1778701770.46423054 0.81950935 1.78639518 -1.56183304 0.48373475 -0.42965524 0.56609324 0.51081848
1778701770.47444820 0.79432421 1.78714104 -1.57714875 0.48797116 -0.42596433 0.56372862 0.51249252
1778701770.48472738 0.79062678 1.77769536 -1.59307821 0.48789557 -0.42451782 0.56256830 0.51503343
1778701770.49505639 0.79108370 1.76914539 -1.60559388 0.48745980 -0.42381672 0.56119199 0.51751898
1778701770.50534654 0.78825637 1.76311121 -1.61562094 0.48795983 -0.42324829 0.55933274 0.51952187
1778701770.51560450 0.75450472 1.75553911 -1.64561732 0.49126513 -0.41608104 0.55937448 0.52214494
1778701770.52593517 0.76888029 1.75544687 -1.64353245 0.49047132 -0.41953750 0.55663323 0.52305413
1778701770.53625441 0.73519576 1.75248509 -1.66750156 0.49443658 -0.41320095 0.55573811 0.52531191
1778701770.54653335 0.72126876 1.74369269 -1.68882680 0.49569304 -0.40992018 0.55386283 0.52866797
1778701770.55681634 0.73551795 1.73716933 -1.69381840 0.49405840 -0.41228491 0.55157396 0.53074817
1778701770.56709933 0.69489204 1.72946785 -1.72462024 0.49808525 -0.40404286 0.55091864 0.53399354
1778701770.57734776 0.67459834 1.72462390 -1.74317268 0.50024568 -0.40026484 0.54960182 0.53617176
1778701770.58763623 0.66372167 1.71807717 -1.75934719 0.50193707 -0.39843209 0.54551141 0.54011883
1778701770.59798908 0.65255888 1.71489216 -1.77100111 0.50344741 -0.39661857 0.54326990 0.54230270
1778701770.59823179 0.64471559 1.71816424 -1.77226986 0.50466179 -0.39574281 0.54343259 0.54165037
1778701770.60835862 0.62687007 1.71967853 -1.78270433 0.50751360 -0.39333710 0.54100889 0.54316226
1778701770.61862493 0.61718445 1.72180186 -1.79092655 0.50955839 -0.39257752 0.53829817 0.54448895
1778701770.62886047 0.60884477 1.71669842 -1.80471453 0.51079188 -0.39120553 0.53489192 0.54766826
1778701770.63912368 0.57984657 1.71221040 -1.82398508 0.51383227 -0.38590907 0.53347005 0.54996390
1778701770.64936304 0.55703881 1.71082896 -1.83963764 0.51694488 -0.38241139 0.53039945 0.55245448
1778701770.65963888 0.53884067 1.71620562 -1.84539389 0.51985038 -0.38022836 0.52947646 0.55212014
1778701770.66995120 0.52073381 1.71028137 -1.86263546 0.52187878 -0.37713838 0.52608547 0.55555671
1778701770.68026447 0.50510984 1.70048614 -1.88189764 0.52325478 -0.37414414 0.52224804 0.55989069
1778701770.69061375 0.48090430 1.69429651 -1.90013124 0.52563294 -0.36987848 0.51977485 0.56279129
1778701770.70086813 0.45864783 1.69095647 -1.91243119 0.52817903 -0.36625569 0.51757120 0.56480415
1778701770.70102453 0.45899864 1.68874614 -1.91590986 0.52792190 -0.36614123 0.51732788 0.56534143
1778701770.71112680 0.44485939 1.68546295 -1.92622752 0.52957057 -0.36387617 0.51538084 0.56703768
1778701770.72132254 0.41114767 1.68102239 -1.94348325 0.53304680 -0.35817738 0.51381733 0.56882495
1778701770.73160958 0.39058843 1.67833786 -1.95568464 0.53540127 -0.35511407 0.51150228 0.57061799
1778701770.74196625 0.37251585 1.67467882 -1.96670661 0.53715406 -0.35209533 0.51004670 0.57214225
1778701770.75225854 0.34096175 1.67709721 -1.97667977 0.54128048 -0.34766877 0.50813151 0.57266416
1778701770.76253200 0.32045197 1.67637767 -1.98686322 0.54413181 -0.34502716 0.50418745 0.57504073
1778701770.77288723 0.30178884 1.67799200 -1.99349001 0.54668816 -0.34261804 0.50226217 0.57574095
1778701770.78324103 0.27356042 1.66721548 -2.01388084 0.54914939 -0.33762991 0.49635212 0.58144265
1778701770.79354310 0.25708623 1.66429806 -2.02498773 0.55096979 -0.33525651 0.49314160 0.58382080
1778701770.80386138 0.23479376 1.66677314 -2.03251716 0.55409994 -0.33264278 0.48945840 0.58545069
1778701770.81424212 0.22116577 1.66943595 -2.03685446 0.55622068 -0.33125226 0.48689395 0.58636573
1778701770.82448792 0.20462683 1.67162402 -2.04361097 0.55864106 -0.32944963 0.48347802 0.58790486
1778701770.83476543 0.18514200 1.67084432 -2.05301768 0.56088457 -0.32673426 0.48049171 0.58972955
1778701770.84511065 0.17734174 1.66773610 -2.06081144 0.56154964 -0.32557703 0.47834491 0.59147928
1778701770.85538769 0.15237715 1.66960998 -2.06800796 0.56475381 -0.32230401 0.47520452 0.59275115
1778701770.86564422 0.13026995 1.67589682 -2.07168985 0.56815462 -0.31984494 0.47253132 0.59297023
1778701770.87591600 0.11129717 1.67898200 -2.07754340 0.57079345 -0.31758334 0.46925136 0.59425485
1778701770.88623881 0.09300360 1.67748280 -2.08505553 0.57264496 -0.31482512 0.46675795 0.59590260
1778701770.89651132 0.07478742 1.67307107 -2.09558959 0.57422213 -0.31210806 0.46278251 0.59890721
1778701770.90678692 0.06960017 1.67403196 -2.10120277 0.57518510 -0.31187733 0.45984840 0.60036163
1778701770.91712165 0.04211359 1.67017208 -2.11068948 0.57761744 -0.30734294 0.45779771 0.60192995
1778701770.92739010 0.03695558 1.67213443 -2.11570552 0.57867655 -0.30726592 0.45467257 0.60331912
1778701770.93775773 0.02921817 1.67455646 -2.12053125 0.58003957 -0.30677069 0.45134272 0.60476077
1778701770.94807029 -0.00139753 1.67426561 -2.12817764 0.58323166 -0.30226032 0.44845007 0.60611225
1778701770.95837283 -0.01761500 1.67260001 -2.13281558 0.58469886 -0.29969554 0.44718137 0.60690909
1778701770.95852089 -0.01985033 1.67224416 -2.13464742 0.58493447 -0.29940849 0.44653873 0.60729679
1778701770.96862793 -0.03240429 1.67362013 -2.14001328 0.58663420 -0.29793376 0.44387912 0.60833142
1778701770.97888255 -0.04747113 1.67187821 -2.14747451 0.58813183 -0.29578098 0.44122455 0.60986511
1778701770.98909426 -0.04937753 1.67335956 -2.15043917 0.58872762 -0.29597843 0.43922268 0.61063901
1778701770.99940705 -0.07830096 1.66749094 -2.16071680 0.59092676 -0.29124031 0.43642813 0.61279290
1778701771.00970483 -0.09155273 1.66421244 -2.16903850 0.59192251 -0.28919841 0.43402401 0.61450401
1778701771.02004743 -0.09913299 1.66456263 -2.17261266 0.59292019 -0.28847342 0.43154575 0.61562733
1778701771.03036022 -0.12106384 1.66056488 -2.18156751 0.59469516 -0.28492388 0.42953660 0.61697192
1778701771.04065514 -0.11835902 1.66046338 -2.18755511 0.59467606 -0.28579369 0.42670346 0.61855195
1778701771.05101800 -0.13754378 1.66086701 -2.19292194 0.59677930 -0.28302702 0.42471143 0.61916910
1778701771.06128359 -0.14678722 1.66397500 -2.19505033 0.59826820 -0.28208563 0.42300976 0.61932674
1778701771.07151389 -0.13967564 1.66996361 -2.19704588 0.59861967 -0.28412597 0.42047556 0.61977999
1778701771.08181596 -0.15345624 1.67148261 -2.20174101 0.60033609 -0.28236772 0.41829286 0.62039998
1778701771.09210491 -0.16752309 1.66991300 -2.20696287 0.60161186 -0.28015164 0.41722511 0.62088762
1778701771.10239863 -0.18567384 1.66890615 -2.21259564 0.60344424 -0.27752357 0.41480022 0.62191358
1778701771.11265302 -0.19928504 1.66421125 -2.22148740 0.60433456 -0.27511018 0.41365853 0.62288100
1778701771.12290335 -0.18866785 1.66958406 -2.22205575 0.60433354 -0.27736084 0.41302634 0.62230313
1778701771.13322115 -0.19280310 1.66736690 -2.22914782 0.60468187 -0.27683394 0.41060129 0.62380236
1778701771.14343643 -0.20785524 1.65788365 -2.24083309 0.60498766 -0.27393932 0.40884623 0.62593285
1778701771.15368509 -0.21426343 1.65138795 -2.24949513 0.60483012 -0.27253168 0.40772900 0.62742654
1778701771.16402292 -0.22516592 1.64571545 -2.25853796 0.60534380 -0.27056950 0.40618264 0.62878191
1778701771.17435527 -0.22559116 1.64240203 -2.26686446 0.60523787 -0.27037490 0.40522770 0.62958323
1778701771.18461323 -0.24417629 1.63715650 -2.27524195 0.60650126 -0.26719253 0.40377624 0.63065769
1778701771.19494891 -0.24938238 1.63457995 -2.28120932 0.60684914 -0.26617337 0.40389976 0.63067491
1778701771.20529771 -0.28520845 1.62197136 -2.29326178 0.60865932 -0.25980265 0.40231671 0.63259599
1778701771.21556902 -0.25886389 1.62837631 -2.29671976 0.60737131 -0.26476916 0.39914754 0.63378121
1778701771.22583866 -0.25859169 1.62542184 -2.30305335 0.60716823 -0.26466342 0.39866138 0.63432573
1778701771.22603583 -0.26240218 1.62392564 -2.30520417 0.60736449 -0.26406076 0.39794617 0.63483788
1778701771.23613262 -0.27114127 1.61619056 -2.31387657 0.60732651 -0.26222237 0.39705781 0.63619104
1778701771.24635768 -0.28327556 1.60340960 -2.32743911 0.60701934 -0.25916864 0.39837240 0.63691331
1778701771.25659943 -0.28385276 1.59707325 -2.33731295 0.60656357 -0.25878802 0.39683388 0.63846086
1778701771.26694107 -0.27868785 1.59551969 -2.34311169 0.60605642 -0.25944771 0.39746215 0.63828391
1778701771.27721119 -0.28293372 1.58896420 -2.35300861 0.60576151 -0.25832055 0.39701652 0.63929756
1778701771.28750229 -0.30934355 1.57515313 -2.36614142 0.60652407 -0.25308738 0.39684258 0.64077398
1778701771.29786921 -0.28901348 1.57883386 -2.37082532 0.60527358 -0.25664434 0.39624589 0.64091089
1778701771.30812764 -0.28199350 1.57593883 -2.38004702 0.60445609 -0.25750524 0.39580431 0.64160957
1778701771.31838751 -0.29840141 1.56551176 -2.39246350 0.60463118 -0.25424840 0.39450418 0.64354125
1778701771.32862782 -0.28391524 1.56930368 -2.39679189 0.60396325 -0.25672873 0.39451263 0.64317847
1778701771.32879305 -0.28376400 1.56881184 -2.39898064 0.60387913 -0.25675983 0.39399860 0.64356001
1778701771.33896852 -0.28633408 1.56703282 -2.40548955 0.60392049 -0.25618566 0.39353646 0.64403261
1778701771.34920120 -0.29241848 1.56441343 -2.41412011 0.60420045 -0.25487668 0.39389599 0.64406960
1778701771.35950041 -0.30253446 1.55923101 -2.42424696 0.60440549 -0.25296906 0.39293320 0.64521637
1778701771.36975932 -0.29740716 1.56110609 -2.42911945 0.60423638 -0.25387751 0.39242577 0.64532675
1778701771.38005209 -0.31246084 1.55412985 -2.43964578 0.60463857 -0.25106455 0.39148769 0.64661904
1778701771.39031339 -0.30621340 1.55773729 -2.44547071 0.60461747 -0.25226338 0.39085707 0.64655367
1778701771.40060115 -0.31840700 1.55675908 -2.45091799 0.60547800 -0.25043274 0.38948179 0.64728956
1778701771.41090727 -0.32090811 1.55852246 -2.45757467 0.60585683 -0.25018572 0.38859303 0.64756472
1778701771.42119765 -0.32300393 1.56190086 -2.46311156 0.60640812 -0.25022313 0.38715031 0.64789830
1778701771.43146515 -0.31586355 1.56766297 -2.46784482 0.60646738 -0.25194422 0.38527458 0.64829386
1778701771.44170761 -0.32346432 1.56332261 -2.47509614 0.60653332 -0.25056248 0.38432253 0.64933195
1778701771.45197821 -0.31281470 1.56922910 -2.47964088 0.60641017 -0.25270811 0.38299366 0.64940063
1778701771.46225214 -0.32112188 1.56465839 -2.48847971 0.60653088 -0.25119877 0.38185453 0.65054331
1778701771.47246408 -0.33057369 1.55854467 -2.49607440 0.60664495 -0.24929051 0.38176096 0.65122555
1778701771.48275971 -0.31936525 1.55785440 -2.50363598 0.60566662 -0.25108081 0.38087801 0.65196497
1778701771.49302244 -0.34669990 1.54072492 -2.51750857 0.60590859 -0.24567020 0.38104633 0.65370071
1778701771.50331974 -0.35624479 1.53205990 -2.52614890 0.60565182 -0.24367230 0.38052492 0.65498890
1778701771.51357961 -0.35332300 1.52403284 -2.53689707 0.60444292 -0.24356397 0.38025295 0.65630256
1778701771.52387047 -0.36732352 1.51941983 -2.54401926 0.60497967 -0.24146593 0.37819579 0.65777028
1778701771.53417706 -0.38106498 1.51374349 -2.55027200 0.60553907 -0.23901008 0.37809695 0.65820917
1778701771.53441834 -0.37738375 1.51423060 -2.55199150 0.60527851 -0.23964575 0.37775893 0.65841175
1778701771.54456997 -0.36679151 1.51574815 -2.55686765 0.60449731 -0.24162272 0.37634090 0.65921847
1778701771.55487967 -0.38685414 1.50740381 -2.56585668 0.60520965 -0.23804033 0.37615509 0.65997381
1778701771.56509519 -0.39121573 1.50897076 -2.57061790 0.60569524 -0.23778856 0.37434590 0.66064743
1778701771.57541013 -0.38962238 1.51200061 -2.57386966 0.60596163 -0.23836004 0.37342647 0.66071754
1778701771.58570194 -0.38802410 1.51485622 -2.57846022 0.60631022 -0.23884001 0.37292336 0.66050855
1778701771.59596467 -0.40398676 1.51155206 -2.58453334 0.60719086 -0.23649158 0.37144308 0.66137813
1778701771.60625863 -0.38715623 1.52414122 -2.58417511 0.60743967 -0.24000499 0.37053934 0.66039022
1778701771.61653447 -0.41106192 1.52305177 -2.58824535 0.60930679 -0.23652777 0.36956506 0.66047068
1778701771.62678909 -0.41734835 1.52685458 -2.59158809 0.61026023 -0.23605123 0.36834713 0.66044126
1778701771.63706136 -0.42474963 1.53540490 -2.59196161 0.61198339 -0.23569796 0.36724763 0.65958470
1778701771.64736414 -0.42440840 1.54320673 -2.59223709 0.61282980 -0.23651599 0.36550738 0.65947266
1778701771.65765047 -0.42558430 1.55083205 -2.59405198 0.61386883 -0.23709281 0.36408311 0.65908691
1778701771.66789222 -0.43039142 1.55455496 -2.59721685 0.61465057 -0.23695344 0.36244144 0.65931323
1778701771.67822814 -0.43589021 1.55638090 -2.60023608 0.61522466 -0.23643888 0.36132172 0.65957706
1778701771.68854904 -0.44358983 1.55899395 -2.60363654 0.61603405 -0.23577693 0.35957809 0.66001127
1778701771.69880438 -0.45410449 1.55634848 -2.60950349 0.61642120 -0.23432532 0.35821691 0.66090634
1778701771.70912647 -0.45895608 1.55631464 -2.61307499 0.61672517 -0.23381447 0.35708481 0.66141613
1778701771.71939564 -0.46268091 1.54992517 -2.62186362 0.61607080 -0.23315132 0.35567975 0.66301519
1778701771.72968125 -0.48150887 1.54550614 -2.62710363 0.61695731 -0.23037684 0.35425627 0.66392220
1778701771.73997068 -0.49462812 1.53980772 -2.63370382 0.61714467 -0.22841773 0.35267471 0.66526563
1778701771.75035501 -0.50050903 1.53744134 -2.63819536 0.61722580 -0.22762467 0.35171013 0.66597245
1778701771.76066089 -0.50872967 1.53394683 -2.64433294 0.61728289 -0.22653487 0.35038140 0.66699075
1778701771.77093577 -0.52238239 1.52697763 -2.65123885 0.61737303 -0.22445340 0.34902126 0.66832281
1778701771.78121209 -0.52303449 1.52563452 -2.65626872 0.61711268 -0.22455032 0.34782074 0.66915605
1778701771.79148102 -0.53160244 1.52124210 -2.66271173 0.61712726 -0.22341008 0.34629158 0.67031635
1778701771.80174899 -0.54608449 1.51636481 -2.66842228 0.61761172 -0.22127316 0.34515174 0.67116631
1778701771.81208396 -0.55092967 1.51329301 -2.67354751 0.61749039 -0.22068826 0.34409539 0.67201241
1778701771.81224537 -0.55357364 1.51247920 -2.67495284 0.61756848 -0.22034255 0.34378567 0.67221258
1778701771.82238650 -0.56218591 1.50937596 -2.67927394 0.61773108 -0.21919082 0.34265527 0.67301640
1778701771.83270168 -0.56967761 1.50636135 -2.68528153 0.61773887 -0.21835543 0.34102981 0.67410553
1778701771.84295273 -0.57929300 1.50352308 -2.69072357 0.61809572 -0.21706415 0.34010280 0.67466356
1778701771.85327768 -0.58844083 1.50191583 -2.69394571 0.61851106 -0.21596126 0.33888928 0.67524726
1778701771.86360121 -0.60009611 1.50032096 -2.69817677 0.61913983 -0.21455660 0.33736856 0.67588001
1778701771.87393737 -0.60883685 1.49738675 -2.70371984 0.61928593 -0.21357549 0.33577591 0.67684931
1778701771.88427734 -0.62048936 1.49246225 -2.70826895 0.61944131 -0.21196921 0.33450304 0.67784160
1778701771.88445735 -0.62421085 1.49201877 -2.70914581 0.61965797 -0.21149090 0.33417740 0.67795359
1778701771.89465070 -0.63712793 1.48730672 -2.71317597 0.61994142 -0.20972761 0.33289297 0.67887351
1778701771.90499091 -0.65090296 1.48071979 -2.71932564 0.62000046 -0.20787225 0.33115460 0.68023907
1778701771.91524935 -0.66294646 1.48201671 -2.72129226 0.62106695 -0.20667408 0.32958750 0.68039235
1778701771.92551017 -0.66759380 1.48001642 -2.72544855 0.62099914 -0.20637223 0.32794372 0.68133948
1778701771.93584847 -0.68515764 1.47614168 -2.72902244 0.62173554 -0.20412793 0.32603051 0.68226154
1778701771.94613218 -0.70272554 1.47242448 -2.73241416 0.62251711 -0.20188845 0.32439749 0.68299325
1778701771.95637774 -0.70864457 1.46983452 -2.73663560 0.62237392 -0.20140353 0.32257285 0.68413016
1778701771.95656633 -0.71661751 1.46540866 -2.73845313 0.62235632 -0.20017781 0.32202986 0.68476144
1778701771.96667075 -0.72943358 1.45986592 -2.74245413 0.62244587 -0.19848524 0.32049952 0.68588979
1778701771.97692275 -0.74135469 1.45869905 -2.74570557 0.62303321 -0.19729678 0.31856032 0.68660244
1778701771.98720622 -0.75476597 1.45821873 -2.74799227 0.62383459 -0.19594885 0.31652268 0.68720291
1778701771.99748373 -0.76561945 1.45390310 -2.75144028 0.62392352 -0.19468113 0.31478214 0.68828112
1778701772.00776529 -0.78453997 1.45168273 -2.75299539 0.62485689 -0.19250974 0.31247822 0.68909450
1778701772.01806760 -0.79670062 1.44438065 -2.75898774 0.62444781 -0.19115454 0.30997490 0.69097065
1778701772.02835917 -0.81229489 1.43875564 -2.76181861 0.62472078 -0.18908503 0.30845331 0.69197352
1778701772.03867769 -0.83186599 1.43088858 -2.76591974 0.62487461 -0.18656222 0.30617732 0.69352845
1778701772.04898024 -0.85362060 1.42296550 -2.76925175 0.62518520 -0.18372050 0.30385859 0.69502533
1778701772.05933952 -0.86555713 1.43423011 -2.76526796 0.62756847 -0.18315949 0.30262719 0.69356124
1778701772.06970024 -0.88733803 1.42418946 -2.76833948 0.62759523 -0.18003881 0.30063687 0.69521776
1778701772.07997775 -0.90324435 1.41758531 -2.77308831 0.62737778 -0.17818664 0.29786423 0.69708216
1778701772.09026337 -0.93110880 1.39722920 -2.78093062 0.62612579 -0.17397378 0.29460712 0.70064703
1778701772.10054064 -0.94672380 1.39737103 -2.78029001 0.62723658 -0.17210005 0.29368910 0.70050165
1778701772.11079597 -0.96689727 1.39230118 -2.78214236 0.62778807 -0.16958885 0.29185486 0.70138613
1778701772.12104678 -0.98866540 1.38530731 -2.78447319 0.62802112 -0.16681716 0.28939763 0.70285881
1778701772.13138056 -1.00486088 1.37854216 -2.78707570 0.62791587 -0.16472000 0.28739889 0.70426618
1778701772.14170384 -1.02780114 1.35823792 -2.79587131 0.62617844 -0.16119133 0.28441054 0.70783371
1778701772.15197563 -1.05014420 1.34956457 -2.79874958 0.62620016 -0.15820234 0.28230050 0.70933194
1778701772.16232252 -1.08216374 1.33254380 -2.80207550 0.62568824 -0.15343347 0.27966517 0.71187063
1778701772.17257476 -1.08693538 1.33316306 -2.80510426 0.62574739 -0.15327667 0.27850861 0.71230570
1778701772.18286395 -1.10921898 1.32704624 -2.80658364 0.62599177 -0.15043585 0.27624141 0.71357834
1778701772.19319820 -1.13747238 1.31932504 -2.80650950 0.62626348 -0.14673319 0.27316475 0.71529326
1778701772.20350885 -1.16121323 1.31057067 -2.80665168 0.62620094 -0.14345091 0.27068589 0.71695423
1778701772.21382785 -1.18409888 1.30531033 -2.80713031 0.62658510 -0.14051723 0.26852954 0.71800968
1778701772.22410440 -1.20555284 1.29929926 -2.80830127 0.62662399 -0.13783027 0.26609090 0.71940310
1778701772.23440194 -1.23003064 1.29484952 -2.80721218 0.62724903 -0.13467741 0.26395451 0.72024209
1778701772.24471664 -1.25069781 1.28586463 -2.80782384 0.62691833 -0.13181146 0.26170376 0.72187969
1778701772.25507379 -1.26985915 1.28468769 -2.80664312 0.62753864 -0.12967524 0.25938079 0.72256570
1778701772.26536512 -1.30220509 1.27355988 -2.80406476 0.62765522 -0.12516715 0.25630627 0.72435434
1778701772.27562571 -1.32583209 1.26714329 -2.80096589 0.62812183 -0.12194826 0.25442945 0.72516015
1778701772.28590083 -1.33655680 1.26724530 -2.80260022 0.62836044 -0.12103100 0.25263721 0.72573349
1778701772.29614973 -1.35935016 1.25907516 -2.80240516 0.62822246 -0.11802772 0.25012781 0.72721529
1778701772.30635333 -1.37144503 1.25699240 -2.80300931 0.62792148 -0.11684658 0.24743464 0.72858602
1778701772.30656219 -1.37490524 1.26457657 -2.79942587 0.62945070 -0.11666717 0.24786324 0.72714813
1778701772.31669712 -1.39360237 1.26292059 -2.79608267 0.62996367 -0.11441469 0.24552964 0.72785317
1778701772.32697010 -1.41543531 1.23514841 -2.80475236 0.62651894 -0.11090034 0.24179900 0.73260383
1778701772.33720708 -1.43680301 1.22707635 -2.80400915 0.62628342 -0.10808396 0.23921278 0.73407370
1778701772.34745455 -1.45500241 1.22859203 -2.79884880 0.62753917 -0.10585867 0.23771715 0.73381134
1778701772.35773611 -1.47653890 1.23818857 -2.78944794 0.63012667 -0.10358645 0.23589873 0.73250394
1778701772.36798644 -1.50050646 1.19971927 -2.80072067 0.62540350 -0.09920215 0.23260873 0.73818872
1778701772.37828183 -1.51006375 1.21099713 -2.79529442 0.62736288 -0.09866335 0.23130669 0.73700649
1778701772.38858819 -1.52899807 1.22565472 -2.78454488 0.63051623 -0.09694995 0.22962141 0.73506735
1778701772.39884305 -1.54843690 1.23868037 -2.77404544 0.63344749 -0.09509769 0.22785029 0.73333822
1778701772.40916467 -1.56621050 1.21044944 -2.78225129 0.62911110 -0.09217609 0.22345182 0.73877742
1778701772.40935445 -1.56856285 1.21377065 -2.78123289 0.62948944 -0.09213744 0.22276035 0.73866878
1778701772.41949224 -1.57962027 1.22847166 -2.77330220 0.63202493 -0.09145483 0.22146780 0.73697524
1778701772.42976308 -1.59950742 1.24583549 -2.76056809 0.63514289 -0.08976068 0.21886832 0.73527763
1778701772.44004989 -1.61849005 1.22082797 -2.76838019 0.63122866 -0.08683306 0.21447186 0.74027847
1778701772.45036530 -1.63936821 1.21865170 -2.76236884 0.63172003 -0.08405178 0.21211805 0.74085831
1778701772.46065426 -1.65178070 1.22903650 -2.75696897 0.63337510 -0.08309946 0.20996528 0.74016555
1778701772.47093320 -1.67320873 1.24526952 -2.74298216 0.63670454 -0.08090083 0.20775129 0.73817463
1778701772.48122931 -1.68376700 1.21144697 -2.75749781 0.63141397 -0.07858533 0.20481708 0.74376791
1778701772.49152589 -1.69725452 1.26980324 -2.72769371 0.64124182 -0.07878123 0.20499236 0.73524185
1778701772.50181532 -1.71302676 1.27628756 -2.72069861 0.64286193 -0.07699190 0.20322468 0.73450699
1778701772.51215482 -1.72098402 1.26563013 -2.72704369 0.64103848 -0.07584771 0.20098724 0.73683168
1778701772.52242470 -1.73736971 1.22453870 -2.74116836 0.63510473 -0.07240538 0.19774447 0.74316658
1778701772.53272700 -1.75766980 1.25591072 -2.71876615 0.64094993 -0.07073495 0.19621954 0.73869997
1778701772.54296374 -1.77833005 1.22986528 -2.72387746 0.63758965 -0.06719579 0.19293111 0.74279321
1778701772.55322671 -1.79377976 1.23841171 -2.71396390 0.63959576 -0.06537724 0.19138602 0.74162960
1778701772.56350446 -1.81132329 1.25274615 -2.70096126 0.64282503 -0.06337050 0.19021264 0.73931002
1778701772.57380223 -1.83433651 1.25115396 -2.69169780 0.64375279 -0.06009206 0.18796865 0.73935044
1778701772.58407569 -1.84446932 1.24593854 -2.69131916 0.64334452 -0.05858426 0.18657433 0.74017953
1778701772.59438491 -1.86725727 1.21541812 -2.69544977 0.63938971 -0.05453136 0.18293564 0.74480983
1778701772.60471559 -1.88561931 1.20733074 -2.69129173 0.63904847 -0.05171986 0.18078936 0.74582660
1778701772.61506534 -1.90098065 1.19909491 -2.68919135 0.63854009 -0.04933886 0.17896321 0.74686304
1778701772.62534618 -1.91422390 1.18706480 -2.68894132 0.63731102 -0.04712836 0.17731014 0.74844819
1778701772.63571262 -1.92463618 1.20194238 -2.67944728 0.63980849 -0.04628243 0.17565602 0.74675833
1778701772.64597178 -1.93519570 1.21589716 -2.67003155 0.64262266 -0.04523552 0.17482909 0.74459698
1778701772.65629959 -1.94571684 1.21496052 -2.66663470 0.64281633 -0.04380746 0.17320723 0.74489418
1778701772.66660595 -1.95862627 1.20556363 -2.66642187 0.64197224 -0.04171381 0.17144882 0.74614804
1778701772.67687106 -1.96933992 1.19818889 -2.66697894 0.64122774 -0.04001930 0.16967919 0.74728470
1778701772.68720031 -1.98234573 1.19023976 -2.66603319 0.64068233 -0.03787672 0.16805168 0.74823134
1778701772.69746089 -1.98986512 1.18438334 -2.66660588 0.64034213 -0.03654148 0.16731807 0.74875319
1778701772.70780230 -2.00258593 1.17507345 -2.66581859 0.63985654 -0.03428054 0.16616051 0.74953262
1778701772.71802473 -2.01453092 1.16391167 -2.66618650 0.63928056 -0.03199764 0.16543719 0.75028465
1778701772.72831488 -2.02053221 1.15909238 -2.66692068 0.63914856 -0.03086824 0.16494420 0.75055292
1778701772.73864365 -2.02921306 1.15180355 -2.66784206 0.63895479 -0.02923351 0.16435619 0.75091226
1778701772.74890637 -2.04449595 1.14504734 -2.66304917 0.63919381 -0.02660480 0.16323314 0.75105153
1778701772.75917888 -2.06513173 1.14048676 -2.65175407 0.64017728 -0.02318460 0.16206198 0.75058074
1778701772.75936294 -2.06204881 1.14248370 -2.65436038 0.64032629 -0.02370377 0.16219803 0.75040800
1778701772.76952076 -2.06648407 1.14574765 -2.65273905 0.64094856 -0.02316876 0.16121123 0.75010605
1778701772.77982759 -2.07191300 1.14518093 -2.65308242 0.64148360 -0.02217213 0.16079235 0.74976864
1778701772.79009295 -2.08028068 1.13722467 -2.65443590 0.64077502 -0.02063490 0.15948291 0.75069752
1778701772.80038881 -2.08377307 1.13265130 -2.65714210 0.64016499 -0.01998370 0.15847574 0.75144852
1778701772.81064677 -2.08635752 1.12852353 -2.66144712 0.63929858 -0.01958983 0.15684373 0.75253811
1778701772.82096171 -2.09017529 1.12117668 -2.66587538 0.63845095 -0.01873511 0.15586161 0.75348294
1778701772.83133984 -2.08892301 1.12242577 -2.66992171 0.63835362 -0.01898066 0.15511558 0.75371317
1778701772.83160925 -2.08946007 1.12174778 -2.67090577 0.63823106 -0.01887926 0.15478500 0.75388746
1778701772.84169793 -2.08989636 1.09378772 -2.68611542 0.63349052 -0.01817261 0.15301276 0.75825234
1778701772.85196400 -2.08027296 1.11665354 -2.68804158 0.63691952 -0.02000652 0.15407355 0.75511231
1778701772.86224341 -2.10105311 1.05554946 -2.70151483 0.62876209 -0.01509616 0.15119062 0.76260851
1778701772.87253690 -2.08573272 1.14041269 -2.67991009 0.64135576 -0.01950248 0.15341686 0.75149565
1778701772.88278723 -2.09662702 1.03850972 -2.71844741 0.62626085 -0.01503014 0.15049044 0.76480329
1778701772.89309072 -2.10890075 1.03190364 -2.71476609 0.62651514 -0.01264095 0.14971760 0.76478992
1778701772.90339708 -2.10554853 1.10606870 -2.68860356 0.63870293 -0.01463344 0.15203266 0.75414222
1778701772.91370344 -2.10938834 1.11379869 -2.68549523 0.64075853 -0.01386080 0.15221048 0.75237514
1778701772.92399645 -2.11237029 1.07126876 -2.70456856 0.63482502 -0.01194841 0.15136560 0.75759018
1778701772.93431330 -2.11780735 1.03198169 -2.71993461 0.62944300 -0.00978070 0.15021313 0.76232661
1778701772.94453406 -2.11728419 1.02135467 -2.72719420 0.62816470 -0.00930163 0.15015716 0.76339729
1778701772.95482469 -2.11691645 1.02425060 -2.72979007 0.62895208 -0.00908855 0.15012439 0.76275772
1778701772.96508503 -2.12453261 1.01916397 -2.72962374 0.62904264 -0.00738566 0.14964153 0.76279632
1778701772.97535181 -2.12477339 1.01353900 -2.73443437 0.62832901 -0.00698159 0.14927604 0.76345961
1778701772.98573732 -2.12393494 1.00096913 -2.74374545 0.62663483 -0.00644490 0.14895312 0.76491844
1778701772.99613476 -2.11947440 0.99258120 -2.75392830 0.62534592 -0.00655271 0.14885153 0.76599136
1778701773.00636983 -2.12392039 0.98018483 -2.75767015 0.62414938 -0.00518512 0.14864720 0.76701674
1778701773.01673436 -2.11801936 0.97345667 -2.76822740 0.62335929 -0.00539468 0.14929848 0.76753114
1778701773.02706575 -2.12430602 0.96188120 -2.77126249 0.62229584 -0.00370057 0.14875842 0.76850838
1778701773.03735328 -2.11975019 0.89062213 -2.80382789 0.61116091 -0.00241286 0.14734105 0.77766775
1778701773.04767609 -2.12900732 0.87495172 -2.80474979 0.60988376 -0.00010656 0.14715968 0.77870779
1778701773.05800486 -2.14193230 0.90524302 -2.78811755 0.61589592 0.00171660 0.14741908 0.77391012
1778701773.06828833 -2.12417306 0.92938584 -2.79665014 0.61813505 -0.00161528 0.14773771 0.77206219
1778701773.07861233 -2.12517758 0.92339007 -2.80183180 0.61745667 -0.00100765 0.14728707 0.77269190
1778701773.07879734 -2.12105608 0.91992722 -2.80729760 0.61662715 -0.00153589 0.14721123 0.77336760
1778701773.08894515 -2.12686359 0.90938289 -2.80982995 0.61559197 -0.00008419 0.14671772 0.77428705
1778701773.09921002 -2.12150493 0.90340049 -2.81997912 0.61399755 -0.00076056 0.14564967 0.77575292
1778701773.10950494 -2.12289639 0.90856521 -2.82148441 0.61491311 -0.00043371 0.14518362 0.77511509
1778701773.11987805 -2.11365580 0.91299858 -2.83009571 0.61493473 -0.00188629 0.14507485 0.77511613
1778701773.13024807 -2.11289916 0.91359757 -2.83418513 0.61490963 -0.00191685 0.14430073 0.77528044
1778701773.14060998 -2.11892705 0.90901637 -2.83512058 0.61492342 -0.00055236 0.14384680 0.77535603
1778701773.15092635 -2.11932215 0.90327605 -2.84059877 0.61407900 -0.00023304 0.14304920 0.77617257
1778701773.16124392 -2.10954246 0.90505425 -2.85034904 0.61357570 -0.00177684 0.14276872 0.77662011
1778701773.17148256 -2.12065289 0.89477678 -2.84954419 0.61297979 0.00042786 0.14195722 0.77724111
1778701773.18175912 -2.11982662 0.89578607 -2.85276255 0.61284325 0.00023870 0.14115069 0.77749571
1778701773.18193245 -2.12708159 0.88941279 -2.85049944 0.61248858 0.00161092 0.14084262 0.77782935
1778701773.19208741 -2.11813360 0.89163031 -2.85961332 0.61172611 -0.00004307 0.13987320 0.77860558
1778701773.20234680 -2.13335511 0.88170938 -2.85571280 0.61128355 0.00269000 0.13867900 0.77916193
1778701773.21264172 -2.13472570 0.88395749 -2.85865628 0.61129313 0.00274392 0.13743702 0.77937426
1778701773.22298574 -2.13957914 0.88376084 -2.85836137 0.61142639 0.00350723 0.13660401 0.77941312
1778701773.23326468 -2.14222293 0.88613321 -2.86036957 0.61163674 0.00382319 0.13556075 0.77942874
1778701773.24358988 -2.13921552 0.89853296 -2.86327454 0.61297548 0.00303598 0.13488174 0.77849776
1778701773.25383830 -2.14584358 0.90295099 -2.86180019 0.61377018 0.00395720 0.13379394 0.77805507
1778701773.26412749 -2.15893990 0.90149795 -2.85594121 0.61436671 0.00612513 0.13291977 0.77771998
1778701773.27444601 -2.16666545 0.90376606 -2.85436039 0.61496402 0.00727569 0.13185424 0.77741930
1778701773.28476834 -2.16931268 0.91447934 -2.85403008 0.61617545 0.00731801 0.13062470 0.77666688
1778701773.29504585 -2.16457487 0.93552888 -2.85437914 0.61833653 0.00587030 0.12974551 0.77510746
1778701773.30537510 -2.19495621 0.93419655 -2.83719292 0.61984629 0.01072149 0.12795144 0.77414731
1778701773.31563568 -2.20830431 0.93828563 -2.83108836 0.62040946 0.01240984 0.12573233 0.77403455
1778701773.32595730 -2.21866924 0.87189486 -2.85065797 0.61078431 0.01523771 0.12334178 0.78198283
1778701773.33630657 -2.23752375 0.94958356 -2.81339988 0.62283383 0.01641009 0.12236165 0.77255185
1778701773.34667087 -2.24269889 0.98009159 -2.80366485 0.62697648 0.01633409 0.12113390 0.76938955
1778701773.35691786 -2.24532643 0.96678483 -2.81147245 0.62382670 0.01640985 0.11820730 0.77239757
1778701773.36725378 -2.26480759 0.93448420 -2.81134333 0.61978612 0.01992883 0.11599163 0.77589558
1778701773.37756824 -2.26801136 0.94130335 -2.81166966 0.61987878 0.01979235 0.11381904 0.77614676
1778701773.38781476 -2.31773185 0.95211948 -2.77251127 0.62292054 0.02667897 0.10884245 0.77421674
1778701773.39807820 -2.31613538 0.96649791 -2.77259233 0.62433618 0.02588496 0.10788647 0.77323658
1778701773.39825654 -2.32752261 0.96614170 -2.76441644 0.62480313 0.02763674 0.10702362 0.77291863
1778701773.40839887 -2.33566526 0.96786297 -2.76095381 0.62487831 0.02859440 0.10536319 0.77305113
1778701773.41864729 -2.34604547 0.96591195 -2.75801880 0.62434455 0.02986558 0.10311584 0.77373707
1778701773.42889667 -2.35798143 0.96518519 -2.75338184 0.62399226 0.03131782 0.10067295 0.77428536
1778701773.43923807 -2.37264082 0.96260093 -2.74576949 0.62401681 0.03347296 0.09900627 0.77439030
1778701773.44951034 -2.38160756 0.96516293 -2.74235801 0.62393023 0.03436432 0.09667477 0.77471553
1778701773.45976543 -2.37852808 0.97900977 -2.74526842 0.62474098 0.03307585 0.09493595 0.77433317
1778701773.47013378 -2.40301636 0.96934101 -2.73135812 0.62426127 0.03689886 0.09263879 0.77482540
1778701773.48040915 -2.39481025 0.98010371 -2.73977502 0.62426063 0.03479182 0.09096610 0.77512152
1778701773.49065971 -2.39104212 0.99570724 -2.74245279 0.62537859 0.03336928 0.08934955 0.77447063
1778701773.50098968 -2.42830516 0.98495244 -2.71923567 0.62547442 0.03922372 0.08640326 0.77445318
1778701773.51135015 -2.43205173 0.97820940 -2.72248095 0.62390307 0.03948580 0.08463016 0.77590178
1778701773.52166557 -2.43429559 0.97244232 -2.72833711 0.62190938 0.03921557 0.08207588 0.77778815
1778701773.53192401 -2.43665340 0.97979618 -2.72932596 0.62192383 0.03878501 0.07973754 0.77804138
1778701773.54222989 -2.43627010 0.99256432 -2.72939746 0.62322078 0.03816396 0.07869944 0.77713948
1778701773.55248499 -2.43769652 1.01013922 -2.72716541 0.62487380 0.03750589 0.07676746 0.77603660
1778701773.56273437 -2.43878731 1.02585472 -2.72564630 0.62634741 0.03686770 0.07497934 0.77505342
1778701773.57302690 -2.43966719 1.03636543 -2.72482114 0.62730529 0.03643487 0.07367412 0.77442411
1778701773.57327557 -2.48979874 1.00134621 -2.69466454 0.62529111 0.04516946 0.07142603 0.77580221
1778701773.58335662 -2.48904697 0.99334885 -2.70284652 0.62355903 0.04479423 0.07030563 0.77731894
1778701773.59363556 -2.49380886 0.97607980 -2.71109355 0.62055761 0.04528502 0.06837818 0.77986021
1778701773.60391045 -2.50611845 0.96834440 -2.70805971 0.61932459 0.04682380 0.06598477 0.78095493
1778701773.61416698 -2.51704045 0.97225289 -2.70070876 0.62012965 0.04821199 0.06453935 0.78035216
1778701773.62443137 -2.52374725 0.98446517 -2.69555462 0.62201805 0.04878777 0.06339193 0.77890613
1778701773.63467550 -2.53238355 0.99550313 -2.68906089 0.62338280 0.04948354 0.06141765 0.77792874
1778701773.64493895 -2.53828384 0.99672934 -2.68744346 0.62304945 0.04982827 0.05942850 0.77832820
1778701773.65524220 -2.55436745 0.99338350 -2.67955158 0.62291077 0.05202994 0.05736144 0.77845020
1778701773.66547918 -2.56260594 0.99910548 -2.67568720 0.62370785 0.05285773 0.05585153 0.77786579
1778701773.67580438 -2.56743969 1.00764606 -2.67251531 0.62439881 0.05298653 0.05407621 0.77742801
1778701773.67597890 -2.57236307 1.01058636 -2.66817398 0.62506872 0.05368457 0.05370772 0.77686714
1778701773.68610239 -2.58660785 1.00864412 -2.65993327 0.62497498 0.05558218 0.05180209 0.77693850
1778701773.69642806 -2.60075445 1.00439836 -2.65402196 0.62399797 0.05719113 0.04896322 0.77779066
1778701773.70668983 -2.60018275 1.01019705 -2.65844747 0.62348330 0.05617931 0.04661153 0.77842137
1778701773.71697617 -2.59636682 1.02491695 -2.66144403 0.62437009 0.05473051 0.04505281 0.77790539
1778701773.72726417 -2.59868455 1.03842078 -2.65993262 0.62547724 0.05428079 0.04316497 0.77715417
1778701773.73752737 -2.60496328 1.05188247 -2.65439555 0.62659020 0.05442940 0.04077160 0.77637609
1778701773.74784279 -2.61950458 1.05164066 -2.64486808 0.62625937 0.05618208 0.03813669 0.77665203
1778701773.75824857 -2.63858471 1.04189013 -2.63638178 0.62456081 0.05869332 0.03491724 0.77798437
1778701773.76859856 -2.71623401 0.94817773 -2.60087734 0.61458295 0.07240909 0.02999719 0.78494897
1778701773.77896714 -2.73919486 0.89149116 -2.60485710 0.60624467 0.07615742 0.02681369 0.79116906
1778701773.78930974 -2.75412522 0.87082280 -2.60191553 0.60260378 0.07816244 0.02394007 0.79384268
1778701773.79964042 -2.77833643 0.86668840 -2.58434794 0.60290827 0.08207170 0.02205592 0.79327132
1778701773.80993104 -2.79799945 0.89122414 -2.56133741 0.60642380 0.08462779 0.01934343 0.79038861
1778701773.82029724 -2.79620256 0.91765375 -2.55877369 0.60891626 0.08338527 0.01749049 0.78864566
1778701773.82051206 -2.79703931 0.92633904 -2.55619220 0.60987952 0.08326848 0.01690935 0.78792601
1778701773.83063912 -2.79202236 0.96087463 -2.55381501 0.61339973 0.08145620 0.01527775 0.78541215
1778701773.84107304 -2.79730086 0.99779521 -2.54022025 0.61756407 0.08132079 0.01272418 0.78220179
1778701773.85161471 -2.80348119 1.02809560 -2.52774805 0.62108826 0.08154572 0.01053843 0.77941556
1778701773.86190271 -2.81766963 1.04629080 -2.51090803 0.62263034 0.08303252 0.00699398 0.77806693
1778701773.87216926 -2.84320302 1.04246208 -2.48888718 0.62164338 0.08673115 0.00301091 0.77847810
1778701773.88244224 -2.87260945 1.02389685 -2.46916503 0.61917691 0.09145481 -0.00043653 0.77990755
1778701773.89277744 -2.90666842 0.99784360 -2.44641610 0.61572161 0.09705720 -0.00428740 0.78195168
1778701773.90306401 -2.93536419 0.97127555 -2.42776672 0.61181981 0.10172243 -0.00794399 0.78438891
1778701773.91334486 -2.96536399 0.94245371 -2.40875064 0.60731602 0.10654899 -0.01208414 0.78719028
1778701773.92365289 -2.99076648 0.93149524 -2.38724031 0.60549492 0.11059829 -0.01560592 0.78797232
1778701773.93394995 -3.00926224 0.93956943 -2.36484750 0.60631550 0.11341250 -0.01859586 0.78687566
1778701773.94426131 -3.02235976 0.95891994 -2.34554359 0.60789120 0.11491456 -0.02227499 0.78534499
1778701773.95455265 -3.03774920 0.97569498 -2.32352717 0.60911239 0.11687069 -0.02624888 0.78398619
1778701773.96483397 -3.05500137 0.98494298 -2.30196563 0.60937845 0.11927876 -0.03022466 0.78327323
1778701773.97518039 -3.06809930 0.98945186 -2.28648372 0.60919890 0.12115374 -0.03316951 0.78300591
1778701773.98542619 -3.09332570 0.99053162 -2.25739565 0.60867909 0.12523973 -0.03744245 0.78257449
1778701773.99565148 -3.11970356 0.98523495 -2.22896879 0.60717539 0.12959025 -0.04184189 0.78281139
1778701774.00595617 -3.14123913 0.97990897 -2.20512740 0.60592633 0.13324875 -0.04524698 0.78297558
1778701774.01626754 -3.16621639 0.97874903 -2.17544369 0.60492642 0.13745583 -0.04960798 0.78275728
1778701774.02651501 -3.17993965 0.96558783 -2.16815085 0.60259386 0.13966202 -0.05177270 0.78402471
1778701774.03675413 -3.19860191 0.96446536 -2.14544920 0.60158229 0.14281862 -0.05524492 0.78399591
1778701774.04705262 -3.22533790 0.95670531 -2.11465159 0.59948675 0.14749669 -0.05975366 0.78440414
1778701774.05729747 -3.28491128 0.86571125 -2.06877348 0.58683050 0.15930339 -0.06494111 0.79122376
1778701774.06756926 -3.29768175 0.87048003 -2.05106222 0.58646881 0.16140542 -0.06788143 0.79081903
1778701774.06775999 -3.25851346 0.97342133 -2.06743376 0.59835100 0.15263530 -0.06860617 0.78356349
1778701774.07787204 -3.23676370 1.05659051 -2.06401403 0.60737727 0.14752444 -0.07132831 0.77732983
1778701774.08820963 -3.26912167 1.03340629 -2.03058920 0.60364912 0.15371306 -0.07548911 0.77864075
1778701774.09848022 -3.32665161 0.94928564 -1.98559795 0.59169018 0.16512267 -0.08058417 0.78494804
1778701774.10877919 -3.38164251 0.84279726 -1.94613588 0.57747039 0.17677026 -0.08374507 0.79263294
1778701774.11903811 -3.31828451 1.04244574 -1.96132796 0.60110985 0.16248544 -0.08662993 0.77766361
1778701774.12932491 -3.38988318 0.92201792 -1.90569998 0.58563503 0.17761628 -0.09069489 0.78565801
1778701774.13959336 -3.40187075 0.92732920 -1.88594779 0.58522422 0.17985412 -0.09372867 0.78509875
1778701774.14988041 -3.40754726 0.98398086 -1.85125459 0.58855801 0.18009324 -0.10152502 0.78157442
1778701774.16021872 -3.42173189 0.99034670 -1.82664945 0.58803899 0.18288995 -0.10526758 0.78082018
1778701774.17051148 -3.43472770 0.99503905 -1.80474486 0.58743215 0.18547038 -0.10863492 0.78020681
1778701774.18077159 -3.43730271 1.00877300 -1.79570048 0.58932357 0.18611631 -0.10961035 0.77848829
1778701774.19104457 -3.45093614 1.01781534 -1.76892766 0.58836751 0.18878114 -0.11423727 0.77790437
1778701774.20131373 -3.46337089 1.02736630 -1.74319758 0.58811283 0.19139164 -0.11816411 0.77687179
1778701774.21165967 -3.47124000 1.03171892 -1.72831578 0.58725889 0.19294933 -0.12106025 0.77668653
1778701774.22200036 -3.48491716 1.03101187 -1.70538590 0.58574058 0.19587558 -0.12456175 0.77654691
1778701774.23231959 -3.49561882 1.03390829 -1.68542928 0.58433616 0.19810575 -0.12824455 0.77643976
1778701774.24266481 -3.51508796 1.03160971 -1.64949016 0.58075768 0.20221642 -0.13442508 0.77701927
1778701774.25299025 -3.51666662 1.04183599 -1.64199945 0.58214653 0.20279975 -0.13531166 0.77567289
1778701774.26332736 -3.52797055 1.04429888 -1.61916208 0.58094723 0.20544874 -0.13883650 0.77525193
1778701774.27359152 -3.53641912 1.04744541 -1.60175898 0.57983561 0.20741660 -0.14202385 0.77498273
1778701774.28390956 -3.53983131 1.05392025 -1.59214424 0.57934879 0.20820458 -0.14443550 0.77468975
1778701774.29422331 -3.54986294 1.04921304 -1.57570234 0.57765530 0.21063594 -0.14702209 0.77481053
1778701774.30450296 -3.56751809 1.04348049 -1.54135781 0.57421501 0.21484890 -0.15230192 0.77519107
1778701774.31481433 -3.56428392 1.05295189 -1.54405035 0.57631455 0.21448969 -0.15185483 0.77381899
1778701774.32511830 -3.57059036 1.06149382 -1.52509904 0.57604508 0.21631520 -0.15501810 0.77288368
1778701774.33542657 -3.58584589 1.04816628 -1.50055728 0.57172287 0.21986434 -0.15938346 0.77420252
1778701774.34570932 -3.59268438 1.03331338 -1.49656851 0.56789567 0.22124017 -0.16177156 0.77612967
1778701774.35599017 -3.59124567 1.04429904 -1.49319407 0.57043977 0.22156650 -0.16148157 0.77422895
1778701774.36632252 -3.59893401 1.04074157 -1.47810435 0.56945826 0.22383732 -0.16343651 0.77388801
1778701774.37659335 -3.60392795 1.04296273 -1.46508256 0.56832874 0.22534066 -0.16619933 0.77369362
1778701774.38685560 -3.60847510 1.04442083 -1.45360791 0.56749037 0.22670471 -0.16831721 0.77345263
1778701774.39719176 -3.61430552 1.04455622 -1.43945925 0.56652439 0.22855918 -0.17069245 0.77309437
1778701774.40742970 -3.62292409 1.04483947 -1.41764596 0.56562664 0.23129625 -0.17344830 0.77232392
1778701774.41772079 -3.62849597 1.04843873 -1.40113692 0.56408570 0.23305573 -0.17695896 0.77212556
1778701774.42798185 -3.63415627 1.04920830 -1.38629930 0.56449726 0.23514061 -0.17798176 0.77095669
1778701774.43827653 -3.64622136 1.04002023 -1.36215830 0.56089125 0.23842747 -0.18201207 0.77163783
1778701774.44851780 -3.64422429 1.05643071 -1.35453152 0.56346970 0.23892346 -0.18293307 0.76938480
1778701774.45879102 -3.64346748 1.06767858 -1.34778122 0.56395558 0.23921035 -0.18489095 0.76847111
1778701774.46909022 -3.64872955 1.06630935 -1.33439922 0.56338643 0.24124123 -0.18660564 0.76783900
1778701774.47937965 -3.65421307 1.06612101 -1.31892089 0.56288364 0.24340637 -0.18852295 0.76705570
1778701774.48969388 -3.65960706 1.06912019 -1.30058633 0.56210376 0.24556908 -0.19126915 0.76625799
1778701774.49992871 -3.66288968 1.07025737 -1.28950628 0.56083309 0.24683532 -0.19367591 0.76617766
1778701774.51020312 -3.66498356 1.08304120 -1.27065694 0.56138187 0.24848557 -0.19663162 0.76448762
1778701774.52045584 -3.68303309 1.06826012 -1.23012553 0.55470043 0.25345305 -0.20333762 0.76597833
1778701774.53078032 -3.71644291 1.04380579 -1.14695444 0.54483164 0.26314728 -0.21329057 0.76708482
1778701774.54111004 -3.72014307 1.04898083 -1.13004049 0.54379106 0.26497952 -0.21625255 0.76636282
1778701774.55136037 -3.72461536 1.04821903 -1.11594214 0.54316848 0.26703969 -0.21790216 0.76562161
1778701774.56163788 -3.72642508 1.05021263 -1.10801918 0.54274754 0.26810913 -0.21930957 0.76514438
1778701774.57191110 -3.72937080 1.05643115 -1.09247209 0.54193019 0.26975749 -0.22210155 0.76433858
1778701774.58222389 -3.71991925 1.07924050 -1.10400766 0.54608736 0.26801474 -0.22157873 0.76214143
1778701774.59250093 -3.70645288 1.10214228 -1.12702748 0.55637500 0.26605436 -0.21495144 0.75726998
1778701774.59276628 -3.70596581 1.10462447 -1.12715976 0.55637448 0.26597320 -0.21539762 0.75717208
1778701774.60290790 -3.71274849 1.09349469 -1.11760144 0.55472451 0.26809821 -0.21611787 0.75742797
1778701774.61321354 -3.72544892 1.08563906 -1.08415113 0.55194354 0.27249869 -0.21958822 0.75689088
1778701774.62356901 -3.71482423 1.11624995 -1.09004043 0.55308599 0.27026884 -0.22280843 0.75591470
1778701774.63384032 -3.73729576 1.09801269 -1.03035379 0.53724738 0.27587980 -0.23699034 0.76098039
1778701774.64409661 -3.72417545 1.11630602 -1.06221493 0.55036039 0.27402989 -0.22720330 0.75524150
1778701774.65432334 -3.74405585 1.11192146 -0.99539776 0.53631425 0.27982570 -0.24202816 0.75860858
1778701774.66457963 -3.72094080 1.14993792 -1.04074975 0.55306589 0.27537868 -0.23112491 0.75157567
1778701774.67489004 -3.74737300 1.11395607 -0.98900873 0.54721734 0.28346528 -0.23422646 0.75189001
1778701774.68526721 -3.74658961 1.15568780 -0.94120837 0.53739499 0.28434890 -0.25047140 0.75340321
1778701774.69551277 -3.73198195 1.16849727 -0.98791890 0.55186521 0.28141655 -0.23832036 0.74796586
1778701774.70577931 -3.74650475 1.16112716 -0.94338913 0.54894795 0.28670968 -0.24225481 0.74683754
1778701774.71607971 -3.74457656 1.14604351 -0.97653243 0.54726743 0.28473310 -0.24063048 0.74934798
1778701774.72632599 -3.74167739 1.18382143 -0.93827934 0.55111117 0.28701749 -0.24450526 0.74438876
1778701774.73655200 -3.73802829 1.18931468 -0.94753681 0.55087773 0.28600475 -0.24528819 0.74469370
1778701774.74683285 -3.72908392 1.21875753 -0.94551645 0.55172033 0.28458720 -0.24896552 0.74339154
1778701774.75712419 -3.74840939 1.19387530 -0.90321568 0.54140204 0.28994137 -0.25668702 0.74627716
1778701774.76735401 -3.73344927 1.23623054 -0.90641650 0.55100631 0.28819976 -0.25440940 0.74068131
1778701774.77764797 -3.73378302 1.24732558 -0.89101167 0.54930404 0.28921797 -0.25842971 0.74015682
1778701774.78792429 -3.73921853 1.23391289 -0.89113623 0.54897084 0.29083940 -0.25722244 0.74018922
1778701774.79823422 -3.73803779 1.25195755 -0.87034167 0.54875959 0.29196792 -0.26110013 0.73854206
1778701774.80846286 -3.74158701 1.25651267 -0.85074652 0.54935056 0.29434818 -0.26251667 0.73665332
1778701774.81878996 -3.73510949 1.26908658 -0.86314846 0.54936636 0.29266699 -0.26395987 0.73679565
1778701774.82905221 -3.73733945 1.27437238 -0.84786503 0.54904573 0.29441735 -0.26596874 0.73561392
1778701774.83934927 -3.74089175 1.27015694 -0.84126374 0.54924683 0.29593575 -0.26579983 0.73491524
1778701774.84977198 -3.74310525 1.28041927 -0.81683044 0.55031405 0.29843887 -0.26775062 0.73239217
1778701774.86012912 -3.74463540 1.28768951 -0.80101980 0.55083255 0.30020342 -0.26934894 0.73069320
1778701774.87037182 -3.74559845 1.29290984 -0.79035439 0.55084766 0.30135373 -0.27074919 0.72969011
1778701774.87056708 -3.74558028 1.29428404 -0.78939044 0.55064458 0.30146851 -0.27122723 0.72961844
1778701774.88066077 -3.73695626 1.32121120 -0.79294168 0.55162403 0.29953664 -0.27404352 0.72862122
1778701774.89094353 -3.73603813 1.33709686 -0.77312926 0.55199273 0.30098106 -0.27706266 0.72660217
1778701774.90121436 -3.73437277 1.35086254 -0.75990102 0.55371851 0.30194267 -0.27831720 0.72440733
1778701774.91153765 -3.72887018 1.37634544 -0.74610036 0.55568921 0.30220844 -0.28102441 0.72173738
1778701774.92181468 -3.73434488 1.36891396 -0.73486697 0.55423046 0.30432173 -0.28205459 0.72156919
1778701774.93209839 -3.73792266 1.36348553 -0.73107247 0.55248629 0.30545381 -0.28320517 0.72197763
1778701774.94241190 -3.73888142 1.37324608 -0.70751306 0.55251603 0.30749378 -0.28578373 0.72007032
1778701774.95266199 -3.73823822 1.38290687 -0.69494326 0.55235207 0.30850432 -0.28810784 0.71883667
1778701774.96292543 -3.73590829 1.39731143 -0.68108138 0.55202719 0.30923076 -0.29121493 0.71752086
1778701774.97325444 -3.73699066 1.40264806 -0.66736986 0.55074345 0.31051787 -0.29385995 0.71687282
1778701774.98355794 -3.73698719 1.41232756 -0.64604300 0.55126533 0.31233514 -0.29589531 0.71484212
1778701774.99382401 -3.74229461 1.40819999 -0.62370843 0.55176715 0.31545434 -0.29627431 0.71292574
1778701775.00415635 -3.73903243 1.41989376 -0.62051972 0.54930118 0.31497938 -0.30027554 0.71336583
1778701775.01449442 -3.74180049 1.41975825 -0.60375660 0.54821235 0.31688629 -0.30209642 0.71258968
1778701775.02481651 -3.74217753 1.42281349 -0.59729069 0.54711491 0.31761278 -0.30399599 0.71230179
1778701775.03508162 -3.74225982 1.42841440 -0.58455314 0.54644491 0.31883530 -0.30616777 0.71133910
1778701775.04539347 -3.73517643 1.47040217 -0.53233129 0.54476044 0.32090335 -0.31551855 0.70760522
1778701775.05569029 -3.74514549 1.45222610 -0.51324987 0.54593365 0.32473492 -0.31326964 0.70595029
1778701775.06597161 -3.74058967 1.46752033 -0.50459781 0.54467700 0.32468004 -0.31699534 0.70528277
1778701775.07626963 -3.73639522 1.48473393 -0.48807876 0.54170585 0.32509823 -0.32261228 0.70483135
1778701775.08650255 -3.73982707 1.47937267 -0.47602419 0.54109747 0.32697935 -0.32317605 0.70416992
1778701775.09679556 -3.74091503 1.48027972 -0.46751866 0.54032487 0.32813210 -0.32464696 0.70355007
1778701775.10712814 -3.73920876 1.48767631 -0.45878111 0.53965638 0.32878139 -0.32685907 0.70273533
1778701775.11740637 -3.73677744 1.49385384 -0.46163854 0.53893773 0.32825535 -0.32840415 0.70281240
1778701775.12763381 -3.73898299 1.49378891 -0.44451201 0.53809571 0.33028268 -0.33016274 0.70168292
1778701775.13791060 -3.73810130 1.49719861 -0.44011167 0.53689044 0.33074003 -0.33211806 0.70146795
1778701775.14821982 -3.73527887 1.50664971 -0.43083718 0.53645118 0.33128640 -0.33449014 0.70041830
1778701775.15853810 -3.73111080 1.52051181 -0.41559783 0.53560091 0.33196426 -0.33787410 0.69912266
1778701775.16886115 -3.73571012 1.51246585 -0.41045073 0.53479505 0.33341581 -0.33806686 0.69895562
1778701775.17915082 -3.73609961 1.51485728 -0.39779560 0.53330932 0.33471481 -0.34044962 0.69831312
1778701775.18949699 -3.73996343 1.50641965 -0.39351932 0.53255692 0.33603007 -0.34046009 0.69825056
1778701775.19980669 -3.74066042 1.50713215 -0.38356853 0.53613917 0.33778611 -0.33873685 0.69549456
1778701775.21003246 -3.73966216 1.51141097 -0.37957334 0.53091655 0.33767301 -0.34381554 0.69706199
1778701775.22035861 -3.73642645 1.52014087 -0.38099831 0.53051017 0.33709760 -0.34555354 0.69679045
1778701775.22054720 -3.73733149 1.51815110 -0.37692855 0.53035709 0.33775049 -0.34568630 0.69652491
1778701775.23064590 -3.73291268 1.53072543 -0.37215089 0.52977163 0.33747979 -0.34828415 0.69580713
1778701775.24092269 -3.73596040 1.52835180 -0.35188182 0.52872196 0.33996569 -0.34999884 0.69453382
1778701775.25115800 -3.73764801 1.52530312 -0.34644748 0.52748118 0.34101176 -0.35120437 0.69435587
1778701775.26144719 -3.73909581 1.52359644 -0.34056060 0.52690283 0.34198476 -0.35200354 0.69391162
1778701775.27175450 -3.74442943 1.51518719 -0.31804932 0.52717995 0.34527012 -0.35197235 0.69208765
1778701775.28205895 -3.74555050 1.51404602 -0.31513061 0.52563257 0.34584597 -0.35355638 0.69216967
1778701775.29243398 -3.72690535 1.56142123 -0.29984262 0.52264772 0.34371142 -0.36279272 0.69071214
1778701775.29262161 -3.72117549 1.57725135 -0.28875046 0.52233870 0.34366892 -0.36555141 0.68951151
1778701775.30278111 -3.73658054 1.54049720 -0.30599407 0.52105377 0.34491417 -0.36144657 0.69202136
1778701775.31303716 -3.73886363 1.53697451 -0.29850008 0.51876187 0.34604601 -0.36338808 0.69216138
1778701775.32338071 -3.73567353 1.54744113 -0.29042976 0.51719943 0.34628579 -0.36656989 0.69153266
1778701775.33368802 -3.73428759 1.55233162 -0.29162464 0.51554399 0.34590010 -0.36866417 0.69184842
1778701775.34395146 -3.73822856 1.54640003 -0.27956844 0.51322385 0.34771543 -0.37040237 0.69173502
1778701775.35422754 -3.73697807 1.55281902 -0.26858658 0.51176292 0.34862470 -0.37303382 0.69094522
1778701775.36448240 -3.75885088 1.50537106 -0.25808756 0.50932815 0.35317790 -0.36948404 0.69233789
1778701775.37474251 -3.75617831 1.51515386 -0.25348210 0.50893346 0.35333945 -0.37154479 0.69144228
1778701775.38507104 -3.75784888 1.51600092 -0.23494625 0.50919550 0.35565620 -0.37240077 0.68959864
1778701775.39543271 -3.73643103 1.57287595 -0.18147003 0.50509465 0.35679788 -0.38458025 0.68532671
1778701775.40569711 -3.75639769 1.52644088 -0.21363568 0.50510081 0.35747604 -0.37791262 0.68866981
1778701775.41600585 -3.76468655 1.50955423 -0.20608870 0.50268799 0.35969218 -0.37804547 0.68920820
1778701775.42628217 -3.77555900 1.48697409 -0.21422914 0.50483919 0.36138546 -0.37375267 0.68909134
1778701775.43654346 -3.77483743 1.49189563 -0.20341813 0.50275510 0.36223176 -0.37641708 0.68872029
1778701775.44680619 -3.75710643 1.53949595 -0.14378467 0.49861762 0.36466726 -0.38743894 0.68431668
1778701775.45714140 -3.75876520 1.53892117 -0.13244214 0.49704823 0.36619424 -0.38909295 0.68370426
1778701775.46751761 -3.75769239 1.54382319 -0.10429911 0.49614901 0.36889147 -0.39141615 0.68157805
1778701775.47781491 -3.75512312 1.55258578 -0.09047597 0.49417990 0.36987968 -0.39458102 0.68064753
1778701775.48812604 -3.75405295 1.55699713 -0.05873575 0.49221671 0.37294156 -0.39775419 0.67854912
1778701775.49832654 -3.75682175 1.55288303 -0.05150853 0.49076078 0.37425548 -0.39877066 0.67828361
1778701775.50865483 -3.76550390 1.53431324 -0.06026492 0.48985897 0.37495647 -0.39705651 0.67955276
1778701775.51898432 -3.73314013 1.60760801 0.01152054 0.48611503 0.37670482 -0.41116425 0.67285185
1778701775.52925086 -3.74968152 1.57286004 -0.01130796 0.48444993 0.37720228 -0.40761159 0.67592862
1778701775.53957176 -3.75191059 1.56692341 0.01627450 0.48326123 0.38050717 -0.40872098 0.67425517
1778701775.54984975 -3.75127048 1.56821492 0.03774121 0.48132528 0.38270224 -0.41111428 0.67294132
1778701775.56010532 -3.75321629 1.56450541 0.04157621 0.47948331 0.38351653 -0.41232742 0.67305047
1778701775.57034683 -3.74837030 1.57371994 0.06743276 0.47635366 0.38530379 -0.41649961 0.67168167
1778701775.58069348 -3.74451909 1.58095076 0.09009457 0.47393603 0.38713114 -0.41992867 0.67020447
1778701775.59098029 -3.73950724 1.59072794 0.11417190 0.47180853 0.38895954 -0.42347539 0.66841289
1778701775.60124612 -3.73226425 1.60231357 0.15363596 0.46943558 0.39213383 -0.42780567 0.66546495
1778701775.61150002 -3.72548498 1.61452890 0.17809719 0.46783131 0.39380689 -0.43122160 0.66339877
1778701775.62178969 -3.72948185 1.60594775 0.18496687 0.46603472 0.39529093 -0.43179105 0.66341029
1778701775.63204885 -3.72177977 1.61787135 0.21941702 0.46396917 0.39800074 -0.43572495 0.66066012
1778701775.64237118 -3.71727804 1.62986884 0.21320019 0.46345245 0.39689427 -0.43759914 0.66044967
1778701775.65276241 -3.70914705 1.64308284 0.24473855 0.46194683 0.39932123 -0.44123873 0.65761392
1778701775.66303086 -3.70430909 1.64902602 0.26917910 0.46052329 0.40159810 -0.44374739 0.65553452
1778701775.67326498 -3.69222995 1.66644467 0.31053804 0.45892876 0.40468928 -0.44818861 0.65171923
1778701775.68349385 -3.69255172 1.66156927 0.32662618 0.45774035 0.40681822 -0.44891143 0.65073131
1778701775.69373775 -3.68473308 1.67207799 0.35209111 0.45643152 0.40889383 -0.45188863 0.64828448
1778701775.70396924 -3.67347096 1.68585857 0.39056353 0.45545889 0.41200935 -0.45541752 0.64451562
1778701775.71432447 -3.67240157 1.68507634 0.39989113 0.45432424 0.41321275 -0.45640987 0.64384372
1778701775.72458410 -3.66122210 1.69760242 0.43458156 0.45317435 0.41601747 -0.45977070 0.64044780
1778701775.73489356 -3.64537314 1.71419811 0.48283093 0.45317737 0.41993260 -0.46325721 0.63535788
1778701775.74521422 -3.63472416 1.72248228 0.52232663 0.45098078 0.42323398 -0.46668921 0.63221081
1778701775.74537086 -3.63399375 1.72268086 0.52444376 0.45099362 0.42356577 -0.46681095 0.63188949
1778701775.75545764 -3.62716298 1.72932405 0.54465564 0.44972964 0.42523912 -0.46904965 0.63000584
1778701775.76574349 -3.62319657 1.72744135 0.56735959 0.44807483 0.42779639 -0.47063837 0.62826644
1778701775.77603769 -3.61706502 1.72991064 0.58879718 0.44638687 0.42992121 -0.47273261 0.62644266
1778701775.78637528 -3.61233696 1.72979936 0.61081006 0.44500003 0.43218318 -0.47427054 0.62470803
1778701775.79667807 -3.60538146 1.72951071 0.64076197 0.44214449 0.43516603 -0.47686584 0.62268591
1778701775.80700374 -3.60031811 1.73032984 0.65629278 0.44050113 0.43684929 -0.47862335 0.62132209
1778701775.81730986 -3.60186871 1.72361816 0.66013320 0.43957709 0.43789562 -0.47861368 0.62124742
1778701775.82754731 -3.58466306 1.74320358 0.69132675 0.43749280 0.43972317 -0.48304819 0.61798708
1778701775.83782101 -3.56863262 1.76138232 0.71592030 0.43594587 0.44106355 -0.48704623 0.61497977
1778701775.84812999 -3.56796470 1.75412432 0.72862750 0.43429894 0.44291934 -0.48757948 0.61438843
1778701775.85837102 -3.56222627 1.75215638 0.74925569 0.43211703 0.44520558 -0.48938114 0.61284008
1778701775.86869645 -3.55349942 1.75267801 0.77661571 0.43042921 0.44800885 -0.49128958 0.61045336
1778701775.87893987 -3.54166117 1.76414139 0.79437670 0.42957310 0.44925714 -0.49376712 0.60813568
1778701775.88920164 -3.53429990 1.76766476 0.81008795 0.42841180 0.45070235 -0.49539126 0.60656263
1778701775.89957643 -3.52609327 1.77018138 0.82797895 0.42671872 0.45248172 -0.49734164 0.60483280
1778701775.90992999 -3.51777453 1.77496517 0.84071290 0.42563350 0.45368041 -0.49910668 0.60324351
1778701775.92025757 -3.51207604 1.77561763 0.85322464 0.42448802 0.45503275 -0.50029965 0.60204267
1778701775.92042327 -3.51033555 1.77644306 0.85634544 0.42406983 0.45530650 -0.50079129 0.60172157
1778701775.93055987 -3.50905158 1.76782834 0.86753744 0.42299494 0.45716360 -0.50091653 0.60096536
1778701775.94082928 -3.49839542 1.77697693 0.88002754 0.42142888 0.45797167 -0.50341178 0.59936318
1778701775.95107818 -3.48740210 1.78545582 0.89373905 0.41991258 0.45897273 -0.50582211 0.59762986
1778701775.96136642 -3.48454082 1.78327911 0.89956115 0.41944225 0.45991647 -0.50621716 0.59689968
1778701775.97164202 -3.48143319 1.77766317 0.90918092 0.41848863 0.46150998 -0.50661137 0.59600397
1778701775.98185658 -3.47020663 1.78792905 0.91874830 0.41801958 0.46209977 -0.50867669 0.59411401
1778701775.99219084 -3.46630138 1.78534732 0.92820337 0.41667182 0.46332160 -0.50955356 0.59335727
1778701776.00252557 -3.46261570 1.78397658 0.93165159 0.41721033 0.46420152 -0.50949899 0.59233713
1778701776.01278973 -3.45242644 1.79257568 0.93873884 0.41670331 0.46466648 -0.51136349 0.59072057
1778701776.02310467 -3.44824171 1.79309647 0.94284766 0.41630427 0.46527426 -0.51200222 0.58996979
1778701776.02326560 -3.44791792 1.79297307 0.94047662 0.41685995 0.46522347 -0.51174327 0.58984213
1778701776.03342676 -3.44342236 1.79257135 0.94690978 0.41586149 0.46604339 -0.51265224 0.58910989
1778701776.04370308 -3.43892542 1.79347895 0.94682150 0.41577678 0.46638910 -0.51319321 0.58842468
1778701776.05394816 -3.43966389 1.78379698 0.94744306 0.41505820 0.46741704 -0.51273484 0.58851593
1778701776.06428409 -3.43091849 1.79305055 0.94981543 0.41477752 0.46728672 -0.51442825 0.58733831
1778701776.07459855 -3.42698560 1.79381884 0.94789529 0.41423783 0.46740471 -0.51515528 0.58698798
1778701776.08487892 -3.43263922 1.77577756 0.94610828 0.41304280 0.46874784 -0.51380914 0.58793815
1778701776.09516740 -3.42219359 1.78951834 0.94722195 0.41253289 0.46820722 -0.51604705 0.58676576
1778701776.10543132 -3.42412600 1.77959539 0.94339734 0.41127721 0.46880650 -0.51570665 0.58746759
1778701776.11570072 -3.41565908 1.78951646 0.94101092 0.41071376 0.46825825 -0.51754676 0.58668029
1778701776.12597513 -3.41082006 1.79937467 0.92708016 0.41057302 0.46664637 -0.51882667 0.58693257
1778701776.13624001 -3.40223549 1.81360986 0.92021839 0.40999214 0.46530461 -0.52098457 0.58649223
1778701776.14650869 -3.39684160 1.81403286 0.92367732 0.40835906 0.46585554 -0.52230573 0.58601896
1778701776.15679765 -3.39316182 1.82164970 0.90860746 0.40819238 0.46432064 -0.52331476 0.58645288
1778701776.16701698 -3.39440536 1.81370412 0.90716131 0.40824646 0.46509978 -0.52248974 0.58653345
1778701776.17728066 -3.38996577 1.81715633 0.90187918 0.40765527 0.46478644 -0.52340746 0.58637478
1778701776.18755555 -3.38375704 1.82612671 0.89284276 0.40670408 0.46366566 -0.52513585 0.58637725
1778701776.19786978 -3.38353643 1.82740054 0.87957773 0.40746902 0.46280344 -0.52481497 0.58681447
1778701776.20816159 -3.38757058 1.80477355 0.89362638 0.40466318 0.46587570 -0.52415113 0.58691834
1778701776.21846771 -3.37754661 1.82482914 0.87683128 0.40567558 0.46355593 -0.52590703 0.58648531
1778701776.22879910 -3.37174142 1.83205251 0.87010401 0.40541394 0.46295798 -0.52696877 0.58618543
1778701776.23913026 -3.37456585 1.83251497 0.84967021 0.40583383 0.46146901 -0.52650190 0.58748702
1778701776.24937606 -3.38157469 1.82136865 0.83322863 0.40357407 0.46095522 -0.52630008 0.58962401
1778701776.25966644 -3.38040792 1.81959986 0.82773419 0.40405283 0.46113987 -0.52594688 0.58946688
1778701776.26998734 -3.37134957 1.82848922 0.82479849 0.40750660 0.46127742 -0.52527081 0.58758156
1778701776.28030658 -3.35972513 1.83026810 0.85179439 0.40835064 0.46427230 -0.52579179 0.58416092
1778701776.29059863 -3.36094561 1.83748761 0.81702930 0.40885780 0.46112926 -0.52596646 0.58613513
1778701776.30090284 -3.35922039 1.83159121 0.82347179 0.40616720 0.46230454 -0.52711430 0.58604884
1778701776.31118202 -3.35550372 1.84326682 0.79932160 0.40898966 0.45992955 -0.52672670 0.58630303
1778701776.32148147 -3.35341601 1.82780488 0.82413013 0.40967210 0.46382632 -0.52527394 0.58405583
1778701776.33173418 -3.34422029 1.84191601 0.81766829 0.40804102 0.46251584 -0.52798746 0.58379008
1778701776.34206867 -3.34399513 1.83471175 0.82268915 0.40599113 0.46363472 -0.52847755 0.58388829
1778701776.35241389 -3.33423429 1.84127504 0.83126807 0.40502612 0.46436300 -0.53020537 0.58241146
1778701776.36270213 -3.33648181 1.84833454 0.79075493 0.40582221 0.46063057 -0.53018030 0.58483901
1778701776.37311554 -3.33664074 1.83324900 0.81188215 0.40552442 0.46391194 -0.52910315 0.58342568
1778701776.38340306 -3.33100233 1.83565382 0.81486254 0.40442803 0.46435271 -0.53033058 0.58272121
1778701776.39372230 -3.32789821 1.83441971 0.81496145 0.40490888 0.46502137 -0.53013103 0.58203524
1778701776.40395617 -3.32528657 1.83162225 0.81631168 0.40455279 0.46577416 -0.53024107 0.58158050
1778701776.41429472 -3.33238736 1.81172149 0.81734268 0.40382695 0.46758258 -0.52843095 0.58228091
1778701776.42451692 -3.32521629 1.81978117 0.81490839 0.40461602 0.46733981 -0.52918468 0.58124259
1778701776.43478489 -3.32249346 1.81268800 0.82620459 0.40454091 0.46940919 -0.52880141 0.57997477
1778701776.44509172 -3.30848039 1.83511200 0.82673504 0.40363739 0.46810976 -0.53226497 0.57848433
1778701776.45541334 -3.31476449 1.81394934 0.83036153 0.40380393 0.47049983 -0.52985463 0.57864183
1778701776.46566105 -3.31225985 1.80480224 0.84528331 0.40264844 0.47295103 -0.52984375 0.57745749
1778701776.47594833 -3.29378662 1.82551361 0.86787635 0.40022581 0.47367444 -0.53426124 0.57447084
1778701776.47613978 -3.29180307 1.83123527 0.86071856 0.40162155 0.47288824 -0.53411433 0.57428106
1778701776.48628664 -3.28747494 1.82989221 0.87040952 0.40058927 0.47417950 -0.53483513 0.57326558
1778701776.49656773 -3.28253758 1.82774968 0.88013966 0.40065651 0.47577794 -0.53491795 0.57181510
1778701776.50692439 -3.27793822 1.82522774 0.88967050 0.40063455 0.47737425 -0.53500432 0.57041753
1778701776.51729655 -3.27403503 1.82669008 0.89257809 0.40060124 0.47792846 -0.53540822 0.56959728
1778701776.52759194 -3.27402860 1.81681462 0.90018018 0.39902991 0.47967394 -0.53545734 0.56918668
1778701776.53788519 -3.26862681 1.81621411 0.90901105 0.39948036 0.48110884 -0.53550004 0.56761733
1778701776.54823089 -3.26225787 1.81861890 0.91597304 0.39965764 0.48212860 -0.53603301 0.56612225
1778701776.55857253 -3.25257407 1.82370467 0.93167418 0.39861015 0.48351233 -0.53767390 0.56412105
1778701776.56886077 -3.25334630 1.81696410 0.93156761 0.39858448 0.48447585 -0.53703821 0.56391801
1778701776.57924056 -3.24530108 1.81824289 0.94598678 0.39823314 0.48619134 -0.53786408 0.56189908
1778701776.58955050 -3.24010315 1.82415035 0.94455789 0.39866031 0.48605569 -0.53848090 0.56112222
1778701776.59987354 -3.23423798 1.82821850 0.94621802 0.39864940 0.48640130 -0.53932788 0.56001596
1778701776.61020064 -3.22937249 1.84154336 0.92878543 0.40271473 0.48464596 -0.53873572 0.55919851
1778701776.62052155 -3.24299727 1.80044119 0.95394563 0.39717585 0.48974537 -0.53708432 0.56030460
1778701776.62068772 -3.24123291 1.80511252 0.94917365 0.39755533 0.48911951 -0.53744265 0.56023857
1778701776.63086510 -3.23461519 1.81071087 0.95338727 0.39856519 0.48955317 -0.53785503 0.55874454
1778701776.64119148 -3.21111900 1.84027401 0.96330689 0.40056091 0.48906208 -0.54101884 0.55467815
1778701776.65148377 -3.20193410 1.84367173 0.97568263 0.39807882 0.49026095 -0.54323963 0.55323427
1778701776.66182995 -3.21331757 1.82508057 0.96844081 0.39629367 0.49101234 -0.54186455 0.55519458
1778701776.67216563 -3.21585698 1.83045278 0.94118359 0.40021207 0.48885075 -0.54026506 0.55584972
1778701776.68242502 -3.20350016 1.84303975 0.94740619 0.39997368 0.48892963 -0.54242229 0.55384739
1778701776.69275022 -3.20555794 1.82050983 0.97464069 0.39374462 0.49288358 -0.54347794 0.55377132
1778701776.70310879 -3.20113720 1.82528959 0.96980008 0.39430184 0.49256254 -0.54402547 0.55312249
1778701776.71340513 -3.18994004 1.82493203 0.99494200 0.38892401 0.49489133 -0.54756832 0.55135254
1778701776.72371721 -3.17229161 1.84443121 1.00308963 -0.38902288 -0.49476273 0.55046986 -0.54850157
1778701776.73407555 -3.17863778 1.82920351 1.00524319 -0.38656724 -0.49612681 0.55005421 -0.54942181
1778701776.74431872 -3.17815897 1.83478519 0.98860301 -0.38921693 -0.49479690 0.54945330 -0.54935169
1778701776.75457978 -3.17472753 1.83225457 0.99378571 -0.38711368 -0.49571384 0.55063645 -0.54882628
1778701776.76494479 -3.14883164 1.86359140 1.00533709 -0.38905353 -0.49524326 0.55422167 -0.54425161
1778701776.77527833 -3.15168926 1.84984216 1.01281497 -0.38615409 -0.49699867 0.55435504 -0.54458042
1778701776.78567076 -3.14449531 1.85526642 1.01563736 -0.38522350 -0.49722516 0.55591458 -0.54344179
1778701776.79602313 -3.14862695 1.83711561 1.02686163 -0.38112967 -0.49960930 0.55624783 -0.54380058
1778701776.80634928 -3.14539852 1.84266013 1.02026895 -0.38092682 -0.49884827 0.55723884 -0.54362674
1778701776.80651116 -3.14404094 1.84252622 1.02208596 -0.38172055 -0.49923559 0.55691910 -0.54304178
1778701776.81671643 -3.13018932 1.85848595 1.02601732 -0.38128812 -0.49876662 0.55959533 -0.54102154
1778701776.82701612 -3.12906712 1.85539534 1.02531127 -0.38051516 -0.49929649 0.55993743 -0.54072295
1778701776.83727455 -3.11957507 1.86222602 1.03227218 -0.38004304 -0.49988733 0.56149096 -0.53889502
1778701776.84753442 -3.12277391 1.85392543 1.03022216 -0.37932146 -0.50055894 0.56111716 -0.53916928
1778701776.85780454 -3.11608621 1.85883713 1.03282508 -0.37862945 -0.50085159 0.56247853 -0.53796406
1778701776.86810231 -3.10666231 1.87076650 1.03197601 -0.37828232 -0.50037296 0.56445838 -0.53657816
1778701776.87840104 -3.10936393 1.86208974 1.03277611 -0.37734128 -0.50132231 0.56416995 -0.53665796
1778701776.88874602 -3.10471213 1.87002988 1.02499657 -0.37713419 -0.50048186 0.56552052 -0.53616626
1778701776.89903164 -3.09522650 1.88186335 1.02467298 -0.37712544 -0.50009881 0.56734884 -0.53459599
1778701776.90930343 -3.09006480 1.88727020 1.02553553 -0.37599489 -0.50007517 0.56881543 -0.53385548
1778701776.90947890 -3.08787795 1.89046559 1.02451028 -0.37555522 -0.49983163 0.56951522 -0.53364691
1778701776.91960692 -3.08550707 1.89509815 1.01797041 -0.37525575 -0.49923590 0.57039920 -0.53347109
1778701776.92989516 -3.08602297 1.89498802 1.00928549 -0.37458158 -0.49884092 0.57099509 -0.53367685
1778701776.94013333 -3.07948849 1.90081864 1.01056726 -0.37301523 -0.49889705 0.57285163 -0.53273106
1778701776.95039701 -3.08318828 1.89633154 1.00219337 -0.37211189 -0.49870322 0.57287921 -0.53351406
1778701776.96067357 -3.07485514 1.90762129 0.99950501 -0.37034672 -0.49798703 0.57544353 -0.53265088
1778701776.97092915 -3.07174850 1.91211447 0.99367502 -0.36936604 -0.49754599 0.57671389 -0.53236998
1778701776.98124313 -3.06903452 1.91650465 0.98834545 -0.36840513 -0.49703035 0.57791430 -0.53221571
1778701776.99161100 -3.07071590 1.91273010 0.98334437 -0.36670113 -0.49718287 0.57854579 -0.53256384
1778701777.00185800 -3.06244057 1.92337142 0.98170985 -0.36600620 -0.49680598 0.58046714 -0.53130141
1778701777.01212358 -3.06309957 1.92182559 0.97743829 -0.36497875 -0.49684007 0.58093632 -0.53146350
1778701777.01225805 -3.06273584 1.92629655 0.96837740 -0.36555509 -0.49587635 0.58115596 -0.53172726
1778701777.02239871 -3.05580131 1.93458052 0.96715711 -0.36564290 -0.49570111 0.58230742 -0.53056927
1778701777.03269291 -3.05694290 1.92893438 0.96724618 -0.36362184 -0.49648687 0.58291298 -0.53055858
1778701777.04297805 -3.06460215 1.91091256 0.96706192 -0.36413522 -0.49851905 0.58060874 -0.53082746
1778701777.05332923 -3.05327564 1.92141409 0.97853468 -0.36105441 -0.49896428 0.58374344 -0.52907274
1778701777.06361008 -3.04671644 1.92664323 0.98055503 -0.36062751 -0.49942917 0.58479590 -0.52776137
1778701777.07389140 -3.05756217 1.90154223 0.98397324 -0.35823413 -0.50193683 0.58315642 -0.52882541
1778701777.08419538 -3.04751240 1.91560192 0.98398944 -0.35818105 -0.50137119 0.58509618 -0.52725300
1778701777.08437324 -3.04489562 1.91367085 0.99354313 -0.35727374 -0.50248844 0.58544745 -0.52641440
1778701777.09451532 -3.04713465 1.90670805 0.99325961 -0.35657692 -0.50337507 0.58508160 -0.52644655
1778701777.10478520 -3.04236679 1.90830813 0.99619468 -0.35570068 -0.50409083 0.58597080 -0.52536434
1778701777.11503100 -3.04180419 1.89940469 1.00501349 -0.35368288 -0.50604406 0.58614915 -0.52464941
1778701777.12531638 -3.03783819 1.90576991 0.99823064 -0.35445178 -0.50547382 0.58668055 -0.52408595
1778701777.13560772 -3.03955836 1.89503090 1.00346304 -0.35350914 -0.50727371 0.58606914 -0.52366748
1778701777.14593816 -3.03902469 1.88964050 1.00494932 -0.35211199 -0.50823081 0.58637920 -0.52333357
1778701777.15629220 -3.03563124 1.89024195 1.00666093 -0.35168718 -0.50875797 0.58688768 -0.52253642
1778701777.16659880 -3.03173586 1.89390003 1.00170356 -0.35108900 -0.50851991 0.58792638 -0.52200248
1778701777.17685986 -3.02684090 1.90039813 0.99477754 -0.35091449 -0.50792821 0.58907584 -0.52139966
1778701777.18719482 -3.02508208 1.89671532 0.99946219 -0.35011997 -0.50900043 0.58925701 -0.52068296
1778701777.18734980 -3.02434189 1.89520229 1.00204140 -0.34960709 -0.50943824 0.58940803 -0.52042842
1778701777.19751477 -3.01812705 1.89897628 1.00570069 -0.34912556 -0.50993317 0.59034806 -0.51920004
1778701777.20777631 -3.01408979 1.89425932 1.01555257 -0.34914418 -0.51185867 0.59008823 -0.51758566
1778701777.21811128 -3.01389460 1.87866575 1.03242136 -0.34800877 -0.51512723 0.58908448 -0.51624928
1778701777.22837472 -3.00732543 1.88486509 1.03354445 -0.34802195 -0.51523997 0.59007180 -0.51499881
1778701777.23869658 -2.99816196 1.87313264 1.06846546 -0.34634226 -0.51994933 0.58985212 -0.51163874
1778701777.24902606 -2.99091878 1.88806140 1.05396829 -0.34646379 -0.51806943 0.59190544 -0.51109183
1778701777.25924826 -2.98962170 1.87283308 1.07557237 -0.34549471 -0.52162662 0.59074135 -0.50947397
1778701777.25940371 -2.98720313 1.87822120 1.07179519 -0.34606883 -0.52106040 0.59118303 -0.50915130
1778701777.26951933 -2.97971629 1.87780437 1.08452962 -0.34640747 -0.52289328 0.59118089 -0.50704007
1778701777.27984595 -2.97075842 1.87649198 1.10152706 -0.34381443 -0.52490193 0.59269133 -0.50496197
1778701777.29007053 -2.96139598 1.87925908 1.11181381 -0.34382141 -0.52634721 0.59329798 -0.50273548
1778701777.30035162 -2.95695115 1.87941313 1.11587510 -0.34283369 -0.52705073 0.59400700 -0.50183490
1778701777.31066537 -2.94465611 1.89241748 1.11739803 -0.34238339 -0.52680048 0.59614033 -0.49987156
1778701777.32091665 -2.93368628 1.89445294 1.13195517 -0.34088724 -0.52848792 0.59746918 -0.49752085
1778701777.33117414 -2.93330003 1.89058414 1.13373897 -0.34042653 -0.52928949 0.59727433 -0.49721805
1778701777.34152913 -2.92679040 1.87971366 1.15852750 -0.33430093 -0.53232765 0.59918835 -0.49582606
1778701777.35177708 -2.91847294 1.87496989 1.17623045 -0.33144733 -0.53459785 0.60027774 -0.49397818
1778701777.36203933 -2.89559829 1.90155039 1.17988060 -0.33245553 -0.53360126 0.60351254 -0.49042392
1778701777.36226177 -2.89146024 1.90233692 1.18617273 -0.33239863 -0.53429565 0.60371245 -0.48945948
1778701777.37237597 -2.88702289 1.90535319 1.18420233 -0.33137047 -0.53416839 0.60474726 -0.48901788
1778701777.38263512 -2.87869039 1.90418174 1.19486047 -0.32990889 -0.53567168 0.60557550 -0.48733386
1778701777.39309931 -2.89257236 1.89805273 1.16411595 -0.32689939 -0.53321349 0.60622260 -0.49123755
1778701777.40341902 -2.88828643 1.89464894 1.17135828 -0.32577126 -0.53447351 0.60647896 -0.49030035
1778701777.41375089 -2.87013997 1.88876182 1.21264398 -0.32264861 -0.53894285 0.60771336 -0.48592485
1778701777.42406440 -2.86047351 1.88921849 1.22295048 -0.32705159 -0.54089606 0.60595465 -0.48299862
1778701777.43438339 -2.84488293 1.89431523 1.23861374 -0.32628600 -0.54250352 0.60732698 -0.47998053
1778701777.44472218 -2.83431880 1.89623761 1.25029025 -0.32428582 -0.54370210 0.60875328 -0.47816961
1778701777.45503664 -2.81490228 1.91284749 1.25642565 -0.31754742 -0.54296185 0.61435303 -0.47636795
1778701777.46530771 -2.80230971 1.92063931 1.26058436 -0.31662471 -0.54323301 0.61599252 -0.47455232
1778701777.47561812 -2.79353012 1.91584291 1.27805332 -0.31349156 -0.54528992 0.61708370 -0.47285268
1778701777.48588824 -2.80056694 1.90770906 1.26239006 -0.31591003 -0.54522269 0.61493750 -0.47411490
1778701777.49617672 -2.79268862 1.90826102 1.26711793 -0.31344682 -0.54584150 0.61643599 -0.47309071
1778701777.50650120 -2.77235717 1.91249716 1.29356792 -0.30986399 -0.54821999 0.61907649 -0.46923709
1778701777.51676416 -2.75839341 1.91053377 1.31700338 -0.30554759 -0.55053641 0.62110322 -0.46667024
1778701777.52705526 -2.75965298 1.91593334 1.29486081 -0.30711972 -0.54863429 0.62124572 -0.46768756
1778701777.53733969 -2.75118681 1.91973169 1.29553360 -0.30567621 -0.54873508 0.62268698 -0.46659704
1778701777.54760408 -2.74958104 1.91509540 1.29636755 -0.30468099 -0.54943642 0.62269637 -0.46641006
1778701777.55787182 -2.74141292 1.91901674 1.29571678 -0.30293614 -0.54935346 0.62430513 -0.46549283
1778701777.56814122 -2.73572593 1.92534478 1.28647361 -0.30283379 -0.54844003 0.62544360 -0.46510808
1778701777.57835770 -2.73406145 1.92205582 1.28512122 -0.30148457 -0.54871062 0.62585657 -0.46510995
1778701777.58862734 -2.73058997 1.92429003 1.27690466 -0.30149767 -0.54822647 0.62638013 -0.46496756
1778701777.59890437 -2.72042933 1.92598107 1.28363564 -0.29860780 -0.54888193 0.62827816 -0.46349602
1778701777.60916352 -2.71665671 1.93258491 1.27255403 -0.29888971 -0.54771764 0.62921383 -0.46342236
1778701777.61944652 -2.71808444 1.93385821 1.25457005 -0.30069885 -0.54655596 0.62876224 -0.46423576
1778701777.62974381 -2.70240051 1.95004054 1.25167095 -0.29917596 -0.54536816 0.63198669 -0.46223386
1778701777.64007640 -2.69368947 1.95323651 1.25221174 -0.29891836 -0.54569405 0.63283463 -0.46085372
1778701777.65032291 -2.68763703 1.95405465 1.25387123 -0.29770681 -0.54603554 0.63374195 -0.45998586
1778701777.66065764 -2.68239621 1.95568108 1.24901783 -0.29843427 -0.54604239 0.63391979 -0.45926072
1778701777.67089486 -2.67450723 1.95977464 1.24612848 -0.29882769 -0.54606389 0.63456778 -0.45808293
1778701777.68113613 -2.66435146 1.95641200 1.26253088 -0.29559060 -0.54796240 0.63585308 -0.45612966
1778701777.69139266 -2.66683488 1.94874274 1.25555193 -0.29739187 -0.54858329 0.63421840 -0.45648820
1778701777.70168257 -2.65835661 1.95589187 1.24947626 -0.29758694 -0.54802281 0.63536548 -0.45543794
1778701777.71196079 -2.65199668 1.96196429 1.24387721 -0.29790871 -0.54745712 0.63623549 -0.45469276
1778701777.71211576 -2.64828628 1.96737692 1.24045463 -0.29770088 -0.54681012 0.63714360 -0.45433568
1778701777.72230816 -2.64364994 1.97160757 1.23355004 -0.29863790 -0.54634577 0.63745065 -0.45384840
1778701777.73268294 -2.63653722 1.97844021 1.22532659 -0.29862081 -0.54556859 0.63859848 -0.45318044
1778701777.74292159 -2.63109677 1.98339117 1.21657196 -0.29758821 -0.54472248 0.63996335 -0.45295209
1778701777.75322795 -2.62765484 1.98567271 1.21060999 -0.29689218 -0.54428486 0.64072087 -0.45286398
1778701777.76353860 -2.62003155 1.99094161 1.20599225 -0.29604567 -0.54390332 0.64199733 -0.45206811
1778701777.77379656 -2.61344041 1.99862284 1.19548774 -0.29556949 -0.54279739 0.64341290 -0.45169626
1778701777.78411770 -2.61064565 2.00156757 1.18721297 -0.29539982 -0.54217379 0.64399395 -0.45172815
1778701777.78434706 -2.60932955 2.00173330 1.18690928 -0.29462029 -0.54216244 0.64441726 -0.45164717
1778701777.79446316 -2.60025847 2.01185677 1.18053736 -0.29512788 -0.54131863 0.64565844 -0.45055394
1778701777.80472422 -2.59567968 2.01288835 1.17652580 -0.29383218 -0.54129138 0.64651062 -0.45021141
1778701777.81499052 -2.59057202 2.01505247 1.17453568 -0.29290063 -0.54127351 0.64732447 -0.44967014
1778701777.82534289 -2.58303362 2.01917396 1.17170557 -0.29220438 -0.54124136 0.64830904 -0.44874244
1778701777.83567071 -2.57538914 2.02208725 1.17092160 -0.29188139 -0.54156628 0.64896123 -0.44761652
1778701777.84596562 -2.56754920 2.02866535 1.16460571 -0.29166783 -0.54104011 0.65008667 -0.44675809
1778701777.85624766 -2.56333954 2.02930393 1.16326937 -0.29110616 -0.54125987 0.65050847 -0.44624398
1778701777.86654544 -2.55541683 2.03167714 1.16366869 -0.29013225 -0.54162130 0.65140058 -0.44513698
1778701777.87680626 -2.54787978 2.03408922 1.16323106 -0.28919903 -0.54187885 0.65230217 -0.44410934
1778701777.88709927 -2.53769765 2.04059156 1.16128768 -0.28921885 -0.54180402 0.65334577 -0.44265129
1778701777.89739943 -2.53109649 2.04552491 1.15748697 -0.28847787 -0.54137163 0.65450144 -0.44195604
1778701777.90766883 -2.52287829 2.04860343 1.15750517 -0.28718051 -0.54153746 0.65568821 -0.44083727
1778701777.91792822 -2.51872774 2.04415228 1.16126380 -0.28459085 -0.54244350 0.65641587 -0.44031955
1778701777.92816734 -2.51353067 2.04621102 1.15935793 -0.28410554 -0.54245214 0.65705457 -0.43966921
1778701777.93841314 -2.50831178 2.04539783 1.15932843 -0.28270688 -0.54288107 0.65774251 -0.43901224
1778701777.94868302 -2.49775432 2.05409277 1.15440871 -0.28224353 -0.54220288 0.65935817 -0.43772300
1778701777.95894790 -2.49219865 2.05524281 1.15575066 -0.28052794 -0.54241826 0.66042379 -0.43695185
1778701777.96922612 -2.48228573 2.06385628 1.14987538 -0.27897442 -0.54148315 0.66255154 -0.43588385
1778701777.97951365 -2.48100130 2.05573202 1.15485708 -0.27840644 -0.54314194 0.66173555 -0.43542249
1778701777.98985624 -2.47649162 2.05463704 1.15436598 -0.27731406 -0.54358269 0.66223246 -0.43481369
1778701778.00016570 -2.46704421 2.05867459 1.15868660 -0.27571490 -0.54394648 0.66362776 -0.43324556
1778701778.01045585 -2.46184872 2.05891626 1.15764201 -0.27602606 -0.54449567 0.66360615 -0.43238982
1778701778.02073336 -2.45061895 2.06341973 1.16241429 -0.27439475 -0.54502095 0.66510572 -0.43045797
1778701778.03106165 -2.45314703 2.05745673 1.15878969 -0.27510422 -0.54566142 0.66398473 -0.43092408
1778701778.04141951 -2.43344439 2.07085316 1.16664247 -0.27241480 -0.54569082 0.66719634 -0.42762221
1778701778.05169439 -2.42600441 2.06815925 1.17582731 -0.27216584 -0.54745535 0.66695491 -0.42589852
1778701778.06193924 -2.41644901 2.06921114 1.18520983 -0.27058434 -0.54862384 0.66784457 -0.42400427
1778701778.06209517 -2.41383481 2.07008626 1.18640663 -0.27000212 -0.54877970 0.66824047 -0.42354973
1778701778.07225800 -2.40942835 2.06599433 1.19438317 -0.27057291 -0.55044954 0.66742336 -0.42230518
1778701778.08253217 -2.40016431 2.06526963 1.20362510 -0.26952718 -0.55197011 0.66783268 -0.42033750
1778701778.09282970 -2.38945079 2.06588844 1.21337647 -0.26833436 -0.55343420 0.66846980 -0.41815712
1778701778.10314965 -2.38138799 2.06645712 1.22053590 -0.26837652 -0.55461658 0.66857549 -0.41639081
1778701778.11346316 -2.36698877 2.06925266 1.23329299 -0.26749413 -0.55626778 0.66937055 -0.41346840
1778701778.12371230 -2.36044707 2.06613702 1.24102898 -0.26655563 -0.55777480 0.66942183 -0.41195847
1778701778.13399339 -2.35682872 2.05762823 1.25434708 -0.26747682 -0.56026851 0.66793810 -0.41038281
1778701778.14434624 -2.34628668 2.05716548 1.26480663 -0.26672116 -0.56188130 0.66826947 -0.40812393
1778701778.15459847 -2.33821353 2.05590139 1.27238706 -0.26422097 -0.56303762 0.66925379 -0.40654063
1778701778.16486549 -2.31701329 2.06354041 1.29003394 -0.26370428 -0.56466133 0.67058484 -0.40240975
1778701778.16504192 -2.31553345 2.06196660 1.29285747 -0.26228527 -0.56504455 0.67098360 -0.40213444
1778701778.17518973 -2.30858851 2.06442176 1.29434047 -0.26217864 -0.56539473 0.67149695 -0.40085285
1778701778.18544292 -2.29607942 2.07305320 1.29339093 -0.26161591 -0.56513925 0.67310572 -0.39887771
1778701778.19567227 -2.28285818 2.08314267 1.29141061 -0.26099685 -0.56467574 0.67495194 -0.39681460
1778701778.20601344 -2.27324144 2.08161917 1.30339240 -0.25830378 -0.56612870 0.67592798 -0.39484024
1778701778.21627021 -2.26001726 2.06671348 1.33956421 -0.25172441 -0.57085370 0.67647559 -0.39133317
1778701778.22649789 -2.24004029 2.08544723 1.33519636 -0.24799389 -0.56921206 0.68072674 -0.38872581
1778701778.23677754 -2.23305704 2.08644422 1.33830268 -0.24638154 -0.56968028 0.68164346 -0.38745672
1778701778.24708533 -2.22470714 2.08846356 1.33999644 -0.24507874 -0.57009345 0.68261938 -0.38595420
1778701778.25739336 -2.21633056 2.09110907 1.34070903 -0.24452594 -0.57047434 0.68338328 -0.38438702
1778701778.26783919 -2.20736062 2.08977060 1.34832377 -0.24254367 -0.57170723 0.68411441 -0.38250604
1778701778.27827287 -2.20110787 2.09502371 1.34397857 -0.24294846 -0.57130826 0.68487943 -0.38147488
1778701778.28864360 -2.19278581 2.09799043 1.34411933 -0.24240270 -0.57163489 0.68567197 -0.37990582
1778701778.29901600 -2.18294076 2.10208030 1.34415366 -0.24219386 -0.57187305 0.68656446 -0.37806426
1778701778.30939603 -2.18522983 2.09215222 1.34814310 -0.23941463 -0.57325655 0.68635941 -0.37811152
1778701778.31975746 -2.17263732 2.09623875 1.35480460 -0.23910570 -0.57407438 0.68714990 -0.37562227
1778701778.33010197 -2.14509274 2.09478469 1.38765799 -0.23997284 -0.57822394 0.68669913 -0.36947857
1778701778.34033203 -2.13168866 2.09617004 1.39616118 -0.23896283 -0.57943782 0.68747914 -0.36677107
1778701778.35059643 -2.12590088 2.09689314 1.39688496 -0.23811902 -0.57976468 0.68808389 -0.36566761
1778701778.36086273 -2.11652605 2.09781572 1.39952929 -0.23714707 -0.58041269 0.68885523 -0.36381431
1778701778.37112331 -2.10272264 2.09767911 1.41067649 -0.23560521 -0.58194779 0.68958443 -0.36097128
1778701778.38135505 -2.09609382 2.09709872 1.41395481 -0.23420566 -0.58255982 0.69022807 -0.35966231
1778701778.39168382 -2.09170878 2.09406446 1.41506808 -0.23242895 -0.58326210 0.69075595 -0.35866185
1778701778.40196395 -2.09795624 2.07785560 1.42051174 -0.22965811 -0.58518404 0.68979685 -0.35916167
1778701778.41226315 -2.08431192 2.08078500 1.42638726 -0.22895398 -0.58604889 0.69070609 -0.35644337
1778701778.42260575 -2.06894947 2.09767159 1.41738691 -0.23441514 -0.58491217 0.69122085 -0.35375280
1778701778.43298531 -2.07254235 2.08933005 1.41557863 -0.22951513 -0.58540068 0.69217788 -0.35428608
1778701778.44325304 -2.04340529 2.10663548 1.42155493 -0.22871080 -0.58520352 0.69517049 -0.34923660
1778701778.45356178 -2.02986979 2.09978213 1.44244080 -0.22896941 -0.58820687 0.69420251 -0.34593145
1778701778.45376682 -2.02878340 2.10011153 1.44054890 -0.22555412 -0.58783399 0.69556732 -0.34606741
1778701778.46391392 -2.02867126 2.09595167 1.44005889 -0.22492813 -0.58834062 0.69551686 -0.34571513
1778701778.47423053 -2.01767773 2.08411146 1.46224115 -0.22144723 -0.59160746 0.69527630 -0.34285946
1778701778.48447657 -1.98779349 2.10543382 1.46381124 -0.21833019 -0.59051214 0.69953130 -0.33805813
1778701778.49475527 -1.98676976 2.09813678 1.46896322 -0.21619199 -0.59169857 0.69944574 -0.33753443
1778701778.50500321 -1.97011625 2.10251895 1.47590038 -0.21497716 -0.59249925 0.70067375 -0.33434376
1778701778.51525974 -1.94298160 2.11900932 1.47976540 -0.21191821 -0.59197103 0.70420079 -0.32979119
1778701778.52558303 -1.95982854 2.09823433 1.48071739 -0.21022341 -0.59376705 0.70211339 -0.33208974
1778701778.53589034 -1.92623297 2.12286925 1.48186476 -0.20569008 -0.59228654 0.70718384 -0.32677096
1778701778.54624438 -1.90168490 2.13175104 1.49220589 -0.20366196 -0.59305303 0.70920494 -0.32223945
1778701778.55685091 -1.88730803 2.13677142 1.49557921 -0.20047920 -0.59330937 0.71108847 -0.31960173
1778701778.56740141 -1.88323235 2.13140986 1.50232703 -0.19730303 -0.59447052 0.71147695 -0.31855433
1778701778.56773281 -1.86636092 2.14422832 1.50318609 -0.19611236 -0.59368264 0.71365691 -0.31587130
1778701778.57772732 -1.86777073 2.14282603 1.49817842 -0.19505633 -0.59367743 0.71391816 -0.31594460
1778701778.58803773 -1.86717513 2.12996823 1.50913018 -0.19160961 -0.59591852 0.71332821 -0.31516620
1778701778.59836268 -1.82574830 2.15371262 1.51896018 -0.18487458 -0.59525313 0.71867472 -0.30822354
1778701778.60861826 -1.80940929 2.16114775 1.52225906 -0.18246638 -0.59529755 0.72049069 -0.30531952
1778701778.61890936 -1.81940767 2.14269772 1.52919320 -0.17987842 -0.59765672 0.71880212 -0.30622492
1778701778.62915325 -1.77601481 2.17077524 1.53340672 -0.17499411 -0.59633635 0.72410716 -0.29904653
1778701778.63946033 -1.75764890 2.17751037 1.53948053 -0.17340562 -0.59683086 0.72547921 -0.29564054
1778701778.64976382 -1.77054689 2.15895250 1.54365721 -0.17189798 -0.59906416 0.72342303 -0.29703926
1778701778.66003704 -1.73322290 2.17889846 1.55064825 -0.16852723 -0.59871793 0.72711287 -0.29058955
1778701778.67032361 -1.71874887 2.17733755 1.56283851 -0.16385362 -0.60019423 0.72810501 -0.28771856
1778701778.67048430 -1.71154002 2.18118666 1.56361024 -0.16275649 -0.60002617 0.72897001 -0.28649896
1778701778.68058467 -1.70711186 2.18128492 1.56322282 -0.16219576 -0.60040593 0.72920863 -0.28541203
1778701778.69084454 -1.71204076 2.19982340 1.52536752 -0.16041628 -0.59559666 0.73284844 -0.28716615
1778701778.70114732 -1.67664621 2.20405005 1.54943903 -0.15818025 -0.59840652 0.73372855 -0.28023394
1778701778.71147418 -1.65831519 2.20217599 1.56559227 -0.15291707 -0.60020549 0.73476825 -0.27655988
1778701778.72174478 -1.63971355 2.20690278 1.57016684 -0.15225832 -0.60093163 0.73564370 -0.27299620
1778701778.73198128 -1.62006850 2.20775656 1.58105233 -0.14698112 -0.60205162 0.73721211 -0.26916296
1778701778.74229503 -1.61448892 2.21832598 1.56650237 -0.14902651 -0.60037660 0.73844931 -0.26838714
1778701778.75254560 -1.59539525 2.22136033 1.57364703 -0.14558082 -0.60115393 0.73980847 -0.26477086
1778701778.76279664 -1.59016555 2.20205891 1.59660236 -0.14123997 -0.60521921 0.73795855 -0.26301739
1778701778.77307057 -1.57414579 2.19555497 1.61384765 -0.13508361 -0.60737751 0.73847890 -0.25979585
1778701778.78339100 -1.53308640 2.21379904 1.62154270 -0.12819922 -0.60678712 0.74260698 -0.25280272
1778701778.79364014 -1.52030805 2.20941962 1.63124054 -0.12555121 -0.60844502 0.74261557 -0.25010732
1778701778.80394220 -1.50284830 2.21321965 1.63480996 -0.12271922 -0.60887106 0.74383596 -0.24682804
1778701778.81421494 -1.48460363 2.21607491 1.64138084 -0.12175182 -0.60974302 0.74441221 -0.24339351
1778701778.82444072 -1.47990665 2.20557850 1.65291106 -0.11896389 -0.61202484 0.74343536 -0.24202696
1778701778.83472991 -1.44310206 2.21906400 1.65863186 -0.11609128 -0.61215324 0.74589997 -0.23542399
1778701778.84508276 -1.42954384 2.21864486 1.66523095 -0.11486120 -0.61323887 0.74602838 -0.23278025
1778701778.85542130 -1.41944857 2.21979146 1.66681895 -0.11161489 -0.61352955 0.74688556 -0.23083667
1778701778.86569858 -1.39761868 2.22056213 1.67686946 -0.10882386 -0.61494527 0.74739363 -0.22672108
1778701778.87599921 -1.37669887 2.22018524 1.68735927 -0.10680942 -0.61659827 0.74752924 -0.22270687
1778701778.88633633 -1.36384796 2.22332080 1.68833101 -0.10547327 -0.61682793 0.74822602 -0.22035541
1778701778.89674091 -1.34463097 2.22407477 1.69554918 -0.10305285 -0.61797740 0.74866863 -0.21674714
1778701778.90704250 -1.32178975 2.22411198 1.70560964 -0.10119106 -0.61956882 0.74882849 -0.21248704
1778701778.91735196 -1.30926987 2.22624851 1.70677004 -0.09969483 -0.61986031 0.74942453 -0.21023085
1778701778.92757750 -1.29737560 2.22684857 1.70870744 -0.09537555 -0.62009313 0.75039615 -0.20807122
1778701778.93783498 -1.28579218 2.22080048 1.71702385 -0.09494291 -0.62209791 0.74943449 -0.20573764
1778701778.94808412 -1.26636238 2.21680360 1.73076951 -0.09189566 -0.62401663 0.74920402 -0.20211822
1778701778.95834112 -1.25526559 2.21201618 1.73849618 -0.08931930 -0.62545540 0.74887984 -0.20001648
1778701778.96860766 -1.24237130 2.20902671 1.74401706 -0.08826718 -0.62676413 0.74855865 -0.19757421
1778701778.97887063 -1.22951712 2.20618612 1.74889354 -0.08634646 -0.62787823 0.74847077 -0.19520432
1778701778.98913646 -1.21584124 2.20693366 1.75151592 -0.08493480 -0.62841729 0.74880300 -0.19280003
1778701778.99936247 -1.19417072 2.19800804 1.76919074 -0.07767658 -0.63093049 0.74847501 -0.18888682
1778701779.00961208 -1.18200248 2.19613824 1.77232284 -0.07377607 -0.63155644 0.74887720 -0.18675250
1778701779.01992178 -1.16907847 2.19546353 1.77597785 -0.07181513 -0.63222525 0.74906181 -0.18449994
1778701779.03016901 -1.15293308 2.19523732 1.77907002 -0.06721278 -0.63268463 0.74977834 -0.18172796
1778701779.04042840 -1.12908171 2.19806791 1.78252445 -0.06368766 -0.63312236 0.75069479 -0.17764372
1778701779.05068111 -1.12538110 2.19371187 1.78489576 -0.06127782 -0.63382387 0.75046776 -0.17694766
1778701779.06094909 -1.11086290 2.19335813 1.78647607 -0.05871752 -0.63433940 0.75082350 -0.17444153
1778701779.07121372 -1.09355194 2.19513624 1.78694343 -0.05449811 -0.63445826 0.75172194 -0.17148410
1778701779.08153677 -1.08084054 2.19185251 1.79054021 -0.05263734 -0.63548888 0.75149757 -0.16921760
1778701779.09179711 -1.07101068 2.19106109 1.79144737 -0.05179886 -0.63600988 0.75150733 -0.16746653
1778701779.10206985 -1.05850845 2.18806611 1.79418114 -0.05012865 -0.63694988 0.75131561 -0.16524778
1778701779.11231756 -1.03921879 2.19043362 1.79406546 -0.04681051 -0.63710736 0.75210925 -0.16197118
1778701779.12257075 -1.02964240 2.18786932 1.79615838 -0.04539084 -0.63782738 0.75194241 -0.16030756
1778701779.13282609 -1.01347342 2.18930371 1.79470624 -0.04326610 -0.63797978 0.75251951 -0.15755707
1778701779.14314485 -1.00115839 2.18845674 1.79385136 -0.04176554 -0.63839546 0.75268976 -0.15545098
1778701779.15331745 -0.99856307 2.18294808 1.79510256 -0.04095734 -0.63924094 0.75211501 -0.15497266
1778701779.16354036 -0.98728077 2.18181213 1.79409350 -0.03944544 -0.63965149 0.75223393 -0.15308217
1778701779.17376924 -0.97650721 2.17946258 1.79343315 -0.03833641 -0.64023241 0.75216568 -0.15125995
1778701779.18401170 -0.96590415 2.17785960 1.79366599 -0.03796229 -0.64079552 0.75206331 -0.14946821
1778701779.19426799 -0.96069849 2.17167413 1.79475107 -0.03684420 -0.64180340 0.75143240 -0.14859424
1778701779.20450044 -0.95023123 2.16791915 1.79493384 -0.03669586 -0.64269142 0.75102701 -0.14683180
1778701779.21476650 -0.94890492 2.16404410 1.79348383 -0.03600354 -0.64316177 0.75069005 -0.14666671
1778701779.21492672 -0.94611718 2.16287080 1.79402349 -0.03571048 -0.64342782 0.75056530 -0.14620917
1778701779.22506285 -0.94077689 2.16000664 1.79301107 -0.03543228 -0.64394667 0.75029853 -0.14535942
1778701779.23539376 -0.93596108 2.15544649 1.79143327 -0.03471300 -0.64460749 0.74990627 -0.14462635
1778701779.24564409 -0.93174830 2.15076494 1.78971077 -0.03392001 -0.64525009 0.74950632 -0.14402093
1778701779.25598693 -0.93081447 2.14700140 1.78782761 -0.03358338 -0.64570021 0.74914542 -0.14396018
1778701779.26634622 -0.92121905 2.14773281 1.78267484 -0.03310537 -0.64567936 0.74947090 -0.14246248
1778701779.27662730 -0.91705850 2.14718155 1.77666333 -0.03262778 -0.64562788 0.74963946 -0.14191809
1778701779.28687000 -0.92201195 2.14066619 1.77528458 -0.03229951 -0.64631126 0.74888355 -0.14287031
1778701779.28706765 -0.91739582 2.14382271 1.77175011 -0.03197288 -0.64584402 0.74943819 -0.14214650
1778701779.29716015 -0.91614503 2.14233557 1.76750533 -0.03148071 -0.64588192 0.74944093 -0.14206971
1778701779.30766582 -0.91119422 2.14410715 1.75932437 -0.03063958 -0.64539302 0.75001601 -0.14143922
1778701779.31797361 -0.89888555 2.14910678 1.75076150 -0.02972874 -0.64467653 0.75102404 -0.13953945
1778701779.32829547 -0.90573883 2.14455423 1.74674022 -0.02939644 -0.64491994 0.75058074 -0.14086403
1778701779.33863807 -0.89693998 2.14968836 1.73670342 -0.02830987 -0.64399580 0.75165463 -0.13958251
1778701779.34893346 -0.88331982 2.15587834 1.72728114 -0.02739785 -0.64311695 0.75283414 -0.13744344
1778701779.35927677 -0.88780497 2.15461974 1.72090206 -0.02649894 -0.64283931 0.75292901 -0.13839557
1778701779.35943389 -0.88658833 2.15496274 1.71907114 -0.02627827 -0.64275400 0.75303774 -0.13824218
1778701779.36958194 -0.88135043 2.15798211 1.71184968 -0.02514951 -0.64212894 0.75374680 -0.13749069
1778701779.37984967 -0.87328147 2.15983510 1.70542796 -0.02386327 -0.64184718 0.75424534 -0.13629643
1778701779.39012766 -0.86863316 2.16181144 1.69739765 -0.02256909 -0.64136948 0.75480142 -0.13568583
1778701779.40041661 -0.85343054 2.16789676 1.69064448 -0.02118788 -0.64065493 0.75590080 -0.13314022
1778701779.41088438 -0.83892970 2.17232419 1.68391299 -0.02128433 -0.64035244 0.75656323 -0.13079684
1778701779.42131186 -0.84070174 2.17208964 1.67633098 -0.02081591 -0.64013114 0.75666872 -0.13134413
1778701779.43161488 -0.83711391 2.17435440 1.66809060 -0.02050198 -0.63971383 0.75709589 -0.13096444
1778701779.44195533 -0.83104024 2.17342958 1.66642515 -0.01900111 -0.64002255 0.75704713 -0.12996052
1778701779.45226192 -0.81781013 2.17550787 1.66243722 -0.01790005 -0.64010249 0.75738144 -0.12775656
1778701779.46258044 -0.80473773 2.17380933 1.66286904 -0.01499715 -0.64078937 0.75725111 -0.12543854
1778701779.47288775 -0.79446413 2.17816244 1.65664027 -0.01396446 -0.64024286 0.75801594 -0.12371704
1778701779.48323441 -0.78237149 2.18130373 1.65071116 -0.01297757 -0.63998545 0.75857841 -0.12169226
1778701779.49354696 -0.76851220 2.18444909 1.64536785 -0.01194303 -0.63978308 0.75914239 -0.11932226
1778701779.50385427 -0.75609619 2.18775820 1.63924780 -0.01103492 -0.63946711 0.75974978 -0.11721911
1778701779.51419973 -0.74367998 2.18954793 1.63652198 -0.01075531 -0.63954453 0.76001613 -0.11507652
1778701779.52449250 -0.72670639 2.19490117 1.62936149 -0.00990766 -0.63897695 0.76094055 -0.11215960
1778701779.53480506 -0.71841062 2.19756645 1.62264828 -0.00850202 -0.63853406 0.76153942 -0.11072345
1778701779.54517579 -0.70725385 2.19808577 1.62138615 -0.00698462 -0.63871231 0.76169059 -0.10874392
1778701779.55552387 -0.69422225 2.20355272 1.61228594 -0.00641356 -0.63790795 0.76268503 -0.10650754
1778701779.56583452 -0.67893701 2.20529919 1.60892776 -0.00664304 -0.63809956 0.76289388 -0.10381595
1778701779.57609892 -0.65704152 2.21124116 1.60252020 -0.00569926 -0.63758614 0.76384437 -0.09996609
1778701779.58642626 -0.65137490 2.21147887 1.59933469 -0.00467147 -0.63758270 0.76398395 -0.09896970
1778701779.59671664 -0.64055806 2.21458838 1.59329570 -0.00244467 -0.63714212 0.76461039 -0.09703039
1778701779.60697985 -0.62845013 2.22136688 1.58266169 -0.00099735 -0.63592702 0.76589249 -0.09489215
1778701779.61731195 -0.62543150 2.22752457 1.57065906 -0.00005311 -0.63442703 0.76719407 -0.09442245
1778701779.62771583 -0.61458349 2.22599984 1.56995105 0.00186182 -0.63500742 0.76695330 -0.09243779
1778701779.63801885 -0.59405216 2.22418468 1.57315227 0.00233139 -0.63632368 0.76629635 -0.08875051
1778701779.64836431 -0.58913454 2.23247860 1.55772162 0.00416672 -0.63429771 0.76806262 -0.08791393
1778701779.65870810 -0.57400635 2.23534673 1.55339379 0.00520313 -0.63409503 0.76853531 -0.08514629
1778701779.66900587 -0.56522785 2.22431888 1.56462932 0.00626453 -0.63689994 0.76637793 -0.08357087
1778701779.67930532 -0.55677237 2.22240526 1.56394204 0.00759661 -0.63757023 0.76597159 -0.08206105
1778701779.68964386 -0.54815540 2.22617160 1.55649564 0.00745776 -0.63688579 0.76670513 -0.08052402
1778701779.69994545 -0.53819359 2.22531144 1.55417902 0.00926608 -0.63720458 0.76660894 -0.07870954
1778701779.71031141 -0.52018548 2.22084470 1.55912000 0.01124575 -0.63878832 0.76560164 -0.07534691
1778701779.72063351 -0.51391268 2.21719390 1.55965253 0.01198018 -0.63973363 0.76490357 -0.07429591
1778701779.73097038 -0.50078842 2.21615601 1.55971385 0.01409301 -0.64017931 0.76473433 -0.07178611
1778701779.74142718 -0.48366594 2.21536165 1.55887616 0.01250017 -0.64093482 0.76440379 -0.06879793
1778701779.75174451 -0.47252962 2.21842267 1.55153344 0.01523626 -0.64030590 0.76507075 -0.06665553
1778701779.76202679 -0.46354400 2.21748183 1.55023306 0.01712057 -0.64057072 0.76495624 -0.06494608
1778701779.76235700 -0.46266734 2.21513973 1.55203802 0.01715868 -0.64109542 0.76452818 -0.06479886
1778701779.77243090 -0.45719002 2.21620550 1.54728388 0.01975914 -0.64070078 0.76488702 -0.06371755
1778701779.78281593 -0.44436870 2.21819978 1.54174644 0.02214988 -0.64036616 0.76530242 -0.06125988
1778701779.79315209 -0.43087326 2.22742491 1.52572111 0.02077112 -0.63843760 0.76713684 -0.05888178
1778701779.80350113 -0.42357720 2.22798114 1.52141523 0.02052048 -0.63834398 0.76731940 -0.05759174
1778701779.80383229 -0.41967650 2.23337635 1.51358971 0.02137550 -0.63708704 0.76839689 -0.05682794
1778701779.81382990 -0.40535253 2.23026488 1.51611991 0.02359561 -0.63799815 0.76777904 -0.05400884
1778701779.82414246 -0.38701211 2.22997705 1.51320715 0.02594456 -0.63824551 0.76773729 -0.05048763
1778701779.83446288 -0.37251531 2.22944437 1.51019895 0.02580975 -0.63855372 0.76765404 -0.04785689
1778701779.84480858 -0.37528487 2.23121743 1.50143183 0.02972246 -0.63750580 0.76836890 -0.04808493
1778701779.85512972 -0.35609146 2.23518074 1.49226134 0.03157991 -0.63665743 0.76922263 -0.04434616
1778701779.86538935 -0.34412148 2.24355749 1.47634706 0.03082311 -0.63474229 0.77095629 -0.04217297
1778701779.87568641 -0.33310418 2.24256754 1.47410371 0.03175122 -0.63499349 0.77082527 -0.04004406
1778701779.88600087 -0.32044369 2.23855343 1.47393952 0.03479168 -0.63581099 0.77015016 -0.03745197
1778701779.89635682 -0.31059303 2.23865229 1.46747736 0.03593623 -0.63559753 0.77036625 -0.03549946
1778701779.90665841 -0.30279066 2.24020272 1.45822641 0.03836304 -0.63481469 0.77097201 -0.03377485
1778701779.91699290 -0.30090535 2.23959656 1.45319960 0.04061356 -0.63455148 0.77109674 -0.03323820
1778701779.92730403 -0.28580694 2.23744693 1.44977380 0.04024785 -0.63501506 0.77085194 -0.03038531
1778701779.93764400 -0.27626539 2.23848820 1.44161994 0.04177233 -0.63453337 0.77124177 -0.02843610
1778701779.94798636 -0.27450540 2.23452322 1.44105265 0.04344740 -0.63509584 0.77070413 -0.02794174
1778701779.95828581 -0.26326953 2.23504865 1.43319472 0.04574754 -0.63461842 0.77104600 -0.02558665
1778701779.96861529 -0.26086638 2.23436502 1.42776932 0.04835946 -0.63425238 0.77121231 -0.02483650
1778701779.97897100 -0.25648724 2.22969940 1.42402565 0.05071625 -0.63478465 0.77065640 -0.02377005
1778701779.98929071 -0.24510143 2.23144044 1.41632886 0.05205589 -0.63416537 0.77114584 -0.02141407
1778701779.99963617 -0.22980995 2.23238021 1.40812186 0.05293541 -0.63374897 0.77150787 -0.01832195
1778701780.00997758 -0.22084942 2.23145366 1.40129384 0.05408626 -0.63359525 0.77159779 -0.01638870
1778701780.02031827 -0.21347758 2.23113748 1.39550395 0.05578108 -0.63332603 0.77173171 -0.01472305
1778701780.03062081 -0.20362623 2.22864767 1.39079823 0.05777901 -0.63351336 0.77146997 -0.01251031
1778701780.04092622 -0.19423347 2.22571875 1.38633612 0.05895037 -0.63381287 0.77116572 -0.01046518
1778701780.05122972 -0.18008061 2.22460549 1.37972382 0.06121052 -0.63368834 0.77112777 -0.00736991
1778701780.06153274 -0.17375033 2.22533884 1.37150862 0.06195557 -0.63310006 0.77156417 -0.00587867
1778701780.07183313 -0.15621639 2.22784525 1.36000581 0.06454650 -0.63209113 0.77219852 -0.00199984
1778701780.08214021 -0.14562984 2.22995922 1.34740011 0.06744525 -0.63089067 0.77293443 0.00068573
1778701780.09251928 -0.14132946 2.22782490 1.34341566 0.06833382 -0.63102678 0.77274350 0.00178004
1778701780.09270692 -0.13689739 2.22776203 1.34130469 0.06870083 -0.63094474 0.77277516 0.00273641
1778701780.10285830 -0.13012577 2.22945148 1.33184227 0.07057362 -0.63007286 0.77330928 0.00450678
1778701780.11315036 -0.11694304 2.23039092 1.32171477 0.07295273 -0.62939441 0.77361677 0.00759335
1778701780.12344670 -0.10928107 2.23065700 1.31186692 0.07543390 -0.62875369 0.77387671 0.00966222
1778701780.13376474 -0.09874973 2.23147428 1.30387421 0.07769614 -0.62817276 0.77408861 0.01221146
1778701780.14473581 -0.08966570 2.23273388 1.29761710 0.07885175 -0.62766194 0.77435099 0.01426330
1778701780.18599010 -0.02951932 2.23870254 1.24903343 0.09001461 -0.62412572 0.77557788 0.02904162
1778701780.19638896 -0.02383366 2.24152431 1.23495784 0.09231334 -0.62283601 0.77626841 0.03099852
1778701780.20714331 -0.00138276 2.24355892 1.22205978 0.09552708 -0.62188247 0.77641591 0.03626433
1778701780.21789265 0.01123328 2.24227870 1.21737205 0.09772587 -0.62199525 0.77590681 0.03924521
1778701780.21819878 0.01643227 2.24346587 1.21281266 0.09899924 -0.62150634 0.77606756 0.04059744
1778701780.22830558 0.01035462 2.24601940 1.20195437 0.10150041 -0.62032330 0.77671040 0.04021974
1778701780.23875189 0.02387169 2.24740413 1.18986074 0.10486864 -0.61942480 0.77678327 0.04385466
1778701780.24906659 0.03098055 2.24839198 1.17914622 0.11010238 -0.61854946 0.77660513 0.04645962
1778701780.25936460 0.04113290 2.24899001 1.17081953 0.11272566 -0.61798970 0.77650594 0.04919538
1778701780.25952911 0.04047227 2.24965035 1.16724618 0.11317805 -0.61765221 0.77670325 0.04928022
1778701780.26962948 0.05286630 2.25075734 1.15810723 0.11655652 -0.61692852 0.77656163 0.05259092
1778701780.27992797 0.05897459 2.25153546 1.14744891 0.12079879 -0.61611738 0.77639502 0.05493455
1778701780.29021573 0.07235347 2.25293321 1.13491951 0.12391126 -0.61516363 0.77639435 0.05857924
1778701780.30052638 0.08350977 2.25517349 1.12326108 0.12740463 -0.61397305 0.77651925 0.06183055
1778701780.31078529 0.09255464 2.25702376 1.10937393 0.13129848 -0.61266716 0.77664953 0.06492434
1778701780.32105255 0.11215123 2.25859528 1.09488404 0.13483009 -0.61144596 0.77656291 0.07003383
1778701780.33135796 0.11997049 2.25736908 1.08913473 0.13740928 -0.61130354 0.77601141 0.07233927
1778701780.33158994 0.12347700 2.25769690 1.08555420 0.13753155 -0.61104862 0.77610763 0.07322291
1778701780.34168506 0.13503261 2.25854813 1.07502166 0.13980036 -0.61015897 0.77609698 0.07638962
1778701780.35198021 0.14836464 2.26001328 1.06047951 0.14503114 -0.60866510 0.77587958 0.08064517
1778701780.36236215 0.15777477 2.25981068 1.04850605 0.14698353 -0.60788065 0.77582663 0.08348651
1778701780.37269378 0.17087632 2.25902049 1.03962587 0.14977161 -0.60729307 0.77536001 0.08706570
1778701780.38304496 0.18133893 2.25934564 1.02666750 0.15359880 -0.60615291 0.77510917 0.09050872
1778701780.39327836 0.19504738 2.25910692 1.01375479 0.15823515 -0.60505830 0.77452051 0.09478433
1778701780.40354180 0.21614206 2.25575547 1.00852802 0.16029354 -0.60536162 0.77324785 0.09965468
1778701780.41389394 0.21761675 2.25637511 0.99634055 0.16341972 -0.60423607 0.77326965 0.10122654
1778701780.42423606 0.23057231 2.25600725 0.98297412 0.16824656 -0.60303707 0.77259585 0.10552269
1778701780.43451548 0.24312695 2.25416262 0.97312170 0.17133843 -0.60262171 0.77172505 0.10922757
1778701780.44487071 0.26016998 2.25279477 0.96339277 0.17389090 -0.60209604 0.77092190 0.11367383
1778701780.45523262 0.26388885 2.25140149 0.95500005 0.17749158 -0.60166860 0.77013388 0.11569549
1778701780.46552658 0.27838414 2.24844429 0.94675402 0.18029940 -0.60160378 0.76892573 0.11965881
1778701780.47584271 0.29831986 2.24581021 0.93834220 0.18292167 -0.60141941 0.76765707 0.12464741
1778701780.47603226 0.30636343 2.24432728 0.93641040 0.18377340 -0.60156000 0.76703496 0.12653169
1778701780.48614359 0.31385594 2.23931326 0.93684027 0.18416144 -0.60277234 0.76571347 0.12819108
1778701780.49644518 0.32047142 2.23964300 0.92362098 0.18866317 -0.60151447 0.76509919 0.13118604
1778701780.50677490 0.33088191 2.23889170 0.91092639 0.19335612 -0.60047237 0.76408703 0.13497164
1778701780.51710415 0.34207814 2.23788645 0.90097374 0.19539438 -0.59985292 0.76347966 0.13818945
1778701780.52737665 0.34981001 2.23523978 0.89392230 0.19837037 -0.59980184 0.76228184 0.14075989
1778701780.53767323 0.36075599 2.23289274 0.88468309 0.20007550 -0.59962824 0.76140704 0.14378834
1778701780.54796767 0.36905526 2.23078877 0.87829257 0.20206739 -0.59949359 0.76051848 0.14624586
1778701780.55826902 0.37867651 2.22981039 0.86596696 0.20534534 -0.59856576 0.75972786 0.14955237
1778701780.56855512 0.39008608 2.22783829 0.85472389 0.20686598 -0.59806782 0.75906714 0.15276920
1778701780.57882166 0.39691054 2.22667025 0.84626693 0.20858392 -0.59756943 0.75854254 0.15497338
1778701780.57900667 0.39892928 2.22624171 0.84358902 0.20917489 -0.59742707 0.75835480 0.15564305
1778701780.58914208 0.40699575 2.22517991 0.83381697 0.21132054 -0.59670542 0.75778198 0.15828059
1778701780.59936500 0.42035549 2.22376509 0.81944066 0.21386990 -0.59564764 0.75704855 0.16229923
1778701780.60964227 0.42838872 2.22027366 0.81240624 0.21455487 -0.59584892 0.75624542 0.16438718
1778701780.61992455 0.43508744 2.22101748 0.79836862 0.21716407 -0.59431491 0.75611479 0.16709273
1778701780.63021660 0.44076711 2.21832514 0.79010903 0.21908472 -0.59411021 0.75527831 0.16908464
1778701780.64052010 0.44851798 2.21856577 0.77333974 0.22246533 -0.59240115 0.75489619 0.17234208
1778701780.65079618 0.45308892 2.21741200 0.76456179 0.22311841 -0.59190223 0.75474646 0.17386116
1778701780.66107869 0.45607573 2.21447868 0.75877547 0.22384068 -0.59216701 0.75410647 0.17480564
1778701780.67139053 0.46776668 2.21221772 0.74542088 0.22504546 -0.59144640 0.75354436 0.17809153
1778701780.68165684 0.47302164 2.21123978 0.73247905 0.22665068 -0.59048331 0.75332612 0.18016296
1778701780.69192314 0.47507244 2.20885796 0.72788622 0.22646613 -0.59070841 0.75308939 0.18064616
1778701780.70224810 0.47977245 2.20829732 0.71376458 0.22872637 -0.58942863 0.75288258 0.18282766
1778701780.71252155 0.48013476 2.20852910 0.69938034 0.22998073 -0.58806623 0.75331324 0.18386445
1778701780.72274113 0.48244412 2.20614704 0.69508940 0.22961744 -0.58836005 0.75309884 0.18425643
1778701780.73299694 0.48952464 2.20471902 0.68069198 0.23069185 -0.58726159 0.75304458 0.18662519
1778701780.74336982 0.49245074 2.20456542 0.66452745 0.23229966 -0.58564982 0.75336135 0.18840868
1778701780.75366092 0.50301037 2.20183673 0.65405847 0.23261426 -0.58513784 0.75297246 0.19114599
1778701780.76398730 0.50162762 2.19967894 0.64675683 0.23241521 -0.58506263 0.75313971 0.19095933
1778701780.77427411 0.51096213 2.19613506 0.63576241 0.23207835 -0.58484432 0.75285765 0.19313760
1778701780.78470254 0.51487910 2.19379541 0.62906504 0.23266513 -0.58475944 0.75245360 0.19425990
1778701780.78505158 0.51774660 2.19289132 0.62585064 0.23290707 -0.58463267 0.75227507 0.19504142
1778701780.79512620 0.51297011 2.19084581 0.62411912 0.23222950 -0.58516428 0.75242618 0.19366740
1778701780.80546021 0.52012504 2.18624500 0.61767662 0.23203264 -0.58567713 0.75171877 0.19509495
1778701780.81576538 0.52044750 2.18311537 0.61206963 0.23331590 -0.58593700 0.75103343 0.19542342
1778701780.82607126 0.52385145 2.17995161 0.60777671 0.23331921 -0.58633272 0.75055828 0.19605702
1778701780.82645226 0.52548936 2.17892897 0.60615443 0.23381776 -0.58640168 0.75022652 0.19652607
1778701780.83638406 0.52489275 2.17682768 0.60212701 0.23343967 -0.58670868 0.75019773 0.19616882
1778701780.84668493 0.52633571 2.17455126 0.59344637 0.23389183 -0.58650365 0.75007888 0.19669710
1778701780.85698366 0.52819149 2.17265927 0.58424131 0.23477458 -0.58622944 0.74982521 0.19742871
1778701780.86734152 0.53613775 2.16883348 0.57956317 0.23346693 -0.58680399 0.74946353 0.19864211
1778701780.87769222 0.53640632 2.16912296 0.56505132 0.23414666 -0.58553233 0.75006189 0.19933486
1778701780.88797975 0.54038170 2.16659860 0.55703662 0.23363945 -0.58557035 0.75000877 0.20001703
1778701780.89828253 0.54489245 2.16534514 0.54747111 0.23438275 -0.58498302 0.74986625 0.20139563
1778701780.90863013 0.54653027 2.16496849 0.53287252 0.23355299 -0.58381059 0.75089871 0.20191415
1778701780.91896939 0.54909758 2.16403362 0.52011998 0.23342841 -0.58291374 0.75143118 0.20266703
1778701780.92926478 0.54751529 2.16230841 0.51546311 0.23384037 -0.58322827 0.75122324 0.20205721
1778701780.93954539 0.55089578 2.16138864 0.50691054 0.23452829 -0.58278851 0.75106949 0.20309766
1778701780.94984388 0.55154175 2.16017308 0.49888093 0.23430767 -0.58279576 0.75114883 0.20303807
1778701780.96011758 0.55712374 2.15838128 0.48863231 0.23511468 -0.58253366 0.75069382 0.20453460
1778701780.97040343 0.55711351 2.15717328 0.48315283 0.23581963 -0.58282969 0.75027877 0.20440261
1778701780.98069501 0.56100778 2.15447284 0.48125759 0.23550944 -0.58371629 0.74959695 0.20473156
1778701780.99098492 0.55906888 2.15501755 0.47076507 0.23683723 -0.58301047 0.74972301 0.20474945
1778701781.00125456 0.56498148 2.15260875 0.46440813 0.23698517 -0.58345668 0.74905146 0.20576259
1778701781.01163030 0.56806283 2.15173926 0.45715653 0.23768321 -0.58332621 0.74868425 0.20666184
1778701781.02201319 0.57215017 2.14919528 0.45297973 0.23783376 -0.58411632 0.74787740 0.20717776
1778701781.03232241 0.58251392 2.14644478 0.44179666 0.23744722 -0.58393632 0.74750301 0.20946701
1778701781.04262257 0.58812416 2.14353352 0.43869643 0.23698373 -0.58467777 0.74686155 0.21021048
1778701781.04281282 0.58926087 2.14319210 0.43648700 0.23666637 -0.58469209 0.74692505 0.21030255
1778701781.05296135 0.57933196 2.14293471 0.43917610 0.23663872 -0.58560867 0.74699887 0.20750252
1778701781.06330585 0.59154389 2.14050449 0.42443695 0.23714713 -0.58487449 0.74654786 0.21059287
1778701781.07356977 0.59869487 2.13726303 0.41686575 0.23703976 -0.58510307 0.74600755 0.21198889
1778701781.08386135 0.60279012 2.13609609 0.40700449 0.23792317 -0.58444423 0.74585004 0.21336642
1778701781.09424663 0.60518899 2.13365000 0.40147051 0.23775897 -0.58474633 0.74560679 0.21357181
1778701781.10450649 0.60638682 2.13333615 0.38832366 0.23991004 -0.58358105 0.74545875 0.21486645
1778701781.11482191 0.60536200 2.13273482 0.37881285 0.24052945 -0.58298969 0.74571869 0.21487725
1778701781.12512898 0.61082028 2.13096002 0.36905540 0.24120279 -0.58239151 0.74549308 0.21652113
1778701781.13535380 0.61460506 2.12877159 0.36068543 0.24165011 -0.58226606 0.74519182 0.21739506
1778701781.14570642 0.61496945 2.12821715 0.34852284 0.24288590 -0.58125258 0.74535437 0.21817138
1778701781.15602827 0.62243930 2.12460758 0.34503435 0.24305157 -0.58186980 0.74438719 0.21963876
1778701781.16632724 0.62197814 2.12472498 0.33129749 0.24461357 -0.58053748 0.74466192 0.22049728
1778701781.17659378 0.62641112 2.12160974 0.32592966 0.24494990 -0.58097309 0.74395448 0.22136292
1778701781.18692136 0.63181656 2.11917640 0.32057586 0.24525606 -0.58119338 0.74332195 0.22256728
1778701781.19716787 0.63081743 2.11887191 0.31019603 0.24750303 -0.58043770 0.74292897 0.22336265
1778701781.20740414 0.63657738 2.11652469 0.30084291 0.24899352 -0.58026038 0.74199398 0.22526663
1778701781.21769214 0.63983883 2.11399045 0.30041965 0.24907321 -0.58130472 0.74108074 0.22549211
1778701781.21801686 0.64434617 2.11181880 0.30149306 0.24871994 -0.58204817 0.74042805 0.22610757
1778701781.22806144 0.64598618 2.11089253 0.29529942 0.25106988 -0.58191405 0.73935802 0.22735363
1778701781.23837996 0.64821774 2.10893672 0.29120417 0.25312035 -0.58251101 0.73790461 0.22827131
1778701781.24868917 0.65128086 2.10652764 0.28821460 0.25499890 -0.58336234 0.73629111 0.22921462
1778701781.25893450 0.65613549 2.10375999 0.28645033 0.25586644 -0.58422864 0.73497048 0.23027736
1778701781.26922774 0.66227918 2.10107363 0.28001318 0.25804062 -0.58461972 0.73324161 0.23236086
1778701781.27955389 0.66638536 2.09897059 0.27406046 0.26042100 -0.58497601 0.73158027 0.23403904
1778701781.28990364 0.67289111 2.09551982 0.27036055 0.26191042 -0.58586997 0.72977506 0.23577037
1778701781.30019927 0.67705176 2.09409572 0.26201351 0.26338782 -0.58549008 0.72897941 0.23752314
1778701781.31055856 0.69112178 2.08749421 0.26073764 0.26711422 -0.58714311 0.72491422 0.24168642
1778701781.32085037 0.70031466 2.08438982 0.24853000 0.26805724 -0.58668941 0.72395397 0.24460480
1778701781.33114123 0.69947156 2.08508092 0.23665617 0.26905881 -0.58540900 0.72434962 0.24540026
1778701781.34149170 0.71008523 2.08186000 0.22007345 0.27100475 -0.58421956 0.72317906 0.24951145
1778701781.35178399 0.71659378 2.07898147 0.20897674 0.27217391 -0.58377430 0.72226868 0.25190648
1778701781.36203265 0.71874665 2.07833685 0.19709367 0.27381313 -0.58263876 0.72193294 0.25371496
1778701781.37235904 0.72787407 2.07431318 0.18614927 0.27535241 -0.58238693 0.72042628 0.25689004
1778701781.38269949 0.72971135 2.07362958 0.16801758 0.27700823 -0.58044326 0.72055431 0.25914004
1778701781.39295173 0.72642633 2.07392793 0.15636519 0.27770174 -0.57936199 0.72114715 0.25916833
1778701781.40329123 0.73035828 2.07206274 0.14484141 0.27917490 -0.57844636 0.72052263 0.26135861
1778701781.41361022 0.73613372 2.06896120 0.13248610 0.28069999 -0.57778657 0.71951512 0.26394731
1778701781.42388487 0.73894859 2.06720549 0.11634770 0.28298277 -0.57629353 0.71885539 0.26655850
1778701781.43415809 0.74414553 2.06412557 0.10936085 0.28393272 -0.57628365 0.71780468 0.26839487
1778701781.43435502 0.74489222 2.06376482 0.10462785 0.28447265 -0.57579357 0.71771299 0.26911920
1778701781.44442296 0.74724006 2.06224426 0.09217228 0.28599293 -0.57466223 0.71726982 0.27110031
1778701781.45472050 0.74777266 2.06070639 0.07819922 0.28979512 -0.57328579 0.71584674 0.27372547
1778701781.46498442 0.75192191 2.05824793 0.06855139 0.28973917 -0.57287393 0.71565380 0.27514782
1778701781.47526288 0.75697864 2.05487873 0.05543758 0.29174432 -0.57209039 0.71437825 0.27795961
1778701781.48556852 0.75955625 2.05217319 0.04361952 0.29238619 -0.57148782 0.71401894 0.27944399
1778701781.49582410 0.76496717 2.04807063 0.03359850 0.29346121 -0.57134405 0.71282708 0.28164523
1778701781.50611877 0.76422256 2.04715191 0.02280331 0.29449717 -0.57036522 0.71282547 0.28255049
1778701781.51632714 0.76815444 2.04340327 0.01250346 0.29526174 -0.57012945 0.71200970 0.28427997
1778701781.52659583 0.77447014 2.03872778 0.00130854 0.29662625 -0.56988030 0.71055867 0.28697680
1778701781.53684759 0.77329642 2.03756506 -0.00656530 0.29787552 -0.56940964 0.71015068 0.28762624
1778701781.54711461 0.77676748 2.03382368 -0.01626900 0.29938957 -0.56925548 0.70885240 0.28955546
1778701781.55737233 0.77724534 2.03144885 -0.02533016 0.30175692 -0.56902730 0.70739996 0.29109446
1778701781.56769180 0.77623636 2.02981971 -0.03474881 0.30323367 -0.56828208 0.70697237 0.29205286
1778701781.56786656 0.77613166 2.02921479 -0.03593575 0.30373075 -0.56840243 0.70658872 0.29223055
1778701781.57797241 0.77685307 2.02734075 -0.04155846 0.30563787 -0.56847567 0.70521165 0.29342364
1778701781.58827305 0.77938874 2.02374987 -0.05283345 0.30752066 -0.56802972 0.70387981 0.29551057
1778701781.59852195 0.77943439 2.02112364 -0.06218148 0.30979037 -0.56774086 0.70248308 0.29701474
1778701781.60882616 0.77944741 2.01943998 -0.07247795 0.31073696 -0.56697106 0.70222138 0.29811323
1778701781.61908555 0.78525308 2.01450293 -0.07988726 0.31136319 -0.56751490 0.70066881 0.30007171
1778701781.62936163 0.78889214 2.01066681 -0.09321258 0.31180867 -0.56687964 0.70012154 0.30208055
1778701781.63962126 0.78928770 2.00865877 -0.10105393 0.31298619 -0.56656292 0.69936914 0.30319780
1778701781.64989161 0.79307404 2.00464828 -0.11375659 0.31396611 -0.56600681 0.69838232 0.30548929
1778701781.66014791 0.79352818 2.00222907 -0.12789194 0.31587390 -0.56496541 0.69744363 0.30758761
1778701781.67037725 0.79625572 1.99933041 -0.13490222 0.31512638 -0.56499981 0.69751490 0.30812912
1778701781.68062472 0.80074197 1.99518446 -0.15219241 0.31622538 -0.56372809 0.69665903 0.31125287
1778701781.69094038 0.79941326 1.99348566 -0.16748082 0.31807583 -0.56234141 0.69611407 0.31308963
1778701781.70123816 0.79823510 1.99189084 -0.18151416 0.31954586 -0.56116717 0.69571356 0.31458622
1778701781.71151066 0.79684761 1.99079505 -0.19449108 0.32139859 -0.55984248 0.69511448 0.31637826
1778701781.72179699 0.78944151 1.99183070 -0.20857002 0.32478759 -0.55815890 0.69435075 0.31756684
1778701781.73206091 0.79376998 1.98812146 -0.22483032 0.32451901 -0.55709368 0.69434042 0.31972712
1778701781.74236655 0.79112153 1.98789425 -0.23551675 0.32654132 -0.55609797 0.69357780 0.32105396
1778701781.75267959 0.78479344 1.98879864 -0.24981006 0.32919483 -0.55450585 0.69310023 0.32212746
1778701781.76297307 0.78396390 1.98721771 -0.26521818 0.33122605 -0.55317921 0.69210852 0.32445010
1778701781.77322197 0.78355585 1.98669551 -0.27269814 0.33244469 -0.55293472 0.69124553 0.32545864
1778701781.77337551 0.78155193 1.98694854 -0.27815621 0.33333534 -0.55217023 0.69114652 0.32605533
1778701781.78348184 0.77723991 1.98788485 -0.28758229 0.33528467 -0.55125281 0.69058858 0.32679037
1778701781.79374766 0.78209691 1.98460885 -0.29863635 0.33574098 -0.55116823 0.68935199 0.32906747
1778701781.80397320 0.78216299 1.98317892 -0.31188550 0.33750573 -0.55031405 0.68814116 0.33121907
1778701781.81425190 0.78757373 1.97890318 -0.32890111 0.34065679 -0.54883678 0.68526099 0.33637555
1778701781.82449389 0.77918920 1.98074641 -0.34418776 0.34347529 -0.54683564 0.68498644 0.33732638
1778701781.83480358 0.77220503 1.98050293 -0.36538644 0.34653261 -0.54390270 0.68452863 0.33986109
1778701781.84511113 0.77503487 1.97777361 -0.37332524 0.34789724 -0.54378111 0.68278029 0.34217057
1778701781.85536242 0.77548870 1.97446404 -0.39193927 0.34959259 -0.54193405 0.68174725 0.34541743
1778701781.86565447 0.77148892 1.97184536 -0.41647731 0.35203764 -0.53864278 0.68128142 0.34898294
1778701781.87592721 0.77286725 1.96891200 -0.42918752 0.35317221 -0.53753475 0.68027362 0.35150190
1778701781.87608600 0.77272568 1.96808892 -0.43373461 0.35359536 -0.53706239 0.68002539 0.35227799
1778701781.88618946 0.76807751 1.96671520 -0.45040046 0.35534329 -0.53475037 0.67989150 0.35428905
1778701781.89644027 0.76333689 1.96507259 -0.46762661 0.35787041 -0.53265433 0.67891981 0.35675766
1778701781.90671396 0.76159984 1.96244465 -0.48358086 0.36153158 -0.53097144 0.67623415 0.36065443
1778701781.91698027 0.76150866 1.96101051 -0.49035337 0.36391402 -0.53073929 0.67395789 0.36285417
1778701781.92729712 0.75206778 1.96085385 -0.50872425 0.36760740 -0.52794338 0.67290306 0.36516032
1778701781.93754697 0.74548825 1.96096220 -0.52015113 0.37024038 -0.52631717 0.67192886 0.36663865
1778701781.93799019 0.74704089 1.95926599 -0.52480181 0.37062975 -0.52596601 0.67127909 0.36793712
1778701781.94801116 0.74448797 1.95754165 -0.53702663 0.37305651 -0.52455886 0.66962194 0.37050412
1778701781.94826508 0.74359975 1.95727095 -0.54002698 0.37385661 -0.52427376 0.66904527 0.37114242
1778701781.95830488 0.73879654 1.95611649 -0.55333338 0.37637618 -0.52245243 0.66781925 0.37336562
1778701781.96860814 0.73363393 1.95351227 -0.57366967 0.37866044 -0.51971184 0.66701140 0.37631327
1778701781.97895741 0.73179164 1.95101521 -0.58837825 0.38080830 -0.51828974 0.66512791 0.37942805
1778701781.98925400 0.73399490 1.94926726 -0.59292442 0.38260308 -0.51867287 0.66251278 0.38166760
1778701781.99955249 0.73595972 1.94422043 -0.61233976 0.38472722 -0.51677728 0.65991695 0.38656932
1778701782.00989294 0.72688806 1.94432765 -0.62781229 0.38811896 -0.51447288 0.65845101 0.38874617
1778701782.02039742 0.71895537 1.94472636 -0.63966654 0.39109612 -0.51254431 0.65715864 0.39049288
1778701782.02072096 0.71743285 1.94388615 -0.64588522 0.39196172 -0.51159166 0.65670399 0.39163740
1778701782.03080869 0.72119371 1.94021973 -0.65568007 0.39313128 -0.51122560 0.65441322 0.39476514
1778701782.04114676 0.71762041 1.93893842 -0.66862420 0.39550930 -0.50981325 0.65265393 0.39712177
1778701782.05146408 0.71581841 1.93701706 -0.68030269 0.39797722 -0.50881133 0.65023796 0.39989469
1778701782.06171203 0.71383484 1.93467859 -0.69232165 0.40020934 -0.50741052 0.64811282 0.40288563
1778701782.07200551 0.71685446 1.93232550 -0.70056066 0.40142824 -0.50752920 0.64574101 0.40532460
1778701782.08230734 0.71464872 1.92989111 -0.71352432 0.40444435 -0.50622805 0.64269311 0.40878294
1778701782.09255838 0.71351771 1.92835809 -0.72226915 0.40613276 -0.50550323 0.64092906 0.41077073
1778701782.09274745 0.71317269 1.92809743 -0.72459035 0.40686892 -0.50534624 0.64012840 0.41148328
1778701782.10286045 0.70353049 1.92836906 -0.73659923 0.41052144 -0.50306287 0.63827744 0.41352364
1778701782.11316824 0.70345198 1.92540135 -0.74820012 0.41277359 -0.50219895 0.63542958 0.41670545
1778701782.12351751 0.70006256 1.92426023 -0.75974991 0.41522590 -0.50096175 0.63318233 0.41917171
1778701782.13384295 0.69501179 1.92243432 -0.77238831 0.41763213 -0.49904206 0.63143675 0.42169665
1778701782.14418125 0.68800460 1.92205267 -0.78398951 0.42068194 -0.49732938 0.62936362 0.42378253
1778701782.15452719 0.68140650 1.92147534 -0.79585205 0.42348332 -0.49558836 0.62747620 0.42582587
1778701782.16484642 0.67873105 1.91973109 -0.80565004 0.42501126 -0.49438424 0.62614409 0.42766018
1778701782.16503024 0.67659188 1.91989027 -0.80825784 0.42578395 -0.49394928 0.62570628 0.42803479
1778701782.17520332 0.67198297 1.91680766 -0.82307565 0.42751683 -0.49168689 0.62451014 0.43065119
1778701782.18553352 0.67643252 1.91460735 -0.82686328 0.42762107 -0.49249865 0.62318352 0.43154096
1778701782.19582105 0.67479306 1.90948535 -0.84439500 0.42922958 -0.49035411 0.62114217 0.43531278
1778701782.20611572 0.66633034 1.90771627 -0.85819202 0.43158043 -0.48776637 0.62016178 0.43728899
1778701782.21642542 0.66242998 1.90534207 -0.87058369 0.43319748 -0.48622313 0.61890234 0.43918892
1778701782.22672558 0.65617459 1.90266196 -0.88608170 0.43558634 -0.48382888 0.61716058 0.44191285
1778701782.23703480 0.64371528 1.90057960 -0.90411577 0.43808303 -0.48012734 0.61683495 0.44393203
1778701782.23736286 0.64698560 1.89938297 -0.90520658 0.43785282 -0.48054056 0.61628137 0.44448053
1778701782.24744439 0.64042915 1.89668141 -0.91894662 0.43942848 -0.47820884 0.61564039 0.44632479
1778701782.25802970 0.64091999 1.89322828 -0.92820526 0.44012673 -0.47762146 0.61437864 0.44800122
1778701782.26866078 0.64421851 1.88703893 -0.94251168 0.43986199 -0.47659450 0.61346707 0.45059657
1778701782.27933145 0.63343146 1.88394394 -0.96095189 0.44243458 -0.47315484 0.61246198 0.45306342
1778701782.28997493 0.62990098 1.87848536 -0.97769231 0.44316260 -0.47089648 0.61197382 0.45535861
1778701782.30066204 0.62364624 1.87575871 -0.98957203 0.44425310 -0.46886377 0.61193582 0.45644332
1778701782.30111313 0.62337546 1.87451209 -0.99300172 0.44453573 -0.46848495 0.61152217 0.45711100
1778701782.31138253 0.61801666 1.87246948 -1.00298067 0.44547376 -0.46689939 0.61157081 0.45775456
1778701782.32204294 0.61762747 1.86818019 -1.01489949 0.44548917 -0.46583720 0.61152056 0.45888747
1778701782.33270264 0.61064456 1.86628997 -1.02706986 0.44741299 -0.46389522 0.61058460 0.46022743
1778701782.34350061 0.60924145 1.86261445 -1.03821303 0.44804032 -0.46281903 0.60996789 0.46151660
1778701782.35389304 0.60617989 1.86010580 -1.04838617 0.44860158 -0.46173793 0.61008450 0.46190000
1778701782.36439705 0.60154812 1.85932062 -1.05556359 0.44965607 -0.46071349 0.60995143 0.46207333
1778701782.37474489 0.59820376 1.85819224 -1.06341334 0.45046216 -0.45995865 0.61005252 0.46190670
1778701782.38504672 0.59844117 1.85532577 -1.07246619 0.45045274 -0.45949240 0.61012971 0.46227785
1778701782.39539456 0.59987858 1.85200922 -1.08017300 0.45055844 -0.45909517 0.60944817 0.46346698
1778701782.39558172 0.59937478 1.84963416 -1.08556802 0.45055387 -0.45839104 0.60937191 0.46426796
1778701782.40571427 0.60188491 1.84694489 -1.09164381 0.45026310 -0.45842529 0.60915777 0.46479696
1778701782.41600728 0.59667804 1.84418369 -1.10457351 0.45108344 -0.45662767 0.60934864 0.46552028
1778701782.42631507 0.59476710 1.84087249 -1.11564577 0.45125267 -0.45553741 0.60964655 0.46603410
1778701782.43660092 0.59175164 1.83862127 -1.12519535 0.45176416 -0.45433257 0.60965541 0.46670261
1778701782.44695044 0.59148031 1.83493161 -1.13668481 0.45181913 -0.45333605 0.60962036 0.46766326
1778701782.45725155 0.59781357 1.83020031 -1.14573491 0.45074463 -0.45358253 0.60945442 0.46867630
1778701782.46763229 0.59989724 1.82697930 -1.15557743 0.45019444 -0.45295835 0.60965251 0.46955034
1778701782.46783113 0.59994642 1.82641639 -1.15744572 0.45031268 -0.45289654 0.60948038 0.46972000
1778701782.47799468 0.59127712 1.82495428 -1.16886914 0.45168363 -0.45067499 0.60966057 0.47030621
1778701782.48832774 0.58995498 1.82067108 -1.18288571 0.45171789 -0.44918868 0.60970962 0.47162979
1778701782.49863482 0.58928757 1.81697662 -1.19518815 0.45181357 -0.44802459 0.60967114 0.47269395
1778701782.50898981 0.58952830 1.81329240 -1.20628833 0.45149881 -0.44701237 0.60972267 0.47388504
1778701782.51932836 0.58468955 1.80919064 -1.22126494 0.45211566 -0.44495089 0.60969675 0.47526835
1778701782.52966404 0.59271604 1.80350476 -1.23266634 0.45073813 -0.44506931 0.60921143 0.47708478
1778701782.53999853 0.58774624 1.80087716 -1.24642193 0.45149401 -0.44323310 0.60917173 0.47812904
1778701782.55033517 0.59022109 1.79600600 -1.25783934 0.45107359 -0.44241225 0.60864918 0.47994811
1778701782.56064963 0.58763362 1.79379689 -1.26997037 0.45152065 -0.44117794 0.60850071 0.48085133
1778701782.57090425 0.58894693 1.78822278 -1.28422887 0.45156649 -0.44006933 0.60731804 0.48331303
1778701782.58123374 0.58767090 1.78725483 -1.29115213 0.45200344 -0.43961512 0.60690872 0.48383183
1778701782.59153390 0.58713739 1.78574715 -1.30022641 0.45243678 -0.43914842 0.60632520 0.48458166
1778701782.60179448 0.58785180 1.78212314 -1.31139005 0.45277340 -0.43849592 0.60513108 0.48634756
1778701782.61207294 0.58870488 1.78009520 -1.31863965 0.45304645 -0.43825312 0.60419777 0.48747120
1778701782.61226678 0.58975764 1.77968008 -1.32017153 0.45300742 -0.43839661 0.60399587 0.48762863
1778701782.62242436 0.58084399 1.77867411 -1.33064844 0.45455837 -0.43639806 0.60372525 0.48831265
1778701782.63274360 0.58027470 1.77732329 -1.33883627 0.45521557 -0.43606950 0.60275055 0.48919726
1778701782.64312100 0.57982988 1.77474925 -1.34834647 0.45580795 -0.43553209 0.60162016 0.49051411
1778701782.65351033 0.57299137 1.77415313 -1.35684268 0.45718540 -0.43408510 0.60117273 0.49106312
1778701782.66386032 0.57025866 1.77189554 -1.36692136 0.45801937 -0.43316653 0.60026743 0.49220323
1778701782.67414236 0.57289543 1.76909108 -1.37523067 0.45819825 -0.43318220 0.59896282 0.49361026
1778701782.68448353 0.56407307 1.76766443 -1.38669194 0.45989207 -0.43125120 0.59831486 0.49451089
1778701782.69477105 0.55909381 1.76655964 -1.39441848 0.46113445 -0.43017752 0.59732926 0.49547965
1778701782.70504975 0.55428403 1.76422202 -1.40528535 0.46228121 -0.42885152 0.59630289 0.49679505
1778701782.71547866 0.54692443 1.76295743 -1.41576797 0.46381943 -0.42728270 0.59541224 0.49778037
1778701782.72585273 0.54358186 1.76144215 -1.42332218 0.46473111 -0.42643483 0.59440145 0.49886396
1778701782.72609878 0.54274679 1.76064823 -1.42602928 0.46492398 -0.42614379 0.59414872 0.49923387
1778701782.73623443 0.53908936 1.75819720 -1.43520900 0.46574532 -0.42501015 0.59314653 0.50062448
1778701782.74678683 0.52729685 1.75961620 -1.44333395 0.46841118 -0.42328023 0.59166686 0.50135331
1778701782.75718069 0.52890912 1.75743422 -1.45135949 0.46880431 -0.42327853 0.59000380 0.50294465
1778701782.76755524 0.52201838 1.75738164 -1.45872655 0.47037414 -0.42204447 0.58886366 0.50385139
1778701782.76778793 0.52299581 1.75713899 -1.45995167 0.47042327 -0.42224486 0.58844154 0.50413071
1778701782.77794027 0.51404638 1.75629010 -1.46901268 0.47227833 -0.42049292 0.58701385 0.50552312
1778701782.78840375 0.51134401 1.75595028 -1.47627561 0.47350183 -0.42009057 0.58521285 0.50679962
1778701782.79884243 0.50637720 1.75579855 -1.48431753 0.47515735 -0.41930422 0.58310867 0.50832446
1778701782.80928540 0.50225877 1.75671432 -1.48921937 0.47660922 -0.41884122 0.58142896 0.50927012
1778701782.80956650 0.50310281 1.75651522 -1.49066095 0.47674309 -0.41901111 0.58080536 0.50971644
1778701782.81970954 0.49349526 1.75758355 -1.49736562 0.47892363 -0.41757062 0.57918296 0.51069954
1778701782.83013391 0.48827464 1.75776816 -1.50502253 0.48066982 -0.41683725 0.57681608 0.51233431
1778701782.84054804 0.47690102 1.75879912 -1.51359857 0.48338140 -0.41515000 0.57440091 0.51386428
1778701782.85095406 0.47445444 1.75880868 -1.51881512 0.48457186 -0.41489112 0.57232242 0.51526937
1778701782.85114932 0.47552563 1.75877392 -1.51987905 0.48475630 -0.41515341 0.57152320 0.51577148
1778701782.86125970 0.46260629 1.75928391 -1.52760616 0.48735151 -0.41307764 0.56962626 0.51708925
1778701782.87153840 0.45378203 1.75855304 -1.53686082 0.48971835 -0.41160775 0.56645443 0.51950397
1778701782.88179445 0.43901027 1.75645822 -1.54972788 0.49255595 -0.40876944 0.56348519 0.52228405
1778701782.89210391 0.43715355 1.75808918 -1.55210548 0.49388257 -0.40900724 0.56127300 0.52322625
1778701782.90250254 0.42734351 1.75434648 -1.56508299 0.49578409 -0.40680377 0.55838027 0.52623217
1778701782.91281414 0.42140638 1.75216374 -1.57464695 0.49735217 -0.40565502 0.55554956 0.52862984
1778701782.92327452 0.41815276 1.75118847 -1.58052410 0.49839160 -0.40514106 0.55361996 0.53006743
1778701782.92352319 0.41388085 1.75169903 -1.58231976 0.49925502 -0.40454971 0.55300939 0.53034383
1778701782.93366218 0.40840160 1.75018243 -1.58959583 0.50061437 -0.40353937 0.55068339 0.53224903
1778701782.94401741 0.39980223 1.74784031 -1.59977839 0.50237867 -0.40192368 0.54805500 0.53451731
1778701782.95428944 0.39123396 1.74348330 -1.61220827 0.50388967 -0.39997204 0.54529144 0.53737772
1778701782.96458101 0.38559187 1.74281762 -1.61814399 0.50527530 -0.39912220 0.54320230 0.53882242
1778701782.96479392 0.38350773 1.74230820 -1.62061294 0.50569485 -0.39874533 0.54258883 0.53932573
1778701782.97492838 0.37593945 1.74175361 -1.62693705 0.50727419 -0.39758374 0.54066851 0.54062707
1778701782.98518848 0.36990025 1.74133971 -1.63389534 0.50895573 -0.39681643 0.53792975 0.54233971
1778701782.99546576 0.36928846 1.74076596 -1.63824477 0.50973091 -0.39690473 0.53572067 0.54373192
1778701782.99565911 0.36786998 1.74079252 -1.63974680 0.51010071 -0.39674665 0.53521607 0.54399736
1778701783.00582767 0.35423423 1.73866073 -1.64946063 0.51220136 -0.39422531 0.53323415 0.54579989
1778701783.01620317 0.34156643 1.73597879 -1.66050614 0.51419323 -0.39189276 0.53102205 0.54775995
1778701783.02651906 0.33043367 1.73355480 -1.67065373 0.51599835 -0.38990358 0.52887952 0.54955196
1778701783.03682733 0.32514101 1.73140674 -1.67782177 0.51692925 -0.38892446 0.52719038 0.55099202
1778701783.04720783 0.31717076 1.72829478 -1.68759851 0.51827973 -0.38744593 0.52483537 0.55300959
1778701783.05752349 0.30007612 1.72467619 -1.69979519 0.52051472 -0.38425506 0.52311580 0.55476331
1778701783.06786704 0.28838570 1.71996243 -1.71174995 0.52201718 -0.38192452 0.52087521 0.55706440
1778701783.07822299 0.28054674 1.71693537 -1.71970197 0.52314562 -0.38044381 0.51910738 0.55866690
1778701783.08857822 0.27655980 1.71312958 -1.72869661 0.52387345 -0.37967297 0.51668440 0.56075153
1778701783.09889793 0.26672797 1.70875421 -1.73919163 0.52523663 -0.37786573 0.51410874 0.56305965
1778701783.10925198 0.24875570 1.70467373 -1.74999823 0.52736653 -0.37446846 0.51241290 0.56488134
1778701783.10943627 0.25040232 1.70485131 -1.75063142 0.52737074 -0.37492294 0.51182839 0.56510582
1778701783.11960435 0.24096234 1.70295427 -1.75751615 0.52879912 -0.37337860 0.50995910 0.56648180
1778701783.12990355 0.22446579 1.69886319 -1.76898783 0.53096988 -0.37043417 0.50719633 0.56885974
1778701783.14025640 0.21746512 1.69646082 -1.77709433 0.53214976 -0.36937909 0.50480564 0.57056724
1778701783.15059733 0.20524815 1.69458255 -1.78453895 0.53382763 -0.36738473 0.50290818 0.57196144
1778701783.16091180 0.19305431 1.69261258 -1.79290604 0.53569505 -0.36555724 0.50013585 0.57381430
1778701783.17124653 0.17679298 1.68701426 -1.80503637 0.53745231 -0.36253271 0.49752252 0.57635614
1778701783.18159485 0.15896742 1.68182347 -1.81681876 0.53944929 -0.35937942 0.49462936 0.57894965
1778701783.19195008 0.15384955 1.67896831 -1.82389013 0.54010892 -0.35851367 0.49242496 0.58074776
1778701783.20230508 0.13108658 1.67137616 -1.83796836 0.54217702 -0.35418173 0.49006283 0.58347048
1778701783.21267200 0.12025905 1.66603134 -1.84936385 0.54311805 -0.35214144 0.48769773 0.58580724
1778701783.22300434 0.10664937 1.66125742 -1.85941023 0.54437639 -0.34954244 0.48524471 0.58822784
1778701783.23336673 0.09383845 1.65828297 -1.86861773 0.54579961 -0.34750362 0.48307718 0.58989868
1778701783.24367762 0.07739384 1.65372563 -1.87960129 0.54742914 -0.34464211 0.48037957 0.59226567
1778701783.25398183 0.05478233 1.65006005 -1.88979535 0.54987420 -0.34090860 0.47749379 0.59449085
1778701783.26434994 0.04068493 1.64628962 -1.89820574 0.55116776 -0.33846106 0.47555802 0.59624054
1778701783.27466011 0.01907872 1.63951972 -1.91121177 0.55289488 -0.33447837 0.47293326 0.59897046
1778701783.28500366 0.00362865 1.63552206 -1.92131942 0.55432831 -0.33193598 0.46979668 0.60152283
1778701783.29535866 -0.02047096 1.62975603 -1.93201551 0.55632670 -0.32752714 0.46767658 0.60374265
1778701783.29554343 -0.02139883 1.63217181 -1.93153229 0.55687202 -0.32782347 0.46663473 0.60388521
1778701783.30571508 -0.03030710 1.63174909 -1.93694574 0.55797222 -0.32668041 0.46408478 0.60545208
1778701783.31601596 -0.05697033 1.62631296 -1.94861388 0.56025362 -0.32204646 0.46090503 0.60825037
1778701783.32635498 -0.07860871 1.61933648 -1.96123250 0.56169003 -0.31809966 0.45773276 0.61138993
1778701783.33671474 -0.09642465 1.61599094 -1.96880030 0.56323715 -0.31510769 0.45518583 0.61341415
1778701783.34701753 -0.11734431 1.61276423 -1.97795715 0.56508638 -0.31178761 0.45125833 0.61630495
1778701783.35735726 -0.13743850 1.61075885 -1.98602497 0.56700752 -0.30868804 0.44750574 0.61883178
1778701783.36770463 -0.16230285 1.60394161 -1.99748786 0.56861347 -0.30427153 0.44408790 0.62199960
1778701783.37800574 -0.18057291 1.60458966 -2.00138498 0.57069513 -0.30169514 0.44081478 0.62367414
1778701783.38834548 -0.20295319 1.60498079 -2.00688621 0.57311168 -0.29849513 0.43696323 0.62570505
1778701783.39867210 -0.22395553 1.60405011 -2.01297538 0.57517394 -0.29543174 0.43265084 0.62825813
1778701783.40896606 -0.24228181 1.60153980 -2.01833279 0.57669864 -0.29252339 0.42969335 0.63024786
1778701783.41931176 -0.26198005 1.60451332 -2.02068005 0.57924071 -0.29008887 0.42581769 0.63167076
1778701783.42962050 -0.28437146 1.60106760 -2.02724170 0.58104142 -0.28653656 0.42206781 0.63415017
1778701783.43997431 -0.31353098 1.59704280 -2.03282997 0.58344491 -0.28185391 0.41772777 0.63690967
1778701783.45028996 -0.32629189 1.59227176 -2.03970484 0.58394490 -0.27960343 0.41550741 0.63889269
1778701783.46060729 -0.34139471 1.58945329 -2.04590206 0.58499210 -0.27731926 0.41194961 0.64122990
1778701783.47090459 -0.36714181 1.58219072 -2.05367470 0.58647908 -0.27275056 0.40932310 0.64350914
1778701783.48126340 -0.37826749 1.57649497 -2.06037090 0.58667974 -0.27072634 0.40700989 0.64564470
1778701783.49156952 -0.39626083 1.56730313 -2.07053477 0.58699367 -0.26724334 0.40489574 0.64813491
1778701783.50188947 -0.42833386 1.55701137 -2.07835650 0.58861532 -0.26140307 0.40195334 0.65087168
1778701783.51236749 -0.43650333 1.56171623 -2.07968624 0.59011709 -0.26093948 0.39925358 0.65135933
1778701783.52267361 -0.44700249 1.55959855 -2.08388478 0.59073295 -0.25933890 0.39698158 0.65282735
1778701783.53303170 -0.46656412 1.55529964 -2.08937908 0.59196491 -0.25605281 0.39478718 0.65433751
1778701783.54346752 -0.49338577 1.54793465 -2.09561245 0.59342384 -0.25134849 0.39185185 0.65660050
1778701783.55409694 -0.48908792 1.55086447 -2.09896266 0.59326176 -0.25261995 0.38996066 0.65738446
1778701783.55458331 -0.49193575 1.55145288 -2.09951301 0.59357372 -0.25231005 0.38909337 0.65773568
1778701783.56484532 -0.50441073 1.54849387 -2.10370938 0.59417071 -0.25029641 0.38661000 0.65942822
1778701783.56536722 -0.51176091 1.54778980 -2.10410030 0.59475296 -0.24914307 0.38565413 0.65989964
1778701783.57542586 -0.52551355 1.54623826 -2.10711630 0.59572900 -0.24701910 0.38341425 0.66112181
1778701783.58577204 -0.53161869 1.54863149 -2.11054357 0.59638907 -0.24659010 0.38018963 0.66254754
1778701783.59615922 -0.53947008 1.54946233 -2.11462055 0.59699872 -0.24570955 0.37715891 0.66405610
1778701783.60652494 -0.54819967 1.55247342 -2.11559607 0.59805632 -0.24477881 0.37427851 0.66507712
1778701783.60671401 -0.55177544 1.55470848 -2.11484108 0.59869502 -0.24446107 0.37324761 0.66519868
1778701783.61684966 -0.56886214 1.55072906 -2.11846126 0.59957215 -0.24157427 0.37094073 0.66675190
1778701783.62715793 -0.59970580 1.54810337 -2.11904383 0.60204754 -0.23662220 0.36787867 0.66799250
1778701783.63746190 -0.60315256 1.55620572 -2.11941675 0.60314158 -0.23705441 0.36297484 0.66953320
1778701783.64780784 -0.61499053 1.55646064 -2.12088360 0.60411643 -0.23535173 0.36062196 0.67052568
1778701783.65812850 -0.62613731 1.55975632 -2.12203010 0.60546709 -0.23408655 0.35765041 0.67134140
1778701783.66840005 -0.64061590 1.56204454 -2.12279904 0.60694891 -0.23217074 0.35436184 0.67241168
1778701783.67874408 -0.64976919 1.56239264 -2.12455603 0.60771134 -0.23089057 0.35224988 0.67327297
1778701783.68899894 -0.66095654 1.56170924 -2.12835903 0.60842726 -0.22922328 0.34977490 0.67448534
1778701783.69924831 -0.67335374 1.56270269 -2.12998428 0.60946514 -0.22748270 0.34635546 0.67590070
1778701783.70952582 -0.68757275 1.56014690 -2.13337695 0.61023162 -0.22515377 0.34392302 0.67722973
1778701783.71980667 -0.69591128 1.55907023 -2.13610018 0.61092177 -0.22382833 0.34355242 0.67723497
1778701783.73025560 -0.70753157 1.55357034 -2.14243515 0.61088666 -0.22163190 0.34099845 0.67927671
1778701783.74060488 -0.71825136 1.55123605 -2.14614719 0.61135181 -0.21984484 0.33848394 0.68069511
1778701783.75090981 -0.73020504 1.54387875 -2.15183215 0.61126366 -0.21742025 0.33722508 0.68217624
1778701783.75109911 -0.73293636 1.54376428 -2.15233697 0.61143438 -0.21700278 0.33642183 0.68255267
1778701783.76121902 -0.74439125 1.53887253 -2.15625693 0.61161562 -0.21485768 0.33465956 0.68393383
1778701783.77147412 -0.75413631 1.53305288 -2.16285077 0.61146050 -0.21295713 0.33266494 0.68563792
1778701783.78173637 -0.76744767 1.52762774 -2.16774899 0.61177333 -0.21050790 0.33068539 0.68707131
1778701783.79205608 -0.77778124 1.52118300 -2.17267434 0.61163330 -0.20841679 0.32909413 0.68859581
1778701783.80234599 -0.79057292 1.51480192 -2.17794458 0.61180031 -0.20598386 0.32729819 0.69003401
1778701783.81260276 -0.80099814 1.50880175 -2.18383342 0.61178413 -0.20392589 0.32541332 0.69154940
1778701783.82290459 -0.80714906 1.50608742 -2.18756246 0.61199424 -0.20279837 0.32440059 0.69217059
1778701783.83315992 -0.81664783 1.49787716 -2.19490111 0.61163179 -0.20073811 0.32293458 0.69377519
1778701783.84343505 -0.82850089 1.48993071 -2.20091814 0.61161979 -0.19833788 0.32157464 0.69510652
1778701783.85374379 -0.83244904 1.48664799 -2.20540935 0.61147315 -0.19757014 0.32020379 0.69608631
1778701783.86407399 -0.83842204 1.47899151 -2.21320522 0.61093189 -0.19615334 0.31885453 0.69758002
1778701783.87437773 -0.84290655 1.47397919 -2.21972473 0.61068256 -0.19516535 0.31754995 0.69866968
1778701783.88464069 -0.84995572 1.46886555 -2.22534204 0.61077255 -0.19375161 0.31637420 0.69951738
1778701783.89491224 -0.85302322 1.46644346 -2.22955703 0.61081169 -0.19313486 0.31547513 0.70005961
1778701783.90523577 -0.85859995 1.46369078 -2.23427869 0.61118661 -0.19210090 0.31448044 0.70046429
1778701783.91546130 -0.86746583 1.45849653 -2.23929494 0.61154683 -0.19029192 0.31373518 0.70097767
1778701783.92577720 -0.87083924 1.45801339 -2.24204486 0.61190017 -0.18977561 0.31250700 0.70135781
1778701783.93604255 -0.88095796 1.45192039 -2.24686013 0.61234906 -0.18766575 0.31210845 0.70171113
1778701783.94629169 -0.87950861 1.45164542 -2.25268129 0.61223450 -0.18797809 0.31050365 0.70243906
1778701783.95658231 -0.88493191 1.44776564 -2.25795183 0.61242945 -0.18685223 0.30960304 0.70296684
1778701783.96685266 -0.89292289 1.44162402 -2.26258144 0.61243183 -0.18514879 0.30889448 0.70372678
1778701783.97711062 -0.89442975 1.43760937 -2.26964609 0.61214286 -0.18458150 0.30812160 0.70446566
1778701783.98736358 -0.90780330 1.42596974 -2.27686120 0.61179354 -0.18162359 0.30721293 0.70593325
1778701783.99766254 -0.91154250 1.42130981 -2.28205111 0.61164143 -0.18065999 0.30686328 0.70646420
1778701784.00794244 -0.91441746 1.41650812 -2.28897704 0.61151312 -0.17985826 0.30664704 0.70687361
1778701784.01821256 -0.91352598 1.41138404 -2.29767428 0.61091417 -0.17949976 0.30654547 0.70752639
1778701784.02848005 -0.91869045 1.40587625 -2.30329768 0.61035595 -0.17835354 0.30490558 0.70900509
1778701784.03876925 -0.91495967 1.40196662 -2.31259074 0.60975618 -0.17856894 0.30531221 0.70929189
1778701784.04902649 -0.91727706 1.39693692 -2.32055900 0.60933355 -0.17775145 0.30491262 0.71003193
1778701784.05933356 -0.92280580 1.39359204 -2.32482626 0.60925605 -0.17657110 0.30389680 0.71082800
1778701784.05950332 -0.92074450 1.39050656 -2.32899302 0.60853554 -0.17664453 0.30370134 0.71151016
1778701784.06963134 -0.92488507 1.38887778 -2.33300881 0.60867298 -0.17578617 0.30305018 0.71188272
1778701784.07988167 -0.92690269 1.38211694 -2.34237951 0.60798687 -0.17490323 0.30290794 0.71274652
1778701784.09019637 -0.92794068 1.38050847 -2.34764140 0.60772186 -0.17457019 0.30197998 0.71344760
1778701784.10049868 -0.93296471 1.36966124 -2.35811856 0.60648167 -0.17293898 0.30125293 0.71520540
1778701784.11078358 -0.93212207 1.36751343 -2.36578870 0.60605489 -0.17277602 0.30053775 0.71590710
1778701784.12103748 -0.93632118 1.35997631 -2.37417057 0.60521553 -0.17150544 0.29966342 0.71728787
1778701784.13133121 -0.93683074 1.35703855 -2.38011825 0.60489252 -0.17112478 0.29935136 0.71778138
1778701784.14158583 -0.93876615 1.34881742 -2.38956526 0.60382586 -0.17017461 0.29865581 0.71919374
1778701784.15183997 -0.93667624 1.34489285 -2.39842356 0.60273452 -0.17029304 0.29683765 0.72083201
1778701784.16214085 -0.94543885 1.33906146 -2.40388677 0.60246471 -0.16857279 0.29503718 0.72219980
1778701784.17239165 -0.94475106 1.33244706 -2.41204877 0.60114062 -0.16833669 0.29361670 0.72393504
1778701784.18266106 -0.94879141 1.32749041 -2.41858357 0.60087067 -0.16733578 0.29298200 0.72464800
1778701784.19292736 -0.95560632 1.31737647 -2.42682154 0.60007274 -0.16554910 0.29247662 0.72592260
1778701784.20326424 -0.95163349 1.31232829 -2.43493479 0.59908024 -0.16579103 0.29245505 0.72669543
1778701784.21358776 -0.95579309 1.30304403 -2.44387827 0.59811234 -0.16451392 0.29187849 0.72801356
1778701784.22386813 -0.95997709 1.29354260 -2.45284339 0.59691033 -0.16331671 0.29059918 0.72977930
1778701784.23412991 -0.95973330 1.28897310 -2.45931124 0.59642949 -0.16297764 0.29077890 0.73017654
1778701784.23434377 -0.95942742 1.28991037 -2.46019885 0.59662249 -0.16304698 0.29076185 0.73001016
1778701784.24444747 -0.95404506 1.28996101 -2.46647073 0.59589317 -0.16401146 0.28931735 0.73096309
1778701784.25476217 -0.96047699 1.28433820 -2.47260163 0.59590231 -0.16254897 0.28921666 0.73132209
1778701784.26507473 -0.95735707 1.28649400 -2.47870358 0.59594105 -0.16323213 0.28821410 0.73153412
1778701784.27531362 -0.96050588 1.28778472 -2.48139168 0.59640373 -0.16285455 0.28726500 0.73161452
1778701784.28558993 -0.96492521 1.29074171 -2.48414557 0.59743686 -0.16222285 0.28683196 0.73108164
1778701784.29584908 -0.96595453 1.29705667 -2.48675144 0.59834259 -0.16250836 0.28530833 0.73087368
1778701784.30614328 -0.96740452 1.30428042 -2.48727064 0.59951503 -0.16272569 0.28430212 0.73025638
1778701784.30666304 -0.96711302 1.30705654 -2.48755222 0.59975401 -0.16297359 0.28354687 0.73029850
1778701784.31660986 -0.96845512 1.31193427 -2.48932474 0.60044613 -0.16304406 0.28232522 0.73018734
1778701784.32726622 -0.97256583 1.31837469 -2.49095205 0.60190761 -0.16268538 0.28176995 0.72927800
1778701784.33795881 -0.97965399 1.32591181 -2.49067597 0.60370964 -0.16194480 0.28086690 0.72830099
1778701784.34836507 -0.97763294 1.33658915 -2.49252206 0.60480894 -0.16302716 0.27885820 0.72791922
1778701784.35875273 -0.97936346 1.34108452 -2.49433933 0.60544183 -0.16310073 0.27750928 0.72789212
1778701784.36905026 -0.98879812 1.34977599 -2.49211415 0.60789516 -0.16186326 0.27760320 0.72608555
1778701784.37938142 -1.00261965 1.35141067 -2.49226630 0.60890017 -0.15991425 0.27508487 0.72663356
1778701784.38970470 -1.00740547 1.35578234 -2.49260935 0.60984921 -0.15945383 0.27401290 0.72634382
1778701784.39995670 -1.01610798 1.35891547 -2.49354446 0.61079780 -0.15838186 0.27220204 0.72646217
1778701784.41024470 -1.02725459 1.36054664 -2.49415369 0.61163463 -0.15686567 0.27003231 0.72689668
1778701784.42056155 -1.03015007 1.36347407 -2.49772416 0.61210654 -0.15664359 0.26859071 0.72708143
1778701784.43085384 -1.03801512 1.36295979 -2.49923217 0.61245298 -0.15548836 0.26717752 0.72755817
1778701784.44112992 -1.04875960 1.36024468 -2.50233959 0.61256803 -0.15381759 0.26516966 0.72855035
1778701784.45138741 -1.06067691 1.35787109 -2.50454775 0.61280620 -0.15201113 0.26302259 0.72950689
1778701784.46170139 -1.07188277 1.35404450 -2.50626603 0.61277897 -0.15025458 0.26111530 0.73057805
1778701784.47199535 -1.08067558 1.35285060 -2.50913874 0.61297429 -0.14899609 0.25917726 0.73136162
1778701784.48233342 -1.10173513 1.34633418 -2.50934920 0.61330903 -0.14561954 0.25669783 0.73263443
1778701784.49263549 -1.10794824 1.34554918 -2.51162644 0.61347469 -0.14475150 0.25537499 0.73312989
1778701784.49282908 -1.11212639 1.34562571 -2.51122787 0.61372451 -0.14415788 0.25475956 0.73325186
1778701784.50294852 -1.12245068 1.34538433 -2.51132353 0.61424102 -0.14271384 0.25311294 0.73367197
1778701784.51326513 -1.13109328 1.34490068 -2.51397227 0.61450587 -0.14156979 0.25118074 0.73433560
1778701784.52357197 -1.14108167 1.34439228 -2.51601943 0.61477973 -0.14024950 0.24891661 0.73513025
1778701784.53388762 -1.15585777 1.34097843 -2.51574812 0.61520837 -0.13796835 0.24731130 0.73574487
1778701784.54420280 -1.16603379 1.33875563 -2.51840526 0.61535867 -0.13652898 0.24550245 0.73649310
1778701784.55450416 -1.16978717 1.33835742 -2.52314674 0.61519594 -0.13618804 0.24368312 0.73729594
1778701784.56483197 -1.17875782 1.33381645 -2.52599306 0.61499339 -0.13478277 0.24235790 0.73815946
1778701784.56502247 -1.18093655 1.33327684 -2.52684434 0.61500495 -0.13448590 0.24192818 0.73834491
1778701784.57513094 -1.18782424 1.33036380 -2.52987120 0.61488857 -0.13348565 0.24069128 0.73902729
1778701784.58545065 -1.20116104 1.32362201 -2.53343379 0.61459215 -0.13140772 0.23883645 0.74024702
1778701784.59575510 -1.21175150 1.32270440 -2.53531217 0.61512659 -0.12994590 0.23743754 0.74051114
1778701784.60611892 -1.21843063 1.31995617 -2.53826135 0.61506253 -0.12900834 0.23631388 0.74108750
1778701784.61640429 -1.23191691 1.31425412 -2.54088095 0.61504384 -0.12697693 0.23468874 0.74196977
1778701784.62670445 -1.23734929 1.31073588 -2.54636365 0.61467715 -0.12632943 0.23318133 0.74285890
1778701784.63705587 -1.25149199 1.30543930 -2.54677301 0.61480760 -0.12415984 0.23175903 0.74356150
1778701784.63725090 -1.25648517 1.30336129 -2.54691142 0.61480034 -0.12339792 0.23122100 0.74386178
1778701784.64742804 -1.26778077 1.29702873 -2.54904563 0.61452163 -0.12166637 0.22981759 0.74481161
1778701784.65775871 -1.27645173 1.29165058 -2.55358342 0.61414135 -0.12050247 0.22819699 0.74581211
1778701784.66814995 -1.28448238 1.28584432 -2.55874913 0.61358464 -0.11945266 0.22649839 0.74695611
1778701784.67856860 -1.29271689 1.27984157 -2.56226116 0.61310834 -0.11826297 0.22518754 0.74793222
1778701784.68895483 -1.30567294 1.27534026 -2.56412364 0.61301864 -0.11656700 0.22298848 0.74893018
1778701784.69925594 -1.31458976 1.27168541 -2.56778653 0.61281521 -0.11556034 0.22110397 0.74981089
1778701784.70955324 -1.32509612 1.26780163 -2.57070710 0.61267261 -0.11431899 0.21910182 0.75070490
1778701784.71988559 -1.33354881 1.26557683 -2.57249135 0.61268931 -0.11334557 0.21754331 0.75129189
1778701784.73022985 -1.34261750 1.26498182 -2.57470113 0.61290332 -0.11250433 0.21552446 0.75182544
1778701784.74053359 -1.35091266 1.26322010 -2.57806196 0.61279676 -0.11178248 0.21340711 0.75262355
1778701784.75088334 -1.35577705 1.26255946 -2.58092841 0.61272325 -0.11148177 0.21187610 0.75316038
1778701784.75107574 -1.35970453 1.26076873 -2.58140242 0.61268186 -0.11093525 0.21142221 0.75340226
1778701784.76131773 -1.36705258 1.26022699 -2.58302778 0.61277150 -0.11024573 0.20978581 0.75388784
1778701784.77162790 -1.38075992 1.25669870 -2.58463057 0.61287068 -0.10852753 0.20783942 0.75459531
1778701784.78198409 -1.39000456 1.25407647 -2.58843762 0.61278076 -0.10752979 0.20622670 0.75525335
1778701784.79228830 -1.39768001 1.25211484 -2.59090565 0.61274021 -0.10666590 0.20494978 0.75575618
1778701784.80259871 -1.40849672 1.24870036 -2.59437669 0.61259693 -0.10537349 0.20328518 0.75650285
1778701784.81285524 -1.41666609 1.24296439 -2.60041638 0.61169392 -0.10449650 0.20130400 0.75788372
1778701784.82316232 -1.42420646 1.23890519 -2.60417268 0.61121268 -0.10359087 0.19996379 0.75875060
1778701784.82335663 -1.42659911 1.23813841 -2.60522280 0.61107428 -0.10334906 0.19938967 0.75904608
1778701784.83348155 -1.43512599 1.23551669 -2.60783932 0.61080325 -0.10235874 0.19785427 0.75979982
1778701784.84372520 -1.44610135 1.23500319 -2.61031752 0.61065952 -0.10127208 0.19541153 0.76069261
1778701784.85401249 -1.45936346 1.23441285 -2.61166703 0.61085771 -0.09972004 0.19339378 0.76125398
1778701784.86448836 -1.47099350 1.23316499 -2.61225762 0.61103535 -0.09823566 0.19193444 0.76167363
1778701784.87489271 -1.48105446 1.23756435 -2.61319005 0.61155053 -0.09742841 0.18957980 0.76195352
1778701784.88521624 -1.49286795 1.24017487 -2.61403693 0.61202065 -0.09621431 0.18743544 0.76226077
1778701784.89563417 -1.49765347 1.24621339 -2.61494142 0.61285918 -0.09604786 0.18631662 0.76188224
1778701784.90597010 -1.51382550 1.24578313 -2.61456773 0.61324351 -0.09399849 0.18416747 0.76235099
1778701784.91637778 -1.53077713 1.24957445 -2.61148154 0.61441108 -0.09193073 0.18215481 0.76214657
1778701784.92673349 -1.54410633 1.24732051 -2.61314507 0.61437899 -0.09024639 0.18023893 0.76282892
1778701784.93708062 -1.55721754 1.24720529 -2.61157736 0.61485318 -0.08852999 0.17869817 0.76301046
1778701784.93728876 -1.56003685 1.24782899 -2.61159651 0.61500829 -0.08822505 0.17825254 0.76302502
1778701784.94742846 -1.57492508 1.25091742 -2.60705040 0.61651212 -0.08622438 0.17744564 0.76222779
1778701784.95785522 -1.59493067 1.24231655 -2.60693907 0.61597759 -0.08327548 0.17513236 0.76352175
1778701784.96824098 -1.61556341 1.23722301 -2.60409305 0.61609641 -0.08031607 0.17289456 0.76425259
1778701784.97855759 -1.62755977 1.23376320 -2.60387098 0.61608856 -0.07863747 0.17155944 0.76473419
1778701784.98882532 -1.64867321 1.22508011 -2.60193062 0.61563167 -0.07548458 0.16916944 0.76595132
1778701784.99907923 -1.66633366 1.21840341 -2.60102194 0.61534832 -0.07292607 0.16713512 0.76687293
1778701785.00934100 -1.68421594 1.21222935 -2.59771517 0.61528476 -0.07022278 0.16541106 0.76754974
1778701785.00957012 -1.68765548 1.20993515 -2.59825871 0.61509966 -0.06969851 0.16502419 0.76782911
1778701785.01966596 -1.70550050 1.20780703 -2.59292278 0.61568751 -0.06710573 0.16333666 0.76794977
1778701785.02990103 -1.72788461 1.20353410 -2.58739745 0.61601386 -0.06384536 0.16087947 0.76848454
1778701785.04019833 -1.74931345 1.20306982 -2.58041009 0.61669079 -0.06090795 0.15809883 0.76875708
1778701785.05045557 -1.76811773 1.20324165 -2.57314038 0.61768956 -0.05819095 0.15638474 0.76851626
1778701785.06076097 -1.78946805 1.20607861 -2.56449799 0.61872190 -0.05537045 0.15339527 0.76849672
1778701785.07102942 -1.81446746 1.20624349 -2.55446207 0.61966823 -0.05184652 0.15044875 0.76856255
1778701785.08133125 -1.82783233 1.21992696 -2.54445325 0.62149353 -0.05064560 0.14726477 0.76778506
1778701785.09158015 -1.84800354 1.22203068 -2.53667676 0.62241437 -0.04792060 0.14463267 0.76771437
1778701785.10185075 -1.86456896 1.23021116 -2.52831208 0.62365018 -0.04605413 0.14143421 0.76742155
1778701785.11214066 -1.87668610 1.23328230 -2.52384175 0.62412039 -0.04458058 0.13920926 0.76753312
1778701785.11230946 -1.88213826 1.23433297 -2.52117500 0.62429289 -0.04387449 0.13821874 0.76761253
1778701785.12243724 -1.89125289 1.23992655 -2.51754726 0.62500321 -0.04293928 0.13623905 0.76744128
1778701785.13268137 -1.90818764 1.24624410 -2.50958065 0.62617971 -0.04082043 0.13356140 0.76706845
1778701785.14295244 -1.92591730 1.25217909 -2.50074432 0.62749276 -0.03850109 0.13105012 0.76654835
1778701785.15326118 -1.93856129 1.25647802 -2.49467291 0.62831164 -0.03685710 0.12904005 0.76629936
1778701785.16354704 -1.95920715 1.26003932 -2.48437192 0.62980626 -0.03385345 0.12703272 0.76554602
1778701785.17380095 -1.97473564 1.26249449 -2.47848697 0.63047353 -0.03172264 0.12473974 0.76546509
1778701785.18410397 -1.98585829 1.26400703 -2.47472224 0.63104885 -0.03017660 0.12336102 0.76527693
1778701785.19442105 -2.00276718 1.26071880 -2.47009295 0.63122378 -0.02757046 0.12155835 0.76551942
1778701785.20468163 -2.02255968 1.26118312 -2.46075512 0.63215493 -0.02457321 0.11949335 0.76517818
1778701785.21501303 -2.03891816 1.26946540 -2.44991598 0.63429883 -0.02231381 0.11791769 0.76371625
1778701785.22532225 -2.05134345 1.27176998 -2.44329300 0.63548482 -0.02045116 0.11701381 0.76292107
1778701785.23555422 -2.06088887 1.27479127 -2.44013195 0.63654735 -0.01914648 0.11615414 0.76220017
1778701785.24584508 -2.07579228 1.26785580 -2.43773271 0.63632360 -0.01669726 0.11490587 0.76263368
1778701785.25627613 -2.08570850 1.26478027 -2.43575818 0.63639379 -0.01513146 0.11399218 0.76274489
1778701785.26664495 -2.09666192 1.26020348 -2.43514807 0.63629536 -0.01340390 0.11295268 0.76301392
1778701785.27699447 -2.10956394 1.25262703 -2.43424050 0.63590592 -0.01126399 0.11185605 0.76353455
1778701785.28736186 -2.12072902 1.24867726 -2.43271314 0.63593139 -0.00951738 0.11073490 0.76370051
1778701785.29761386 -2.12796971 1.24241513 -2.43426940 0.63553544 -0.00826644 0.11028173 0.76411014
1778701785.30793452 -2.14270623 1.23504333 -2.43132733 0.63534376 -0.00581431 0.10909724 0.76446209
1778701785.31827807 -2.15241474 1.23046817 -2.43111486 0.63529513 -0.00426209 0.10820349 0.76463975
1778701785.32859659 -2.15899717 1.22133367 -2.43438535 0.63462555 -0.00301868 0.10811470 0.76521403
1778701785.33891559 -2.16301897 1.16786166 -2.46437287 0.62574899 -0.00143838 0.10669762 0.77269124
1778701785.34927964 -2.17997347 1.18225115 -2.44795479 0.62922665 0.00088334 0.10520894 0.77006761
1778701785.35957694 -2.17497883 1.16689092 -2.46596486 0.62705040 0.00034189 0.10613710 0.77171407
1778701785.36988664 -2.18081852 1.15534848 -2.47115529 0.62569236 0.00144206 0.10562609 0.77288429
1778701785.38020277 -2.18607447 1.18230793 -2.45842273 0.63089661 0.00161606 0.10557765 0.76864830
1778701785.39054418 -2.20094969 1.19608719 -2.44364634 0.63478700 0.00371940 0.10527186 0.76547336
1778701785.40081072 -2.20528763 1.18961476 -2.44740232 0.63433361 0.00450670 0.10509614 0.76586903
1778701785.41106057 -2.20055865 1.15666294 -2.47443444 0.62828725 0.00412451 0.10404635 0.77098150
1778701785.42134905 -2.19446832 1.12480100 -2.50150117 0.62307287 0.00365485 0.10427032 0.77517388
1778701785.43165612 -2.21731045 1.19552438 -2.45104649 0.63799839 0.00625443 0.10570387 0.76272251
1778701785.44197226 -2.22485445 1.19448269 -2.44933829 0.63870617 0.00752067 0.10545488 0.76215296
1778701785.45225692 -2.21785314 1.15346090 -2.48228839 0.63134401 0.00702777 0.10464011 0.76837868
1778701785.46252775 -2.21299796 1.13150013 -2.50304595 0.62787618 0.00659724 0.10481704 0.77119477
1778701785.47279453 -2.21774996 1.14350468 -2.49736481 0.63081316 0.00720990 0.10525078 0.76872950
1778701785.48302603 -2.23378195 1.15778142 -2.48128895 0.63532838 0.00973644 0.10568453 0.76491426
1778701785.49330854 -2.23223722 1.15695095 -2.48882310 0.63559373 0.00945653 0.10594615 0.76466110
1778701785.50355124 -2.22751973 1.14859274 -2.50138363 0.63433088 0.00882311 0.10634553 0.76566122
1778701785.51385713 -2.22869743 1.13666935 -2.51163979 0.63286739 0.00921527 0.10619190 0.76688801
1778701785.52413368 -2.22474215 1.13132420 -2.52343323 0.63237622 0.00868210 0.10682268 0.76721174
1778701785.53441143 -2.22171394 1.12799381 -2.53329153 0.63226512 0.00829784 0.10742416 0.76722357
1778701785.54465222 -2.22024909 1.12315195 -2.54102694 0.63206618 0.00825853 0.10817214 0.76728283
1778701785.55490971 -2.21667811 1.11403363 -2.55386005 0.63127230 0.00802095 0.10920970 0.76779176
1778701785.56517172 -2.21525135 1.10241685 -2.56576841 0.63016810 0.00819338 0.10998692 0.76858566
1778701785.57542348 -2.20956707 1.09369838 -2.57853330 0.62913588 0.00758984 0.11097523 0.76929509
1778701785.58567309 -2.21218282 1.08041790 -2.58733890 0.62827985 0.00858680 0.11196568 0.76984049
1778701785.59605742 -2.19281823 1.03986335 -2.62669799 0.62138759 0.00644427 0.11328676 0.77524321
1778701785.60632896 -2.18506296 1.03250197 -2.64036793 0.62017539 0.00543630 0.11398594 0.77611864
1778701785.61662602 -2.18717719 1.07119922 -2.62725472 0.62805187 0.00550308 0.11660278 0.76936621
1778701785.62690711 -2.19017291 1.04886593 -2.64028534 0.62537210 0.00668344 0.11695796 0.77148293
1778701785.63729167 -2.18213733 1.01129085 -2.66837469 0.61950207 0.00634083 0.11745635 0.77613207
1778701785.64760876 -2.17121171 1.00515148 -2.68447467 0.61800635 0.00473285 0.11794699 0.77726074
1778701785.65786171 -2.16018056 0.97538203 -2.71122923 0.61297322 0.00361775 0.11831081 0.78118711
1778701785.66811371 -2.14974936 0.99998627 -2.71622856 0.61625876 0.00144434 0.11895259 0.77850712
1778701785.67841291 -2.16390418 1.00872475 -2.70567656 0.61922593 0.00379169 0.11938693 0.77607451
1778701785.68869901 -2.15211190 1.01303608 -2.71929842 0.61918571 0.00175975 0.11964054 0.77607480
1778701785.69901204 -2.15293875 0.99715176 -2.73079479 0.61730123 0.00236419 0.11989046 0.77753449
1778701785.70931840 -2.14634335 0.99185572 -2.74231796 0.61603232 0.00134055 0.11970477 0.77857123
1778701785.71967888 -2.14054859 0.95923082 -2.76505382 0.61056018 0.00094116 0.11891760 0.78299041
1778701785.73003721 -2.14513567 1.00555787 -2.74919992 0.61892256 0.00106662 0.12050561 0.77615213
1778701785.74039006 -2.14435186 0.98996872 -2.76126837 0.61668014 0.00126342 0.12019905 0.77798213
1778701785.75067997 -2.12845452 0.97530172 -2.78312509 0.61324790 -0.00114986 0.11996536 0.78072658
1778701785.76097083 -2.14315657 0.95177882 -2.78577997 0.61117353 0.00185208 0.11959946 0.78240620
1778701785.77133536 -2.12706996 0.96262171 -2.79989038 0.61168720 -0.00108659 0.11968464 0.78199308
1778701785.78167057 -2.14491935 0.95832039 -2.79278532 0.61277925 0.00202386 0.11950942 0.78116259
1778701785.79195881 -2.14337441 0.95924944 -2.79785738 0.61273885 0.00166029 0.11911103 0.78125598
1778701785.80231714 -2.14994618 0.95403710 -2.80024805 0.61264020 0.00284447 0.11884646 0.78137022
1778701785.81260681 -2.14220065 0.90597745 -2.82904534 0.60450485 0.00227885 0.11748488 0.78788704
1778701785.82292199 -2.15715855 0.95200604 -2.80559327 0.61291176 0.00398133 0.11809724 0.78126587
1778701785.83329892 -2.15544193 0.98596425 -2.80070410 0.61782191 0.00297456 0.11814552 0.77738592
1778701785.84360433 -2.14580549 0.97052186 -2.82039574 0.61446243 0.00153622 0.11728894 0.78017746
1778701785.85399222 -2.16260696 0.94647969 -2.82216489 0.61213152 0.00472840 0.11644055 0.78212163
1778701785.86439681 -2.16988977 0.95432441 -2.81828482 0.61370717 0.00570329 0.11597605 0.78094849
1778701785.87468576 -2.18054468 0.97627385 -2.80834907 0.61743240 0.00686700 0.11521449 0.77811034
1778701785.88497210 -2.17597618 0.98888950 -2.81376453 0.61857057 0.00566438 0.11453485 0.77731598
1778701785.89527583 -2.16404255 0.97500295 -2.83283907 0.61500935 0.00364250 0.11333717 0.78032359
1778701785.90557599 -2.19441528 0.94587430 -2.82576035 0.61313792 0.00927793 0.11259785 0.78185518
1778701785.91588664 -2.21486396 0.96943378 -2.80759117 0.61748702 0.01187711 0.11112412 0.77860140
1778701785.92629075 -2.22738806 1.00379247 -2.79104674 0.62258882 0.01284505 0.10947005 0.77474801
1778701785.93656778 -2.22429902 1.01254542 -2.79191367 0.62351007 0.01210271 0.10934262 0.77403676
1778701785.94691205 -2.23547612 1.02590953 -2.78724454 0.62522826 0.01313611 0.10711621 0.77294449
1778701785.95726657 -2.23066222 1.03353487 -2.79415492 0.62510019 0.01173443 0.10548456 0.77329494
1778701785.96762872 -2.29175555 1.01133480 -2.75759138 0.62474021 0.02138049 0.10115477 0.77395753
1778701785.96781993 -2.29509652 1.01275569 -2.75567779 0.62496148 0.02179637 0.10064024 0.77383436
1778701785.97798896 -2.30265693 1.01699414 -2.75215873 0.62559179 0.02272021 0.09945663 0.77345141
1778701785.98831177 -2.30391577 1.01966373 -2.75585882 0.62544230 0.02248945 0.09809264 0.77375318
1778701785.99871731 -2.33889872 1.01244993 -2.73415305 0.62615087 0.02798640 0.09563125 0.77330881
1778701786.00905037 -2.33936408 1.02304476 -2.73394094 0.62696631 0.02747275 0.09418198 0.77284426
1778701786.01940393 -2.33558521 1.03997073 -2.73608908 0.62848922 0.02613737 0.09294671 0.77180247
1778701786.02969623 -2.33936234 1.06210032 -2.72974328 0.63097908 0.02582302 0.09100219 0.77001115
1778701786.04005313 -2.42597447 0.95269361 -2.70084224 0.61962954 0.04151761 0.08541670 0.77912740
1778701786.04024124 -2.43904714 0.89081857 -2.71305778 0.61110526 0.04461837 0.08411435 0.78580171
1778701786.05040693 -2.41111332 0.91135026 -2.73565237 0.61093195 0.03879975 0.08273971 0.78639104
1778701786.06073833 -2.42819111 1.02782474 -2.68140255 0.62949844 0.03977512 0.08303426 0.77152768
1778701786.07102942 -2.44903280 1.06154112 -2.65501624 0.63502883 0.04220612 0.08084130 0.76708651
1778701786.08134723 -2.45879273 0.92105469 -2.70585684 0.61314201 0.04520918 0.07655235 0.78495397
1778701786.09167886 -2.52084420 0.84805052 -2.68057776 0.60504439 0.05620973 0.07165361 0.79096619
1778701786.10201144 -2.48608386 0.96823934 -2.67546899 0.61915501 0.04757345 0.07081903 0.78062059
1778701786.11236334 -2.46317066 1.06150098 -2.66382403 0.63141025 0.04224065 0.07191856 0.77095042
1778701786.12270641 -2.54897834 0.92364888 -2.64421624 0.61516300 0.05803676 0.06554319 0.78352429
1778701786.13302183 -2.53968687 0.96467293 -2.64384439 0.61981476 0.05527508 0.06446900 0.78013978
1778701786.14335918 -2.55887550 1.03098534 -2.60507530 0.62998679 0.05709267 0.06239442 0.77198705
1778701786.15369201 -2.56870361 1.07037743 -2.58321947 0.63559880 0.05769797 0.06055572 0.76747515
1778701786.15391994 -2.56832983 1.08307634 -2.57974839 0.63716956 0.05729461 0.06009305 0.76623828
1778701786.16403913 -2.55645299 1.11673762 -2.58186677 0.64014897 0.05416638 0.05853813 0.76409986
1778701786.17435169 -2.55562876 1.14814177 -2.57539875 0.64289164 0.05267822 0.05544565 0.76212933
1778701786.18463850 -2.57919513 1.15654167 -2.55497703 0.64386870 0.05566492 0.05134258 0.76137931
1778701786.19492412 -2.60284864 1.15090367 -2.53839933 0.64350071 0.05920897 0.04842136 0.76161441
1778701786.20528769 -2.64147553 1.12482518 -2.51742354 0.64051865 0.06534281 0.04392405 0.76389584
1778701786.21564150 -2.65026493 1.12046100 -2.51405047 0.63982147 0.06659416 0.04252005 0.76445128
1778701786.22597408 -2.69065548 1.09973864 -2.48931379 0.63750044 0.07289232 0.03759866 0.76607196
1778701786.23630738 -2.71892396 1.09518749 -2.46747716 0.63721084 0.07713071 0.03389620 0.76607065
1778701786.24663496 -2.73968202 1.10459780 -2.44714892 0.63828740 0.07981553 0.03017594 0.76505431
1778701786.25689912 -2.76162097 1.11572691 -2.42430584 0.63953990 0.08263666 0.02613281 0.76385665
1778701786.26722765 -2.78007306 1.12015720 -2.40651958 0.63997163 0.08514391 0.02294185 0.76332201
1778701786.27752876 -2.79784527 1.12715779 -2.38989237 0.64033499 0.08732494 0.01916638 0.76287489
1778701786.28784537 -2.81272604 1.13956666 -2.37376261 0.64157735 0.08904753 0.01595570 0.76170497
1778701786.29813957 -2.82603314 1.14729479 -2.35956058 0.64213027 0.09064789 0.01297453 0.76110665
1778701786.29832768 -2.82966184 1.15109332 -2.35518439 0.64237778 0.09100465 0.01192562 0.76087235
1778701786.30852342 -2.84025282 1.16200395 -2.34244663 0.64348911 0.09219480 0.00947301 0.75982376
1778701786.31887674 -2.85731207 1.18581171 -2.31642351 0.64636800 0.09422399 0.00577242 0.75716374
1778701786.32917714 -2.86675500 1.20793806 -2.29992260 0.64859704 0.09490118 0.00247315 0.75518840
1778701786.33955359 -2.87087920 1.22769226 -2.28955318 0.65052756 0.09486078 0.00011529 0.75353521
1778701786.34988713 -2.87716240 1.25045540 -2.27637278 0.65259112 0.09500244 -0.00305037 0.75172472
1778701786.36018085 -2.89147149 1.26353673 -2.25811099 0.65389306 0.09677253 -0.00630762 0.75034603
1778701786.37054467 -2.91164423 1.26856635 -2.23661061 0.65423649 0.09968512 -0.00996828 0.74962532
1778701786.38087249 -2.92100475 1.26791274 -2.23051071 0.65363588 0.10086536 -0.01208540 0.74996017
1778701786.39118838 -2.94061008 1.26422438 -2.21448459 0.65264207 0.10376701 -0.01556673 0.75036552
1778701786.40148330 -2.96307271 1.25420324 -2.19767551 0.65093873 0.10728681 -0.01906050 0.75126893
1778701786.41182923 -2.98372013 1.24455289 -2.18090701 0.64967393 0.11070868 -0.02171778 0.75179499
1778701786.42212796 -3.00287253 1.23520361 -2.16739868 0.64790588 0.11368378 -0.02489484 0.75277767
1778701786.43238091 -3.02238254 1.22810638 -2.15196701 0.64642468 0.11673261 -0.02813251 0.75347010
1778701786.44266987 -3.04305270 1.22055194 -2.13256246 0.64563787 0.12032024 -0.03056711 0.75348552
1778701786.44284868 -3.04636359 1.22032356 -2.12983172 0.64552784 0.12082521 -0.03113131 0.75347589
1778701786.45295811 -3.06335750 1.21559027 -2.11387046 0.64459993 0.12361551 -0.03377807 0.75370364
1778701786.46325898 -3.08409291 1.21556242 -2.09137702 0.64427346 0.12704072 -0.03709717 0.75325704
1778701786.47364974 -3.10373319 1.21066907 -2.07314697 0.64315852 0.13027788 -0.04023622 0.75349575
1778701786.48401141 -3.12012609 1.20435187 -2.05857782 0.64196446 0.13304730 -0.04267469 0.75389582
1778701786.49440861 -3.14608717 1.19149597 -2.03467567 0.64024835 0.13772521 -0.04579801 0.75433173
1778701786.50474429 -3.24082268 1.05890916 -1.96867447 0.62635773 0.15746863 -0.04961444 0.76185171
1778701786.51505995 -3.20784435 1.08716092 -2.01677404 0.62397980 0.14871819 -0.05296676 0.76532779
1778701786.52540803 -3.22438952 1.09175378 -1.99387492 0.62436221 0.15165638 -0.05564502 0.76424852
1778701786.53572416 -3.27032879 1.08041403 -1.93113766 0.62572302 0.16140556 -0.05840259 0.76092581
1778701786.54601598 -3.28508575 1.08452637 -1.91241856 0.62503116 0.16373351 -0.06199139 0.76071312
1778701786.55635786 -3.32356866 1.03299351 -1.88138311 0.61927062 0.17186861 -0.06414014 0.76344687
1778701786.56670141 -3.29799908 1.07427536 -1.91220654 0.61952813 0.16464305 -0.06791629 0.76450307
1778701786.57698512 -3.35078831 1.01760615 -1.85862691 0.61420862 0.17609423 -0.07067652 0.76599179
1778701786.58735037 -3.38072951 1.01766144 -1.81112697 0.61445332 0.18229383 -0.07483861 0.76394715
1778701786.59771109 -3.33655773 1.10801962 -1.84464504 0.62306820 0.17157387 -0.07603344 0.75932032
1778701786.60802007 -3.37497333 1.06176637 -1.80991895 0.61591078 0.17924633 -0.08081972 0.76288455
1778701786.61831570 -3.41193503 0.99342709 -1.78746772 0.60731395 0.18715689 -0.08267152 0.76766365
1778701786.62856841 -3.42860579 0.98760954 -1.76341437 0.60653700 0.19068695 -0.08497725 0.76715723
1778701786.63887978 -3.44613858 0.98069439 -1.73996790 0.60465585 0.19412136 -0.08837843 0.76739654
1778701786.64919519 -3.46067280 0.97535358 -1.72070666 0.60321104 0.19698137 -0.09117990 0.76747704
1778701786.65947223 -3.48724857 0.94975689 -1.68805726 0.59975897 0.20288657 -0.09414811 0.76828533
1778701786.66976213 -3.48490268 0.99358606 -1.67212893 0.60442800 0.20195536 -0.09713169 0.76449085
1778701786.68007708 -3.51215329 0.96288007 -1.63997100 0.59989352 0.20804454 -0.10038210 0.76600827
1778701786.69035935 -3.52776707 1.00704982 -1.58481932 0.60197241 0.21114353 -0.10904113 0.76233697
1778701786.70073843 -3.53628304 1.00894166 -1.57009523 0.60238249 0.21309206 -0.11033153 0.76128448
1778701786.71103287 -3.55453389 1.00986741 -1.53503096 0.60241304 0.21749427 -0.11338073 0.75956539
1778701786.72139740 -3.57129533 1.01253469 -1.50131183 0.60172180 0.22142787 -0.11727103 0.75838518
1778701786.73175025 -3.58285833 1.01338717 -1.47853901 0.60113138 0.22418198 -0.11989676 0.75763334
1778701786.73193431 -3.58783359 1.01356356 -1.46780573 0.60097706 0.22544703 -0.12091910 0.75721779
1778701786.74211693 -3.59172444 1.02442449 -1.45635615 0.60295714 0.22651494 -0.12157218 0.75521777
1778701786.75242782 -3.61205917 1.01555901 -1.41923261 0.59919325 0.23123794 -0.12703392 0.75588282
1778701786.76276422 -3.62800214 1.02139257 -1.38030082 0.59854096 0.23538001 -0.13144906 0.75436471
1778701786.77308035 -3.63775117 1.02467978 -1.35696278 0.59772950 0.23786895 -0.13451968 0.75368579
1778701786.77326465 -3.64039400 1.02155469 -1.35417075 0.59711253 0.23847209 -0.13498519 0.75390098
1778701786.78340125 -3.65237664 1.02390349 -1.32453065 0.59674741 0.24179426 -0.13787776 0.75260733
1778701786.79368711 -3.65982784 1.03197080 -1.30365005 0.59753676 0.24394427 -0.13996799 0.75089944
1778701786.80397272 -3.67423962 1.02767179 -1.27051610 0.59461627 0.24776981 -0.14461859 0.75108394
1778701786.80415416 -3.67673892 1.02950212 -1.26309861 0.59452253 0.24850615 -0.14552379 0.75073995
1778701786.81427336 -3.68058438 1.03259530 -1.25411839 0.59594389 0.24979432 -0.14546500 0.74919531
1778701786.82457018 -3.69057414 1.03454476 -1.22780070 0.59499005 0.25273863 -0.14874974 0.74832048
1778701786.83487511 -3.70228010 1.03916766 -1.19288081 0.59488262 0.25650459 -0.15210568 0.74644753
1778701786.84523106 -3.71059136 1.04435675 -1.16451526 0.59451751 0.25932502 -0.15526193 0.74511287
1778701786.85557318 -3.72233498 1.03350624 -1.14121046 0.59170223 0.26270550 -0.15821817 0.74554765
1778701786.86586261 -3.73808674 1.02051461 -1.10475516 0.58765462 0.26745119 -0.16279903 0.74607531
1778701786.87617636 -3.74303730 1.02766935 -1.08478311 0.58911151 0.26959080 -0.16407821 0.74387282
1778701786.88654208 -3.74946716 1.02505085 -1.06731444 0.58746662 0.27168990 -0.16658241 0.74385339
1778701786.89686847 -3.75766235 1.01565105 -1.05127836 0.58610658 0.27435666 -0.16796348 0.74363686
1778701786.90717053 -3.76618506 1.01729455 -1.02055263 0.58427002 0.27752762 -0.17207315 0.74296554
1778701786.91749096 -3.77773417 1.01252937 -0.98295012 0.58142285 0.28168505 -0.17642005 0.74261495
1778701786.92781019 -3.78141830 1.01608204 -0.96715267 0.58250253 0.28359509 -0.17732302 0.74082466
1778701786.93815613 -3.78828169 1.01926988 -0.93760836 0.58105354 0.28656466 -0.18113054 0.73989811
1778701786.94853425 -3.79840331 1.01271908 -0.90461525 0.57760638 0.29039851 -0.18555409 0.74000625
1778701786.95892024 -3.79911573 1.01172377 -0.90399694 0.57802678 0.29090275 -0.18543890 0.73950865
1778701786.96931481 -3.80607027 1.00988665 -0.87735490 0.57654272 0.29398187 -0.18840082 0.73870040
1778701786.97966790 -3.81085945 1.01393138 -0.85107957 0.57452536 0.29644248 -0.19252972 0.73822407
1778701786.99000549 -3.81656844 1.01373677 -0.82437358 0.57306814 0.29936639 -0.19565332 0.73735503
1778701787.00039530 -3.81780721 1.02417160 -0.80378508 0.57285225 0.30086070 -0.19872003 0.73609340
1778701787.01078582 -3.81970238 1.02930854 -0.78700487 0.57240963 0.30249257 -0.20116175 0.73510503
1778701787.02109885 -3.82385184 1.02742548 -0.76738376 0.57095835 0.30483269 -0.20365318 0.73458082
1778701787.03140211 -3.82474454 1.03016591 -0.75832724 0.56990101 0.30569141 -0.20573679 0.73446441
1778701787.03166914 -3.82486548 1.03299133 -0.75228594 0.56972255 0.30614326 -0.20670427 0.73414294
1778701787.04177618 -3.82563728 1.03902596 -0.73730703 0.57009512 0.30754699 -0.20839871 0.73278672
1778701787.05205536 -3.82732225 1.04212754 -0.72074396 0.57041026 0.30943433 -0.20996123 0.73129940
1778701787.06240916 -3.82905624 1.04503265 -0.70474855 0.56900306 0.31106385 -0.21283106 0.73087464
1778701787.07278061 -3.83093786 1.04440608 -0.69306059 0.56835686 0.31253982 -0.21427350 0.73032610
1778701787.08310175 -3.83208072 1.04454077 -0.68256964 0.56790619 0.31396415 -0.21572981 0.72963671
1778701787.09352183 -3.83304579 1.04765768 -0.66795944 0.56699080 0.31550056 -0.21813164 0.72897148
1778701787.10390067 -3.84024318 1.03102365 -0.64914819 0.56224200 0.31855355 -0.22121416 0.73039158
1778701787.11424398 -3.83422079 1.05171474 -0.64696728 0.56403482 0.31768684 -0.22298434 0.72884688
1778701787.12459254 -3.83210581 1.06159924 -0.63768821 0.56446494 0.31833718 -0.22488460 0.72764531
1778701787.13497472 -3.83972036 1.03666320 -0.63077718 0.56043842 0.32095879 -0.22569321 0.72935369
1778701787.14527988 -3.84060503 1.03910576 -0.61638069 0.55853824 0.32231312 -0.22857076 0.72931796
1778701787.15552950 -3.83212014 1.06632106 -0.61495451 0.56288888 0.32135338 -0.22917543 0.72620020
1778701787.16583419 -3.85082744 1.04370881 -0.51920922 0.54775991 0.33121580 -0.24312338 0.72879778
1778701787.17616081 -3.84666061 1.08881254 -0.42604504 0.54232765 0.33687523 -0.25755640 0.72530028
1778701787.18650317 -3.85060131 1.04887938 -0.49906598 0.54599267 0.33355373 -0.24673853 0.72784202
1778701787.19687700 -3.85718683 1.02959951 -0.48179409 0.54226710 0.33680258 -0.24818800 0.72863786
1778701787.20721960 -3.84824563 1.03915706 -0.53086189 0.55428875 0.33331398 -0.23838287 0.72445799
1778701787.21751118 -3.85835434 1.00922565 -0.51888521 0.55088816 0.33676373 -0.23796151 0.72559406
1778701787.22781992 -3.84853468 1.03240013 -0.53632193 0.55083509 0.33388528 -0.24033586 0.72618179
1778701787.23816872 -3.84570730 1.04762131 -0.51949177 0.54959034 0.33479781 -0.24444742 0.72533188
1778701787.24854398 -3.85406874 1.01826707 -0.51655584 0.54293186 0.33709553 -0.24602063 0.72874237
1778701787.25883675 -3.86525877 1.00100985 -0.45674304 0.53749093 0.34402480 -0.25093524 0.72786122
1778701787.26921153 -3.85458478 1.03236624 -0.47551995 0.54401268 0.34128178 -0.24961221 0.72475561
1778701787.27948403 -3.85759717 1.03530772 -0.42416500 0.52616908 0.34452625 -0.26556670 0.73069972
1778701787.28978705 -3.84472656 1.05174694 -0.50361328 0.54470608 0.33830275 -0.25062207 0.72528278
1778701787.28995419 -3.84505491 1.04931453 -0.50571116 0.54419120 0.33836840 -0.25064693 0.72562999
1778701787.30003762 -3.84444643 1.05160230 -0.50540454 0.54365946 0.33865588 -0.25154623 0.72558327
1778701787.31033754 -3.86021197 1.02066642 -0.44700321 0.53666483 0.34629762 -0.25578900 0.72570021
1778701787.32060456 -3.84930054 1.05324280 -0.46040109 0.54070526 0.34387683 -0.25670919 0.72352398
1778701787.33088851 -3.84061855 1.07565272 -0.47667734 0.54214656 0.34120137 -0.25801121 0.72324888
1778701787.34117174 -3.83556511 1.09110129 -0.47736215 0.54164909 0.34047126 -0.26064479 0.72302136
1778701787.35145593 -3.83162369 1.09827262 -0.49164464 0.54022201 0.33887496 -0.26227549 0.72424824
1778701787.36178780 -3.82847360 1.11209276 -0.47952136 0.53892487 0.33926196 -0.26591100 0.72370757
1778701787.37207699 -3.82816714 1.11545201 -0.46971914 0.53986823 0.34065098 -0.26647401 0.72214320
1778701787.38232183 -3.82914642 1.10491208 -0.48715024 0.53791044 0.33999053 -0.26607577 0.72405972
1778701787.39266753 -3.82851078 1.11716763 -0.45290845 0.53878165 0.34295404 -0.26888703 0.72096922
1778701787.39295697 -3.82539952 1.12084692 -0.47143053 0.53599851 0.34057687 -0.27074287 0.72347170
1778701787.40312386 -3.82273424 1.11911521 -0.49584520 0.53648320 0.33874695 -0.26932979 0.72449827
1778701787.41341996 -3.82254773 1.11695727 -0.50088093 0.53619107 0.33890021 -0.26941639 0.72461065
1778701787.42372274 -3.81489926 1.14959463 -0.47475511 0.53564596 0.33947551 -0.27565121 0.72239614
1778701787.43405485 -3.82096997 1.12744535 -0.47991096 0.53640229 0.34117459 -0.27225900 0.72232092
1778701787.44442511 -3.82247279 1.11985794 -0.48508180 0.53484205 0.34159589 -0.27256035 0.72316463
1778701787.45477915 -3.82417662 1.11639320 -0.47827086 0.53394027 0.34300833 -0.27342797 0.72283485
1778701787.46513534 -3.82153517 1.13290394 -0.45185413 0.53404358 0.34499552 -0.27702131 0.72044066
1778701787.47543526 -3.82208821 1.13456315 -0.43982433 0.53378969 0.34648161 -0.27822122 0.71945258
1778701787.48578715 -3.82566711 1.12604951 -0.42896913 0.53368272 0.34880320 -0.27801303 0.71848997
1778701787.49608278 -3.82303567 1.14295369 -0.40232312 0.53542132 0.35098058 -0.28040902 0.71519747
1778701787.50632954 -3.82728609 1.12811824 -0.40827321 0.53351049 0.35172105 -0.27987279 0.71647057
1778701787.51662111 -3.82382759 1.14696420 -0.38327870 0.53371259 0.35336287 -0.28358686 0.71404765
1778701787.52691984 -3.82580713 1.14313494 -0.37881916 0.53334082 0.35462629 -0.28388745 0.71357949
1778701787.53721499 -3.82278954 1.15996279 -0.35464497 0.53333389 0.35628709 -0.28745728 0.71132467
1778701787.54758668 -3.82278301 1.16447137 -0.34045440 0.53450119 0.35789569 -0.28802145 0.70941018
1778701787.55802441 -3.82069821 1.17410125 -0.33504042 0.53309946 0.35806040 -0.29084061 0.70923159
1778701787.56846714 -3.82143621 1.17539184 -0.32618290 0.53302759 0.35936969 -0.29176433 0.70824331
1778701787.57878780 -3.81762335 1.19127089 -0.30959841 0.53307168 0.36019041 -0.29475961 0.70655093
1778701787.57898974 -3.81781526 1.19169242 -0.30587660 0.53263618 0.36059277 -0.29537835 0.70641573
1778701787.58909941 -3.81732576 1.19505219 -0.30027762 0.53258450 0.36127182 -0.29635013 0.70570038
1778701787.59938741 -3.81703851 1.19823615 -0.29443426 0.53198806 0.36203111 -0.29779205 0.70515393
1778701787.60968542 -3.81822817 1.19614785 -0.29343370 0.53166809 0.36276347 -0.29814775 0.70486852
1778701787.62001324 -3.81344780 1.21452442 -0.27340405 0.53151305 0.36367691 -0.30175012 0.70297927
1778701787.63033009 -3.81260878 1.21985470 -0.26043148 0.53085827 0.36495434 -0.30383279 0.70191414
1778701787.64064169 -3.80393468 1.24860481 -0.26668876 0.53096774 0.36263670 -0.30756833 0.70140545
1778701787.65096116 -3.80480148 1.24769084 -0.25792172 0.52976019 0.36378303 -0.30897388 0.70110712
1778701787.66127515 -3.80242253 1.25770158 -0.24363159 0.52916318 0.36482903 -0.31165755 0.69982546
1778701787.67158604 -3.80234236 1.26145060 -0.22432078 0.53098858 0.36712329 -0.31201699 0.69707749
1778701787.68194509 -3.80060610 1.26925385 -0.21192410 0.52953995 0.36803837 -0.31492733 0.69638780
1778701787.69224977 -3.80122195 1.26899029 -0.20703040 0.52861957 0.36877646 -0.31603376 0.69619533
1778701787.70252180 -3.79921463 1.27789800 -0.17064418 0.52954708 0.37224052 -0.31846771 0.69252812
1778701787.71283507 -3.79873139 1.28133669 -0.14799602 0.52914123 0.37461500 -0.32056636 0.69058697
1778701787.72312164 -3.79800594 1.28498001 -0.14025347 0.52795733 0.37530305 -0.32248008 0.69022842
1778701787.73338366 -3.80017495 1.28048844 -0.12957790 0.52607968 0.37692627 -0.32406580 0.69003486
1778701787.74370575 -3.79478185 1.30549705 -0.07156994 0.52205462 0.38043196 -0.33280261 0.68700285
1778701787.75404215 -3.79080108 1.31810351 -0.05748606 0.52202335 0.38131869 -0.33546569 0.68523752
1778701787.76432419 -3.79101534 1.31864605 -0.04504653 0.52130585 0.38272109 -0.33688875 0.68430311
1778701787.77463031 -3.78839725 1.32680436 -0.03184557 0.52077317 0.38377870 -0.33928553 0.68293085
1778701787.78496552 -3.79118595 1.32114400 -0.01227743 0.51961975 0.38637357 -0.34057013 0.68170578
1778701787.79525566 -3.77644541 1.35809509 0.03586061 0.51658852 0.38825556 -0.34947582 0.67842507
1778701787.80561757 -3.77050507 1.37003194 0.09276638 0.51616178 0.39312639 -0.35384978 0.67366089
1778701787.81596160 -3.77287985 1.36548805 0.09068592 0.51672070 0.39377075 -0.35332363 0.67313202
1778701787.82642531 -3.77220782 1.36631724 0.11452943 0.51571712 0.39629768 -0.35547562 0.67128317
1778701787.83678699 -3.76611771 1.38665293 0.10262058 0.51405683 0.39385434 -0.35907580 0.67207805
1778701787.84714317 -3.75820163 1.40420307 0.13915592 0.51272719 0.39632730 -0.36399685 0.66898564
1778701787.85765123 -3.75809002 1.40424247 0.15874713 0.51209781 0.39852276 -0.36561116 0.66728100
1778701787.86794615 -3.75195598 1.41585471 0.19135179 0.51046322 0.40102606 -0.36979689 0.66472224
1778701787.87837434 -3.74682097 1.42648442 0.20938843 0.51003461 0.40222213 -0.37244290 0.66284866
1778701787.88864541 -3.74763409 1.42308817 0.22561766 0.50824860 0.40425363 -0.37421801 0.66198433
1778701787.89898014 -3.74581380 1.42477962 0.25478485 0.50613833 0.40707405 -0.37727612 0.66013441
1778701787.90933561 -3.74033878 1.43384411 0.28262673 0.50460561 0.40935488 -0.38080628 0.65786650
1778701787.91963363 -3.74059034 1.43312753 0.29323219 0.50342485 0.41065228 -0.38212352 0.65719840
1778701787.92990088 -3.72971527 1.45278555 0.33641162 0.50123174 0.41352206 -0.38786206 0.65370426
1778701787.94019032 -3.72963467 1.45267405 0.34809577 0.50001486 0.41498392 -0.38939540 0.65279760
1778701787.95049620 -3.73058107 1.44448718 0.37548328 0.49796872 0.41827766 -0.39090406 0.65135626
1778701787.96076798 -3.71954262 1.46743571 0.39896219 0.49467767 0.41905957 -0.39692042 0.64972091
1778701787.97106409 -3.71278712 1.47767571 0.42924737 0.49186137 0.42138593 -0.40128994 0.64766710
1778701787.98134851 -3.71579864 1.46827629 0.44556963 0.49122406 0.42387904 -0.40132326 0.64650223
1778701787.99167180 -3.70000201 1.49887805 0.47400596 0.48786386 0.42462795 -0.40841018 0.64411263
1778701788.00195026 -3.70142248 1.48790139 0.50462104 0.48574524 0.42861096 -0.40960851 0.64231229
1778701788.01228404 -3.69683626 1.49790144 0.52337898 0.48391979 0.43000242 -0.41279651 0.64071725
1778701788.02262115 -3.69466218 1.50030200 0.53709563 0.48305902 0.43143619 -0.41429268 0.63943598
1778701788.03297400 -3.68602563 1.50411194 0.58943334 0.47914782 0.43617694 -0.41905900 0.63604764
1778701788.04332089 -3.68851877 1.49824353 0.59814559 0.47777937 0.43783621 -0.41971070 0.63550708
1778701788.05362535 -3.68114799 1.51260627 0.61200949 0.47601390 0.43838476 -0.42312815 0.63418620
1778701788.05380869 -3.67804837 1.51578153 0.62215544 0.47579213 0.43923301 -0.42401953 0.63316952
1778701788.06396675 -3.67131736 1.52934693 0.63300337 0.47457808 0.43961856 -0.42691681 0.63186486
1778701788.07431436 -3.68356730 1.50107018 0.63991828 0.47317774 0.44261442 -0.42484130 0.63222241
1778701788.08459973 -3.66298745 1.53489923 0.67649600 0.47095890 0.44398729 -0.43162797 0.62830748
1778701788.09489989 -3.66264704 1.53437119 0.68376255 0.46946755 0.44498119 -0.43287371 0.62786330
1778701788.10524154 -3.66408698 1.52268479 0.70579354 0.46888700 0.44826784 -0.43280856 0.62600134
1778701788.11553097 -3.64843191 1.54503229 0.73739440 0.46640928 0.44989667 -0.43821062 0.62291799
1778701788.12584019 -3.68341962 1.48571785 0.69992509 0.46914211 0.45110850 -0.42868198 0.62660878
1778701788.12601948 -3.68333913 1.48658892 0.69952456 0.46869901 0.45110024 -0.42911364 0.62665086
1778701788.13614416 -3.63589822 1.55397984 0.78266037 0.46350332 0.45398447 -0.44288683 0.61880048
1778701788.14641833 -3.62942844 1.55939754 0.80384463 0.46242412 0.45589718 -0.44511571 0.61659849
1778701788.15674639 -3.62033435 1.57072096 0.82408507 0.46082722 0.45726679 -0.44833205 0.61444587
1778701788.16703463 -3.61583936 1.57506265 0.83759183 0.45971745 0.45842793 -0.45012519 0.61309951
1778701788.17753863 -3.58923602 1.60733248 0.88667429 0.45810442 0.46093988 -0.45663273 0.60758647
1778701788.18783498 -3.58477117 1.61720326 0.89105852 0.45727907 0.46102252 -0.45865831 0.60661902
1778701788.19816041 -3.57535521 1.63262351 0.90183336 0.45561464 0.46113931 -0.46198227 0.60525881
1778701788.20856524 -3.57021592 1.63562537 0.91674145 0.45406182 0.46259284 -0.46392465 0.60382915
1778701788.21891451 -3.57118701 1.62865868 0.92509582 0.45214898 0.46411662 -0.46477917 0.60343798
1778701788.22927856 -3.55625858 1.64523071 0.95200248 0.44966160 0.46565555 -0.46913256 0.60073622
1778701788.23962736 -3.55191878 1.64179043 0.97364223 0.44831887 0.46808119 -0.47011740 0.59908248
1778701788.24992990 -3.54362329 1.64929990 0.99009418 0.44682557 0.46938790 -0.47255123 0.59725810
1778701788.26024008 -3.53054909 1.66266436 1.01242089 0.44481196 0.47080153 -0.47609488 0.59482931
1778701788.27049088 -3.52434616 1.65933966 1.03686742 0.44252733 0.47354535 -0.47776767 0.59301131
1778701788.28078794 -3.51587919 1.67061680 1.04665926 0.44167305 0.47395271 -0.47997403 0.59153925
1778701788.29106951 -3.51182546 1.66870134 1.06077985 0.43996937 0.47573011 -0.48119175 0.59039166
1778701788.30131173 -3.50323051 1.67091887 1.08198552 0.43803959 0.47782430 -0.48327938 0.58842697
1778701788.31163692 -3.49750029 1.67253098 1.09399719 0.43714289 0.47910413 -0.48443131 0.58710445
1778701788.32195830 -3.49615583 1.66128736 1.11064762 0.43451319 0.48164917 -0.48517980 0.58635563
1778701788.33227372 -3.48811045 1.66385378 1.12789497 0.43287642 0.48337081 -0.48705503 0.58459222
1778701788.34258723 -3.47925606 1.66996225 1.14223111 0.43229983 0.48457436 -0.48854097 0.58277978
1778701788.35288525 -3.47989746 1.66003717 1.15001122 0.43096625 0.48633860 -0.48849952 0.58233245
1778701788.36329627 -3.47199258 1.66163044 1.16635242 0.42942109 0.48804870 -0.49017081 0.58063634
1778701788.37363315 -3.45998032 1.67499505 1.17875290 0.42893774 0.48868921 -0.49241542 0.57855192
1778701788.38395357 -3.45617821 1.67250315 1.18876301 0.42777922 0.49001610 -0.49312178 0.57768510
1778701788.39424777 -3.45062541 1.67125148 1.20068824 0.42626245 0.49152569 -0.49429961 0.57651601
1778701788.40450287 -3.44385312 1.67335007 1.21121297 0.42533585 0.49270096 -0.49554724 0.57512443
1778701788.41478992 -3.44292646 1.67222692 1.21028527 0.42484670 0.49303008 -0.49578680 0.57499745
1778701788.41496658 -3.43962936 1.67409670 1.21576969 0.42434303 0.49345748 -0.49646114 0.57442061
1778701788.42507625 -3.43715209 1.67114082 1.22169709 0.42319787 0.49445346 -0.49702296 0.57392291
1778701788.43537879 -3.43686035 1.65908381 1.23141532 0.42102438 0.49640487 -0.49729592 0.57360042
1778701788.44575644 -3.42482874 1.66323092 1.25173295 0.41799253 0.49816083 -0.50007747 0.57187460
1778701788.45609236 -3.41646305 1.68118866 1.24748197 0.41812183 0.49689423 -0.50212957 0.57108331
1778701788.46628118 -3.41581602 1.67821647 1.24479332 0.41743945 0.49735347 -0.50222261 0.57110094
1778701788.47656894 -3.41194348 1.68080462 1.24472535 0.41698839 0.49754213 -0.50306406 0.57052524
1778701788.48683786 -3.41930709 1.65664812 1.24800457 0.41646729 0.49979715 -0.50078114 0.57094312
1778701788.49712348 -3.41190816 1.65401926 1.26346418 0.41417615 0.50161193 -0.50226436 0.56971405
1778701788.50738406 -3.38780535 1.69449033 1.26963837 0.41200731 0.49970942 -0.50852806 0.56739730
1778701788.51768613 -3.38818425 1.69164985 1.26648470 0.41231961 0.50000889 -0.50807960 0.56730836
1778701788.51786852 -3.38467737 1.69138721 1.27414365 0.41170749 0.50075421 -0.50861255 0.56661754
1778701788.52794838 -3.38149214 1.69895732 1.26659232 0.41192203 0.49991991 -0.50945237 0.56644383
1778701788.53825665 -3.37578842 1.70516310 1.26495822 0.41103882 0.49970558 -0.51090467 0.56596628
1778701788.54859567 -3.37568197 1.70122544 1.26134553 0.41043937 0.50000838 -0.51090091 0.56613726
1778701788.55891681 -3.36959647 1.69996451 1.27156884 0.40778146 0.50114152 -0.51251075 0.56560073
1778701788.56921601 -3.36347110 1.70395420 1.27216182 0.40674306 0.50125914 -0.51389297 0.56498971
1778701788.57954597 -3.36269754 1.70526243 1.26268145 0.40637641 0.50071050 -0.51433013 0.56534213
1778701788.58981800 -3.36011889 1.70633635 1.26035822 0.40565007 0.50068813 -0.51499351 0.56527967
1778701788.59000874 -3.35649609 1.70840369 1.26459504 0.40472759 0.50095994 -0.51587283 0.56489817
1778701788.60012174 -3.35713728 1.70524366 1.25846627 0.40488091 0.50097110 -0.51551190 0.56510785
1778701788.61036992 -3.35600214 1.70196723 1.25450578 0.40381437 0.50119193 -0.51587643 0.56534248
1778701788.62067366 -3.35424404 1.70166015 1.24817148 0.40373154 0.50105707 -0.51608991 0.56532633
1778701788.63102794 -3.35041784 1.70006046 1.25197600 0.40211451 0.50169386 -0.51701370 0.56506994
1778701788.64136744 -3.35266766 1.69433409 1.24201904 0.40289507 0.50166300 -0.51601791 0.56545141
1778701788.65161419 -3.34244083 1.69928535 1.25353500 0.40027288 0.50250448 -0.51843901 0.56435084
1778701788.66191626 -3.34096201 1.71758440 1.22280631 0.40174350 0.49898350 -0.51957608 0.56538335
1778701788.67225266 -3.33827427 1.70756396 1.22943378 0.40066831 0.50070129 -0.51937861 0.56480880
1778701788.68254328 -3.33730098 1.70930352 1.21795200 0.40038235 0.49998827 -0.51977056 0.56528247
1778701788.69283700 -3.34120365 1.70705539 1.19964609 0.39761421 0.49870624 -0.52076896 0.56744578
1778701788.70315814 -3.34424888 1.69542999 1.19796684 0.39738583 0.49967727 -0.51965100 0.56777633
1778701788.71349597 -3.36808125 1.66062270 1.16838092 0.39839519 0.49983369 -0.51460038 0.57151903
1778701788.72377062 -3.33047706 1.70090447 1.19972446 0.39731683 0.50044421 -0.52096330 0.56594360
1778701788.73406005 -3.32871999 1.71088892 1.18296883 0.39719929 0.49859751 -0.52197928 0.56671940
1778701788.74434662 -3.34298760 1.69581680 1.15296946 0.39583590 0.49723622 -0.52050539 0.57021419
1778701788.75461292 -3.34112772 1.69138894 1.15089660 0.39649192 0.49793882 -0.51986299 0.56973113
1778701788.76487255 -3.33021671 1.70443562 1.15266157 0.39745853 0.49768609 -0.52118947 0.56806409
1778701788.77515078 -3.33876391 1.67302404 1.15814186 0.39655195 0.50088156 -0.51811623 0.56870008
1778701788.78535056 -3.37494476 1.63537704 1.10110233 0.39868245 0.49873995 -0.51141476 0.57512234
1778701788.79561400 -3.36791089 1.63377817 1.10966712 0.39860118 0.50024784 -0.51163090 0.57367501
1778701788.80587411 -3.34046245 1.68881798 1.09744794 0.39335076 0.49547912 -0.52087203 0.57312124
1778701788.81612659 -3.33095311 1.69474175 1.10288381 0.39509621 0.49632452 -0.52099978 0.57106934
1778701788.82632351 -3.32875467 1.70041769 1.08846894 0.39366944 0.49508735 -0.52224027 0.57199474
1778701788.83659673 -3.33063483 1.69604215 1.08050250 0.39449685 0.49519419 -0.52112792 0.57234660
1778701788.84691954 -3.33251842 1.69431243 1.06457771 0.39497589 0.49447310 -0.52050260 0.57320802
1778701788.85719991 -3.32805976 1.70456036 1.05033981 0.39560913 0.49308427 -0.52136098 0.57318762
1778701788.86745000 -3.32636372 1.70220493 1.04932368 0.39571133 0.49363253 -0.52111021 0.57287312
1778701788.87773657 -3.32410934 1.70474935 1.03934703 0.39550970 0.49308440 -0.52148292 0.57314519
1778701788.88798857 -3.31927665 1.70991395 1.03292449 0.39439362 0.49254560 -0.52279699 0.57318044
1778701788.89830089 -3.31826361 1.71211742 1.02366843 0.39319346 0.49175305 -0.52364548 0.57391049
1778701788.90860248 -3.31327700 1.71804895 1.01620108 0.39222739 0.49102393 -0.52499697 0.57396111
1778701788.91887045 -3.31056683 1.72370807 1.00246508 0.39121959 0.48970551 -0.52625103 0.57462649
1778701788.92910194 -3.30303620 1.73610000 0.99263273 0.38983390 0.48827583 -0.52853949 0.57468447
1778701788.93938279 -3.30772712 1.73112462 0.97575272 0.39026221 0.48739173 -0.52752417 0.57607548
1778701788.94966269 -3.30204095 1.73827164 0.96977080 0.38978247 0.48669130 -0.52880051 0.57582222
1778701788.95993209 -3.30371952 1.73197215 0.96148400 0.38731626 0.48651653 -0.52946423 0.57702288
1778701788.97021937 -3.29768474 1.74049136 0.95644490 0.38781306 0.48587193 -0.53034686 0.57642146
1778701788.98052502 -3.29399235 1.74497578 0.94778279 0.38753015 0.48517084 -0.53111019 0.57649944
1778701788.99088740 -3.29123425 1.75023156 0.93458255 0.38776553 0.48405542 -0.53168401 0.57674982
1778701789.00117230 -3.29055446 1.74566387 0.93421773 0.38765319 0.48469649 -0.53137106 0.57657533
1778701789.01143622 -3.28802201 1.75043276 0.92128293 0.38875813 0.48376190 -0.53140921 0.57658113
1778701789.02169251 -3.30248979 1.72725258 0.90268800 0.38831463 0.48400624 -0.52862071 0.57923212
1778701789.03197074 -3.30288215 1.73131987 0.88427703 0.39232378 0.48276347 -0.52689291 0.57914190
1778701789.03213239 -3.30176645 1.73335252 0.88130186 0.39277352 0.48250071 -0.52693034 0.57902197
1778701789.04223633 -3.28434936 1.74919894 0.89957695 0.39041092 0.48342548 -0.53065744 0.57643889
1778701789.05246949 -3.29748495 1.71277368 0.91100878 0.38565324 0.48702114 -0.52897958 0.57815447
1778701789.06273794 -3.30395403 1.71079844 0.88037894 0.38970266 0.48513101 -0.52625351 0.57951444
1778701789.07298613 -3.28870980 1.73708043 0.87342278 0.39181786 0.48329483 -0.52860438 0.57747925
1778701789.08324313 -3.30873769 1.70143709 0.85870664 0.39046046 0.48465605 -0.52467846 0.58082842
1778701789.09347820 -3.28420545 1.73057018 0.87514111 0.39007647 0.48484356 -0.52899890 0.57699847
1778701789.10382342 -3.28254853 1.72456462 0.88355889 0.38748320 0.48613786 -0.53006644 0.57667696
1778701789.10397339 -3.28193415 1.72236634 0.88709939 0.38702466 0.48671315 -0.53013582 0.57643580
1778701789.11406875 -3.28682934 1.70815812 0.88904638 0.38514590 0.48803559 -0.52947140 0.57718622
1778701789.12429380 -3.27439479 1.73488904 0.87097794 0.39000333 0.48550073 -0.53023564 0.57535781
1778701789.13459706 -3.30030058 1.68885549 0.85895429 0.38725434 0.48751762 -0.52580150 0.57956314
1778701789.13475084 -3.30029989 1.68885076 0.85624485 0.38793647 0.48747595 -0.52543464 0.57947470
1778701789.14484596 -3.26740173 1.72863510 0.88726267 0.38599895 0.48800983 -0.53225514 0.57406941
1778701789.15506744 -3.26434915 1.73299332 0.88053491 0.38692266 0.48770270 -0.53233059 0.57363846
1778701789.16525817 -3.26277203 1.73370177 0.87377334 0.38806293 0.48769084 -0.53190631 0.57327174
1778701789.17546749 -3.27153111 1.71381022 0.87486520 0.38649762 0.48933587 -0.53041051 0.57431236
1778701789.18569112 -3.27250592 1.72023867 0.84989271 0.39069857 0.48743712 -0.52880392 0.57456602
1778701789.19597578 -3.25348545 1.72293770 0.89968978 0.38312106 0.49181442 -0.53427523 0.57086497
1778701789.20629668 -3.25294363 1.71673743 0.90603071 0.38257507 0.49315255 -0.53404468 0.57029217
1778701789.21661091 -3.24255318 1.75388545 0.86182339 0.38967875 0.48748824 -0.53474822 0.56969292
1778701789.22686410 -3.23826782 1.74881291 0.87575145 0.38719495 0.48945115 -0.53578544 0.56872806
1778701789.23712468 -3.23687281 1.74927261 0.87178347 0.38648209 0.48928902 -0.53649708 0.56868157
1778701789.23727632 -3.23517630 1.74837108 0.87682517 0.38598344 0.48988765 -0.53681987 0.56820005
1778701789.24735951 -3.23297392 1.74807018 0.87815480 0.38534224 0.49029795 -0.53728453 0.56784206
1778701789.25760484 -3.23075183 1.74702535 0.87790937 0.38452806 0.49073954 -0.53792048 0.56741028
1778701789.26786661 -3.22650539 1.75104503 0.87552251 0.38469343 0.49073944 -0.53861158 0.56664216
1778701789.27813435 -3.22419900 1.75061287 0.87636377 0.38483857 0.49125570 -0.53867471 0.56603593
1778701789.28831887 -3.22030547 1.75823138 0.86529171 0.38686206 0.49041756 -0.53858839 0.56546521
1778701789.29859400 -3.22237354 1.74566692 0.87136670 0.38539437 0.49218689 -0.53827541 0.56522812
1778701789.30891800 -3.21309824 1.75694691 0.87612594 0.38501085 0.49215589 -0.54021324 0.56366557
1778701789.31916475 -3.20825614 1.75920710 0.87999051 0.38355088 0.49265014 -0.54165662 0.56284338
1778701789.32941747 -3.20385125 1.76172927 0.88105585 0.38270869 0.49293862 -0.54280131 0.56206077
1778701789.33973050 -3.20112768 1.76181722 0.88260477 0.38228799 0.49336976 -0.54333298 0.56145475
1778701789.34998178 -3.19701517 1.76324913 0.88465433 0.38176018 0.49386673 -0.54418601 0.56055008
1778701789.36028957 -3.19509337 1.76110846 0.88591619 0.38085106 0.49447862 -0.54480271 0.56002980
1778701789.37059999 -3.18917670 1.76645735 0.88722547 0.38081037 0.49468087 -0.54589271 0.55881612
1778701789.38088894 -3.18198704 1.77059806 0.89708142 0.38064404 0.49569006 -0.54689172 0.55705558
1778701789.39118862 -3.17833499 1.77816304 0.88546979 0.38165842 0.49464006 -0.54745927 0.55673729
1778701789.40144324 -3.17314646 1.77969823 0.89109799 0.38042970 0.49535317 -0.54880763 0.55561557
1778701789.41171265 -3.17084839 1.77811963 0.89470881 0.38033394 0.49614947 -0.54899801 0.55478193
1778701789.42199945 -3.16890147 1.77174564 0.90364931 0.37822181 0.49763482 -0.54990105 0.55400062
1778701789.43229795 -3.16727645 1.77179813 0.89882507 0.37840106 0.49762933 -0.55017688 0.55360914
1778701789.44258332 -3.16260007 1.77437118 0.90287754 0.37739362 0.49802279 -0.55144492 0.55268061
1778701789.44278812 -3.16212981 1.77311013 0.90496905 0.37652929 0.49832152 -0.55186658 0.55257998
1778701789.45291710 -3.15624587 1.77676432 0.91016121 -0.37628213 -0.49886521 0.55283100 -0.55129225
1778701789.46313286 -3.15123012 1.77843976 0.91479803 -0.37547654 -0.49954293 0.55393837 -0.55011500
1778701789.47332072 -3.15389509 1.76454742 0.92173640 -0.37383207 -0.50145485 0.55357880 -0.54985737
1778701789.48364067 -3.14646539 1.77268438 0.92496355 -0.37387480 -0.50153342 0.55494247 -0.54838008
1778701789.49392891 -3.13949086 1.77544139 0.93451642 -0.37326131 -0.50269536 0.55607171 -0.54658725
1778701789.50416017 -3.13357478 1.77835930 0.94058920 -0.37334338 -0.50360392 0.55682637 -0.54492403
1778701789.51439285 -3.12692584 1.78690797 0.94169678 -0.37289328 -0.50343367 0.55839113 -0.54378716
1778701789.52471280 -3.12095323 1.79092982 0.94575190 -0.37335431 -0.50415079 0.55902334 -0.54215445
1778701789.53503823 -3.12273985 1.78347750 0.94524215 -0.37290898 -0.50507540 0.55869764 -0.54193605
1778701789.54534245 -3.11899888 1.78644380 0.94732541 -0.37162273 -0.50527663 0.56004451 -0.54124137
1778701789.55561471 -3.11230506 1.79217857 0.95080157 -0.37039159 -0.50558705 0.56177106 -0.54000470
1778701789.56587195 -3.10500146 1.79485603 0.96200994 -0.36825102 -0.50679296 0.56367124 -0.53835566
1778701789.57612944 -3.10230598 1.79519291 0.96431501 -0.36661496 -0.50727482 0.56498829 -0.53763738
1778701789.58636642 -3.10010060 1.79483815 0.96782985 -0.36564750 -0.50795287 0.56566180 -0.53694741
1778701789.59672523 -3.09356368 1.80111421 0.97185124 -0.36433558 -0.50832034 0.56743120 -0.53562285
1778701789.60699129 -3.08495773 1.81766712 0.96425273 -0.36452728 -0.50700544 0.56961080 -0.53442388
1778701789.61724186 -3.08453678 1.81234150 0.97140249 -0.36290073 -0.50833981 0.57000890 -0.53383850
1778701789.62748742 -3.07858570 1.82087439 0.97047646 -0.36215116 -0.50814666 0.57168104 -0.53274224
1778701789.63775420 -3.07051378 1.82844605 0.97727377 -0.36085580 -0.50872667 0.57357628 -0.53102778
1778701789.64802432 -3.06965942 1.82917071 0.97545384 -0.36079866 -0.50897347 0.57381567 -0.53057130
1778701789.65828824 -3.06055092 1.84015749 0.97933133 -0.35968865 -0.50906133 0.57597956 -0.52889336
1778701789.66852260 -3.05979501 1.83750481 0.98102879 -0.35825846 -0.50985389 0.57661635 -0.52840654
1778701789.67882204 -3.05947061 1.83751966 0.97844409 -0.35736090 -0.50991615 0.57719557 -0.52832186
1778701789.68914652 -3.05195226 1.84125036 0.98911666 -0.35469322 -0.51092924 0.57935038 -0.52678000
1778701789.69944239 -3.05115562 1.83794435 0.99179641 -0.35266157 -0.51169161 0.58026131 -0.52640130
1778701789.70973396 -3.04767269 1.83861695 0.99531393 -0.35047594 -0.51221554 0.58176975 -0.52568604
1778701789.72003412 -3.04326133 1.84176068 0.99828940 -0.34892450 -0.51247127 0.58319081 -0.52489367
1778701789.73032284 -3.03977467 1.84081616 1.00423522 -0.34634645 -0.51327636 0.58471696 -0.52411601
1778701789.74061561 -3.03280188 1.84552086 1.01077978 -0.34398821 -0.51377833 0.58683203 -0.52281173
1778701789.75094914 -3.03190081 1.84394477 1.01182172 -0.34311352 -0.51423911 0.58731218 -0.52239416
1778701789.76125336 -3.02496726 1.84763680 1.01950050 -0.34111464 -0.51495587 0.58913105 -0.52094709
1778701789.77156425 -3.02135515 1.84843904 1.02306071 -0.33877497 -0.51540966 0.59073521 -0.52020795
1778701789.78184104 -3.01165475 1.85912521 1.02623525 -0.33811162 -0.51539020 0.59270854 -0.51841110
1778701789.79216862 -3.00667168 1.85727039 1.03923517 -0.33545685 -0.51679859 0.59414450 -0.51708822
1778701789.80241656 -2.99702296 1.86279301 1.05048320 -0.33426971 -0.51787487 0.59579516 -0.51487620
1778701789.81268668 -2.99410968 1.86057004 1.05681895 -0.33257753 -0.51892229 0.59666213 -0.51391259
1778701789.82300568 -2.98747270 1.85841870 1.07359156 -0.33118119 -0.52095795 0.59737691 -0.51192056
1778701789.83326888 -2.97795496 1.86852351 1.07735613 -0.33044977 -0.52102962 0.59932474 -0.51004014
1778701789.84355664 -2.96665162 1.87401182 1.09279758 -0.32909163 -0.52254921 0.60100036 -0.50738504
1778701789.85387850 -2.96371808 1.87653376 1.09173959 -0.32977279 -0.52279976 0.60116162 -0.50649287
1778701789.85402751 -2.95875430 1.87459885 1.10672169 -0.32840165 -0.52437468 0.60171561 -0.50509591
1778701789.86417413 -2.95581122 1.87598434 1.10782227 -0.32928485 -0.52496362 0.60158879 -0.50405913
1778701789.87442827 -2.94985742 1.87309773 1.12232889 -0.32891752 -0.52715622 0.60167628 -0.50190162
1778701789.88475895 -2.94057910 1.87605797 1.13551952 -0.32833638 -0.52875686 0.60260310 -0.49948064
1778701789.89499879 -2.93350952 1.87941304 1.14297816 -0.32805306 -0.52966946 0.60335405 -0.49779047
1778701789.90528774 -2.92902257 1.87846626 1.15013570 -0.32728497 -0.53089192 0.60383118 -0.49641336
1778701789.91556835 -2.91988279 1.87995400 1.16446011 -0.32465750 -0.53243332 0.60557276 -0.49436211
1778701789.92583632 -2.91780039 1.88410624 1.15892858 -0.32606021 -0.53218420 0.60550882 -0.49378516
1778701789.93613076 -2.91146966 1.87716670 1.17846168 -0.32352062 -0.53485258 0.60611024 -0.49183077
1778701789.94637346 -2.91153155 1.88346194 1.16341482 -0.32381180 -0.53355262 0.60679710 -0.49220402
1778701789.95670033 -2.92678256 1.85887345 1.16021197 -0.32308466 -0.53540456 0.60405158 -0.49404447
1778701789.96700501 -2.92062562 1.85480818 1.17724723 -0.32220031 -0.53763606 0.60411861 -0.49211293
1778701789.97730327 -2.90937778 1.84921894 1.20472920 -0.32405209 -0.54153228 0.60279618 -0.48823130
1778701789.98754835 -2.89554250 1.85465653 1.22168962 -0.32308300 -0.54323492 0.60421371 -0.48522057
1778701789.99785686 -2.89443591 1.86813898 1.19900752 -0.32456955 -0.54067748 0.60524750 -0.48579619
1778701790.00812960 -2.88233366 1.88363257 1.19557945 -0.32107579 -0.53938062 0.60907778 -0.48477122
1778701790.01837301 -2.87011192 1.89254951 1.20273398 -0.32085108 -0.53995495 0.61053658 -0.48243997
1778701790.02864504 -2.87399835 1.87655557 1.21148695 -0.31821750 -0.54196893 0.60995681 -0.48265929
1778701790.03893447 -2.87295343 1.86953994 1.21591981 -0.31665658 -0.54319168 0.61002440 -0.48222571
1778701790.04921150 -2.85967795 1.88212450 1.21944991 -0.31683035 -0.54323107 0.61166849 -0.47997936
1778701790.05954576 -2.86367650 1.86709839 1.22411967 -0.31415003 -0.54485130 0.61133984 -0.48032326
1778701790.06981301 -2.86181090 1.86498571 1.22472363 -0.31361163 -0.54537466 0.61147785 -0.47990526
1778701790.08009028 -2.85288489 1.87463136 1.22152863 -0.31483173 -0.54511158 0.61224425 -0.47842589
1778701790.09030843 -2.85121346 1.86969185 1.22293380 -0.31369855 -0.54595689 0.61237170 -0.47804309
1778701790.10056996 -2.85336213 1.86083811 1.22349671 -0.31345274 -0.54701838 0.61143845 -0.47818542
1778701790.11084771 -2.85698319 1.85282901 1.21623657 -0.31403887 -0.54749770 0.61028216 -0.47872909
1778701790.12115550 -2.85180595 1.85373329 1.21642563 -0.31392879 -0.54794692 0.61070601 -0.47774580
1778701790.13146615 -2.83716608 1.86156180 1.23147734 -0.31105543 -0.54878555 0.61344579 -0.47514545
1778701790.13162947 -2.83786425 1.85593340 1.23517597 -0.31086567 -0.54966754 0.61286766 -0.47499617
1778701790.14176846 -2.83323028 1.85454243 1.23982050 -0.30900081 -0.55032158 0.61379974 -0.47425155
1778701790.15201497 -2.82441980 1.85587063 1.24682175 -0.30886560 -0.55139841 0.61434665 -0.47237699
1778701790.16229391 -2.81997683 1.85014035 1.25411312 -0.30876861 -0.55302868 0.61389953 -0.47111420
1778701790.17258358 -2.80848283 1.84964592 1.27248520 -0.30313411 -0.55443137 0.61687143 -0.46923897
1778701790.18289495 -2.80518931 1.85579209 1.25922249 -0.30764574 -0.55383416 0.61572826 -0.46850884
1778701790.19321489 -2.80136927 1.85579729 1.25588950 -0.30793614 -0.55402621 0.61589752 -0.46786808
1778701790.20353365 -2.79661433 1.85359311 1.26059381 -0.30839734 -0.55513435 0.61559191 -0.46665139
1778701790.21386266 -2.78894274 1.83940036 1.28504418 -0.30546201 -0.55871307 0.61545487 -0.46448679
1778701790.22413802 -2.78755856 1.84729028 1.26517764 -0.30844322 -0.55707294 0.61532866 -0.46465382
1778701790.23435283 -2.78465158 1.82799093 1.28809370 -0.30512863 -0.56069392 0.61462995 -0.46341005
1778701790.23457432 -2.77885767 1.83097605 1.29404056 -0.30314809 -0.56087953 0.61607777 -0.46256197
1778701790.24474072 -2.77392330 1.83756199 1.28668741 -0.30478824 -0.56028378 0.61638053 -0.46180219
1778701790.25510764 -2.77845249 1.82503775 1.28213064 -0.30562345 -0.56148708 0.61442572 -0.46239334
1778701790.26533461 -2.77289571 1.82305206 1.28599017 -0.30123501 -0.56187432 0.61652312 -0.46201077
1778701790.27562690 -2.76699842 1.81937123 1.29351346 -0.30391379 -0.56369134 0.61495294 -0.46013190
1778701790.28587794 -2.75683610 1.81330469 1.31208663 -0.29980116 -0.56589768 0.61633785 -0.45826492
1778701790.29616690 -2.75057235 1.79587409 1.33769457 -0.29635327 -0.56977192 0.61580518 -0.45641941
1778701790.30655980 -2.74723882 1.80051936 1.33105353 -0.29393578 -0.56889054 0.61758267 -0.45668036
1778701790.30672503 -2.74435964 1.80234914 1.33136922 -0.29480897 -0.56903441 0.61750247 -0.45604628
1778701790.31686425 -2.75351606 1.79232240 1.31971015 -0.29137918 -0.56850249 0.61774842 -0.45857385
1778701790.32713747 -2.75378103 1.79330595 1.30768879 -0.28973001 -0.56751195 0.61879062 -0.45943974
1778701790.33740020 -2.74622679 1.81679109 1.28030910 -0.29036969 -0.56375217 0.62174341 -0.45967822
1778701790.34774208 -2.73019575 1.83267108 1.28192502 -0.29183041 -0.56338072 0.62339434 -0.45696464
1778701790.35805488 -2.73397289 1.82811086 1.26938968 -0.29237914 -0.56313384 0.62255510 -0.45806098
1778701790.36833286 -2.72239735 1.83647631 1.27178266 -0.28864976 -0.56277016 0.62556791 -0.45676674
1778701790.37865233 -2.72472853 1.83249591 1.26443908 -0.28850792 -0.56276187 0.62510280 -0.45750274
1778701790.38893080 -2.71645195 1.83934561 1.26202593 -0.28634901 -0.56228880 0.62712793 -0.45666849
1778701790.39919615 -2.71631978 1.83860728 1.25291889 -0.28504862 -0.56182021 0.62767748 -0.45730332
1778701790.40946651 -2.71393582 1.83525748 1.25223054 -0.28260857 -0.56221004 0.62843173 -0.45730278
1778701790.41973329 -2.71368861 1.83529388 1.24468721 -0.28268917 -0.56195007 0.62841628 -0.45759363
1778701790.42998886 -2.71148892 1.83331367 1.24160282 -0.28122151 -0.56216422 0.62891615 -0.45754818
1778701790.44022393 -2.70721289 1.83442814 1.23884262 -0.27970253 -0.56217730 0.62987273 -0.45714715
1778701790.45050430 -2.70582113 1.83193124 1.23760041 -0.27890527 -0.56255804 0.62996213 -0.45704269
1778701790.46082783 -2.70470469 1.82729615 1.23664382 -0.27758788 -0.56316502 0.63007212 -0.45694557
1778701790.47109675 -2.70080517 1.82743793 1.23445458 -0.27738360 -0.56350457 0.63024653 -0.45641018
1778701790.48138642 -2.69898632 1.82620391 1.23263298 -0.27659925 -0.56370841 0.63056197 -0.45619873
1778701790.49171138 -2.69330266 1.82932056 1.23041914 -0.27683032 -0.56389941 0.63092019 -0.45532641
1778701790.50197315 -2.69177699 1.83142022 1.22102212 -0.27615227 -0.56317863 0.63172013 -0.45552105
1778701790.51227236 -2.68958982 1.83106461 1.21650630 -0.27496601 -0.56305752 0.63236356 -0.45549561
1778701790.52259851 -2.68637299 1.83347728 1.21280975 -0.27367324 -0.56264518 0.63344320 -0.45528351
1778701790.53292990 -2.68351980 1.83331360 1.20967559 -0.27345803 -0.56282738 0.63360220 -0.45496626
1778701790.54322362 -2.67710042 1.84162835 1.20209055 -0.27172928 -0.56159130 0.63581764 -0.45443848
1778701790.55346942 -2.67472826 1.84273739 1.19852116 -0.27134917 -0.56145626 0.63621427 -0.45427734
1778701790.56373429 -2.67149258 1.83996212 1.19965350 -0.26940718 -0.56193252 0.63690366 -0.45387812
1778701790.57399058 -2.67225524 1.83598496 1.19459667 -0.26853708 -0.56203525 0.63691131 -0.45425566
1778701790.58424783 -2.66817079 1.83749518 1.19417158 -0.26737041 -0.56203470 0.63780030 -0.45369686
1778701790.58446074 -2.66857194 1.83797654 1.19018315 -0.26786785 -0.56180213 0.63769047 -0.45384584
1778701790.59452081 -2.66459238 1.83568324 1.19557879 -0.26586318 -0.56255349 0.63837733 -0.45312770
1778701790.60477829 -2.65718856 1.84252959 1.19260590 -0.26547464 -0.56218774 0.63968823 -0.45195921
1778701790.61508775 -2.65296278 1.84184512 1.19603084 -0.26465662 -0.56286617 0.64002542 -0.45111640
1778701790.62536097 -2.64844333 1.84279853 1.19551384 -0.26365899 -0.56309021 0.64079850 -0.45032281
1778701790.63564801 -2.64440723 1.83700914 1.20465234 -0.26208464 -0.56475092 0.64071776 -0.44927585
1778701790.64593482 -2.63738480 1.83729870 1.21071264 -0.26052429 -0.56563668 0.64156035 -0.44786445
1778701790.65621138 -2.63485335 1.83373707 1.21499038 -0.25985517 -0.56667372 0.64139897 -0.44717284
1778701790.66652489 -2.62622958 1.83757451 1.21958707 -0.25869264 -0.56722477 0.64255191 -0.44548986
1778701790.67679310 -2.61999032 1.83716481 1.22553524 -0.25737983 -0.56821193 0.64312427 -0.44416438
1778701790.68712997 -2.61515582 1.83617027 1.23115908 -0.25580024 -0.56900159 0.64376440 -0.44313748
1778701790.69742727 -2.60634114 1.84127860 1.23447850 -0.25487699 -0.56938783 0.64495117 -0.44144445
1778701790.70769644 -2.60026437 1.84275298 1.23761739 -0.25334074 -0.56987290 0.64594733 -0.44024469
1778701790.71797562 -2.58857111 1.84805885 1.24643300 -0.25122700 -0.57060667 0.64764606 -0.43800411
1778701790.72825909 -2.58282253 1.85108738 1.24860564 -0.25047389 -0.57089308 0.64846567 -0.43684803
1778701790.73853087 -2.58082646 1.85259963 1.24326532 -0.24917977 -0.57051076 0.64948797 -0.43656877
1778701790.74879289 -2.56400612 1.86211730 1.25597954 -0.24806141 -0.57155269 0.65122910 -0.43323634
1778701790.75910950 -2.55803449 1.86562550 1.25749611 -0.24690816 -0.57166657 0.65230303 -0.43212781
1778701790.76936030 -2.54381564 1.87325826 1.26684943 -0.24548392 -0.57242253 0.65405846 -0.42927570
1778701790.77961254 -2.53376886 1.87213363 1.28060570 -0.24435940 -0.57432464 0.65439578 -0.42685578
1778701790.78992009 -2.52360006 1.87991925 1.28268486 -0.24384397 -0.57434278 0.65579938 -0.42496785
1778701790.80021501 -2.51326861 1.88394634 1.28867609 -0.24273093 -0.57507568 0.65694771 -0.42283491
1778701790.81049180 -2.50241224 1.88615328 1.29767756 -0.24108307 -0.57617401 0.65807311 -0.42052615
1778701790.82077193 -2.49347662 1.88400429 1.30885725 -0.23928626 -0.57777808 0.65866699 -0.41841650
1778701790.83112025 -2.48619024 1.88190718 1.31878868 -0.23768906 -0.57915119 0.65911416 -0.41672093
1778701790.84148097 -2.47564552 1.87958152 1.33237741 -0.23607234 -0.58110300 0.65954194 -0.41423857
1778701790.85183167 -2.46352054 1.88370697 1.34024300 -0.23572143 -0.58218718 0.66036476 -0.41159674
1778701790.86213970 -2.45504899 1.88224375 1.35071943 -0.23427304 -0.58361347 0.66082622 -0.40965859
1778701790.87243009 -2.44396853 1.88058028 1.36400521 -0.23279203 -0.58548307 0.66131049 -0.40704530
1778701790.88271451 -2.43418137 1.87500748 1.37962018 -0.23072903 -0.58777996 0.66148549 -0.40461808
1778701790.89313102 -2.42267857 1.87418609 1.39176871 -0.22840115 -0.58929992 0.66247571 -0.40210006
1778701790.90353251 -2.41436582 1.87554595 1.39783394 -0.22752687 -0.59013449 0.66313675 -0.40027797
1778701790.91385984 -2.40165885 1.87797037 1.40755759 -0.22562161 -0.59124288 0.66440891 -0.39760225
1778701790.92414236 -2.39384809 1.87946858 1.41263130 -0.22489554 -0.59196108 0.66504836 -0.39587215
1778701790.93439531 -2.38589518 1.87763050 1.41982025 -0.22290195 -0.59305441 0.66580723 -0.39408365
1778701790.93456030 -2.38339975 1.87651237 1.42335215 -0.22183160 -0.59344096 0.66612950 -0.39356074
1778701790.94470811 -2.37604922 1.87569186 1.43026424 -0.21981117 -0.59428573 0.66699021 -0.39195864
1778701790.95495391 -2.36565302 1.87667243 1.43774733 -0.21836741 -0.59532243 0.66787807 -0.38967393
1778701790.96522617 -2.36489853 1.87010256 1.44032877 -0.21718202 -0.59639811 0.66761783 -0.38913712
1778701790.97553277 -2.33210463 1.87179990 1.48173771 -0.21898873 -0.60133779 0.66694407 -0.38160504
1778701790.98582172 -2.32351915 1.86643034 1.49371254 -0.21620044 -0.60298430 0.66754099 -0.37954755
1778701790.99607635 -2.29849482 1.86951940 1.51927294 -0.21316066 -0.60553686 0.66908811 -0.37444459
1778701791.00634742 -2.29157430 1.87145417 1.52184883 -0.21346913 -0.60610560 0.66939096 -0.37280379
1778701791.01667738 -2.27414942 1.87455888 1.53620610 -0.21137510 -0.60757696 0.67072825 -0.36918074
1778701791.02693176 -2.26020926 1.87048816 1.55349459 -0.20666007 -0.60947649 0.67204151 -0.36631984
1778701791.03722358 -2.24689859 1.87334285 1.56355412 -0.20386754 -0.61030341 0.67353812 -0.36375016
1778701791.03739262 -2.24143286 1.87523905 1.56721213 -0.20370862 -0.61066108 0.67386610 -0.36262973
1778701791.04745078 -2.22362162 1.88604441 1.57519644 -0.20077220 -0.61060527 0.67652192 -0.35940204
1778701791.05769777 -2.20175652 1.88075542 1.60444412 -0.19313383 -0.61347609 0.67841497 -0.35510496
1778701791.06794095 -2.19527777 1.87936933 1.61092825 -0.19180599 -0.61444321 0.67872279 -0.35356099
1778701791.06810141 -2.19084381 1.87908878 1.61551128 -0.19076157 -0.61493338 0.67903681 -0.35266977
1778701791.07825112 -2.17811723 1.88403821 1.62233339 -0.18878577 -0.61543298 0.68042017 -0.35018647
1778701791.08856440 -2.16418597 1.88784293 1.63066886 -0.18538468 -0.61607690 0.68215188 -0.34749186
1778701791.09880638 -2.14947678 1.88877855 1.64327251 -0.18074511 -0.61717802 0.68383539 -0.34466167
1778701791.10908008 -2.14702155 1.89986100 1.63108627 -0.18259326 -0.61579949 0.68489272 -0.34405328
1778701791.11937261 -2.13981312 1.89972562 1.63598701 -0.17572271 -0.61582951 0.68721425 -0.34294623
1778701791.12964535 -2.12234324 1.90656830 1.64557134 -0.17192151 -0.61635881 0.68933916 -0.33964147
1778701791.13990879 -2.09435867 1.91697545 1.66420245 -0.16916837 -0.61765986 0.69143400 -0.33436117
1778701791.14006233 -2.08925675 1.91979787 1.66606834 -0.16860382 -0.61773650 0.69197202 -0.33339029
1778701791.15021944 -2.07989903 1.92576822 1.66782889 -0.16534181 -0.61747263 0.69379603 -0.33171782
1778701791.16047692 -2.06723810 1.93776067 1.66578451 -0.16333322 -0.61675810 0.69603861 -0.32933564
1778701791.17076564 -2.05558838 1.95172618 1.65991959 -0.15881272 -0.61513856 0.69938619 -0.32747828
1778701791.18102479 -2.03017065 1.95540119 1.68207818 -0.15686806 -0.61744223 0.70014524 -0.32241920
1778701791.19132185 -2.00884970 1.96239780 1.69421764 -0.15214010 -0.61822071 0.70230868 -0.31846360
1778701791.20160007 -1.99092389 1.96526959 1.70711052 -0.14659176 -0.61917148 0.70416732 -0.31509668
1778701791.21189737 -1.97710615 1.96828732 1.71570012 -0.14297391 -0.61979447 0.70550407 -0.31253367
1778701791.22221971 -1.95087352 1.98299365 1.72298516 -0.13867388 -0.61962104 0.70857046 -0.30784284
1778701791.23246598 -1.92897776 1.98698721 1.73734354 -0.13614025 -0.62108397 0.70963972 -0.30353254
1778701791.24275684 -1.88818255 1.98989823 1.77080882 -0.13073164 -0.62428940 0.71104339 -0.29595486
1778701791.25308585 -1.89209395 1.99298789 1.76036579 -0.12801069 -0.62298615 0.71239924 -0.29662912
1778701791.26337385 -1.87475845 1.99877175 1.76671070 -0.12287648 -0.62308889 0.71450014 -0.29351519
1778701791.27359223 -1.84003355 2.00048009 1.79317702 -0.12180003 -0.62623696 0.71465801 -0.28680298
1778701791.28389549 -1.82981436 2.01691819 1.78197024 -0.11699978 -0.62370850 0.71822346 -0.28540114
1778701791.29421091 -1.80505418 2.01694683 1.80061607 -0.11453179 -0.62591988 0.71859449 -0.28058640
1778701791.30453205 -1.78901314 2.01721380 1.81033405 -0.10891272 -0.62667438 0.71992746 -0.27770793
1778701791.31478715 -1.75957940 2.02094222 1.82924784 -0.10691848 -0.62866465 0.72056525 -0.27227726
1778701791.32513070 -1.72601955 2.03870382 1.83515847 -0.10166541 -0.62805030 0.72397877 -0.26659279
1778701791.33536530 -1.70421018 2.03764630 1.84985833 -0.09763186 -0.62974705 0.72452820 -0.26257486
1778701791.34564567 -1.67825213 2.03609328 1.86828045 -0.09247668 -0.63171793 0.72515677 -0.25793058
1778701791.35600781 -1.65964018 2.03750247 1.87827027 -0.08934389 -0.63272384 0.72585304 -0.25458904
1778701791.36637354 -1.63509907 2.03619336 1.89425025 -0.08507584 -0.63461437 0.72625077 -0.25017300
1778701791.37661886 -1.61108800 2.03394870 1.91044768 -0.08070305 -0.63654699 0.72652898 -0.24586699
1778701791.38694191 -1.59261824 2.03366967 1.92122798 -0.07846481 -0.63794660 0.72668395 -0.24248265
1778701791.39733434 -1.56855180 2.03655063 1.93172277 -0.07498153 -0.63910391 0.72744536 -0.23821671
1778701791.40761185 -1.54458931 2.03709697 1.94396569 -0.07124892 -0.64056023 0.72792103 -0.23395971
1778701791.41795301 -1.52163410 2.03945483 1.95311525 -0.06883001 -0.64178113 0.72840483 -0.22979517
1778701791.42833757 -1.50246337 2.04253534 1.96002204 -0.06547238 -0.64237598 0.72921346 -0.22652640
1778701791.43873668 -1.48041421 2.04780449 1.96513810 -0.06286776 -0.64293632 0.73015025 -0.22262331
1778701791.44909334 -1.45724366 2.04805702 1.97549910 -0.05937705 -0.64424691 0.73052372 -0.21853004
1778701791.45942593 -1.43491767 2.05498782 1.97839698 -0.05715169 -0.64454381 0.73160077 -0.21460959
1778701791.46975040 -1.41468630 2.05594529 1.98684200 -0.05390258 -0.64545621 0.73204810 -0.21115487
1778701791.48002815 -1.39003854 2.06389617 1.98920750 -0.05315039 -0.64591803 0.73295284 -0.20674882
1778701791.49027443 -1.36703790 2.07017389 1.99194443 -0.05322596 -0.64661795 0.73350135 -0.20255367
1778701791.50049496 -1.35073628 2.07267521 1.99493412 -0.05091685 -0.64697819 0.73411398 -0.19975825
1778701791.51077938 -1.32750036 2.07645465 1.99935449 -0.04826383 -0.64751568 0.73489184 -0.19577545
1778701791.52102828 -1.30749465 2.07817219 2.00337294 -0.04452783 -0.64804465 0.73555380 -0.19239547
1778701791.53129983 -1.29211467 2.07804383 2.00769107 -0.04219280 -0.64869626 0.73579760 -0.18977569
1778701791.54161072 -1.26729964 2.07941333 2.01443255 -0.03937188 -0.64967107 0.73617383 -0.18554097
1778701791.55188823 -1.24968331 2.08133651 2.01564973 -0.03641203 -0.64994439 0.73683416 -0.18254282
1778701791.56221151 -1.23343842 2.08135119 2.01970405 -0.03357201 -0.65050136 0.73714241 -0.17983875
1778701791.56236815 -1.22699704 2.08312333 2.01962550 -0.03293816 -0.65048217 0.73745324 -0.17874768
1778701791.57254863 -1.19899755 2.08824593 2.02448974 -0.02958021 -0.65083691 0.73838192 -0.17415068
1778701791.58289909 -1.17994432 2.08453179 2.03079932 -0.02618985 -0.65203766 0.73820474 -0.17092320
1778701791.59318948 -1.16039821 2.06562715 2.05162902 -0.02065568 -0.65554618 0.73598051 -0.16782502
1778701791.60345173 -1.14537902 2.06833630 2.05143980 -0.01860362 -0.65559200 0.73656533 -0.16530142
1778701791.61375070 -1.12341567 2.07487382 2.04867725 -0.01629029 -0.65527017 0.73772397 -0.16161368
1778701791.62402296 -1.11105036 2.07854549 2.04380106 -0.01503757 -0.65493007 0.73851642 -0.15948032
1778701791.63433051 -1.09244255 2.08101261 2.04431370 -0.01254629 -0.65505967 0.73911069 -0.15638029
1778701791.63457227 -1.08958844 2.08195053 2.04282843 -0.01288891 -0.65502749 0.73924230 -0.15586431
1778701791.64471149 -1.08551943 2.08694373 2.03439310 -0.01132467 -0.65394409 0.74036280 -0.15521535
1778701791.65501881 -1.06522621 2.09149359 2.03110386 -0.00982750 -0.65380022 0.74122350 -0.15177751
1778701791.66534686 -1.05914276 2.09159062 2.02569616 -0.00806100 -0.65352365 0.74169443 -0.15076879
1778701791.67567205 -1.04338479 2.08905706 2.02861232 -0.00799439 -0.65459124 0.74130396 -0.14803660
1778701791.68596554 -1.03821226 2.09392024 2.01787456 -0.00591629 -0.65337360 0.74254853 -0.14727392
1778701791.69623542 -1.02916463 2.09586578 2.01111875 -0.00552139 -0.65310209 0.74309681 -0.14571996
1778701791.70666790 -1.02245216 2.09259869 2.01046395 -0.00537861 -0.65373753 0.74276580 -0.14455892
1778701791.70689559 -1.02074107 2.09409757 2.00759166 -0.00536955 -0.65348991 0.74304156 -0.14426139
1778701791.71698809 -1.01737689 2.09230591 2.00385735 -0.00504748 -0.65364260 0.74301512 -0.14371643
1778701791.72724009 -1.01014768 2.08931329 2.00062464 -0.00561343 -0.65427080 0.74270417 -0.14243848
1778701791.73757410 -1.00710697 2.09130170 1.99082194 -0.00482910 -0.65360525 0.74337725 -0.14201098
1778701791.74787498 -0.99364394 2.08830883 1.99241829 -0.00565619 -0.65477721 0.74278355 -0.13966893
1778701791.75819468 -0.99819300 2.07997868 1.98948047 -0.00492793 -0.65562357 0.74187386 -0.14055824
1778701791.76849842 -0.98827092 2.08275205 1.98205467 -0.00311266 -0.65514228 0.74259779 -0.13902311
1778701791.77886510 -0.99133979 2.08420649 1.97263573 -0.00221994 -0.65438441 0.74315024 -0.13965613
1778701791.77906466 -0.98918756 2.08427493 1.97131484 -0.00191091 -0.65438079 0.74321476 -0.13933396
1778701791.78934503 -0.98973034 2.08812940 1.96063402 -0.00089932 -0.65332487 0.74410368 -0.13955470
1778701791.79967737 -0.98225308 2.09587076 1.94728598 -0.00004020 -0.65199646 0.74547589 -0.13844243
1778701791.80997276 -0.98536248 2.10063534 1.93253039 0.00153546 -0.65052218 0.74663057 -0.13914495
1778701791.82028818 -0.98192411 2.10815594 1.91991289 0.00256839 -0.64906461 0.74798264 -0.13867411
1778701791.83062887 -0.97478282 2.11592432 1.90645236 0.00409467 -0.64765732 0.74938417 -0.13764662
1778701791.84092617 -0.97242132 2.12237644 1.89217227 0.00492436 -0.64633026 0.75058496 -0.13731409
1778701791.85124779 -0.96915730 2.12698257 1.88027582 0.00575433 -0.64541917 0.75144143 -0.13688229
1778701791.86148381 -0.96599205 2.12735320 1.87502808 0.00643643 -0.64537560 0.75155048 -0.13645797
1778701791.87179995 -0.95539374 2.13272340 1.86520994 0.00922177 -0.64449889 0.75255678 -0.13488676
1778701791.88206458 -0.96029587 2.12746686 1.86046603 0.01051825 -0.64495555 0.75197285 -0.13586220
1778701791.89236617 -0.95368924 2.13359917 1.85024310 0.01069546 -0.64407726 0.75292343 -0.13474571
1778701791.90268874 -0.95298645 2.12989448 1.84612729 0.01173383 -0.64461060 0.75244451 -0.13478408
1778701791.91298699 -0.94406348 2.13345607 1.83768370 0.01113582 -0.64445157 0.75286641 -0.13323042
1778701791.92337680 -0.93036801 2.13813056 1.83011878 0.01089321 -0.64429279 0.75341515 -0.13089595
1778701791.93372822 -0.93825472 2.13468186 1.82428466 0.01286229 -0.64413362 0.75325811 -0.13239583
1778701791.94402790 -0.92895904 2.14162570 1.81226315 0.01234422 -0.64328299 0.75428148 -0.13074428
1778701791.95433021 -0.91666876 2.14929103 1.80069333 0.01215744 -0.64240854 0.75539279 -0.12862814
1778701791.96466231 -0.92511293 2.14854609 1.78968762 0.01432356 -0.64161133 0.75576297 -0.13020015
1778701791.97497201 -0.92147825 2.15322380 1.77960988 0.01412410 -0.64080633 0.75655785 -0.12956845
1778701791.98527551 -0.90893596 2.16157890 1.76697713 0.01271515 -0.63990577 0.75772056 -0.12735184
1778701791.99561357 -0.91539966 2.15788207 1.75997307 0.01432170 -0.63989241 0.75749797 -0.12856683
1778701792.00600648 -0.91825589 2.15521373 1.75522259 0.01557308 -0.63993220 0.75734489 -0.12912388
1778701792.01648569 -0.91277894 2.15860997 1.74481041 0.01414517 -0.63958982 0.75782489 -0.12816474
1778701792.02684116 -0.91237332 2.15473445 1.74100030 0.01549237 -0.64008946 0.75738507 -0.12811450
1778701792.03721523 -0.91177513 2.15046506 1.73742878 0.01585481 -0.64077823 0.75681044 -0.12802283
1778701792.04756594 -0.90751889 2.14958227 1.73389622 0.01557187 -0.64115128 0.75662886 -0.12726087
1778701792.05784035 -0.90485923 2.13959513 1.73825485 0.01522593 -0.64327926 0.75490980 -0.12677209
1778701792.06813169 -0.90810746 2.13588332 1.73258636 0.01609941 -0.64360014 0.75451609 -0.12737790
1778701792.07848334 -0.89909595 2.13682379 1.72922272 0.01633031 -0.64387791 0.75455142 -0.12572472
1778701792.08879280 -0.89681280 2.13018995 1.72951739 0.01578698 -0.64534242 0.75338727 -0.12526594
1778701792.09910703 -0.89887779 2.12513174 1.72640612 0.01503221 -0.64630430 0.75252811 -0.12556366
1778701792.10939884 -0.89681905 2.12124189 1.72565395 0.01440084 -0.64723501 0.75181124 -0.12513719
1778701792.10958457 -0.89752938 2.11965455 1.72496869 0.01397702 -0.64753179 0.75154719 -0.12523590
1778701792.11980152 -0.89892119 2.11418567 1.72441319 0.01313921 -0.64857705 0.75063082 -0.12541348
1778701792.13021088 -0.88695671 2.11628305 1.71907728 0.01218126 -0.64890165 0.75073987 -0.12315811
1778701792.14053035 -0.88956512 2.11325155 1.71348074 0.01189503 -0.64929821 0.75034541 -0.12349943
1778701792.15089464 -0.88500045 2.11384450 1.70832437 0.01132965 -0.64939049 0.75042612 -0.12257351
1778701792.16127682 -0.88426585 2.10980875 1.70567214 0.01035019 -0.65030152 0.74969044 -0.12233173
1778701792.17157912 -0.88335987 2.10760525 1.70025787 0.01059535 -0.65056362 0.74951136 -0.12201406
1778701792.18187737 -0.87413041 2.11338387 1.69018115 0.00953285 -0.65000273 0.75030049 -0.12022791
1778701792.19225693 -0.86996093 2.11439695 1.68485207 0.00932888 -0.64993912 0.75049904 -0.11934534
1778701792.20260549 -0.86482336 2.11710184 1.67575784 0.00956089 -0.64943506 0.75111044 -0.11821927
1778701792.21291399 -0.85082284 2.12303954 1.66684533 0.00890397 -0.64891598 0.75198551 -0.11552734
1778701792.22328496 -0.84987017 2.12399957 1.66036913 0.00966702 -0.64852697 0.75236476 -0.11518070
1778701792.22348118 -0.85133445 2.12375225 1.65801708 0.00968568 -0.64843360 0.75240872 -0.11541744
1778701792.23357511 -0.83289444 2.13296827 1.64947592 0.00841251 -0.64767520 0.75359809 -0.11196422
1778701792.24388385 -0.84488606 2.12895363 1.64027304 0.00783377 -0.64757057 0.75339805 -0.11394017
1778701792.25421524 -0.82962239 2.13683954 1.62917921 0.00847468 -0.64646067 0.75478698 -0.11096574
1778701792.26449537 -0.83005194 2.13806131 1.62152433 0.00920623 -0.64588283 0.75528543 -0.11088072
1778701792.27475953 -0.82635560 2.14101169 1.61088979 0.00945554 -0.64513484 0.75604616 -0.11002652
1778701792.28504181 -0.81593861 2.14262787 1.60487005 0.00936906 -0.64514116 0.75634346 -0.10793364
1778701792.29535460 -0.81664124 2.14249789 1.59833809 0.00844831 -0.64502829 0.75644375 -0.10798140
1778701792.29552984 -0.81282156 2.14352685 1.59688687 0.00930305 -0.64488587 0.75666457 -0.10721193
1778701792.30563617 -0.81039352 2.14509493 1.58890709 0.01043703 -0.64421641 0.75731242 -0.10655603
1778701792.31594062 -0.80866400 2.14605975 1.57951708 0.01087849 -0.64367690 0.75783927 -0.10602524
1778701792.32628870 -0.80294216 2.14907669 1.56891722 0.01173738 -0.64279666 0.75875250 -0.10473459
1778701792.33655286 -0.80098611 2.14952143 1.56258802 0.01149124 -0.64255800 0.75902595 -0.10424382
1778701792.34689116 -0.79028430 2.15521369 1.55082404 0.01247487 -0.64136710 0.76032128 -0.10200087
1778701792.35723090 -0.78566993 2.15834011 1.53936585 0.01316937 -0.64037082 0.76129809 -0.10088106
1778701792.36749244 -0.78492555 2.15662266 1.53416836 0.01309930 -0.64037894 0.76133765 -0.10053956
1778701792.37777328 -0.77737398 2.15985382 1.52404975 0.01419211 -0.63948619 0.76229025 -0.09884115
1778701792.38811111 -0.77083522 2.15951160 1.51738643 0.01477646 -0.63933332 0.76260290 -0.09732097
1778701792.39843607 -0.76316926 2.16209852 1.51002079 0.01569880 -0.63868974 0.76333708 -0.09563191
1778701792.39862299 -0.75943187 2.16245753 1.50856341 0.01601974 -0.63863914 0.76347119 -0.09484280
1778701792.40877700 -0.75717985 2.16020603 1.50525267 0.01693563 -0.63879605 0.76340611 -0.09414831
1778701792.41913915 -0.74586132 2.15916147 1.50144801 0.01872653 -0.63892879 0.76356027 -0.09162438
1778701792.42943144 -0.73964560 2.15789148 1.49585385 0.01976073 -0.63893092 0.76371682 -0.09007450
1778701792.43974185 -0.73009261 2.15804838 1.49199407 0.02093792 -0.63887478 0.76397868 -0.08796136
1778701792.45012188 -0.72245743 2.15715720 1.48622577 0.02304977 -0.63865935 0.76431647 -0.08604230
1778701792.46037841 -0.71511850 2.15431360 1.48363464 0.02510620 -0.63900352 0.76417403 -0.08415598
1778701792.47074938 -0.70538304 2.15641706 1.47480321 0.02636186 -0.63834891 0.76492922 -0.08184747
1778701792.48107338 -0.70016756 2.15633900 1.46966851 0.02811229 -0.63803547 0.76528033 -0.08041428
1778701792.49143100 -0.68898724 2.15765934 1.46310859 0.02959078 -0.63772971 0.76574907 -0.07780463
1778701792.50173950 -0.67887836 2.16199249 1.45238226 0.03160928 -0.63665327 0.76681608 -0.07527662
1778701792.51206517 -0.66965561 2.16301431 1.44796450 0.03315243 -0.63646239 0.76711940 -0.07310516
1778701792.51226783 -0.67161399 2.16129824 1.44704791 0.03321802 -0.63663834 0.76694678 -0.07335418
1778701792.52239084 -0.67348321 2.15800501 1.44416029 0.03491121 -0.63684401 0.76671295 -0.07322682
1778701792.53270078 -0.65637046 2.16351598 1.43503238 0.03691806 -0.63597579 0.76769612 -0.06938666
1778701792.54297543 -0.65069534 2.16503345 1.42728810 0.04048639 -0.63527810 0.76825694 -0.06755631
1778701792.55333686 -0.64198235 2.16775681 1.42109977 0.04228925 -0.63476080 0.76877476 -0.06538887
1778701792.56360459 -0.63173754 2.17223754 1.41071438 0.04424392 -0.63379661 0.76967908 -0.06275707
1778701792.57396507 -0.62457822 2.17517242 1.40200706 0.04711186 -0.63301427 0.77032223 -0.06063885
1778701792.58434558 -0.62042104 2.17839805 1.39330167 0.04893714 -0.63211264 0.77105647 -0.05925102
1778701792.58454132 -0.62003394 2.17971248 1.38976479 0.04979078 -0.63167144 0.77138660 -0.05894735
1778701792.59461522 -0.60985186 2.18537042 1.37992955 0.05286711 -0.63032399 0.77248431 -0.05625596
1778701792.60499549 -0.60701895 2.18514134 1.37380170 0.05542331 -0.63008709 0.77259528 -0.05490944
1778701792.61534190 -0.59438248 2.19230594 1.36073506 0.05779418 -0.62855836 0.77389219 -0.05162458
1778701792.62565541 -0.58447357 2.19802764 1.35027859 0.06104079 -0.62708522 0.77501577 -0.04887445
1778701792.63598299 -0.57225702 2.20473585 1.33791727 0.06332833 -0.62565629 0.77618270 -0.04565247
1778701792.64636421 -0.56148099 2.20886093 1.32781789 0.06604467 -0.62461248 0.77696892 -0.04262224
1778701792.65670013 -0.54693659 2.21441714 1.31661984 0.06747818 -0.62354442 0.77789153 -0.03903605
1778701792.66703677 -0.54036398 2.21668156 1.30933388 0.06906252 -0.62288077 0.77837828 -0.03711028
1778701792.67736411 -0.52864502 2.21961033 1.30013136 0.07115241 -0.62209009 0.77896413 -0.03400216
1778701792.68765640 -0.51196418 2.22372029 1.29114688 0.07347127 -0.62124058 0.77959258 -0.02995860
1778701792.69799471 -0.50612822 2.22393099 1.28590309 0.07593464 -0.62081248 0.77976590 -0.02812361
1778701792.70833135 -0.49381806 2.22463735 1.27981501 0.07864369 -0.62044622 0.77989789 -0.02491864
1778701792.71868014 -0.48520901 2.22448117 1.27364988 0.08105559 -0.62014042 0.77996806 -0.02248737
1778701792.72897458 -0.48096957 2.22373429 1.26905645 0.08380208 -0.61977926 0.78000799 -0.02093811
1778701792.73928404 -0.46431466 2.22258982 1.26715953 0.08704407 -0.62005776 0.77952826 -0.01695302
1778701792.74961948 -0.45650185 2.22158436 1.26098129 0.08838366 -0.61999290 0.77947267 -0.01481544
1778701792.75991654 -0.44331473 2.22091957 1.25674346 0.09060148 -0.62007503 0.77920774 -0.01155948
1778701792.77028441 -0.43860386 2.21865872 1.25473326 0.09356691 -0.62016803 0.77880468 -0.01000575
1778701792.78062439 -0.41679623 2.21636440 1.25570984 0.09667858 -0.62102752 0.77778633 -0.00514793
1778701792.79091358 -0.41579969 2.21303564 1.25184366 0.10007875 -0.62105861 0.77733742 -0.00412120
1778701792.80128884 -0.40034940 2.21001853 1.25202445 0.10386675 -0.62169315 0.77634347 -0.00037613
1778701792.81163168 -0.39530778 2.20969017 1.24724352 0.10619189 -0.62137810 0.77628027 0.00121941
1778701792.82192397 -0.38699723 2.20819687 1.24296011 0.10987419 -0.62122570 0.77588222 0.00361563
1778701792.83228588 -0.36711715 2.21119063 1.23521030 0.11166385 -0.62075167 0.77597245 0.00808149
1778701792.84263015 -0.36704471 2.21210430 1.22660909 0.11444305 -0.61966008 0.77643149 0.00884931
1778701792.84280753 -0.36585922 2.21069706 1.22697807 0.11459277 -0.61999593 0.77613794 0.00913446
1778701792.85296440 -0.36121199 2.21305596 1.21782485 0.11623713 -0.61899796 0.77667153 0.01057348
1778701792.86326027 -0.35471555 2.21429511 1.20901594 0.11752511 -0.61842463 0.77690864 0.01232061
1778701792.87361717 -0.33839738 2.21881734 1.19682405 0.11884278 -0.61724662 0.77757507 0.01612510
1778701792.88396835 -0.32990202 2.22026251 1.19069147 0.12116895 -0.61664068 0.77764735 0.01835648
1778701792.89430094 -0.32116322 2.22192690 1.18112794 0.12323052 -0.61581571 0.77791760 0.02072338
1778701792.90463591 -0.30758882 2.22268609 1.17390692 0.12503421 -0.61547452 0.77780721 0.02394810
1778701792.91495824 -0.29846225 2.22197060 1.17022147 0.12649201 -0.61551725 0.77746774 0.02611891
1778701792.91514301 -0.29758128 2.22188118 1.16804864 0.12701912 -0.61535409 0.77749945 0.02645902
1778701792.92526770 -0.28378332 2.22215429 1.16380653 0.12782632 -0.61542797 0.77720154 0.02943827
1778701792.93560410 -0.27552882 2.22169331 1.15674784 0.13029724 -0.61501798 0.77702627 0.03171264
1778701792.94585896 -0.26804417 2.22008055 1.15112275 0.13286313 -0.61485682 0.77663260 0.03376808
1778701792.95621181 -0.25185188 2.22197079 1.14326152 0.13467501 -0.61417652 0.77668700 0.03751197
1778701792.96656919 -0.24579039 2.21957237 1.13902679 0.13580475 -0.61449274 0.77617117 0.03891078
1778701792.97687364 -0.23294689 2.21982857 1.13085416 0.13819420 -0.61394687 0.77601919 0.04202157
1778701792.98719025 -0.22284599 2.22048334 1.12368277 0.13987931 -0.61339152 0.77602138 0.04444585
1778701792.98737192 -0.22339163 2.21983624 1.12236622 0.13992320 -0.61343803 0.77598257 0.04434338
1778701792.99748921 -0.21596811 2.21925312 1.11716171 0.14181939 -0.61315118 0.77575832 0.04617277
1778701793.00786877 -0.21311794 2.21856981 1.10852528 0.14370620 -0.61253792 0.77583558 0.04716967
1778701793.01820564 -0.20437945 2.21773526 1.10097998 0.14550267 -0.61218708 0.77564700 0.04927156
1778701793.02856231 -0.20004446 2.21616481 1.09663209 0.14662250 -0.61219392 0.77536479 0.05029798
1778701793.03888035 -0.18633512 2.21779492 1.08439681 0.14969025 -0.61084180 0.77560755 0.05383357
1778701793.04914308 -0.18204825 2.21418923 1.08078826 0.15028302 -0.61140349 0.77499220 0.05466146
1778701793.05941010 -0.17488319 2.21282045 1.07324900 0.15245718 -0.61101538 0.77474356 0.05647503
1778701793.06970239 -0.16849693 2.21098908 1.06884642 0.15264250 -0.61121398 0.77445785 0.05773021
1778701793.07996178 -0.16297451 2.20847469 1.06316641 0.15400833 -0.61129206 0.77403394 0.05894829
1778701793.09027624 -0.14918911 2.20838639 1.05312661 0.15614386 -0.61054730 0.77394037 0.06218829
1778701793.10057688 -0.14695604 2.20683234 1.04751432 0.15653190 -0.61043669 0.77391105 0.06266179
1778701793.11085701 -0.13793176 2.20561172 1.03900042 0.15850064 -0.60992238 0.77373677 0.06483554
1778701793.12116742 -0.13316893 2.20440933 1.02961993 0.15917965 -0.60943252 0.77389492 0.06588246
1778701793.13166976 -0.12535600 2.20292639 1.02419370 0.15949126 -0.60942981 0.77370308 0.06738986
1778701793.13186669 -0.12311918 2.20261997 1.02196497 0.15979229 -0.60931887 0.77368503 0.06788531
1778701793.14201808 -0.11486074 2.20074990 1.01747744 0.16074036 -0.60937405 0.77329646 0.06955849
1778701793.15231681 -0.10512058 2.19853890 1.01012039 0.16146460 -0.60930773 0.77302176 0.07148870
1778701793.16260552 -0.10658731 2.19681410 1.00063705 0.16192400 -0.60877475 0.77338063 0.07110780
1778701793.17289877 -0.10054488 2.19396523 0.99742395 0.16233486 -0.60914950 0.77290452 0.07213104
1778701793.18319869 -0.09053803 2.19002855 0.99374304 0.16354182 -0.60968981 0.77205024 0.07396513
1778701793.19348335 -0.09247798 2.18745236 0.98710471 0.16505304 -0.60949118 0.77192969 0.07350202
1778701793.20379186 -0.08515303 2.18499316 0.98347231 0.16649104 -0.60965583 0.77134950 0.07496969
1778701793.20397234 -0.08634704 2.18435689 0.98198558 0.16621399 -0.60973156 0.77138956 0.07455529
1778701793.21413708 -0.08348835 2.18265049 0.97702571 0.16706296 -0.60969063 0.77119645 0.07498892
1778701793.22443080 -0.08239681 2.18102681 0.96983693 0.16899346 -0.60935007 0.77102060 0.07523921
1778701793.23473120 -0.07258042 2.18017923 0.96146349 0.17148593 -0.60877857 0.77070204 0.07745701
1778701793.24507070 -0.07551694 2.18084880 0.95177123 0.17123087 -0.60794121 0.77149648 0.07668537
1778701793.25539231 -0.06622471 2.18167429 0.94029869 0.17307241 -0.60691754 0.77167844 0.07879995
1778701793.26566553 -0.06817701 2.18273488 0.92746762 0.17245442 -0.60587670 0.77270159 0.07813553
1778701793.27592468 -0.05882150 2.18334817 0.91853434 0.17210867 -0.60537406 0.77299446 0.07987753
1778701793.28622222 -0.04771822 2.18293759 0.90987050 0.17345261 -0.60500340 0.77274583 0.08215205
1778701793.29654717 -0.06195057 2.18364333 0.89834817 0.17439210 -0.60380776 0.77377486 0.07922160
1778701793.30684566 -0.05933631 2.18199434 0.89238646 0.17458586 -0.60404055 0.77353769 0.07933624
1778701793.31722021 -0.05713164 2.17951980 0.89024863 0.17340537 -0.60489917 0.77315950 0.07906941
1778701793.32755542 -0.05649703 2.17674694 0.88750380 0.17532993 -0.60544792 0.77229679 0.07905634
1778701793.33785391 -0.06392514 2.17567212 0.88068906 0.17649197 -0.60518926 0.77241098 0.07731639
1778701793.34836388 -0.06499273 2.17255724 0.87847824 0.17660141 -0.60611025 0.77174498 0.07649824
1778701793.35871434 -0.05788755 2.17120287 0.87569903 0.17589738 -0.60683056 0.77124304 0.07746590
1778701793.36903501 -0.05393112 2.16986589 0.87039100 0.17549595 -0.60731239 0.77092047 0.07781039
1778701793.37933302 -0.05120354 2.16964254 0.86245023 0.17473952 -0.60730286 0.77108803 0.07792683
1778701793.38968968 -0.05131305 2.17155183 0.85184543 0.17478232 -0.60627489 0.77188710 0.07792435
1778701793.39997935 -0.04107435 2.17277038 0.84075464 0.17378558 -0.60579249 0.77230134 0.07977885
1778701793.41028309 -0.04163569 2.17544132 0.82607209 0.17318271 -0.60439139 0.77355550 0.07956567
1778701793.42063475 -0.04091983 2.17749149 0.81261847 0.17234711 -0.60326591 0.77462356 0.07953021
1778701793.43092227 -0.04173697 2.17935560 0.80174717 0.17152834 -0.60226695 0.77561540 0.07920414
1778701793.44123173 -0.03458456 2.18104783 0.78918549 0.17110907 -0.60133621 0.77628264 0.08063322
1778701793.45155859 -0.03501559 2.18324482 0.77506403 0.17041746 -0.60003155 0.77746596 0.08041585
1778701793.46185040 -0.03179753 2.18453587 0.76548560 0.17055723 -0.59920627 0.77799193 0.08118273
1778701793.47214603 -0.03192269 2.18691865 0.75031665 0.16958866 -0.59776471 0.77932548 0.08104836
1778701793.48244572 -0.02583897 2.18843095 0.73789898 0.16945562 -0.59679668 0.77995860 0.08235958
1778701793.49274755 -0.03059456 2.18964801 0.72777639 0.16901468 -0.59584058 0.78089707 0.08128834
1778701793.49292970 -0.02635962 2.18987476 0.72505230 0.16893270 -0.59572500 0.78091027 0.08217429
1778701793.50310540 -0.02571331 2.19108583 0.71516483 0.16879571 -0.59484260 0.78159546 0.08233359
1778701793.51342201 -0.02450953 2.19218566 0.70278217 0.16760576 -0.59399523 0.78249515 0.08233659
1778701793.52372670 -0.02512625 2.19318439 0.69138662 0.16715145 -0.59319423 0.78322632 0.08208246
1778701793.53402781 -0.02484883 2.19287778 0.68530100 0.16713440 -0.59303446 0.78335109 0.08208097
1778701793.54431915 -0.02200515 2.19337990 0.67508582 0.16673287 -0.59249890 0.78378801 0.08259270
1778701793.55470896 -0.01308499 2.19233460 0.66858015 0.16636873 -0.59278928 0.78346129 0.08432513
1778701793.56509399 -0.01158267 2.19257560 0.65868124 0.16578834 -0.59234724 0.78389772 0.08451819
1778701793.57537961 -0.01301416 2.19144407 0.65472858 0.16469072 -0.59270502 0.78394356 0.08372708
1778701793.58573174 -0.00030251 2.19086201 0.64681062 0.16456946 -0.59276053 0.78362540 0.08650482
1778701793.59603286 -0.00191587 2.18999989 0.63921075 0.16289737 -0.59283207 0.78401957 0.08560315
1778701793.60636282 0.00182800 2.18964604 0.63229780 0.16176547 -0.59273269 0.78427211 0.08612285
1778701793.61663079 0.01086543 2.18879568 0.62430148 0.16109900 -0.59276805 0.78418302 0.08792126
1778701793.62691164 0.01627180 2.18776810 0.61600210 0.15934979 -0.59283255 0.78441451 0.08860639
1778701793.63723779 0.02226028 2.18696731 0.60986498 0.15936542 -0.59275973 0.78431055 0.08997520
1778701793.64756441 0.02390286 2.18573774 0.60191519 0.15832483 -0.59271802 0.78455122 0.08998872
1778701793.65786695 0.03108269 2.18415950 0.59435223 0.15727571 -0.59285925 0.78451094 0.09124057
1778701793.66823959 0.03724702 2.18251150 0.58720711 0.15757715 -0.59287862 0.78426506 0.09269680
1778701793.67853093 0.04241569 2.18070317 0.58276864 0.15659289 -0.59324447 0.78409410 0.09346712
1778701793.68882370 0.04503441 2.17960297 0.57329725 0.15682600 -0.59278773 0.78430642 0.09419001
1778701793.69912601 0.04689479 2.17809313 0.56451397 0.15562796 -0.59263685 0.78465561 0.09421821
1778701793.70942783 0.05359813 2.17644601 0.55914277 0.15615294 -0.59265978 0.78433250 0.09588106
1778701793.70962405 0.04958445 2.17605855 0.55713758 0.15612704 -0.59255015 0.78453368 0.09495036
1778701793.71972489 0.05416992 2.17422248 0.55219632 0.15590701 -0.59271793 0.78434063 0.09585527
1778701793.73001552 0.05674483 2.17247956 0.54333406 0.15644605 -0.59235822 0.78441259 0.09660884
1778701793.74034715 0.06131837 2.17034549 0.53525251 0.15702061 -0.59218981 0.78427180 0.09784431
1778701793.75069308 0.06094179 2.16859298 0.52960274 0.15715782 -0.59212945 0.78430064 0.09775811
1778701793.76103330 0.06371331 2.16588484 0.52340082 0.15843158 -0.59221802 0.78385244 0.09875531
1778701793.77139020 0.06283295 2.16336158 0.51659651 0.15938040 -0.59220414 0.78366191 0.09882385
1778701793.78174281 0.06472550 2.16020083 0.51103318 0.15933038 -0.59258480 0.78335132 0.09908481
1778701793.79210448 0.07445709 2.15719303 0.50804153 0.16061076 -0.59311461 0.78235265 0.10170338
1778701793.80244064 0.07259510 2.15442380 0.50131255 0.16142163 -0.59313251 0.78219547 0.10152404
1778701793.81272960 0.07905402 2.15031821 0.49749228 0.16235038 -0.59386811 0.78121957 0.10324246
1778701793.82308674 0.07851598 2.14762820 0.49384982 0.16317451 -0.59415426 0.78081631 0.10334740
1778701793.83341122 0.08213322 2.14360994 0.48985666 0.16477453 -0.59473317 0.77986248 0.10467244
1778701793.84370995 0.08615514 2.13957702 0.48536743 0.16642766 -0.59521973 0.77893667 0.10617425
1778701793.85407972 0.08935701 2.13546257 0.48092832 0.16768900 -0.59575993 0.77809068 0.10735636
1778701793.86444736 0.09176720 2.13211153 0.47847872 0.16789391 -0.59640606 0.77747561 0.10790329
1778701793.87483549 0.09717257 2.12847810 0.47189463 0.16959931 -0.59654313 0.77671517 0.10993595
1778701793.88513136 0.10548713 2.12462083 0.46526269 0.17139099 -0.59672329 0.77578295 0.11272646
1778701793.89544678 0.11037602 2.12242009 0.45772880 0.17260549 -0.59635521 0.77551887 0.11462240
1778701793.89560795 0.10962499 2.12138165 0.45704315 0.17261041 -0.59656266 0.77538648 0.11443100
1778701793.90570712 0.11942336 2.11885237 0.44937411 0.17488157 -0.59618223 0.77464048 0.11796320
1778701793.91597795 0.12476367 2.11553651 0.44074177 0.17625161 -0.59597522 0.77416485 0.12007374
1778701793.92629290 0.13428828 2.11178616 0.43287418 0.17914318 -0.59584505 0.77301088 0.12381668
1778701793.93650293 0.13777930 2.10989257 0.42401125 0.18047226 -0.59523821 0.77288162 0.12559953
1778701793.94679284 0.14022394 2.10656625 0.41597160 0.18170961 -0.59513560 0.77243793 0.12702319
1778701793.95704842 0.14867715 2.10262184 0.40908599 0.18427187 -0.59525349 0.77117513 0.13040733
1778701793.96730423 0.15506463 2.09936510 0.40560982 0.18720800 -0.59554105 0.76974389 0.13333552
1778701793.97758698 0.15435149 2.09664302 0.39864090 0.18693306 -0.59584188 0.76958776 0.13327854
1778701793.98785305 0.16353641 2.09324359 0.39089121 0.18978372 -0.59585357 0.76819967 0.13714931
1778701793.99810076 0.16311675 2.09325004 0.38194177 0.19095713 -0.59481132 0.76855016 0.13807795
1778701794.00842619 0.17426259 2.08948757 0.37221843 0.19360225 -0.59494627 0.76697567 0.14249709
1778701794.01873493 0.18431434 2.08720894 0.36145432 0.19621338 -0.59445297 0.76589708 0.14672301
1778701794.02903461 0.18756530 2.08593568 0.34935493 0.19882939 -0.59354289 0.76540975 0.14940424
1778701794.03940177 0.19253615 2.08558452 0.33636395 0.19947711 -0.59235876 0.76569068 0.15178199
1778701794.04974532 0.19522494 2.08477240 0.32375037 0.20258592 -0.59127208 0.76513548 0.15467372
1778701794.06005764 0.20109132 2.08402202 0.30923244 0.20425652 -0.59012510 0.76492534 0.15786343
1778701794.07041693 0.19698616 2.08447339 0.29830408 0.20764675 -0.58871350 0.76483920 0.15912335
1778701794.07061601 0.19769060 2.08419546 0.29554210 0.20839909 -0.58852904 0.76462414 0.15985402
1778701794.08074284 0.20614003 2.08280311 0.28706728 0.20914701 -0.58835827 0.76391677 0.16285959
1778701794.09105229 0.20781615 2.08293582 0.27187728 0.21175839 -0.58686540 0.76375570 0.16560375
1778701794.10135651 0.20713827 2.08283172 0.25797502 0.21327964 -0.58569171 0.76390313 0.16711979
1778701794.11163306 0.20887453 2.08222510 0.24948988 0.21566446 -0.58505172 0.76323384 0.16934414
1778701794.12190771 0.20909750 2.08190897 0.23608411 0.21952718 -0.58366522 0.76253680 0.17227988
1778701794.13221908 0.21536346 2.08070373 0.22504109 0.22170826 -0.58313133 0.76153917 0.17567411
1778701794.14256501 0.21779734 2.08005246 0.21520911 0.22392822 -0.58224921 0.76100381 0.17808764
1778701794.15292430 0.22324609 2.07858813 0.20242426 0.22638831 -0.58124463 0.76019648 0.18167093
1778701794.16324234 0.23303589 2.07720406 0.18543783 0.23027158 -0.57935163 0.75908130 0.18740935
1778701794.17364049 0.23542076 2.07507260 0.17566676 0.23299342 -0.57869705 0.75807321 0.19012840
1778701794.18393016 0.23028943 2.07476814 0.16508731 0.23681492 -0.57704168 0.75777077 0.19163781
1778701794.19425178 0.23419781 2.07285435 0.15245533 0.24011745 -0.57568768 0.75682574 0.19530004
1778701794.20454693 0.23353605 2.07158591 0.13789856 0.24464227 -0.57358963 0.75609414 0.19866237
1778701794.21488428 0.23586685 2.07006489 0.12863716 0.24707431 -0.57252970 0.75541949 0.20125961
1778701794.21507454 0.23528711 2.06983879 0.12483007 0.24837065 -0.57190695 0.75523337 0.20213119
1778701794.22519398 0.23961488 2.06854732 0.11138330 0.25095073 -0.57010066 0.75479833 0.20564157
1778701794.23546791 0.24154290 2.06652963 0.09991659 0.25451417 -0.56872477 0.75372231 0.20899127
1778701794.24582672 0.24392288 2.06488514 0.08585068 0.25835320 -0.56683299 0.75276632 0.21283056
1778701794.25616455 0.24683609 2.06300476 0.08016260 0.26082988 -0.56645521 0.75147098 0.21537790
1778701794.26647925 0.24870691 2.06137107 0.06925198 0.26453579 -0.56518583 0.75016163 0.21873117
1778701794.27684903 0.25021455 2.05965075 0.06151387 0.26810284 -0.56450682 0.74853648 0.22168911
1778701794.28726840 0.25094678 2.05840545 0.05070570 0.27224194 -0.56309776 0.74710119 0.22504455
1778701794.29761672 0.25151934 2.05755992 0.04257820 0.27526671 -0.56203349 0.74603643 0.22754393
1778701794.30797172 0.26528657 2.05459398 0.03230921 0.27948551 -0.56123164 0.74299466 0.23423455
1778701794.31828761 0.26597915 2.05369906 0.01944806 0.28294970 -0.55949184 0.74197244 0.23745581
1778701794.32855368 0.26894248 2.05249428 0.01447158 0.28538063 -0.55920081 0.74047722 0.23988714
1778701794.33888817 0.27026098 2.05144877 0.00227395 0.28940144 -0.55743677 0.73903434 0.24359659
1778701794.34923744 0.27626314 2.04991027 -0.01219063 0.29219030 -0.55568583 0.73779348 0.24798964
1778701794.35957742 0.27916201 2.04870934 -0.02160226 0.29408186 -0.55462251 0.73694331 0.25064774
1778701794.35977149 0.27871733 2.04868025 -0.02677279 0.29464478 -0.55382565 0.73708474 0.25133181
1778701794.36991644 0.28295161 2.04711055 -0.03460920 0.29739818 -0.55292080 0.73549905 0.25470388
1778701794.38026404 0.28463979 2.04587180 -0.05101250 0.30090525 -0.55042883 0.73454401 0.25870685
1778701794.39052534 0.28773454 2.04432655 -0.06579291 0.30352298 -0.54849165 0.73361821 0.26236433
1778701794.40086222 0.29249398 2.04270983 -0.07606522 0.30489962 -0.54743970 0.73277617 0.26530186
1778701794.41121721 0.29520195 2.04084745 -0.09214921 0.30766936 -0.54519652 0.73188312 0.26916059
1778701794.42152333 0.29754175 2.03884149 -0.10784452 0.31019199 -0.54305256 0.73108860 0.27273487
1778701794.43182850 0.29717596 2.03715536 -0.12423808 0.31327208 -0.54049491 0.73042586 0.27605058
1778701794.44213104 0.29743281 2.03575067 -0.13892974 0.31496476 -0.53827567 0.73038089 0.27856823
1778701794.45246720 0.29905224 2.03352481 -0.15293075 0.31750619 -0.53638154 0.72943874 0.28178679
1778701794.46276116 0.30035333 2.03102052 -0.16963649 0.32150034 -0.53367406 0.72795168 0.28620951
1778701794.47307324 0.30654540 2.02830630 -0.18033374 0.32308784 -0.53256071 0.72665309 0.28977340
1778701794.48328018 0.30395278 2.02656947 -0.19371716 0.32647644 -0.53042716 0.72564271 0.29240866
1778701794.49356246 0.29883674 2.02462349 -0.21098844 0.32916055 -0.52754979 0.72569494 0.29446802
1778701794.50383377 0.30045940 2.02191575 -0.22529931 0.33166459 -0.52529521 0.72475500 0.29798279
1778701794.50399017 0.30158112 2.02107277 -0.22716427 0.33229309 -0.52515992 0.72421976 0.29882118
1778701794.51405525 0.30243150 2.01865448 -0.24075559 0.33485474 -0.52299383 0.72325195 0.30208669
1778701794.52432990 0.29925763 2.01605083 -0.25400174 0.33884921 -0.52065187 0.72183855 0.30504419
1778701794.53462839 0.29754620 2.01310007 -0.26981463 0.34246434 -0.51797336 0.72056934 0.30854756
1778701794.54494262 0.29598980 2.01088343 -0.28105134 0.34505493 -0.51607533 0.71963904 0.31100323
1778701794.55536866 0.29934023 2.00699110 -0.29459541 0.34730087 -0.51443902 0.71815922 0.31461395
1778701794.56567311 0.30268754 2.00325442 -0.30516503 0.34953130 -0.51336142 0.71643329 0.31782269
1778701794.57601595 0.29900408 2.00112074 -0.31337122 0.35291779 -0.51173569 0.71503493 0.31984475
1778701794.57620192 0.30085629 1.99994528 -0.31653470 0.35348915 -0.51143563 0.71441487 0.32107697
1778701794.58630753 0.31323315 1.99595585 -0.32170188 0.35308302 -0.51231103 0.71241873 0.32454482
1778701794.59661961 0.30891936 1.99396759 -0.32957970 0.35678678 -0.51103916 0.71073292 0.32619151
1778701794.60691357 0.31023651 1.99067849 -0.33863848 0.35928830 -0.51016229 0.70893784 0.32871491
1778701794.61726141 0.31003756 1.98874867 -0.34260316 0.36143494 -0.50992018 0.70736709 0.33011813
1778701794.62757707 0.31376368 1.98535065 -0.35099100 0.36305539 -0.50954891 0.70564971 0.33257959
1778701794.63789201 0.31539094 1.98226480 -0.35921668 0.36523258 -0.50890868 0.70387387 0.33493089
1778701794.64821458 0.31655001 1.98028476 -0.36325176 0.36672270 -0.50888938 0.70252521 0.33616126
1778701794.65858579 0.31978660 1.97712536 -0.37193005 0.36741275 -0.50863561 0.70163877 0.33763992
1778701794.66888094 0.32656062 1.97287075 -0.38292719 0.36755771 -0.50825217 0.70057152 0.34026550
1778701794.67921114 0.32865195 1.96991100 -0.39573272 0.36907396 -0.50689156 0.69948021 0.34288890
1778701794.68955827 0.32388839 1.96779659 -0.40663433 0.37142420 -0.50482800 0.69907511 0.34421902
1778701794.69989848 0.33587943 1.96288261 -0.41969104 0.37003858 -0.50471992 0.69830146 0.34742528
1778701794.71020889 0.33253234 1.96041878 -0.43390176 0.37233510 -0.50244956 0.69760197 0.34966055
1778701794.72051549 0.33198900 1.95862079 -0.44358700 0.37302879 -0.50137213 0.69754158 0.35058701
1778701794.72069502 0.33741995 1.95554344 -0.45259858 0.37018256 -0.50087224 0.69928779 0.35083965
1778701794.73084593 0.33222738 1.95374549 -0.46365002 0.37183654 -0.49892384 0.69943844 0.35156573
1778701794.74118114 0.33901306 1.94929525 -0.47873145 0.37050923 -0.49800360 0.69977094 0.35360424
1778701794.75151539 0.33793644 1.94649029 -0.49191392 0.37170451 -0.49638455 0.69947028 0.35521750
1778701794.76184177 0.34669495 1.94350158 -0.49939290 0.37088233 -0.49673514 0.69849460 0.35749935
1778701794.77214026 0.34916227 1.94125600 -0.50973012 0.37143471 -0.49613095 0.69784587 0.35902852
1778701794.78244638 0.35027917 1.94008671 -0.51674878 0.37209477 -0.49610493 0.69719775 0.35963965
1778701794.79276824 0.34852920 1.93917151 -0.52442172 0.37365270 -0.49522095 0.69643964 0.36071000
1778701794.79294944 0.35006629 1.93890594 -0.52528230 0.37328235 -0.49559414 0.69645403 0.36055307
1778701794.80304885 0.34928201 1.93815738 -0.53272273 0.37416004 -0.49499300 0.69606364 0.36122237
1778701794.81336045 0.33931889 1.93973021 -0.53770558 0.37852155 -0.49380705 0.69436844 0.36156397
1778701794.82369995 0.33823921 1.93920540 -0.54478645 0.37943833 -0.49356511 0.69398033 0.36167849
1778701794.83395386 0.33452351 1.93843408 -0.55270447 0.38064559 -0.49255904 0.69393685 0.36186486
1778701794.84427452 0.33696462 1.93667981 -0.56134133 0.38089297 -0.49236634 0.69341809 0.36285986
1778701794.85457492 0.34026535 1.93440988 -0.57061255 0.38113597 -0.49210065 0.69275927 0.36422097
1778701794.86489797 0.34645318 1.93195587 -0.57761861 0.38048967 -0.49233323 0.69211823 0.36579770
1778701794.87525177 0.34974636 1.92824578 -0.59133534 0.38017863 -0.49125704 0.69212240 0.36755586
1778701794.88554549 0.34954650 1.92519502 -0.60454203 0.38046682 -0.48987180 0.69228592 0.36879646
1778701794.89587188 0.35689411 1.92087241 -0.61779019 0.37952090 -0.48932307 0.69198499 0.37105741
1778701794.90616560 0.35667830 1.91945456 -0.62503270 0.37956110 -0.48882161 0.69218097 0.37131162
1778701794.91653872 0.35835575 1.91550015 -0.63980701 0.37992207 -0.48725120 0.69193012 0.37346780
1778701794.92685151 0.35795980 1.91264316 -0.65240488 0.38009830 -0.48597309 0.69222248 0.37441084
1778701794.93720055 0.35420823 1.91168375 -0.66064725 0.38119488 -0.48480476 0.69224209 0.37477419
1778701794.93738365 0.35533181 1.91088033 -0.66321082 0.38102184 -0.48473879 0.69223158 0.37505479
1778701794.94758081 0.35351439 1.90874687 -0.67356545 0.38179711 -0.48337520 0.69216933 0.37613960
1778701794.95790792 0.35410221 1.90619524 -0.68414601 0.38246856 -0.48250706 0.69164057 0.37754213
1778701794.96821356 0.34994368 1.90437171 -0.69560932 0.38394870 -0.48095549 0.69138354 0.37848913
1778701794.97853947 0.34785860 1.90344818 -0.70240093 0.38512110 -0.48023661 0.69082127 0.37923675
1778701794.98885751 0.34427108 1.90295711 -0.70976866 0.38667377 -0.47956118 0.69019793 0.37964626
1778701794.99915004 0.34211166 1.90222688 -0.71743849 0.38812370 -0.47898711 0.68930739 0.38050841
1778701795.00945139 0.34437147 1.90103999 -0.72280754 0.38879348 -0.47903091 0.68816524 0.38183455
1778701795.00963187 0.34496687 1.90101235 -0.72354335 0.38897041 -0.47924786 0.68783480 0.38197748
1778701795.01976395 0.34204112 1.90088882 -0.72951674 0.39000976 -0.47870156 0.68748299 0.38223598
1778701795.03008652 0.34274631 1.90070689 -0.73462211 0.39131267 -0.47893120 0.68596541 0.38334157
1778701795.04047799 0.34314738 1.89954304 -0.74218254 0.39207435 -0.47871656 0.68508705 0.38440069
1778701795.05082393 0.34338233 1.90009610 -0.74338515 0.39293513 -0.47940368 0.68403497 0.38453901
1778701795.06112528 0.34654406 1.89753163 -0.75377087 0.39322036 -0.47891795 0.68306080 0.38657897
1778701795.07142115 0.34297710 1.89671930 -0.76135506 0.39482864 -0.47816755 0.68217999 0.38742303
1778701795.08170295 0.34654568 1.89529967 -0.76606139 0.39425148 -0.47866361 0.68188939 0.38790948
1778701795.08185339 0.34688684 1.89430517 -0.76938581 0.39441882 -0.47833005 0.68164302 0.38858325
1778701795.09197402 0.34821395 1.89118337 -0.77934070 0.39468243 -0.47740868 0.68105146 0.39048129
1778701795.10231090 0.35399511 1.88863427 -0.78558615 0.39387289 -0.47777500 0.68050849 0.39179508
1778701795.11260605 0.35797142 1.88511995 -0.79659151 0.39345354 -0.47760632 0.68002315 0.39326203
1778701795.12282705 0.35591707 1.88133617 -0.80916816 0.39407145 -0.47578273 0.67985535 0.39513946
1778701795.13320303 0.35790234 1.87766718 -0.82000610 0.39421968 -0.47505389 0.67920709 0.39697905
1778701795.14355087 0.35905611 1.87280949 -0.83372288 0.39427168 -0.47367444 0.67885439 0.39917300
1778701795.15380001 0.35530904 1.87014644 -0.84417502 0.39504933 -0.47210190 0.67890802 0.40017462
1778701795.15398026 0.35579660 1.86913258 -0.84671979 0.39497886 -0.47197851 0.67884099 0.40050329
1778701795.16409016 0.35895097 1.86449988 -0.85707326 0.39489880 -0.47113503 0.67806242 0.40288719
1778701795.17444110 0.35707346 1.86006840 -0.87016748 0.39534687 -0.46955642 0.67793968 0.40449403
1778701795.18475413 0.35837337 1.85455086 -0.88345866 0.39572233 -0.46822438 0.67704513 0.40716048
1778701795.19515824 0.35356153 1.85044674 -0.89572038 0.39697516 -0.46610780 0.67664617 0.40902835
1778701795.20545554 0.35522052 1.84591506 -0.90655144 0.39713090 -0.46534453 0.67585637 0.41104706
1778701795.21574521 0.35155475 1.84009746 -0.92207904 0.39844659 -0.46303273 0.67493940 0.41388140
1778701795.22603726 0.35061242 1.83688915 -0.93056701 0.39897146 -0.46214393 0.67438218 0.41527515
1778701795.23641801 0.34899729 1.83262575 -0.94209393 0.39991318 -0.46089620 0.67340378 0.41733858
1778701795.24673581 0.34939213 1.82780021 -0.95352283 0.40071153 -0.45984378 0.67203940 0.41992501
1778701795.25708008 0.35006042 1.82329665 -0.96387350 0.40108309 -0.45912281 0.67113044 0.42180866
1778701795.26746202 0.34792826 1.81958464 -0.97325879 0.40197553 -0.45793880 0.67030030 0.42356255
1778701795.27780700 0.34877960 1.81450553 -0.98446918 0.40230882 -0.45709886 0.66931281 0.42570953
1778701795.28809881 0.34689922 1.80879089 -0.99758801 0.40338924 -0.45549658 0.66799604 0.42846387
1778701795.29838347 0.34198672 1.80425815 -1.00917498 0.40489303 -0.45388780 0.66694618 0.43038389
1778701795.30872154 0.33913946 1.80081440 -1.01753323 0.40613824 -0.45279207 0.66577290 0.43217765
1778701795.31901240 0.33741520 1.79595663 -1.02807343 0.40712864 -0.45174652 0.66449015 0.43430886
1778701795.32931328 0.32836477 1.79137360 -1.04099383 0.40926359 -0.44937401 0.66361970 0.43609082
1778701795.33964968 0.33025045 1.78730336 -1.04836928 0.40956866 -0.44908562 0.66230429 0.43809662
1778701795.34994626 0.32755310 1.78320902 -1.05791142 0.41086521 -0.44814065 0.66084657 0.44004721
1778701795.36027718 0.32347180 1.77814949 -1.06937081 0.41230487 -0.44669092 0.65939582 0.44234496
1778701795.37064600 0.32137053 1.77383530 -1.07881566 0.41356842 -0.44586957 0.65766498 0.44456525
1778701795.38095808 0.31899226 1.76940558 -1.08811083 0.41445710 -0.44473650 0.65650168 0.44658739
1778701795.39128542 0.31445882 1.76529163 -1.09772776 0.41588376 -0.44364622 0.65513612 0.44834741
1778701795.40161896 0.30658695 1.76325530 -1.10486649 0.41766514 -0.44263831 0.65439237 0.44877364
1778701795.41196442 0.31282339 1.76040953 -1.10813250 0.41725954 -0.44380805 0.65276385 0.45036457
1778701795.42228746 0.29523117 1.75354639 -1.12718563 0.42114531 -0.43917120 0.65090157 0.45397405
1778701795.43257785 0.29946513 1.75080550 -1.13128499 0.42062492 -0.44039241 0.64997565 0.45459967
1778701795.44288373 0.29942064 1.74746703 -1.13880026 0.42133852 -0.44035947 0.64828164 0.45638614
1778701795.45320821 0.29467460 1.74311291 -1.14892085 0.42232703 -0.43886831 0.64735391 0.45822201
1778701795.46353889 0.27514035 1.73641775 -1.16835472 0.42631015 -0.43393167 0.64557346 0.46173355
1778701795.47390223 0.27031172 1.73097676 -1.18091474 0.42751353 -0.43227385 0.64397470 0.46440077
1778701795.48429370 0.26519173 1.72699713 -1.19057933 0.42842033 -0.43085051 0.64318801 0.46597536
1778701795.49465203 0.27474547 1.72276993 -1.19698898 0.42737423 -0.43231931 0.64103233 0.46853904
1778701795.50494361 0.26875550 1.71651225 -1.21134050 0.42833597 -0.43021915 0.63990677 0.47112536
1778701795.51531363 0.26014965 1.71022298 -1.22644477 0.42967472 -0.42762274 0.63875959 0.47381918
1778701795.52564240 0.24294387 1.70239214 -1.24527038 0.43204002 -0.42279396 0.63826826 0.47665535
1778701795.53593779 0.23678579 1.69489902 -1.26124040 0.43261438 -0.42038476 0.63730090 0.47955084
1778701795.54623866 0.22865815 1.68858919 -1.27625295 0.43383608 -0.41787833 0.63589290 0.48249786
1778701795.55658579 0.23443488 1.68404703 -1.28411532 0.43277848 -0.41826788 0.63465114 0.48473982
1778701795.55678606 0.23346758 1.68262718 -1.28728788 0.43286738 -0.41789497 0.63436942 0.48535045
1778701795.56696033 0.21252500 1.67433683 -1.30670542 0.43561708 -0.41239450 0.63386294 0.48824820
1778701795.57731843 0.21472383 1.66822856 -1.31873522 0.43508709 -0.41188108 0.63220515 0.49129404
1778701795.58761144 0.20520751 1.66085467 -1.33482823 0.43604843 -0.40898024 0.63129582 0.49402685
1778701795.59793353 0.19951849 1.65488862 -1.34710537 0.43653684 -0.40693725 0.63044026 0.49636956
1778701795.60828876 0.19840591 1.64718673 -1.36145105 0.43640447 -0.40550722 0.62860879 0.49996602
1778701795.61859751 0.18296493 1.63808200 -1.37961505 0.43819349 -0.40125395 0.62750321 0.50321114
1778701795.62898874 0.18177406 1.63164267 -1.39051304 0.43809017 -0.40005400 0.62610699 0.50598797
1778701795.62924886 0.18101055 1.62930610 -1.39430673 0.43803257 -0.39958710 0.62576082 0.50683430
1778701795.63934779 0.17128503 1.62186710 -1.40770696 0.43887833 -0.39671113 0.62514118 0.50912140
1778701795.64962769 0.16699668 1.61382390 -1.42154367 0.43915966 -0.39486116 0.62349002 0.51233158
1778701795.65990591 0.16440617 1.60601237 -1.43427979 0.43917697 -0.39348814 0.62188243 0.51531826
1778701795.67021847 0.15596806 1.60026499 -1.44467417 0.44015852 -0.39131944 0.62096878 0.51723046
1778701795.68054223 0.14455293 1.59589666 -1.45460533 0.44221898 -0.38914864 0.61896690 0.51950524
1778701795.69079852 0.13220974 1.59153443 -1.46475222 0.44458260 -0.38676402 0.61643088 0.52227663
1778701795.70104790 0.12974784 1.58912956 -1.47064849 0.44534105 -0.38634765 0.61452313 0.52418333
1778701795.71135163 0.11724278 1.58748137 -1.47825452 0.44797937 -0.38448057 0.61217163 0.52605615
1778701795.72163296 0.10300178 1.58675533 -1.48502540 0.45111845 -0.38243772 0.60948434 0.52797952
1778701795.73188353 0.09037657 1.58642404 -1.49106883 0.45403825 -0.38074636 0.60674416 0.52985186
1778701795.74218845 0.08288266 1.58369203 -1.49812671 0.45552440 -0.37928111 0.60470024 0.53195957
1778701795.75247192 0.07023964 1.58415775 -1.50332061 0.45859147 -0.37766478 0.60155150 0.53404023
1778701795.76269436 0.05725801 1.58179802 -1.51160873 0.46119914 -0.37538321 0.59870135 0.53659994
1778701795.77301669 0.04534659 1.58200461 -1.51589337 0.46372119 -0.37368072 0.59657176 0.53798468
1778701795.78326726 0.02933837 1.58036926 -1.52355165 0.46681464 -0.37095985 0.59379642 0.54025799
1778701795.79349637 0.01425858 1.57952936 -1.53027540 0.46987060 -0.36851636 0.59084604 0.54251108
1778701795.80378795 0.00651230 1.57912513 -1.53494021 0.47173417 -0.36729762 0.58828074 0.54450445
1778701795.80394340 -0.00010070 1.57788105 -1.53781506 0.47284906 -0.36595513 0.58729178 0.54550800
1778701795.81411004 -0.01136794 1.57533005 -1.54487924 0.47472507 -0.36369969 0.58538463 0.54743354
1778701795.82438397 -0.02976785 1.57428266 -1.55141690 0.47813582 -0.36060189 0.58246077 0.54962885
1778701795.83466911 -0.04570006 1.57250849 -1.55856079 0.48103260 -0.35776339 0.57946471 0.55211742
1778701795.84494352 -0.05141612 1.56953112 -1.56557509 0.48191138 -0.35636912 0.57743815 0.55437140
1778701795.85523391 -0.06664135 1.56723762 -1.57255185 0.48456148 -0.35362056 0.57465324 0.55671027
1778701795.86546206 -0.07526947 1.56486754 -1.58001607 0.48615642 -0.35189097 0.57179536 0.55935208
1778701795.87578726 -0.08203309 1.55973782 -1.58862501 0.48679419 -0.34995023 0.56992170 0.56192127
1778701795.88608646 -0.09239504 1.55714181 -1.59580257 0.48857208 -0.34797456 0.56743492 0.56411758
1778701795.89638281 -0.09970087 1.55127213 -1.60608777 0.48939745 -0.34582189 0.56448515 0.56767409
1778701795.90669060 -0.11033594 1.54572319 -1.61587755 0.49088761 -0.34315673 0.56124374 0.57120774
1778701795.91695929 -0.12000162 1.54173302 -1.62278823 0.49216094 -0.34095559 0.55946750 0.57316927
1778701795.92734170 -0.13273264 1.53810215 -1.63018096 0.49411455 -0.33837405 0.55696943 0.57544667
1778701795.93769932 -0.14989170 1.53284587 -1.63877170 0.49645416 -0.33472851 0.55446641 0.57797673
1778701795.94801784 -0.15951339 1.52969434 -1.64414853 0.49789523 -0.33271484 0.55225373 0.58001465
1778701795.95833635 -0.17626434 1.52189932 -1.65436072 0.49971418 -0.32877574 0.54997293 0.58285678
1778701795.96863270 -0.18931135 1.51735418 -1.66172809 0.50149485 -0.32602894 0.54750290 0.58519109
1778701795.97899055 -0.20252098 1.51052855 -1.66981188 0.50278358 -0.32281723 0.54565640 0.58758556
1778701795.97922921 -0.20757330 1.50771844 -1.67286013 0.50322306 -0.32155958 0.54500757 0.58850041
1778701795.98926783 -0.21958330 1.50324517 -1.67879947 0.50470864 -0.31896274 0.54309324 0.59040807
1778701795.99954867 -0.22884371 1.49866138 -1.68485056 0.50574063 -0.31684847 0.54151203 0.59211332
1778701796.00978470 -0.24879773 1.48831938 -1.69638415 0.50768748 -0.31215964 0.53869266 0.59549978
1778701796.02003741 -0.25832136 1.48255482 -1.70303442 0.50853145 -0.30985459 0.53711660 0.59740409
1778701796.03034019 -0.26828078 1.47471683 -1.71237339 0.50925664 -0.30720047 0.53494269 0.60010154
1778701796.04060364 -0.28046461 1.47227831 -1.71639282 0.51133501 -0.30509276 0.53194914 0.60206730
1778701796.05098081 -0.28885396 1.46740345 -1.72231321 0.51222383 -0.30309918 0.52946676 0.60450193
1778701796.05128455 -0.29083555 1.46663555 -1.72353284 0.51254486 -0.30275518 0.52897496 0.60483267
1778701796.06136703 -0.30241064 1.46067763 -1.72991127 0.51355659 -0.30017222 0.52836514 0.60579414
1778701796.07167339 -0.30494149 1.45748583 -1.73559441 0.51401404 -0.29964497 0.52599020 0.60773084
1778701796.08195806 -0.31196797 1.45224826 -1.74187172 0.51453123 -0.29792377 0.52494138 0.60904481
1778701796.08236122 -0.31284838 1.45252160 -1.74232331 0.51485150 -0.29794925 0.52455000 0.60909890
1778701796.09232140 -0.32097317 1.44299850 -1.75198010 0.51486915 -0.29527836 0.52256242 0.61208575
1778701796.10262680 -0.32135824 1.44234660 -1.75617229 0.51538967 -0.29551359 0.52060108 0.61320448
1778701796.11293483 -0.32723034 1.44069193 -1.76053942 0.51655681 -0.29464803 0.51865793 0.61428459
1778701796.12327480 -0.32838816 1.43945403 -1.76437316 0.51696689 -0.29451926 0.51687610 0.61550202
1778701796.12345767 -0.33196284 1.43722035 -1.76678507 0.51722861 -0.29364978 0.51648491 0.61602574
1778701796.13358688 -0.32900433 1.43757488 -1.76989502 0.51731115 -0.29448617 0.51525595 0.61658607
1778701796.14389682 -0.33487357 1.43618583 -1.77436044 0.51853457 -0.29359534 0.51310577 0.61777515
1778701796.15421224 -0.33212759 1.43734394 -1.77806431 0.51896857 -0.29457101 0.51145724 0.61831306
1778701796.16455054 -0.33589655 1.43607210 -1.78176410 0.51974525 -0.29396305 0.50989456 0.61923997
1778701796.17486882 -0.33258956 1.43743531 -1.78551589 0.52013849 -0.29501791 0.50812576 0.61986176
1778701796.18513656 -0.34791574 1.43175907 -1.79203989 0.52198066 -0.29180205 0.50588970 0.62166177
1778701796.19543123 -0.34508498 1.43209854 -1.79530825 0.52208530 -0.29257491 0.50516190 0.62180248
1778701796.19558907 -0.34316087 1.43311427 -1.79587322 0.52214380 -0.29311526 0.50468459 0.62188645
1778701796.20568228 -0.34676080 1.43093660 -1.80036756 0.52274783 -0.29232242 0.50306635 0.62306224
1778701796.21594810 -0.36055120 1.42163546 -1.80993285 0.52369156 -0.28882728 0.50074191 0.62576632
1778701796.22624040 -0.36813431 1.41085206 -1.82143907 0.52343082 -0.28621797 0.49933587 0.62830179
1778701796.23650241 -0.37040285 1.40754162 -1.82700979 0.52358580 -0.28551128 0.49828397 0.62932846
1778701796.24681282 -0.37411663 1.40002583 -1.83661433 0.52330451 -0.28401942 0.49745798 0.63088899
1778701796.25711846 -0.37818613 1.39047973 -1.84762745 0.52269367 -0.28216867 0.49674154 0.63278750
1778701796.26738119 -0.37712549 1.38520301 -1.85562512 0.52199135 -0.28173423 0.49634537 0.63387075
1778701796.27768803 -0.38044567 1.37536662 -1.86726303 0.52117665 -0.27991710 0.49604520 0.63557885
1778701796.28797078 -0.38595711 1.36509315 -1.87890399 0.52060640 -0.27768578 0.49615544 0.63693749
1778701796.29823065 -0.38800824 1.35797264 -1.88754515 0.51996324 -0.27642926 0.49566089 0.63839281
1778701796.29839563 -0.39228875 1.35700071 -1.88891812 0.52049922 -0.27560315 0.49553649 0.63840979
1778701796.30848503 -0.39905518 1.35286644 -1.89489286 0.52101339 -0.27395000 0.49570401 0.63857182
1778701796.31880116 -0.40001092 1.34552227 -1.90585214 0.52024351 -0.27282105 0.49578138 0.63962191
1778701796.32911158 -0.40617371 1.33995554 -1.91416905 0.52050666 -0.27111281 0.49530570 0.64050209
1778701796.33936524 -0.40869756 1.33483758 -1.92138091 0.52027172 -0.27011415 0.49498955 0.64135874
1778701796.34967899 -0.41755353 1.33093955 -1.92831694 0.52116300 -0.26818620 0.49368445 0.64244918
1778701796.35994840 -0.42257518 1.32494529 -1.93773597 0.52116410 -0.26664889 0.49376703 0.64302447
1778701796.37016582 -0.42566518 1.32382813 -1.94206664 0.52164164 -0.26610070 0.49267597 0.64370087
1778701796.38050413 -0.42690463 1.32565409 -1.94634760 0.52245579 -0.26626557 0.49231247 0.64325036
1778701796.39081311 -0.42552980 1.32348017 -1.95389136 0.52223623 -0.26633635 0.49251640 0.64324324
1778701796.40108562 -0.41699264 1.32126205 -1.96151692 0.52092109 -0.26761333 0.49218880 0.64402990
1778701796.40126538 -0.41800514 1.32016518 -1.96337299 0.52096411 -0.26735474 0.49206123 0.64419995
1778701796.41134930 -0.42473045 1.31222614 -1.97139039 0.52070879 -0.26539766 0.49093307 0.64607365
1778701796.42160988 -0.42883003 1.29891280 -1.98501833 0.51930345 -0.26320667 0.48999480 0.64880758
1778701796.43188977 -0.43205423 1.29538165 -1.99243187 0.51943858 -0.26240470 0.48967029 0.64926909
1778701796.44216609 -0.43074191 1.29009900 -2.00014436 0.51857304 -0.26210823 0.48914781 0.65047345
1778701796.45250249 -0.44429093 1.27515736 -2.01304631 0.51804218 -0.25819833 0.48839739 0.65301908
1778701796.46276259 -0.43656888 1.27723583 -2.01880646 0.51753247 -0.25998030 0.48680208 0.65390681
1778701796.47303581 -0.43656637 1.27371881 -2.02548252 0.51714518 -0.25968118 0.48696383 0.65421157
1778701796.48331809 -0.44169056 1.26682357 -2.03471300 0.51681011 -0.25825085 0.48616017 0.65563869
1778701796.49361610 -0.44959889 1.25607099 -2.04553049 0.51616269 -0.25594579 0.48422047 0.65848186
1778701796.50394440 -0.45344260 1.24991492 -2.05461219 0.51577941 -0.25480346 0.48356932 0.65970259
1778701796.51431584 -0.45559966 1.24980757 -2.05908118 0.51608631 -0.25464124 0.48246160 0.66033595
1778701796.52454948 -0.46284781 1.24980210 -2.06416319 0.51708222 -0.25371888 0.48086420 0.66107664
1778701796.53483534 -0.46891078 1.25196623 -2.06821561 0.51829057 -0.25325258 0.47948235 0.66131285
1778701796.54512095 -0.47447782 1.25488239 -2.07025823 0.51954553 -0.25287674 0.47825113 0.66136348
1778701796.55537033 -0.47323817 1.26548326 -2.07049889 0.52121110 -0.25460852 0.47688949 0.66037104
1778701796.56560564 -0.47615389 1.27066931 -2.07331272 0.52254690 -0.25502227 0.47591993 0.65985499
1778701796.57589817 -0.47393152 1.27855239 -2.07371166 0.52360796 -0.25654425 0.47469117 0.65930876
1778701796.58617711 -0.48361571 1.27796447 -2.07860628 0.52479060 -0.25518417 0.47297832 0.66012678
1778701796.59645319 -0.48581073 1.28488634 -2.08002850 0.52629765 -0.25594967 0.47141274 0.65975039
1778701796.60677624 -0.48176506 1.29009174 -2.08377255 0.52675303 -0.25747885 0.47011771 0.65971602
1778701796.61706305 -0.48377009 1.28908692 -2.08836981 0.52694425 -0.25724476 0.46950999 0.66008731
1778701796.62734246 -0.48213542 1.29021597 -2.09353161 0.52718397 -0.25795623 0.46969263 0.65948804
1778701796.63758659 -0.48222605 1.28801865 -2.10016618 0.52706890 -0.25799585 0.46925551 0.65987557
1778701796.64784050 -0.48624170 1.28511804 -2.10517977 0.52728039 -0.25722679 0.46868152 0.66041457
1778701796.65810490 -0.48948217 1.28072385 -2.11247752 0.52726250 -0.25648826 0.46838182 0.66092851
1778701796.66838598 -0.49363819 1.27352619 -2.12135505 0.52686030 -0.25526214 0.46765246 0.66223911
1778701796.67869830 -0.49245336 1.27559531 -2.12419083 0.52738676 -0.25590912 0.46811038 0.66124610
1778701796.68896008 -0.49719749 1.27051255 -2.13149887 0.52748931 -0.25483881 0.46751513 0.66199834
1778701796.69923067 -0.50654187 1.26596346 -2.13738038 0.52830925 -0.25310066 0.46720941 0.66222712
1778701796.70945549 -0.50779039 1.26084901 -2.14416337 0.52787386 -0.25252739 0.46670884 0.66314551
1778701796.70961046 -0.50990706 1.26340117 -2.14341227 0.52867720 -0.25255251 0.46668975 0.66250911
1778701796.71970654 -0.51870572 1.25879244 -2.14819795 0.52932651 -0.25082703 0.46648040 0.66279355
1778701796.72996569 -0.52232050 1.26196542 -2.15053154 0.53066358 -0.25092540 0.46571849 0.66222269
1778701796.74022865 -0.53398533 1.25614414 -2.15676716 0.53154979 -0.24870340 0.46525951 0.66267264
1778701796.75046897 -0.54079761 1.25496472 -2.15990828 0.53245477 -0.24773942 0.46470533 0.66269605
1778701796.76072931 -0.55355726 1.25341158 -2.16311446 0.53405747 -0.24589266 0.46327116 0.66309823
1778701796.77096224 -0.56152998 1.25660382 -2.16487223 0.53581710 -0.24536216 0.46195743 0.66279166
1778701796.78121614 -0.56866425 1.25686771 -2.16713755 0.53685338 -0.24454477 0.46059501 0.66320324
1778701796.79145670 -0.57918212 1.25780827 -2.16939019 0.53848666 -0.24345519 0.45891928 0.66344162
1778701796.80173087 -0.59409348 1.25558664 -2.17246871 0.53999863 -0.24137113 0.45623344 0.66482517
1778701796.81202102 -0.59499631 1.25917156 -2.17401363 0.54064735 -0.24205459 0.45402840 0.66555859
1778701796.82233644 -0.61092391 1.25629547 -2.17679955 0.54214479 -0.23976295 0.45162786 0.66680210
1778701796.83263707 -0.62281623 1.25160081 -2.18158224 0.54294897 -0.23793482 0.45014910 0.66780179
1778701796.84293580 -0.61991824 1.25713429 -2.18412569 0.54328209 -0.23963862 0.44699550 0.66903880
1778701796.85322905 -0.63952000 1.24746581 -2.18845392 0.54419651 -0.23593308 0.44600519 0.67027241
1778701796.86352324 -0.64717306 1.24726410 -2.19147536 0.54502115 -0.23533202 0.44385260 0.67124188
1778701796.87379384 -0.64215242 1.24774346 -2.19768150 0.54452639 -0.23676530 0.44294385 0.67173949
1778701796.88408041 -0.64611830 1.24775948 -2.20033720 0.54492107 -0.23662111 0.44114556 0.67265301
1778701796.89436364 -0.67419878 1.23747185 -2.20346224 0.54633493 -0.23182304 0.43724715 0.67571529
1778701796.90462708 -0.69083710 1.22565952 -2.21046999 0.54638113 -0.22864185 0.43555418 0.67785184
1778701796.91490221 -0.70194868 1.21933051 -2.21461627 0.54667874 -0.22672102 0.43441509 0.67898709
1778701796.91550112 -0.69632888 1.22004701 -2.21699805 0.54612521 -0.22783546 0.43433204 0.67911261
1778701796.92559814 -0.69569252 1.21961538 -2.22127461 0.54600424 -0.22840543 0.43369782 0.67942367
1778701796.93590617 -0.70525424 1.21153889 -2.22817508 0.54568462 -0.22678124 0.43173112 0.68147400
1778701796.94619703 -0.71464294 1.20065332 -2.23660633 0.54490100 -0.22492151 0.43003742 0.68378435
1778701796.95648932 -0.72021311 1.19583075 -2.24145584 0.54470838 -0.22409351 0.42878371 0.68499593
1778701796.96674132 -0.72687329 1.19026460 -2.24648220 0.54454134 -0.22303425 0.42761784 0.68620219
1778701796.97702289 -0.73408339 1.18329214 -2.25471379 0.54410804 -0.22211303 0.42557455 0.68811230
1778701796.98729420 -0.75296375 1.17916984 -2.25698455 0.54552525 -0.21937211 0.42361814 0.68907601
1778701796.99757671 -0.75402109 1.17899713 -2.26089031 0.54543248 -0.21974903 0.42206628 0.68998103
1778701797.00783539 -0.76975173 1.17043045 -2.26610760 0.54574965 -0.21712013 0.42042678 0.69156163
1778701797.01811171 -0.77826890 1.16657058 -2.26980388 0.54579402 -0.21600916 0.41832851 0.69314514
1778701797.01826596 -0.77758305 1.16549142 -2.27204254 0.54534812 -0.21625082 0.41743672 0.69395792
1778701797.02833056 -0.79333309 1.15816693 -2.27472349 0.54582255 -0.21360127 0.41589857 0.69532770
1778701797.03860021 -0.81318450 1.14349181 -2.28142547 0.54543542 -0.20978834 0.41378590 0.69804748
1778701797.04886985 -0.83952323 1.12792556 -2.28559272 0.54571830 -0.20483165 0.41186785 0.70042873
1778701797.05927253 -0.83842333 1.12812492 -2.29023798 0.54495784 -0.20574190 0.40917198 0.70233149
1778701797.06955290 -0.86319675 1.10992697 -2.29634625 0.54467205 -0.20076871 0.40784156 0.70476205
1778701797.07984686 -0.87823218 1.09757706 -2.30315180 0.54369566 -0.19814654 0.40481168 0.70799751
1778701797.09014416 -0.90556095 1.07775484 -2.30836221 0.54320504 -0.19264483 0.40291480 0.71096830
1778701797.10036945 -0.92704336 1.06506838 -2.31099712 0.54342128 -0.18860729 0.40167932 0.71258285
1778701797.11064076 -0.94674799 1.05975313 -2.31232934 0.54378037 -0.18585308 0.39782036 0.71519263
1778701797.12092614 -0.96957291 1.04690306 -2.31560600 0.54375851 -0.18167151 0.39587843 0.71735794
1778701797.13120818 -0.97634606 1.04071693 -2.32088154 0.54322704 -0.18053785 0.39495468 0.71855499
1778701797.14151263 -1.00104130 1.03095097 -2.32214707 0.54332803 -0.17660818 0.39110762 0.72155321
1778701797.15180993 -1.01820482 1.02156892 -2.32617534 0.54289581 -0.17379463 0.38843833 0.72399947
1778701797.16209555 -1.03540701 1.01052043 -2.32904468 0.54307443 -0.17038669 0.38828007 0.72476005
1778701797.17234683 -1.06304454 1.00368446 -2.32685797 0.54402983 -0.16611877 0.38458704 0.72699993
1778701797.18265676 -1.08236928 0.99531315 -2.32910497 0.54422316 -0.16295085 0.38248602 0.72867868
1778701797.19297290 -1.10407899 0.99131913 -2.32840557 0.54526751 -0.15979631 0.37979603 0.73000237
1778701797.20326138 -1.11882026 0.98858263 -2.32804847 0.54580553 -0.15770608 0.37752974 0.73122939
1778701797.21352148 -1.13992823 0.98562574 -2.32670250 0.54687676 -0.15477116 0.37459253 0.73256545
1778701797.22384024 -1.15917327 0.98612546 -2.32424852 0.54803751 -0.15249243 0.37088035 0.73406316
1778701797.23413205 -1.17307227 0.98564884 -2.32291869 0.54892451 -0.15073944 0.36872690 0.73484691
1778701797.24440336 -1.19114065 0.98849671 -2.31972646 0.55054899 -0.14876205 0.36548748 0.73565247
1778701797.25467396 -1.21065629 0.98763552 -2.31690063 0.55165944 -0.14622387 0.36211766 0.73699474
1778701797.26491666 -1.23191630 0.98682636 -2.31098915 0.55325047 -0.14317289 0.35935311 0.73775388
1778701797.26509929 -1.23721506 0.98757516 -2.30958950 0.55378126 -0.14253166 0.35859197 0.73785015
1778701797.27520752 -1.24708298 0.99020087 -2.30854246 0.55469138 -0.14160945 0.35633431 0.73843761
1778701797.28552103 -1.27503489 0.98803318 -2.30048455 0.55656451 -0.13745180 0.35258927 0.73961054
1778701797.29580069 -1.29710595 0.98932463 -2.29422447 0.55857647 -0.13447247 0.34951450 0.74010073
1778701797.30607152 -1.31362660 0.99066575 -2.28914950 0.56006800 -0.13224713 0.34701937 0.74054850
1778701797.31636238 -1.34281671 0.98888917 -2.27924359 0.56230698 -0.12775815 0.34347405 0.74129231
1778701797.32662868 -1.37015745 0.99274576 -2.26779071 0.56506097 -0.12400415 0.33946936 0.74168027
1778701797.33688641 -1.39044115 0.99359653 -2.25988259 0.56669281 -0.12103638 0.33641848 0.74231534
1778701797.34716320 -1.41699992 0.99779632 -2.24805757 0.56921390 -0.11739619 0.33213967 0.74289764
1778701797.35741973 -1.44417247 1.00478911 -2.23431425 0.57198528 -0.11381782 0.32714109 0.74354357
1778701797.36768627 -1.46699035 1.00991103 -2.22207000 0.57439938 -0.11065627 0.32340991 0.74379202
1778701797.36786270 -1.47306248 1.01192334 -2.21884550 0.57516597 -0.10989018 0.32239612 0.74375332
1778701797.37796855 -1.49594290 1.01833032 -2.20547811 0.57780776 -0.10679518 0.31865419 0.74376911
1778701797.38822913 -1.52615163 1.02447248 -2.18851359 0.58084075 -0.10245329 0.31362906 0.74415332
1778701797.39849663 -1.55351619 1.03136564 -2.17258200 0.58353784 -0.09862246 0.30846452 0.74471930
1778701797.40876818 -1.57540212 1.03457571 -2.16011191 0.58542696 -0.09532123 0.30468714 0.74522137
1778701797.41902685 -1.60367143 1.03807255 -2.14412549 0.58788479 -0.09097425 0.30006028 0.74570704
1778701797.42931247 -1.63212287 1.04243167 -2.12684897 0.59033698 -0.08661161 0.29499624 0.74630952
1778701797.43961287 -1.65309126 1.04501905 -2.11410896 0.59211499 -0.08332019 0.29139343 0.74669100
1778701797.44992304 -1.68091845 1.05014295 -2.09587037 0.59471510 -0.07904205 0.28644736 0.74700349
1778701797.46021295 -1.70080043 1.05777194 -2.08245168 0.59671311 -0.07637958 0.28174150 0.74747665
1778701797.47050405 -1.71799709 1.05845557 -2.07279323 0.59737142 -0.07356150 0.27791470 0.74866515
1778701797.48076010 -1.74096186 1.06242301 -2.05796229 0.59901496 -0.06998796 0.27304313 0.74948664
1778701797.49103737 -1.75850623 1.06807309 -2.04658111 0.60029443 -0.06749635 0.26839612 0.75036948
1778701797.50131011 -1.77805963 1.07091752 -2.03451293 0.60124143 -0.06439299 0.26359501 0.75158496
1778701797.51159477 -1.79220409 1.07279291 -2.02575891 0.60201905 -0.06213860 0.26029527 0.75230195
1778701797.52186799 -1.81163803 1.07355099 -2.01412990 0.60284391 -0.05886202 0.25599089 0.75338115
1778701797.53223562 -1.82946785 1.07393566 -2.00385870 0.60349853 -0.05583177 0.25194943 0.75444935
1778701797.54251933 -1.84569249 1.07190109 -1.99446239 0.60406120 -0.05286164 0.24903412 0.75518059
1778701797.55280733 -1.86605628 1.07064485 -1.98194419 0.60483213 -0.04919124 0.24497921 0.75613722
1778701797.56311250 -1.88842093 1.06795783 -1.96777043 0.60561702 -0.04502696 0.24084061 0.75709735
1778701797.57335305 -1.89840050 1.06941928 -1.96185761 0.60608995 -0.04341324 0.23815501 0.75766249
1778701797.58360887 -1.90995197 1.06980978 -1.95653018 0.60642654 -0.04153117 0.23507576 0.75845989
1778701797.59388471 -1.92404749 1.07080540 -1.94814897 0.60691015 -0.03916869 0.23139057 0.75933147
1778701797.60417509 -1.93849593 1.07057835 -1.93992283 0.60709840 -0.03661800 0.22753194 0.76047346
1778701797.61446047 -1.94743032 1.07211240 -1.93452313 0.60743626 -0.03519857 0.22485429 0.76106688
1778701797.62479854 -1.95841246 1.07470533 -1.92766104 0.60793638 -0.03349100 0.22132115 0.76177993
1778701797.63520312 -1.97077540 1.07540675 -1.92033188 0.60866961 -0.03143306 0.21837382 0.76213263
1778701797.64549232 -1.97845239 1.07705740 -1.91570991 0.60910415 -0.03025637 0.21601198 0.76250607
1778701797.65577674 -1.98761908 1.07838512 -1.91111615 0.60952846 -0.02883832 0.21314836 0.76302765
1778701797.66608429 -1.99533290 1.07959827 -1.90798090 0.60945273 -0.02761989 0.20993602 0.76402315
1778701797.67652988 -2.00360435 1.08091177 -1.90421055 0.60950748 -0.02632063 0.20672097 0.76490149
1778701797.68687010 -2.00951602 1.08286072 -1.90112219 0.60999351 -0.02545798 0.20471396 0.76508300
1778701797.69715405 -2.01435526 1.08965369 -1.89794930 0.61093626 -0.02513990 0.20188727 0.76509242
1778701797.70740414 -2.01796237 1.09756390 -1.89547732 0.61212230 -0.02511149 0.19935512 0.76480928
1778701797.71767473 -2.01811371 1.10488930 -1.89566569 0.61289597 -0.02566905 0.19749628 0.76465342
1778701797.71785665 -2.01876107 1.10707400 -1.89520716 0.61322510 -0.02570890 0.19690449 0.76454081
1778701797.72794747 -2.02047313 1.11342782 -1.89414304 0.61391676 -0.02585796 0.19482872 0.76451249
1778701797.73822713 -2.02123560 1.12021969 -1.89526489 0.61482449 -0.02629339 0.19292942 0.76424979
1778701797.74850750 -2.02269943 1.12645490 -1.89577785 0.61559218 -0.02652197 0.19079619 0.76415945
1778701797.75880647 -2.02350313 1.13021924 -1.89693868 0.61618715 -0.02668619 0.18955445 0.76398322
1778701797.76908374 -2.02485621 1.13144820 -1.90023275 0.61635547 -0.02664722 0.18805701 0.76421883
1778701797.77932954 -2.02714406 1.13158127 -1.90314371 0.61636894 -0.02632526 0.18647904 0.76460570
1778701797.78962898 -2.02688023 1.13099106 -1.90798830 0.61621049 -0.02644887 0.18576809 0.76490216
1778701797.79989505 -2.02835645 1.12966309 -1.91281083 0.61601711 -0.02617662 0.18462515 0.76534388
1778701797.81018615 -2.03346556 1.12297022 -1.91702833 0.61539263 -0.02490825 0.18367988 0.76611565
1778701797.82046628 -2.03750318 1.11952451 -1.91881423 0.61557715 -0.02397542 0.18337300 0.76607069
1778701797.82063746 -2.03686627 1.11842905 -1.92167587 0.61542358 -0.02407066 0.18342331 0.76617903
1778701797.83072829 -2.04009110 1.11582861 -1.92427039 0.61548850 -0.02332330 0.18294760 0.76626373
1778701797.84098768 -2.04668538 1.10926365 -1.92703278 0.61531429 -0.02171007 0.18236169 0.76659064
1778701797.85128880 -2.04982859 1.10506144 -1.93259372 0.61516726 -0.02090488 0.18204438 0.76680641
1778701797.86158061 -2.05352152 1.09990206 -1.93660902 0.61468847 -0.01991327 0.18162114 0.76731696
1778701797.87183022 -2.06105536 1.09377063 -1.93884028 0.61449050 -0.01810638 0.18093848 0.76768147
1778701797.88208699 -2.06817731 1.08776184 -1.94176455 0.61426106 -0.01640605 0.18036496 0.76803819
1778701797.89233780 -2.07196983 1.08319892 -1.94569508 0.61349257 -0.01542084 0.17943884 0.76888931
1778701797.90256596 -2.08235243 1.07444398 -1.94689538 0.61288342 -0.01291957 0.17847694 0.76964471
1778701797.91280317 -2.08958427 1.06849885 -1.94996759 0.61226739 -0.01119764 0.17739615 0.77041149
1778701797.92306685 -2.09298083 1.06528265 -1.95391320 0.61209567 -0.01038436 0.17712365 0.77062200
1778701797.93332028 -2.09957973 1.06143214 -1.95674542 0.61171676 -0.00892033 0.17598899 0.77120095
1778701797.94362044 -2.10795940 1.05668093 -1.95803312 0.61153224 -0.00705724 0.17497037 0.77159827
1778701797.95391369 -2.11212005 1.05533367 -1.96007174 0.61175593 -0.00622017 0.17452488 0.77152904
1778701797.95408249 -2.11364983 1.05527304 -1.96039954 0.61187388 -0.00592133 0.17428666 0.77149171
1778701797.96418881 -2.11836566 1.05416324 -1.96175772 0.61181879 -0.00499238 0.17321740 0.77178273
1778701797.97446108 -2.12784581 1.05177312 -1.96045552 0.61217278 -0.00306167 0.17192508 0.77180106
1778701797.98470831 -2.13262574 1.05241192 -1.96272459 0.61264258 -0.00224784 0.17099605 0.77163746
1778701797.99497581 -2.14045653 1.05169177 -1.96024045 0.61312997 -0.00073542 0.16988997 0.77149756
1778701798.00525117 -2.14740432 1.05173307 -1.96052671 0.61339294 0.00050696 0.16840185 0.77161497
1778701798.01551342 -2.15051273 1.05425473 -1.96384065 0.61376983 0.00082945 0.16722869 0.77157013
1778701798.02580857 -2.15237411 1.05962910 -1.96475928 0.61568452 0.00077994 0.16777288 0.76992482
1778701798.03614092 -2.15764383 1.05676535 -1.96862257 0.61408956 0.00181787 0.16487248 0.77182107
1778701798.04648328 -2.16057520 1.06089102 -1.97123102 0.61497270 0.00199249 0.16404795 0.77129299
1778701798.05675459 -2.16453460 1.05981506 -1.97538483 0.61488607 0.00261114 0.16312641 0.77155562
1778701798.06707311 -2.16604920 1.06423898 -1.97736665 0.61633189 0.00252071 0.16343525 0.77033601
1778701798.07734942 -2.16558329 1.06714474 -1.98459028 0.61641253 0.00205948 0.16269877 0.77042875
1778701798.08766723 -2.16694360 1.07169104 -1.98907704 0.61682052 0.00185297 0.16152866 0.77034895
1778701798.09792423 -2.16836338 1.07689178 -1.99106087 0.61786451 0.00176079 0.16118350 0.76958445
1778701798.10819268 -2.16978367 1.08404132 -1.99445447 0.61823619 0.00144464 0.15927176 0.76968463
1778701798.11846280 -2.17050167 1.09158916 -1.99829966 0.61960446 0.00100126 0.15888633 0.76866407
1778701798.12880063 -2.16868550 1.10096169 -2.00181861 0.62095392 0.00002102 0.15854552 0.76764546
1778701798.12900090 -2.17102775 1.10363366 -1.99989230 0.62219081 0.00028269 0.15904321 0.76654013
1778701798.13908005 -2.17495243 1.10890909 -1.99936406 0.62351745 0.00057139 0.15863081 0.76554682
1778701798.14936066 -2.17084979 1.11979590 -2.00671230 0.62457431 -0.00101734 0.15796645 0.76482187
1778701798.15969229 -2.16938183 1.13037039 -2.01115564 0.62584455 -0.00207515 0.15717006 0.76394493
1778701798.17005873 -2.17273955 1.13466903 -2.01145341 0.62670017 -0.00187455 0.15647487 0.76338653
1778701798.18038797 -2.17152828 1.14096839 -2.01768965 0.62725511 -0.00271466 0.15576376 0.76307359
1778701798.19070005 -2.16836417 1.14684139 -2.02618303 0.62739413 -0.00393697 0.15500454 0.76310858
1778701798.20098448 -2.16183547 1.15345183 -2.03564583 0.62743111 -0.00572962 0.15458329 0.76315227
1778701798.21131372 -2.16172586 1.15575282 -2.04256848 0.62735509 -0.00623341 0.15385562 0.76335783
1778701798.22156024 -2.15938846 1.15787996 -2.05166023 0.62725020 -0.00714084 0.15356539 0.76349451
1778701798.23184085 -2.16010482 1.15741180 -2.05893409 0.62696751 -0.00735186 0.15309555 0.76381898
1778701798.24214816 -2.15846698 1.15802780 -2.06598941 0.62662131 -0.00798715 0.15269646 0.76417651
1778701798.25239944 -2.15230854 1.15981402 -2.07912650 0.62569017 -0.00962686 0.15201970 0.76505500
1778701798.26270700 -2.14994188 1.16050053 -2.08859083 0.62511326 -0.01050395 0.15135118 0.76564737
1778701798.27301431 -2.14873365 1.15972567 -2.09581940 0.62457104 -0.01100094 0.15092686 0.76616649
1778701798.28335524 -2.14751538 1.15835460 -2.10515091 0.62385197 -0.01157618 0.15038060 0.76685096
1778701798.29362941 -2.14560967 1.15760470 -2.11472974 0.62296164 -0.01231017 0.14947270 0.76774030
1778701798.30389786 -2.14753839 1.15690560 -2.11860535 0.62305797 -0.01219138 0.14929092 0.76769940
1778701798.30406618 -2.14686334 1.15715678 -2.12095190 0.62292817 -0.01242948 0.14911755 0.76783459
1778701798.31420231 -2.14658664 1.15726059 -2.12663595 0.62249640 -0.01280068 0.14833774 0.76832954
1778701798.32447410 -2.15018620 1.15514122 -2.13133747 0.62193296 -0.01245654 0.14713169 0.76902308
1778701798.33479834 -2.15507994 1.15258047 -2.13491717 0.62181208 -0.01177311 0.14651286 0.76924971
1778701798.34508514 -2.15919991 1.15050856 -2.13725967 0.62152100 -0.01123791 0.14568156 0.76965072
1778701798.35539818 -2.16032471 1.15003586 -2.14381123 0.62082618 -0.01146111 0.14434633 0.77045936
1778701798.36565995 -2.16245140 1.15138924 -2.14823356 0.62039976 -0.01159709 0.14266156 0.77111434
1778701798.37587857 -2.16928124 1.14908930 -2.14807260 0.62026118 -0.01055548 0.14156749 0.77144235
1778701798.38612986 -2.16761900 1.15451255 -2.15423737 0.62013399 -0.01154663 0.13993958 0.77182733
1778701798.39639759 -2.17930996 1.15245817 -2.15083247 0.62066974 -0.00968864 0.13874333 0.77163819
1778701798.40676761 -2.18270723 1.15342080 -2.15431273 0.62031877 -0.00962455 0.13696709 0.77223831
1778701798.41701889 -2.18762791 1.15473853 -2.15399229 0.62022916 -0.00916964 0.13524156 0.77261985
1778701798.42727232 -2.19522839 1.15225025 -2.15494943 0.62037509 -0.00806779 0.13434723 0.77267100
1778701798.43750787 -2.20276568 1.15129039 -2.15489768 0.62039042 -0.00713154 0.13275949 0.77294229
1778701798.44777966 -2.20777684 1.15304217 -2.15399060 0.62103746 -0.00658302 0.13194650 0.77256667
1778701798.45809793 -2.21806544 1.14592543 -2.15445162 0.62015343 -0.00496171 0.13017176 0.77358931
1778701798.46836758 -2.22778028 1.13589651 -2.15714409 0.61893713 -0.00328631 0.12883234 0.77479562
1778701798.47870708 -2.23468429 1.13066011 -2.15812797 0.61852134 -0.00220285 0.12798103 0.77527244
1778701798.48907018 -2.24240238 1.13101331 -2.15689798 0.61905332 -0.00123957 0.12675204 0.77505185
1778701798.49941564 -2.25354772 1.12378582 -2.15616204 0.61855177 0.00055861 0.12538943 0.77567447
1778701798.50967169 -2.26445051 1.11715914 -2.15522959 0.61789183 0.00227088 0.12362792 0.77647966
1778701798.51998687 -2.27340172 1.11404788 -2.15260401 0.61778143 0.00363574 0.12223214 0.77678323
1778701798.53026724 -2.28471275 1.10979141 -2.14975389 0.61774701 0.00534678 0.12069835 0.77704051
1778701798.54056859 -2.29909215 1.10443509 -2.14238297 0.61779725 0.00782185 0.11913023 0.77722156
1778701798.55088615 -2.31425259 1.09866906 -2.13600946 0.61728505 0.01025018 0.11664920 0.77797626
1778701798.56115246 -2.33011332 1.09074869 -2.13008415 0.61644590 0.01283690 0.11418501 0.77896820
1778701798.57132888 -2.35010528 1.08275593 -2.11944965 0.61544771 0.01616107 0.11077012 0.78018775
1778701798.58163476 -2.36756543 1.07466149 -2.10974125 0.61410049 0.01912620 0.10754082 0.78163274
1778701798.58186913 -2.37281964 1.07391365 -2.10619102 0.61392372 0.01995132 0.10646697 0.78189794
1778701798.59196544 -2.38401648 1.06982192 -2.10162698 0.61317090 0.02166007 0.10427966 0.78273753
1778701798.60223317 -2.40265717 1.06387915 -2.09151032 0.61184751 0.02462578 0.10044475 0.78418560
1778701798.61248636 -2.41781374 1.05853957 -2.08504720 0.61058004 0.02693282 0.09725390 0.78549877
1778701798.62281513 -2.42948629 1.05908414 -2.07754052 0.61098960 0.02866369 0.09548955 0.78533550
1778701798.63307953 -2.44373382 1.06677928 -2.06598874 0.61126468 0.03040270 0.09139407 0.78554331
1778701798.64333558 -2.46137048 1.05023007 -2.06275443 0.60807083 0.03353047 0.08820525 0.78825466
1778701798.65362287 -2.47568648 1.04554001 -2.05488399 0.60713493 0.03586459 0.08565725 0.78915382
1778701798.66388798 -2.49881874 1.04407585 -2.03648370 0.60739964 0.03979087 0.08232731 0.78911633
1778701798.67411828 -2.52337177 1.03994823 -2.01739649 0.60769247 0.04412888 0.07947702 0.78895241
1778701798.68441319 -2.53852713 1.03565064 -2.00784996 0.60705167 0.04672001 0.07717912 0.78952447
1778701798.69471359 -2.55850321 1.02781152 -1.99629348 0.60588065 0.05025422 0.07427610 0.79048480
1778701798.70495677 -2.57110648 1.02253635 -1.99272227 0.60431010 0.05218016 0.07157478 0.79181032
1778701798.71523571 -2.58720170 1.01438687 -1.98584217 0.60273197 0.05492806 0.06893164 0.79306085
1778701798.72547221 -2.61698781 1.00564399 -1.95858778 0.60208720 0.06067240 0.06507374 0.79345779
1778701798.73580885 -2.63930917 1.00545205 -1.93894745 0.60268227 0.06466278 0.06209313 0.79292953
1778701798.74621725 -2.62946538 0.99281547 -1.97024484 0.59639039 0.06164797 0.05934289 0.79812057
1778701798.75651670 -2.64813702 0.99486584 -1.95032018 0.59826395 0.06509187 0.05783692 0.79655394
1778701798.75668263 -2.65311568 1.00102869 -1.94227563 0.60019825 0.06591993 0.05783244 0.79502958
1778701798.76677752 -2.66385597 0.99088464 -1.93979129 0.59775837 0.06777821 0.05547157 0.79687763
1778701798.77705097 -2.69665299 0.90662356 -1.94820481 0.58119644 0.07528326 0.04995898 0.80873186
1778701798.78736234 -2.70745155 0.89525803 -1.94821472 0.57863694 0.07697584 0.04783121 0.81053450
1778701798.79764104 -2.71700900 0.91160554 -1.93244704 0.58197848 0.07824319 0.04626231 0.80810820
1778701798.80792212 -2.71575428 0.97224462 -1.91109332 0.59442099 0.07642859 0.04687880 0.79914000
1778701798.81819248 -2.74508376 0.89873576 -1.91677397 0.57903730 0.08298856 0.04106914 0.81002594
1778701798.82851768 -2.75784228 0.86938861 -1.92070948 0.57317613 0.08558581 0.03895924 0.81401866
1778701798.83891416 -2.77220365 0.86840335 -1.90893167 0.57307056 0.08804357 0.03664706 0.81393824
1778701798.84922504 -2.78345766 0.87284756 -1.89956950 0.57357098 0.08970944 0.03433992 0.81350435
1778701798.85956216 -2.79363820 0.89019871 -1.88399776 0.57719141 0.09113942 0.03270702 0.81084766
1778701798.86988378 -2.79561732 0.92095665 -1.87187239 0.58342952 0.09074402 0.03247158 0.80642490
1778701798.88015914 -2.80086556 0.96090063 -1.85157257 0.59201936 0.09084903 0.03223878 0.80013761
1778701798.89044476 -2.81023576 0.95106995 -1.85281751 0.58847866 0.09225206 0.02898355 0.80270940
1778701798.90074539 -2.83417585 0.90253560 -1.85010284 0.57909312 0.09759817 0.02541711 0.80899921
1778701798.91112852 -2.84694420 0.89993606 -1.84177378 0.57816841 0.09979848 0.02285676 0.80946842
1778701798.92145014 -2.85630510 0.92522357 -1.82240174 0.58341165 0.10108064 0.02141822 0.80557731
1778701798.93180919 -2.85569743 0.95667794 -1.81309956 0.58931371 0.10017514 0.02104701 0.80139336
1778701798.93202043 -2.85599467 0.96522835 -1.81012760 0.59094315 0.10001125 0.02091901 0.80021643
1778701798.94217610 -2.86209708 0.97682985 -1.80099883 0.59289464 0.10080824 0.01945505 0.79870842
1778701798.95247006 -2.87596028 0.97693848 -1.78810413 0.59304852 0.10337913 0.01725010 0.79831613
1778701798.96276116 -2.88823552 0.99485984 -1.76677558 0.59606148 0.10541168 0.01444854 0.79585823
1778701798.97314239 -2.89826941 0.99563464 -1.75703036 0.59686389 0.10731822 0.01339288 0.79502008
1778701798.98348618 -2.90775136 0.96077310 -1.77221163 0.58726686 0.10887618 0.00919665 0.80198444
1778701798.99376535 -2.92559113 0.93911095 -1.76482663 0.58286539 0.11252680 0.00617427 0.80471581
1778701799.00407743 -2.92962371 0.95844364 -1.75592837 0.58575361 0.11268613 0.00429085 0.80260584
1778701799.01435161 -2.93299015 0.97940668 -1.74425042 0.58997847 0.11299033 0.00353443 0.79946614
1778701799.02463675 -2.93783952 1.00013588 -1.73184367 0.59390907 0.11350301 0.00224542 0.79648230
1778701799.03507066 -2.95169587 0.99054699 -1.72270490 0.59220111 0.11631763 -0.00003403 0.79735065
1778701799.04539490 -2.95933597 0.99014523 -1.71606528 0.59177543 0.11773385 -0.00183210 0.79745673
1778701799.05571365 -2.97143099 0.98750656 -1.70485181 0.59166599 0.12018131 -0.00366457 0.79716647
1778701799.06601834 -2.98005489 0.99063456 -1.69553959 0.59267073 0.12182818 -0.00503447 0.79616201
1778701799.07642341 -2.98921067 0.99196996 -1.68648992 0.59325618 0.12357632 -0.00655144 0.79544520
1778701799.08675790 -2.99728276 0.99430473 -1.67645995 0.59397855 0.12522882 -0.00789513 0.79463507
1778701799.09703517 -3.00897372 0.99454286 -1.66333282 0.59404663 0.12760284 -0.01018318 0.79418034
1778701799.10734296 -3.01648116 0.99257329 -1.65920550 0.59419157 0.12901731 -0.01117197 0.79383002
1778701799.11761808 -3.02885803 1.00850016 -1.63152635 0.59863072 0.13185259 -0.01252928 0.78999948
1778701799.12785983 -3.02198097 1.03193943 -1.63685136 0.60189002 0.12958313 -0.01324175 0.78788405
1778701799.13814640 -3.01483732 1.02827608 -1.66129055 0.59894686 0.12714128 -0.01444000 0.79049936
1778701799.14837885 -3.03226654 1.01163563 -1.64805555 0.59659118 0.13106266 -0.01666151 0.79159582
1778701799.15868020 -3.04625795 0.99478746 -1.63818236 0.59445317 0.13433661 -0.01799970 0.79262546
1778701799.16907859 -3.05460309 0.98471448 -1.63679139 0.59272500 0.13600088 -0.01943303 0.79360140
1778701799.17933393 -3.07502599 0.95054078 -1.62689964 0.58754070 0.14084372 -0.02145310 0.79655429
1778701799.18962812 -3.07769030 0.94097084 -1.63348783 0.58562343 0.14115971 -0.02211499 0.79789101
1778701799.19996929 -3.08040270 0.96972127 -1.61654574 0.59068652 0.14150624 -0.02410313 0.79403051
1778701799.21024871 -3.06870558 0.99573758 -1.62913671 0.59547871 0.13822537 -0.02313319 0.79105228
1778701799.22053123 -3.05196196 1.00070770 -1.66280890 0.59406512 0.13358011 -0.02299294 0.79291507
1778701799.23085308 -3.06725894 0.96511906 -1.66385064 0.58845452 0.13712775 -0.02433389 0.79644530
1778701799.24115396 -3.08770812 0.94378385 -1.64454370 0.58728019 0.14229557 -0.02513933 0.79638054
1778701799.25141907 -3.09388897 0.96823052 -1.62304446 0.59206783 0.14370571 -0.02717716 0.79250599
1778701799.26176834 -3.08343273 0.98295554 -1.63853806 0.59553027 0.14099073 -0.02528469 0.79045936
1778701799.27204752 -3.07317797 0.96342364 -1.67740095 0.58972301 0.13793293 -0.02583258 0.79532003
1778701799.28241205 -3.08899298 0.93782373 -1.66885495 0.58759347 0.14199869 -0.02598129 0.79617540
1778701799.29281116 -3.08719076 0.94466020 -1.67229135 0.58893341 0.14144838 -0.02620173 0.79527559
1778701799.29304409 -3.08740456 0.94520779 -1.67278848 0.58947732 0.14153138 -0.02593719 0.79486642
1778701799.30319262 -3.08786907 0.95230097 -1.67161634 0.59136887 0.14163768 -0.02602855 0.79343818
1778701799.31345749 -3.07664188 0.96929232 -1.68725077 0.59358694 0.13869537 -0.02598134 0.79230241
1778701799.32378054 -3.06157941 0.98448989 -1.71030343 0.59565743 0.13495123 -0.02507883 0.79142369
1778701799.33405733 -3.05926636 1.01898095 -1.69585971 0.60324804 0.13458691 -0.02453654 0.78573285
1778701799.34432793 -3.11102014 0.90685624 -1.67340380 0.58546756 0.14746691 -0.02896178 0.79664450
1778701799.35462713 -3.04738871 0.94422975 -1.77314349 0.58679465 0.13130440 -0.02525509 0.79861966
1778701799.36503005 -3.10710428 0.83667405 -1.72975305 0.57489042 0.14674154 -0.02593023 0.80454680
1778701799.37531877 -3.10551514 0.81619724 -1.74639127 0.57233935 0.14660035 -0.02461622 0.80643043
1778701799.38560915 -3.06810128 0.86045304 -1.79411601 0.57636676 0.13705616 -0.02403123 0.80525739
1778701799.39595270 -3.05743684 0.89187804 -1.79911354 0.58335489 0.13490894 -0.02206065 0.80063099
1778701799.40627146 -3.05520981 0.90640127 -1.79778580 0.58721948 0.13469419 -0.02104021 0.79786469
1778701799.41662264 -3.04098937 0.92275135 -1.81745352 0.59010728 0.13155763 -0.01956759 0.79629335
1778701799.42698598 -3.04408848 0.90463649 -1.82674919 0.58811903 0.13262247 -0.01891934 0.79760225
1778701799.43724489 -3.04638085 0.90429817 -1.82666105 0.58903394 0.13341187 -0.01856273 0.79680344
1778701799.43742514 -3.04903912 0.90354169 -1.82363497 0.58973651 0.13418615 -0.01817167 0.79616249
1778701799.44758797 -3.03852826 0.89240262 -1.85113209 0.58655062 0.13173403 -0.01793824 0.79892599
1778701799.45786667 -3.04370725 0.85916576 -1.86519881 0.58092574 0.13309235 -0.01837844 0.80279134
1778701799.46808648 -3.04645402 0.85261579 -1.86909591 0.58018952 0.13387957 -0.01865362 0.80318642
1778701799.47835064 -3.04302252 0.86021491 -1.87506486 0.58157584 0.13314473 -0.01843410 0.80231055
1778701799.48864388 -3.04770296 0.85919919 -1.87285592 0.58222607 0.13439434 -0.01864795 0.80162536
1778701799.49897432 -3.04796470 0.85626688 -1.87921801 0.58128980 0.13440716 -0.01948716 0.80228245
1778701799.50926089 -3.04530687 0.84922093 -1.89076451 0.57969593 0.13378240 -0.01969751 0.80353401
1778701799.51960301 -3.04518436 0.83884990 -1.90103171 0.57751608 0.13370249 -0.02039957 0.80509793
1778701799.52986717 -3.04846067 0.82888205 -1.90515215 0.57560566 0.13440005 -0.02143508 0.80632208
1778701799.54023743 -3.05461039 0.83802518 -1.89509880 0.57849197 0.13597707 -0.02156885 0.80398511
1778701799.55063748 -3.05463551 0.82560807 -1.90428031 0.57534043 0.13579904 -0.02286769 0.80623761
1778701799.56088734 -3.05474630 0.79073256 -1.92508242 0.56903494 0.13584939 -0.02312654 0.81068449
1778701799.57113934 -3.05943874 0.77593085 -1.92855296 0.56645602 0.13687083 -0.02413066 0.81228792
1778701799.58141017 -3.06393766 0.77104413 -1.92676985 0.56632309 0.13802086 -0.02431768 0.81218043
1778701799.59173441 -3.06215705 0.77166711 -1.93421434 0.56658464 0.13763094 -0.02433840 0.81206355
1778701799.60197449 -3.06752728 0.76739237 -1.93207807 0.56663745 0.13897334 -0.02467263 0.81178795
1778701799.61226749 -3.07649931 0.75865373 -1.92517551 0.56626948 0.14117092 -0.02495846 0.81165678
1778701799.61243677 -3.07540380 0.76007702 -1.92771572 0.56632071 0.14087461 -0.02510866 0.81166789
1778701799.62259579 -3.08284943 0.75308530 -1.92258599 0.56586537 0.14266044 -0.02560108 0.81165815
1778701799.63286066 -3.09214830 0.74238388 -1.91778412 0.56493879 0.14484875 -0.02620272 0.81189680
1778701799.64320588 -3.09674850 0.74569719 -1.91518168 0.56573418 0.14579266 -0.02696496 0.81114871
1778701799.65353322 -3.09899511 0.74930820 -1.91485126 0.56667786 0.14624085 -0.02720991 0.81040079
1778701799.66385174 -3.10952172 0.75081813 -1.90381490 0.56731667 0.14846581 -0.02855559 0.80950249
1778701799.67411423 -3.12610000 0.73557277 -1.88998402 0.56593510 0.15226715 -0.02967006 0.80972333
1778701799.68440747 -3.13964687 0.72060781 -1.87914170 0.56414801 0.15535820 -0.03075246 0.81034261
1778701799.69471264 -3.12755792 0.74644884 -1.89715726 0.56604779 0.15163165 -0.03205056 0.80967308
1778701799.70502782 -3.12813970 0.76560396 -1.89594951 0.56826030 0.15114246 -0.03361021 0.80815007
1778701799.71528697 -3.13919114 0.77252989 -1.88240405 0.56926118 0.15320382 -0.03557636 0.80697250
1778701799.72554708 -3.14393530 0.78170946 -1.87672343 0.57015582 0.15381127 -0.03713404 0.80615476
1778701799.73581243 -3.14813097 0.78895819 -1.87475953 0.57028550 0.15410279 -0.03907448 0.80591561
1778701799.74609351 -3.15438292 0.79632430 -1.86913985 0.57020616 0.15479496 -0.04156017 0.80571472
1778701799.75640154 -3.15465407 0.80641796 -1.87017060 0.57080406 0.15430446 -0.04299553 0.80531003
1778701799.76665425 -3.15798477 0.82192015 -1.86531143 0.57227488 0.15439524 -0.04503280 0.80413656
1778701799.77692437 -3.18772653 0.79232090 -1.83554914 0.56853331 0.16101918 -0.04766921 0.80533865
1778701799.78725219 -3.19386736 0.78466062 -1.83461641 0.56650424 0.16191153 -0.04924799 0.80649380
1778701799.78740335 -3.17587168 0.80800413 -1.85792717 0.56790749 0.15707744 -0.04967208 0.80643688
1778701799.79757047 -3.20614539 0.77416184 -1.82598178 0.56433690 0.16417283 -0.05138002 0.80742259
1778701799.80788398 -3.18962998 0.81646780 -1.84406397 0.56758458 0.15903370 -0.05383630 0.80601345
1778701799.81812406 -3.19428104 0.83936567 -1.83289644 0.57045010 0.15947625 -0.05608761 0.80374634
1778701799.82834864 -3.19230023 0.85785154 -1.83337532 0.57209380 0.15839177 -0.05777298 0.80267242
1778701799.83861423 -3.21815159 0.82565416 -1.81157721 0.56717927 0.16387707 -0.06051740 0.80485379
1778701799.84888864 -3.21411557 0.82848110 -1.82630588 0.56546303 0.16193351 -0.06236639 0.80631230
1778701799.85915136 -3.20887777 0.85147436 -1.83051958 0.56724593 0.15995597 -0.06435699 0.80529766
1778701799.86942601 -3.21549271 0.87892073 -1.81244214 0.57127487 0.16105699 -0.06660057 0.80204117
1778701799.87971997 -3.22604229 0.88982604 -1.79561410 0.57294008 0.16306554 -0.06870785 0.80026778
1778701799.88998723 -3.22815242 0.90104584 -1.79199218 0.57360263 0.16299967 -0.07063337 0.79963870
1778701799.89014935 -3.22696690 0.90467355 -1.79449034 0.57364653 0.16248776 -0.07114692 0.79966587
1778701799.90029550 -3.23333877 0.90947663 -1.78648005 0.57381904 0.16350258 -0.07294406 0.79917319
1778701799.91056204 -3.24307544 0.91260512 -1.77508899 0.57352394 0.16513762 -0.07543484 0.79881753
1778701799.92081356 -3.27730760 0.86824533 -1.74294566 0.56731097 0.17268537 -0.07841447 0.80136708
1778701799.93107295 -3.28725009 0.85265910 -1.73893253 0.56437492 0.17445499 -0.07993311 0.80290541
1778701799.94138932 -3.29660044 0.84516882 -1.73333581 0.56189214 0.17579626 -0.08256984 0.80408651
1778701799.95165443 -3.30205236 0.85031838 -1.72666017 0.56153234 0.17642835 -0.08484036 0.80396304
1778701799.95182896 -3.30315512 0.85203431 -1.72569309 0.56145190 0.17647676 -0.08546170 0.80394279
1778701799.96193314 -3.31231939 0.85352972 -1.71293775 0.56122747 0.17820227 -0.08749464 0.80350007
1778701799.97225451 -3.32175829 0.86128520 -1.69834300 0.56151660 0.17979521 -0.09029558 0.80263286
1778701799.98252702 -3.31807470 0.89477932 -1.69571720 0.56382354 0.17786959 -0.09409085 0.80100708
1778701799.99279881 -3.32036999 0.91926288 -1.68342979 0.56642385 0.17796129 -0.09671137 0.79883710
1778701799.99297380 -3.32085436 0.92638250 -1.68037197 0.56710930 0.17792201 -0.09752322 0.79826062
1778701800.00307727 -3.32870574 0.94192676 -1.66157555 0.56892411 0.17947828 -0.10003926 0.79630713
1778701800.01334405 -3.37205950 0.88145775 -1.61616635 0.56097444 0.18954263 -0.10295661 0.79923789
1778701800.02363133 -3.38541874 0.86638894 -1.60611765 0.55733636 0.19184079 -0.10579051 0.80086307
1778701800.03393316 -3.39681173 0.86190677 -1.59104187 0.55569547 0.19403618 -0.10837735 0.80112849
1778701800.04421425 -3.40162415 0.89631431 -1.57004721 0.55904637 0.19459805 -0.11250587 0.79808595
1778701800.05447340 -3.40908790 0.93731667 -1.53732130 0.56352597 0.19612098 -0.11731522 0.79385905
1778701800.06475544 -3.43721777 0.91681819 -1.49335077 0.56104357 0.20311832 -0.12025023 0.79341852
1778701800.07510400 -3.45242415 0.91662885 -1.46851922 0.55973278 0.20629315 -0.12388687 0.79296557
1778701800.08540034 -3.46580431 0.91846468 -1.44629062 0.55857204 0.20900287 -0.12744873 0.79250987
1778701800.09567642 -3.48213597 0.92251182 -1.41519768 0.55739004 0.21258141 -0.13185296 0.79166930
1778701800.10592246 -3.49414775 0.92739795 -1.39026944 0.55726172 0.21541533 -0.13480174 0.79049611
1778701800.11617637 -3.50826034 0.93322834 -1.36142123 0.55670587 0.21862323 -0.13867080 0.78933698
1778701800.12640381 -3.50706174 0.97433693 -1.34649759 0.55974451 0.21772277 -0.14344059 0.78657973
1778701800.13664508 -3.51451075 1.00033300 -1.31531043 0.56242361 0.21987217 -0.14718393 0.78337271
1778701800.14691496 -3.52731649 1.02125368 -1.27509606 0.56435352 0.22342303 -0.15157600 0.78013586
1778701800.15724635 -3.53792329 1.03474915 -1.24627962 0.56451424 0.22602159 -0.15572297 0.77845248
1778701800.16749477 -3.54713260 1.04234781 -1.22271294 0.56397702 0.22829555 -0.15912631 0.77748947
1778701800.17774558 -3.55968645 1.04896927 -1.19358032 0.56252184 0.23126096 -0.16366684 0.77672435
1778701800.18806219 -3.57362377 1.05805027 -1.15748645 0.56170257 0.23493959 -0.16835184 0.77521047
1778701800.19842601 -3.59167344 1.00455077 -1.16956137 0.54931539 0.23672394 -0.17132513 0.78285508
1778701800.20868540 -3.61986935 1.01366597 -1.07673813 0.55228405 0.24714350 -0.17582555 0.77652289
1778701800.21899629 -3.64207683 1.00609464 -1.02310890 0.54905543 0.25375131 -0.18099314 0.77549332
1778701800.22931314 -3.65404586 0.99817842 -1.00724128 0.54428464 0.25594055 -0.18511813 0.77716146
1778701800.23955154 -3.66098067 1.00030223 -0.99344383 0.54185122 0.25727354 -0.18850296 0.77760801
1778701800.24978924 -3.67320475 1.00081269 -0.96644294 0.53880849 0.26026353 -0.19292383 0.77764305
1778701800.26006484 -3.68290000 1.02559162 -0.91740943 0.53935451 0.26413715 -0.19899804 0.77442111
1778701800.27034450 -3.69357765 1.02298267 -0.89177756 0.53699602 0.26718253 -0.20221967 0.77418084
1778701800.28067636 -3.70385681 1.04546062 -0.83666704 0.53828875 0.27194981 -0.20765007 0.77017529
1778701800.29102683 -3.70604209 1.05048425 -0.82550853 0.53827198 0.27286308 -0.20904344 0.76948675
1778701800.33211660 -3.74715986 1.08664690 -0.66098916 0.52987798 0.28848887 -0.23064074 0.76341885
1778701800.34249830 -3.75823473 1.07838929 -0.62856712 0.52653623 0.29248272 -0.23389999 0.76321966
1778701800.35282564 -3.74991278 1.13882364 -0.58879609 0.53171758 0.29297483 -0.24049564 0.75736649
1778701800.36309481 -3.76926400 1.11012487 -0.54566544 0.52502736 0.29941966 -0.24401247 0.75838780
1778701800.37338018 -3.76930162 1.12291851 -0.54173678 0.52376009 0.29904631 -0.24705076 0.75842771
1778701800.37357306 -3.76616137 1.13819847 -0.53895033 0.52460037 0.29838100 -0.24868373 0.75757484
1778701800.38366961 -3.76237583 1.17450356 -0.50100777 0.53096706 0.30048034 -0.25109203 0.75149074
1778701800.39399934 -3.77247113 1.17290154 -0.45714989 0.52394196 0.30501150 -0.25824568 0.75217151
1778701800.40425682 -3.77497683 1.18675359 -0.43198119 0.52884037 0.30739363 -0.25825149 0.74775877
1778701800.41453195 -3.78095655 1.18933869 -0.39569304 0.52237275 0.31080780 -0.26494553 0.74855133
1778701800.42483330 -3.78358199 1.20302124 -0.36402163 0.52152629 0.31346638 -0.26911299 0.74654361
1778701800.43512034 -3.78715485 1.21353389 -0.32981980 0.52024929 0.31658897 -0.27322885 0.74461943
1778701800.44539309 -3.78890863 1.22260726 -0.30531253 0.51993593 0.31875062 -0.27598967 0.74289594
1778701800.45571971 -3.79344042 1.22822682 -0.27115320 0.51860894 0.32220070 -0.27950820 0.74101730
1778701800.46602082 -3.79073317 1.25339097 -0.23505692 0.51954926 0.32458997 -0.28403614 0.73758619
1778701800.47640371 -3.79177506 1.26463127 -0.21024945 0.51908917 0.32672010 -0.28725613 0.73572028
1778701800.48678470 -3.79233436 1.27455052 -0.18263845 0.51945978 0.32917462 -0.28975478 0.73338105
1778701800.49707174 -3.79150011 1.28928069 -0.15752176 0.51888547 0.33106504 -0.29348852 0.73144945
1778701800.50734711 -3.79217039 1.29941165 -0.12263358 0.51910663 0.33429884 -0.29655240 0.72858031
1778701800.51767635 -3.79029343 1.31272072 -0.10160666 0.51886640 0.33576947 -0.29960275 0.72682509
1778701800.51785946 -3.78963809 1.31698212 -0.09287943 0.51904078 0.33644788 -0.30051648 0.72600919
1778701800.52800584 -3.78982751 1.32371295 -0.07222612 0.52498618 0.33860220 -0.29881058 0.72142242
1778701800.53832889 -3.78495869 1.34509926 -0.03188920 0.51815496 0.34122002 -0.30795156 0.72128370
1778701800.54875827 -3.78902034 1.34191767 -0.00996883 0.51666422 0.34398189 -0.30983341 0.72023455
1778701800.55907416 -3.78773289 1.34942202 0.02150437 0.52236047 0.34704521 -0.30893166 0.71502475
1778701800.56940174 -3.77941977 1.37649558 0.04979104 0.51712003 0.34813812 -0.31711113 0.71472181
1778701800.57973957 -3.78148574 1.37667884 0.06381140 0.51712251 0.34991347 -0.31816296 0.71338433
1778701800.59008098 -3.77600966 1.39322498 0.08988792 0.51630570 0.35156117 -0.32213984 0.71137831
1778701800.59024572 -3.77575270 1.39526780 0.09321720 0.51655644 0.35185895 -0.32247317 0.71089787
1778701800.60041595 -3.77237308 1.40579078 0.11349291 0.52193317 0.35349989 -0.32169494 0.70649555
1778701800.61076450 -3.77294782 1.40636169 0.13482322 0.51561263 0.35577684 -0.32694796 0.70758144
1778701800.62104082 -3.77201740 1.41186612 0.14741093 0.51480003 0.35699338 -0.32907463 0.70657381
1778701800.63141966 -3.76769732 1.42251431 0.16847498 0.51385481 0.35854321 -0.33218044 0.70502210
1778701800.64172006 -3.76765489 1.42378554 0.18018993 0.51355647 0.35995805 -0.33347870 0.70390476
1778701800.65286684 -3.76719508 1.42458037 0.19824215 0.51285633 0.36199681 -0.33522394 0.70253940
1778701800.66371322 -3.76710988 1.42388761 0.21447102 0.51091774 0.36392985 -0.33745745 0.70188361
1778701800.67400980 -3.76644784 1.42691422 0.21830999 0.51162144 0.36449697 -0.33803740 0.70079681
1778701800.68428445 -3.76423625 1.43164432 0.22926605 0.51056045 0.36555109 -0.34019280 0.69997806
1778701800.69453311 -3.76299158 1.43380713 0.23758766 0.50935490 0.36642587 -0.34188745 0.69957318
1778701800.70483994 -3.76340777 1.43270818 0.24067863 0.50764661 0.36709383 -0.34339761 0.69972503
1778701800.71517134 -3.76163884 1.43483331 0.25239878 0.50638234 0.36837402 -0.34540168 0.69898153
1778701800.72548151 -3.75996477 1.43729963 0.25869440 0.50560518 0.36902926 -0.34681776 0.69849713
1778701800.73582077 -3.76116892 1.43378975 0.26047285 0.50380374 0.36975539 -0.34803369 0.69880991
1778701800.74611211 -3.75596669 1.42714334 0.34107197 0.48668906 0.37761885 -0.36059356 0.70036422
1778701800.75634241 -3.75596669 1.42714334 0.34107197 0.48668906 0.37761885 -0.36059356 0.70036422
1778701800.76663041 -3.75596669 1.42714334 0.34107197 0.48668906 0.37761885 -0.36059356 0.70036422
1778701800.77689266 -3.75596669 1.42714334 0.34107197 0.48668906 0.37761885 -0.36059356 0.70036422
1778701800.78717160 -3.75596669 1.42714334 0.34107197 0.48668906 0.37761885 -0.36059356 0.70036422
1778701800.78737926 -3.75596669 1.42714334 0.34107197 0.48668906 0.37761885 -0.36059356 0.70036422
1778701800.79750419 -3.75596669 1.42714334 0.34107197 0.48668906 0.37761885 -0.36059356 0.70036422
1778701800.80776787 -3.75596669 1.42714334 0.34107197 0.48668906 0.37761885 -0.36059356 0.70036422
1778701800.81805062 -3.75596669 1.42714334 0.34107197 0.48668906 0.37761885 -0.36059356 0.70036422
1778701800.82840991 -3.75596669 1.42714334 0.34107197 0.48668906 0.37761885 -0.36059356 0.70036422
1778701800.83871937 -3.75596669 1.42714334 0.34107197 0.48668906 0.37761885 -0.36059356 0.70036422
1778701800.84906673 -3.75596669 1.42714334 0.34107197 0.48668906 0.37761885 -0.36059356 0.70036422
1778701800.85943985 -3.75596669 1.42714334 0.34107197 0.48668906 0.37761885 -0.36059356 0.70036422
1778701800.85962915 -3.75596669 1.42714334 0.34107197 0.48668906 0.37761885 -0.36059356 0.70036422
1778701800.86976457 -3.75596669 1.42714334 0.34107197 0.48668906 0.37761885 -0.36059356 0.70036422
1778701800.88006568 -3.75596669 1.42714334 0.34107197 0.48668906 0.37761885 -0.36059356 0.70036422
1778701800.89030862 -3.75596669 1.42714334 0.34107197 0.48668906 0.37761885 -0.36059356 0.70036422
1778701800.90058279 -3.75596669 1.42714334 0.34107197 0.48668906 0.37761885 -0.36059356 0.70036422
1778701800.91084528 -3.75596669 1.42714334 0.34107197 0.48668906 0.37761885 -0.36059356 0.70036422
1778701800.92117047 -3.75596669 1.42714334 0.34107197 0.48668906 0.37761885 -0.36059356 0.70036422
1778701800.92136383 -3.75596669 1.42714334 0.34107197 0.48668906 0.37761885 -0.36059356 0.70036422
1778701800.93148613 -3.75596669 1.42714334 0.34107197 0.48668906 0.37761885 -0.36059356 0.70036422
1778701800.94182205 -3.75596669 1.42714334 0.34107197 0.48668906 0.37761885 -0.36059356 0.70036422
1778701800.95210934 -3.75596669 1.42714334 0.34107197 0.48668906 0.37761885 -0.36059356 0.70036422
1778701800.96236682 -3.75596669 1.42714334 0.34107197 0.48668906 0.37761885 -0.36059356 0.70036422
1778701800.97270370 -3.75596669 1.42714334 0.34107197 0.48668906 0.37761885 -0.36059356 0.70036422
1778701800.98301697 -3.75596669 1.42714334 0.34107197 0.48668906 0.37761885 -0.36059356 0.70036422
1778701800.99334836 -3.75596669 1.42714334 0.34107197 0.48668906 0.37761885 -0.36059356 0.70036422
1778701801.00360775 -3.75596669 1.42714334 0.34107197 0.48668906 0.37761885 -0.36059356 0.70036422
1778701801.01390576 -3.75596669 1.42714334 0.34107197 0.48668906 0.37761885 -0.36059356 0.70036422
1778701801.02416182 -3.75596669 1.42714334 0.34107197 0.48668906 0.37761885 -0.36059356 0.70036422
1778701801.03442502 -3.75596669 1.42714334 0.34107197 0.48668906 0.37761885 -0.36059356 0.70036422
1778701801.03460169 -3.75596669 1.42714334 0.34107197 0.48668906 0.37761885 -0.36059356 0.70036422
1778701801.04475379 -3.75596669 1.42714334 0.34107197 0.48668906 0.37761885 -0.36059356 0.70036422
1778701801.05512762 -3.75596669 1.42714334 0.34107197 0.48668906 0.37761885 -0.36059356 0.70036422
1778701801.06534815 -3.75596669 1.42714334 0.34107197 0.48668906 0.37761885 -0.36059356 0.70036422
1778701801.07565951 -3.75596669 1.42714334 0.34107197 0.48668906 0.37761885 -0.36059356 0.70036422
1778701801.08604717 -3.75596669 1.42714334 0.34107197 0.48668906 0.37761885 -0.36059356 0.70036422
1778701801.09639978 -3.75596669 1.42714334 0.34107197 0.48668906 0.37761885 -0.36059356 0.70036422
1778701801.10669303 -3.75596669 1.42714334 0.34107197 0.48668906 0.37761885 -0.36059356 0.70036422
1778701801.11700273 -3.75596669 1.42714334 0.34107197 0.48668906 0.37761885 -0.36059356 0.70036422
1778701801.12728047 -3.75596669 1.42714334 0.34107197 0.48668906 0.37761885 -0.36059356 0.70036422
1778701801.13756156 -3.75596669 1.42714334 0.34107197 0.48668906 0.37761885 -0.36059356 0.70036422
1778701801.14788437 -3.75596669 1.42714334 0.34107197 0.48668906 0.37761885 -0.36059356 0.70036422
1778701801.15821862 -3.75596669 1.42714334 0.34107197 0.48668906 0.37761885 -0.36059356 0.70036422
1778701801.16845751 -3.71108858 1.51203321 -0.01437770 0.49063526 0.35657910 -0.37345310 0.70189826
1778701801.17875552 -3.70301624 1.52871710 0.00228503 0.49143213 0.35755246 -0.37600007 0.69948170
1778701801.18906808 -3.70131816 1.53076569 0.00708139 0.49303273 0.35860696 -0.37582203 0.69790943
1778701801.19933081 -3.70208686 1.52707713 0.00748628 0.49357151 0.35955355 -0.37543870 0.69724758
1778701801.20959806 -3.70571229 1.51693520 0.00573379 0.49490422 0.36083354 -0.37363185 0.69661196
1778701801.21992683 -3.70218389 1.52323257 0.01861227 0.49568951 0.36218862 -0.37467790 0.69478615
1778701801.23016024 -3.70223759 1.52117931 0.02588091 0.49673440 0.36376073 -0.37436318 0.69338682
1778701801.24047661 -3.70418958 1.51508141 0.03381513 0.49745476 0.36566570 -0.37376280 0.69219125
1778701801.25080872 -3.69932293 1.52470841 0.04518718 0.49799491 0.36659774 -0.37531669 0.69046690
1778701801.26110935 -3.69930509 1.52360445 0.05163185 0.49871203 0.36798197 -0.37528140 0.68923106
1778701801.27133894 -3.69651147 1.52835751 0.06706392 0.49967956 0.36984482 -0.37613545 0.68706424
1778701801.28159451 -3.69206616 1.53747378 0.07727156 0.50058416 0.37069916 -0.37731118 0.68529841
1778701801.28179097 -3.69195913 1.53734530 0.07943652 0.50071760 0.37107177 -0.37736367 0.68497028
1778701801.29192305 -3.69082545 1.53866192 0.08708657 0.50068274 0.37215849 -0.37807892 0.68401110
1778701801.30222058 -3.67976787 1.56761099 0.07147031 0.50175994 0.36916413 -0.38079256 0.68333874
1778701801.31261516 -3.67878209 1.56833735 0.07979294 0.50176551 0.37048374 -0.38151535 0.68221640
1778701801.32298255 -3.67350417 1.57849874 0.09304378 0.50198692 0.37146360 -0.38340303 0.68046017
1778701801.33329558 -3.66960740 1.58637292 0.09885835 0.50175083 0.37197506 -0.38507352 0.67941081
1778701801.34357357 -3.66651387 1.59111990 0.10990804 0.50115935 0.37316717 -0.38680559 0.67820868
1778701801.35389400 -3.66532333 1.59160838 0.12138515 0.50095682 0.37460696 -0.38766894 0.67707066
1778701801.35406208 -3.66608647 1.58879528 0.12620955 0.50080126 0.37539482 -0.38767894 0.67674357
1778701801.36417603 -3.66365252 1.59292925 0.13232515 0.50026237 0.37602202 -0.38902024 0.67602386
1778701801.37451386 -3.66568964 1.58776778 0.13220741 0.49953696 0.37680474 -0.38916657 0.67604023
1778701801.38473463 -3.65552439 1.60552898 0.15939075 0.49937232 0.37863316 -0.39285982 0.67299731
1778701801.39496446 -3.65319267 1.60853337 0.16926301 0.49915331 0.37972224 -0.39400095 0.67187815
1778701801.40530014 -3.65625045 1.60176169 0.16656151 0.49811602 0.38034696 -0.39404269 0.67227002
1778701801.41557646 -3.64153866 1.62854114 0.19571172 0.49804513 0.38169258 -0.39888729 0.66869331
1778701801.42580295 -3.62775120 1.65403123 0.25287552 0.49555746 0.38529823 -0.40590754 0.66423426
1778701801.43608880 -3.63508080 1.63518405 0.26959312 0.49404791 0.38855668 -0.40551141 0.66370240
1778701801.44645858 -3.63838366 1.62411919 0.28437276 0.49258441 0.39112171 -0.40590726 0.66304126
1778701801.45686913 -3.62400024 1.64650698 0.31674062 0.49099124 0.39297685 -0.41114567 0.65989092
1778701801.46725655 -3.61365500 1.66510397 0.32986658 0.49081443 0.39322495 -0.41432165 0.65788518
1778701801.47752833 -3.62822915 1.63547167 0.31990151 0.49046339 0.39479374 -0.41090351 0.65934958
1778701801.48782706 -3.60850269 1.66601190 0.35670562 0.48760452 0.39637841 -0.41807904 0.65599993
1778701801.49817395 -3.61347041 1.65338393 0.36590015 0.48686397 0.39837963 -0.41759616 0.65564517
1778701801.50848794 -3.58193537 1.70270854 0.41821117 0.48373748 0.40007956 -0.42776824 0.65034508
1778701801.51873922 -3.58881248 1.68614815 0.42366623 0.48277044 0.40209665 -0.42685354 0.65042067
1778701801.52900386 -3.58647477 1.68413345 0.44170882 0.48048044 0.40421398 -0.42898004 0.64940414
1778701801.53930020 -3.59238737 1.66860719 0.44995905 0.47968262 0.40631486 -0.42811965 0.64925063
1778701801.54952502 -3.57296636 1.69199069 0.49870192 0.47687295 0.40949021 -0.43468329 0.64494991
1778701801.55975819 -3.55952884 1.70743863 0.53003796 0.47537850 0.41168437 -0.43889699 0.64179490
1778701801.57004714 -3.56651019 1.69194642 0.53139456 0.47433125 0.41313379 -0.43801026 0.64224399
1778701801.58032107 -3.56803771 1.68153274 0.54889729 0.47328747 0.41584806 -0.43833319 0.64104086
1778701801.59063888 -3.55113334 1.69721984 0.59525691 0.47192406 0.41943786 -0.44297064 0.63650339
1778701801.60098791 -3.54169338 1.70495924 0.62291713 0.47015584 0.42169897 -0.44612717 0.63410883
1778701801.61126208 -3.52687864 1.71864980 0.65997382 0.46882539 0.42453688 -0.45019896 0.63031110
1778701801.62153983 -3.52530122 1.70847022 0.68987699 0.46680061 0.42833397 -0.45144138 0.62835331
1778701801.63190818 -3.51239661 1.71960895 0.72170805 0.46542907 0.43083820 -0.45501279 0.62507406
1778701801.64218569 -3.50407852 1.72422212 0.74934221 0.46252613 0.43321058 -0.45832526 0.62316621
1778701801.65248179 -3.49139049 1.73570177 0.77829961 0.46014926 0.43535349 -0.46235747 0.62044788
1778701801.66279340 -3.48238139 1.74235124 0.80106009 0.45725290 0.43725897 -0.46580369 0.61866898
1778701801.67305446 -3.47323892 1.74887999 0.82504214 0.45493872 0.43919867 -0.46885793 0.61669079
1778701801.68332529 -3.46606679 1.75108093 0.85038369 0.45231029 0.44162395 -0.47167250 0.61474282
1778701801.69362354 -3.46730097 1.73977570 0.86875776 0.44939048 0.44434820 -0.47267066 0.61415415
1778701801.70387793 -3.43617265 1.78115973 0.90330491 0.44646056 0.44491826 -0.48050146 0.60978608
1778701801.71411777 -3.43127829 1.78518256 0.91505273 0.44138180 0.44593381 -0.48431018 0.60972846
1778701801.72437954 -3.42206373 1.78547190 0.94710597 0.43760671 0.44910131 -0.48752215 0.60756114
1778701801.73463845 -3.40817147 1.79449958 0.97764264 0.43340888 0.45154026 -0.49191797 0.60521471
1778701801.74494267 -3.40091998 1.79739164 0.99664591 0.43030615 0.45327997 -0.49457900 0.60395819
1778701801.75525141 -3.38351966 1.81288238 1.02633595 0.42668238 0.45523334 -0.49938245 0.60110059
1778701801.76552439 -3.36728435 1.82775740 1.05338906 0.42269965 0.45699840 -0.50410115 0.59863136
1778701801.77577138 -3.36559621 1.82962818 1.05711126 0.42096563 0.45744755 -0.50555679 0.59828255
1778701801.78609276 -3.34880636 1.84245283 1.08734807 0.41757535 0.45967009 -0.50986289 0.59529326
1778701801.79639220 -3.32982802 1.86404143 1.10872870 0.41454693 0.46057914 -0.51471908 0.59252171
1778701801.80670094 -3.32077682 1.87314002 1.12127137 0.41203265 0.46139114 -0.51752243 0.59120034
1778701801.80684996 -3.32929011 1.85191454 1.13151463 0.41146548 0.46375136 -0.51564499 0.59138911
1778701801.81700540 -3.31536056 1.86264430 1.15379917 0.40920601 0.46537498 -0.51878442 0.58893064
1778701801.82732511 -3.30572769 1.86832219 1.17334832 0.40594653 0.46713787 -0.52173063 0.58718547
1778701801.83765388 -3.28285348 1.88854217 1.20370491 0.40054485 0.46893879 -0.52768347 0.58413217
1778701801.84798479 -3.27271451 1.89943807 1.21499219 0.39782536 0.46952273 -0.53067014 0.58281437
1778701801.85829115 -3.32499305 1.83101925 1.18591608 0.39955778 0.47161937 -0.52113930 0.58850877
1778701801.86854887 -3.30039277 1.84975158 1.22203807 0.39387389 0.47407460 -0.52710184 0.58504725
1778701801.87883401 -3.23746249 1.90944072 1.28893965 0.38882694 0.47670171 -0.53833913 0.57598617
1778701801.88916254 -3.27475819 1.86161613 1.26928011 0.38777010 0.47824470 -0.53283300 0.58052163
1778701801.89940143 -3.27473505 1.85427836 1.28110776 0.38729478 0.48019327 -0.53269478 0.57935606
1778701801.90969515 -3.25050477 1.87229038 1.31253164 0.38199704 0.48226540 -0.53819421 0.57606018
1778701801.91996598 -3.19379190 1.92744400 1.36360520 0.37716427 0.48378481 -0.54831132 0.56837846
1778701801.93027091 -3.18180407 1.93231474 1.38203777 0.37447259 0.48553604 -0.55079099 0.56626347
1778701801.94052148 -3.21388803 1.88667878 1.37376091 0.37400945 0.48793119 -0.54554195 0.56958236
1778701801.95080996 -3.20435330 1.88658441 1.39383979 0.37268384 0.49005172 -0.54679093 0.56742907
1778701801.96115875 -3.19431622 1.89206816 1.40725779 0.36968780 0.49128464 -0.54927786 0.56591886
1778701801.97143936 -3.12992217 1.95703994 1.45448970 -0.36478417 -0.49198161 0.56042276 -0.55750600
1778701801.98178363 -3.13509616 1.95131052 1.45094131 -0.36223374 -0.49222209 0.56086083 -0.55851523
1778701801.98196721 -3.16576490 1.91342397 1.43655421 0.36418463 0.49330097 -0.55538565 0.56175661
1778701801.99212003 -3.17416043 1.89298838 1.44444969 0.36671563 0.49559007 -0.55235243 0.56108549
1778701802.00238180 -3.13682173 1.92770135 1.47413614 -0.36093888 -0.49651115 0.55981172 -0.55660636
1778701802.01262236 -3.10441362 1.94669926 1.51118260 -0.35618823 -0.49911943 0.56505184 -0.55202007
1778701802.02295995 -3.07974981 1.97446785 1.52214437 -0.35485081 -0.49873594 0.56942219 -0.54872737
1778701802.03328180 -3.10764333 1.93949533 1.51029986 -0.35121695 -0.50009367 0.56655869 -0.55277864
1778701802.04355502 -3.08528398 1.95053196 1.53617309 -0.35294117 -0.50229138 0.56819733 -0.54798512
1778701802.05380750 -3.08000929 1.94644711 1.54909676 -0.35226709 -0.50403785 0.56847402 -0.54652633
1778701802.06409979 -3.06968971 1.95164882 1.55903553 -0.34626726 -0.50499771 0.57178730 -0.54601793
1778701802.07436609 -2.99309905 2.00976975 1.62157991 -0.34646900 -0.50781266 0.58047066 -0.53398440
1778701802.08469057 -3.05024431 1.94437476 1.59583441 -0.34776968 -0.50985547 0.57177085 -0.54053839
1778701802.09499693 -3.03843351 1.94531402 1.61361224 -0.34909514 -0.51180792 0.57199513 -0.53759353
1778701802.10524273 -3.01739768 1.95884793 1.63091647 -0.34604928 -0.51303965 0.57542756 -0.53471800
1778701802.11555052 -2.98693723 1.96958113 1.66619475 -0.34003775 -0.51606027 0.57993283 -0.53078625
1778701802.12586069 -2.95245099 2.00465831 1.67905980 -0.34175354 -0.51555671 0.58411760 -0.52555915
1778701802.13615417 -2.98796650 1.95923057 1.66787189 -0.34326740 -0.51772754 0.57811424 -0.52906484
1778701802.14644694 -2.97752282 1.96303938 1.67624370 -0.34206583 -0.51871195 0.57948991 -0.52737114
1778701802.15677190 -2.96447531 1.96631161 1.68966163 -0.34035181 -0.52016692 0.58108721 -0.52528532
1778701802.16710210 -2.97556278 1.94563447 1.69106201 -0.34116182 -0.52187406 0.57851115 -0.52590962
1778701802.17740512 -2.90219035 2.01016357 1.73098275 -0.33474065 -0.52209709 0.58983449 -0.51716399
1778701802.18764377 -2.90831520 1.99857644 1.73167459 -0.33128206 -0.52310748 0.58977844 -0.51843240
1778701802.19792414 -2.88609060 2.02399039 1.73209366 -0.33398374 -0.52215380 0.59223440 -0.51484821
1778701802.20817661 -2.87518530 2.01819194 1.74929127 -0.33025504 -0.52450304 0.59352482 -0.51337750
1778701802.21843028 -2.86375841 2.02267278 1.75553763 -0.32922730 -0.52526523 0.59491079 -0.51165122
1778701802.22871876 -2.85606099 2.02328949 1.76232832 -0.32788084 -0.52615884 0.59584253 -0.51051220
1778701802.23903537 -2.84715681 2.02417432 1.76769522 -0.32663499 -0.52706363 0.59687662 -0.50916776
1778701802.24938369 -2.83892259 2.02079202 1.77695097 -0.32513231 -0.52855570 0.59754679 -0.50779493
1778701802.25971699 -2.82173713 2.02212646 1.79401356 -0.32276754 -0.53048641 0.59924057 -0.50528806
1778701802.27008009 -2.81216516 2.03894234 1.78610118 -0.32100782 -0.52898319 0.60196081 -0.50475137
1778701802.28035522 -2.80206329 2.02673905 1.80572815 -0.31893773 -0.53195896 0.60211611 -0.50274703
1778701802.29062605 -2.78789120 2.03613888 1.81242962 -0.31587702 -0.53228075 0.60461629 -0.50133626
1778701802.30097198 -2.76755315 2.04181545 1.82813565 -0.31321826 -0.53382334 0.60688328 -0.49861774
1778701802.30120921 -2.76119900 2.04255861 1.83475918 -0.31270140 -0.53448986 0.60737243 -0.49763154
1778701802.31130624 -2.78018245 2.02307901 1.82309807 -0.31307916 -0.53490810 0.60486769 -0.49998984
1778701802.32164812 -2.76755240 2.01523972 1.84097613 -0.31069900 -0.53747452 0.60548891 -0.49796631
1778701802.33196855 -2.73764016 2.02578576 1.86174503 -0.31083749 -0.53928882 0.60773026 -0.49316483
1778701802.34234762 -2.72586220 2.03807523 1.86037065 -0.30844315 -0.53870522 0.61018241 -0.49227729
1778701802.35263634 -2.70585035 2.04474115 1.87293071 -0.30450238 -0.53986823 0.61295638 -0.49000517
1778701802.36292219 -2.70067854 2.02675414 1.88889728 -0.30462186 -0.54289073 0.61159920 -0.48828434
1778701802.37330914 -2.71819388 2.00738503 1.88058626 -0.30183546 -0.54351181 0.61012721 -0.49115686
1778701802.37351251 -2.71749484 1.99319909 1.89275606 -0.30326618 -0.54567740 0.60833876 -0.49009157
1778701802.38362670 -2.66626035 2.02060759 1.92578307 -0.30183997 -0.54753944 0.61318325 -0.48280379
1778701802.39393926 -2.66484681 2.00130344 1.93787907 -0.29970011 -0.55020398 0.61228352 -0.48224923
1778701802.40419483 -2.64015584 2.01640464 1.94560939 -0.29805456 -0.55055249 0.61524070 -0.47909739
1778701802.41452146 -2.65977245 1.97571544 1.95541260 -0.29341610 -0.55414567 0.61211513 -0.48181390
1778701802.42482805 -2.62752725 2.01371852 1.94758110 -0.29946690 -0.55176639 0.61541792 -0.47658598
1778701802.43513870 -2.61811843 2.01510691 1.94962814 -0.30034121 -0.55239938 0.61570366 -0.47493061
1778701802.44542742 -2.62954696 1.98037018 1.96233423 -0.29769434 -0.55594707 0.61292852 -0.47604575
1778701802.45572233 -2.59411530 2.00165926 1.97574041 -0.29724296 -0.55646462 0.61649966 -0.47108589
1778701802.46599412 -2.61493049 1.97078963 1.97106707 -0.29799265 -0.55835199 0.61272895 -0.47329344
1778701802.47631168 -2.59660362 1.98235203 1.97217742 -0.30178382 -0.55827448 0.61362702 -0.46980636
1778701802.48663568 -2.55688109 1.99422558 2.00302628 -0.29528880 -0.56075786 0.61807371 -0.46512368
1778701802.49698639 -2.56725762 1.97850433 1.99355552 -0.29871701 -0.56146942 0.61541491 -0.46560147
1778701802.50728846 -2.56086496 1.97629589 1.99498030 -0.29887755 -0.56222451 0.61547088 -0.46451201
1778701802.51759982 -2.54366520 1.97719680 2.00734484 -0.29699753 -0.56368207 0.61684425 -0.46212354
1778701802.52788997 -2.55134368 1.96999390 1.99623004 -0.29865516 -0.56362699 0.61550164 -0.46291192
1778701802.53819156 -2.52464717 1.99199600 1.99747564 -0.29827440 -0.56296719 0.61881932 -0.45952473
1778701802.54851627 -2.55150642 1.95690233 1.99126672 -0.29886332 -0.56489120 0.61446461 -0.46261419
1778701802.55885601 -2.54048907 1.96739423 1.98645202 -0.29958487 -0.56432800 0.61580100 -0.46105525
1778701802.56913710 -2.52805317 1.96744250 1.99289070 -0.29261920 -0.56550644 0.61826288 -0.46079005
1778701802.57945943 -2.50170134 2.00141634 1.98211454 -0.29454162 -0.56310128 0.62202315 -0.45743784
1778701802.58974075 -2.49565020 2.00888219 1.97579246 -0.29346524 -0.56250436 0.62334229 -0.45706826
1778701802.60001898 -2.49448691 2.00610635 1.97074069 -0.29150140 -0.56281630 0.62378525 -0.45733653
1778701802.61030531 -2.51006584 1.99056863 1.96029189 -0.28872525 -0.56336105 0.62252939 -0.46012957
1778701802.62068796 -2.47985359 2.02344775 1.95722316 -0.28814603 -0.56156475 0.62701889 -0.45657881
1778701802.62092304 -2.47852390 2.02026743 1.95992824 -0.28690687 -0.56217026 0.62708552 -0.45652250
1778701802.63107681 -2.50962637 1.98917218 1.94681485 -0.28644346 -0.56332504 0.62311473 -0.46080698
1778701802.64136171 -2.48164854 2.02202890 1.93879250 -0.28670839 -0.56124552 0.62731001 -0.45747559
1778701802.65165615 -2.47381881 2.02580877 1.93652792 -0.28415522 -0.56141811 0.62867483 -0.45698302
1778701802.66199398 -2.47933758 2.02282530 1.92624689 -0.28687776 -0.56120138 0.62735907 -0.45735628
1778701802.67230248 -2.49962652 1.99647806 1.91974339 -0.28633994 -0.56276008 0.62431291 -0.45993904
1778701802.68258166 -2.47303609 2.02340246 1.91554313 -0.28470107 -0.56138242 0.62845745 -0.45698612
1778701802.69291782 -2.48980798 1.99785854 1.91259444 -0.28376818 -0.56328370 0.62566918 -0.45904811
1778701802.70316911 -2.46377772 2.01614863 1.91878251 -0.28383776 -0.56327281 0.62833497 -0.45536253
1778701802.71340275 -2.49052812 1.98429383 1.90983174 -0.28284678 -0.56495722 0.62464177 -0.45895936
1778701802.72364759 -2.46092325 2.01449882 1.90628453 -0.28461502 -0.56347450 0.62819796 -0.45481655
1778701802.73397255 -2.46895326 2.00904253 1.89509563 -0.28511551 -0.56319711 0.62739785 -0.45594967
1778701802.74429846 -2.47165070 2.00957257 1.88364988 -0.28731442 -0.56266814 0.62680609 -0.45603631
1778701802.75460625 -2.46896240 2.00965545 1.87776843 -0.28666817 -0.56272162 0.62719690 -0.45583965
1778701802.76486087 -2.47778755 2.00339096 1.86724271 -0.28726479 -0.56254657 0.62620533 -0.45704178
1778701802.77516127 -2.47653516 2.00139558 1.86236461 -0.28820774 -0.56281481 0.62585926 -0.45659169
1778701802.78546166 -2.46749746 1.99603264 1.87092342 -0.28513445 -0.56453613 0.62651751 -0.45549217
1778701802.79571486 -2.47011867 1.99558580 1.85916132 -0.28715935 -0.56411368 0.62590174 -0.45559003
1778701802.80597925 -2.45678780 2.00090521 1.86293296 -0.28654547 -0.56470316 0.62705272 -0.45365948
1778701802.81628823 -2.44449645 2.00316657 1.86839177 -0.28510418 -0.56568106 0.62812299 -0.45186509
1778701802.82659054 -2.44639119 1.98771738 1.87342994 -0.28457806 -0.56778760 0.62663590 -0.45161933
1778701802.83696032 -2.44908346 1.96037678 1.89011323 -0.28621495 -0.57178737 0.62298100 -0.45059392
1778701802.84733748 -2.44960234 1.94442592 1.89743477 -0.28588809 -0.57412974 0.62143616 -0.44995570
1778701802.85766721 -2.44335801 1.94234720 1.89955997 -0.28590532 -0.57513997 0.62138023 -0.44873017
1778701802.86793685 -2.44034973 1.94285437 1.89703178 -0.28711006 -0.57540259 0.62117911 -0.44790198
1778701802.87821746 -2.42987136 1.95635473 1.88935758 -0.29344969 -0.57460169 0.62108406 -0.44494356
1778701802.88847971 -2.42847419 1.95039992 1.88948079 -0.29328842 -0.57562293 0.62058696 -0.44442319
1778701802.89873123 -2.42447946 1.95459958 1.88502633 -0.29417307 -0.57543269 0.62092934 -0.44360588
1778701802.89893913 -2.42233602 1.95222442 1.88827420 -0.29442500 -0.57605485 0.62065790 -0.44301073
1778701802.90908027 -2.41842256 1.95228608 1.88772138 -0.29351896 -0.57642662 0.62113039 -0.44246583
1778701802.91943383 -2.42039969 1.95064602 1.87951614 -0.29355218 -0.57637026 0.62098670 -0.44271883
1778701802.92972851 -2.41485909 1.95117971 1.87904534 -0.29326763 -0.57685532 0.62139355 -0.44170362
1778701802.93998241 -2.41280825 1.95168768 1.87579752 -0.29321468 -0.57694756 0.62162038 -0.44129895
1778701802.94015098 -2.41137217 1.95402391 1.87369573 -0.29298256 -0.57674056 0.62201333 -0.44116999
1778701802.95029211 -2.41168240 1.95965862 1.86228577 -0.29416185 -0.57576170 0.62235421 -0.44118308
1778701802.96058702 -2.41836735 1.96421952 1.84162147 -0.29582195 -0.57412972 0.62232657 -0.44223758
1778701802.97083759 -2.41755400 1.96646202 1.83358785 -0.29510649 -0.57375904 0.62295531 -0.44231143
1778701802.98116994 -2.41758855 1.96531921 1.82952020 -0.29312166 -0.57380330 0.62357284 -0.44270348
1778701802.99150681 -2.41396197 1.96850817 1.82396416 -0.29337734 -0.57362493 0.62406469 -0.44207177
1778701803.00179386 -2.41215195 1.96925552 1.81797768 -0.29273942 -0.57352912 0.62463342 -0.44181566
1778701803.01213431 -2.40986591 1.97072315 1.81374822 -0.29304608 -0.57346125 0.62489865 -0.44132514
1778701803.02240372 -2.40356948 1.97350127 1.81180142 -0.29299184 -0.57365132 0.62553677 -0.44020869
1778701803.03265715 -2.40131354 1.97376348 1.80682644 -0.29314024 -0.57371086 0.62578807 -0.43967481
1778701803.04297614 -2.39765686 1.97097118 1.80710467 -0.29274488 -0.57447042 0.62585980 -0.43884357
1778701803.05326390 -2.39324027 1.97218867 1.80564267 -0.29219781 -0.57465170 0.62647308 -0.43809513
1778701803.06355929 -2.38784120 1.97287792 1.80458647 -0.29287464 -0.57506526 0.62663343 -0.43686948
1778701803.07398462 -2.37847286 1.96734240 1.81505716 -0.28981950 -0.57689733 0.62746924 -0.43528896
1778701803.08436370 -2.37253476 1.96585353 1.81843547 -0.28821890 -0.57769593 0.62815282 -0.43430555
1778701803.09465027 -2.35979585 1.97308910 1.81907857 -0.28821811 -0.57782661 0.62957488 -0.43206736
1778701803.10497069 -2.35733153 1.96600799 1.82256190 -0.28710050 -0.57911125 0.62937497 -0.43138221
1778701803.11529326 -2.35089689 1.96534364 1.82390224 -0.28697910 -0.57979146 0.62975453 -0.42999313
1778701803.12554002 -2.34263075 1.96622112 1.82779172 -0.28629326 -0.58048238 0.63044499 -0.42850379
1778701803.13580632 -2.33127857 1.96425839 1.83658783 -0.28402297 -0.58190219 0.63149720 -0.42653496
1778701803.14605880 -2.32497809 1.96373873 1.83969439 -0.28271290 -0.58259661 0.63218498 -0.42543714
1778701803.14627981 -2.31827211 1.96486147 1.84489309 -0.28206460 -0.58311856 0.63273610 -0.42433163
1778701803.15636420 -2.31395899 1.96456923 1.84525615 -0.28159418 -0.58352561 0.63316606 -0.42344222
1778701803.16666698 -2.30330083 1.96710564 1.84872341 -0.28230754 -0.58420185 0.63370747 -0.42121905
1778701803.17691875 -2.29003193 1.97049410 1.85447922 -0.28088059 -0.58498310 0.63513948 -0.41892566
1778701803.18719459 -2.28136941 1.97292625 1.85733221 -0.28022747 -0.58544287 0.63603920 -0.41735279
1778701803.18735576 -2.27966190 1.97090756 1.85996867 -0.27899521 -0.58591953 0.63631020 -0.41709628
1778701803.19750857 -2.26905221 1.97282625 1.86569262 -0.27742349 -0.58666860 0.63746762 -0.41532059
1778701803.20782733 -2.25572799 1.97644216 1.87143119 -0.27626965 -0.58743300 0.63881609 -0.41293045
1778701803.21805191 -2.24308563 1.98103456 1.87506791 -0.27573861 -0.58794766 0.64008672 -0.41057856
1778701803.22826815 -2.23455729 1.98167992 1.87964927 -0.27417093 -0.58866486 0.64105287 -0.40909069
1778701803.23858476 -2.21975553 1.98689095 1.88507267 -0.27274853 -0.58929716 0.64270738 -0.40652715
1778701803.24890661 -2.21068543 1.98717879 1.88920388 -0.27023054 -0.59009499 0.64401120 -0.40498510
1778701803.25919914 -2.19882378 1.99531581 1.88980157 -0.26987060 -0.58997001 0.64553237 -0.40298039
1778701803.26950884 -2.18796266 1.99844489 1.89312129 -0.26746049 -0.59052014 0.64713773 -0.40120270
1778701803.27977276 -2.17939507 2.00053424 1.89519952 -0.26568966 -0.59102476 0.64834395 -0.39968597
1778701803.29011226 -2.16836799 2.00110022 1.90257793 -0.26167796 -0.59199198 0.65002281 -0.39817142
1778701803.29032993 -2.16971532 2.00223043 1.89887283 -0.26251298 -0.59169778 0.64994292 -0.39818950
1778701803.30049443 -2.19074353 1.98539460 1.88964703 -0.26388258 -0.59223603 0.64740839 -0.40060560
1778701803.31078243 -2.15124932 2.00774086 1.90400531 -0.25498723 -0.59252799 0.65362560 -0.39581013
1778701803.32107830 -2.13292194 2.02029440 1.90520028 -0.25224527 -0.59226312 0.65651299 -0.39317606
1778701803.33145738 -2.12357487 2.02572198 1.90582021 -0.24966241 -0.59228334 0.65824385 -0.39189814
1778701803.34177017 -2.10775071 2.03904461 1.90426818 -0.25018173 -0.59180649 0.66022718 -0.38893990
1778701803.35204196 -2.07978482 2.05595978 1.91040507 -0.24586199 -0.59175970 0.66415031 -0.38506715
1778701803.36240292 -2.09161261 2.04588409 1.90514684 -0.24271068 -0.59229373 0.66382838 -0.38679652
1778701803.37280989 -2.08571115 2.04948407 1.90417724 -0.23858841 -0.59224292 0.66564675 -0.38631373
1778701803.38315368 -2.06475485 2.06554617 1.90431078 -0.23451176 -0.59166614 0.66922881 -0.38349474
1778701803.39354563 -2.05413702 2.07258739 1.90363695 -0.23154596 -0.59160016 0.67124449 -0.38187244
1778701803.40394592 -2.04628228 2.07891267 1.90184166 -0.22942968 -0.59136463 0.67285133 -0.38068489
1778701803.40416360 -2.05390232 2.07142673 1.90140492 -0.22718446 -0.59184482 0.67247775 -0.38194319
1778701803.41434002 -2.04063410 2.08008730 1.90267144 -0.22429586 -0.59176088 0.67461162 -0.38001262
1778701803.42466497 -2.02959644 2.09010227 1.89938177 -0.22062037 -0.59125044 0.67711768 -0.37849863
1778701803.43491173 -2.01815200 2.09640937 1.90028005 -0.21765012 -0.59142772 0.67895847 -0.37663918
1778701803.44521260 -2.00694605 2.10490494 1.89934848 -0.21476694 -0.59116166 0.68098465 -0.37505060
1778701803.45547819 -1.99506773 2.11204375 1.89931884 -0.21170815 -0.59120302 0.68294381 -0.37315733
1778701803.46573544 -1.98504366 2.11466401 1.90210947 -0.20852692 -0.59181343 0.68433460 -0.37142906
1778701803.47600412 -1.97667821 2.11747391 1.90399087 -0.20551785 -0.59216601 0.68564429 -0.37012666
1778701803.48629451 -1.95853814 2.12648674 1.90711344 -0.20216133 -0.59242340 0.68795309 -0.36726810
1778701803.49653625 -1.94014357 2.13299158 1.91281502 -0.19885208 -0.59308574 0.68992448 -0.36429572
1778701803.50696230 -1.94443277 2.12198898 1.91618032 -0.19591713 -0.59452817 0.68938722 -0.36455176
1778701803.51725864 -1.93044531 2.12676316 1.92098419 -0.19341933 -0.59507166 0.69082819 -0.36226385
1778701803.52751589 -1.91612434 2.13261707 1.92314084 -0.18971142 -0.59535211 0.69277308 -0.36004292
1778701803.53777122 -1.89918022 2.13593535 1.92982921 -0.18620814 -0.59624277 0.69439778 -0.35725734
1778701803.54807663 -1.89222288 2.13523148 1.93316685 -0.18418054 -0.59693804 0.69500836 -0.35595771
1778701803.55832291 -1.87392995 2.14230659 1.93702784 -0.18080476 -0.59731040 0.69704543 -0.35306883
1778701803.56861734 -1.86382227 2.14478718 1.93829814 -0.17800442 -0.59769536 0.69831426 -0.35132874
1778701803.57891059 -1.85943078 2.14109038 1.94214483 -0.17530872 -0.59855403 0.69867651 -0.35050115
1778701803.58921504 -1.85236522 2.13767273 1.94701159 -0.17223942 -0.59962843 0.69920150 -0.34913694
1778701803.59946489 -1.84232226 2.13613237 1.95227499 -0.16959854 -0.60066741 0.69987733 -0.34728478
1778701803.60971403 -1.82761750 2.14025787 1.95506141 -0.16750618 -0.60118083 0.70119665 -0.34474128
1778701803.62002969 -1.82122173 2.13543885 1.96183608 -0.16557631 -0.60248880 0.70117816 -0.34342526
1778701803.63028717 -1.79719509 2.13567202 1.97741151 -0.16313257 -0.60456824 0.70199414 -0.33924804
1778701803.64054728 -1.77439209 2.13034734 1.99693412 -0.16163341 -0.60744270 0.70189057 -0.33501885
1778701803.65078115 -1.76346280 2.12193963 2.01081396 -0.16011298 -0.60975596 0.70127815 -0.33282197
1778701803.66110826 -1.73149629 2.14237456 2.01028352 -0.15604507 -0.60903075 0.70501644 -0.32815135
1778701803.67141700 -1.72062531 2.12648123 2.02981635 -0.15394772 -0.61250704 0.70358442 -0.32573639
1778701803.68168497 -1.71599155 2.11148266 2.04500884 -0.15298886 -0.61536108 0.70193229 -0.32437047
1778701803.69201446 -1.68575581 2.12157755 2.05289962 -0.14970987 -0.61615467 0.70412023 -0.31961709
1778701803.70232773 -1.66945192 2.11875783 2.06300408 -0.14738588 -0.61790950 0.70438405 -0.31671497
1778701803.71259141 -1.65652391 2.11544812 2.07077645 -0.14500635 -0.61943441 0.70458115 -0.31438762
1778701803.72289896 -1.64765614 2.11470003 2.07464951 -0.14391999 -0.62029162 0.70478756 -0.31272964
1778701803.73319983 -1.61936022 2.13082990 2.07421491 -0.14096453 -0.61985973 0.70764324 -0.30845415
1778701803.74352717 -1.61628904 2.11193073 2.09023023 -0.14011196 -0.62313274 0.70548041 -0.30719964
1778701803.75377774 -1.59023916 2.13327884 2.08392282 -0.13727799 -0.62164546 0.70893474 -0.30351806
1778701803.76406813 -1.58846589 2.11210046 2.10098683 -0.13628301 -0.62512738 0.70650412 -0.30248079
1778701803.77431011 -1.57299938 2.11531579 2.10325881 -0.13391729 -0.62567964 0.70753690 -0.29997113
1778701803.78460932 -1.56137563 2.11399838 2.10690646 -0.13197328 -0.62664003 0.70790333 -0.29795671
1778701803.79489303 -1.52607468 2.14088512 2.10019467 -0.12852201 -0.62480291 0.71222483 -0.29298331
1778701803.80517149 -1.53166561 2.12461268 2.10784306 -0.12756916 -0.62687407 0.71040420 -0.29339543
1778701803.81550074 -1.52267059 2.11536204 2.11736881 -0.12651884 -0.62891311 0.70955275 -0.29154103
1778701803.82579684 -1.51073823 2.11363535 2.12088724 -0.12486690 -0.62989085 0.70983053 -0.28945881
1778701803.83613491 -1.49201559 2.11793807 2.12279054 -0.12281511 -0.63036670 0.71098875 -0.28644242
1778701803.84646034 -1.47849041 2.11370089 2.12943015 -0.12062752 -0.63178970 0.71102288 -0.28414298
1778701803.85676718 -1.46300151 2.11347830 2.13333621 -0.11873911 -0.63271666 0.71153536 -0.28158141
1778701803.86705780 -1.45154982 2.11188549 2.13723809 -0.11698314 -0.63357479 0.71180020 -0.27971130
1778701803.87733626 -1.43650067 2.11144684 2.14059846 -0.11570665 -0.63448750 0.71219496 -0.27715686
1778701803.88761616 -1.41464930 2.12372867 2.13506323 -0.11274282 -0.63371258 0.71459452 -0.27395638
1778701803.89790845 -1.41966121 2.10738101 2.14497320 -0.11179790 -0.63585472 0.71263162 -0.27449257
1778701803.92878175 -1.36116222 2.13055799 2.13688668 -0.10699409 -0.63529056 0.71731041 -0.26537511
1778701803.93912077 -1.35325979 2.13120841 2.13391200 -0.10485825 -0.63538492 0.71798751 -0.26416791
1778701803.94939303 -1.33026697 2.13269996 2.13873094 -0.10339643 -0.63635559 0.71868900 -0.26047431
1778701803.95965624 -1.33124734 2.13307718 2.13024009 -0.10322125 -0.63594134 0.71907734 -0.26048373
1778701803.96995640 -1.32967038 2.13525681 2.12309997 -0.10289799 -0.63545848 0.71965871 -0.26018429
1778701803.98025370 -1.30884826 2.13456378 2.12834116 -0.10243976 -0.63662790 0.71993050 -0.25673156
1778701803.99059033 -1.30803387 2.13381947 2.12194255 -0.10233435 -0.63653727 0.72012458 -0.25645384
1778701804.00097227 -1.30265705 2.13320238 2.11960001 -0.10172587 -0.63671548 0.72037024 -0.25556206
1778701804.01128268 -1.32559457 2.12163445 2.10947246 -0.10296178 -0.63684737 0.71891951 -0.25880307
1778701804.02155185 -1.29490419 2.13912573 2.10172967 -0.10263169 -0.63569395 0.72164979 -0.25412894
1778701804.03184962 -1.31388251 2.11980153 2.10345688 -0.10436820 -0.63743186 0.71898215 -0.25661754
1778701804.04209447 -1.28775856 2.13025716 2.09997180 -0.10421536 -0.63712167 0.72072588 -0.25252592
1778701804.05240154 -1.27875163 2.13670604 2.08998559 -0.10533072 -0.63635351 0.72177154 -0.25100895
1778701804.06277180 -1.27968375 2.13281230 2.08497259 -0.10580303 -0.63665770 0.72143261 -0.25101330
1778701804.07317901 -1.27031177 2.13100821 2.08531902 -0.10673554 -0.63730922 0.72129662 -0.24935050
1778701804.08347321 -1.28224339 2.11521420 2.08555232 -0.10800827 -0.63886854 0.71920150 -0.25085933
1778701804.09375691 -1.28560499 2.10804604 2.08174947 -0.10888245 -0.63951400 0.71837242 -0.25121211
1778701804.10406256 -1.28266343 2.10542432 2.07753039 -0.10936154 -0.63985604 0.71818688 -0.25066296
1778701804.11432791 -1.27924704 2.10349394 2.07503414 -0.10902509 -0.64015292 0.71816527 -0.25011281
1778701804.12463760 -1.27712061 2.10436798 2.06692579 -0.10924004 -0.63984503 0.71851422 -0.24980446
1778701804.13494754 -1.27830058 2.10438100 2.05995603 -0.10958811 -0.63956163 0.71864187 -0.25001044
1778701804.14551067 -1.27379101 2.11154481 2.04726390 -0.10896706 -0.63835628 0.71998073 -0.24950991
1778701804.15601826 -1.26315225 2.12525154 2.03158545 -0.10981408 -0.63652415 0.72198768 -0.24801547
1778701804.16637778 -1.26554373 2.12997103 2.01766766 -0.10826902 -0.63529265 0.72307022 -0.24869766
1778701804.17671084 -1.26137674 2.13943051 2.00260136 -0.10780594 -0.63372003 0.72465136 -0.24830870
1778701804.18704295 -1.25675509 2.14940350 1.98917658 -0.10765328 -0.63215333 0.72621166 -0.24780953
1778701804.19732857 -1.26474112 2.15079085 1.97598685 -0.10783270 -0.63126911 0.72646692 -0.24923332
1778701804.20764136 -1.25615849 2.16540590 1.95770058 -0.10652775 -0.62904668 0.72890721 -0.24828690
1778701804.21797466 -1.25840877 2.17338176 1.94052700 -0.10628733 -0.62733100 0.73019377 -0.24894954
1778701804.22824645 -1.25872567 2.17985488 1.92782204 -0.10648293 -0.62606338 0.73116825 -0.24919676
1778701804.23848605 -1.25490314 2.19075074 1.91041484 -0.10556769 -0.62414901 0.73301364 -0.24896683
1778701804.24872732 -1.26194862 2.19479468 1.89442411 -0.10610843 -0.62281538 0.73360932 -0.25031853
1778701804.25897861 -1.25074605 2.20840734 1.87989416 -0.10552090 -0.62092068 0.73579657 -0.24884985
1778701804.26923060 -1.25871249 2.21025706 1.86541840 -0.10604444 -0.61987671 0.73610366 -0.25031747
1778701804.27945423 -1.24448947 2.22598700 1.84784924 -0.10579882 -0.61770129 0.73861441 -0.24839580
1778701804.28972363 -1.24566313 2.22831453 1.83825469 -0.10626445 -0.61702623 0.73900113 -0.24872440
1778701804.30000019 -1.24215111 2.23530837 1.82377203 -0.10589536 -0.61564380 0.74030663 -0.24842500
1778701804.31027317 -1.24448067 2.23954039 1.80926481 -0.10647119 -0.61443956 0.74103294 -0.24899416
1778701804.32053208 -1.24141411 2.24273124 1.80064738 -0.10666244 -0.61379104 0.74165821 -0.24864991
1778701804.32074833 -1.24461989 2.24169519 1.79783650 -0.10646936 -0.61368569 0.74158467 -0.24921140
1778701804.33082533 -1.24072450 2.24660000 1.78783258 -0.10680003 -0.61277772 0.74244352 -0.24874655
1778701804.34107637 -1.23575373 2.25263065 1.77478015 -0.10694856 -0.61160704 0.74357305 -0.24818936
1778701804.35138345 -1.23108302 2.25700555 1.76361023 -0.10706634 -0.61075597 0.74444022 -0.24763422
1778701804.36162972 -1.23194380 2.25797012 1.75522486 -0.10668416 -0.61021797 0.74483870 -0.24792705
1778701804.37195897 -1.22977380 2.25867568 1.74679280 -0.10646819 -0.60989286 0.74519728 -0.24774228
1778701804.38225651 -1.23106840 2.25874264 1.73708766 -0.10608867 -0.60943683 0.74549789 -0.24812263
1778701804.39254808 -1.22438965 2.26202551 1.73055205 -0.10569926 -0.60900540 0.74622159 -0.24717086
1778701804.40282106 -1.22319938 2.26283583 1.72135746 -0.10502459 -0.60857595 0.74667625 -0.24714312
1778701804.41312099 -1.22396488 2.26010289 1.71561196 -0.10366943 -0.60872608 0.74666647 -0.24737500
1778701804.42338395 -1.22027422 2.26120775 1.70986636 -0.10324315 -0.60852913 0.74705305 -0.24687017
1778701804.42353034 -1.21891029 2.26163028 1.70799727 -0.10305681 -0.60846419 0.74719629 -0.24667452
1778701804.43364573 -1.22257674 2.25753703 1.70426983 -0.10164473 -0.60874947 0.74693793 -0.24733814
1778701804.44393873 -1.21879749 2.25635708 1.69964068 -0.09993153 -0.60894456 0.74719545 -0.24677758
1778701804.45418906 -1.21455207 2.25181173 1.69970232 -0.09726688 -0.60982443 0.74707203 -0.24604207
1778701804.46441150 -1.21173834 2.24950642 1.69816900 -0.09599509 -0.61029588 0.74701193 -0.24555459
1778701804.47468042 -1.20700622 2.24852320 1.69397769 -0.09442011 -0.61055954 0.74725105 -0.24478106
1778701804.48496151 -1.20598552 2.24259648 1.69409752 -0.09254714 -0.61157243 0.74675273 -0.24448834
1778701804.49529624 -1.18286044 2.24325987 1.70276541 -0.09104762 -0.61307923 0.74700678 -0.24046842
1778701804.50552320 -1.16840750 2.24081970 1.70761177 -0.08890533 -0.61443774 0.74699115 -0.23783677
1778701804.51579595 -1.16790546 2.24856674 1.69002093 -0.08868210 -0.61267877 0.74845982 -0.23784052
1778701804.52613974 -1.17044213 2.25094436 1.67961808 -0.08867749 -0.61186308 0.74899768 -0.23824850
1778701804.53640437 -1.15690389 2.25846201 1.67081693 -0.08732525 -0.61104674 0.75055531 -0.23592987
1778701804.54667234 -1.14989275 2.26557637 1.65831553 -0.08654426 -0.60982601 0.75201688 -0.23471886
1778701804.55698991 -1.14424866 2.27470461 1.64178567 -0.08678952 -0.60806052 0.75370408 -0.23379509
1778701804.56729531 -1.14604785 2.27819244 1.63016941 -0.08621571 -0.60693484 0.75459516 -0.23405789
1778701804.57764196 -1.13095337 2.28631275 1.62076986 -0.08504335 -0.60596848 0.75631144 -0.23143645
1778701804.58788490 -1.12555120 2.29561628 1.60322302 -0.08556840 -0.60404178 0.75806332 -0.23054626
1778701804.59813404 -1.12522967 2.29890255 1.59253281 -0.08449215 -0.60298936 0.75905579 -0.23043265
1778701804.60846162 -1.11699908 2.30618711 1.57938232 -0.08409383 -0.60162346 0.76062214 -0.22897905
1778701804.61872911 -1.11599176 2.31200361 1.56294591 -0.08369948 -0.59992577 0.76206581 -0.22877753
1778701804.62896347 -1.10781363 2.31879209 1.55187987 -0.08320627 -0.59865826 0.76354138 -0.22735339
1778701804.63923573 -1.09878950 2.32389168 1.54142950 -0.08246082 -0.59770634 0.76485747 -0.22569977
1778701804.64954376 -1.09814499 2.33097694 1.52220055 -0.08208735 -0.59559116 0.76658591 -0.22556349
1778701804.65984941 -1.09158157 2.33485055 1.51120709 -0.08173177 -0.59468260 0.76770342 -0.22428549
1778701804.67016721 -1.09182029 2.33686536 1.50080615 -0.08149217 -0.59378534 0.76844406 -0.22421354
1778701804.67126727 -1.08844183 2.33824930 1.49847245 -0.08135713 -0.59358932 0.76879101 -0.22359140
1778701804.68064761 -1.09172955 2.33720380 1.49045153 -0.08122487 -0.59317067 0.76901787 -0.22397009
1778701804.69092703 -1.08343830 2.34100730 1.48266084 -0.08123281 -0.59254624 0.76994877 -0.22241647
1778701804.69213796 -1.08157049 2.34157200 1.48048085 -0.08130772 -0.59243542 0.77013615 -0.22203521
1778701804.70125604 -1.07843403 2.34027794 1.47680401 -0.08162176 -0.59262263 0.77018168 -0.22126112
1778701804.70231009 -1.07898273 2.33875878 1.47609317 -0.08149122 -0.59279651 0.77006609 -0.22124580
1778701804.71152425 -1.07560533 2.33766725 1.47217729 -0.08164050 -0.59295612 0.77016400 -0.22042070
1778701804.72177887 -1.06794734 2.33682834 1.47040053 -0.08222445 -0.59340560 0.77020875 -0.21883192
1778701804.72272444 -1.06779296 2.33353146 1.47018932 -0.08226085 -0.59395799 0.76985194 -0.21857505
1778701804.73207521 -1.06358432 2.33041163 1.46928777 -0.08249632 -0.59462707 0.76960607 -0.21753047
1778701804.74241638 -1.05781191 2.32574008 1.47153394 -0.08284096 -0.59579857 0.76904537 -0.21617275
1778701804.74319649 -1.05866036 2.32305864 1.47227202 -0.08268370 -0.59623546 0.76872189 -0.21617894
1778701804.75266838 -1.05038953 2.31961288 1.47410943 -0.08307288 -0.59728912 0.76836153 -0.21439489
1778701804.76293135 -1.04821621 2.30993538 1.47838510 -0.08256773 -0.59914181 0.76722659 -0.21348309
1778701804.77317810 -1.04243765 2.30345101 1.48298474 -0.08196840 -0.60064843 0.76651349 -0.21203709
1778701804.77383685 -1.04450514 2.30074722 1.48279037 -0.08162381 -0.60095439 0.76624637 -0.21226840
1778701804.78340125 -1.04104221 2.29547771 1.48396509 -0.08105799 -0.60196058 0.76578240 -0.21130636
1778701804.79367685 -1.03521824 2.28888837 1.48579006 -0.08003641 -0.60328229 0.76526751 -0.20978631
1778701804.80403185 -1.03341965 2.28331656 1.48652565 -0.07850185 -0.60416674 0.76492043 -0.20908552
1778701804.80447221 -1.03263965 2.28306337 1.48460956 -0.07831715 -0.60411664 0.76503754 -0.20887094
1778701804.81432724 -1.03130199 2.27864011 1.48349656 -0.07722558 -0.60472333 0.76482888 -0.20828513
1778701804.82461047 -1.02662870 2.27414919 1.48197073 -0.07568447 -0.60543808 0.76477320 -0.20697475
1778701804.83487105 -1.01872014 2.26881232 1.48345287 -0.07443784 -0.60661117 0.76448032 -0.20506520
1778701804.84514380 -1.01510768 2.26705654 1.48003924 -0.07357985 -0.60680501 0.76466967 -0.20409306
1778701804.85535860 -1.01008015 2.26130078 1.48066445 -0.07232523 -0.60791506 0.76429003 -0.20265511
1778701804.86568117 -1.00322511 2.25558284 1.48221359 -0.07104824 -0.60915744 0.76389302 -0.20086518
1778701804.87592435 -0.99735095 2.25017466 1.48565570 -0.06998359 -0.61045098 0.76335350 -0.19935730
1778701804.88619304 -0.98341849 2.24489762 1.49096554 -0.06898648 -0.61220931 0.76283511 -0.19627334
1778701804.89644814 -0.97435830 2.23873282 1.49507397 -0.06691733 -0.61381659 0.76230223 -0.19402724
1778701804.90672994 -0.97135231 2.23232323 1.49860628 -0.06577980 -0.61520729 0.76153879 -0.19300691
1778701804.90691662 -0.96884965 2.23084734 1.49953824 -0.06520686 -0.61559171 0.76143139 -0.19239840
1778701804.91699600 -0.96130237 2.22869263 1.49977016 -0.06302886 -0.61624809 0.76153253 -0.19061445
1778701804.92739177 -0.95798126 2.22293932 1.50069630 -0.06168110 -0.61744080 0.76096491 -0.18945901
1778701804.93768573 -0.94798944 2.22193318 1.49892942 -0.05983844 -0.61799800 0.76123094 -0.18715043
1778701804.94799137 -0.94026993 2.22273685 1.49570122 -0.05659858 -0.61797541 0.76194709 -0.18530955
1778701804.95834064 -0.92972151 2.22042185 1.49681036 -0.05186278 -0.61874395 0.76229400 -0.18268564
1778701804.96863437 -0.91436206 2.22475597 1.49168555 -0.04785380 -0.61841060 0.76362600 -0.17931448
1778701804.97889543 -0.90688635 2.22595210 1.48858061 -0.04468251 -0.61836982 0.76428459 -0.17745788
1778701804.97910070 -0.90331143 2.22559620 1.48915811 -0.04379507 -0.61862309 0.76432374 -0.17662583
1778701804.98917484 -0.89392859 2.22848338 1.48481011 -0.04112892 -0.61837085 0.76517474 -0.17445207
1778701804.99945784 -0.88024708 2.23413736 1.47658844 -0.04085904 -0.61792746 0.76620634 -0.17153438
1778701805.00968623 -0.86392100 2.23788390 1.47300278 -0.03750631 -0.61795506 0.76715392 -0.16792761
1778701805.01994991 -0.85476588 2.23440271 1.47806544 -0.03335937 -0.61916347 0.76688210 -0.16557658
1778701805.03024507 -0.84345628 2.23667520 1.47382445 -0.02928076 -0.61912174 0.76767561 -0.16280378
1778701805.04046559 -0.83052927 2.23744232 1.47250810 -0.02589711 -0.61959287 0.76805600 -0.15976229
1778701805.05077028 -0.81840606 2.23994635 1.46981691 -0.02153621 -0.61945068 0.76888804 -0.15693382
1778701805.06103754 -0.80709696 2.24514246 1.46063709 -0.01918804 -0.61870255 0.77008580 -0.15429460
1778701805.07131076 -0.78728277 2.24853816 1.45834101 -0.01466215 -0.61875494 0.77100569 -0.14992525
1778701805.08163595 -0.77002807 2.25230743 1.45558728 -0.01294201 -0.61871716 0.77175677 -0.14633206
1778701805.09195590 -0.76340817 2.25108140 1.45368114 -0.00749195 -0.61890541 0.77206914 -0.14425399
1778701805.10224867 -0.73952880 2.25732562 1.44844018 -0.00459228 -0.61849193 0.77333917 -0.13925936
1778701805.11249995 -0.71890205 2.26342731 1.44081880 0.00230371 -0.61746717 0.77500567 -0.13451841
1778701805.12281322 -0.70954980 2.26388651 1.43881754 0.00563995 -0.61748588 0.77537143 -0.13220640
1778701805.13320422 -0.69088539 2.26964909 1.43114480 0.01061003 -0.61656108 0.77677308 -0.12791965
1778701805.14356399 -0.67212712 2.27156618 1.42885011 0.01517881 -0.61659995 0.77735831 -0.12364529
1778701805.15389848 -0.65039950 2.27567167 1.42623318 0.01886269 -0.61640219 0.77815138 -0.11905026
1778701805.16416264 -0.63996506 2.27225124 1.42849993 0.02344546 -0.61726894 0.77775759 -0.11628631
1778701805.17440867 -0.61435720 2.27550468 1.42582561 0.02770001 -0.61728878 0.77841255 -0.11073016
1778701805.18472624 -0.59573479 2.27186107 1.43013414 0.03219605 -0.61856291 0.77782416 -0.10645617
1778701805.19494247 -0.58253975 2.26991417 1.43226214 0.03621331 -0.61927803 0.77749578 -0.10336167
1778701805.20525312 -0.55953394 2.26794797 1.43553968 0.04108262 -0.62036587 0.77704834 -0.09825620
1778701805.21558738 -0.53615022 2.26474439 1.44075032 0.04610439 -0.62178203 0.77626938 -0.09309860
1778701805.22590995 -0.51733808 2.26346101 1.44313054 0.04884440 -0.62269700 0.77583901 -0.08908701
1778701805.23624063 -0.50193296 2.25896103 1.44682918 0.05372587 -0.62394354 0.77492718 -0.08541577
1778701805.24658465 -0.47301831 2.25936596 1.44777767 0.05752403 -0.62479690 0.77461058 -0.07936167
1778701805.25682545 -0.45329452 2.25670243 1.44949700 0.06101104 -0.62584835 0.77392660 -0.07502740
1778701805.26710033 -0.43489032 2.25524566 1.45146232 0.06406874 -0.62671461 0.77334895 -0.07110135
1778701805.27739382 -0.41438592 2.25392253 1.45120586 0.06690692 -0.62749563 0.77286900 -0.06667984
1778701805.28764915 -0.39712700 2.25574793 1.44531985 0.07125583 -0.62717811 0.77307704 -0.06262678
1778701805.29791808 -0.38888889 2.25389723 1.44399440 0.07443924 -0.62746239 0.77271564 -0.06050038
1778701805.30819082 -0.36245878 2.25610870 1.43923442 0.07643419 -0.62758437 0.77283136 -0.05502140
1778701805.31842422 -0.34631133 2.25631184 1.43534309 0.08113518 -0.62756113 0.77263329 -0.05120468
1778701805.32869172 -0.33163196 2.25807321 1.43009756 0.08319796 -0.62731960 0.77281904 -0.04794726
1778701805.33897352 -0.30587190 2.26168100 1.42221174 0.08549563 -0.62690687 0.77321997 -0.04253407
1778701805.34923768 -0.29295779 2.26459451 1.41259359 0.09010584 -0.62591237 0.77367743 -0.03921579
1778701805.35953879 -0.28046201 2.26550762 1.40752602 0.09228430 -0.62569809 0.77373303 -0.03636895
1778701805.35968971 -0.27732793 2.26436270 1.40759369 0.09312536 -0.62591788 0.77348815 -0.03564496
1778701805.36984348 -0.26119058 2.26866152 1.39787627 0.09462194 -0.62497275 0.77422506 -0.03211391
1778701805.38007474 -0.24799787 2.27183873 1.38682636 0.09885855 -0.62381594 0.77476064 -0.02875095
1778701805.39025283 -0.23845398 2.27305966 1.38221366 0.10040725 -0.62347235 0.77491489 -0.02659944
1778701805.40055633 -0.22130897 2.27611738 1.36920547 0.10520966 -0.62221264 0.77542452 -0.02234213
1778701805.41081476 -0.20449316 2.27893891 1.35699915 0.10903501 -0.62094708 0.77601827 -0.01821359
1778701805.42106056 -0.18658939 2.28209915 1.34510997 0.11111915 -0.61992282 0.77662506 -0.01420378
1778701805.43131971 -0.17075842 2.28614964 1.33394867 0.11321657 -0.61874275 0.77731979 -0.01064736
1778701805.44165659 -0.15517061 2.29107216 1.31804913 0.11653532 -0.61695576 0.77829249 -0.00677500
1778701805.45200229 -0.14260782 2.29561122 1.30180173 0.12084600 -0.61495753 0.77923839 -0.00331705
1778701805.46229053 -0.13527669 2.29408139 1.29736165 0.12222081 -0.61492303 0.77905675 -0.00152411
1778701805.46246791 -0.13460479 2.29410021 1.29489771 0.12221637 -0.61475551 0.77919003 -0.00130860
1778701805.47257900 -0.12823826 2.29529835 1.28625096 0.12407012 -0.61394893 0.77953392 0.00042743
1778701805.48284030 -0.11808182 2.29583582 1.27593792 0.12559921 -0.61321655 0.77986029 0.00286802
1778701805.49308133 -0.10306972 2.29717838 1.26393357 0.12883319 -0.61215227 0.78014676 0.00653018
1778701805.50331879 -0.08808989 2.29758888 1.25612756 0.12851778 -0.61185552 0.78040066 0.00952959
1778701805.51357937 -0.07413493 2.29664771 1.24728249 0.12868447 -0.61160664 0.78052673 0.01247616
1778701805.52380919 -0.06528735 2.29661930 1.23623405 0.13042747 -0.61077824 0.78084685 0.01472458
1778701805.53422189 -0.05264503 2.29384750 1.23332491 0.13046414 -0.61130594 0.78037813 0.01715015
1778701805.54458308 -0.04331091 2.29166804 1.22610809 0.13137409 -0.61125040 0.78022025 0.01923938
1778701805.55486727 -0.03262356 2.28865741 1.22048428 0.12992189 -0.61170342 0.78006018 0.02110312
1778701805.56513596 -0.01764944 2.28577693 1.21680527 0.12907477 -0.61224894 0.77969351 0.02385302
1778701805.57538033 -0.00981073 2.28485264 1.20659821 0.13007694 -0.61170421 0.77989579 0.02570022
1778701805.58563614 0.00718461 2.28136242 1.20083845 0.12985227 -0.61213230 0.77948470 0.02891429
1778701805.59594440 0.01241667 2.27897729 1.19359445 0.12907337 -0.61218254 0.77954101 0.02980641
1778701805.60625815 0.00265513 2.27435989 1.19296750 0.12992636 -0.61275997 0.77901467 0.02793761
1778701805.61657143 0.01309945 2.26960468 1.19016984 0.12877252 -0.61373805 0.77837534 0.02958155
1778701805.62683558 0.01409667 2.26702966 1.18313729 0.12890081 -0.61375469 0.77833566 0.02972155
1778701805.63710332 0.02054088 2.26249701 1.18285203 0.13019169 -0.61462502 0.77738742 0.03090310
1778701805.64735270 0.01996983 2.26427011 1.16862828 0.12843513 -0.61348319 0.77859110 0.03063806
1778701805.65762520 0.02306122 2.26688876 1.15328385 0.12720914 -0.61212676 0.77983755 0.03117795
1778701805.66788650 0.01746422 2.26944947 1.14115587 0.12771367 -0.61073740 0.78088171 0.03021259
1778701805.67813635 0.01954932 2.26952607 1.13117239 0.12709308 -0.61030221 0.78131722 0.03036386
1778701805.68832946 0.02186393 2.26707218 1.12532052 0.12571502 -0.61071835 0.78121559 0.03034859
1778701805.69858909 0.01972734 2.27248266 1.10765713 0.12620001 -0.60846592 0.78289514 0.03029822
1778701805.70883226 0.02533156 2.27265440 1.09791747 0.12606348 -0.60810179 0.78316714 0.03113603
1778701805.71912074 0.01256438 2.27317913 1.08800223 0.12681622 -0.60733756 0.78373459 0.02861498
1778701805.72932267 0.02387718 2.26982986 1.08477782 0.12449870 -0.60843585 0.78320110 0.03003211
1778701805.73956800 0.02725458 2.27474075 1.06834909 0.12692729 -0.60639120 0.78434803 0.03126240
1778701805.74979210 0.02356265 2.27551044 1.05715372 0.12649523 -0.60570524 0.78498164 0.03039650
1778701805.76005435 0.02213223 2.27649537 1.04614676 0.12857615 -0.60491192 0.78525417 0.03042432
1778701805.77033663 0.02809183 2.27520508 1.04174471 0.12807437 -0.60525702 0.78503797 0.03124547
1778701805.78058720 0.02956535 2.27226999 1.03740272 0.12661715 -0.60594001 0.78475838 0.03096901
1778701805.79085755 0.04097019 2.27304128 1.02515197 0.12937829 -0.60507573 0.78485848 0.03379029
1778701805.80119181 0.04259856 2.27280989 1.01794131 0.12860908 -0.60482816 0.78517125 0.03389256
1778701805.80135393 0.04307599 2.27292075 1.01493064 0.12770966 -0.60469348 0.78542582 0.03379830
1778701805.81144929 0.05010772 2.27257432 1.00734078 0.12782520 -0.60442411 0.78555406 0.03517159
1778701805.82170844 0.05724810 2.27047536 1.00138885 0.12772069 -0.60477212 0.78525096 0.03631859
1778701805.83194113 0.05148143 2.27066001 0.99119760 0.12754778 -0.60413481 0.78582549 0.03508559
1778701805.84225106 0.06102942 2.27239152 0.97917875 0.12731716 -0.60311773 0.78655388 0.03704521
1778701805.85250306 0.07471943 2.27656024 0.95843248 0.12960236 -0.60078199 0.78779205 0.04059458
1778701805.86282563 0.06315623 2.27827709 0.94577625 0.12924845 -0.59953147 0.78891959 0.03824567
1778701805.87310672 0.06692835 2.27861485 0.93716737 0.12721447 -0.59909035 0.78957303 0.03849227
1778701805.88338327 0.07900021 2.27974681 0.92373286 0.12797721 -0.59810302 0.79006602 0.04111314
1778701805.89367676 0.07059057 2.28284501 0.90702571 0.12808683 -0.59618524 0.79157134 0.03964506
1778701805.90392971 0.07495530 2.28375208 0.89639276 0.12865413 -0.59525023 0.79212669 0.04075040
1778701805.90408897 0.08042523 2.28434211 0.89191931 0.12885031 -0.59485741 0.79232711 0.04195245
1778701805.91423893 0.06847351 2.28444843 0.88549010 0.12993482 -0.59432900 0.79266055 0.03973972
1778701805.92446756 0.08070418 2.28177261 0.87993720 0.13039607 -0.59485442 0.79206505 0.04216679
1778701805.93471527 0.08550096 2.27801581 0.87817484 0.12966446 -0.59594658 0.79133757 0.04265742
1778701805.94501543 0.08611484 2.27607101 0.87507534 0.13072592 -0.59633500 0.79085801 0.04288251
1778701805.95528078 0.08939480 2.27061412 0.87783645 0.13111410 -0.59821035 0.78935724 0.04322745
1778701805.96553326 0.09731858 2.26786013 0.87307126 0.13210940 -0.59878532 0.78865641 0.04499239
1778701805.97578454 0.09225433 2.26385775 0.87655554 0.13398534 -0.60015435 0.78735089 0.04405976
1778701805.98605943 0.10953640 2.25730231 0.87999179 0.13495406 -0.60239299 0.78527693 0.04743667
1778701805.99633288 0.10802403 2.25511336 0.87527605 0.13498723 -0.60285888 0.78493831 0.04702626
1778701806.00659561 0.11365110 2.25089234 0.87733303 0.13657290 -0.60422692 0.78353242 0.04831779
1778701806.01689577 0.11778947 2.24701446 0.87654683 0.13717432 -0.60540307 0.78247048 0.04909455
1778701806.02714109 0.12002047 2.24531893 0.87075019 0.13761053 -0.60568866 0.78213969 0.04961959
1778701806.03738523 0.12456045 2.24367776 0.86670817 0.13867553 -0.60593591 0.78168292 0.05081903
1778701806.03757191 0.12524639 2.24369497 0.86379963 0.13923524 -0.60573784 0.78171547 0.05114823
1778701806.04771233 0.12926664 2.24213411 0.85999558 0.13967593 -0.60602148 0.78135552 0.05207828
1778701806.05796671 0.13819756 2.24042850 0.85335693 0.13976271 -0.60624691 0.78103731 0.05396097
1778701806.06821179 0.14675780 2.24015000 0.84214916 0.14067974 -0.60562143 0.78120030 0.05619598
1778701806.07850933 0.14950230 2.24008632 0.83482983 0.14178345 -0.60522737 0.78123696 0.05714980
1778701806.08876419 0.16413372 2.23818238 0.82667201 0.14352945 -0.60519319 0.78066868 0.06080227
1778701806.09902859 0.16468187 2.23888244 0.81420380 0.14311977 -0.60422421 0.78147341 0.06106672
1778701806.10931253 0.17432157 2.23825448 0.80594912 0.14417747 -0.60380837 0.78140453 0.06352370
1778701806.11960769 0.18109841 2.23473243 0.80248174 0.14500513 -0.60452494 0.78056640 0.06510918
1778701806.12987494 0.18756340 2.23352623 0.79283407 0.14620898 -0.60416019 0.78046729 0.06696426
1778701806.14015055 0.20621161 2.22941279 0.78818133 0.14814036 -0.60489225 0.77914248 0.07139184
1778701806.15043974 0.19809633 2.23063808 0.77807324 0.14867086 -0.60383978 0.77997562 0.07008945
1778701806.16068530 0.20830093 2.22762980 0.77192210 0.14952013 -0.60417349 0.77933208 0.07252329
1778701806.17090178 0.21559516 2.22662298 0.76090160 0.15186161 -0.60351372 0.77915660 0.07499486
1778701806.18114567 0.22288085 2.22472429 0.75484193 0.15380723 -0.60345758 0.77860339 0.07719492
1778701806.19138885 0.23180485 2.22284574 0.74502250 0.15615823 -0.60307759 0.77814460 0.08001882
1778701806.20161104 0.23708527 2.22022808 0.73788529 0.15755418 -0.60314130 0.77764237 0.08166763
1778701806.21186352 0.24841904 2.21837697 0.72951941 0.15790240 -0.60288933 0.77747153 0.08443523
1778701806.22220278 0.26564701 2.21344026 0.72420915 0.15986842 -0.60356893 0.77605923 0.08876208
1778701806.23245478 0.26137327 2.21453026 0.70947034 0.16239953 -0.60196050 0.77674267 0.08911098
1778701806.24276924 0.27222739 2.21154320 0.70321930 0.16317060 -0.60204627 0.77619609 0.09184375
1778701806.25303054 0.28128502 2.20902400 0.69271615 0.16553996 -0.60156160 0.77570531 0.09487593
1778701806.26329041 0.28780904 2.20709160 0.68169592 0.16875266 -0.60087691 0.77520121 0.09763482
1778701806.27351761 0.29721245 2.20370243 0.67289586 0.17129335 -0.60072754 0.77436162 0.10074269
1778701806.28381944 0.30494507 2.20100288 0.66595946 0.17333160 -0.60058796 0.77367516 0.10332953
1778701806.29414797 0.31856492 2.19714145 0.65620944 0.17761680 -0.60034550 0.77224889 0.10802414
1778701806.30451250 0.32444377 2.19227603 0.65167882 0.17968868 -0.60091460 0.77102392 0.11016232
1778701806.31476998 0.33115206 2.18941581 0.64508115 0.18297340 -0.60079340 0.76993844 0.11297268
1778701806.32504559 0.34733661 2.18278097 0.64045657 0.18536821 -0.60172155 0.76795982 0.11750542
1778701806.33535743 0.35421833 2.17756245 0.63721999 0.18884977 -0.60255528 0.76602947 0.12025700
1778701806.34568906 0.36834642 2.17139040 0.63190018 0.19234650 -0.60327907 0.76385865 0.12480849
1778701806.35594630 0.37623730 2.16785892 0.62598599 0.19508686 -0.60336876 0.76259861 0.12779132
1778701806.36626267 0.38857605 2.16364256 0.61549761 0.19924630 -0.60306497 0.76095269 0.13253130
1778701806.37648869 0.39043006 2.16202902 0.60326560 0.20314669 -0.60203498 0.76029150 0.13506348
1778701806.38672185 0.39921108 2.16065568 0.59002262 0.20672843 -0.60080957 0.75957946 0.13903334
1778701806.39703774 0.42591040 2.15539615 0.57361832 0.21072761 -0.60001719 0.75753458 0.14735879
1778701806.40728998 0.43131770 2.15179570 0.56594796 0.21266290 -0.60000284 0.75650783 0.14988994
1778701806.41778183 0.44187590 2.15392391 0.53997333 0.21743238 -0.59651309 0.75676416 0.15557411
1778701806.42812157 0.43171759 2.15510191 0.52796246 0.21950658 -0.59502765 0.75744165 0.15505193
1778701806.43834615 0.43890823 2.15554803 0.50501716 0.22437794 -0.59219570 0.75718967 0.16007063
1778701806.44865561 0.44187329 2.15798247 0.47699815 0.22904175 -0.58828907 0.75789358 0.16447846
1778701806.45900679 0.44553949 2.15872820 0.45888205 0.23209000 -0.58595841 0.75804756 0.16778221
1778701806.46930909 0.45680492 2.15528772 0.44658902 0.23313517 -0.58539351 0.75727839 0.17173195
1778701806.47956777 0.46268496 2.15634467 0.42061505 0.23767790 -0.58196297 0.75735037 0.17677314
1778701806.48990488 0.46974287 2.15538885 0.40564648 0.24061794 -0.58036017 0.75672560 0.18069712
1778701806.50022101 0.47091322 2.15695437 0.38020972 0.24474692 -0.57683950 0.75713911 0.18464969
1778701806.51051641 0.49014820 2.15448633 0.35502044 0.24787171 -0.57429505 0.75615772 0.19227666
1778701806.52080774 0.48392160 2.15687057 0.33209815 0.25239535 -0.57087049 0.75664282 0.19466665
1778701806.53113914 0.48354743 2.15864428 0.31008934 0.25636138 -0.56760897 0.75687553 0.19808668
1778701806.54142118 0.49723329 2.15576262 0.29029726 0.25948117 -0.56577416 0.75554352 0.20426237
1778701806.55169249 0.50203286 2.15628127 0.26163906 0.26424268 -0.56183053 0.75528830 0.20990914
1778701806.56201553 0.50783464 2.15553773 0.24352833 0.26742772 -0.55959933 0.75459796 0.21427302
1778701806.57228136 0.51163538 2.15604340 0.21352643 0.27285658 -0.55531548 0.75410025 0.22024264
1778701806.58262444 0.51917419 2.15405987 0.19300166 0.27595665 -0.55309024 0.75311482 0.22529354
1778701806.59301567 0.53192052 2.15043374 0.17129701 0.27995862 -0.55087492 0.75118733 0.23211545
1778701806.60332108 0.53165277 2.15015437 0.15514955 0.28388814 -0.54861754 0.75032430 0.23545651
1778701806.61361170 0.53522691 2.14826697 0.13491267 0.28810984 -0.54615622 0.74899173 0.24024464
1778701806.62388039 0.53289154 2.14798193 0.10938376 0.29410680 -0.54224522 0.74793503 0.24508061
1778701806.63423586 0.54088584 2.14499858 0.09210285 0.29597312 -0.54039132 0.74705341 0.24957631
1778701806.64451432 0.53959334 2.14327555 0.07747442 0.30098592 -0.53850583 0.74518062 0.25322873
1778701806.65478873 0.54345301 2.14067873 0.05276557 0.30487426 -0.53519223 0.74414143 0.25860103
1778701806.66508174 0.54569665 2.13866904 0.03737347 0.30835602 -0.53317824 0.74279311 0.26248036
1778701806.67535329 0.54348232 2.13709077 0.01955253 0.31289681 -0.53062467 0.74140507 0.26617959
1778701806.68566275 0.54722703 2.13419838 -0.00686869 0.31772528 -0.52687218 0.73979384 0.27232593
1778701806.69595265 0.54898025 2.13121694 -0.01989947 0.32019444 -0.52561522 0.73845760 0.27547146
1778701806.70621705 0.55069783 2.12906516 -0.03429727 0.32334732 -0.52375648 0.73704354 0.27909223
1778701806.71646237 0.55854798 2.12460173 -0.05445767 0.32593934 -0.52167107 0.73533059 0.28444993
1778701806.72672606 0.55959567 2.12177696 -0.06354388 0.33054816 -0.52089985 0.73237157 0.28815474
1778701806.73699474 0.56929760 2.11711325 -0.06979011 0.33396780 -0.52100338 0.72887507 0.29285171
1778701806.74729681 0.56872664 2.11501954 -0.08605359 0.33859206 -0.51886931 0.72658659 0.29698818
1778701806.75757432 0.57025227 2.11224296 -0.09630639 0.34256086 -0.51800240 0.72385605 0.30059606
1778701806.76795530 0.57300798 2.10982329 -0.10633377 0.34532555 -0.51707887 0.72185988 0.30380589
1778701806.76813579 0.57478731 2.10883651 -0.10986749 0.34607072 -0.51681745 0.72118138 0.30501180
1778701806.77830386 0.56848181 2.10916865 -0.12259950 0.34794546 -0.51493148 0.72124652 0.30591336
1778701806.78861499 0.56953884 2.10662731 -0.13493437 0.35273634 -0.51353157 0.71810687 0.31013695
1778701806.79891562 0.57265761 2.10313678 -0.14618276 0.35817791 -0.51233572 0.71410580 0.31507714
1778701806.80923891 0.56705354 2.10312648 -0.15779826 0.36213515 -0.51033444 0.71257311 0.31726401
1778701806.81956506 0.56852722 2.10054745 -0.16847265 0.36515828 -0.50941163 0.71026227 0.32044771
1778701806.82986426 0.56968885 2.09807416 -0.17894871 0.36801072 -0.50852209 0.70808748 0.32339684
1778701806.84021187 0.56688110 2.09629587 -0.19370053 0.37281328 -0.50628048 0.70547290 0.32710597
1778701806.85049057 0.57252564 2.09263176 -0.20864467 0.37482644 -0.50467478 0.70359827 0.33129742
1778701806.86079907 0.57263470 2.08986816 -0.22307803 0.37804731 -0.50289757 0.70148267 0.33480790
1778701806.87107921 0.56728448 2.08816543 -0.24015520 0.38320480 -0.49991357 0.69899655 0.33859168
1778701806.88141751 0.57376208 2.08456590 -0.24958061 0.38415503 -0.49951372 0.69727518 0.34164057
1778701806.89173961 0.57108485 2.08225736 -0.26643432 0.38776137 -0.49699426 0.69538825 0.34506958
1778701806.90203094 0.57358015 2.07805447 -0.28227299 0.39073386 -0.49512603 0.69294301 0.34929537
1778701806.91236687 0.57139876 2.07627309 -0.29521313 0.39358067 -0.49310953 0.69138365 0.35203110
1778701806.91253018 0.57156098 2.07528071 -0.29937197 0.39421547 -0.49258029 0.69092970 0.35295179
1778701806.92270637 0.56941489 2.07309648 -0.31152952 0.39700678 -0.49071688 0.68929080 0.35561323
1778701806.93297410 0.56729911 2.07015860 -0.32715958 0.40061187 -0.48841085 0.68700208 0.35915612
1778701806.94328260 0.56527965 2.06730146 -0.34072237 0.40423047 -0.48643862 0.68452437 0.36249356
1778701806.95357203 0.56618743 2.06373910 -0.35541378 0.40696968 -0.48436739 0.68236559 0.36625280
1778701806.96384454 0.56726005 2.05966807 -0.36935951 0.40954049 -0.48275883 0.68007998 0.36974547
1778701806.97415304 0.56728351 2.05514757 -0.38741315 0.41263786 -0.48025630 0.67765220 0.37399384
1778701806.98447680 0.56912883 2.05140885 -0.39894986 0.41405774 -0.47904227 0.67609674 0.37678626
1778701806.98465729 0.57026788 2.04969067 -0.40496754 0.41463844 -0.47826155 0.67545704 0.37828382
1778701806.99473238 0.56750689 2.04760212 -0.41393291 0.41689429 -0.47700225 0.67394135 0.38009349
1778701807.00501275 0.56916641 2.04297486 -0.42953413 0.41901737 -0.47526060 0.67176535 0.38377482
1778701807.01529288 0.56533551 2.04001350 -0.44174873 0.42181714 -0.47351177 0.66996354 0.38601264
1778701807.02550673 0.56806517 2.03644552 -0.45111085 0.42327834 -0.47280047 0.66797106 0.38872847
1778701807.03576326 0.56864988 2.03255238 -0.46240606 0.42483794 -0.47183506 0.66636410 0.39095177
1778701807.04601026 0.55849907 2.03198964 -0.47196555 0.42835049 -0.46991882 0.66513451 0.39152042
1778701807.05626345 0.56331619 2.02804404 -0.47892650 0.42902726 -0.46992762 0.66336202 0.39376956
1778701807.06653500 0.55986490 2.02589378 -0.48825561 0.43100006 -0.46891364 0.66213019 0.39489563
1778701807.07678413 0.57124607 2.01923180 -0.49822030 0.43092417 -0.46944795 0.65955749 0.39863129
1778701807.08705497 0.56814720 2.01800223 -0.50435918 0.43240309 -0.46877991 0.65871577 0.39920734
1778701807.09734178 0.57245316 2.01340917 -0.51466458 0.43305045 -0.46850298 0.65706854 0.40153855
1778701807.10761738 0.57504367 2.00929564 -0.52520851 0.43328075 -0.46807550 0.65619851 0.40320793
1778701807.11791325 0.58019945 2.00502677 -0.53380769 0.43329646 -0.46793554 0.65504182 0.40522922
1778701807.11809301 0.57789696 2.00494617 -0.53687798 0.43385353 -0.46741257 0.65500610 0.40529448
1778701807.12814808 0.58845515 2.00002608 -0.54239323 0.43253259 -0.46853448 0.65386105 0.40725510
1778701807.13841867 0.58793472 1.99648423 -0.55601270 0.43357290 -0.46712161 0.65294907 0.40923032
1778701807.14876127 0.59277559 1.99175655 -0.56888138 0.43310930 -0.46656589 0.65235785 0.41129289
1778701807.15904570 0.59424256 1.98879351 -0.57902283 0.43315467 -0.46579106 0.65199485 0.41269654
1778701807.16934538 0.59253098 1.98518775 -0.59585132 0.43386851 -0.46372781 0.65170184 0.41472804
1778701807.17962766 0.58650729 1.98254262 -0.61325305 0.43473605 -0.46112159 0.65221013 0.41592474
1778701807.18990517 0.59554914 1.97748099 -0.62296481 0.43303644 -0.46134945 0.65197083 0.41781594
1778701807.20021629 0.59699459 1.97161106 -0.64424556 0.43252280 -0.45892824 0.65222148 0.42061388
1778701807.21047139 0.58952301 1.96910837 -0.66160899 0.43281241 -0.45623910 0.65364180 0.42103646
1778701807.22076702 0.59248507 1.96440689 -0.67681609 0.43179221 -0.45509790 0.65407420 0.42264444
1778701807.23104024 0.59244838 1.96146558 -0.68906425 0.43168830 -0.45383999 0.65420272 0.42390244
1778701807.24130273 0.59031112 1.95860572 -0.70430807 0.43168861 -0.45211956 0.65471571 0.42494727
1778701807.25157261 0.59989751 1.95450426 -0.71260302 0.42978589 -0.45303753 0.65459695 0.42607971
1778701807.26197696 0.58863746 1.95658906 -0.72067759 0.43165922 -0.45121722 0.65530312 0.42503078
1778701807.27235436 0.58932667 1.95435683 -0.73145640 0.43167901 -0.45064565 0.65510616 0.42591978
1778701807.28263497 0.59412470 1.95169315 -0.73950924 0.43096425 -0.45101430 0.65481765 0.42669634
1778701807.29290247 0.59326121 1.95124556 -0.74511894 0.43109988 -0.45086304 0.65492903 0.42654822
1778701807.29307246 0.59432713 1.95079066 -0.74675730 0.43087896 -0.45101608 0.65493276 0.42660391
1778701807.30322337 0.59325849 1.94924957 -0.75532581 0.43139627 -0.45027803 0.65460170 0.42736818
1778701807.31345010 0.59547129 1.94693885 -0.76363878 0.43133426 -0.45024952 0.65416671 0.42812619
1778701807.32370591 0.59489706 1.94466208 -0.77439127 0.43120753 -0.44949115 0.65444440 0.42862607
1778701807.33395648 0.60010795 1.94137333 -0.78135002 0.43069601 -0.44972093 0.65377882 0.42991311
1778701807.34425879 0.59977363 1.93921452 -0.79086464 0.43064231 -0.44915824 0.65394386 0.43030396
1778701807.35448313 0.60847521 1.93270243 -0.80353022 0.42899260 -0.44905397 0.65365547 0.43249325
1778701807.36473656 0.60424299 1.93243366 -0.81041676 0.42974803 -0.44821343 0.65385041 0.43232047
1778701807.37502360 0.60855906 1.92840682 -0.82037995 0.42865507 -0.44809028 0.65407654 0.43319026
1778701807.38528585 0.61135784 1.92391756 -0.83256902 0.42792605 -0.44739630 0.65416401 0.43449430
1778701807.39561272 0.60759555 1.92296558 -0.84160115 0.42826760 -0.44622787 0.65473990 0.43449191
1778701807.39577675 0.61374551 1.92178603 -0.84015809 0.42723751 -0.44745793 0.65448559 0.43462412
1778701807.40593100 0.60959516 1.92004009 -0.85094198 0.42833779 -0.44589666 0.65416288 0.43563039
1778701807.41624165 0.60802419 1.91796078 -0.86138432 0.42856373 -0.44498878 0.65431835 0.43610275
1778701807.42646861 0.60445822 1.91553111 -0.87394255 0.42926318 -0.44347639 0.65429622 0.43698771
1778701807.43672490 0.60396215 1.91389873 -0.88126922 0.42953430 -0.44296653 0.65408699 0.43755131
1778701807.44705653 0.60976691 1.91226323 -0.88472972 0.42837643 -0.44418267 0.65418352 0.43730917
1778701807.45729685 0.60135209 1.91177951 -0.89769393 0.43088698 -0.44206730 0.65315774 0.43851783
1778701807.46756244 0.60177274 1.91182069 -0.90113247 0.43160929 -0.44238768 0.65224364 0.43884483
1778701807.47782445 0.59788883 1.91213234 -0.90874136 0.43326508 -0.44176272 0.65119898 0.43939385
1778701807.48805094 0.59487752 1.91368384 -0.91274844 0.43508409 -0.44187253 0.64981379 0.43953674
1778701807.49825883 0.59374494 1.91411246 -0.91675713 0.43600743 -0.44192938 0.64898977 0.43978201
1778701807.50852013 0.59214583 1.91445522 -0.92246213 0.43729529 -0.44192640 0.64781668 0.44023565
1778701807.51879454 0.59111814 1.91432354 -0.92857784 0.43867596 -0.44187754 0.64635127 0.44106426
1778701807.52908802 0.60262544 1.91327695 -0.92572194 0.43770146 -0.44452603 0.64485885 0.44155532
1778701807.52926087 0.60022725 1.91360055 -0.92781772 0.43828219 -0.44417300 0.64471536 0.44154407
1778701807.53939748 0.59587078 1.91320867 -0.93535319 0.44010798 -0.44318640 0.64340239 0.44263320
1778701807.54968357 0.59716900 1.91109870 -0.94349963 0.44063883 -0.44306697 0.64227963 0.44385353
1778701807.55994272 0.58988865 1.90882531 -0.95834722 0.44263933 -0.44077317 0.64120633 0.44569484
1778701807.57020855 0.60045129 1.90714743 -0.95703348 0.44122447 -0.44304308 0.64049092 0.44587574
1778701807.58050013 0.59420450 1.90389170 -0.97246013 0.44330201 -0.44070825 0.63898722 0.44827994
1778701807.59076476 0.58045367 1.90203573 -0.98961120 0.44600690 -0.43719694 0.63858439 0.44960722
1778701807.60109425 0.57770159 1.89950083 -0.99918053 0.44675254 -0.43601731 0.63805600 0.45076115
1778701807.61137700 0.59007337 1.89578670 -1.00152549 0.44525782 -0.43813137 0.63689056 0.45183712
1778701807.62166739 0.57818111 1.89059723 -1.02377692 0.44751776 -0.43397594 0.63617690 0.45461158
1778701807.63200521 0.57923626 1.88583780 -1.03565589 0.44757912 -0.43314892 0.63542760 0.45638439
1778701807.64232492 0.57485998 1.88230345 -1.04751162 0.44855769 -0.43136612 0.63486423 0.45789373
1778701807.65265608 0.58201008 1.87802335 -1.05412915 0.44805479 -0.43213162 0.63353042 0.45950885
1778701807.66294360 0.57011543 1.87473122 -1.07053138 0.45050329 -0.42892085 0.63278952 0.46114110
1778701807.67322636 0.56600105 1.87205110 -1.08022164 0.45152482 -0.42757104 0.63214020 0.46228467
1778701807.68353772 0.55472729 1.86832395 -1.09706494 0.45369652 -0.42442876 0.63144775 0.46399724
1778701807.69382501 0.55129910 1.86356465 -1.11065531 0.45486208 -0.42277722 0.63009555 0.46619685
1778701807.70409679 0.55776731 1.86009297 -1.11534799 0.45415198 -0.42358470 0.62926251 0.46728008
1778701807.70427060 0.56256219 1.85857490 -1.11582200 0.45346847 -0.42435618 0.62899815 0.46759973
1778701807.71436191 0.55111185 1.85457159 -1.13153723 0.45552476 -0.42114027 0.62832467 0.46941045
1778701807.72462821 0.55500972 1.84928420 -1.14115390 0.45564779 -0.42109391 0.62666762 0.47154290
1778701807.73491383 0.52779916 1.84625691 -1.16348612 0.46071553 -0.41503532 0.62558511 0.47342386
1778701807.74522996 0.53439065 1.84400447 -1.16555303 0.46065181 -0.41635419 0.62382892 0.47464364
1778701807.75547528 0.51535761 1.83989003 -1.18529932 0.46432501 -0.41182669 0.62224405 0.47708847
1778701807.76572824 0.51878549 1.83324367 -1.19698895 0.46480612 -0.41148226 0.61957147 0.48038403
1778701807.77603245 0.51031558 1.83023686 -1.20772404 0.46658447 -0.40952908 0.61856741 0.48162146
1778701807.78627801 0.50727656 1.82483589 -1.22029140 0.46798026 -0.40828951 0.61607247 0.48450890
1778701807.79650235 0.50574568 1.81815575 -1.23383990 0.46896007 -0.40707638 0.61386449 0.48737630
1778701807.80682564 0.49384531 1.81567073 -1.24463591 0.47162993 -0.40467123 0.61216034 0.48894390
1778701807.80698514 0.49266970 1.81506743 -1.24665794 0.47215359 -0.40451252 0.61140600 0.48951334
1778701807.81707573 0.49461740 1.81333191 -1.25025817 0.47311476 -0.40514191 0.60880067 0.49130867
1778701807.82732320 0.48365720 1.80846283 -1.26461946 0.47560607 -0.40260770 0.60644520 0.49389282
1778701807.83756280 0.47085945 1.80594442 -1.27574106 0.47886041 -0.40040135 0.60377538 0.49580920
1778701807.84780765 0.47148982 1.80254740 -1.28207255 0.47959962 -0.40044782 0.60150557 0.49781201
1778701807.85807419 0.46218873 1.80219608 -1.28935355 0.48241315 -0.39934798 0.59867390 0.49938792
1778701807.86827350 0.45320210 1.79931304 -1.29945185 0.48474191 -0.39786276 0.59617900 0.50129942
1778701807.87860060 0.44836025 1.79521117 -1.30910285 0.48617191 -0.39664488 0.59382045 0.50367349
1778701807.88884854 0.44684217 1.78837803 -1.32187119 0.48676046 -0.39577210 0.59155274 0.50645242
1778701807.89913034 0.43313366 1.78400596 -1.33586033 0.48934515 -0.39299710 0.58921412 0.50884312
1778701807.90939975 0.43236212 1.78389213 -1.33844445 0.49042274 -0.39347587 0.58718794 0.50977701
1778701807.91970110 0.41710044 1.77763145 -1.35565363 0.49250253 -0.38993266 0.58562298 0.51228850
1778701807.92996383 0.41034857 1.77220707 -1.36853458 0.49362314 -0.38825532 0.58382640 0.51452963
1778701807.94031477 0.40061934 1.76437730 -1.38572546 0.49461387 -0.38545614 0.58224203 0.51746971
1778701807.95055699 0.38762620 1.75877108 -1.40017283 0.49614639 -0.38227961 0.58108471 0.51965528
1778701807.96083140 0.37814507 1.74913428 -1.41920924 0.49666795 -0.37918830 0.57980674 0.52283968
1778701807.97119331 0.36640689 1.74040883 -1.43741541 0.49786709 -0.37589717 0.57779019 0.52629666
1778701807.98152065 0.35815124 1.73313602 -1.45194159 0.49842864 -0.37336533 0.57657793 0.52889045
1778701807.99183393 0.34567074 1.72214800 -1.47279161 0.49915821 -0.36952914 0.57506179 0.53253473
1778701808.00212479 0.33146432 1.71294641 -1.49238086 0.50036330 -0.36569145 0.57317672 0.53607348
1778701808.01242185 0.32028508 1.70509141 -1.50963868 0.50140090 -0.36267487 0.57107735 0.53938366
1778701808.02273059 0.31278095 1.69737554 -1.52417471 0.50171433 -0.36030401 0.56961823 0.54221658
1778701808.03301549 0.30235989 1.68907270 -1.54162934 0.50251749 -0.35739435 0.56742952 0.54568232
1778701808.04325342 0.28354255 1.67934863 -1.56213085 0.50405831 -0.35274248 0.56554570 0.54923222
1778701808.05355120 0.27744282 1.67123809 -1.57637280 0.50421434 -0.35060145 0.56363274 0.55241711
1778701808.06384206 0.26299056 1.66181419 -1.59463563 0.50540922 -0.34696031 0.56100060 0.55628985
1778701808.07409763 0.24526389 1.64899414 -1.61696184 0.50650232 -0.34213408 0.55837372 0.56090861
1778701808.08437157 0.23894873 1.64193105 -1.62911952 0.50681639 -0.34028879 0.55635898 0.56374230
1778701808.09469867 0.22579078 1.62991076 -1.64839751 0.50737027 -0.33660389 0.55380025 0.56795996
1778701808.10496736 0.21159745 1.62220560 -1.66300561 0.50898741 -0.33356688 0.55029093 0.57170346
1778701808.11525202 0.19986957 1.61207665 -1.67946280 0.50977115 -0.33056431 0.54715593 0.57574386
1778701808.12559271 0.19485506 1.60734001 -1.68870359 0.51008806 -0.32940829 0.54540545 0.57778304
1778701808.13589168 0.17834296 1.59874195 -1.70419015 0.51177795 -0.32580166 0.54196747 0.58155642
1778701808.14613652 0.16710870 1.59534993 -1.71373005 0.51352363 -0.32398682 0.53854709 0.58420293
1778701808.15641165 0.15800477 1.59201933 -1.72175009 0.51482942 -0.32233368 0.53596173 0.58634178
1778701808.16672230 0.13810712 1.58940605 -1.73162494 0.51770577 -0.31903754 0.53275606 0.58852932
1778701808.17696738 0.12804642 1.59005036 -1.73698355 0.51994894 -0.31799547 0.52920544 0.59031651
1778701808.18725896 0.10949619 1.58638148 -1.74613176 0.52216314 -0.31456141 0.52735372 0.59185710
1778701808.19757056 0.09720486 1.58601662 -1.75258115 0.52449369 -0.31290604 0.52385032 0.59378197
1778701808.20787168 0.07243374 1.58151501 -1.76380141 0.52757124 -0.30838780 0.52085044 0.59605400
1778701808.21818233 0.06141978 1.58120628 -1.76955674 0.52960856 -0.30693552 0.51789809 0.59756751
1778701808.22840405 0.03707814 1.57800830 -1.77762079 0.53251959 -0.30254557 0.51608738 0.59878450
1778701808.23871017 0.01534919 1.57289331 -1.78823073 0.53494101 -0.29845543 0.51359688 0.60081670
1778701808.24897814 0.00372042 1.57298019 -1.79339706 0.53711863 -0.29690782 0.51010168 0.60261563
1778701808.25927997 -0.01363014 1.56868596 -1.80163564 0.53899664 -0.29358100 0.50788325 0.60443977
1778701808.26965904 -0.03794409 1.56554676 -1.81005001 0.54205498 -0.28933718 0.50462019 0.60648071
1778701808.27994156 -0.05042615 1.56320960 -1.81741571 0.54383133 -0.28725633 0.50121643 0.60869809
1778701808.29023552 -0.06985932 1.55966320 -1.82434957 0.54602390 -0.28370305 0.49891844 0.61028753
1778701808.29041171 -0.07425167 1.56038212 -1.82502147 0.54678178 -0.28314682 0.49827243 0.61039507
1778701808.30056787 -0.08429510 1.55703632 -1.83166624 0.54785418 -0.28127554 0.49584639 0.61227137
1778701808.31085324 -0.11110342 1.55183862 -1.84084564 0.55075059 -0.27635540 0.49264402 0.61449439
1778701808.32112217 -0.12867479 1.55097949 -1.84624354 0.55322236 -0.27363289 0.48932691 0.61614059
1778701808.33143544 -0.14457015 1.55180102 -1.84876083 0.55557186 -0.27131606 0.48739040 0.61658585
1778701808.34175754 -0.15779255 1.55461934 -1.85088445 0.55808775 -0.26981029 0.48404756 0.61760702
1778701808.35208130 -0.15849270 1.55575595 -1.85540788 0.55878290 -0.27021102 0.48073597 0.61938728
1778701808.36238670 -0.16869251 1.55588437 -1.85870018 0.56038493 -0.26878823 0.47796745 0.62070019
1778701808.36253428 -0.17306326 1.55368570 -1.86163337 0.56065557 -0.26783340 0.47706356 0.62156332
1778701808.37264562 -0.18922919 1.55289547 -1.86539194 0.56279255 -0.26525141 0.47418291 0.62294205
1778701808.38296008 -0.20549215 1.55144849 -1.87051928 0.56491430 -0.26270914 0.47073928 0.62470815
1778701808.39321756 -0.22420014 1.54572704 -1.87900346 0.56661270 -0.25913542 0.46674385 0.62765361
1778701808.40345144 -0.23678320 1.54145007 -1.88524307 0.56767362 -0.25672458 0.46411643 0.62963092
1778701808.41374564 -0.25073667 1.53636896 -1.89319869 0.56885021 -0.25406550 0.46073750 0.63212429
1778701808.42399859 -0.27099885 1.52868747 -1.90231381 0.57029725 -0.25001043 0.45736138 0.63488298
1778701808.43426204 -0.28100835 1.52274244 -1.90965383 0.57073346 -0.24783176 0.45531211 0.63681522
1778701808.44453716 -0.29892839 1.51358026 -1.91974214 0.57164028 -0.24400577 0.45228102 0.63963306
1778701808.45480943 -0.31194757 1.50564775 -1.92896284 0.57218939 -0.24121641 0.44975452 0.64197727
1778701808.46505451 -0.32588302 1.49891529 -1.93599306 0.57292689 -0.23830735 0.44773609 0.64381425
1778701808.47540951 -0.33579333 1.49027764 -1.94580653 0.57300982 -0.23598037 0.44506546 0.64644392
1778701808.48573709 -0.35459562 1.48012770 -1.95529986 0.57385506 -0.23198292 0.44222144 0.64908743
1778701808.49603248 -0.36541909 1.47204435 -1.96427798 0.57412870 -0.22960912 0.43954580 0.65150240
1778701808.50630212 -0.37686460 1.46545381 -1.97041377 0.57465193 -0.22722259 0.43741825 0.65330723
1778701808.51662397 -0.39113249 1.45492518 -1.98002859 0.57493057 -0.22400391 0.43496598 0.65580614
1778701808.52688622 -0.40691687 1.44841831 -1.98669848 0.57604017 -0.22098933 0.43194485 0.65784883
1778701808.53719568 -0.40807030 1.44632735 -1.99154295 0.57613317 -0.22089023 0.42992460 0.65912284
1778701808.54744816 -0.41911330 1.44238333 -1.99702414 0.57714059 -0.21901517 0.42696125 0.66079133
1778701808.55766773 -0.42848539 1.44070923 -2.00159980 0.57832645 -0.21761881 0.42451177 0.66179327
1778701808.56792307 -0.43359266 1.44100389 -2.00417840 0.57922915 -0.21709711 0.42186754 0.66286516
1778701808.56810713 -0.43518271 1.44151836 -2.00478584 0.57958780 -0.21698498 0.42121168 0.66300545
1778701808.57827663 -0.44003750 1.43925990 -2.00957226 0.58002778 -0.21620255 0.41944240 0.66399722
1778701808.58858466 -0.44714456 1.44040610 -2.01258477 0.58142137 -0.21551641 0.41680943 0.66465914
1778701808.59884858 -0.45343961 1.43900782 -2.01800577 0.58225471 -0.21468037 0.41464738 0.66555191
1778701808.60915494 -0.45498496 1.44242980 -2.01950898 0.58323966 -0.21500961 0.41240821 0.66597435
1778701808.61949587 -0.45349255 1.44180280 -2.02640894 0.58329537 -0.21546953 0.41031178 0.66707093
1778701808.62977433 -0.46651311 1.43826408 -2.03171516 0.58444698 -0.21322015 0.40774084 0.66836091
1778701808.64008427 -0.47279631 1.44261230 -2.03149227 0.58615022 -0.21280449 0.40589202 0.66812711
1778701808.65039921 -0.47658704 1.43649906 -2.04150441 0.58585645 -0.21176085 0.40496634 0.66927709
1778701808.66068220 -0.46861731 1.43966717 -2.04773812 0.58588443 -0.21360560 0.40412640 0.66917407
1778701808.67102027 -0.48035989 1.43670962 -2.05336412 0.58697809 -0.21155977 0.40259201 0.66979016
1778701808.68133831 -0.48219253 1.43492476 -2.05899493 0.58709589 -0.21120847 0.40174480 0.67030629
1778701808.69161415 -0.48584543 1.43204279 -2.06716309 0.58732771 -0.21047726 0.40138456 0.67054896
1778701808.70190144 -0.48464162 1.43126029 -2.07479583 0.58739663 -0.21075827 0.40108470 0.67057975
1778701808.71222639 -0.48687702 1.42897741 -2.08116346 0.58748682 -0.21025984 0.40080662 0.67082344
1778701808.72248793 -0.49115888 1.42594897 -2.08953692 0.58769053 -0.20934544 0.40059705 0.67105613
1778701808.73276424 -0.48566702 1.43040740 -2.09481533 0.58794302 -0.21083890 0.39898898 0.67132537
1778701808.74308205 -0.48997780 1.42507813 -2.10517436 0.58774776 -0.20970269 0.39906025 0.67180970
1778701808.75332522 -0.48703987 1.42662566 -2.11046250 0.58780021 -0.21045408 0.39841823 0.67190990
1778701808.76362276 -0.48559877 1.42732469 -2.11771212 0.58798808 -0.21090527 0.39822237 0.67172013
1778701808.77392435 -0.47921894 1.42718915 -2.12650670 0.58739976 -0.21212883 0.39731215 0.67238824
1778701808.78420115 -0.48034262 1.42865229 -2.13079700 0.58795264 -0.21221481 0.39726053 0.67190820
1778701808.79447532 -0.47272253 1.42417269 -2.14239165 0.58649828 -0.21322739 0.39642843 0.67334861
1778701808.80475831 -0.46866339 1.42457812 -2.14987650 0.58626400 -0.21416645 0.39536257 0.67388106
1778701808.81506705 -0.46678981 1.41953707 -2.15865359 0.58540785 -0.21415027 0.39540289 0.67460645
1778701808.82527328 -0.44981718 1.41970691 -2.16897769 0.58385063 -0.21721251 0.39525201 0.67506520
1778701808.83552909 -0.44620068 1.41681108 -2.17845089 0.58320942 -0.21771860 0.39507215 0.67556153
1778701808.84585452 -0.44173496 1.41654596 -2.18640910 0.58270837 -0.21868807 0.39339548 0.67665831
1778701808.85610914 -0.43945430 1.41426426 -2.19360317 0.58229598 -0.21896451 0.39390153 0.67662953
1778701808.86635470 -0.42971892 1.41382812 -2.20267309 0.58142404 -0.22069935 0.39389665 0.67681852
1778701808.87661076 -0.42686563 1.41258716 -2.21103896 0.58114812 -0.22116385 0.39404985 0.67681470
1778701808.88689637 -0.42380314 1.41310602 -2.21642018 0.58106473 -0.22182485 0.39378560 0.67682377
1778701808.89719272 -0.42453402 1.41214235 -2.22408300 0.58116187 -0.22173200 0.39367292 0.67683635
1778701808.90745401 -0.42397005 1.41404829 -2.22987980 0.58163602 -0.22210497 0.39390747 0.67616998
1778701808.91770482 -0.42457626 1.41597403 -2.23406201 0.58214093 -0.22224092 0.39399635 0.67563880
1778701808.92796731 -0.41831687 1.42216881 -2.23849402 0.58263807 -0.22395641 0.39366955 0.67483383
