1779472199.94742799 -1.13409787 2.21103277 -0.19850695 0.36919457 0.46923979 -0.67334621 0.43602095
1779472199.98076820 -1.14850097 2.20438011 -0.21837214 0.37196663 0.46794914 -0.67043436 0.43952496
1779472200.01410961 -1.15919279 2.19681931 -0.23757692 0.37421547 0.46629979 -0.66738892 0.44398121
1779472200.04745102 -1.17245742 2.19059441 -0.25529803 0.37605429 0.46521444 -0.66431499 0.44815654
1779472200.08079219 -1.18491462 2.17929213 -0.27284702 0.37850866 0.46431610 -0.66088653 0.45207383
1779472200.11413360 -1.20508779 2.16949610 -0.28536113 0.38125109 0.46396377 -0.65772144 0.45473919
1779472200.14747477 -1.21630319 2.16405391 -0.30026341 0.38413381 0.46367974 -0.65452998 0.45720108
1779472200.18081641 -1.22033768 2.16184439 -0.30959303 0.38670411 0.46333562 -0.65169146 0.45943255
1779472200.21415782 -1.23477618 2.15740842 -0.31944675 0.38794910 0.46382166 -0.64968596 0.46073107
1779472200.24749947 -1.25759531 2.14661282 -0.32277045 0.38786715 0.46547173 -0.64793496 0.46160094
1779472200.28084087 -1.25974858 2.14848791 -0.32315437 0.38838829 0.46740021 -0.64602302 0.46189376
1779472200.31418228 -1.26483550 2.14654759 -0.32665921 0.38784455 0.46872059 -0.64541324 0.46186510
1779472200.34752345 -1.26657977 2.14776942 -0.33301959 0.38807990 0.46904545 -0.64521960 0.46160807
1779472200.38086486 -1.26766242 2.14981858 -0.34012406 0.38836837 0.46894358 -0.64521780 0.46147146
1779472200.41420555 -1.27071708 2.14861557 -0.35168261 0.38800270 0.46829440 -0.64535687 0.46224319
1779472200.44754672 -1.27466796 2.14420929 -0.36854809 0.38690415 0.46680183 -0.64603588 0.46372284
1779472200.48088813 -1.33946319 2.12728249 -0.38082742 0.38188640 0.46695035 -0.64870271 0.46400964
1779472200.51422954 -1.32604064 2.11867402 -0.40360620 0.38165529 0.46531319 -0.64891059 0.46555120
1779472200.54757094 -1.33641750 2.11185009 -0.41531468 0.38007263 0.46554150 -0.64909831 0.46635533
1779472200.58091259 -1.34446712 2.10849254 -0.42004166 0.37913948 0.46579285 -0.64896728 0.46704577
1779472200.61425424 -1.35155165 2.10386767 -0.43203092 0.37822758 0.46576528 -0.64887006 0.46794685
1779472200.64759541 -1.35100686 2.09859965 -0.43547143 0.37780763 0.46542917 -0.64859334 0.46900294
1779472200.68093681 -1.36670319 2.09422707 -0.44313800 0.37653786 0.46603768 -0.64849382 0.46955711
1779472200.71427798 -1.37129270 2.09111607 -0.44932074 0.37612440 0.46648946 -0.64793476 0.47021119
1779472200.74761963 -1.43808665 2.08682799 -0.43477384 0.37298483 0.46973640 -0.64829397 0.46898291
1779472200.78096104 -1.43875556 2.08412591 -0.44420487 0.37408548 0.47101425 -0.64655687 0.46922260
1779472200.81430268 -1.43998691 2.08273552 -0.44328308 0.37534936 0.47281103 -0.64435028 0.46944148
1779472200.84764409 -1.44132562 2.08142268 -0.44962628 0.37678858 0.47361273 -0.64245263 0.47008081
1779472200.88098407 -1.44084117 2.07834474 -0.45503208 0.37790890 0.47333211 -0.64109795 0.47131200
1779472200.91432595 -1.43904672 2.07838108 -0.46859472 0.37959167 0.47222765 -0.64001255 0.47254117
1779472200.94766712 -1.43755050 2.07495061 -0.47971627 0.38130533 0.47092315 -0.63856279 0.47442090
1779472200.98100877 -1.43337680 2.07546678 -0.49934613 0.38389927 0.46958880 -0.63693613 0.47583618
1779472201.01435018 -1.48501708 2.06510933 -0.50677832 0.38319720 0.47006226 -0.63660610 0.47637596
1779472201.04769135 -1.50502074 2.05294909 -0.51731867 0.38432255 0.46932969 -0.63560808 0.47752297
1779472201.08103299 -1.43718310 2.08423257 -0.55344663 0.39181554 0.46750115 -0.63115011 0.47913755
1779472201.11437440 -1.43065929 2.08559644 -0.56248821 0.39459065 0.46697004 -0.62903804 0.48015450
1779472201.14771605 -1.43692398 2.07212425 -0.57303232 0.39591761 0.46635230 -0.62776257 0.48133038
1779472201.18105769 -1.43460667 2.07298943 -0.58735690 0.39784440 0.46575036 -0.62617136 0.48239596
1779472201.21439910 -1.43876085 2.06550326 -0.60431021 0.39857245 0.46463769 -0.62486708 0.48455439
1779472201.24774051 -1.44112048 2.05368833 -0.62894397 0.39908389 0.46275632 -0.62364855 0.48749473
1779472201.28108168 -1.48770554 2.02880207 -0.63753546 0.39706751 0.46180209 -0.62388893 0.48973343
1779472201.31442237 -1.48326346 2.02094623 -0.66534528 0.39940319 0.45886196 -0.62203631 0.49294384
1779472201.34776402 -1.45167063 2.06061013 -0.70175652 0.40563576 0.45719732 -0.61683055 0.49593378
1779472201.38110542 -1.43079262 2.05053149 -0.73645348 0.40856353 0.45336841 -0.61427902 0.50019418
1779472201.41444731 -1.44920071 2.04511993 -0.76222313 0.40946372 0.45127151 -0.61258225 0.50342475
1779472201.44778848 -1.42491817 2.03670062 -0.79915918 0.41221906 0.44686500 -0.61038545 0.50775655
1779472201.48113012 -1.44360452 2.02452017 -0.82956728 0.41209898 0.44447763 -0.60928178 0.51126293
1779472201.51447153 -1.41752436 2.00675097 -0.86280667 0.41384368 0.44035554 -0.60706555 0.51603471
1779472201.54781294 -1.44629848 1.96609518 -0.88215234 0.41231011 0.43747642 -0.60712221 0.51963196
1779472201.58115458 -1.45589694 1.96193829 -0.90768100 0.41408158 0.43559274 -0.60474439 0.52257021
1779472201.61449599 -1.43437147 1.95438291 -0.93710823 0.41732083 0.43219421 -0.60225990 0.52567528
1779472201.64783788 -1.43724413 1.95404799 -0.95507643 0.41915873 0.43066988 -0.60018758 0.52782979
1779472201.68117929 -1.38754544 1.98150066 -0.97776433 0.42412712 0.42873860 -0.59622813 0.52991643
1779472201.71452069 -1.39967446 1.94387798 -0.99382613 0.42298569 0.42668980 -0.59658645 0.53207475
1779472201.74786139 -1.37350745 1.96667239 -1.00775209 0.42602183 0.42631333 -0.59403328 0.53281029
1779472201.78120255 -1.40854574 1.93872000 -1.01210369 0.42431434 0.42646044 -0.59451646 0.53351571
1779472201.81454420 -1.38412259 1.93385977 -1.02722816 0.42692813 0.42466298 -0.59356559 0.53392285
1779472201.84788585 -1.37677569 1.93440576 -1.03781801 0.42946990 0.42439397 -0.59157283 0.53430979
1779472201.88122749 -1.36472402 1.93258718 -1.05094636 0.43274733 0.42372058 -0.58924860 0.53476790
1779472201.91456914 -1.37766772 1.94589592 -1.03774210 0.43553954 0.42447239 -0.58731307 0.53403357
1779472201.94791055 -1.31591419 1.97770215 -1.06453251 0.44247523 0.42254452 -0.58265097 0.53496696
1779472201.98125196 -1.35415043 1.95326359 -1.05723758 0.44145348 0.42260097 -0.58326836 0.53509369
1779472202.01459336 -1.35162847 1.94269315 -1.06590611 0.44306483 0.42208466 -0.58189115 0.53566855
1779472202.04793477 -1.32857252 1.95129361 -1.08911801 0.44643376 0.42191318 -0.57913197 0.53599658
1779472202.08127642 -1.32946024 1.95446954 -1.08307978 0.44868229 0.42288571 -0.57702497 0.53562494
1779472202.11461782 -1.32699265 1.96032646 -1.08372945 0.45081007 0.42379199 -0.57492390 0.53538130
1779472202.14795923 -1.32538493 1.96070924 -1.08427360 0.45227573 0.42422739 -0.57333840 0.53550058
1779472202.18130064 -1.33808472 1.96337718 -1.09103654 0.45265619 0.42496696 -0.57266713 0.53531095
1779472202.21464086 -1.33400759 1.95784991 -1.09827402 0.45329683 0.42424268 -0.57235031 0.53568204
1779472202.24798226 -1.33204591 1.95861521 -1.10161067 0.45377432 0.42383800 -0.57222483 0.53573217
1779472202.28132343 -1.32753183 1.96550613 -1.11095723 0.45432050 0.42327767 -0.57237084 0.53555627
1779472202.31466484 -1.32183453 1.95670621 -1.12503622 0.45415181 0.42155639 -0.57375633 0.53557448
1779472202.34800601 -1.32548477 1.95510513 -1.13170879 0.45388596 0.42045818 -0.57521190 0.53510160
1779472202.38134718 -1.31746761 1.95485349 -1.13950725 0.45386362 0.41918964 -0.57618305 0.53507098
1779472202.41468859 -1.33037009 1.95344067 -1.14779980 0.45307681 0.41863957 -0.57772461 0.53450593
1779472202.44802976 -1.32939496 1.95383590 -1.15802626 0.45280107 0.41717419 -0.57937490 0.53409888
1779472202.48137116 -1.32904920 1.95371976 -1.17040448 0.45258249 0.41544243 -0.58087311 0.53400666
1779472202.51471233 -1.33440363 1.95437628 -1.18493036 0.45180121 0.41401609 -0.58234555 0.53417226
1779472202.54805398 -1.32884574 1.95031782 -1.20172547 0.45166635 0.41070535 -0.58429104 0.53471732
1779472202.58139515 -1.33158200 1.94807388 -1.21634957 0.45120000 0.40882383 -0.58552550 0.53520232
1779472202.61473656 -1.33356144 1.94326918 -1.23403580 0.45044158 0.40662170 -0.58661874 0.53632046
1779472202.64807701 -1.33949761 1.93780100 -1.25189316 0.44953782 0.40472102 -0.58737865 0.53768297
1779472202.68141818 -1.34415763 1.93270717 -1.26815215 0.44907231 0.40311961 -0.58761895 0.53901077
1779472202.71475959 -1.34502126 1.92631795 -1.28546795 0.44899555 0.40106366 -0.58742444 0.54081740
1779472202.74810076 -1.35178472 1.92010186 -1.30496376 0.44873971 0.39914997 -0.58754025 0.54231763
1779472202.78144217 -1.35116263 1.91291816 -1.32514100 0.44885161 0.39665593 -0.58746417 0.54413432
1779472202.81478310 -1.35864911 1.90565138 -1.34306681 0.44866625 0.39498844 -0.58709761 0.54589295
1779472202.84812450 -1.35991591 1.89801073 -1.35998410 0.44887999 0.39330642 -0.58621583 0.54787573
1779472202.88146591 -1.36124060 1.89118323 -1.37677579 0.44910019 0.39157489 -0.58560803 0.54958289
1779472202.91480708 -1.37641968 1.88234949 -1.39407679 0.44774257 0.39052210 -0.58609541 0.55091855
1779472202.94814849 -1.38101323 1.87053799 -1.41381834 0.44657523 0.38843438 -0.58623370 0.55319015
1779472202.98148966 -1.38372368 1.86170771 -1.42802938 0.44572757 0.38686875 -0.58650522 0.55468111
1779472203.01483130 -1.40008787 1.85035439 -1.44632600 0.44399203 0.38592114 -0.58726718 0.55592555
1779472203.04817271 -1.40305384 1.84314174 -1.45934228 0.44328353 0.38469540 -0.58780483 0.55677163
1779472203.08151317 -1.40799344 1.83537808 -1.46725512 0.44236673 0.38424383 -0.58829528 0.55729437
1779472203.11485457 -1.43368669 1.82991351 -1.46742972 0.43955068 0.38634095 -0.59033154 0.55591775
1779472203.14819598 -1.44439925 1.83212191 -1.45792556 0.43747400 0.38865098 -0.59283226 0.55327825
1779472203.18153739 -1.46065088 1.83959966 -1.43757002 0.43416128 0.39287513 -0.59698677 0.54841582
1779472203.21487856 -1.48651097 1.84451337 -1.39590984 0.42861152 0.39954468 -0.60248328 0.54191338
1779472203.24822021 -1.54240117 1.85894008 -1.35271834 0.42072208 0.40957224 -0.60988722 0.53224158
1779472203.28156185 -1.58240350 1.87749162 -1.28838580 0.41229366 0.42040996 -0.61799666 0.52091221
1779472203.31490326 -1.61754881 1.90028558 -1.21605682 0.40306962 0.43145248 -0.62740305 0.50768991
1779472203.34824491 -1.65210013 1.92460360 -1.14092945 0.39273438 0.44210603 -0.63808089 0.49310723
1779472203.38158631 -1.68160283 1.94620924 -1.06443853 0.38102065 0.45206892 -0.64930551 0.47839243
1779472203.41492772 -1.70487919 1.96581502 -0.99205949 0.36921546 0.46076075 -0.66032732 0.46405528
1779472203.44826913 -1.72418829 1.98702216 -0.92242751 0.35786950 0.46853917 -0.67100206 0.44961840
1779472203.48161054 -1.73421114 2.00735808 -0.85460361 0.34732092 0.47562978 -0.68071505 0.43562772
1779472203.51495242 -1.73724571 2.03132353 -0.78774259 0.33803302 0.48237522 -0.68960025 0.42130668
1779472203.54829240 -1.74125222 2.05409970 -0.72336526 0.32859274 0.48853081 -0.69840369 0.40693580
1779472203.58163404 -1.73077327 2.08068308 -0.65958829 0.32010667 0.49389628 -0.70706112 0.39199843
1779472203.61497593 -1.71660707 2.10826158 -0.59420259 0.31101941 0.49914076 -0.71591569 0.37628466
1779472203.64831734 -1.70465639 2.13689582 -0.53242545 0.30123244 0.50376386 -0.72506037 0.36023387
1779472203.68165874 -1.68700960 2.16204552 -0.47429677 0.29103643 0.50757027 -0.73400307 0.34483286
1779472203.71499991 -1.67161206 2.18295507 -0.42251791 0.27952532 0.51048927 -0.74298163 0.33052171
1779472203.74834156 -1.65508094 2.20080022 -0.37083490 0.26749074 0.51367898 -0.75115586 0.31677672
1779472203.78168321 -1.64611191 2.21745253 -0.31753618 0.25452332 0.51760643 -0.75865306 0.30289768
1779472203.81502485 -1.62905453 2.23341822 -0.26344885 0.24170757 0.52121629 -0.76582265 0.28883682
1779472203.84836626 -1.60931013 2.25030060 -0.20907330 0.22883089 0.52476871 -0.77270863 0.27418171
1779472203.88170767 -1.58367664 2.26975178 -0.15548927 0.21736421 0.52829359 -0.77876921 0.25918565
1779472203.91504908 -1.56101425 2.28443363 -0.09897968 0.20623742 0.53222796 -0.78397810 0.24408575
1779472203.94839072 -1.52992104 2.30251930 -0.04704078 0.19636247 0.53587538 -0.78845068 0.22940113
1779472203.98173118 -1.49668742 2.32061159 0.00003183 0.18672319 0.53883440 -0.79290155 0.21470695
1779472204.01507258 -1.46380568 2.33381454 0.04767080 0.17545112 0.54161900 -0.79741882 0.19997248
1779472204.04841399 -1.42583067 2.34877743 0.09916163 0.16407533 0.54468933 -0.80152266 0.18426679
1779472204.08175588 -1.38278667 2.36484630 0.15279276 0.15284636 0.54796544 -0.80517143 0.16754355
1779472204.11509776 -1.33402821 2.38109917 0.21026412 0.14175732 0.55204541 -0.80784719 0.15011213
1779472204.14843917 -1.28338609 2.39546016 0.27581498 0.12980061 0.55698321 -0.80968262 0.13166456
1779472204.18178058 -1.23090732 2.40854372 0.34497823 0.11677492 0.56235319 -0.81082511 0.11262835
1779472204.21512198 -1.17166006 2.42221671 0.41599777 0.10366384 0.56793175 -0.81124927 0.09263885
1779472204.24846387 -1.10960848 2.43291606 0.48416215 0.09130962 0.57333559 -0.81096758 0.07266667
1779472204.28180575 -1.04803726 2.44453688 0.54778687 0.07916376 0.57836785 -0.81015590 0.05358311
1779472204.31514716 -0.98918747 2.45370278 0.60010191 0.06726578 0.58174703 -0.80978918 0.03587743
1779472204.34848881 -0.93222007 2.46214408 0.63754081 0.05660456 0.58322887 -0.81009092 0.01981716
1779472204.38183022 -0.87811723 2.47136777 0.66817153 0.04686823 0.58392501 -0.81043985 0.00471123
1779472204.41517091 -0.82674589 2.47872153 0.69696414 0.03763046 0.58463803 -0.81036542 -0.00949779
1779472204.44851279 -0.77757979 2.48221215 0.72813362 0.02783397 0.58579462 -0.80965862 -0.02286613
1779472204.48185420 -0.72938250 2.48452012 0.75907208 0.01788789 0.58712840 -0.80849124 -0.03608573
1779472204.51519608 -0.68228822 2.48613556 0.78716239 0.00770298 0.58812984 -0.80725108 -0.04888397
1779472204.54853773 -0.63741441 2.48652432 0.81445701 -0.00239797 0.58892694 -0.80587814 -0.06098968
1779472204.58187914 -0.59365118 2.48774508 0.83384611 -0.01107929 0.58915275 -0.80469138 -0.07244354
1779472204.61522102 -0.55490566 2.49070990 0.84663886 -0.01830523 0.58871784 -0.80386805 -0.08289986
1779472204.64856243 -0.51416560 2.49240334 0.85453682 -0.02340861 0.58816791 -0.80311426 -0.09229324
1779472204.68190455 -0.47251841 2.49609307 0.86066297 -0.02701416 0.58821148 -0.80202909 -0.10013406
1779472204.71524620 -0.44264642 2.49505530 0.86952561 -0.03093771 0.58862567 -0.80066205 -0.10725187
1779472204.74858737 -0.42169805 2.49160333 0.87942168 -0.03510777 0.58909753 -0.79928514 -0.11346722
1779472204.78192925 -0.38775077 2.48989682 0.88159926 -0.03814740 0.58902369 -0.79832684 -0.11945766
1779472204.81527066 -0.36051862 2.48723101 0.88678149 -0.04204105 0.58915010 -0.79707723 -0.12570842
1779472204.84861279 -0.33334843 2.48293929 0.89462475 -0.04658721 0.58969072 -0.79540934 -0.13197902
1779472204.88195348 -0.30650772 2.47770386 0.90359913 -0.05098411 0.59058371 -0.79342749 -0.13814599
1779472204.91529512 -0.26820109 2.47742694 0.90883464 -0.05527031 0.59200628 -0.79094621 -0.14449170
1779472204.94863677 -0.23810266 2.47059063 0.91860684 -0.06093146 0.59304217 -0.78844085 -0.15149046
1779472204.98197818 -0.20548691 2.46512108 0.92690306 -0.06636433 0.59386390 -0.78590289 -0.15899084
1779472205.01532006 -0.16617624 2.45949389 0.92804974 -0.07161107 0.59368333 -0.78399669 -0.16661676
1779472205.04866195 -0.12927204 2.45471758 0.92688074 -0.07681868 0.59322594 -0.78210870 -0.17460771
1779472205.08200336 -0.09232941 2.45004594 0.92589594 -0.08198205 0.59288300 -0.78000860 -0.18263428
1779472205.11534476 -0.04668639 2.44639130 0.92224501 -0.08633208 0.59286284 -0.77758253 -0.19085552
1779472205.14868569 -0.00438760 2.44217408 0.91619557 -0.09074214 0.59212995 -0.77542596 -0.19965611
1779472205.18202710 0.03900987 2.43891882 0.90659282 -0.09463098 0.59114130 -0.77331873 -0.20874646
1779472205.21536851 0.08562119 2.43396542 0.89744285 -0.09783671 0.59019856 -0.77124139 -0.21744044
1779472205.24870968 0.13027905 2.42679672 0.88084446 -0.09975833 0.58884306 -0.76964508 -0.22574009
1779472205.28205109 0.16685151 2.42267159 0.86660820 -0.10170644 0.58767930 -0.76811086 -0.23301190
1779472205.31539130 0.19436165 2.41647340 0.85802284 -0.10289064 0.58762733 -0.76637197 -0.23828897
1779472205.34873271 0.21708065 2.40976203 0.85461676 -0.10319418 0.58875024 -0.76425541 -0.24215241
1779472205.38207388 0.21194736 2.39317510 0.86646222 -0.10485161 0.58871170 -0.76286770 -0.24588118
1779472205.41541553 0.22476639 2.38795666 0.85806327 -0.10469198 0.58893212 -0.76211372 -0.24775234
1779472205.44875693 0.23099214 2.38440998 0.85036887 -0.10522827 0.58894871 -0.76176228 -0.24856520
1779472205.48209810 0.23518628 2.37927954 0.84774795 -0.10602132 0.58972609 -0.76095248 -0.24886529
1779472205.51543951 0.24852503 2.37083075 0.83603891 -0.10558939 0.59029673 -0.76056983 -0.24886581
1779472205.54878068 0.25673169 2.36804107 0.82925319 -0.10581010 0.59067124 -0.75999438 -0.24964023
1779472205.58212185 0.26275022 2.36778769 0.81646079 -0.10737405 0.58930451 -0.76042542 -0.25088681
1779472205.61546302 0.26935680 2.36822146 0.80177206 -0.10968563 0.58723073 -0.76103016 -0.25290754
1779472205.64880443 0.28660622 2.36630402 0.78174471 -0.11140546 0.58529708 -0.76157352 -0.25499398
1779472205.68214583 0.29601174 2.35983582 0.77140064 -0.11411164 0.58300311 -0.76186687 -0.25815650
1779472205.71548700 0.31002288 2.35694979 0.76310322 -0.11766092 0.58177925 -0.76117911 -0.26133344
1779472205.74882746 0.32629314 2.35290597 0.75717880 -0.12150087 0.58103494 -0.75984669 -0.26508290
1779472205.78216863 0.34260775 2.34847936 0.75239354 -0.12672117 0.58022373 -0.75820962 -0.26907311
1779472205.81551003 0.36509155 2.34178069 0.73875586 -0.13238228 0.57837744 -0.75699620 -0.27369915
1779472205.84885120 0.38383058 2.33883258 0.73121181 -0.13971365 0.57689609 -0.75497996 -0.27870460
1779472205.88219285 0.40065783 2.33459957 0.72872522 -0.14788308 0.57619773 -0.75219477 -0.28342514
1779472205.91553426 0.41671344 2.32972145 0.72702077 -0.15481353 0.57597289 -0.74934783 -0.28769051
1779472205.94887543 0.43191150 2.32679081 0.72009855 -0.15947893 0.57533724 -0.74735305 -0.29157666
1779472205.98221684 0.45503585 2.32316631 0.70544437 -0.16192061 0.57341521 -0.74704420 -0.29479089
1779472206.01555800 0.46765418 2.32333469 0.69481678 -0.16442354 0.57238420 -0.74624441 -0.29742310
1779472206.04889917 0.47813362 2.32302360 0.68383641 -0.16674446 0.57138990 -0.74559622 -0.29966003
1779472206.08224082 0.48644812 2.32409386 0.67153080 -0.17033215 0.56979219 -0.74519884 -0.30166623
1779472206.11558223 0.50598488 2.31830970 0.66240642 -0.17356588 0.56849743 -0.74447726 -0.30403810
1779472206.14892411 0.52009884 2.31630736 0.65209672 -0.17762604 0.56751053 -0.74307700 -0.30694846
1779472206.18226576 0.53810827 2.31416265 0.63802393 -0.17987481 0.56622526 -0.74202700 -0.31053170
1779472206.21560645 0.55898189 2.31144896 0.62262348 -0.18001837 0.56487891 -0.74142283 -0.31432052
1779472206.24894810 0.59202633 2.30787766 0.60800342 -0.17819805 0.56350217 -0.74164201 -0.31729779
1779472206.28228927 0.61153490 2.30208045 0.59167397 -0.17622757 0.56178949 -0.74237591 -0.31970991
1779472206.31563091 0.62106692 2.29983370 0.57766206 -0.17447234 0.56082773 -0.74269295 -0.32161910
1779472206.34897256 0.63708251 2.29509641 0.56913104 -0.17235153 0.56071471 -0.74263514 -0.32308981
1779472206.38231444 0.65300874 2.29150739 0.56004176 -0.16972627 0.56056897 -0.74275851 -0.32444603
1779472206.41565609 0.69790052 2.27604840 0.55632809 -0.16456715 0.56181851 -0.74253825 -0.32544517
1779472206.44899750 0.71972602 2.26885895 0.54997172 -0.16167722 0.56247949 -0.74206086 -0.32683786
1779472206.48233914 0.73830710 2.26359515 0.54352084 -0.15991185 0.56272730 -0.74167205 -0.32815966
1779472206.51568055 0.75624754 2.25981702 0.53190002 -0.15917063 0.56191860 -0.74170487 -0.32982735
1779472206.54902267 0.80525747 2.25505447 0.51523386 -0.15624956 0.56054858 -0.74258314 -0.33157448
1779472206.58236432 0.81301834 2.25251347 0.49391991 -0.15710649 0.55743585 -0.74359596 -0.33413751
1779472206.61570573 0.83265723 2.24963338 0.47240421 -0.15674101 0.55470597 -0.74453854 -0.33674310
1779472206.64904666 0.84744193 2.24746522 0.45403940 -0.15764153 0.55244657 -0.74508425 -0.33882355
1779472206.68238783 0.86346953 2.24298838 0.44098739 -0.15857591 0.55129090 -0.74484960 -0.34078012
1779472206.71572971 0.87858751 2.23750630 0.42900132 -0.15926132 0.55051877 -0.74443459 -0.34261066
1779472206.74907136 0.89070776 2.23412099 0.41851862 -0.16011202 0.54960478 -0.74413706 -0.34432364
1779472206.78241301 0.92313951 2.22585387 0.40995840 -0.15968868 0.54939385 -0.74368023 -0.34584049
1779472206.81575489 0.94240561 2.21778503 0.40434297 -0.16086737 0.54945502 -0.74234891 -0.34805025
1779472206.84909630 0.96009416 2.21010914 0.40309669 -0.16256369 0.55076317 -0.74000563 -0.35017802
1779472206.88243794 0.97906462 2.20127470 0.40191202 -0.16535634 0.55220563 -0.73680120 -0.35334150
1779472206.91577959 1.00404177 2.18894664 0.39946950 -0.16814507 0.55332852 -0.73310818 -0.35792063
1779472206.94912148 1.04504089 2.17120751 0.39666173 -0.16987963 0.55409167 -0.72981266 -0.36262490
1779472206.98246312 1.06787393 2.15968322 0.38966291 -0.17371678 0.55463287 -0.72609605 -0.36740901
1779472207.01580477 1.08833420 2.14946530 0.38145353 -0.17798728 0.55497320 -0.72247426 -0.37196265
1779472207.04914618 1.10561638 2.14122806 0.37222399 -0.18284331 0.55501037 -0.71902285 -0.37621530
1779472207.08248687 1.12739465 2.12358552 0.37338151 -0.18721180 0.55461532 -0.71617935 -0.38005358
1779472207.11582780 1.14106843 2.11838182 0.36331969 -0.19203345 0.55441451 -0.71319384 -0.38353912
1779472207.14916921 1.15382138 2.11237060 0.35266872 -0.19658241 0.55410939 -0.71026882 -0.38708700
1779472207.18251061 1.16597842 2.10583301 0.34301920 -0.20094707 0.55395966 -0.70722462 -0.39061785
1779472207.21585178 1.18655020 2.09452349 0.33571490 -0.20543007 0.55364893 -0.70435272 -0.39390175
1779472207.24919343 1.19848670 2.08759131 0.32358484 -0.21121562 0.55330091 -0.70062905 -0.39795100
1779472207.28253436 1.21158705 2.07985038 0.30971490 -0.21753746 0.55269499 -0.69639779 -0.40278508
1779472207.31587577 1.22792287 2.07005248 0.29377225 -0.22392001 0.55195596 -0.69171614 -0.40832981
1779472207.34921694 1.25226803 2.06960942 0.28450402 -0.23022959 0.55183789 -0.68659060 -0.41359719
1779472207.38255835 1.27572108 2.04748987 0.26050288 -0.23565929 0.54999127 -0.68201132 -0.42051738
1779472207.41589952 1.28845305 2.03778052 0.23761528 -0.24214684 0.54831835 -0.67703294 -0.42701088
1779472207.44924045 1.30193899 2.02737642 0.21700791 -0.24850563 0.54687001 -0.67181652 -0.43340594
1779472207.48258185 1.31739597 2.01620408 0.19694214 -0.25466046 0.54564232 -0.66644174 -0.43963384
1779472207.51592302 1.33269281 2.00412664 0.17811369 -0.26017155 0.54454038 -0.66119550 -0.44565351
1779472207.54926348 1.35031018 1.98858467 0.15933803 -0.26396220 0.54372812 -0.65606946 -0.45194751
1779472207.58260441 1.38565410 1.96103778 0.13812033 -0.26538014 0.54347083 -0.65158111 -0.45788088
1779472207.61594582 1.39453830 1.94810568 0.11904977 -0.26882492 0.54287817 -0.64659435 -0.46360781
1779472207.64928722 1.40462775 1.93653202 0.09891333 -0.27195673 0.54179268 -0.64212839 -0.46922420
1779472207.68262815 1.41475119 1.92572930 0.07530056 -0.27492097 0.54000400 -0.63818807 -0.47490012
1779472207.71596956 1.44984151 1.90080749 0.04562160 -0.27557226 0.53829498 -0.63497941 -0.48072819
1779472207.74931073 1.45679938 1.89288367 0.01681691 -0.27904803 0.53559373 -0.63152491 -0.48625903
1779472207.78265190 1.46444365 1.88349446 -0.01315064 -0.28172050 0.53287910 -0.62812477 -0.49206980
1779472207.81599331 1.47394248 1.87329020 -0.04619937 -0.28406089 0.52960685 -0.62495579 -0.49825320
1779472207.84933472 1.50144058 1.85315829 -0.08345206 -0.28412005 0.52687985 -0.62253053 -0.50411226
1779472207.88267589 1.50813681 1.84098736 -0.11616143 -0.28556396 0.52381595 -0.61966828 -0.50998167
1779472207.91601706 1.51540953 1.82834810 -0.14839908 -0.28686653 0.52081798 -0.61676661 -0.51580536
1779472207.94935846 1.52163787 1.81742659 -0.17804047 -0.28849747 0.51838418 -0.61384651 -0.52080660
1779472207.98269844 1.53111180 1.80494637 -0.20443629 -0.29009808 0.51665241 -0.61044103 -0.52561881
1779472208.01603985 1.54946888 1.78462512 -0.23602685 -0.29090105 0.51432762 -0.60811197 -0.53013537
1779472208.04938102 1.55310056 1.77438275 -0.26681503 -0.29353673 0.51147666 -0.60492261 -0.53506677
1779472208.08272219 1.55543471 1.76326405 -0.30065856 -0.29570457 0.50809199 -0.60211228 -0.54024267
1779472208.11606336 1.56145809 1.74976122 -0.33278012 -0.29751530 0.50486463 -0.59911541 -0.54557957
1779472208.14940453 1.57124484 1.73695259 -0.36370475 -0.29958473 0.50232401 -0.59656223 -0.54957537
1779472208.18274570 1.56573884 1.73049217 -0.39277346 -0.30310854 0.49912327 -0.59360953 -0.55374083
1779472208.21608686 1.55913889 1.72466815 -0.42259633 -0.30690304 0.49579224 -0.59096385 -0.55746059
1779472208.24942803 1.55188035 1.72004197 -0.45419331 -0.31066529 0.49204785 -0.58889840 -0.56086956
1779472208.28276920 1.56421207 1.71119076 -0.48503393 -0.31218246 0.48874181 -0.58800232 -0.56385001
1779472208.31611061 1.55112296 1.70748065 -0.51953170 -0.31593595 0.48409195 -0.58560522 -0.56824817
1779472208.34945154 1.53901495 1.70419949 -0.55020913 -0.32061461 0.47990476 -0.58252622 -0.57232936
1779472208.38279319 1.52773544 1.69894576 -0.58150385 -0.32516452 0.47573785 -0.57878278 -0.57701995
1779472208.41613317 1.51734669 1.69261752 -0.61672703 -0.33005164 0.47121537 -0.57479914 -0.58191746
1779472208.44947433 1.54039799 1.67843537 -0.64988512 -0.33299253 0.46795618 -0.57233600 -0.58529009
1779472208.48281574 1.52269012 1.67437250 -0.68642894 -0.33873573 0.46258616 -0.56791753 -0.59054367
1779472208.51615667 1.50437621 1.66832099 -0.72732184 -0.34449373 0.45639460 -0.56346432 -0.59626840
1779472208.54949832 1.48788472 1.66026698 -0.76895525 -0.34961088 0.45011744 -0.55892521 -0.60230319
1779472208.58283925 1.45123046 1.65900893 -0.80327325 -0.35587911 0.44277740 -0.55318414 -0.60933205
1779472208.61618066 1.49192398 1.64648420 -0.84706407 -0.35872996 0.43934407 -0.55056758 -0.61250710
1779472208.64952183 1.46918736 1.64281508 -0.88708581 -0.36525831 0.43314636 -0.54431439 -0.61862141
1779472208.68286300 1.44819476 1.63651789 -0.92400913 -0.37137461 0.42744466 -0.53750788 -0.62486578
1779472208.71620417 1.42864154 1.62979472 -0.96104269 -0.37759684 0.42182696 -0.53022972 -0.63114110
1779472208.74954534 1.44839271 1.61906612 -0.99710944 -0.38146607 0.41775961 -0.52504187 -0.63583926
1779472208.78288627 1.41912176 1.61355138 -1.03766646 -0.38763138 0.41066973 -0.51805571 -0.64242554
1779472208.81622744 1.38910091 1.60677933 -1.07853984 -0.39348921 0.40340644 -0.51078518 -0.64925186
1779472208.84956861 1.35701278 1.59671889 -1.12461700 -0.39898230 0.39514050 -0.50360525 -0.65655073
1779472208.88290906 1.38584005 1.57769980 -1.16960760 -0.40081988 0.38984891 -0.49901149 -0.66207914
1779472208.91625023 1.35609995 1.56242061 -1.21391286 -0.40486602 0.38171666 -0.49170146 -0.66978024
1779472208.94959140 1.32683784 1.54932206 -1.25193925 -0.40897092 0.37467366 -0.48417225 -0.67671240
1779472208.98293233 1.29888004 1.53495846 -1.28940498 -0.41280776 0.36805130 -0.47623219 -0.68361604
1779472209.01627374 1.27759656 1.52560121 -1.33127712 -0.41711798 0.36221940 -0.46885318 -0.68919257
1779472209.04961467 1.24930920 1.51361523 -1.36275354 -0.42128804 0.35611382 -0.46017764 -0.69565500
1779472209.08295608 1.22605832 1.50055688 -1.39223559 -0.42521958 0.35056003 -0.45157976 -0.70169202
1779472209.11629701 1.20020220 1.48847321 -1.42379912 -0.42875388 0.34475662 -0.44352559 -0.70752953
1779472209.14963841 1.19889833 1.48457048 -1.45888711 -0.43185446 0.34120596 -0.43715770 -0.71131805
1779472209.18297958 1.17603415 1.48026029 -1.48728082 -0.43550251 0.33638308 -0.43086719 -0.71521846
1779472209.21632051 1.15149488 1.47707304 -1.51138099 -0.43842171 0.33208488 -0.42573905 -0.71850699
1779472209.24966216 1.13171785 1.46947183 -1.53065110 -0.44017151 0.32858651 -0.42267559 -0.72085040
1779472209.28300309 1.11756748 1.47001129 -1.54904224 -0.44233778 0.32641907 -0.42087963 -0.72155957
1779472209.31634307 1.24159143 1.46074311 -1.54418501 -0.43865366 0.33268175 -0.42615211 -0.71784414
1779472209.34968424 1.22474841 1.46449143 -1.55567583 -0.44086138 0.33125893 -0.42530586 -0.71765151
1779472209.38302541 1.20416956 1.47065122 -1.56268731 -0.44288336 0.33032698 -0.42468012 -0.71720654
1779472209.41636634 1.18861989 1.47635867 -1.56739073 -0.44428593 0.32998398 -0.42530954 -0.71612316
1779472209.44970798 1.24956952 1.47469359 -1.54923009 -0.44107512 0.33376206 -0.43115039 -0.71285691
1779472209.48304915 1.25267666 1.47072145 -1.54830820 -0.43826916 0.33585219 -0.43460307 -0.71150799
1779472209.51639009 1.26803333 1.47269211 -1.53962831 -0.43516342 0.34034664 -0.43909331 -0.70851537
1779472209.54973149 1.28046037 1.47530968 -1.52284662 -0.43138138 0.34556688 -0.44495770 -0.70463202
1779472209.58307242 1.34448273 1.47107606 -1.48272050 -0.42439329 0.35263280 -0.45589567 -0.69835491
1779472209.61641359 1.35577246 1.47260540 -1.46253892 -0.41818226 0.35817264 -0.46474968 -0.69342893
1779472209.64975476 1.37174420 1.47441093 -1.43675453 -0.41081001 0.36456894 -0.47439270 -0.68795072
1779472209.68309593 1.39241071 1.47881988 -1.40319530 -0.40251369 0.37239880 -0.48523598 -0.68106381
1779472209.71643686 1.12819693 1.53217625 -1.40516034 -0.40808385 0.36631505 -0.48340932 -0.68234616
1779472209.74977708 1.29020412 1.54101886 -1.33637078 -0.39580337 0.38050596 -0.50187334 -0.66833978
1779472209.78311849 1.30942038 1.55429375 -1.30172698 -0.38963195 0.38778992 -0.51208667 -0.65997967
1779472209.81645942 1.32755494 1.56106513 -1.26936072 -0.38357908 0.39456614 -0.52119948 -0.65233101
1779472209.84980059 1.33483094 1.57227344 -1.24533681 -0.37905578 0.39963985 -0.52923794 -0.64537734
1779472209.88314152 1.33397436 1.58725424 -1.22506861 -0.37671835 0.40334864 -0.53600138 -0.63882367
1779472209.91648269 1.32534919 1.60638199 -1.20248425 -0.37434735 0.40759378 -0.54054744 -0.63367172
1779472209.94982386 1.59995602 1.55940330 -1.10425069 -0.35558079 0.42383987 -0.55833346 -0.61821178
1779472209.98316479 1.60431721 1.56932146 -1.07984670 -0.35235074 0.42837115 -0.56293403 -0.61274170
1779472210.01650596 1.60579339 1.57999561 -1.05947775 -0.34929917 0.43209110 -0.56757667 -0.60757230
1779472210.04984713 1.60567357 1.58862117 -1.04249319 -0.34575795 0.43540045 -0.57224923 -0.60283390
1779472210.08318877 1.60769831 1.59617748 -1.02278354 -0.34228920 0.43942384 -0.57621760 -0.59809537
1779472210.11653018 1.61431633 1.60390915 -0.99898900 -0.33905456 0.44297864 -0.58141072 -0.59226135
1779472210.14987230 1.61101170 1.61640682 -0.98263237 -0.33689341 0.44593799 -0.58554892 -0.58717510
1779472210.18321395 1.60646823 1.62833254 -0.96517580 -0.33472748 0.44910609 -0.58958740 -0.58193465
1779472210.21655488 1.60538298 1.63853231 -0.94710649 -0.33188743 0.45270255 -0.59344491 -0.57683123
1779472210.24989653 1.59552094 1.64372276 -0.93106408 -0.32915582 0.45463332 -0.59810006 -0.57205009
1779472210.28323817 1.59372326 1.65519627 -0.91301932 -0.32596295 0.45774038 -0.60220675 -0.56707048
1779472210.31658030 1.59436879 1.66600992 -0.89337672 -0.32235684 0.46145445 -0.60609306 -0.56195823
1779472210.34992218 1.59458532 1.67765980 -0.87340905 -0.31854493 0.46526185 -0.61022283 -0.55649676
1779472210.38326359 1.58247907 1.68384264 -0.86016432 -0.31493349 0.46699401 -0.61546577 -0.55130335
1779472210.41660547 1.57892849 1.69407776 -0.84678407 -0.31089792 0.46881357 -0.62049508 -0.54639012
1779472210.44994760 1.57370291 1.70592645 -0.83189217 -0.30749768 0.47090510 -0.62560651 -0.54065706
1779472210.48328924 1.56877166 1.71832617 -0.81526559 -0.30445507 0.47323019 -0.63041296 -0.53473338
1779472210.51663089 1.53694634 1.71406192 -0.81605191 -0.30250707 0.47310583 -0.63481836 -0.53072215
1779472210.54997277 1.52970426 1.72533166 -0.80151077 -0.30037451 0.47539172 -0.63852529 -0.52541728
1779472210.58331466 1.52376780 1.73600785 -0.78661405 -0.29815740 0.47771546 -0.64229731 -0.51994641
1779472210.61665654 1.52183280 1.74540329 -0.77099735 -0.29555611 0.48068474 -0.64567882 -0.51447802
1779472210.64999700 1.49939289 1.75048855 -0.76140027 -0.29397249 0.48198389 -0.64887237 -0.51013366
1779472210.68333888 1.49396121 1.76037730 -0.74910041 -0.29242297 0.48391432 -0.65222468 -0.50489475
1779472210.71668053 1.48867300 1.77001264 -0.73727068 -0.29114197 0.48641292 -0.65454702 -0.50020698
1779472210.75002241 1.48501761 1.77893103 -0.72496576 -0.29027743 0.48942332 -0.65588250 -0.49600602
1779472210.78336453 1.48591956 1.78498464 -0.71160617 -0.28885681 0.49335717 -0.65644836 -0.49217477
1779472210.81670618 1.46211537 1.78637277 -0.70285830 -0.28880119 0.49547750 -0.65667216 -0.48977300
1779472210.85004783 1.45505583 1.78839837 -0.69978438 -0.28723929 0.49730874 -0.65839753 -0.48650827
1779472210.88338971 1.44849958 1.79237190 -0.69841585 -0.28504700 0.49838126 -0.66103144 -0.48311673
1779472210.91673160 1.44235002 1.79591902 -0.69439808 -0.28252661 0.49980014 -0.66372370 -0.47942610
1779472210.95007348 1.43613142 1.80667309 -0.67982857 -0.28053322 0.50236144 -0.66568342 -0.47518384
1779472210.98341513 1.42917527 1.81080433 -0.67258229 -0.27858124 0.50462445 -0.66772448 -0.47105274
1779472211.01675677 1.42306995 1.81387860 -0.66863259 -0.27677987 0.50625406 -0.66978974 -0.46741997
1779472211.05009890 1.41753970 1.81512601 -0.66730046 -0.27490147 0.50745209 -0.67182912 -0.46429213
1779472211.08343983 1.40718335 1.81105317 -0.66651598 -0.27346633 0.50818226 -0.67365660 -0.46168576
1779472211.11678171 1.40062655 1.81472478 -0.66661084 -0.27232184 0.50936205 -0.67521347 -0.45877869
1779472211.15012360 1.39618235 1.81592373 -0.66718913 -0.27070904 0.51056099 -0.67680933 -0.45604081
1779472211.18346524 1.39393070 1.81418714 -0.66645384 -0.26881334 0.51181827 -0.67841340 -0.45336157
1779472211.21680760 1.39098757 1.81377196 -0.66583743 -0.26681012 0.51311201 -0.68022477 -0.45035840
1779472211.25014949 1.37428992 1.82214314 -0.66615141 -0.26599221 0.51386012 -0.68194604 -0.44737626
1779472211.28349113 1.37209680 1.82455097 -0.66310587 -0.26356632 0.51493172 -0.68438128 -0.44384725
1779472211.31683350 1.36510943 1.82688406 -0.66688671 -0.26135338 0.51499933 -0.68747199 -0.44028668
1779472211.35017562 1.35817963 1.82995342 -0.67094794 -0.25947205 0.51475985 -0.69068401 -0.43663732
1779472211.38351703 1.34471470 1.83167396 -0.67912142 -0.25833402 0.51468622 -0.69315965 -0.43346433
1779472211.41685915 1.33760180 1.83535090 -0.68509920 -0.25708341 0.51463421 -0.69546547 -0.43056652
1779472211.45020151 1.33212778 1.83739849 -0.69406342 -0.25555287 0.51406055 -0.69803855 -0.42799144
1779472211.48354316 1.32629575 1.83668894 -0.70535644 -0.25348847 0.51285099 -0.70094577 -0.42591371
1779472211.51688504 1.32407405 1.83430078 -0.72429449 -0.25115862 0.51114870 -0.70451216 -0.42344890
1779472211.55022597 1.31752430 1.83332113 -0.73837897 -0.24904810 0.50950088 -0.70770313 -0.42135516
1779472211.58356833 1.31239790 1.83036168 -0.74977478 -0.24647961 0.50828418 -0.71098135 -0.41880845
1779472211.61691046 1.31159833 1.82538594 -0.75693055 -0.24307837 0.50794885 -0.71391592 -0.41620299
1779472211.65025210 1.30737247 1.82586382 -0.75594840 -0.24039374 0.50842556 -0.71613709 -0.41335454
1779472211.68359447 1.30543478 1.82490355 -0.75561283 -0.23795157 0.50948298 -0.71800196 -0.41021864
1779472211.71693659 1.30413223 1.82440046 -0.75426665 -0.23567172 0.51062692 -0.71974498 -0.40704565
1779472211.75027823 1.30274471 1.82324023 -0.75596560 -0.23298057 0.51128672 -0.72193690 -0.40387258
1779472211.78362012 1.29943375 1.82068138 -0.75647565 -0.23029573 0.51161161 -0.72423150 -0.40088175
1779472211.81696248 1.30018012 1.81909304 -0.75469755 -0.22741308 0.51291871 -0.72577300 -0.39805935
1779472211.85030413 1.30039762 1.81876647 -0.75140526 -0.22522147 0.51476190 -0.72663926 -0.39533638
1779472211.88364625 1.30023437 1.81974149 -0.74603105 -0.22350703 0.51697662 -0.72719525 -0.39238609
1779472211.91698885 1.30509741 1.84585881 -0.74036188 -0.22303994 0.52082802 -0.72665437 -0.38854188
1779472211.95033050 1.29896341 1.85047958 -0.73872698 -0.22242798 0.52201219 -0.72757299 -0.38557311
1779472211.98367167 1.29193618 1.85358187 -0.74072703 -0.22132816 0.52222101 -0.72935387 -0.38254672
1779472212.01701379 1.28939057 1.85409537 -0.74151783 -0.21917608 0.52278799 -0.73119544 -0.37948358
1779472212.05035591 1.28723446 1.83931008 -0.74181759 -0.21589575 0.52299410 -0.73335410 -0.37690577
1779472212.08369756 1.28563546 1.83912172 -0.74066726 -0.21333774 0.52415493 -0.73467826 -0.37416102
1779472212.11703897 1.28411996 1.83826252 -0.73847975 -0.21111570 0.52544192 -0.73562643 -0.37174548
1779472212.15038037 1.28148223 1.83946798 -0.73552811 -0.20949936 0.52695132 -0.73622089 -0.36933876
1779472212.18372202 1.27960634 1.83914201 -0.73364664 -0.20799332 0.52819175 -0.73695581 -0.36694468
1779472212.21706343 1.27431121 1.84060915 -0.73200220 -0.20647443 0.52940088 -0.73785111 -0.36425097
1779472212.25040531 1.26993059 1.84024299 -0.73248666 -0.20440000 0.53014068 -0.73916115 -0.36167982
1779472212.28374672 1.26560323 1.83809471 -0.73582935 -0.20165937 0.53023085 -0.74111302 -0.35908249
1779472212.31708813 1.26449068 1.83357831 -0.73968844 -0.19820419 0.52968844 -0.74363459 -0.35658500
1779472212.35042977 1.25756784 1.83207352 -0.74607743 -0.19541569 0.52886514 -0.74633220 -0.35369850
1779472212.38377118 1.24975220 1.83202084 -0.75258671 -0.19263195 0.52799203 -0.74920314 -0.35044544
1779472212.41711187 1.24508331 1.83264247 -0.75525867 -0.18954936 0.52807288 -0.75157526 -0.34690735
1779472212.45045328 1.24208734 1.82615592 -0.76146233 -0.18661843 0.52793919 -0.75371010 -0.34405647
1779472212.48379517 1.23718416 1.82600534 -0.76680777 -0.18400907 0.52793010 -0.75561234 -0.34129235
1779472212.51713681 1.23455341 1.82324383 -0.77209604 -0.18071957 0.52802284 -0.75734287 -0.33906356
1779472212.55047798 1.23116410 1.82081117 -0.77663931 -0.17820030 0.52835939 -0.75879328 -0.33662112
1779472212.58381939 1.22367640 1.81890716 -0.78045703 -0.17674427 0.52813962 -0.76025327 -0.33443231
1779472212.61716080 1.21506371 1.81948230 -0.78691736 -0.17586957 0.52814036 -0.76148608 -0.33207922
1779472212.65050244 1.20566219 1.82220548 -0.79105362 -0.17532393 0.52860997 -0.76262958 -0.32898198
1779472212.68384409 1.19628316 1.82479121 -0.79390360 -0.17487764 0.52938534 -0.76359869 -0.32570848
1779472212.71718574 1.18924526 1.82511957 -0.79390382 -0.17428577 0.53004018 -0.76458220 -0.32263902
1779472212.75052738 1.17921783 1.82900339 -0.79511379 -0.17380048 0.53078560 -0.76565277 -0.31911734
1779472212.78386879 1.17055318 1.83179695 -0.79593250 -0.17277790 0.53162871 -0.76678644 -0.31552695
1779472212.81721020 1.16346052 1.83522185 -0.79384252 -0.17150395 0.53289668 -0.76774888 -0.31171970
1779472212.85055184 1.15244921 1.83937269 -0.78972642 -0.17030959 0.53428147 -0.76850715 -0.30811476
1779472212.88389230 1.15166609 1.83424051 -0.79691450 -0.16831604 0.53428865 -0.77024977 -0.30482886
1779472212.91723394 1.14376775 1.83532726 -0.80328336 -0.16735426 0.53408319 -0.77187811 -0.30158229
1779472212.95057535 1.13905270 1.83813593 -0.80529006 -0.16592184 0.53503477 -0.77284422 -0.29819381
1779472212.98391724 1.13596174 1.84273596 -0.80159646 -0.16410980 0.53727935 -0.77323057 -0.29413153
1779472213.01725888 1.12971883 1.85119582 -0.78721248 -0.16213881 0.53993584 -0.77369905 -0.28908488
1779472213.05060005 1.12660546 1.85649217 -0.78286600 -0.15878082 0.54158264 -0.77535562 -0.28337354
1779472213.08394122 1.12713511 1.85785664 -0.78131120 -0.15333165 0.54219321 -0.77829800 -0.27707065
1779472213.11728215 1.12951529 1.85850980 -0.77674040 -0.14697149 0.54289257 -0.78154180 -0.26992488
1779472213.15062332 1.13025169 1.85745889 -0.76560974 -0.14049062 0.54422259 -0.78442290 -0.26223057
1779472213.18396401 1.12989696 1.86222012 -0.75587338 -0.13454751 0.54576368 -0.78709479 -0.25400936
1779472213.21730518 1.13154384 1.86500915 -0.75006022 -0.12893007 0.54696137 -0.78950513 -0.24676293
1779472213.25064611 1.13496006 1.86785607 -0.74366103 -0.12387276 0.54839403 -0.79139084 -0.24004179
1779472213.28398705 1.14025288 1.86822878 -0.74103259 -0.11889911 0.54916121 -0.79333396 -0.23432071
1779472213.31732726 1.13934779 1.86528949 -0.74748774 -0.11483340 0.54910368 -0.79539181 -0.22945655
1779472213.35066819 1.14228780 1.86284169 -0.74791292 -0.11061355 0.54889480 -0.79759737 -0.22431581
1779472213.38400912 1.14756061 1.85991699 -0.74551153 -0.10570657 0.54944702 -0.79946135 -0.21862216
1779472213.41735005 1.15489950 1.85745196 -0.74050327 -0.10019425 0.55052436 -0.80104888 -0.21261406
1779472213.45069098 1.15980742 1.85650161 -0.73304928 -0.09502428 0.55183686 -0.80241553 -0.20633900
1779472213.48403192 1.16676628 1.85805730 -0.72771731 -0.08943059 0.55267982 -0.80423835 -0.19936867
1779472213.51737285 1.17196838 1.86124560 -0.72464324 -0.08419393 0.55282460 -0.80642455 -0.19229089
1779472213.55071354 1.17188262 1.86519481 -0.72470979 -0.07988871 0.55226049 -0.80903717 -0.18462123
1779472213.58405471 1.17878866 1.86532055 -0.71942924 -0.07318257 0.55175942 -0.81186506 -0.17629800
1779472213.61739540 1.18842802 1.86540441 -0.70758762 -0.06428878 0.55164895 -0.81470377 -0.16675778
1779472213.65073657 1.19818513 1.86707147 -0.68992310 -0.05386897 0.55168680 -0.81763046 -0.15562854
1779472213.68407750 1.20732826 1.86984359 -0.66945178 -0.04277042 0.55165388 -0.82055300 -0.14332290
1779472213.71741819 1.21594046 1.87515246 -0.64729759 -0.03191895 0.55179025 -0.82302333 -0.13092478
1779472213.75075817 1.21821202 1.87700077 -0.63302773 -0.02197177 0.55085960 -0.82585793 -0.11844668
1779472213.78409886 1.22265625 1.88157600 -0.61644132 -0.01246904 0.54979766 -0.82834536 -0.10682244
1779472213.81743979 1.22696061 1.88658684 -0.60112256 -0.00456588 0.54930022 -0.83000455 -0.09664817
1779472213.85078073 1.22914758 1.89120032 -0.58631866 0.00155573 0.54935473 -0.83097526 -0.08767597
1779472213.88412166 1.22872973 1.88988346 -0.57773260 0.00660367 0.54985026 -0.83129575 -0.08104603
1779472213.91746235 1.23186173 1.89456153 -0.56537484 0.01098178 0.55133273 -0.83080347 -0.07534728
1779472213.95080328 1.23642850 1.89748985 -0.55513883 0.01510867 0.55243263 -0.83041573 -0.07070806
1779472213.98414421 1.23818839 1.89872931 -0.55241899 0.01832970 0.55249452 -0.83064077 -0.06670635
1779472214.01748514 1.24587010 1.90088777 -0.54933674 0.02162146 0.55162403 -0.83145344 -0.06267871
1779472214.05082583 1.24478840 1.89948906 -0.56019403 0.02365741 0.55041218 -0.83242213 -0.05966712
1779472214.08416724 1.24453400 1.89878989 -0.56652500 0.02539385 0.54979886 -0.83296407 -0.05698441
1779472214.11750889 1.24346798 1.89855601 -0.56883457 0.02700163 0.55023211 -0.83278327 -0.05465861
1779472214.15085030 1.24308724 1.89901133 -0.57055976 0.02821523 0.55109085 -0.83230598 -0.05262627
1779472214.18419242 1.24726055 1.89104073 -0.57099272 0.02975719 0.55094354 -0.83250192 -0.05016247
1779472214.21753263 1.24461499 1.89230276 -0.57562308 0.03030251 0.55130655 -0.83239026 -0.04763729
1779472214.25087428 1.24263928 1.89130173 -0.58097604 0.03123458 0.55144260 -0.83236960 -0.04578537
1779472214.28421593 1.24042859 1.88872701 -0.59041271 0.03163711 0.55114243 -0.83261431 -0.04466008
1779472214.31755733 1.25453811 1.89890803 -0.58846470 0.03316363 0.55184439 -0.83216017 -0.04332887
1779472214.35089898 1.24206882 1.88130575 -0.61152622 0.03300018 0.54953111 -0.83370644 -0.04312919
1779472214.38424039 1.24095743 1.87568545 -0.62346730 0.03360051 0.54866219 -0.83426952 -0.04283896
1779472214.41758227 1.23815097 1.87191094 -0.63430878 0.03370752 0.54844413 -0.83443421 -0.04233655
1779472214.45092392 1.23417088 1.86907790 -0.64534161 0.03360355 0.54827121 -0.83457608 -0.04185979
1779472214.48426533 1.22906987 1.86548175 -0.66072965 0.03326264 0.54718996 -0.83531763 -0.04148732
1779472214.51760674 1.22707621 1.88929605 -0.67347536 0.03327911 0.54811389 -0.83470778 -0.04155220
1779472214.55094814 1.22330075 1.88298841 -0.69217410 0.03326765 0.54647339 -0.83580734 -0.04106329
1779472214.58428979 1.21747439 1.87775344 -0.71111861 0.03310816 0.54454669 -0.83711611 -0.04011708
1779472214.61763167 1.21361806 1.87187321 -0.72679522 0.03399132 0.54296199 -0.83817306 -0.03876587
1779472214.65097213 1.21930649 1.84371012 -0.73536741 0.03604851 0.54072740 -0.83961104 -0.03698217
1779472214.68431377 1.21092487 1.84668370 -0.73817429 0.03670190 0.54139492 -0.83924856 -0.03473276
1779472214.71765518 1.20469659 1.84523349 -0.74485149 0.03733702 0.54145458 -0.83927445 -0.03242356
1779472214.75099659 1.19977809 1.84477705 -0.75448778 0.03757593 0.54096997 -0.83965450 -0.03032920
1779472214.78433847 1.19368004 1.84248483 -0.76618926 0.03746580 0.54035688 -0.84012538 -0.02828600
1779472214.81767988 1.19183218 1.82730898 -0.77446366 0.03771351 0.53961537 -0.84065585 -0.02628075
1779472214.85102177 1.18892046 1.83157222 -0.77242240 0.03865077 0.54182303 -0.83926314 -0.02390197
1779472214.88436317 1.18615751 1.83736366 -0.76634404 0.04012274 0.54458001 -0.83748734 -0.02092196
1779472214.91770482 1.18337523 1.84243967 -0.76439719 0.04181386 0.54601717 -0.83655876 -0.01692003
1779472214.95104623 1.18195898 1.86680622 -0.76347279 0.04418323 0.54775104 -0.83537592 -0.01279504
1779472214.98438764 1.18833653 1.83919575 -0.76417442 0.04854003 0.54580976 -0.83647059 -0.00724688
1779472215.01772928 1.19286961 1.84143285 -0.75405955 0.05351732 0.54670777 -0.83561031 -0.00138947
1779472215.05107093 1.19732059 1.84517358 -0.73975885 0.05907811 0.54824819 -0.83421036 0.00517400
1779472215.08441186 1.19420404 1.85688710 -0.72338782 0.06425382 0.55036111 -0.83236627 0.01185283
1779472215.11775398 1.21115443 1.84756047 -0.70981108 0.07144534 0.55060868 -0.83149041 0.01869082
1779472215.15109539 1.21952049 1.85041115 -0.69555714 0.07806123 0.55107495 -0.83038943 0.02600471
1779472215.18443727 1.22563708 1.85435488 -0.68156303 0.08443430 0.55094393 -0.82954933 0.03434457
1779472215.21777964 1.23071988 1.85874176 -0.66615609 0.09078923 0.55075174 -0.82858123 0.04339331
1779472215.25112128 1.22652463 1.87096754 -0.65473316 0.09638231 0.55079331 -0.82734547 0.05326026
1779472215.28446317 1.23379008 1.87410086 -0.63285805 0.10286998 0.55032668 -0.82619951 0.06287035
1779472215.31780481 1.23660547 1.88237199 -0.61369379 0.10979659 0.55006456 -0.82466541 0.07280554
1779472215.35114717 1.24533465 1.88746118 -0.59427683 0.11760144 0.54935138 -0.82317589 0.08224616
1779472215.38448882 1.25343748 1.89340632 -0.57195869 0.12562644 0.54873284 -0.82138761 0.09182957
1779472215.41783071 1.26572710 1.90486068 -0.55252034 0.13429364 0.54786261 -0.81937969 0.10212100
1779472215.45117283 1.28552345 1.88912555 -0.53215416 0.14471701 0.54486072 -0.81840945 0.11130931
1779472215.48451495 1.30256111 1.88557218 -0.50836179 0.15649729 0.54144184 -0.81723661 0.12030646
1779472215.51785636 1.32056438 1.88023797 -0.48364561 0.16801452 0.53761452 -0.81615999 0.12893647
1779472215.55119753 1.33322792 1.87770614 -0.45845552 0.17840610 0.53424697 -0.81467041 0.13807085
1779472215.58453941 1.34790528 1.88587398 -0.43452691 0.18794625 0.53220290 -0.81214744 0.14782697
1779472215.61788154 1.35416520 1.88286436 -0.40925890 0.19597092 0.52989642 -0.81008794 0.15672496
1779472215.65122342 1.35491863 1.89324602 -0.38485736 0.20285590 0.52895193 -0.80722682 0.16566291
1779472215.68456507 1.35529073 1.90106803 -0.36382199 0.20916182 0.52751353 -0.80473926 0.17428574
1779472215.71790695 1.35340479 1.90989712 -0.34332504 0.21479450 0.52658940 -0.80201208 0.18260216
1779472215.75124931 1.35158814 1.91651353 -0.32045140 0.22049822 0.52620880 -0.79897535 0.19006112
1779472215.78459096 1.35415249 1.91727977 -0.30206968 0.22587635 0.52574017 -0.79614553 0.19679800
1779472215.81793284 1.35199720 1.92359565 -0.28633562 0.23036203 0.52531574 -0.79348631 0.20336220
1779472215.85127521 1.34657657 1.92786869 -0.27439991 0.23426105 0.52438056 -0.79131873 0.20966988
1779472215.88461685 1.34321798 1.93274081 -0.26070863 0.23877407 0.52319564 -0.78899701 0.21618740
1779472215.91795874 1.34999205 1.94329888 -0.23694271 0.24469284 0.52169030 -0.78622726 0.22318455
1779472215.95130086 1.33761944 1.94405064 -0.22779371 0.24879789 0.52043436 -0.78386541 0.22978839
1779472215.98464155 1.33340960 1.94732913 -0.21714041 0.25359630 0.51839262 -0.78171679 0.23638287
1779472216.01798391 1.32752133 1.94463897 -0.20864598 0.25743153 0.51624553 -0.77992984 0.24275297
1779472216.05132580 1.32139753 1.94817929 -0.20312696 0.26049990 0.51479835 -0.77801230 0.24863490
1779472216.08466721 1.31471620 1.95044585 -0.20275718 0.26274531 0.51304879 -0.77674169 0.25380739
1779472216.11800861 1.30752290 1.96492646 -0.19982055 0.26393963 0.51202479 -0.77559165 0.25811643
1779472216.15134978 1.30318521 1.96554903 -0.20832490 0.26476226 0.51007138 -0.77546542 0.26149859
1779472216.18469143 1.29863650 1.96424335 -0.21975427 0.26520938 0.50827030 -0.77554843 0.26429135
1779472216.21803260 1.29601533 1.96245683 -0.23149084 0.26567533 0.50638261 -0.77577391 0.26677352
1779472216.25137401 1.29426654 1.95901446 -0.24309792 0.26657816 0.50411521 -0.77617410 0.26899387
1779472216.28471541 1.28917032 1.95773666 -0.24675682 0.26762175 0.50255006 -0.77607673 0.27115852
1779472216.31805658 1.28609055 1.95485543 -0.25553882 0.26905964 0.50122744 -0.77581341 0.27293135
1779472216.35139775 1.28481823 1.95203596 -0.26527821 0.27036746 0.49958106 -0.77574191 0.27485394
1779472216.38473892 1.27968304 1.94968043 -0.27704024 0.27110522 0.49778045 -0.77576814 0.27730918
1779472216.41807961 1.27384383 1.94662320 -0.29237982 0.27161972 0.49521148 -0.77621138 0.28015034
1779472216.45142078 1.26989662 1.94848786 -0.29654065 0.27257220 0.49297626 -0.77622103 0.28312491
1779472216.48476195 1.26498831 1.94648864 -0.30768599 0.27371930 0.49046291 -0.77624529 0.28629903
1779472216.51810336 1.25720570 1.94600403 -0.31680311 0.27475164 0.48880006 -0.77577769 0.28940460
1779472216.55144453 1.24747983 1.94487246 -0.32308852 0.27567644 0.48765219 -0.77501552 0.29248724
1779472216.58478594 1.23577111 1.94476186 -0.32889036 0.27595359 0.48696613 -0.77408005 0.29582711
1779472216.61812687 1.24434548 1.96552286 -0.30984738 0.27785233 0.48671129 -0.77211805 0.29957289
1779472216.65146852 1.22664532 1.95698975 -0.33325449 0.27711800 0.48452423 -0.77231790 0.30326053
1779472216.68480992 1.21764514 1.95693147 -0.34145831 0.27762792 0.48296627 -0.77171992 0.30678115
1779472216.71815109 1.20698191 1.95653583 -0.34940633 0.27792248 0.48157999 -0.77098283 0.31052419
1779472216.75149250 1.19587762 1.95684619 -0.35705406 0.27818852 0.47997872 -0.77023177 0.31460229
1779472216.78483367 1.18361982 1.95780722 -0.36333231 0.27822531 0.47887753 -0.76922211 0.31869161
1779472216.81817484 1.17295144 1.95925492 -0.36721188 0.27856133 0.47819258 -0.76804399 0.32224814
1779472216.85151601 1.16448856 1.96171034 -0.36830264 0.27941102 0.47785060 -0.76667320 0.32526986
1779472216.88485670 1.15747735 1.96377558 -0.36617226 0.28079331 0.47813998 -0.76491403 0.32778620
1779472216.91819787 1.14957755 1.96561366 -0.36614160 0.28157683 0.47850235 -0.76329414 0.33035139
1779472216.95153904 1.14063530 1.97339889 -0.36653234 0.28259449 0.47880874 -0.76186861 0.33232329
1779472216.98488045 1.13743688 1.96453050 -0.37660753 0.28311758 0.47696173 -0.76159434 0.33515073
1779472217.01822162 1.14097380 1.97299057 -0.36554207 0.28482434 0.47653767 -0.76012113 0.33764301
1779472217.05156302 1.12858783 1.96217703 -0.38586683 0.28457697 0.47538743 -0.75987592 0.34001665
1779472217.08490419 1.12586767 1.96237290 -0.38793972 0.28564558 0.47502187 -0.75873998 0.34216147
1779472217.11824584 1.12324399 1.96329763 -0.38951911 0.28681723 0.47506549 -0.75754952 0.34375484
1779472217.15158725 1.12013905 1.96525384 -0.39093377 0.28759680 0.47560060 -0.75624051 0.34524257
1779472217.18492842 1.11952975 1.96502207 -0.39239377 0.28786634 0.47618890 -0.75502676 0.34685975
1779472217.21826982 1.11340285 1.97871150 -0.39007519 0.28851395 0.47806597 -0.75344210 0.34718531
1779472217.25161099 1.10686584 1.98209736 -0.39165851 0.28849136 0.47889876 -0.75253829 0.34801557
1779472217.28495240 1.10646040 1.98186542 -0.39462981 0.28887822 0.47938210 -0.75175757 0.34871583
1779472217.31829286 1.10608158 1.98041786 -0.40011591 0.28910344 0.47919116 -0.75133563 0.34969960
1779472217.35163403 1.10595628 1.97916836 -0.40316416 0.28985042 0.47908311 -0.75052127 0.35097569
1779472217.38497543 1.11768307 1.96783825 -0.41072308 0.29197541 0.47760374 -0.74981658 0.35273238
1779472217.41831660 1.11748008 1.97162241 -0.40985538 0.29406992 0.47716618 -0.74851047 0.35435491
1779472217.45165801 1.12187963 1.97173491 -0.40875068 0.29641826 0.47603204 -0.74723455 0.35660937
1779472217.48499918 1.12436431 1.97280317 -0.41043944 0.29834201 0.47491332 -0.74612967 0.35880341
1779472217.51834106 1.12566304 1.97086137 -0.41548085 0.29950635 0.47324926 -0.74558453 0.36115756
1779472217.55168247 1.13009155 1.96619143 -0.42533189 0.30019171 0.47080336 -0.74532102 0.36431540
1779472217.58502364 1.12715215 1.96512655 -0.43221665 0.30101528 0.46930122 -0.74448326 0.36727489
1779472217.61836505 1.12884035 1.96330844 -0.43106229 0.30308450 0.46785318 -0.74313989 0.37013010
1779472217.65170598 1.13317838 1.96025991 -0.42903851 0.30593541 0.46571089 -0.74193925 0.37288477
1779472217.68504739 1.14269203 1.95423410 -0.42762214 0.30957412 0.46262412 -0.74118832 0.37521015
1779472217.71838856 1.15016359 1.94863896 -0.42718841 0.31263298 0.45968013 -0.74041344 0.37781309
1779472217.75172901 1.16423048 1.94011757 -0.43134466 0.31569538 0.45616497 -0.73985932 0.38060234
1779472217.78507066 1.17220491 1.93290034 -0.43102101 0.31858912 0.45300368 -0.73923554 0.38317026
1779472217.81841183 1.17818161 1.92711282 -0.42930565 0.32146884 0.45051190 -0.73826258 0.38557124
1779472217.85175323 1.18410589 1.92398836 -0.42599354 0.32444333 0.44877447 -0.73675399 0.38798395
1779472217.88509440 1.18911111 1.92192350 -0.42225939 0.32725791 0.44773715 -0.73515702 0.38984338
1779472217.91843605 1.20038194 1.91968809 -0.41284289 0.33029196 0.44733249 -0.73304947 0.39171333
1779472217.95177722 1.20264645 1.92184672 -0.40657447 0.33257102 0.44837511 -0.73091103 0.39258800
1779472217.98511863 1.20279027 1.92391184 -0.40657619 0.33385621 0.44936202 -0.72929883 0.39336628
1779472218.01846004 1.20263762 1.92531096 -0.41122352 0.33409392 0.44950285 -0.72855694 0.39437702
1779472218.05180120 1.20257904 1.92676529 -0.41706221 0.33415549 0.44932750 -0.72797877 0.39559046
1779472218.08514237 1.20273267 1.92591097 -0.41915647 0.33493949 0.44940075 -0.72702273 0.39660113
1779472218.11848307 1.20572161 1.92449940 -0.41519284 0.33708473 0.44977359 -0.72551026 0.39713029
1779472218.15182424 1.21068565 1.91978861 -0.40932245 0.34001592 0.45020048 -0.72367053 0.39750430
1779472218.18516517 1.21219622 1.91781954 -0.40475283 0.34221797 0.45088329 -0.72188847 0.39808060
1779472218.21850538 1.21175578 1.91771627 -0.40291648 0.34375952 0.45118427 -0.72035507 0.39918757
1779472218.25184608 1.21043178 1.92064877 -0.40237976 0.34478012 0.45141028 -0.71902495 0.40044794
1779472218.28518724 1.20980584 1.92098828 -0.40401291 0.34591814 0.45115899 -0.71791750 0.40173458
1779472218.31852818 1.21543803 1.91707920 -0.40555680 0.34755490 0.45011499 -0.71710539 0.40294162
1779472218.35186911 1.21031802 1.91348095 -0.41162527 0.34831063 0.44939729 -0.71642834 0.40429225
1779472218.38521004 1.20909618 1.91067817 -0.41848871 0.34903163 0.44818184 -0.71610218 0.40559540
1779472218.41855073 1.20757343 1.90759957 -0.42577191 0.34962919 0.44689357 -0.71596238 0.40674739
1779472218.45189190 1.20468744 1.90377030 -0.43556582 0.34950315 0.44563014 -0.71604258 0.40809846
1779472218.48523259 1.19979068 1.90090099 -0.44589330 0.34938242 0.44419435 -0.71620695 0.40947638
1779472218.51857376 1.20770018 1.89578665 -0.45818600 0.35037158 0.44163278 -0.71641092 0.41104214
1779472218.55191445 1.20909401 1.89551662 -0.46691046 0.35126785 0.43973729 -0.71614246 0.41277353
1779472218.58525538 1.20453254 1.88975064 -0.47542041 0.35178524 0.43798168 -0.71574456 0.41488423
1779472218.61859632 1.20394210 1.89021405 -0.48318252 0.35266169 0.43613695 -0.71511539 0.41716218
1779472218.65193605 1.20221808 1.88528816 -0.49404454 0.35338392 0.43374983 -0.71494459 0.41932699
1779472218.68527675 1.19681604 1.87873988 -0.50149890 0.35430412 0.43207038 -0.71423320 0.42149106
1779472218.71861792 1.19568284 1.88124836 -0.50490954 0.35590564 0.43165044 -0.71269597 0.42317081
1779472218.75195885 1.19311670 1.87917261 -0.50842810 0.35709469 0.43060179 -0.71122819 0.42569936
1779472218.78529954 1.18517268 1.88094895 -0.51228917 0.35813175 0.43001005 -0.70937818 0.42850391
1779472218.81864071 1.17542239 1.88430300 -0.51636304 0.35906610 0.42938798 -0.70725553 0.43184154
1779472218.85198140 1.16834704 1.88646744 -0.52110380 0.36015076 0.42833852 -0.70513668 0.43543060
1779472218.88532233 1.16231371 1.88673859 -0.52658215 0.36123114 0.42673023 -0.70326278 0.43912963
1779472218.91866302 1.15818469 1.88409708 -0.52972794 0.36260342 0.42503145 -0.70135645 0.44268065
1779472218.95200419 1.15261404 1.88416347 -0.53236675 0.36422536 0.42390409 -0.69909045 0.44600197
1779472218.98534489 1.14544190 1.88529024 -0.53518328 0.36563206 0.42331447 -0.69665287 0.44921356
1779472219.01868582 1.13986670 1.88575569 -0.53715862 0.36728863 0.42279397 -0.69439210 0.45184504
1779472219.05202675 1.13167767 1.88821026 -0.53350743 0.36890781 0.42311101 -0.69191054 0.45403073
1779472219.08536720 1.12723638 1.89344806 -0.53060696 0.37111461 0.42384224 -0.68904906 0.45589811
1779472219.11870813 1.12152085 1.89683969 -0.52977312 0.37297708 0.42407879 -0.68645110 0.45807222
1779472219.15204954 1.11270001 1.89815202 -0.53346022 0.37368103 0.42354501 -0.68447471 0.46094087
1779472219.18539071 1.10598609 1.89903879 -0.53888171 0.37418665 0.42218703 -0.68290251 0.46409765
1779472219.21873188 1.10074126 1.89882825 -0.54566320 0.37477870 0.42074296 -0.68143182 0.46708347
1779472219.25207305 1.09897884 1.89568076 -0.54806913 0.37647618 0.41975650 -0.67964719 0.46920130
1779472219.28541422 1.09660157 1.89765702 -0.54506420 0.37834840 0.42019590 -0.67737575 0.47058473
1779472219.31875563 1.09511889 1.89891776 -0.54344564 0.37997448 0.42064386 -0.67545339 0.47163636
1779472219.35209703 1.09367711 1.89798264 -0.54680871 0.38096680 0.42016385 -0.67419898 0.47305642
1779472219.38543797 1.09302777 1.89671595 -0.55136898 0.38168831 0.41971033 -0.67318665 0.47431742
1779472219.41877961 1.08550025 1.89711065 -0.55900106 0.38188932 0.41989259 -0.67213062 0.47549047
1779472219.45212078 1.08686257 1.89719780 -0.56380063 0.38302358 0.41958589 -0.67122161 0.47613250
1779472219.48546219 1.08865152 1.89804407 -0.56630652 0.38418476 0.41951323 -0.66999332 0.47699023
1779472219.51880312 1.08909416 1.89852680 -0.56841387 0.38508173 0.41965576 -0.66871761 0.47793082
1779472219.55214357 1.08800244 1.89872958 -0.57252114 0.38585279 0.41978450 -0.66716126 0.47936881
1779472219.58548474 1.08492553 1.89619310 -0.57426255 0.38610521 0.41950371 -0.66573619 0.48138834
1779472219.61882615 1.08379975 1.89409057 -0.58122739 0.38626217 0.41864799 -0.66470484 0.48342826
1779472219.65216732 1.08332878 1.89292001 -0.59097278 0.38631308 0.41747080 -0.66382541 0.48560907
1779472219.68550849 1.08821402 1.89256370 -0.59091054 0.38688656 0.41601744 -0.66286039 0.48771342
1779472219.71884966 1.08972570 1.89008637 -0.59965825 0.38754698 0.41456873 -0.66174030 0.48993865
1779472219.75219059 1.09271384 1.88371317 -0.61473269 0.38882104 0.41271423 -0.66023327 0.49252127
1779472219.78553200 1.09735761 1.88275602 -0.61615991 0.39082956 0.41144560 -0.65810905 0.49483053
1779472219.81887341 1.09975716 1.88339976 -0.61945623 0.39236091 0.41021939 -0.65580449 0.49768809
1779472219.85221434 1.09879054 1.88561157 -0.62475473 0.39303648 0.40908730 -0.65333879 0.50131660
1779472219.88555574 1.09297718 1.88742838 -0.62218504 0.39307145 0.40755163 -0.65138564 0.50506758
1779472219.91889691 1.09432650 1.88626547 -0.62807269 0.39407364 0.40471541 -0.64952255 0.50895173
1779472219.95223808 1.09955392 1.88461102 -0.62832315 0.39657314 0.40094586 -0.64716952 0.51297541
1779472219.98557830 1.10717854 1.88299998 -0.62343777 0.40020198 0.39699891 -0.64415151 0.51700973
1779472220.01891971 1.11311880 1.88233447 -0.61632268 0.40415177 0.39335713 -0.64025689 0.52153871
1779472220.05226064 1.11987743 1.88327187 -0.60527513 0.40861099 0.39037068 -0.63596027 0.52554954
1779472220.08560205 1.14013056 1.88157991 -0.59457107 0.41328500 0.38693084 -0.63155214 0.52973761
1779472220.11894369 1.14385523 1.88135833 -0.58783722 0.41637005 0.38416307 -0.62789201 0.53367250
1779472220.15228462 1.14779707 1.88105029 -0.58322472 0.41862160 0.38086003 -0.62469582 0.53801183
1779472220.18562603 1.15615056 1.88010270 -0.57732409 0.42186485 0.37697155 -0.62139438 0.54202539
1779472220.21896720 1.16160973 1.88043039 -0.56805424 0.42526718 0.37370772 -0.61767076 0.54586921
1779472220.25230837 1.16476183 1.88183933 -0.55792040 0.42854452 0.37075029 -0.61367865 0.54981118
1779472220.28564954 1.16836713 1.88254630 -0.54788234 0.43178583 0.36784335 -0.61013252 0.55316416
1779472220.31899071 1.17852999 1.87976066 -0.54125897 0.43434738 0.36495200 -0.60743147 0.55603902
1779472220.35233188 1.17803236 1.88085907 -0.53586449 0.43622955 0.36334223 -0.60501692 0.55824791
1779472220.38567305 1.17819973 1.88187865 -0.53354883 0.43760298 0.36218891 -0.60274424 0.56037685
1779472220.41901350 1.17918886 1.88266853 -0.53366744 0.43838159 0.36111148 -0.60107111 0.56225759
1779472220.45235443 1.18485037 1.88200310 -0.53494961 0.43936861 0.35955273 -0.59971051 0.56393649
1779472220.48569584 1.18535796 1.88339477 -0.53754097 0.43997085 0.35873478 -0.59843246 0.56534379
1779472220.51903677 1.18738022 1.88278160 -0.53873152 0.44099102 0.35773304 -0.59733230 0.56634628
1779472220.55237818 1.18972735 1.88169925 -0.53967096 0.44204304 0.35662677 -0.59632296 0.56728673
1779472220.58571935 1.19027508 1.88079023 -0.54306782 0.44262240 0.35587772 -0.59561541 0.56804819
1779472220.61906052 1.18800919 1.87945050 -0.54428091 0.44252256 0.35540193 -0.59489645 0.56917612
1779472220.65240192 1.18782121 1.87836251 -0.54987285 0.44271508 0.35524197 -0.59415268 0.56990270
1779472220.68574286 1.18743857 1.87690588 -0.55750841 0.44262457 0.35515390 -0.59343137 0.57077877
1779472220.71908450 1.18649564 1.87495634 -0.56614957 0.44240538 0.35490133 -0.59289913 0.57165824
1779472220.75242543 1.18565212 1.87141205 -0.57655621 0.44183430 0.35453353 -0.59280903 0.57242107
1779472220.78576684 1.18641255 1.86464935 -0.58838523 0.44111896 0.35403650 -0.59346468 0.57260100
1779472220.81910801 1.18746740 1.85784131 -0.60191684 0.44006794 0.35363246 -0.59475147 0.57232419
1779472220.85244918 1.18891889 1.84984942 -0.61710940 0.43894191 0.35346876 -0.59662848 0.57133553
1779472220.88578963 1.18855412 1.84198213 -0.63560006 0.43728023 0.35369899 -0.59892755 0.57006037
1779472220.91913056 1.18814796 1.83368135 -0.65763256 0.43507280 0.35382120 -0.60167692 0.56877684
1779472220.95247197 1.18344672 1.83323335 -0.67204438 0.43344806 0.35456818 -0.60390313 0.56719062
1779472220.98581290 1.18133090 1.82711072 -0.68955739 0.43187445 0.35473875 -0.60579506 0.56626603
1779472221.01915431 1.17875608 1.82191861 -0.70546800 0.43039213 0.35473482 -0.60717238 0.56592184
1779472221.05249524 1.17570565 1.82021231 -0.71623244 0.42987339 0.35515710 -0.60771261 0.56547121
1779472221.08583641 1.17315808 1.81859218 -0.72293880 0.42992697 0.35612957 -0.60788531 0.56463261
1779472221.11917758 1.16757739 1.81218624 -0.73423225 0.42961399 0.35702424 -0.60818691 0.56398067
1779472221.15251875 1.16141649 1.80986541 -0.74473980 0.42889054 0.35863784 -0.60881674 0.56282678
1779472221.18586016 1.15389388 1.80833432 -0.75769045 0.42743001 0.36018112 -0.60949748 0.56221523
1779472221.21920109 1.14451389 1.80638459 -0.77478569 0.42513370 0.36140325 -0.61062524 0.56194826
1779472221.25254250 1.13811717 1.80377821 -0.79203327 0.42276956 0.36203204 -0.61219480 0.56161928
1779472221.28588343 1.13302486 1.79854965 -0.80789223 0.42070817 0.36250269 -0.61403817 0.56085075
1779472221.31922388 1.12712414 1.79406748 -0.82553107 0.41847930 0.36331455 -0.61600840 0.55983146
1779472221.35256529 1.11768751 1.79270130 -0.84521039 0.41556268 0.36482724 -0.61790032 0.55893464
1779472221.38590622 1.10782621 1.78800239 -0.86430670 0.41278862 0.36642710 -0.61995515 0.55766688
1779472221.41924763 1.10077316 1.78519056 -0.87781933 0.41105571 0.36881873 -0.62166643 0.55546088
1779472221.45258856 1.09532085 1.77146528 -0.88331509 0.41038979 0.37069824 -0.62324129 0.55293158
1779472221.48593020 1.09716226 1.77021345 -0.88605034 0.41171859 0.37276336 -0.62412539 0.54954780
1779472221.51927114 1.09940936 1.76985822 -0.89052915 0.41298073 0.37444045 -0.62464810 0.54686015
1779472221.55261254 1.09579195 1.77030533 -0.89695305 0.41311806 0.37606618 -0.62484365 0.54541553
1779472221.58595395 1.09399025 1.76845482 -0.90367137 0.41312690 0.37694467 -0.62523161 0.54435679
1779472221.61929488 1.09480365 1.76903754 -0.90964910 0.41368664 0.37735880 -0.62560224 0.54321776
1779472221.65263629 1.09576207 1.76535462 -0.91602079 0.41418350 0.37773655 -0.62614076 0.54195468
1779472221.68597722 1.09557423 1.75707025 -0.91811540 0.41480808 0.37821446 -0.62685803 0.54031204
1779472221.71931839 1.09775645 1.75657379 -0.92181582 0.41593492 0.37894432 -0.62680764 0.53899121
1779472221.75265861 1.10178175 1.75567538 -0.92368668 0.41713353 0.37959716 -0.62635484 0.53813124
1779472221.78600001 1.10312867 1.75522056 -0.92598605 0.41800020 0.38014970 -0.62583256 0.53767616
1779472221.81934094 1.10311854 1.75366728 -0.93111008 0.41834566 0.38054507 -0.62533119 0.53771114
1779472221.85268235 1.10206092 1.75080820 -0.93701683 0.41859992 0.38066547 -0.62478450 0.53806342
1779472221.88602328 1.11231336 1.75130372 -0.94203890 0.41970678 0.37999217 -0.62458687 0.53790651
1779472221.91936445 1.11571367 1.74639483 -0.94820976 0.42007864 0.37949290 -0.62440653 0.53817800
1779472221.95270562 1.11985149 1.74175542 -0.95433257 0.42032871 0.37875422 -0.62425240 0.53868168
1779472221.98604679 1.12459341 1.73672805 -0.96389221 0.42032529 0.37752115 -0.62439763 0.53938116
1779472222.01938796 1.12660079 1.72826238 -0.97830765 0.41892863 0.37564263 -0.62523200 0.54081084
1779472222.05272913 1.12888341 1.71956623 -0.99206899 0.41708569 0.37452070 -0.62574228 0.54242084
1779472222.08607030 1.12583947 1.71731888 -1.00404687 0.41527350 0.37489822 -0.62563255 0.54367560
1779472222.11941171 1.12383911 1.71366505 -1.01687497 0.41359091 0.37485557 -0.62564140 0.54497588
1779472222.15275264 1.12760258 1.70561959 -1.02875052 0.41257959 0.37311161 -0.62599059 0.54653600
1779472222.18609405 1.12835819 1.70263837 -1.04109116 0.41195623 0.37102521 -0.62603885 0.54836823
1779472222.21943402 1.13257315 1.69282475 -1.05074242 0.41118011 0.36851735 -0.62579705 0.55091191
1779472222.25277519 1.13560251 1.68769785 -1.05841235 0.41103332 0.36662786 -0.62506367 0.55311033
1779472222.28611612 1.13840342 1.68295913 -1.06448090 0.41115081 0.36460985 -0.62393064 0.55563048
1779472222.31945753 1.14241628 1.67464152 -1.06928262 0.41174655 0.36193977 -0.62294227 0.55803881
1779472222.35279894 1.15894121 1.67251303 -1.06763417 0.41393080 0.35855072 -0.62112044 0.56063542
1779472222.38613987 1.16906973 1.67032824 -1.06736112 0.41612242 0.35530874 -0.61899598 0.56341975
1779472222.41948128 1.17430281 1.66556388 -1.06571270 0.41814813 0.35170713 -0.61658699 0.56681100
1779472222.45282221 1.18374481 1.66112478 -1.06308353 0.42064153 0.34763736 -0.61376042 0.57053230
1779472222.48616338 1.19368849 1.65797284 -1.05856931 0.42350099 0.34353690 -0.61050036 0.57438543
1779472222.51950455 1.20305536 1.65882444 -1.04833897 0.42722994 0.34008947 -0.60623428 0.57818139
1779472222.55284572 1.21812392 1.66544762 -1.03252717 0.43214467 0.33697990 -0.60112859 0.58166996
1779472222.58618665 1.22734282 1.67492675 -1.01614630 0.43716549 0.33481438 -0.59587332 0.58456877
1779472222.61952782 1.23157636 1.67880830 -1.00401648 0.44140330 0.33253580 -0.59052620 0.58810022
1779472222.65286827 1.23444499 1.68441335 -0.99178954 0.44539211 0.33021417 -0.58522054 0.59169367
1779472222.68620920 1.23765499 1.68910726 -0.98211001 0.44909319 0.32720430 -0.58041996 0.59528592
1779472222.71955037 1.24480727 1.69411024 -0.97125959 0.45309772 0.32424928 -0.57548596 0.59864913
1779472222.75289130 1.24859732 1.69759775 -0.96053233 0.45678299 0.32137186 -0.57085913 0.60182164
1779472222.78623271 1.25258254 1.69725104 -0.94782153 0.46017133 0.31859109 -0.56634912 0.60497169
1779472222.81957364 1.24976974 1.69818394 -0.94269978 0.46293233 0.31649897 -0.56241634 0.60762646
1779472222.85291481 1.24906164 1.69928570 -0.93856425 0.46526502 0.31413617 -0.55864157 0.61054609
1779472222.88625574 1.24913379 1.69845317 -0.93684748 0.46710860 0.31143315 -0.55548411 0.61339739
1779472222.91959691 1.24904581 1.69605055 -0.93879174 0.46832352 0.30807956 -0.55287466 0.61651413
1779472222.95293808 1.24958333 1.69231240 -0.94115040 0.46962701 0.30424904 -0.55045491 0.61958243
1779472222.98627901 1.24920718 1.68911887 -0.93642095 0.47177185 0.30030638 -0.54760265 0.62239757
1779472223.01962018 1.24604799 1.68870365 -0.93645327 0.47386731 0.29710330 -0.54459906 0.62497301
1779472223.05296111 1.24824820 1.68462886 -0.93585056 0.47554510 0.29301689 -0.54182877 0.62802830
1779472223.08630157 1.24465811 1.68090356 -0.94047131 0.47576471 0.28958748 -0.53932428 0.63159825
1779472223.11964202 1.23528324 1.67833691 -0.94941733 0.47507025 0.28704912 -0.53677875 0.63543657
1779472223.15298295 1.22939190 1.67476900 -0.95655107 0.47459776 0.28490513 -0.53492193 0.63831383
1779472223.18632364 1.22452126 1.67272213 -0.95982476 0.47488392 0.28270604 -0.53280667 0.64084289
1779472223.21966457 1.21942121 1.67389058 -0.96088596 0.47648248 0.28119580 -0.52998740 0.64265599
1779472223.25300503 1.21569107 1.67535507 -0.96156007 0.47766218 0.27960959 -0.52728813 0.64468949
1779472223.28634572 1.21032285 1.67464595 -0.96419459 0.47827363 0.27807728 -0.52456624 0.64711485
1779472223.31968641 1.20933295 1.67558259 -0.96232892 0.47950267 0.27677720 -0.52163097 0.64913227
1779472223.35302711 1.20783195 1.68079975 -0.95379880 0.48234261 0.27637136 -0.51798413 0.65012069
1779472223.38636804 1.20399224 1.68553528 -0.94305611 0.48609711 0.27600364 -0.51385688 0.65075548
1779472223.41970873 1.20399604 1.69431852 -0.92837729 0.49042980 0.27576418 -0.50906724 0.65137031
1779472223.45304942 1.20364527 1.70175066 -0.91962754 0.49341768 0.27485588 -0.50460897 0.65296480
1779472223.48639011 1.19907805 1.70384924 -0.92302589 0.49375120 0.27278155 -0.50098691 0.65636278
1779472223.51973081 1.19869972 1.70142171 -0.93079549 0.49283140 0.26930006 -0.49767185 0.66099729
1779472223.55307078 1.20012567 1.70034955 -0.93453927 0.49226756 0.26546012 -0.49421383 0.66554960
1779472223.58641148 1.20145395 1.69940984 -0.93624367 0.49255940 0.26172780 -0.49055700 0.66950551
1779472223.61975193 1.20713022 1.69834784 -0.93335566 0.49404673 0.25791615 -0.48666061 0.67272472
1779472223.65309262 1.21427634 1.69902422 -0.92746050 0.49638181 0.25446846 -0.48240320 0.67537993
1779472223.68643332 1.21979394 1.70055925 -0.92043983 0.49882514 0.25133633 -0.47773108 0.67806825
1779472223.71977401 1.22534310 1.70123814 -0.91556191 0.50082293 0.24843730 -0.47281446 0.68110336
1779472223.75311470 1.22989494 1.70475031 -0.90990197 0.50243694 0.24598638 -0.46772136 0.68431319
1779472223.78645539 1.23320351 1.70823537 -0.90620744 0.50368818 0.24354475 -0.46234256 0.68791245
1779472223.81979609 1.23893690 1.70965275 -0.90215831 0.50508608 0.24061667 -0.45737450 0.69123096
1779472223.85313702 1.24335575 1.71011761 -0.90071653 0.50606021 0.23795407 -0.45283107 0.69442419
1779472223.88647747 1.24178412 1.70817480 -0.90394503 0.50668063 0.23549920 -0.44824457 0.69777623
1779472223.91981840 1.24555408 1.71228371 -0.89343242 0.50864154 0.23272301 -0.44296759 0.70064506
1779472223.95315886 1.25320340 1.71898071 -0.88588904 0.51100847 0.23004997 -0.43774879 0.70308133
1779472223.98649836 1.26189539 1.71833881 -0.88918057 0.51118384 0.22644090 -0.43427967 0.70626961
1779472224.01983881 1.26943546 1.71481247 -0.90384324 0.50924107 0.22279647 -0.43199211 0.71022397
1779472224.05317974 1.27230685 1.70074389 -0.92671505 0.50600838 0.22089671 -0.43034618 0.71411647
1779472224.08652043 1.27728733 1.69839069 -0.93608509 0.50463058 0.21969118 -0.42843499 0.71660813
1779472224.11986136 1.28579798 1.69318523 -0.94383463 0.50390974 0.21730151 -0.42678554 0.71882482
1779472224.15320182 1.29633301 1.68484441 -0.95130893 0.50317803 0.21362931 -0.42590822 0.72095533
1779472224.18654275 1.31018039 1.67162346 -0.96061797 0.50191836 0.20918495 -0.42537677 0.72344607
1779472224.21988320 1.32565551 1.66522289 -0.96792118 0.50185175 0.20556283 -0.42461550 0.72497615
1779472224.25322413 1.32868877 1.65629178 -0.97605814 0.50198477 0.20376411 -0.42281255 0.72644410
1779472224.28656435 1.33719841 1.65333520 -0.97552856 0.50281476 0.20158504 -0.42077618 0.72765939
1779472224.31990528 1.34602682 1.65204049 -0.97328445 0.50426473 0.19928167 -0.41845938 0.72862586
1779472224.35324574 1.35465673 1.65113630 -0.96699161 0.50621854 0.19701670 -0.41587247 0.72936774
1779472224.38658667 1.36470857 1.65388815 -0.95545701 0.50959804 0.19506471 -0.41291794 0.72921764
1779472224.41992640 1.37876330 1.65004584 -0.94838586 0.51323125 0.19315850 -0.41010342 0.72876516
1779472224.45326710 1.38359915 1.65656351 -0.93784265 0.51602477 0.19238955 -0.40699530 0.72873831
1779472224.48660779 1.38675747 1.65968685 -0.93701404 0.51678184 0.19134000 -0.40413602 0.73006823
1779472224.51994848 1.38872044 1.66116497 -0.93746024 0.51685348 0.18959008 -0.40114690 0.73211969
1779472224.55328941 1.39273114 1.66002151 -0.93856923 0.51688798 0.18694066 -0.39823296 0.73436402
1779472224.58662963 1.40340739 1.64933536 -0.94815827 0.51725151 0.18366273 -0.39584222 0.73622538
1779472224.61997032 1.40928285 1.64840817 -0.94483725 0.51847704 0.18089887 -0.39295073 0.73759533
1779472224.65331078 1.41324618 1.65150151 -0.93963021 0.52035672 0.17929933 -0.38976474 0.73835227
1779472224.68665171 1.41287990 1.65622242 -0.93953474 0.52182151 0.17921574 -0.38672275 0.73893813
1779472224.71999216 1.41117420 1.66093021 -0.94105177 0.52306667 0.17982770 -0.38421054 0.73921953
1779472224.75333285 1.41200850 1.65965545 -0.94779171 0.52369002 0.18039915 -0.38302282 0.73925532
1779472224.78667355 1.40978863 1.65794614 -0.95842049 0.52343439 0.18094892 -0.38273090 0.73945316
1779472224.82001448 1.40925569 1.65245602 -0.97249308 0.52260964 0.18097142 -0.38331488 0.73972847
1779472224.85335493 1.40854511 1.64552715 -0.98702887 0.52159153 0.18094516 -0.38400187 0.74009708
1779472224.88669443 1.40815596 1.63771278 -1.00328011 0.52054014 0.18091309 -0.38492839 0.74036379
1779472224.92003489 1.40835730 1.62802688 -1.01356672 0.51981392 0.18062526 -0.38603251 0.74036944
1779472224.95337558 1.40565855 1.62292561 -1.03019724 0.51903288 0.18135212 -0.38693900 0.74026650
1779472224.98671627 1.40232659 1.61382509 -1.04837157 0.51794775 0.18248617 -0.38793460 0.74022677
1779472225.02005696 1.39939905 1.60533042 -1.06793484 0.51651849 0.18283001 -0.38973674 0.74019397
1779472225.05339742 1.39688941 1.59787025 -1.08874740 0.51504674 0.18298443 -0.39146104 0.74027144
1779472225.08673859 1.39361421 1.58945478 -1.11063748 0.51299279 0.18320078 -0.39305189 0.74080097
1779472225.12007952 1.39116623 1.57717608 -1.13509508 0.51011158 0.18241288 -0.39495669 0.74197097
1779472225.15342069 1.38989510 1.55926860 -1.15667230 0.50737833 0.18095401 -0.39679697 0.74321938
1779472225.18676162 1.38985107 1.54681789 -1.17533138 0.50554893 0.17946792 -0.39710734 0.74465919
1779472225.22010303 1.39136105 1.53978699 -1.18912443 0.50457587 0.17830032 -0.39675294 0.74578770
1779472225.25344396 1.38932201 1.53423176 -1.20100550 0.50360113 0.17729401 -0.39562943 0.74728180
1779472225.28678489 1.38712932 1.53075912 -1.21230373 0.50260968 0.17653899 -0.39382184 0.74908067
1779472225.32012534 1.37979657 1.53126082 -1.22240817 0.50176556 0.17694440 -0.39124432 0.75089938
1779472225.35346627 1.36844315 1.52661502 -1.23589450 0.50093855 0.17727567 -0.38924244 0.75241228
1779472225.38680744 1.36044117 1.52686622 -1.24330387 0.50058213 0.17797229 -0.38658419 0.75385413
1779472225.42014837 1.35023617 1.52882613 -1.25287432 0.50001148 0.17969249 -0.38439172 0.75494512
1779472225.45348954 1.33993655 1.52849612 -1.26541795 0.49905905 0.18158095 -0.38270216 0.75598113
1779472225.48683047 1.33044117 1.53108657 -1.27555896 0.49927895 0.18395307 -0.38170399 0.75576707
1779472225.52017164 1.32493411 1.53808567 -1.27925085 0.50159399 0.18620394 -0.38033557 0.75437154
1779472225.55351281 1.32305359 1.54529964 -1.28071377 0.50455648 0.18804164 -0.37943364 0.75239166
1779472225.58685374 1.32222418 1.55008015 -1.28630008 0.50652684 0.18908259 -0.37853221 0.75126007
1779472225.62019491 1.32155570 1.55128269 -1.29634269 0.50701158 0.18925623 -0.37753391 0.75139170
1779472225.65353584 1.32155729 1.55023307 -1.30708320 0.50695776 0.18861233 -0.37619852 0.75225919
1779472225.68687701 1.32250923 1.54857747 -1.31094956 0.50681920 0.18754667 -0.37478487 0.75332386
1779472225.72021794 1.32763640 1.54515760 -1.31532743 0.50729375 0.18590622 -0.37260897 0.75448955
1779472225.75355840 1.33976478 1.54797942 -1.31522626 0.50898581 0.18379494 -0.36961862 0.75533764
1779472225.78689933 1.34831769 1.54578920 -1.31796202 0.50989965 0.18185292 -0.36695905 0.75648722
1779472225.82024050 1.35839379 1.54010247 -1.32172061 0.51036534 0.17934101 -0.36503129 0.75770455
1779472225.85358143 1.37207619 1.53382767 -1.32408961 0.51119816 0.17646314 -0.36315614 0.75871919
1779472225.88692236 1.37177588 1.52096118 -1.32852660 0.51012774 0.17428627 -0.36123929 0.76085489
1779472225.92026353 1.38279116 1.51026953 -1.33487063 0.50931898 0.17078637 -0.35885038 0.76331684
1779472225.95360446 1.39848390 1.49734206 -1.34187265 0.50840906 0.16670780 -0.35659089 0.76587967
1779472225.98694563 1.41307922 1.49058682 -1.34616037 0.50837711 0.16344708 -0.35450372 0.76757076
1779472226.02028656 1.42249923 1.48805468 -1.34870767 0.50885916 0.16156632 -0.35216045 0.76872732
1779472226.05362773 1.43341015 1.48487152 -1.35414312 0.50906358 0.15957786 -0.34993080 0.77002443
1779472226.08696842 1.44863632 1.48060702 -1.35594843 0.50882711 0.15651782 -0.34715559 0.77206226
1779472226.12030959 1.46077606 1.47056174 -1.35946477 0.50793504 0.15243678 -0.34378265 0.77497000
1779472226.15365052 1.48259481 1.46380240 -1.35596486 0.50826842 0.14700133 -0.33946927 0.77769817
1779472226.18699145 1.50649959 1.46089621 -1.34314549 0.51012400 0.14079081 -0.33418434 0.77991813
1779472226.22033167 1.52932605 1.46167288 -1.32747615 0.51229190 0.13495673 -0.32823080 0.78205386
1779472226.25367260 1.55299054 1.46357729 -1.31003600 0.51487355 0.12908682 -0.32232893 0.78380219
1779472226.28701377 1.57882747 1.46340881 -1.28656458 0.51744685 0.12346388 -0.31583569 0.78565466
1779472226.32035470 1.59646885 1.46387978 -1.26978312 0.51970549 0.11789931 -0.30943189 0.78756451
1779472226.35369563 1.61994277 1.46887415 -1.24669383 0.52255181 0.11172958 -0.30239394 0.78931237
1779472226.38703656 1.64053491 1.47722586 -1.21955345 0.52559466 0.10561069 -0.29409105 0.79126929
1779472226.42037773 1.66208873 1.48642260 -1.18936774 0.52874056 0.09877838 -0.28512844 0.79333349
1779472226.45371842 1.68410844 1.49759891 -1.15587251 0.53220930 0.09153808 -0.27583173 0.79516721
1779472226.48705959 1.70059246 1.50463573 -1.12374378 0.53527251 0.08458679 -0.26610231 0.79719381
1779472226.52040029 1.71888162 1.51638973 -1.08747267 0.53915238 0.07754096 -0.25677360 0.79835420
1779472226.55374146 1.73171236 1.53399896 -1.05409161 0.54294935 0.07204071 -0.24711635 0.79934326
1779472226.58708262 1.73918646 1.55326224 -1.02525582 0.54574558 0.06728240 -0.23710155 0.80088557
1779472226.62042332 1.74442273 1.57253288 -0.99769530 0.54831750 0.06295031 -0.22723844 0.80233900
1779472226.65376353 1.74811659 1.58943935 -0.97312140 0.55025473 0.05894746 -0.21707898 0.80412788
1779472226.68710423 1.74733096 1.60865817 -0.94505777 0.55222592 0.05440819 -0.20737785 0.80565545
1779472226.72044539 1.74988491 1.62383293 -0.91702939 0.55465566 0.04962361 -0.19843224 0.80654773
1779472226.75378585 1.75192772 1.63929994 -0.88947659 0.55733373 0.04526406 -0.18982974 0.80702847
1779472226.78712726 1.75062792 1.65294676 -0.86943533 0.55955423 0.04181585 -0.18241803 0.80738724
1779472226.82046819 1.76181898 1.65741767 -0.85118375 -0.56108683 -0.03816855 0.17488628 -0.80817048
1779472226.85380912 1.75874648 1.67004901 -0.83807160 -0.56287738 -0.03619128 0.16906458 -0.80825517
1779472226.88715005 1.75576769 1.67952669 -0.82653161 -0.56450899 -0.03404234 0.16428763 -0.80819571
1779472226.92049098 1.75827976 1.68430593 -0.81830332 -0.56560625 -0.03148351 0.16070739 -0.80825212
1779472226.95383167 1.76203137 1.68438935 -0.81436029 -0.56632177 -0.02871496 0.15810740 -0.80836696
1779472226.98717260 1.76490718 1.67020394 -0.81917525 -0.56505051 -0.02611012 0.15611501 -0.80973099
1779472227.02051401 1.76476873 1.66775670 -0.82304448 -0.56434563 -0.02404278 0.15463371 -0.81057040
1779472227.05385447 1.76352498 1.66484516 -0.82904359 -0.56373339 -0.02259326 0.15327972 -0.81129498
1779472227.08719468 1.75956575 1.66370825 -0.83873575 -0.56331289 -0.02223188 0.15233298 -0.81177521
1779472227.12053514 1.75517057 1.65409009 -0.85706149 -0.56228596 -0.02255678 0.15170467 -0.81259546
1779472227.15387607 1.75671581 1.64814672 -0.86496756 -0.56165016 -0.02209234 0.15157266 -0.81307242
1779472227.18721676 1.75045708 1.64564864 -0.88169050 -0.56046456 -0.02255508 0.15147499 -0.81389562
1779472227.22055769 1.74983330 1.63796577 -0.89748809 -0.55877222 -0.02160096 0.15125203 -0.81512565
1779472227.25389862 1.75202394 1.62933058 -0.90828173 -0.55743253 -0.01919914 0.15069972 -0.81620461
1779472227.28723955 1.75340398 1.62348967 -0.91573143 -0.55641508 -0.01643681 0.14872095 -0.81732134
1779472227.32058024 1.75653805 1.62039750 -0.91138317 -0.55592095 -0.01347989 0.14442608 -0.81848109
1779472227.35392118 1.75296742 1.62555412 -0.90611817 -0.55622388 -0.01077294 0.13983331 -0.81911268
1779472227.38726163 1.74991566 1.63129877 -0.90017900 -0.55631832 -0.00805510 0.13449181 -0.81997378
1779472227.42060256 1.74470972 1.64033120 -0.89427840 -0.55675458 -0.00615137 0.12869262 -0.82062458
1779472227.45394325 1.74519925 1.63951413 -0.88644775 -0.55672385 -0.00345056 0.12280959 -0.82156220
1779472227.48728418 1.73564104 1.64817941 -0.87960432 -0.55689778 -0.00161730 0.11688120 -0.82231443
1779472227.52062464 1.73040114 1.65202607 -0.87870425 -0.55584523 0.00043943 0.11179741 -0.82373371
1779472227.55396438 1.72271372 1.65675778 -0.88202075 -0.55466600 0.00153793 0.10725280 -0.82513035
1779472227.58730507 1.71522311 1.66569019 -0.88048084 -0.55514063 0.00193921 0.10326135 -0.82531946
1779472227.62064600 1.71937081 1.66884517 -0.87128491 -0.55692204 0.00370963 0.09912793 -0.82461975
1779472227.65398693 1.71967606 1.68170762 -0.85362076 -0.56061966 0.00576585 0.09532423 -0.82254826
1779472227.68732786 1.72177115 1.69108461 -0.83735745 -0.56345537 0.00904641 0.09114819 -0.82105311
1779472227.72066855 1.72870334 1.69394296 -0.82282645 -0.56411467 0.01424701 0.08636347 -0.82104386
1779472227.75400925 1.73352459 1.69678864 -0.80945383 -0.56344420 0.01971622 0.08069300 -0.82196748
1779472227.78735018 1.73330831 1.69730878 -0.79319241 -0.56286651 0.02525343 0.07351132 -0.82288495
1779472227.82069087 1.73587765 1.70732863 -0.76802989 -0.56399679 0.03101548 0.06628694 -0.82252763
1779472227.85403156 1.73815758 1.71725928 -0.74062175 -0.56510767 0.03671868 0.05855941 -0.82211669
1779472227.88737226 1.74047412 1.72610245 -0.71695303 -0.56567523 0.04242660 0.05104507 -0.82195250
1779472227.92071319 1.74341499 1.72643635 -0.70093124 -0.56546446 0.04805727 0.04400821 -0.82219445
1779472227.95405340 1.74443416 1.73526809 -0.68001853 -0.56583944 0.05349631 0.03676561 -0.82195630
1779472227.98739338 1.74964427 1.74453799 -0.65347595 -0.56633921 0.05949738 0.03000181 -0.82147419
1779472228.02073407 1.75102274 1.75382036 -0.63168050 -0.56630256 0.06511243 0.02237870 -0.82131661
1779472228.05407500 1.75468746 1.75134475 -0.61590362 -0.56543064 0.07127139 0.01485080 -0.82157655
1779472228.08741570 1.75501924 1.76060555 -0.59713833 -0.56495213 0.07663144 0.00700525 -0.82152762
1779472228.12075663 1.75797867 1.76496098 -0.57987771 -0.56376186 0.08237091 0.00000281 -0.82181969
1779472228.15409732 1.76302244 1.76710305 -0.56097969 -0.56294284 0.08828544 -0.00624706 -0.82174328
1779472228.18743825 1.76822402 1.76414085 -0.55507373 -0.56158369 0.09355472 -0.01168019 -0.82203093
1779472228.22077894 1.77849781 1.75521430 -0.53323923 -0.55935676 0.10000104 -0.01759856 -0.82268469
1779472228.25411963 1.77918518 1.76109922 -0.51696711 -0.55816784 0.10530978 -0.02387753 -0.82267148
1779472228.28746009 1.78095567 1.76653043 -0.50129317 -0.55672637 0.11027128 -0.03094921 -0.82276251
1779472228.32080102 1.78196796 1.77439448 -0.48813780 -0.55462682 0.11497748 -0.03869523 -0.82320833
1779472228.35414195 1.79098563 1.76845439 -0.47927962 -0.55132898 0.12011583 -0.04624178 -0.82429985
1779472228.38748240 1.79356364 1.77665493 -0.46722470 -0.54942622 0.12455182 -0.05393433 -0.82444452
1779472228.42082238 1.79259818 1.78782703 -0.46224676 -0.54698964 0.12746484 -0.06167223 -0.82507671
1779472228.45416331 1.79225004 1.79739419 -0.45951592 -0.54439257 0.12987742 -0.06882785 -0.82585187
1779472228.48750424 1.78197821 1.80811447 -0.46352499 -0.54142557 0.13052223 -0.07634374 -0.82703926
1779472228.52084470 1.77990059 1.81776087 -0.46528614 -0.53854655 0.13267406 -0.08275623 -0.82795931
1779472228.55418563 1.78285263 1.82289158 -0.46193536 -0.53592296 0.13592948 -0.08879719 -0.82850759
1779472228.58752632 1.78590973 1.82753128 -0.45463286 -0.53364989 0.13957698 -0.09468953 -0.82871585
1779472228.62086701 1.79316432 1.82139568 -0.44621619 -0.53087748 0.14378951 -0.10023930 -0.82912349
1779472228.65420771 1.79434548 1.82720449 -0.43786381 -0.52919378 0.14750627 -0.10603322 -0.82882616
1779472228.68754864 1.79783807 1.83226916 -0.42747773 -0.52768518 0.15133241 -0.11176046 -0.82834561
1779472228.72088909 1.79794389 1.83891147 -0.41256756 -0.52662571 0.15516569 -0.11759185 -0.82750295
1779472228.75422978 1.80723472 1.83540159 -0.40139621 -0.52443135 0.15975929 -0.12327822 -0.82719479
1779472228.78757048 1.80999982 1.83986987 -0.39009709 -0.52349647 0.16336786 -0.12850289 -0.82628651
1779472228.82091141 1.81302056 1.84412586 -0.37531187 -0.52284821 0.16745994 -0.13379514 -0.82503683
1779472228.85425186 1.81587276 1.84812737 -0.35603841 -0.52218854 0.17246425 -0.13878651 -0.82359791
1779472228.88759208 1.82298393 1.84725945 -0.33368682 -0.52129453 0.17791233 -0.14464931 -0.82199501
1779472228.92093253 1.82213299 1.85398182 -0.30868810 -0.52110627 0.18309918 -0.15043179 -0.81993489
1779472228.95427346 1.82228335 1.86036503 -0.28023116 -0.52146439 0.18891912 -0.15639418 -0.81726698
1779472228.98761392 1.81854234 1.87101440 -0.24723499 -0.52299249 0.19446879 -0.16280987 -0.81372826
1779472229.02095485 1.82480769 1.87399565 -0.21488470 -0.52423647 0.20053934 -0.16914137 -0.81015511
1779472229.05429530 1.81680234 1.88766852 -0.18073949 -0.52630114 0.20562168 -0.17614576 -0.80603939
1779472229.08763623 1.81018941 1.90046535 -0.15177701 -0.52752033 0.21045924 -0.18295759 -0.80246853
1779472229.12097788 1.80283131 1.91258793 -0.12520860 -0.52735413 0.21539377 -0.19029798 -0.79955602
1779472229.15431881 1.80045975 1.92032103 -0.09709404 -0.52602680 0.22130159 -0.19777287 -0.79699893
1779472229.18765998 1.78376626 1.93675463 -0.06700268 -0.52527772 0.22598299 -0.20621051 -0.79403541
1779472229.22100091 1.76707792 1.95366704 -0.03386555 -0.52491737 0.23083727 -0.21457166 -0.79065474
1779472229.25434208 1.74999388 1.96840124 -0.00403048 -0.52415537 0.23579129 -0.22303457 -0.78734947
1779472229.28768301 1.75087267 1.97150740 0.01409485 -0.52188651 0.24190530 -0.23151512 -0.78454895
1779472229.32102323 1.73171430 1.98761490 0.04283449 -0.52130573 0.24653245 -0.23960500 -0.78105796
1779472229.35436416 1.71386667 2.00227849 0.06626654 -0.52056389 0.25056452 -0.24706335 -0.77793982
1779472229.38770556 1.69566133 2.01710033 0.08376223 -0.51930789 0.25395857 -0.25433478 -0.77533102
1779472229.42104673 1.68800689 2.02206501 0.09243976 -0.51684448 0.25801911 -0.26092724 -0.77344354
1779472229.45438766 1.68055517 2.02546108 0.10363009 -0.51401967 0.26138458 -0.26713408 -0.77207595
1779472229.48772883 1.66672257 2.03552744 0.11619066 -0.51179707 0.26435188 -0.27307591 -0.77046180
1779472229.52106977 1.65251181 2.04404778 0.12350153 -0.50965793 0.26679081 -0.27864823 -0.76904266
1779472229.55441093 1.63862827 2.05242647 0.12878463 -0.50768633 0.26868350 -0.28375388 -0.76781997
1779472229.58775187 1.63369121 2.04775939 0.11996429 -0.50512093 0.27066039 -0.28737517 -0.76747072
1779472229.62109303 1.62581548 2.05066102 0.12349688 -0.50347781 0.27270769 -0.29070499 -0.76657108
1779472229.65443420 1.62307854 2.04920593 0.12484628 -0.50144508 0.27539278 -0.29301298 -0.76606464
1779472229.68777537 1.61754503 2.04657132 0.11373036 -0.49866823 0.27712559 -0.29546421 -0.76631084
1779472229.72111654 1.61523872 2.04193320 0.10624387 -0.49628426 0.27832902 -0.29723943 -0.76673569
1779472229.75445652 1.61110291 2.04164387 0.09968622 -0.49446112 0.27943487 -0.29904486 -0.76680931
1779472229.78779769 1.60736729 2.04082443 0.09267260 -0.49238661 0.28062736 -0.30097734 -0.76695264
1779472229.82113862 1.60249348 2.03970137 0.08092930 -0.49040900 0.28136661 -0.30309158 -0.76711625
1779472229.85447979 1.59570120 2.03829581 0.06988336 -0.48833041 0.28190307 -0.30523743 -0.76739441
1779472229.88782072 1.58853487 2.04005396 0.06557595 -0.48658232 0.28311784 -0.30792575 -0.76698348
1779472229.92116189 1.58098928 2.04127928 0.06285755 -0.48488548 0.28467163 -0.31067634 -0.76637350
1779472229.95450282 1.57140075 2.04120524 0.05483077 -0.48277769 0.28594034 -0.31381605 -0.76595255
1779472229.98784399 1.55965448 2.04619709 0.05450951 -0.48048727 0.28774977 -0.31795813 -0.76500632
1779472230.02118516 1.54867459 2.05065057 0.05731921 -0.47851734 0.28993287 -0.32202437 -0.76371486
1779472230.05452609 1.54106940 2.04859539 0.05516192 -0.47604902 0.29281855 -0.32547992 -0.76269093
1779472230.08786726 1.53032968 2.05330092 0.05883325 -0.47467423 0.29473494 -0.32935130 -0.76114611
1779472230.12120819 1.51749961 2.05884141 0.06401027 -0.47368173 0.29665890 -0.33350255 -0.75920693
1779472230.15454936 1.50189512 2.06684384 0.06944089 -0.47285338 0.29808646 -0.33804458 -0.75715256
1779472230.18789029 1.48720936 2.06646931 0.06714522 -0.47160194 0.29970791 -0.34191258 -0.75555447
1779472230.22123051 1.47567879 2.07290545 0.08342710 -0.47178023 0.30290602 -0.34587002 -0.75235981
1779472230.25457144 1.46469336 2.07819771 0.10604649 -0.47209475 0.30711453 -0.34975945 -0.74864914
1779472230.28791261 1.45429619 2.08308529 0.12541491 -0.47225588 0.31122018 -0.35352444 -0.74507506
1779472230.32125354 1.44031663 2.08749929 0.12563830 -0.47100580 0.31386759 -0.35808014 -0.74257611
1779472230.35459471 1.42668383 2.09411630 0.13386400 -0.46898231 0.31644666 -0.36323120 -0.74025684
1779472230.38793588 1.41433772 2.09953380 0.14094936 -0.46671875 0.31905176 -0.36815294 -0.73813481
1779472230.42127681 1.40121194 2.10598820 0.15336273 -0.46505458 0.32173676 -0.37300978 -0.73557692
1779472230.45461798 1.39391660 2.10969285 0.15357774 -0.46420792 0.32493608 -0.37689325 -0.73272029
1779472230.48795891 1.38146565 2.11456896 0.16568694 -0.46367859 0.32777529 -0.38077709 -0.72977691
1779472230.52129984 1.37259690 2.11863359 0.17577225 -0.46253835 0.33065381 -0.38444149 -0.72727647
1779472230.55464101 1.36997073 2.11541482 0.17726735 -0.46126636 0.33302002 -0.38730765 -0.72548177
1779472230.58798194 1.36287273 2.11792097 0.18178635 -0.45985829 0.33492868 -0.39052757 -0.72376885
1779472230.62132311 1.35734670 2.12040124 0.18305160 -0.45847813 0.33624942 -0.39341647 -0.72246634
1779472230.65466332 1.35895790 2.11999943 0.17914225 -0.45652137 0.33877526 -0.39587548 -0.72118109
1779472230.68800449 1.35611127 2.11995749 0.17921430 -0.45478417 0.34064695 -0.39818526 -0.72012465
1779472230.72134542 1.35271389 2.12063391 0.18006519 -0.45323258 0.34235830 -0.40081668 -0.71883031
1779472230.75468659 1.35542785 2.11932705 0.18049070 -0.45093247 0.34484908 -0.40371714 -0.71746184
1779472230.78802752 1.35046848 2.12148567 0.18256389 -0.44928250 0.34674888 -0.40688045 -0.71579239
1779472230.82136869 1.34754014 2.12318795 0.18397937 -0.44749528 0.34877314 -0.41013222 -0.71407061
1779472230.85470963 1.33911257 2.12561310 0.18105540 -0.44605218 0.34961537 -0.41465765 -0.71194493
1779472230.88805056 1.32889684 2.13242483 0.17471627 -0.44376776 0.34978166 -0.41926325 -0.71059221
1779472230.92139149 1.32394163 2.13762874 0.16167814 -0.44136294 0.34890480 -0.42312795 -0.71023020
1779472230.95473266 1.32557781 2.14329072 0.14964842 -0.43989519 0.34815955 -0.42641393 -0.70954092
1779472230.98807383 1.32530263 2.14607472 0.14286252 -0.43912766 0.34791945 -0.42844747 -0.70890883
1779472231.02141476 1.32719648 2.14614131 0.13531402 -0.43788386 0.34826178 -0.43008082 -0.70852096
1779472231.05475593 1.33074433 2.14535401 0.12321588 -0.43513426 0.34845967 -0.43212122 -0.70887607
1779472231.08809614 1.34507342 2.14372018 0.10849065 -0.43082356 0.34881978 -0.43465533 -0.70978205
1779472231.12143731 1.34316286 2.14712372 0.09093099 -0.42762457 0.34759201 -0.43779420 -0.71038951
1779472231.15477848 1.34111708 2.15002411 0.07556656 -0.42484115 0.34677982 -0.44099118 -0.71047908
1779472231.18811941 1.34604886 2.15320701 0.06758106 -0.42209276 0.34657734 -0.44443319 -0.71007111
1779472231.22146034 1.34133959 2.14638048 0.04950852 -0.41880693 0.34575392 -0.44797020 -0.71019552
1779472231.25480175 1.33842757 2.14916142 0.04332438 -0.41655076 0.34617292 -0.45110609 -0.70933283
1779472231.28814292 1.33474427 2.15014472 0.04029675 -0.41478175 0.34712823 -0.45424605 -0.70789732
1779472231.32148385 1.33677519 2.14959955 0.04562475 -0.41310465 0.34892408 -0.45751101 -0.70588966
1779472231.35482526 1.33258885 2.15157721 0.04635019 -0.41089438 0.35049401 -0.46117227 -0.70401697
1779472231.38816619 1.32711249 2.15529445 0.04885755 -0.40808584 0.35262439 -0.46522096 -0.70191983
1779472231.42150736 1.32019246 2.15854568 0.05490187 -0.40573360 0.35556180 -0.46916678 -0.69916993
1779472231.45484853 1.31998989 2.16054632 0.06939552 -0.40358698 0.35928999 -0.47284046 -0.69602453
1779472231.48818970 1.31221481 2.16356333 0.08098417 -0.40208669 0.36251632 -0.47611147 -0.69298346
1779472231.52153111 1.30686312 2.16609010 0.09168802 -0.40017731 0.36580219 -0.47932012 -0.69014426
1779472231.55487108 1.30257220 2.16532208 0.09731386 -0.39712154 0.36879417 -0.48248654 -0.68810760
1779472231.58821225 1.30083353 2.16490082 0.09944446 -0.39310164 0.37135997 -0.48615246 -0.68645368
1779472231.62155318 1.29422652 2.16435312 0.09979951 -0.38924296 0.37369698 -0.48975686 -0.68482020
1779472231.65489459 1.28485535 2.16582105 0.10220927 -0.38637541 0.37586561 -0.49327868 -0.68272633
1779472231.68823552 1.27433506 2.16880682 0.10990437 -0.38477038 0.37838749 -0.49665989 -0.67978204
1779472231.72157693 1.27063182 2.17361725 0.12289415 -0.38361043 0.38155922 -0.49970784 -0.67642271
1779472231.75491810 1.26080317 2.17561169 0.13452815 -0.38289531 0.38461554 -0.50203325 -0.67336817
1779472231.78825927 1.24980128 2.17742411 0.14373960 -0.38216311 0.38749214 -0.50458741 -0.67021843
1779472231.82160068 1.24039756 2.17760267 0.14973826 -0.38031697 0.39040285 -0.50722386 -0.66758414
1779472231.85494161 1.23187094 2.17955724 0.15973493 -0.37849835 0.39350898 -0.50986177 -0.66477865
1779472231.88828301 1.22331335 2.17881683 0.16740968 -0.37664221 0.39670736 -0.51211003 -0.66219879
1779472231.92162395 1.21582061 2.17762774 0.17444774 -0.37544732 0.39936741 -0.51399663 -0.65981243
1779472231.95496511 1.20842534 2.17684013 0.17972919 -0.37468360 0.40163742 -0.51539309 -0.65777621
1779472231.98830533 1.19950619 2.17805225 0.18147776 -0.37494204 0.40310610 -0.51658494 -0.65579261
1779472232.02164650 1.19651234 2.17575476 0.18177344 -0.37465262 0.40463135 -0.51692831 -0.65474729
1779472232.05498767 1.19152125 2.17231660 0.17836188 -0.37378217 0.40598057 -0.51758615 -0.65388932
1779472232.08832860 1.18619726 2.17154162 0.17523808 -0.37237828 0.40725881 -0.51869420 -0.65301685
1779472232.12166977 1.18165254 2.17137482 0.17261952 -0.37057457 0.40925539 -0.51989697 -0.65183713
1779472232.15501046 1.17064515 2.16435200 0.17042697 -0.36897854 0.41075597 -0.52153770 -0.65048658
1779472232.18835163 1.16283559 2.16275758 0.17454420 -0.36796278 0.41334706 -0.52258988 -0.64857337
1779472232.22169232 1.15283796 2.16123060 0.17904915 -0.36726040 0.41566828 -0.52388212 -0.64644196
1779472232.25503349 1.14194135 2.15981664 0.18058558 -0.36642449 0.41767054 -0.52517611 -0.64457308
1779472232.28837419 1.13704685 2.15861598 0.17812204 -0.36516669 0.41986055 -0.52615712 -0.64306227
1779472232.32171512 1.13151083 2.15325193 0.17271141 -0.36350291 0.42057248 -0.52720926 -0.64267784
1779472232.35505605 1.12477291 2.15182714 0.16563160 -0.36195684 0.42129244 -0.52836764 -0.64212737
1779472232.38839698 1.11617358 2.15045764 0.15814806 -0.36088406 0.42195784 -0.52939085 -0.64145117
1779472232.42173648 1.10788958 2.14882567 0.15001153 -0.35996030 0.42241277 -0.53031817 -0.64090457
1779472232.45507765 1.10214708 2.14814495 0.14274987 -0.35895729 0.42298409 -0.53118763 -0.64037007
1779472232.48841834 1.09223155 2.14770580 0.13224719 -0.35821840 0.42272243 -0.53237895 -0.63996717
1779472232.52175951 1.08343916 2.14725219 0.12166941 -0.35759322 0.42258395 -0.53337094 -0.63958215
1779472232.55510044 1.07335906 2.14574014 0.11153492 -0.35721128 0.42245714 -0.53441396 -0.63900844
1779472232.58844113 1.06621546 2.14001494 0.10639615 -0.35636684 0.42184345 -0.53587887 -0.63865845
1779472232.62178230 1.05400204 2.14159872 0.09767520 -0.35613186 0.42150715 -0.53711711 -0.63797103
1779472232.65512300 1.04305536 2.14190808 0.09043932 -0.35626733 0.42132032 -0.53815692 -0.63714198
1779472232.68846393 1.02960280 2.14262023 0.08325816 -0.35699634 0.42088271 -0.53932333 -0.63603593
1779472232.72180486 1.01924349 2.14053671 0.07449550 -0.35726886 0.42072671 -0.53993893 -0.63546357
1779472232.75514579 1.00873790 2.13403819 0.06427234 -0.35761764 0.41971340 -0.54054063 -0.63542593
1779472232.78848672 0.99876617 2.13286068 0.05339578 -0.35859373 0.41844619 -0.54099498 -0.63532492
1779472232.82182765 0.99080767 2.13114371 0.04126520 -0.35915987 0.41699855 -0.54129509 -0.63570121
1779472232.85516834 0.98252276 2.12948571 0.02948092 -0.35940377 0.41578388 -0.54174959 -0.63597176
1779472232.88850856 0.97211534 2.12870826 0.02137299 -0.36002110 0.41548121 -0.54195079 -0.63564889
1779472232.92184949 0.96670841 2.12684605 0.01753417 -0.36052239 0.41612114 -0.54187832 -0.63500763
1779472232.95519042 0.95640667 2.12126429 0.01580613 -0.36149768 0.41646083 -0.54163930 -0.63443414
1779472232.98853135 0.95241893 2.12133141 0.01747810 -0.36297721 0.41808061 -0.54091571 -0.63314007
1779472233.02187228 0.94553138 2.12101741 0.01864933 -0.36516681 0.41917843 -0.54014609 -0.63181076
1779472233.05521321 0.93736896 2.12124741 0.01217850 -0.36698053 0.41888146 -0.53993927 -0.63113326
1779472233.08855414 0.92516987 2.12033554 0.00331455 -0.36853146 0.41775063 -0.54023855 -0.63072283
1779472233.12189507 0.92147152 2.11927577 0.00129093 -0.36967144 0.41835300 -0.53992443 -0.62992492
1779472233.15523601 0.91891206 2.11591909 0.00179867 -0.37091390 0.41973071 -0.53928991 -0.62882065
1779472233.18857718 0.91604423 2.11243307 0.00151314 -0.37214136 0.42091554 -0.53876294 -0.62775426
1779472233.22191811 0.91170424 2.10934812 0.00022280 -0.37290713 0.42244854 -0.53779173 -0.62710251
1779472233.25525928 0.91185059 2.10503919 -0.00277345 -0.37290250 0.42402055 -0.53725575 -0.62650343
1779472233.28860021 0.90241953 2.10061173 -0.01026192 -0.37304052 0.42398279 -0.53735030 -0.62636572
1779472233.32194018 0.89956116 2.09855815 -0.01953998 -0.37271723 0.42421073 -0.53779350 -0.62602338
1779472233.35528135 0.89711054 2.09491444 -0.02935673 -0.37217365 0.42428840 -0.53822693 -0.62592164
1779472233.38862228 0.89359762 2.09142777 -0.03835035 -0.37159058 0.42441540 -0.53915592 -0.62538221
1779472233.42196321 0.88696812 2.09095197 -0.05105887 -0.37129474 0.42435733 -0.54016378 -0.62472727
1779472233.45530415 0.88366917 2.08282511 -0.06285603 -0.36983926 0.42393851 -0.54156304 -0.62466354
1779472233.48864532 0.87904553 2.07894305 -0.07296795 -0.36884718 0.42421712 -0.54279196 -0.62399398
1779472233.52198625 0.87332001 2.07550777 -0.08356176 -0.36823939 0.42417429 -0.54433969 -0.62303309
1779472233.55532742 0.86610001 2.07338366 -0.09697549 -0.36779694 0.42387655 -0.54592811 -0.62210656
1779472233.58866811 0.85930228 2.07208752 -0.10999844 -0.36759610 0.42333706 -0.54747628 -0.62123148
1779472233.62200928 0.85174021 2.06932337 -0.12668394 -0.36710956 0.42284574 -0.54908943 -0.62042957
1779472233.65535045 0.84372361 2.06868037 -0.14157223 -0.36713997 0.42217430 -0.55080484 -0.61934735
1779472233.68869138 0.83485841 2.06852388 -0.15707042 -0.36726717 0.42125641 -0.55256332 -0.61832972
1779472233.72203231 0.82809080 2.06777239 -0.17333519 -0.36732253 0.42032428 -0.55424804 -0.61742268
1779472233.75537205 0.81987027 2.06593684 -0.19046155 -0.36718542 0.41960451 -0.55534757 -0.61700568
1779472233.78871322 0.81570617 2.06344600 -0.20721838 -0.36678949 0.41878961 -0.55626029 -0.61697263
1779472233.82205415 0.80735524 2.05837817 -0.22737263 -0.36736103 0.41710277 -0.55729775 -0.61683901
1779472233.85539508 0.80177953 2.05527070 -0.24469898 -0.36799706 0.41575395 -0.55789807 -0.61682782
1779472233.88873601 0.79748922 2.05114778 -0.26234718 -0.36821678 0.41480896 -0.55837727 -0.61689931
1779472233.92207718 0.79455533 2.04503334 -0.27928167 -0.36821013 0.41406990 -0.55839819 -0.61738066
1779472233.95541811 0.79386612 2.04334493 -0.28836016 -0.36888613 0.41461430 -0.55763309 -0.61730329
1779472233.98875952 0.79664888 2.03782328 -0.29268476 -0.36925196 0.41655912 -0.55620011 -0.61706801
1779472234.02210045 0.79679849 2.03197581 -0.29773539 -0.36983400 0.41860401 -0.55450442 -0.61686169
1779472234.05544138 0.80003384 2.02495679 -0.30543618 -0.36938050 0.42002554 -0.55337183 -0.61718409
1779472234.08878255 0.80369419 2.01782221 -0.31590222 -0.36820763 0.42065666 -0.55273840 -0.61802215
1779472234.12212348 0.80445257 2.01211981 -0.32656299 -0.36702083 0.42150314 -0.55263221 -0.61824628
1779472234.15546465 0.80076819 2.00529302 -0.33515143 -0.36594227 0.42298296 -0.55209807 -0.61835216
1779472234.18880582 0.80385740 2.00204145 -0.33515747 -0.36549493 0.42578949 -0.55138113 -0.61732942
1779472234.22214580 0.80443515 2.00013931 -0.33482020 -0.36580106 0.42848855 -0.55040420 -0.61615125
1779472234.25548673 0.80600075 1.99720657 -0.33896805 -0.36580012 0.43028350 -0.54970976 -0.61552056
1779472234.28882790 0.80414552 1.99421408 -0.34733548 -0.36575561 0.43072165 -0.54945896 -0.61546449
1779472234.32216883 0.79686154 1.99220261 -0.36388622 -0.36556776 0.43003416 -0.54949959 -0.61602032
1779472234.35551023 0.79780859 1.98606564 -0.36928476 -0.36470975 0.43104260 -0.54897489 -0.61629185
1779472234.38885140 0.79958747 1.97774969 -0.37882661 -0.36369837 0.43163113 -0.54822586 -0.61714380
1779472234.42219257 0.79836773 1.97092518 -0.38696989 -0.36347283 0.43190761 -0.54757834 -0.61765790
1779472234.45553374 0.79247133 1.96555982 -0.39439770 -0.36459979 0.43185904 -0.54664212 -0.61785690
1779472234.48887467 0.78820691 1.95880531 -0.40333572 -0.36586861 0.43176874 -0.54531007 -0.61834686
1779472234.52221584 0.77686393 1.95565168 -0.41740413 -0.36846607 0.42994053 -0.54408645 -0.61915574
1779472234.55555677 0.76530611 1.94672398 -0.43204585 -0.37050899 0.42742663 -0.54273734 -0.62085888
1779472234.58889794 0.75248090 1.94068730 -0.45000347 -0.37269159 0.42423092 -0.54177794 -0.62257993
1779472234.62223911 0.71320468 1.95257251 -0.48062517 -0.37733042 0.41941659 -0.53963821 -0.62490166
1779472234.65557909 0.69863435 1.94449331 -0.48978069 -0.37989393 0.41739533 -0.53774229 -0.62633455
1779472234.68892026 0.68455333 1.93834384 -0.49648115 -0.38360217 0.41605482 -0.53514471 -0.62719048
1779472234.72226119 0.67285068 1.93742132 -0.50535466 -0.38708238 0.41492470 -0.53267364 -0.62790407
1779472234.75560260 0.65716342 1.93756085 -0.51966039 -0.39065053 0.41231961 -0.53041469 -0.62932103
1779472234.78894353 0.64040956 1.93603668 -0.53719198 -0.39360226 0.40898564 -0.52860599 -0.63117645
1779472234.82228470 0.61581939 1.94846774 -0.55797173 -0.39661376 0.40550974 -0.52681232 -0.63303092
1779472234.85562563 0.60294294 1.94208222 -0.57824337 -0.39622822 0.40280587 -0.52579970 -0.63583434
1779472234.88896680 0.59690319 1.93691907 -0.59536110 -0.39565606 0.40178453 -0.52508401 -0.63742627
1779472234.92230797 0.59069870 1.93219316 -0.60574695 -0.39557375 0.40181510 -0.52436301 -0.63805131
1779472234.95564890 0.58503156 1.92853109 -0.61211220 -0.39566624 0.40273189 -0.52334409 -0.63825247
1779472234.98899007 0.57525214 1.92707474 -0.61730267 -0.39647340 0.40322677 -0.52256535 -0.63807717
1779472235.02233100 0.56338410 1.92541599 -0.62675740 -0.39711292 0.40282162 -0.52222388 -0.63821493
1779472235.05567193 0.55325735 1.92251223 -0.63756826 -0.39733046 0.40233994 -0.52189619 -0.63865126
1779472235.08901215 0.52432060 1.91675306 -0.65003496 -0.39823173 0.40028477 -0.52134517 -0.63983029
1779472235.12235332 0.51406018 1.91350409 -0.66164799 -0.39853239 0.39953020 -0.52136480 -0.64009866
1779472235.15569425 0.50715931 1.91243419 -0.67100795 -0.39915613 0.39903353 -0.52144125 -0.63995754
1779472235.18903542 0.49901052 1.91078914 -0.67781487 -0.40021277 0.39870858 -0.52131717 -0.63960114
1779472235.22237635 0.48985365 1.90941177 -0.68425795 -0.40169777 0.39821935 -0.52067998 -0.63949403
1779472235.25571752 0.47972062 1.90861315 -0.69036408 -0.40326918 0.39764596 -0.51979350 -0.63958297
1779472235.28905845 0.47125668 1.90635035 -0.69938938 -0.40467729 0.39651036 -0.51841190 -0.64051926
1779472235.32239938 0.44448408 1.90906500 -0.70573021 -0.40747570 0.39504792 -0.51605803 -0.64154875
1779472235.35574055 0.44243480 1.90850175 -0.70867555 -0.40932713 0.39558442 -0.51383645 -0.64182270
1779472235.38908148 0.44023837 1.91215742 -0.70606352 -0.41198809 0.39733903 -0.51139274 -0.64098750
1779472235.42242265 0.43762088 1.91484410 -0.70292390 -0.41415591 0.39946918 -0.50951194 -0.63976311
1779472235.45576358 0.43421565 1.91868339 -0.70281698 -0.41606541 0.40079792 -0.50843945 -0.63854516
1779472235.48910451 0.43011417 1.91754147 -0.71057040 -0.41664024 0.40084796 -0.50820090 -0.63832881
1779472235.52244544 0.40858409 1.90776881 -0.71980347 -0.41647652 0.39920526 -0.50796972 -0.63964774
1779472235.55578566 0.40885864 1.90401654 -0.72884451 -0.41603788 0.39928593 -0.50776654 -0.64004404
1779472235.58912659 0.41126410 1.90108583 -0.73525574 -0.41558257 0.40005463 -0.50714696 -0.64035098
1779472235.62246776 0.41544746 1.89824271 -0.74070487 -0.41527922 0.40126243 -0.50601418 -0.64068813
1779472235.65580893 0.42222409 1.89443666 -0.74560511 -0.41492444 0.40241280 -0.50490148 -0.64107421
1779472235.68914986 0.42631776 1.89273817 -0.74958359 -0.41507454 0.40345073 -0.50384979 -0.64115211
1779472235.72249079 0.42896867 1.89124861 -0.75385176 -0.41512029 0.40440605 -0.50345120 -0.64083366
1779472235.75583172 0.41539724 1.88983378 -0.76263222 -0.41545825 0.40397930 -0.50339688 -0.64092648
1779472235.78917289 0.41492257 1.88755536 -0.77126542 -0.41456792 0.40397141 -0.50476323 -0.64043315
1779472235.82251382 0.41493745 1.88444069 -0.78240934 -0.41332124 0.40410889 -0.50638620 -0.63987075
1779472235.85585499 0.41717409 1.88090782 -0.79473918 -0.41161842 0.40400907 -0.50806317 -0.63970209
1779472235.88919616 0.42033529 1.87722717 -0.80404950 -0.41067143 0.40398864 -0.50892208 -0.63964089
1779472235.92253709 0.42026865 1.87518811 -0.81252588 -0.41094631 0.40358052 -0.50923249 -0.63947492
1779472235.95587802 0.42212629 1.87335907 -0.81846527 -0.41160277 0.40349420 -0.50873829 -0.63950055
1779472235.98921800 0.41796399 1.86568706 -0.82802311 -0.41190177 0.40316195 -0.50757178 -0.64044380
1779472236.02255917 0.42095011 1.86072406 -0.83734937 -0.41173185 0.40293789 -0.50671650 -0.64137066
1779472236.05590010 0.42648655 1.85678427 -0.84830517 -0.41112995 0.40293645 -0.50589205 -0.64240767
1779472236.08924150 0.43022457 1.85250613 -0.85910780 -0.41057943 0.40267513 -0.50473504 -0.64383213
1779472236.12258315 0.43527327 1.84740599 -0.87114998 -0.40988564 0.40205931 -0.50371141 -0.64545867
1779472236.15592456 0.44213273 1.84098058 -0.88476373 -0.40858923 0.40156877 -0.50266984 -0.64739509
1779472236.18926620 0.46384267 1.84918316 -0.88838899 -0.40789964 0.40277373 -0.50159293 -0.64791645
1779472236.22260809 0.45756689 1.83249902 -0.90188876 -0.40700598 0.40128041 -0.50103077 -0.64983716
1779472236.25594974 0.46113183 1.82743177 -0.91149242 -0.40618396 0.40082335 -0.50073489 -0.65086081
1779472236.28929138 0.46418251 1.82102024 -0.92268874 -0.40528090 0.40029433 -0.50065158 -0.65181274
1779472236.32263279 0.46548909 1.81596400 -0.93165953 -0.40483730 0.39999653 -0.50092741 -0.65205925
1779472236.35597467 0.46924159 1.81199763 -0.93782513 -0.40435432 0.40072038 -0.50081929 -0.65199754
1779472236.38931632 0.47507720 1.80684654 -0.94189399 -0.40342972 0.40195151 -0.50078725 -0.65183708
1779472236.42265677 0.48564287 1.80603470 -0.95216275 -0.40187415 0.40307175 -0.50117406 -0.65180895
1779472236.45599866 0.48688451 1.80108935 -0.95977241 -0.40077296 0.40341045 -0.50179610 -0.65179883
1779472236.48934031 0.49040848 1.79956222 -0.96202574 -0.40059355 0.40478641 -0.50176125 -0.65108250
1779472236.52268195 0.49379980 1.80032515 -0.96067632 -0.40171426 0.40649505 -0.50065856 -0.65017569
1779472236.55602360 0.49495101 1.79974296 -0.96513042 -0.40251966 0.40711158 -0.49953405 -0.65015676
1779472236.58936524 0.49572157 1.79865427 -0.97125942 -0.40293795 0.40674644 -0.49886130 -0.65064256
1779472236.62270737 0.49733700 1.79995483 -0.98061846 -0.40341736 0.40676018 -0.49824273 -0.65081086
1779472236.65604877 0.49873928 1.79911672 -0.98352615 -0.40393331 0.40771168 -0.49749647 -0.65046624
1779472236.68939042 0.49814876 1.79917534 -0.98564118 -0.40500342 0.40896550 -0.49658233 -0.64971181
1779472236.72273207 0.49554075 1.79885118 -0.98556678 -0.40593917 0.41012534 -0.49578597 -0.64900452
1779472236.75607395 0.49254420 1.79779845 -0.98813723 -0.40703433 0.41103817 -0.49510244 -0.64826249
1779472236.78941584 0.48932500 1.79660134 -0.99231438 -0.40815996 0.41153736 -0.49406492 -0.64802955
1779472236.82275724 0.47955607 1.79699804 -1.00081347 -0.41011521 0.41034795 -0.49315978 -0.64823878
1779472236.85609889 0.47044283 1.79364960 -1.00841468 -0.41190385 0.40846364 -0.49209772 -0.64910131
1779472236.88943958 0.45585166 1.80243318 -1.01799775 -0.41490425 0.40667334 -0.49040957 -0.64959196
1779472236.92278147 0.44137473 1.80257956 -1.03066730 -0.41677781 0.40396829 -0.48896759 -0.65116555
1779472236.95612335 0.43256194 1.79673541 -1.05043519 -0.41656415 0.40115286 -0.48816532 -0.65364005
1779472236.98946500 0.42318467 1.78867923 -1.07135997 -0.41550228 0.39803567 -0.48782466 -0.65646978
1779472237.02280664 0.41374928 1.78103098 -1.08937520 -0.41453229 0.39559718 -0.48724049 -0.65898601
1779472237.05614853 0.40789993 1.77181005 -1.10434295 -0.41348015 0.39414064 -0.48649786 -0.66106516
1779472237.08949018 0.40142850 1.76587453 -1.10962584 -0.41314206 0.39318846 -0.48559151 -0.66250838
1779472237.12283230 0.39232415 1.76585022 -1.11620368 -0.41417318 0.39236861 -0.48416911 -0.66339108
1779472237.15617394 0.38205895 1.76534406 -1.12561114 -0.41539272 0.39113655 -0.48260899 -0.66449202
1779472237.18951559 0.37330267 1.76243305 -1.13562271 -0.41615309 0.38982236 -0.48074113 -0.66614045
1779472237.22285748 0.36937562 1.75904105 -1.14389011 -0.41613952 0.38950598 -0.47867099 -0.66782264
1779472237.25619960 0.36394488 1.75604871 -1.15268217 -0.41628981 0.38938743 -0.47686565 -0.66908847
1779472237.28954124 0.34850898 1.75246487 -1.16134755 -0.41679614 0.38890060 -0.47511993 -0.67029721
1779472237.32288218 0.34304248 1.75135645 -1.16638081 -0.41759234 0.38923639 -0.47407426 -0.67034712
1779472237.35622382 0.33467870 1.75105335 -1.17069868 -0.41865883 0.38934752 -0.47298422 -0.67038737
1779472237.38956571 0.32658952 1.75101593 -1.17421961 -0.41999308 0.38923806 -0.47168644 -0.67053072
1779472237.42290807 0.31636353 1.75153745 -1.17672382 -0.42172021 0.38874550 -0.46979553 -0.67105973
1779472237.45624971 0.30595089 1.75104224 -1.18076652 -0.42359748 0.38789779 -0.46781410 -0.67175177
1779472237.48959136 0.28675133 1.75447690 -1.18150124 -0.42585620 0.38680252 -0.46554438 -0.67253159
1779472237.52293324 0.27760918 1.75488991 -1.18777516 -0.42767109 0.38565298 -0.46389115 -0.67318216
1779472237.55627537 0.26841900 1.75324351 -1.19299613 -0.42907841 0.38455961 -0.46200035 -0.67421162
1779472237.58961725 0.25878328 1.75424182 -1.19606516 -0.43106055 0.38365009 -0.46007477 -0.67478190
1779472237.62295890 0.25125670 1.75850336 -1.19514989 -0.43365634 0.38390618 -0.45767321 -0.67460615
1779472237.65630126 0.24573072 1.76820739 -1.18924030 -0.43695620 0.38554926 -0.45499174 -0.67335248
1779472237.68964314 0.22074898 1.78264756 -1.17543538 -0.44131507 0.38701234 -0.45155893 -0.67197990
1779472237.72298455 0.22246414 1.79020888 -1.16928829 -0.44352168 0.38929523 -0.44944501 -0.67062428
1779472237.75632572 0.22606347 1.79197154 -1.16921260 -0.44362054 0.39126986 -0.44767282 -0.67059508
1779472237.78966737 0.22852536 1.79022916 -1.17274243 -0.44328487 0.39207346 -0.44653731 -0.67110458
1779472237.82300973 0.22964758 1.78845342 -1.17658018 -0.44315466 0.39269613 -0.44544564 -0.67155184
1779472237.85635161 0.23479767 1.78768285 -1.17757870 -0.44312048 0.39410160 -0.44384566 -0.67181039
1779472237.88969326 0.24267518 1.79074485 -1.17447852 -0.44357227 0.39704239 -0.44179612 -0.67113126
1779472237.92303562 0.24649072 1.79850580 -1.16640820 -0.44484543 0.40101676 -0.43887817 -0.66983883
1779472237.95637774 0.25927752 1.80409403 -1.15608990 -0.44576218 0.40559163 -0.43643208 -0.66807077
1779472237.98971915 0.26800412 1.80817032 -1.15075945 -0.44652454 0.40864343 -0.43514439 -0.66654014
1779472238.02306128 0.27021320 1.80987736 -1.15030522 -0.44738500 0.40950438 -0.43502938 -0.66550903
1779472238.05640364 0.27041229 1.80814772 -1.15629692 -0.44747738 0.40898576 -0.43536308 -0.66554761
1779472238.08974504 0.26377271 1.79842037 -1.17382992 -0.44704696 0.40738891 -0.43501638 -0.66704126
1779472238.12308669 0.26565231 1.79824606 -1.17758217 -0.44712528 0.40583138 -0.43562424 -0.66754131
1779472238.15642858 0.26540972 1.79513822 -1.18388450 -0.44716240 0.40477779 -0.43593432 -0.66795360
1779472238.18976998 0.26978450 1.79320960 -1.18556190 -0.44731153 0.40531708 -0.43571882 -0.66766726
1779472238.22311091 0.27720412 1.79497615 -1.18419411 -0.44776661 0.40691315 -0.43570942 -0.66639632
1779472238.25645256 0.28439072 1.79517988 -1.18486473 -0.44779686 0.40794201 -0.43581328 -0.66567866
1779472238.28979445 0.28961269 1.79037358 -1.19282915 -0.44671258 0.40741828 -0.43663153 -0.66619150
1779472238.32313609 0.29066597 1.78475625 -1.20759887 -0.44601582 0.40622182 -0.43658884 -0.66741585
1779472238.35647750 0.29257009 1.78106130 -1.21441117 -0.44595652 0.40511028 -0.43573159 -0.66869009
1779472238.38981938 0.29347529 1.77794563 -1.22225603 -0.44629120 0.40337346 -0.43467261 -0.67020425
1779472238.42316127 0.29060573 1.77349662 -1.23472627 -0.44656578 0.40019060 -0.43371192 -0.67254774
1779472238.45650315 0.29003886 1.76555556 -1.25023249 -0.44608268 0.39674711 -0.43246964 -0.67570111
1779472238.48984456 0.29060773 1.75673385 -1.26639513 -0.44532878 0.39337989 -0.43086060 -0.67918604
1779472238.52318621 0.29298527 1.74976075 -1.28181654 -0.44556271 0.39023189 -0.42932428 -0.68181640
1779472238.55652833 0.28828917 1.74793401 -1.29000134 -0.44689677 0.38735466 -0.42680399 -0.68416226
1779472238.58987021 0.28497758 1.74568929 -1.29857080 -0.44841082 0.38457943 -0.42455804 -0.68613182
1779472238.62321162 0.28148574 1.74150168 -1.30960146 -0.44958015 0.38138191 -0.42259891 -0.68835724
1779472238.65655231 0.27539203 1.73504065 -1.32260410 -0.45053354 0.37759322 -0.42062519 -0.69102630
1779472238.68989396 0.26741273 1.72965591 -1.33455749 -0.45197203 0.37372560 -0.41857945 -0.69342750
1779472238.72323585 0.27042222 1.72717818 -1.34020055 -0.45340686 0.37122911 -0.41613762 -0.69529896
1779472238.75657797 0.26686298 1.72554402 -1.34453706 -0.45527640 0.36903813 -0.41297325 -0.69712793
1779472238.78991961 0.26216869 1.72419193 -1.34755998 -0.45743782 0.36695211 -0.40963908 -0.69877937
1779472238.82326126 0.25531500 1.72098563 -1.35397655 -0.45946531 0.36430971 -0.40630177 -0.70077738
1779472238.85660315 0.25153379 1.71784323 -1.35939081 -0.46124012 0.36198006 -0.40273063 -0.70287696
1779472238.88994503 0.24626265 1.71793371 -1.36151839 -0.46384921 0.35988564 -0.39858560 -0.70459616
1779472238.92328691 0.25560294 1.72175529 -1.35651577 -0.46690486 0.35877857 -0.39433268 -0.70553493
1779472238.95662832 0.23675204 1.72920955 -1.35932802 -0.47154065 0.35602049 -0.38852348 -0.70707024
1779472238.98997021 0.22604095 1.73441409 -1.36071881 -0.47542220 0.35330622 -0.38303042 -0.70882730
1779472239.02331233 0.21241930 1.73304169 -1.36498028 -0.47850427 0.34977821 -0.37744795 -0.71149274
1779472239.05665398 0.20408199 1.73197342 -1.37170006 -0.48060809 0.34687374 -0.37192776 -0.71439780
1779472239.09002566 0.20077918 1.73102985 -1.37699233 -0.48194709 0.34513847 -0.36655668 -0.71710713
1779472239.12344432 0.20031071 1.73174782 -1.38041797 -0.48344923 0.34417512 -0.36139275 -0.71917703
1779472239.15686393 0.20803027 1.73573417 -1.37979456 -0.48531524 0.34437354 -0.35665025 -0.72019204
1779472239.19028425 0.20721313 1.73615000 -1.37818162 -0.48724828 0.34370062 -0.35195257 -0.72151811
1779472239.22370434 0.19804011 1.73968672 -1.37970820 -0.48961050 0.34205159 -0.34814922 -0.72254715
1779472239.25712538 0.18840394 1.74077280 -1.38392522 -0.49158837 0.33991827 -0.34496227 -0.72373854
1779472239.29054713 0.17843291 1.74141126 -1.38907190 -0.49305595 0.33807707 -0.34197971 -0.72501697
1779472239.32396889 0.17075441 1.73940347 -1.39493114 -0.49413863 0.33639347 -0.33912420 -0.72640293
1779472239.35739183 0.17041122 1.73998405 -1.40227757 -0.49537708 0.33515968 -0.33661575 -0.72729593
1779472239.39081454 0.16339776 1.74038991 -1.40847443 -0.49669664 0.33364932 -0.33384108 -0.72836853
1779472239.42423820 0.15623116 1.73999032 -1.41355325 -0.49769296 0.33225827 -0.33121031 -0.72952443
1779472239.45766234 0.14519640 1.74058042 -1.41940245 -0.49903503 0.33030594 -0.32888885 -0.73054373
1779472239.49108672 0.13080596 1.74109597 -1.42650598 -0.50053382 0.32770059 -0.32671103 -0.73166804
1779472239.52451158 0.11335505 1.74351151 -1.43652987 -0.50193107 0.32473066 -0.32443018 -0.73304861
1779472239.55793595 0.09519039 1.74286360 -1.44454666 -0.50332540 0.32135230 -0.32200454 -0.73464911
1779472239.59136224 0.08149259 1.73724004 -1.45374372 -0.50423324 0.31877494 -0.31952520 -0.73623028
1779472239.62478852 0.07254832 1.73686024 -1.46139741 -0.50501977 0.31740740 -0.31626910 -0.73768654
1779472239.65821552 0.06737262 1.73891134 -1.46667679 -0.50588998 0.31693646 -0.31273958 -0.73879670
1779472239.69164300 0.06164239 1.73972817 -1.47178414 -0.50658255 0.31660606 -0.30930210 -0.73991008
1779472239.72507095 0.06039410 1.74376637 -1.47805291 -0.50707772 0.31646684 -0.30673155 -0.74070013
1779472239.75849962 0.05081079 1.74793707 -1.48253019 -0.50758366 0.31573949 -0.30376196 -0.74188683
1779472239.79192901 0.04340885 1.74502963 -1.49291309 -0.50727770 0.31464525 -0.30238042 -0.74312434
1779472239.82535815 0.03522960 1.74177870 -1.50273143 -0.50687834 0.31385185 -0.30103243 -0.74427874
1779472239.85878825 0.02903913 1.73812044 -1.51280218 -0.50621919 0.31363320 -0.30000396 -0.74523417
1779472239.89221883 0.02348618 1.73526396 -1.52093200 -0.50579012 0.31362692 -0.29920777 -0.74584799
1779472239.92564988 0.01619726 1.73169191 -1.52864841 -0.50570664 0.31346429 -0.29816780 -0.74638923
1779472239.95908141 0.00623123 1.72820658 -1.53600287 -0.50582581 0.31262840 -0.29689519 -0.74716597
1779472239.99251223 -0.00348637 1.72618837 -1.54319384 -0.50602814 0.31172342 -0.29523633 -0.74806386
1779472240.02594471 -0.00985700 1.72611144 -1.54498008 -0.50622536 0.31111042 -0.29331424 -0.74894122
1779472240.05937767 -0.01677331 1.72750394 -1.54873377 -0.50702138 0.31088186 -0.29112903 -0.74935017
1779472240.09277034 -0.02526071 1.73049422 -1.54992858 -0.50808431 0.31058076 -0.28924720 -0.74948381
1779472240.12610483 -0.03077585 1.73196817 -1.55245383 -0.50849397 0.31077258 -0.28749092 -0.74980215
1779472240.15943956 -0.03666510 1.73282708 -1.55729271 -0.50859518 0.31073111 -0.28596439 -0.75033425
1779472240.19277358 -0.04198742 1.73083773 -1.56313985 -0.50827203 0.31061559 -0.28439991 -0.75119517
1779472240.22610784 -0.04865914 1.72720198 -1.57001388 -0.50766384 0.31018418 -0.28301237 -0.75230792
1779472240.25944209 -0.05355723 1.71791789 -1.58897903 -0.50661955 0.31011461 -0.28184779 -0.75347686
1779472240.29277611 -0.06212072 1.71052588 -1.59095499 -0.50581626 0.30946959 -0.28050987 -0.75477990
1779472240.32611012 -0.06789991 1.70974385 -1.59226178 -0.50619736 0.30932655 -0.27919591 -0.75507017
1779472240.35944414 -0.07115270 1.71032787 -1.59539447 -0.50670029 0.30937517 -0.27829518 -0.75504544
1779472240.39277816 -0.07399764 1.70988649 -1.59901906 -0.50672604 0.30944515 -0.27764034 -0.75524053
1779472240.42611051 -0.07693697 1.70621132 -1.60414978 -0.50637886 0.30896342 -0.27708881 -0.75587290
1779472240.45944452 -0.08207988 1.70654010 -1.60736142 -0.50629819 0.30823895 -0.27594276 -0.75664158
1779472240.49277830 -0.08427198 1.70726129 -1.61062976 -0.50632027 0.30808096 -0.27426673 -0.75730025
1779472240.52611184 -0.09467433 1.70757978 -1.60983654 -0.50693098 0.30765554 -0.27161101 -0.75802144
1779472240.55944562 -0.09800596 1.70849831 -1.60806780 -0.50824487 0.30746053 -0.26959480 -0.75794051
1779472240.59277940 -0.10439435 1.71796553 -1.60264421 -0.51064861 0.30681131 -0.26752539 -0.75732093
1779472240.62611270 -0.11388010 1.72392068 -1.59795887 -0.51327878 0.30525683 -0.26594869 -0.75672614
1779472240.65944624 -0.12832775 1.72709013 -1.59552234 -0.51575028 0.30248300 -0.26391577 -0.75687129
1779472240.69277930 -0.14616783 1.72791697 -1.59626828 -0.51792702 0.29805418 -0.26118986 -0.75808651
1779472240.72611260 -0.17255181 1.73433434 -1.60109052 -0.52074720 0.29132592 -0.25615669 -0.76048360
1779472240.75944614 -0.20628618 1.73110399 -1.59818237 -0.52374023 0.28243485 -0.24882773 -0.76420644
1779472240.79277921 -0.24339446 1.73112287 -1.59385360 -0.52708491 0.27266407 -0.23837017 -0.76877530
1779472240.82611227 -0.28085343 1.73577853 -1.58487013 -0.53102320 0.26251381 -0.22563684 -0.77342671
1779472240.85944533 -0.31861716 1.74574517 -1.56851967 -0.53612185 0.25159434 -0.21131776 -0.77757215
1779472240.89277768 -0.35581157 1.75930140 -1.54731162 -0.54165595 0.24029267 -0.19575426 -0.78137605
1779472240.92611003 -0.39354764 1.77088659 -1.52761417 -0.54650246 0.22850686 -0.18021171 -0.78526646
1779472240.95944333 -0.43831936 1.79126108 -1.50564885 -0.55121173 0.21579881 -0.16498161 -0.78890910
1779472240.99277616 -0.47226726 1.79607272 -1.48688071 -0.55424069 0.20392693 -0.15021090 -0.79288571
1779472241.02610874 -0.50344847 1.80252534 -1.46861693 -0.55688664 0.19265726 -0.13602080 -0.79640366
1779472241.05944133 -0.52825972 1.81079667 -1.45012889 -0.55941302 0.18285666 -0.12253920 -0.79912744
1779472241.09277487 -0.54662617 1.81660077 -1.43454552 -0.56099916 0.17438066 -0.11076148 -0.80162536
1779472241.12610936 -0.56145891 1.82084509 -1.42484878 -0.56162026 0.16700604 -0.09984563 -0.80419059
1779472241.15944386 -0.57616435 1.82732721 -1.40377796 -0.56260822 0.15887222 -0.08951422 -0.80636146
1779472241.19277811 -0.59172492 1.82957167 -1.39192047 -0.56378067 0.15101888 -0.07987555 -0.80806222
1779472241.22611213 -0.60621205 1.83516388 -1.37702277 -0.56522157 0.14347626 -0.06972936 -0.80936825
1779472241.25944638 -0.62115649 1.84433039 -1.35576241 -0.56788611 0.13569311 -0.05959494 -0.80965498
1779472241.29278040 -0.63550290 1.85274330 -1.33324592 -0.57054403 0.12784044 -0.04988271 -0.80972097
1779472241.32611346 -0.64916386 1.86034110 -1.31422880 -0.57267325 0.12020267 -0.04052912 -0.80990991
1779472241.35944748 -0.65843920 1.86860728 -1.28575897 -0.57452264 0.11214539 -0.03126319 -0.81016650
1779472241.39278150 -0.67082142 1.87708284 -1.26924938 -0.57566586 0.10481561 -0.02211733 -0.81063761
1779472241.42611527 -0.68089769 1.88236632 -1.25388935 -0.57612863 0.09773689 -0.01281904 -0.81139323
1779472241.45944905 -0.68999699 1.88519190 -1.23923969 -0.57622324 0.09078728 -0.00364077 -0.81222607
1779472241.49278235 -0.69723594 1.88826775 -1.22578698 -0.57602223 0.08427250 0.00491586 -0.81306357
1779472241.52611613 -0.69451317 1.89485538 -1.21397761 -0.57552396 0.07877401 0.01239450 -0.81388771
1779472241.55944991 -0.68701273 1.88782731 -1.21384548 -0.57366550 0.07430415 0.01888507 -0.81549380
1779472241.59278345 -0.68937126 1.88662329 -1.20918702 -0.57224850 0.06980495 0.02520674 -0.81671509
1779472241.62611699 -0.69029224 1.88507297 -1.20724730 -0.57096850 0.06627533 0.03049741 -0.81772395
1779472241.65945077 -0.68777657 1.88360057 -1.20770808 -0.56959715 0.06376183 0.03525976 -0.81868813
1779472241.69278383 -0.68671709 1.88114353 -1.20790562 -0.56822229 0.06114456 0.03925094 -0.81966099
1779472241.72611690 -0.67585293 1.88128958 -1.20777549 -0.56716582 0.05910631 0.04214518 -0.82039817
1779472241.75944948 -0.67664702 1.87789168 -1.20670926 -0.56651768 0.05662352 0.04450419 -0.82089639
1779472241.79278278 -0.67419829 1.87570242 -1.20486367 -0.56605444 0.05482426 0.04690151 -0.82120456
1779472241.82611561 -0.67231234 1.87443535 -1.20278392 -0.56600625 0.05303201 0.04924194 -0.82121846
1779472241.85944867 -0.66942948 1.87456393 -1.20017206 -0.56638973 0.05176399 0.05132068 -0.82090764
1779472241.89278197 -0.66383905 1.87634043 -1.19492766 -0.56700366 0.05035545 0.05336466 -0.82044097
1779472241.92611504 -0.65606411 1.87729576 -1.19539953 -0.56817191 0.04920863 0.05484468 -0.81960432
1779472241.95944762 -0.65509816 1.88026664 -1.18941248 -0.56933995 0.04760603 0.05689634 -0.81874813
1779472241.99278045 -0.65395475 1.88568258 -1.18133998 -0.57114051 0.04619783 0.05943880 -0.81739300
1779472242.02611303 -0.65120670 1.89294289 -1.17200230 -0.57315546 0.04513690 0.06260544 -0.81580392
1779472242.05944586 -0.64766825 1.89921263 -1.16276228 -0.57484597 0.04402630 0.06608365 -0.81439962
1779472242.09277964 -0.64559057 1.90319230 -1.15675737 -0.57592596 0.04314062 0.06987337 -0.81336701
1779472242.12611365 -0.64426656 1.90768762 -1.14978433 -0.57693520 0.04168893 0.07368459 -0.81239054
1779472242.15944767 -0.60505517 1.90731570 -1.15212003 -0.57795795 0.04194673 0.07551871 -0.81148137
1779472242.19278169 -0.59893964 1.91333961 -1.14634823 -0.57901723 0.04056706 0.07992241 -0.81037384
1779472242.22611499 -0.59453365 1.92095367 -1.13746643 -0.58057366 0.03903343 0.08464899 -0.80885423
1779472242.25944901 -0.59250152 1.92897898 -1.13045787 -0.58184936 0.03706561 0.08907384 -0.80755391
1779472242.29278278 -0.59304976 1.93894221 -1.12500094 -0.58261305 0.03498464 0.09342577 -0.80660383
1779472242.32611656 -0.59201101 1.92934727 -1.12401669 -0.58153833 0.03395241 0.09767783 -0.80691972
1779472242.35945034 -0.57530754 1.92463730 -1.13040096 -0.58125537 0.03452974 0.10003790 -0.80680996
1779472242.39278364 -0.57024558 1.92859082 -1.13025689 -0.58170070 0.03466332 0.10212855 -0.80622113
1779472242.42611742 -0.56748139 1.92814444 -1.13404849 -0.58218122 0.03529591 0.10177686 -0.80589124
1779472242.45945096 -0.56709154 1.92672086 -1.13924982 -0.58307504 0.03608109 0.09928874 -0.80552057
1779472242.49278450 -0.56873454 1.92429512 -1.14446322 -0.58412329 0.03659886 0.09577622 -0.80516298
1779472242.52611804 -0.57399642 1.91208586 -1.15341591 -0.58426028 0.03695469 0.09313106 -0.80535761
1779472242.55945134 -0.55800431 1.91123846 -1.15859379 -0.58537045 0.03823176 0.09035291 -0.80480813
1779472242.59278464 -0.55908530 1.91093281 -1.16019399 -0.58609239 0.03781278 0.08953278 -0.80439405
1779472242.62611794 -0.56253027 1.91058556 -1.16142184 -0.58691807 0.03642435 0.08929907 -0.80388191
1779472242.65945029 -0.56587494 1.90994485 -1.16346725 -0.58741072 0.03430318 0.08982928 -0.80355624
1779472242.69278312 -0.57117776 1.90913790 -1.16428596 -0.58738299 0.03197146 0.09138686 -0.80349704
1779472242.72611618 -0.58035809 1.89153221 -1.17502834 -0.58595927 0.02964379 0.09357676 -0.80437327
1779472242.75944948 -0.57544247 1.88852697 -1.18354293 -0.58603256 0.02815001 0.09562839 -0.80413222
1779472242.79278255 -0.57605362 1.89011447 -1.18596842 -0.58603293 0.02626609 0.09855962 -0.80384171
1779472242.82611489 -0.57517369 1.88966646 -1.19043317 -0.58580103 0.02465352 0.10170140 -0.80367045
1779472242.85944796 -0.57311088 1.89291640 -1.19170284 -0.58606714 0.02289395 0.10521275 -0.80307625
1779472242.89278054 -0.57119742 1.89484595 -1.19571334 -0.58599927 0.02103680 0.10906256 -0.80266286
1779472242.92611337 -0.58026962 1.88015845 -1.20558594 -0.58432997 0.01863111 0.11418969 -0.80322605
1779472242.95944595 -0.57719144 1.87907166 -1.21213696 -0.58341731 0.01646829 0.11918420 -0.80321116
1779472242.99277830 -0.57515613 1.87930515 -1.21659791 -0.58181218 0.01454784 0.12545272 -0.80345788
1779472243.02611113 -0.56904335 1.87870143 -1.22538472 -0.57990487 0.01349774 0.13143887 -0.80389799
1779472243.05944347 -0.56216846 1.87837037 -1.23425431 -0.57828719 0.01272199 0.13681336 -0.80417920
1779472243.09277606 -0.55542898 1.87824491 -1.24527429 -0.57703552 0.01244198 0.14044696 -0.80445625
1779472243.12611008 -0.54702316 1.87781814 -1.25781867 -0.57610324 0.01295271 0.14275202 -0.80471060
1779472243.15944409 -0.54881012 1.85256403 -1.28724144 -0.57315367 0.01365572 0.14416884 -0.80655052
1779472243.19277811 -0.53598306 1.84075983 -1.30989404 -0.57150402 0.01513525 0.14470135 -0.80759866
1779472243.22611213 -0.53169824 1.83670089 -1.32528796 -0.57071194 0.01561768 0.14488794 -0.80811599
1779472243.25944614 -0.52988346 1.83395654 -1.33677277 -0.57056790 0.01515841 0.14534162 -0.80814498
1779472243.29277992 -0.53362538 1.83139169 -1.34216753 -0.57112432 0.01301131 0.14566427 -0.80773117
1779472243.32611346 -0.53913417 1.82831725 -1.34651930 -0.57146526 0.01010862 0.14673214 -0.80733819
1779472243.35944724 -0.55564588 1.81617057 -1.34799843 -0.57083775 0.00581823 0.14923682 -0.80736534
1779472243.39278102 -0.54640220 1.81512900 -1.35270109 -0.57180417 0.00320690 0.15176242 -0.80622446
1779472243.42611432 -0.55510965 1.82205687 -1.34679321 -0.57383034 -0.00178261 0.15576523 -0.80402286
1779472243.45944786 -0.57025690 1.83762836 -1.33388233 -0.57650742 -0.00828542 0.16051430 -0.80112777
1779472243.49278092 -0.58095350 1.84764554 -1.32568394 -0.57831839 -0.01426330 0.16561590 -0.79869630
1779472243.52611470 -0.58850031 1.86063471 -1.31954582 -0.57957868 -0.01936646 0.17094396 -0.79654985
1779472243.55944681 -0.58560165 1.84687116 -1.32570264 0.57824926 0.02248421 -0.17635587 0.79625427
1779472243.59278011 -0.58523688 1.84503292 -1.33209672 0.57706829 0.02530386 -0.18124451 0.79592859
1779472243.62611318 -0.58265556 1.84218563 -1.34178189 0.57555690 0.02708150 -0.18550445 0.79598300
1779472243.65944648 -0.58017382 1.83926019 -1.34921747 0.57454928 0.02871006 -0.18911460 0.79580433
1779472243.69277930 -0.57560207 1.83849932 -1.35405501 0.57447806 0.03023035 -0.19223926 0.79505041
1779472243.72611213 -0.56839952 1.83525740 -1.35781249 0.57496912 0.03165505 -0.19464891 0.79405307
1779472243.75944519 -0.56630594 1.83764245 -1.35781563 0.57638181 0.03409684 -0.19660555 0.79244411
1779472243.79277778 -0.56233901 1.84239552 -1.35468557 0.57825322 0.03656007 -0.19852885 0.79048901
1779472243.82611084 -0.55991823 1.84499749 -1.35289759 0.57975709 0.03943169 -0.20005133 0.78886394
1779472243.85944366 -0.55842344 1.84451782 -1.35683315 0.57971036 0.04223284 -0.20153465 0.78837559
1779472243.89277577 -0.55630229 1.83053421 -1.36863403 0.57756340 0.04360531 -0.20305999 0.78948448
1779472243.92610884 -0.54734070 1.82249540 -1.38065913 0.57509330 0.04449918 -0.20447411 0.79087158
1779472243.95944095 -0.54152465 1.81146689 -1.39476448 0.57230618 0.04555670 -0.20621231 0.79238041
1779472243.99277282 -0.53599426 1.80263206 -1.40567496 0.57017749 0.04691972 -0.20808777 0.79334459
1779472244.02610469 -0.53112352 1.80066716 -1.41600292 0.56877659 0.04835792 -0.20978027 0.79381795
1779472244.05943751 -0.52074910 1.79304136 -1.42877958 0.56697519 0.04853167 -0.21167019 0.79459394
1779472244.09277010 -0.50605050 1.78011036 -1.44449855 0.56522539 0.04745263 -0.21340342 0.79544169
1779472244.12610412 -0.49423327 1.77200996 -1.45664370 0.56413233 0.04727924 -0.21410776 0.79603848
1779472244.15943766 -0.48519088 1.76812262 -1.46664207 0.56347308 0.04732568 -0.21482287 0.79630993
1779472244.19277143 -0.47939392 1.76232902 -1.47719337 0.56225730 0.04771680 -0.21532092 0.79701113
1779472244.22610521 -0.47311093 1.75568278 -1.48676532 0.56099504 0.04820050 -0.21587574 0.79772109
1779472244.25943899 -0.46688001 1.75101137 -1.49643787 0.56009724 0.04847221 -0.21649337 0.79816799
1779472244.29277277 -0.44337612 1.73268204 -1.50814510 0.55883478 0.04700391 -0.21681960 0.79905168
1779472244.32610631 -0.44261466 1.73096207 -1.51560650 0.55819203 0.04728909 -0.21767198 0.79925235
1779472244.35943913 -0.43202302 1.72456601 -1.52711159 0.55738596 0.04603558 -0.21820458 0.79974270
1779472244.39277267 -0.42213853 1.71968801 -1.53837606 0.55700731 0.04470845 -0.21776157 0.80020242
1779472244.42610526 -0.41157398 1.71989543 -1.54449814 0.55806730 0.04329876 -0.21660430 0.79985541
1779472244.45943809 -0.38744493 1.71235282 -1.54708568 0.55980144 0.04185700 -0.21476326 0.79921654
1779472244.49277115 -0.38049581 1.71280034 -1.54601179 0.56213775 0.04242787 -0.21394408 0.79776497
1779472244.52610445 -0.38682140 1.71675517 -1.54479288 0.56343998 0.04461072 -0.21384635 0.79675279
1779472244.55943751 -0.38605648 1.71365368 -1.55096326 0.56288675 0.04548432 -0.21469731 0.79686558
1779472244.59277034 -0.38412800 1.70872947 -1.55932665 0.56192777 0.04589991 -0.21528934 0.79735869
1779472244.62610316 -0.37952685 1.70532068 -1.56728928 0.56143055 0.04561248 -0.21595631 0.79754506
1779472244.65943623 -0.36771655 1.68905652 -1.58121491 0.56018708 0.04491248 -0.21622631 0.79838555
1779472244.69276881 -0.37226778 1.68937402 -1.58683566 0.55985159 0.04599255 -0.21677385 0.79841091
1779472244.72610164 -0.37547333 1.68791292 -1.59341990 0.55945957 0.04715256 -0.21732192 0.79846904
1779472244.75943398 -0.37934784 1.68409957 -1.60003868 0.55873274 0.04866971 -0.21841101 0.79858977
1779472244.79276657 -0.38529879 1.68070712 -1.60862742 0.55788287 0.05027427 -0.21976477 0.79871312
1779472244.82609940 -0.37978739 1.65980067 -1.62242015 0.55613049 0.05099432 -0.22127270 0.79947286
1779472244.85943151 -0.38383440 1.65622049 -1.62968021 0.55557029 0.05237554 -0.22345632 0.79916564
1779472244.89276290 -0.38816579 1.65421799 -1.63574559 0.55521968 0.05378625 -0.22593160 0.79861947
1779472244.92609549 -0.39234672 1.65320010 -1.64181861 0.55457836 0.05527184 -0.22904120 0.79807769
1779472244.95942736 -0.39905647 1.65029515 -1.64901428 0.55343192 0.05703480 -0.23252708 0.79774137
1779472244.99275970 -0.40338955 1.64108651 -1.65766083 0.55219867 0.05858552 -0.23609498 0.79743559
1779472245.02609158 -0.41100444 1.63645723 -1.66225865 0.55115529 0.06089843 -0.23968772 0.79691218
1779472245.05942392 -0.41736005 1.63155868 -1.67311250 0.54943123 0.06238152 -0.24370519 0.79676951
1779472245.09275627 -0.41885409 1.62361553 -1.68679157 0.54729795 0.06257878 -0.24743695 0.79707202
1779472245.12609029 -0.41961445 1.61689782 -1.69855591 0.54581909 0.06247261 -0.25055718 0.79711969
1779472245.15942430 -0.41988804 1.61247548 -1.70823769 0.54508711 0.06239703 -0.25294805 0.79687134
1779472245.19275808 -0.42633324 1.60626759 -1.71453996 0.54404788 0.06311015 -0.25512219 0.79683228
1779472245.22609186 -0.42463625 1.60430542 -1.72340653 0.54409902 0.06343665 -0.25573541 0.79657482
1779472245.25942564 -0.42998477 1.60196357 -1.73115601 0.54379710 0.06462241 -0.25649754 0.79644063
1779472245.29275918 -0.43559033 1.59887436 -1.73959944 0.54329557 0.06592448 -0.25738242 0.79639072
1779472245.32609153 -0.44501412 1.59427088 -1.74826229 0.54253341 0.06735475 -0.25807926 0.79656509
1779472245.35942507 -0.44964792 1.59047147 -1.75771997 0.54191015 0.06826767 -0.25919056 0.79655079
1779472245.39275861 -0.45480761 1.57826175 -1.76653782 0.54100952 0.06883949 -0.26078456 0.79659352
1779472245.42609215 -0.45815934 1.58058338 -1.76929753 0.54118823 0.07005379 -0.26199517 0.79596878
1779472245.45942521 -0.46273800 1.57880333 -1.77512357 0.54075151 0.07137950 -0.26355282 0.79563351
1779472245.49275827 -0.47064176 1.57183375 -1.78374045 0.53925077 0.07299661 -0.26570608 0.79578916
1779472245.52609158 -0.48078560 1.56483247 -1.79068914 0.53774741 0.07523955 -0.26798967 0.79583181
1779472245.55942464 -0.48880425 1.56360433 -1.79405660 0.53763473 0.07773412 -0.26965379 0.79510574
1779472245.59275770 -0.49803763 1.57439837 -1.78823079 0.54007381 0.08128291 -0.27113097 0.79259155
1779472245.62609053 -0.51487494 1.58387747 -1.77888839 0.54348370 0.08555144 -0.27199723 0.78950866
1779472245.65942359 -0.51783730 1.60315737 -1.77085597 0.54802149 0.08844996 -0.27199095 0.78604706
1779472245.69275665 -0.52090337 1.61425557 -1.76882274 0.55068675 0.09056130 -0.27220132 0.78386810
1779472245.72608900 -0.52216819 1.61346707 -1.77516059 0.55084185 0.09181702 -0.27248629 0.78351395
1779472245.75942087 -0.52564265 1.61119781 -1.78118934 0.55025638 0.09342021 -0.27294875 0.78357486
1779472245.79275346 -0.53497737 1.60958355 -1.77782272 0.55024280 0.09610485 -0.27415246 0.78283916
1779472245.82608628 -0.53338194 1.60944511 -1.77709485 0.55080881 0.09812648 -0.27562783 0.78167138
1779472245.85941839 -0.54249464 1.61586169 -1.77395596 0.55154698 0.10146461 -0.27785662 0.77993369
1779472245.89275122 -0.54759122 1.62376600 -1.76715764 0.55269530 0.10484143 -0.28091193 0.77757615
1779472245.92608333 -0.54924057 1.63135820 -1.76178763 0.55364375 0.10766931 -0.28449218 0.77520973
1779472245.95941567 -0.55294809 1.63661109 -1.75831040 0.55378672 0.11098016 -0.28839756 0.77319501
1779472245.99274778 -0.55885215 1.63201089 -1.75309300 0.55256048 0.11456116 -0.29249480 0.77201000
1779472246.02608037 -0.56519713 1.63195961 -1.75090438 0.55090214 0.11809259 -0.29804112 0.77054038
1779472246.05941200 -0.57441434 1.63157618 -1.74886968 0.54785689 0.12232100 -0.30664380 0.76867418
1779472246.09274578 -0.57989703 1.63462294 -1.74225474 0.54476979 0.12665877 -0.31845203 0.76535726
1779472246.12607956 -0.58589972 1.64358236 -1.73066754 0.54251257 0.13149206 -0.33079729 0.76089625
1779472246.15941310 -0.59233103 1.65444841 -1.71664913 0.54035148 0.13706603 -0.34198352 0.75649220
1779472246.19274688 -0.60758618 1.65233602 -1.71226816 0.53687890 0.14349552 -0.35224327 0.75305694
1779472246.22607875 -0.62590008 1.65887093 -1.69805628 0.53467996 0.15107225 -0.36066233 0.74914431
1779472246.25941229 -0.63785201 1.66937091 -1.68295107 0.53372640 0.15789391 -0.36783547 0.74491792
1779472246.29274559 -0.64835208 1.67584893 -1.67073292 0.53271817 0.16374475 -0.37383680 0.74138051
1779472246.32607913 -0.64969779 1.67756843 -1.66440944 0.53149605 0.16733360 -0.37915623 0.73875028
1779472246.35941219 -0.64397132 1.67834437 -1.66627814 0.52987334 0.16889270 -0.38563784 0.73620171
1779472246.39274502 -0.63736441 1.67792924 -1.66798233 0.52808583 0.16991004 -0.39161222 0.73409523
1779472246.42607832 -0.63535466 1.67382280 -1.67150668 0.52554920 0.17139651 -0.39714424 0.73259656
1779472246.45941114 -0.63480551 1.67123179 -1.67257079 0.52357679 0.17359198 -0.40187876 0.73090809
1779472246.49274397 -0.63812560 1.67014653 -1.67048846 0.52251242 0.17645509 -0.40581725 0.72880500
1779472246.52607679 -0.61771378 1.68065807 -1.66810499 0.52310940 0.17717812 -0.40980071 0.72596683
1779472246.55940962 -0.60730937 1.68093302 -1.66637041 0.52271829 0.17833289 -0.41363821 0.72378615
1779472246.59274220 -0.60257542 1.68132491 -1.66653452 0.52181479 0.17942480 -0.41792317 0.72170374
1779472246.62607503 -0.59947313 1.68602250 -1.66206213 0.52179024 0.18133510 -0.42224811 0.71872043
1779472246.65940619 -0.59928130 1.68775907 -1.65785301 0.52146153 0.18375806 -0.42644755 0.71585846
1779472246.69273901 -0.60149779 1.69434189 -1.65148766 0.52154333 0.18679883 -0.43028849 0.71270650
1779472246.72607112 -0.59925309 1.70393398 -1.64361195 0.52307242 0.18942322 -0.43300807 0.70923769
1779472246.75940371 -0.57230931 1.71613564 -1.63825229 0.52608510 0.19043676 -0.43508565 0.70545644
1779472246.79273582 -0.56775596 1.72702953 -1.63114144 0.52798456 0.19227327 -0.43687562 0.70242649
1779472246.82606816 -0.56419129 1.73596801 -1.62517572 0.52944725 0.19423227 -0.43854638 0.69974031
1779472246.85940003 -0.56418499 1.74050598 -1.62335704 0.52993048 0.19607144 -0.43998457 0.69795648
1779472246.89273238 -0.56448002 1.73985728 -1.62575972 0.52913730 0.19753365 -0.44206077 0.69683316
1779472246.92606425 -0.56393164 1.73944201 -1.63198009 0.52791074 0.19844048 -0.44454324 0.69592596
1779472246.95939589 -0.55494218 1.72316784 -1.64153972 0.52636874 0.19841596 -0.44650894 0.69584253
1779472246.99272823 -0.55798140 1.71964788 -1.64686459 0.52507800 0.19887137 -0.44887400 0.69516574
1779472247.02605987 -0.56044400 1.71417494 -1.65306542 0.52372616 0.19956519 -0.45071498 0.69479540
1779472247.05939126 -0.56255153 1.71258397 -1.65591804 0.52308496 0.20097205 -0.45253026 0.69369210
1779472247.09272289 -0.56935668 1.71207988 -1.65745017 0.52239037 0.20326200 -0.45403582 0.69256359
1779472247.12605548 -0.57580535 1.71428200 -1.65712195 0.52233562 0.20587931 -0.45544158 0.69090678
1779472247.15938830 -0.57431337 1.71400108 -1.66691721 0.52293062 0.20783114 -0.45698306 0.68885141
1779472247.19272089 -0.56646939 1.71591655 -1.66861693 0.52350977 0.20938999 -0.45833348 0.68703986
1779472247.22605348 -0.57046172 1.71837707 -1.66923253 0.52355689 0.21109777 -0.46022823 0.68521230
1779472247.25938630 -0.57391905 1.71798260 -1.67416607 0.52320937 0.21224720 -0.46256655 0.68354610
1779472247.29271841 -0.57504858 1.71773088 -1.68043203 0.52302610 0.21297133 -0.46507202 0.68175871
1779472247.32605100 -0.57546416 1.71747086 -1.68748663 0.52304127 0.21340742 -0.46715694 0.68018343
1779472247.35938311 -0.57454711 1.71655249 -1.69741496 0.52294486 0.21363120 -0.46939063 0.67864779
1779472247.39271545 -0.57225550 1.71202795 -1.71223341 0.52273439 0.21298039 -0.47192683 0.67725415
1779472247.42604756 -0.55978081 1.71365578 -1.72053993 0.52318954 0.21218815 -0.47439538 0.67542425
1779472247.45937991 -0.54925687 1.71521244 -1.73108697 0.52368466 0.21099834 -0.47670940 0.67378203
1779472247.49271178 -0.54252355 1.71224150 -1.74551359 0.52312716 0.20926674 -0.47977799 0.67257601
1779472247.52604342 -0.53745035 1.70559626 -1.76302041 0.52184881 0.20738815 -0.48293339 0.67189234
1779472247.55937433 -0.53000878 1.70099154 -1.77847933 0.52123130 0.20541686 -0.48574371 0.67095074
1779472247.59270620 -0.52192235 1.69856156 -1.79225692 0.52102592 0.20377113 -0.48809041 0.66990825
1779472247.62603784 -0.53174230 1.68726717 -1.81291393 0.51955997 0.20298896 -0.49067221 0.66939801
1779472247.65936947 -0.51838840 1.67881839 -1.82423164 0.51937630 0.20128408 -0.49263167 0.66861575
1779472247.69270134 -0.52049235 1.67341132 -1.83304457 0.51867323 0.20166390 -0.49422544 0.66787047
1779472247.72603250 -0.52172461 1.67337388 -1.83933382 0.51869846 0.20271238 -0.49550297 0.66658563
1779472247.75936413 -0.52395926 1.67346069 -1.84694499 0.51849515 0.20364059 -0.49689873 0.66542088
1779472247.79269552 -0.53072014 1.67116814 -1.85373525 0.51768117 0.20502590 -0.49852633 0.66441108
1779472247.82602692 -0.53153647 1.67394553 -1.85690597 0.51814856 0.20641712 -0.49982646 0.66263682
1779472247.85935783 -0.53913470 1.68491234 -1.86131765 0.52008089 0.20821054 -0.50137052 0.65938747
1779472247.89268899 -0.52703808 1.69172554 -1.86023090 0.52395412 0.20904815 -0.50057606 0.65665406
1779472247.92601991 -0.51427012 1.71618544 -1.85301702 0.52910365 0.21080792 -0.49947860 0.65278670
1779472247.95935082 -0.51106639 1.73246078 -1.85083260 0.53238834 0.21324102 -0.49805116 0.65041215
1779472247.99268103 -0.51362765 1.73889013 -1.85318416 0.53393189 0.21566667 -0.49629543 0.64968875
1779472248.02601171 -0.51492760 1.74433464 -1.85348779 0.53514354 0.21798168 -0.49595610 0.64817662
1779472248.05934238 -0.51128178 1.75318626 -1.85064303 0.53741348 0.22023479 -0.49563230 0.64578016
1779472248.09267426 -0.50119322 1.76813020 -1.84203360 0.54137591 0.22222658 -0.49456821 0.64259611
1779472248.12600684 -0.51541947 1.78604347 -1.83206193 0.54539479 0.22563092 -0.49314868 0.63909279
1779472248.15933990 -0.50332004 1.80862890 -1.81886346 0.55115857 0.22830626 -0.49038003 0.63531717
1779472248.19267225 -0.49708032 1.83154940 -1.80536721 0.55629006 0.23186836 -0.48725813 0.63194773
1779472248.22600484 -0.48927607 1.85015393 -1.79176631 0.56068420 0.23523624 -0.48425069 0.62912511
1779472248.25933766 -0.47920721 1.86608361 -1.78283179 0.56457093 0.23766072 -0.48123376 0.62704953
1779472248.29267001 -0.47055185 1.87821774 -1.77778182 0.56725952 0.23946945 -0.47929911 0.62541456
1779472248.32600236 -0.48131956 1.88684115 -1.77221900 0.56803706 0.24212446 -0.47909730 0.62383926
1779472248.35933447 -0.47869441 1.87667145 -1.77323664 0.56749433 0.24379113 -0.47878706 0.62392229
1779472248.39266706 -0.48235444 1.87880468 -1.77338801 0.56701862 0.24603129 -0.47860135 0.62361786
1779472248.42599797 -0.48335116 1.88025954 -1.77275947 0.56649685 0.24750412 -0.47912635 0.62310590
1779472248.45932984 -0.47729006 1.88091298 -1.77638053 0.56652510 0.24800206 -0.47940189 0.62267016
1779472248.49266219 -0.47270348 1.88097689 -1.78177501 0.56595243 0.24836463 -0.48044421 0.62224290
1779472248.52599382 -0.46602253 1.87707806 -1.78931474 0.56497482 0.24809419 -0.48198383 0.62204848
1779472248.55932570 -0.45771242 1.86449593 -1.79797728 0.56311472 0.24867725 -0.48369633 0.62217304
1779472248.59265780 -0.45433654 1.85094462 -1.79580938 0.56121672 0.24984703 -0.48567512 0.62187774
1779472248.62598920 -0.45595440 1.84951882 -1.79855912 0.55961652 0.25169615 -0.48813836 0.62064430
1779472248.65932083 -0.46153372 1.84926443 -1.79797438 0.55787772 0.25436316 -0.49068596 0.61911156
1779472248.69265246 -0.46943911 1.84712448 -1.79783612 0.55569554 0.25722232 -0.49338062 0.61774972
1779472248.72598386 -0.48208753 1.84076805 -1.79939855 0.55228722 0.26031561 -0.49725075 0.61640596
1779472248.75931525 -0.49542401 1.83704744 -1.79942848 0.54875651 0.26379878 -0.50175444 0.61442573
1779472248.79264641 -0.51442356 1.83296483 -1.79592716 0.54489212 0.26847530 -0.50616850 0.61221487
1779472248.82597804 -0.52390140 1.82307028 -1.79105269 0.54126369 0.27159808 -0.51141732 0.60968879
1779472248.85930943 -0.53816726 1.82455192 -1.78679143 0.53823674 0.27540103 -0.51612896 0.60668474
1779472248.89263940 -0.54985044 1.82571953 -1.78366342 0.53551227 0.27862004 -0.52063865 0.60376559
1779472248.92597055 -0.56077732 1.82976044 -1.77912929 0.53341344 0.28221795 -0.52423233 0.60083574
1779472248.95930123 -0.57498050 1.83842891 -1.76902712 0.53227436 0.28710765 -0.52665007 0.59740514
1779472248.99263215 -0.58997641 1.85191542 -1.75442300 0.53193670 0.29283173 -0.52867678 0.59312207
1779472249.02596283 -0.60780920 1.86725574 -1.73834592 0.53130863 0.29916054 -0.53106403 0.58837497
1779472249.05929375 -0.61184977 1.86345169 -1.72719344 0.53051211 0.30423798 -0.53357991 0.58419914
1779472249.09262538 -0.63267483 1.87645000 -1.70978703 0.52998073 0.31121726 -0.53508434 0.57961107
1779472249.12595797 -0.65348320 1.88812483 -1.69451684 0.52924831 0.31740594 -0.53618635 0.57589399
1779472249.15929103 -0.67161531 1.89518641 -1.68507579 0.52826593 0.32274266 -0.53710807 0.57296352
1779472249.19262362 -0.69208552 1.90463056 -1.67302312 0.52725046 0.32865386 -0.53765675 0.57001649
1779472249.22595596 -0.71427222 1.91208299 -1.66202947 0.52575070 0.33459329 -0.53877698 0.56687997
1779472249.25928903 -0.73707141 1.91493373 -1.65702766 0.52319930 0.33968742 -0.54104642 0.56404230
1779472249.29262114 -0.74397569 1.90947322 -1.65872896 0.52075004 0.34281968 -0.54412469 0.56144669
1779472249.32595253 -0.75846885 1.91433957 -1.65490372 0.51863529 0.34625726 -0.54730207 0.55819691
1779472249.35928512 -0.77094208 1.92012103 -1.65052909 0.51713859 0.34915974 -0.55073929 0.55438380
1779472249.39261723 -0.78039475 1.92765493 -1.64520523 0.51623371 0.35192018 -0.55418413 0.55003172
1779472249.42594957 -0.78760883 1.93753975 -1.64042535 0.51581735 0.35422191 -0.55783462 0.54523374
1779472249.45928144 -0.79093348 1.94864317 -1.63749449 0.51578936 0.35592046 -0.56139499 0.54047907
1779472249.49261379 -0.79693557 1.95592897 -1.63676214 0.51483295 0.35747600 -0.56557255 0.53599032
1779472249.52594543 -0.79545212 1.95333959 -1.64633911 0.51367038 0.35746399 -0.56982203 0.53260219
1779472249.55927753 -0.80529990 1.95532376 -1.65196115 0.51171358 0.35827237 -0.57409494 0.52934405
1779472249.59260941 -0.80861913 1.95710270 -1.66138500 0.51010146 0.35778331 -0.57867298 0.52623681
1779472249.62594080 -0.80979203 1.95788412 -1.67397329 0.50894564 0.35646831 -0.58300366 0.52346099
1779472249.65927267 -0.80906375 1.95968711 -1.68510684 0.50822758 0.35496537 -0.58708148 0.52061468
1779472249.69260430 -0.80996241 1.95852994 -1.69745712 0.50744770 0.35373260 -0.59013229 0.51876196
1779472249.72593546 -0.81162778 1.95394936 -1.71163391 0.50636318 0.35239386 -0.59286101 0.51762024
1779472249.75926614 -0.82531805 1.94869934 -1.73230672 0.50459569 0.35133474 -0.59576316 0.51673335
1779472249.79259729 -0.80892154 1.93889167 -1.74613112 0.50405056 0.34965736 -0.59685971 0.51713755
1779472249.82592893 -0.81314117 1.93014857 -1.75812923 0.50280098 0.34942257 -0.59833305 0.51681003
1779472249.85926032 -0.82164552 1.93218033 -1.76369203 0.50189035 0.35029815 -0.59961290 0.51561773
1779472249.89259124 -0.83164036 1.93027733 -1.76736241 0.50123487 0.35126802 -0.60049680 0.51456583
1779472249.92592216 -0.83925444 1.92585995 -1.77497518 0.50041046 0.35189426 -0.60145865 0.51381641
1779472249.95925307 -0.84861327 1.91949738 -1.78281131 0.49904686 0.35273421 -0.60243462 0.51342315
1779472249.99258399 -0.86119476 1.91413019 -1.78689113 0.49753997 0.35480656 -0.60329357 0.51244819
1779472250.02591491 -0.87737532 1.92810278 -1.78735960 0.49766497 0.35883092 -0.60391417 0.50878052
1779472250.05924559 -0.89012263 1.94598469 -1.76756231 0.49872864 0.36440967 -0.60373541 0.50396319
1779472250.09257770 -0.89984268 1.96917331 -1.74405046 0.50042949 0.37063501 -0.60335423 0.49816031
1779472250.12591028 -0.91586664 1.98324500 -1.72756655 0.50034505 0.37638732 -0.60328016 0.49400452
1779472250.15924335 -0.92774547 1.98162298 -1.72969624 0.49843420 0.37885659 -0.60447089 0.49259108
1779472250.19257665 -0.93597261 1.97233929 -1.74027292 0.49555456 0.37940531 -0.60647893 0.49260591
1779472250.22590828 -0.94261120 1.96322761 -1.75135386 0.49326545 0.37988306 -0.60776234 0.49295334
1779472250.25924110 -0.95948415 1.97536312 -1.75039389 0.49213970 0.38240936 -0.60836517 0.49137909
1779472250.29257369 -0.95742386 1.97878955 -1.75126865 0.49238436 0.38421821 -0.60836286 0.48972302
1779472250.32590628 -0.96414651 1.98603122 -1.74324882 0.49259742 0.38756372 -0.60830776 0.48693306
1779472250.35923910 -0.97065393 1.99536752 -1.73365785 0.49283339 0.39127020 -0.60829455 0.48373611
1779472250.39257121 -0.97858324 2.00567830 -1.72167054 0.49286764 0.39553795 -0.60834517 0.48015349
1779472250.42590404 -0.98551006 2.01515604 -1.71331560 0.49251017 0.39874312 -0.60923467 0.47672924
1779472250.45923615 -0.98709264 2.01705384 -1.71289883 0.49215858 0.40043752 -0.60992555 0.47478474
1779472250.49256849 -1.00231379 2.02325295 -1.71523628 0.49065500 0.40216638 -0.61054818 0.47407889
1779472250.52590060 -1.00160228 2.01173557 -1.72964960 0.48950932 0.40148046 -0.61114978 0.47506843
1779472250.55923295 -0.99526549 2.00120836 -1.74479199 0.48916696 0.40055405 -0.61084116 0.47659755
1779472250.59256458 -0.99202473 1.98674067 -1.76270500 0.48837904 0.39946713 -0.61056394 0.47866857
1779472250.62589693 -0.98497911 1.97517962 -1.77955649 0.48811124 0.39834057 -0.61005956 0.48052007
1779472250.65922785 -0.97744215 1.96519489 -1.79385880 0.48800996 0.39757031 -0.60939911 0.48209631
1779472250.69255948 -0.97216594 1.95493101 -1.80813258 0.48722462 0.39706798 -0.60909467 0.48368675
1779472250.72589135 -0.98965360 1.93496135 -1.81915716 0.48454051 0.39708715 -0.61004014 0.48517350
1779472250.75922322 -0.98647410 1.94236324 -1.83101263 0.48384300 0.39823950 -0.60892541 0.48632407
1779472250.79255462 -0.98394606 1.93152550 -1.84801997 0.48242332 0.39772128 -0.60903279 0.48802109
1779472250.82588625 -0.97815560 1.92666437 -1.86420307 0.48147899 0.39735296 -0.60867238 0.48970047
1779472250.85921788 -0.97465019 1.91446701 -1.88016585 0.48043137 0.39697122 -0.60785594 0.49204746
1779472250.89254928 -0.96710759 1.90413828 -1.89731749 0.47995594 0.39611879 -0.60692570 0.49434138
1779472250.92588043 -0.95457925 1.89206276 -1.91674581 0.47980764 0.39451475 -0.60566485 0.49730557
1779472250.95921159 -0.93934386 1.88102934 -1.93722884 0.47970472 0.39247751 -0.60486425 0.49998401
1779472250.99254274 -0.93801510 1.84172617 -1.95288308 0.47778845 0.38900715 -0.60617401 0.50293608
1779472251.02587438 -0.92269376 1.83656348 -1.97721613 0.47732721 0.38704269 -0.60605868 0.50502432
1779472251.05920529 -0.91249578 1.82126684 -1.99799250 0.47603498 0.38475210 -0.60704571 0.50680571
1779472251.09253669 -0.90394266 1.80869313 -2.01421634 0.47481959 0.38319341 -0.60793282 0.50806186
1779472251.12587023 -0.89631744 1.79931802 -2.02600100 0.47362470 0.38248028 -0.60881357 0.50865954
1779472251.15920353 -0.89153159 1.79306022 -2.03269743 0.47257519 0.38277252 -0.60948015 0.50861757
1779472251.19253683 -0.88635402 1.78775281 -2.03829564 0.47160849 0.38332684 -0.61025369 0.50816966
1779472251.22587037 -0.88385542 1.78493912 -2.04198733 0.47063875 0.38441855 -0.61101406 0.50732964
1779472251.25920367 -0.89112903 1.77209483 -2.04001044 0.46865551 0.38516015 -0.61286671 0.50636752
1779472251.29253721 -0.89020440 1.77004990 -2.04577254 0.46758851 0.38610853 -0.61347557 0.50589417
1779472251.32587028 -0.88902294 1.76845944 -2.05051519 0.46717957 0.38630275 -0.61435808 0.50505206
1779472251.35920334 -0.88153843 1.76453795 -2.05531389 0.46726759 0.38604617 -0.61469662 0.50475481
1779472251.39253640 -0.87111875 1.75904326 -2.06365227 0.46756431 0.38542765 -0.61463116 0.50503236
1779472251.42586970 -0.85925726 1.75166972 -2.07566831 0.46806086 0.38417558 -0.61435402 0.50586292
1779472251.45920205 -0.84834293 1.74483214 -2.08647899 0.46860475 0.38325865 -0.61367689 0.50687579
1779472251.49253511 -0.83522025 1.74169297 -2.09461165 0.46985796 0.38270349 -0.61237268 0.50771176
1779472251.52586818 -0.82132694 1.74620857 -2.09943785 0.47211334 0.38316118 -0.61004758 0.50807328
1779472251.55919981 -0.79733633 1.75041547 -2.10117215 0.47504641 0.38360006 -0.60756905 0.50797810
1779472251.59253240 -0.78625717 1.75928245 -2.10416952 0.47716499 0.38510003 -0.60511108 0.50779141
1779472251.62586474 -0.78382925 1.76306437 -2.10647156 0.47749566 0.38665870 -0.60371325 0.50795989
1779472251.65919757 -0.78652038 1.75941473 -2.11543109 0.47644221 0.38758585 -0.60331771 0.50871187
1779472251.69252968 -0.78445413 1.75532446 -2.12389827 0.47588860 0.38806863 -0.60313725 0.50907586
1779472251.72586226 -0.78049294 1.75352127 -2.13249501 0.47581089 0.38848238 -0.60284038 0.50918456
1779472251.75919485 -0.77827407 1.75515439 -2.13753001 0.47606998 0.38947590 -0.60242258 0.50867764
1779472251.79252696 -0.77996388 1.75689967 -2.14098608 0.47585426 0.39113720 -0.60206080 0.50803269
1779472251.82585883 -0.79025929 1.74315398 -2.13983570 0.47470822 0.39294800 -0.60255046 0.50712614
1779472251.85919118 -0.79811412 1.75030040 -2.13886678 0.47417683 0.39563241 -0.60268027 0.50537889
1779472251.89252305 -0.81015267 1.75456345 -2.14200975 0.47282726 0.39805821 -0.60365128 0.50357639
1779472251.92585516 -0.82508952 1.75658835 -2.14344909 0.47084727 0.40043928 -0.60547550 0.50134884
1779472251.95918679 -0.83868624 1.76048240 -2.14425039 0.46909178 0.40263466 -0.60771024 0.49852432
1779472251.99251747 -0.85260648 1.76090458 -2.14780344 0.46694335 0.40399676 -0.61087216 0.49556607
1779472252.02584934 -0.86359174 1.76272991 -2.15252094 0.46525806 0.40483714 -0.61427819 0.49224397
1779472252.05918145 -0.86452758 1.74894413 -2.16313051 0.46353376 0.40398118 -0.61833137 0.48949155
1779472252.09251332 -0.87318871 1.74643605 -2.17169871 0.46168664 0.40364756 -0.62226250 0.48652181
1779472252.12584639 -0.88712546 1.74492990 -2.17863411 0.45933552 0.40410978 -0.62593927 0.48363850
1779472252.15917969 -0.90635073 1.74058476 -2.18571747 0.45600925 0.40486264 -0.63009629 0.48074990
1779472252.19251227 -0.92994336 1.73426491 -2.19237778 0.45195108 0.40594045 -0.63465617 0.47766528
1779472252.22584486 -0.95591626 1.72817544 -2.19737323 0.44743593 0.40722703 -0.63967772 0.47410932
1779472252.25917792 -0.99485155 1.72459934 -2.19311036 0.44131859 0.41002912 -0.64552545 0.46947941
1779472252.29251051 -1.04229599 1.72009516 -2.18511990 0.43381915 0.41390056 -0.65207311 0.46399130
1779472252.32584357 -1.07352323 1.71237637 -2.17863051 0.42705558 0.41631114 -0.65890347 0.45842643
1779472252.35917568 -1.11440775 1.71610692 -2.16905384 0.42056091 0.41913874 -0.66561603 0.45211341
1779472252.39250827 -1.15145586 1.71257002 -2.16401008 0.41422244 0.42159654 -0.67155004 0.44687433
1779472252.42583966 -1.18591234 1.71101320 -2.15867286 0.40855800 0.42426341 -0.67663381 0.44186832
1779472252.45917201 -1.22132608 1.71492441 -2.14794136 0.40344630 0.42807176 -0.68049607 0.43693335
1779472252.49250412 -1.25785539 1.72215663 -2.13323239 0.39845192 0.43258791 -0.68406752 0.43145729
1779472252.52583671 -1.29215085 1.73216771 -2.11476801 0.39345940 0.43751445 -0.68755271 0.42549039
1779472252.55916834 -1.34642871 1.72330705 -2.08609089 0.38570011 0.44267949 -0.69208501 0.41986740
1779472252.59250069 -1.38598063 1.72797199 -2.06604997 0.37889619 0.44774622 -0.69638726 0.41352846
1779472252.62583256 -1.43041826 1.73880173 -2.03836687 0.37212222 0.45360683 -0.70044489 0.40637773
1779472252.65916467 -1.46657581 1.75989308 -2.00752988 0.36731260 0.46003718 -0.70340251 0.39833673
1779472252.69249654 -1.49702864 1.78890255 -1.96669959 0.36407279 0.46790321 -0.70460532 0.38993451
1779472252.72582817 -1.52263997 1.82273189 -1.92635916 0.36154447 0.47587239 -0.70527140 0.38134409
1779472252.75915980 -1.54462108 1.84815188 -1.89366210 0.35895124 0.48265970 -0.70567478 0.37445525
1779472252.79249167 -1.56636183 1.85932103 -1.87528593 0.35509840 0.48681731 -0.70738961 0.36947797
1779472252.82582307 -1.59920958 1.85591124 -1.85682749 0.34957655 0.48901781 -0.71029380 0.36625201
1779472252.85915446 -1.60829657 1.84255165 -1.85762329 0.34643299 0.48997090 -0.71236794 0.36392941
1779472252.89248490 -1.61550358 1.84695718 -1.85267834 0.34470199 0.49187909 -0.71358429 0.36060082
1779472252.92581606 -1.61528049 1.85906309 -1.84510690 0.34401824 0.49403516 -0.71429578 0.35687850
1779472252.95914769 -1.61259394 1.87433686 -1.83706112 0.34423016 0.49636476 -0.71470820 0.35259015
1779472252.99247885 -1.60688644 1.89478143 -1.82500091 0.34524450 0.49911935 -0.71469967 0.34769308
1779472253.02580976 -1.60400262 1.91135292 -1.81213196 0.34574571 0.50214870 -0.71435616 0.34351400
1779472253.05914092 -1.60477664 1.91967426 -1.80152317 0.34508336 0.50492983 -0.71414500 0.34052939
1779472253.09247303 -1.62978056 1.92174092 -1.77838132 0.34168496 0.50787419 -0.71470493 0.33839630
1779472253.12580609 -1.63997086 1.91320571 -1.77599930 0.33899313 0.50821899 -0.71678467 0.33617979
1779472253.15913916 -1.64093847 1.90975971 -1.77659784 0.33654850 0.50765454 -0.71954920 0.33357297
1779472253.19247246 -1.64390674 1.90509379 -1.77696161 0.33307272 0.50661635 -0.72337564 0.33034848
1779472253.22580552 -1.65349331 1.90402754 -1.76556079 0.32875093 0.50702012 -0.72715885 0.32571987
1779472253.25913811 -1.67008875 1.90847390 -1.74267993 0.32349846 0.50972708 -0.73017810 0.31994841
1779472253.29247117 -1.68880587 1.91912021 -1.71037808 0.31827495 0.51356283 -0.73279771 0.31298848
1779472253.32580280 -1.70670835 1.93187541 -1.67475385 0.31271200 0.51766782 -0.73556994 0.30523450
1779472253.35913563 -1.72572731 1.93741546 -1.64303456 0.30594958 0.52046394 -0.73953184 0.29766558
1779472253.39246798 -1.73472821 1.94888399 -1.61625610 0.29944753 0.52226760 -0.74392311 0.29007952
1779472253.42580080 -1.75817214 1.95419969 -1.58685940 0.29166798 0.52410841 -0.74888393 0.28180315
1779472253.45913339 -1.77233370 1.96483994 -1.55933801 0.28477951 0.52567790 -0.75364710 0.27309235
1779472253.49246550 -1.78496243 1.97410483 -1.53136625 0.27816724 0.52698022 -0.75824145 0.26454627
1779472253.52579808 -1.79363590 1.98195260 -1.50758208 0.27223933 0.52750230 -0.76276514 0.25654708
1779472253.55913019 -1.80174418 1.98887392 -1.49032435 0.26667267 0.52755400 -0.76703423 0.24946133
1779472253.59246254 -1.80614148 1.99435658 -1.47120146 0.26204280 0.52801744 -0.77040465 0.24291529
1779472253.62579465 -1.81077277 2.00032086 -1.45208216 0.25786163 0.52881633 -0.77314709 0.23686335
1779472253.65912700 -1.81108371 2.00874839 -1.43233018 0.25463389 0.53005588 -0.77529526 0.23047692
1779472253.69245887 -1.80663716 2.02369779 -1.41014587 0.25190061 0.53169770 -0.77690011 0.22420939
1779472253.72579050 -1.80979466 2.03571501 -1.38206118 0.24845256 0.53447580 -0.77804693 0.21737046
1779472253.75912166 -1.81511796 2.05159485 -1.34743502 0.24478365 0.53841054 -0.77842287 0.21036370
1779472253.79245353 -1.82164382 2.07214100 -1.30895001 0.24128036 0.54327264 -0.77812869 0.20286539
1779472253.82578516 -1.83188190 2.09071923 -1.26605127 0.23700306 0.54838346 -0.77784111 0.19511111
1779472253.85911679 -1.84237164 2.10711880 -1.22061586 0.23160509 0.55314669 -0.77810338 0.18693035
1779472253.89244843 -1.85253525 2.12138212 -1.17775731 0.22574639 0.55711689 -0.77893525 0.17865951
1779472253.92577982 -1.86078509 2.13515688 -1.13613444 0.21998515 0.56050888 -0.78007749 0.17004541
1779472253.95911121 -1.85714068 2.14885162 -1.09601519 0.21493354 0.56365535 -0.78113959 0.16098807
1779472253.99244285 -1.86177229 2.16533105 -1.05084493 0.20910207 0.56758986 -0.78178145 0.15144582
1779472254.02577424 -1.86653167 2.18383503 -0.99739637 0.20267964 0.57217100 -0.78207140 0.14108738
1779472254.05910540 -1.87172822 2.20163400 -0.94206148 0.19571821 0.57651371 -0.78252134 0.13033295
1779472254.09243798 -1.87485411 2.22079034 -0.89183606 0.18898703 0.58030704 -0.78309337 0.11955090
1779472254.12577200 -1.87576666 2.23859854 -0.84546896 0.18311992 0.58368592 -0.78345553 0.10943159
1779472254.15910625 -1.87460597 2.25590507 -0.80288726 0.17799030 0.58691380 -0.78346902 0.10013960
1779472254.19244027 -1.87435085 2.26567828 -0.75732281 0.17325874 0.58956441 -0.78356343 0.09177997
1779472254.22577262 -1.85631074 2.28833567 -0.72761398 0.17133986 0.59228755 -0.78282487 0.08380537
1779472254.25910664 -1.84633694 2.30294346 -0.70095770 0.16938121 0.59468303 -0.78216834 0.07664715
1779472254.29244041 -1.83639868 2.31760038 -0.67678114 0.16742389 0.59666532 -0.78174332 0.06954935
1779472254.32577419 -1.83006370 2.32863603 -0.65211279 0.16448914 0.59842855 -0.78161404 0.06249860
1779472254.35910821 -1.82573007 2.33788479 -0.62582515 0.16056852 0.60008956 -0.78167808 0.05558461
1779472254.39244175 -1.81905217 2.34827595 -0.59733510 0.15645871 0.60163475 -0.78182663 0.04799400
1779472254.42577505 -1.80916430 2.36118157 -0.56887148 0.15199623 0.60258755 -0.78245903 0.03928429
1779472254.45910835 -1.80277760 2.37125294 -0.54291670 0.14686135 0.60301837 -0.78349467 0.03060529
1779472254.49244189 -1.78107820 2.39263035 -0.51551992 0.14261918 0.60344843 -0.78427977 0.02037173
1779472254.52577543 -1.76796955 2.40756301 -0.48916660 0.13692653 0.60311789 -0.78574440 0.01027994
1779472254.55910873 -1.75548390 2.42095968 -0.46665948 0.13133390 0.60222064 -0.78745243 0.00061313
1779472254.59244204 -1.74818683 2.43072593 -0.44184258 0.12456939 0.60161988 -0.78896359 -0.00851084
1779472254.62577486 -1.73874945 2.44011029 -0.42331885 0.11888322 0.60072185 -0.79039130 -0.01678218
1779472254.65910745 -1.72511060 2.45172342 -0.40733606 0.11503841 0.60041175 -0.79098885 -0.02466856
1779472254.69244051 -1.71141832 2.46328285 -0.39400562 0.11220059 0.60079879 -0.79085790 -0.03155359
1779472254.72577310 -1.70697111 2.46790175 -0.37982404 0.10929373 0.60047846 -0.79125887 -0.03728142
1779472254.75910616 -1.69954024 2.47215656 -0.37683444 0.10696970 0.60009921 -0.79165036 -0.04157081
1779472254.79243922 -1.69369856 2.47593584 -0.37871615 0.10498046 0.59929153 -0.79234251 -0.04496794
1779472254.82577181 -1.69271225 2.47329294 -0.38508638 0.10214427 0.59784181 -0.79364392 -0.04776033
1779472254.85910463 -1.69533874 2.46901521 -0.38910578 0.09835836 0.59592217 -0.79539357 -0.05051205
1779472254.89243722 -1.70022608 2.46232851 -0.38994370 0.09375391 0.59400484 -0.79720274 -0.05325645
1779472254.92576957 -1.70780197 2.45360315 -0.39336950 0.08892727 0.59165491 -0.79932886 -0.05576544
1779472254.95910263 -1.71983338 2.44049229 -0.39547057 0.08429815 0.58876789 -0.80175430 -0.05861939
1779472254.99243450 -1.72049161 2.43458080 -0.40172421 0.08130390 0.58671935 -0.80338285 -0.06104160
1779472255.02576733 -1.71990641 2.43096792 -0.40824232 0.07906632 0.58516510 -0.80455660 -0.06339552
1779472255.05909944 -1.71932234 2.42765431 -0.41028349 0.07674220 0.58422433 -0.80526870 -0.06583983
1779472255.09244895 -1.71773701 2.42801555 -0.40530865 0.07443412 0.58444572 -0.80507599 -0.06881433
1779472255.12582541 -1.71886455 2.42676059 -0.38962819 0.07120250 0.58633526 -0.80374675 -0.07164027
1779472255.15920281 -1.72047733 2.42753808 -0.36574012 0.06725901 0.58914454 -0.80171345 -0.07510315
1779472255.19258070 -1.72784698 2.42820973 -0.33584834 0.06230334 0.59167600 -0.79988130 -0.07891583
1779472255.22595954 -1.72780174 2.42847914 -0.32192062 0.05788481 0.59295952 -0.79889968 -0.08250853
1779472255.25933838 -1.73433055 2.42398833 -0.31331736 0.05266455 0.59268852 -0.79917910 -0.08520288
1779472255.29271770 -1.73691340 2.42241064 -0.30846034 0.04837645 0.59239098 -0.79937916 -0.08789543
1779472255.32609749 -1.74243678 2.41625165 -0.30429286 0.04421185 0.59211027 -0.79960377 -0.08991414
1779472255.35947776 -1.74970991 2.40895344 -0.29870711 0.03997152 0.59234240 -0.79948825 -0.09138544
1779472255.39285874 -1.75433610 2.40295782 -0.29196479 0.03636805 0.59314180 -0.79887337 -0.09306719
1779472255.42624021 -1.76152045 2.39831106 -0.27875439 0.03267836 0.59440501 -0.79786336 -0.09502031
1779472255.45962191 -1.76648895 2.39438187 -0.26763798 0.02947298 0.59663261 -0.79610891 -0.09680640
1779472255.49300408 -1.76618666 2.39139736 -0.26243763 0.02747914 0.59838950 -0.79467778 -0.09829618
1779472255.52638698 -1.76650065 2.38980131 -0.26065654 0.02608289 0.59990437 -0.79339873 -0.09976411
1779472255.55976963 -1.76510133 2.38543391 -0.26530948 0.02513566 0.60065350 -0.79276623 -0.10052503
1779472255.59315348 -1.76284939 2.38037378 -0.28007954 0.02509428 0.60040859 -0.79292923 -0.10071266
1779472255.62653780 -1.76182085 2.37278673 -0.30359105 0.02542266 0.59913822 -0.79394864 -0.10016305
1779472255.65992284 -1.76102073 2.36352196 -0.33107948 0.02648428 0.59763316 -0.79523349 -0.09867564
1779472255.69330835 -1.75781025 2.35593251 -0.35993587 0.02834274 0.59672252 -0.79608645 -0.09677441
1779472255.76008058 -1.75126609 2.34200795 -0.41677895 0.03176305 0.59480630 -0.79783470 -0.09303966
1779472255.79346728 -1.75036618 2.33889990 -0.44646324 0.03234219 0.59300106 -0.79932520 -0.09155846
1779472255.82685447 -1.75219778 2.32887233 -0.47405966 0.03163721 0.59066571 -0.80121097 -0.09041069
1779472255.86024261 -1.75524836 2.31680551 -0.49946580 0.02984589 0.58771563 -0.80351428 -0.08980182
1779472255.89363074 -1.75933872 2.30382422 -0.52205601 0.02727242 0.58475652 -0.80577792 -0.08965467
1779472255.92701983 -1.75600655 2.28700303 -0.55297339 0.02548965 0.58093389 -0.80853130 -0.09023987
1779472255.96040893 -1.75019295 2.28295512 -0.57388630 0.02445949 0.57813782 -0.81038996 -0.09179596
1779472255.99379802 -1.74208377 2.28119196 -0.59018783 0.02407852 0.57643321 -0.81139170 -0.09374697
1779472256.02718830 -1.73320388 2.28340286 -0.60042761 0.02354102 0.57562719 -0.81171431 -0.09601583
1779472256.06057930 -1.72541645 2.28361475 -0.60768755 0.02233790 0.57486734 -0.81195774 -0.09875818
1779472256.09395003 -1.71662331 2.28548008 -0.61071271 0.02118714 0.57456223 -0.81181820 -0.10188507
1779472256.12729168 -1.70751975 2.28848583 -0.61101338 0.02048098 0.57486582 -0.81120415 -0.10515536
1779472256.16063380 -1.69857189 2.28718336 -0.61390327 0.02041263 0.57547277 -0.81040959 -0.10793848
1779472256.19397569 -1.69200089 2.28973585 -0.61219281 0.01910260 0.57642757 -0.80944482 -0.11029700
1779472256.22731709 -1.69486419 2.28886868 -0.60532942 0.01664659 0.57736014 -0.80854300 -0.11241166
1779472256.26065898 -1.69154681 2.28982753 -0.60339374 0.01559555 0.57860322 -0.80745910 -0.11395129
1779472256.29400086 -1.68783381 2.29257648 -0.60367104 0.01532399 0.57993204 -0.80630599 -0.11538914
1779472256.32734275 -1.68433776 2.29404334 -0.60896244 0.01509411 0.58030969 -0.80583973 -0.11676970
1779472256.36068439 -1.68347889 2.29391957 -0.61851420 0.01494667 0.57998012 -0.80591175 -0.11792328
1779472256.39402604 -1.68523471 2.29113770 -0.62783148 0.01390726 0.57897378 -0.80646938 -0.11917669
1779472256.42736697 -1.68486434 2.29051474 -0.63191299 0.01193708 0.57734054 -0.80716585 -0.12255080
1779472256.46070886 -1.67937409 2.29709495 -0.62907230 0.00969286 0.57594997 -0.80737806 -0.12778246
1779472256.49405098 -1.67813480 2.30511034 -0.62531733 0.00667772 0.57471897 -0.80725499 -0.13413762
1779472256.52739263 -1.67208103 2.31365883 -0.61504967 0.00364723 0.57405532 -0.80666778 -0.14047873
1779472256.56073427 -1.66824063 2.32268041 -0.59929352 -0.00031362 0.57404515 -0.80544085 -0.14743511
1779472256.59407616 -1.67026863 2.32965964 -0.57742980 -0.00545624 0.57458803 -0.80380767 -0.15398720
1779472256.62741852 -1.67284946 2.33664565 -0.55471501 -0.01056128 0.57526342 -0.80203341 -0.16032111
1779472256.66075993 -1.67808330 2.34090669 -0.53194701 -0.01592303 0.57611518 -0.80016682 -0.16604463
1779472256.69410181 -1.69278094 2.34206809 -0.49848715 -0.02257216 0.57636315 -0.79867336 -0.17151349
1779472256.72744417 -1.70045346 2.34335204 -0.48052438 -0.02876288 0.57653229 -0.79709750 -0.17725346
1779472256.76078582 -1.70731308 2.34740142 -0.45300610 -0.03549720 0.57653960 -0.79522718 -0.18427093
1779472256.79412770 -1.71202065 2.35488341 -0.41754945 -0.04323234 0.57643487 -0.79294217 -0.19260454
1779472256.82746959 -1.71808361 2.36243116 -0.37782739 -0.05209170 0.57580628 -0.79055999 -0.20186255
1779472256.86081147 -1.72263256 2.37026397 -0.34051239 -0.06080854 0.57446441 -0.78843115 -0.21135112
1779472256.89415264 -1.72939793 2.37956638 -0.30257913 -0.06979718 0.57294005 -0.78621677 -0.22075156
1779472256.92749429 -1.73720706 2.38656029 -0.26338015 -0.07877598 0.57130629 -0.78394421 -0.22985854
1779472256.96083617 -1.75205220 2.38974298 -0.22178345 -0.08787773 0.56829641 -0.78241415 -0.23904976
1779472256.99417806 -1.75179889 2.40037942 -0.20697978 -0.09466744 0.56578790 -0.78106723 -0.24669031
1779472257.02752018 -1.75703234 2.40277351 -0.19085121 -0.10031301 0.56269711 -0.78039764 -0.25355235
1779472257.06086206 -1.76211328 2.40737384 -0.18032452 -0.10454449 0.56027022 -0.77966067 -0.25941659
1779472257.09420395 -1.76693754 2.41276223 -0.17355827 -0.10745372 0.55873427 -0.77879241 -0.26410622
1779472257.12754536 -1.77204575 2.41721323 -0.16789191 -0.10951122 0.55825247 -0.77762103 -0.26770692
1779472257.16088724 -1.77724252 2.42012485 -0.16408495 -0.11128294 0.55850549 -0.77634324 -0.27014608
1779472257.19422865 -1.79787787 2.42102303 -0.15028448 -0.11469900 0.55908972 -0.77487171 -0.27172901
1779472257.22757030 -1.80592636 2.40900989 -0.14871648 -0.11609943 0.55955693 -0.77406363 -0.27247470
1779472257.26091194 -1.81383721 2.40821365 -0.14383278 -0.11712014 0.56165397 -0.77234249 -0.27260736
1779472257.29425335 -1.82013400 2.41082760 -0.13850511 -0.11709273 0.56536697 -0.76982699 -0.27205861
1779472257.32759404 -1.82667709 2.41326172 -0.13498134 -0.11661964 0.56970116 -0.76725078 -0.27049341
1779472257.36093569 -1.83389813 2.41375120 -0.13534510 -0.11567928 0.57377258 -0.76517632 -0.26815766
1779472257.39427757 -1.84548686 2.40697906 -0.14339031 -0.11508809 0.57649995 -0.76437940 -0.26481442
1779472257.42761922 -1.85958623 2.39807734 -0.15561190 -0.11453058 0.57838458 -0.76423392 -0.26134372
1779472257.46096063 -1.89970346 2.39556559 -0.16495705 -0.11602812 0.58090249 -0.76318688 -0.25813864
1779472257.49430227 -1.90775945 2.37004475 -0.17360171 -0.11454721 0.58212503 -0.76379070 -0.25423052
1779472257.52764416 -1.91764956 2.36419224 -0.18328311 -0.11339211 0.58456821 -0.76309741 -0.25120627
1779472257.56098580 -1.92542412 2.35891675 -0.18637619 -0.11253572 0.58769205 -0.76167040 -0.24862011
1779472257.59432745 -1.93013472 2.35753887 -0.18974876 -0.11137052 0.59079618 -0.76011132 -0.24655074
1779472257.62766886 -1.93243745 2.35582122 -0.19447027 -0.11022358 0.59367821 -0.75857598 -0.24486615
1779472257.66101050 -1.93732835 2.35261159 -0.19699031 -0.11004266 0.59598311 -0.75730271 -0.24328452
1779472257.69435239 -1.94349098 2.34759881 -0.20061394 -0.11024128 0.59737067 -0.75659356 -0.24199448
1779472257.72769403 -1.95950579 2.34430100 -0.21510404 -0.11045197 0.59827001 -0.75603765 -0.24141341
1779472257.76103497 -1.96525209 2.34402813 -0.22904819 -0.10991557 0.59920877 -0.75597943 -0.23950472
1779472257.79437637 -1.97003220 2.33506235 -0.24865229 -0.10884311 0.59896026 -0.75688804 -0.23773995
1779472257.82771826 -1.97569043 2.32765852 -0.26970978 -0.10786283 0.59840315 -0.75794108 -0.23622996
1779472257.86105967 -1.97979197 2.32228028 -0.29096084 -0.10671868 0.59763198 -0.75896327 -0.23541853
1779472257.89440131 -1.98419872 2.31764103 -0.30940167 -0.10603148 0.59694706 -0.75971139 -0.23505345
1779472257.92774343 -1.98924723 2.31245298 -0.32400716 -0.10606815 0.59633034 -0.76026854 -0.23480080
1779472257.96108484 -1.99658216 2.30530527 -0.33329052 -0.10727263 0.59579356 -0.76061491 -0.23449431
1779472257.99442649 -2.00803730 2.29843815 -0.34915855 -0.10852384 0.59515343 -0.76118634 -0.23368853
1779472258.02776837 -2.01703296 2.29900305 -0.35990588 -0.11008543 0.59500063 -0.76113022 -0.23352995
1779472258.06110978 -2.02644410 2.29182958 -0.36763059 -0.11223285 0.59407089 -0.76160538 -0.23332554
1779472258.09445190 -2.03710996 2.28152815 -0.37549803 -0.11520027 0.59221525 -0.76255028 -0.23351032
1779472258.12779379 -2.04718956 2.27299024 -0.38128198 -0.11832092 0.59047852 -0.76328981 -0.23393150
1779472258.16113544 -2.05527656 2.26504828 -0.38648496 -0.12109564 0.58892580 -0.76374502 -0.23493785
1779472258.19447732 -2.06111678 2.25942266 -0.38654588 -0.12401846 0.58803848 -0.76352023 -0.23636207
1779472258.22781801 -2.06853890 2.25225816 -0.38098386 -0.12758119 0.58763864 -0.76280286 -0.23777229
1779472258.26116037 -2.08139274 2.24597185 -0.37248026 -0.13203331 0.58728521 -0.76177567 -0.23950180
1779472258.29450226 -2.08267143 2.24229598 -0.37025264 -0.13529731 0.58663093 -0.76091404 -0.24200955
1779472258.32784390 -2.08337860 2.24008322 -0.36346939 -0.13834538 0.58616132 -0.75990788 -0.24457203
1779472258.36118579 -2.08308653 2.23943341 -0.35157283 -0.14163504 0.58616950 -0.75833095 -0.24754597
1779472258.39452815 -2.07924334 2.24359862 -0.33798369 -0.14430854 0.58644970 -0.75632993 -0.25142956
1779472258.42786956 -2.07407883 2.24909010 -0.32664214 -0.14630559 0.58666878 -0.75447827 -0.25529780
1779472258.46121168 -2.06973852 2.25375871 -0.32223011 -0.14784066 0.58648970 -0.75318311 -0.25862748
1779472258.49455380 -2.06669159 2.25571273 -0.31664551 -0.14971541 0.58633796 -0.75195770 -0.26144351
1779472258.52789569 -2.06489396 2.26020000 -0.30794164 -0.15176463 0.58676117 -0.75026611 -0.26415827
1779472258.56123757 -2.07067469 2.25677700 -0.30120454 -0.15422155 0.58656502 -0.74872878 -0.26751152
1779472258.59457946 -2.07027026 2.27148450 -0.28746244 -0.15613720 0.58824193 -0.74593283 -0.27051215
1779472258.62792158 -2.06501943 2.28223033 -0.27494192 -0.15737619 0.58999339 -0.74319024 -0.27351199
1779472258.66126275 -2.06122692 2.29159917 -0.26794999 -0.15843740 0.59093664 -0.74112992 -0.27643791
1779472258.69460416 -2.05733268 2.30000622 -0.26716146 -0.15898319 0.59138379 -0.73962336 -0.27918963
1779472258.72794628 -2.04793764 2.31304282 -0.26713951 -0.15891994 0.59211487 -0.73791741 -0.28217430
1779472258.76128864 -2.04075740 2.32326361 -0.26660746 -0.15890447 0.59272907 -0.73618523 -0.28539958
1779472258.79463053 -2.03472455 2.33479198 -0.26364298 -0.15920573 0.59356980 -0.73410545 -0.28882109
1779472258.82797217 -2.03324305 2.33395909 -0.25807856 -0.16031719 0.59423573 -0.73194691 -0.29229440
1779472258.86131430 -2.02996702 2.34830648 -0.24172688 -0.16245474 0.59568892 -0.72839163 -0.29699967
1779472258.89465642 -2.02226287 2.36262967 -0.21764953 -0.16510179 0.59723307 -0.72440501 -0.30214473
1779472258.92799830 -2.01749227 2.37526412 -0.19045830 -0.16890437 0.59756751 -0.72077000 -0.30801785
1779472258.96134043 -2.01609665 2.38269595 -0.16553150 -0.17336073 0.59660491 -0.71793804 -0.31396433
1779472258.99468255 -2.02049784 2.38894457 -0.13896354 -0.17886384 0.59463237 -0.71545430 -0.32022682
1779472259.02802444 -2.02638284 2.39020356 -0.11190074 -0.18485808 0.59223507 -0.71327816 -0.32606652
1779472259.06136656 -2.03274237 2.39094552 -0.08356404 -0.19125480 0.58942874 -0.71112968 -0.33209930
1779472259.09470725 -2.03987435 2.39205888 -0.04937179 -0.19853940 0.58685054 -0.70838671 -0.33819642
1779472259.12804961 -2.04905912 2.38034989 -0.02623277 -0.20550430 0.58239495 -0.70682463 -0.34493921
1779472259.16139126 -2.05573018 2.38795798 0.01283791 -0.21340672 0.57903347 -0.70349975 -0.35251370
1779472259.19473290 -2.05606257 2.39592744 0.05279802 -0.22122607 0.57465245 -0.70030098 -0.36112618
1779472259.22807503 -2.05260418 2.40744483 0.08571754 -0.22797705 0.56932908 -0.69765801 -0.37035681
1779472259.26141691 -2.04698094 2.41947339 0.10976845 -0.23345291 0.56356975 -0.69569195 -0.37934362
1779472259.29475904 -2.03896236 2.43520060 0.12824201 -0.23799471 0.55778618 -0.69394002 -0.38817566
1779472259.32810068 -2.03252001 2.44729999 0.14707094 -0.24231567 0.55286454 -0.69187301 -0.39615106
1779472259.36144257 -2.02395956 2.45749490 0.16965068 -0.24683341 0.54957282 -0.68907098 -0.40277061
1779472259.39478469 -2.02883742 2.44816488 0.19912777 -0.25221384 0.54556354 -0.68639317 -0.40940568
1779472259.42812657 -2.02203739 2.45427102 0.22964763 -0.25754836 0.54305596 -0.68277757 -0.41542009
1779472259.46146822 -2.01751222 2.45631319 0.26608414 -0.26431405 0.53954157 -0.67929844 -0.42141027
1779472259.49481058 -2.00653945 2.46308243 0.30838725 -0.27144115 0.53617094 -0.67463949 -0.42860469
1779472259.52815247 -1.98752176 2.47385878 0.36127093 -0.27889441 0.53439287 -0.66806236 -0.43627383
1779472259.56149340 -1.96438871 2.48448800 0.42189757 -0.28705572 0.53318726 -0.66049940 -0.44390415
1779472259.59483528 -1.94305229 2.49261572 0.48596470 -0.29623112 0.53144327 -0.65285470 -0.45121605
1779472259.62817717 -1.93637626 2.48926477 0.54767046 -0.30573843 0.52769020 -0.64638134 -0.45853924
1779472259.66151953 -1.91822639 2.49701499 0.59472719 -0.31355756 0.52267578 -0.64132543 -0.46604009
1779472259.69486117 -1.90049260 2.50332862 0.62795213 -0.32033855 0.51667419 -0.63755226 -0.47324213
1779472259.72820306 -1.88306072 2.50916426 0.65132947 -0.32591748 0.51028991 -0.63463846 -0.48022497
1779472259.76154542 -1.85903987 2.51541958 0.67415848 -0.33006717 0.50554161 -0.63143626 -0.48659181
1779472259.79488754 -1.83407460 2.52460503 0.69502656 -0.33351235 0.50235285 -0.62743260 -0.49268596
1779472259.82822919 -1.80514976 2.53506742 0.71703426 -0.33643200 0.50028033 -0.62282983 -0.49861418
1779472259.86157155 -1.77394346 2.54700793 0.73559973 -0.33853108 0.49912773 -0.61798451 -0.50434449
1779472259.89491367 -1.74404760 2.55775600 0.75141496 -0.34010887 0.49847694 -0.61341396 -0.50948014
1779472259.92825532 -1.73295671 2.56242598 0.76876276 -0.34296132 0.49681132 -0.60977324 -0.51354906
1779472259.96159744 -1.71246436 2.57093806 0.77127768 -0.34460980 0.49373164 -0.60740206 -0.51820449
1779472259.99493814 -1.69689164 2.57426524 0.76807130 -0.34624340 0.48912797 -0.60643714 -0.52259289
1779472260.02828050 -1.67937004 2.57997281 0.76752046 -0.34800897 0.48497378 -0.60505631 -0.52687479
1779472260.06162262 -1.66606290 2.58062915 0.76943890 -0.35056407 0.48093653 -0.60379885 -0.53031296
1779472260.09496403 -1.65504665 2.58006326 0.77022401 -0.35305973 0.47711041 -0.60284612 -0.53318950
1779472260.12830496 -1.63972035 2.58300666 0.76955711 -0.35463034 0.47408684 -0.60141551 -0.53644979
1779472260.16164565 -1.61934999 2.59174934 0.76862220 -0.35532756 0.47191273 -0.59954650 -0.53998583
1779472260.19498682 -1.60012599 2.59406600 0.76837590 -0.35671094 0.46893734 -0.59818180 -0.54316996
1779472260.22832775 -1.58006010 2.59724395 0.77189495 -0.35825207 0.46712973 -0.59586454 -0.54625153
1779472260.26166868 -1.55754313 2.60048069 0.78098428 -0.35995373 0.46644913 -0.59259603 -0.54926174
1779472260.29500961 -1.53357247 2.60352170 0.79230521 -0.36177867 0.46606380 -0.58891916 -0.55233590
1779472260.32835031 -1.51148645 2.60606685 0.80419719 -0.36361560 0.46552582 -0.58541162 -0.55530409
1779472260.36169147 -1.48875979 2.60871891 0.81168292 -0.36494974 0.46514662 -0.58207008 -0.55825149
1779472260.39503217 -1.47081027 2.60943291 0.81637146 -0.36621915 0.46430052 -0.57968964 -0.56059655
1779472260.42837238 -1.45590889 2.60841781 0.81696349 -0.36711237 0.46413794 -0.57715049 -0.56276264
1779472260.46171308 -1.44182110 2.60637529 0.82266649 -0.36790614 0.46434060 -0.57496512 -0.56431196
1779472260.49505424 -1.42681682 2.60533174 0.83061330 -0.36910789 0.46532005 -0.57244225 -0.56528442
1779472260.52839494 -1.41142650 2.60241356 0.84498375 -0.37114664 0.46645115 -0.56933137 -0.56615835
1779472260.56173611 -1.39359234 2.60294513 0.85909198 -0.37300056 0.46770275 -0.56557634 -0.56766902
1779472260.59507680 -1.37337572 2.60503506 0.87308076 -0.37473095 0.46872305 -0.56163958 -0.56959320
1779472260.62841773 -1.35446408 2.60694509 0.88466856 -0.37673325 0.46850158 -0.55814324 -0.57188674
1779472260.66175890 -1.33587986 2.60931092 0.89268929 -0.37847263 0.46728271 -0.55510091 -0.57468976
1779472260.69509959 -1.31827406 2.61000485 0.90446959 -0.38080004 0.46637701 -0.55164289 -0.57721222
1779472260.72844052 -1.29599149 2.60682181 0.91994543 -0.38360345 0.46589882 -0.54706112 -0.58009552
1779472260.76178145 -1.27499813 2.59963081 0.94705804 -0.38797635 0.46555978 -0.54209615 -0.58211701
1779472260.79512239 -1.25196341 2.59496721 0.97892792 -0.39319787 0.46500152 -0.53617765 -0.58453619
1779472260.82846308 -1.22727143 2.58996755 1.01020155 -0.39872836 0.46361023 -0.53012860 -0.58740524
1779472260.86180425 -1.19828700 2.58928850 1.03522754 -0.40328314 0.46153103 -0.52403561 -0.59138692
1779472260.89514375 -1.16483552 2.59303353 1.05337653 -0.40706252 0.45863019 -0.51802558 -0.59632873
1779472260.92848468 -1.13275297 2.59757962 1.06732078 -0.41058400 0.45480125 -0.51233581 -0.60173800
1779472260.96182537 -1.09924239 2.60216394 1.08113982 -0.41431371 0.45035331 -0.50653039 -0.60741502
1779472260.99516654 -1.06509236 2.60812251 1.09071538 -0.41772391 0.44532446 -0.50081928 -0.61349239
1779472261.02850723 -1.02314309 2.60542984 1.09972550 -0.42030706 0.43946144 -0.49520944 -0.62047017
1779472261.06184816 -0.98248900 2.61477581 1.11448137 -0.42401176 0.43442402 -0.48803268 -0.62714744
1779472261.09518909 -0.93752510 2.62123799 1.12934394 -0.42806679 0.42902380 -0.47998364 -0.63428156
1779472261.12853003 -0.88711643 2.62849753 1.14225710 -0.43210376 0.42344535 -0.47130877 -0.64175418
1779472261.16187119 -0.83710372 2.63744737 1.15537422 -0.43638734 0.41716562 -0.46256432 -0.64928668
1779472261.19521189 -0.78718879 2.64395071 1.16707655 -0.44034255 0.41084206 -0.45375105 -0.65682359
1779472261.22855282 -0.74210529 2.65057295 1.17541280 -0.44385244 0.40487254 -0.44571910 -0.66363222
1779472261.26189375 -0.70229178 2.65570172 1.17976317 -0.44716861 0.39895302 -0.43872679 -0.66962342
1779472261.29523468 -0.66645186 2.66093835 1.18131298 -0.44989126 0.39333069 -0.43237972 -0.67523077
1779472261.32857490 -0.63592853 2.65921431 1.18440103 -0.45198036 0.38796565 -0.42669475 -0.68053508
1779472261.36191583 -0.60532382 2.66311072 1.18260090 -0.45427532 0.38316192 -0.42140299 -0.68501123
1779472261.39525652 -0.57707383 2.66498549 1.17929218 -0.45627959 0.37877554 -0.41645090 -0.68913473
1779472261.42859769 -0.55137313 2.66706856 1.17911126 -0.45845275 0.37558343 -0.41151043 -0.69239969
1779472261.46193838 -0.53107875 2.66890761 1.18081870 -0.46110846 0.37233762 -0.40680286 -0.69516553
1779472261.49527955 -0.51700184 2.66764334 1.18199106 -0.46407827 0.36916575 -0.40265832 -0.69729067
1779472261.52862024 -0.50298323 2.66468250 1.18299658 -0.46669095 0.36633027 -0.39881328 -0.69924936
1779472261.56196141 -0.49345088 2.66205323 1.18146640 -0.46874722 0.36370373 -0.39558294 -0.70107758
1779472261.59530234 -0.50687269 2.65461467 1.17437846 -0.47060480 0.35959725 -0.39287888 -0.70346793
1779472261.62864304 -0.49734667 2.64883481 1.17274193 -0.47150570 0.35812075 -0.39149888 -0.70438663
1779472261.66198421 -0.49656417 2.64563769 1.16691888 -0.47256482 0.35636856 -0.39031720 -0.70522084
1779472261.69532490 -0.49749320 2.64408532 1.16061684 -0.47361627 0.35518231 -0.38947638 -0.70557870
1779472261.72866607 -0.49868886 2.64103102 1.15559677 -0.47457009 0.35429667 -0.38878196 -0.70576603
1779472261.76200557 -0.50133577 2.63731010 1.15246919 -0.47567874 0.35382719 -0.38800226 -0.70568428
1779472261.79534650 -0.50709048 2.62940869 1.15098311 -0.47709982 0.35351737 -0.38730724 -0.70526189
1779472261.82868743 -0.51407510 2.62247402 1.15273383 -0.47920368 0.35260692 -0.38672467 -0.70461069
1779472261.86202836 -0.52276063 2.61873443 1.14755009 -0.48064850 0.35039986 -0.38682320 -0.70467352
1779472261.89536905 -0.55365697 2.61712195 1.14080148 -0.48311792 0.34584185 -0.38647630 -0.70542651
1779472261.92871022 -0.54890718 2.61657031 1.14037879 -0.48468916 0.34508008 -0.38613145 -0.70491039
1779472261.96205091 -0.54948719 2.61023230 1.14747966 -0.48723821 0.34405319 -0.38515502 -0.70418885
1779472261.99539185 -0.55211234 2.60449113 1.15195656 -0.48959046 0.34319995 -0.38410347 -0.70354780
1779472262.02873302 -0.55250960 2.60234368 1.14937260 -0.49036205 0.34310283 -0.38334079 -0.70347377
1779472262.06207371 -0.55677969 2.60361168 1.14087150 -0.49022296 0.34291859 -0.38368157 -0.70347476
1779472262.09541488 -0.56199571 2.60457506 1.12708252 -0.48920511 0.34299797 -0.38461423 -0.70363531
1779472262.12875557 -0.56751585 2.60654039 1.11060479 -0.48775136 0.34287991 -0.38576579 -0.70407154
1779472262.16209650 -0.57095584 2.60792828 1.09509957 -0.48645617 0.34349397 -0.38644157 -0.70429767
1779472262.19543743 -0.58310028 2.60775077 1.07704798 -0.48633800 0.34258702 -0.38616186 -0.70497411
1779472262.22877765 -0.57578027 2.60381670 1.06703527 -0.48560881 0.34210581 -0.38589652 -0.70585521
1779472262.26211834 -0.56715581 2.60246802 1.06233398 -0.48553499 0.34190948 -0.38464543 -0.70668351
1779472262.29545927 -0.55739354 2.60134540 1.05131962 -0.48522823 0.34147071 -0.38334616 -0.70781144
1779472262.32880020 -0.54694611 2.60144977 1.03902036 -0.48460750 0.34093746 -0.38217090 -0.70912807
1779472262.36214113 -0.55654581 2.59547330 1.02058285 -0.48405855 0.33911220 -0.38175382 -0.71060133
1779472262.39548182 -0.55450893 2.59465249 1.00365001 -0.48281006 0.33900639 -0.38225220 -0.71123299
1779472262.42882299 -0.55297693 2.59699823 0.98224825 -0.48084105 0.33954222 -0.38339336 -0.71169691
1779472262.46216393 -0.55285646 2.59903045 0.95742395 -0.47833774 0.33980238 -0.38480662 -0.71249647
1779472262.49550438 -0.55569812 2.59935485 0.93128258 -0.47602623 0.33986224 -0.38679937 -0.71293684
1779472262.52884531 -0.55836268 2.59915433 0.90634621 -0.47426419 0.33943006 -0.38883276 -0.71321091
1779472262.56218624 -0.56066182 2.59757510 0.88411652 -0.47339785 0.33819150 -0.39036234 -0.71353922
1779472262.59552717 -0.56243195 2.59570484 0.86453769 -0.47333539 0.33608016 -0.39138410 -0.71401837
1779472262.62886786 -0.56886977 2.58424805 0.84820873 -0.47383229 0.33307109 -0.39221718 -0.71464137
1779472262.66220784 -0.57771925 2.57797670 0.83470661 -0.47504024 0.33025685 -0.39187130 -0.71533494
1779472262.69554877 -0.57827966 2.57529802 0.81473482 -0.47512204 0.32723535 -0.39250338 -0.71632197
1779472262.72888970 -0.58108315 2.57434199 0.78820315 -0.47431122 0.32372234 -0.39408541 -0.71758582
1779472262.76223040 -0.59295622 2.57202565 0.76323270 -0.47388937 0.32000692 -0.39624181 -0.71834314
1779472262.79557157 -0.60015080 2.56925709 0.74320255 -0.47341266 0.31810412 -0.39825573 -0.71838889
1779472262.82891250 -0.60419987 2.56665584 0.72306145 -0.47229919 0.31746229 -0.39985967 -0.71851473
1779472262.86225343 -0.60375831 2.56532353 0.70123399 -0.47056170 0.31743075 -0.40069642 -0.71920219
1779472262.89559412 -0.59754426 2.56644172 0.67947628 -0.46832737 0.31781327 -0.40079834 -0.72043382
1779472262.92893505 -0.57511817 2.56931148 0.65599856 -0.46490440 0.31888239 -0.40071137 -0.72222456
1779472262.96227622 -0.57875517 2.56432374 0.64032310 -0.46317500 0.31829825 -0.40013117 -0.72391311
1779472262.99561691 -0.56903316 2.56296600 0.62788417 -0.46187932 0.32032715 -0.39927541 -0.72431841
1779472263.02895784 -0.56174551 2.55899932 0.62336473 -0.46191095 0.32318734 -0.39810154 -0.72367353
1779472263.06229854 -0.55446865 2.55455314 0.61915247 -0.46201313 0.32625110 -0.39685849 -0.72291592
1779472263.09563875 -0.54954084 2.54967641 0.61990367 -0.46314301 0.32891716 -0.39545470 -0.72175317
1779472263.12897992 -0.54882258 2.54375419 0.61858365 -0.46449199 0.33077973 -0.39450502 -0.72055378
1779472263.16232157 -0.55049667 2.53887822 0.61527634 -0.46537926 0.33204776 -0.39423718 -0.71954394
1779472263.19566274 -0.55412345 2.53312400 0.60733491 -0.46578462 0.33363589 -0.39435407 -0.71848218
1779472263.22900414 -0.55915932 2.52562823 0.60351570 -0.46673632 0.33561481 -0.39452676 -0.71684625
1779472263.26234531 -0.56490593 2.51897681 0.60033765 -0.46770833 0.33790678 -0.39460651 -0.71508994
1779472263.29568648 -0.56837581 2.51038231 0.59795897 -0.46869151 0.33975174 -0.39439700 -0.71368623
1779472263.32902789 -0.55967571 2.50705043 0.59349394 -0.46956410 0.34210068 -0.39401716 -0.71219882
1779472263.36236906 -0.57802354 2.49782774 0.59341610 -0.47143479 0.34215357 -0.39315224 -0.71141513
1779472263.39571047 -0.58112122 2.49341431 0.58767630 -0.47236241 0.34267869 -0.39220712 -0.71106866
1779472263.42905235 -0.58285310 2.49183595 0.57698266 -0.47247015 0.34236733 -0.39124677 -0.71167586
1779472263.46239352 -0.58439113 2.48991525 0.56148433 -0.47189963 0.34186683 -0.39048752 -0.71271124
1779472263.49573493 -0.57837710 2.48878944 0.54643381 -0.47084693 0.34190218 -0.38857774 -0.71443223
1779472263.52907610 -0.57401272 2.48766415 0.53222964 -0.47032410 0.34154549 -0.38652076 -0.71606119
1779472263.56241655 -0.56702296 2.48657535 0.52024809 -0.46998201 0.34079623 -0.38402887 -0.71798096
1779472263.59575772 -0.56169231 2.48543260 0.51177109 -0.47047906 0.33912302 -0.38114608 -0.71998104
1779472263.62909913 -0.55399831 2.48540190 0.49837574 -0.47058449 0.33699381 -0.37848004 -0.72231452
1779472263.66244030 -0.54282558 2.48879210 0.48158393 -0.47058609 0.33497672 -0.37573219 -0.72468245
1779472263.69578147 -0.53752081 2.49021650 0.46134427 -0.46981175 0.33206800 -0.37369387 -0.72757175
1779472263.72912288 -0.53698986 2.49299420 0.44053909 -0.46886400 0.32926219 -0.37254665 -0.73004243
1779472263.76246428 -0.54093001 2.49347302 0.41229520 -0.46666150 0.32701808 -0.37237230 -0.73254699
1779472263.79580569 -0.54499134 2.49298221 0.38573786 -0.46442416 0.32507922 -0.37239727 -0.73481560
1779472263.82914710 -0.54734211 2.49042458 0.36500546 -0.46307883 0.32389311 -0.37212390 -0.73632537
1779472263.86248851 -0.55174865 2.48752569 0.35123382 -0.46302344 0.32303424 -0.37160616 -0.73699867
1779472263.89582992 -0.55693249 2.48309191 0.34351544 -0.46395236 0.32193713 -0.37055479 -0.73742379
1779472263.92917109 -0.57544084 2.47806556 0.33248973 -0.46562508 0.31845350 -0.36864668 -0.73883712
1779472263.96251225 -0.58124212 2.46910458 0.32610400 -0.46701378 0.31597669 -0.36657532 -0.74005365
1779472263.99585271 -0.57803462 2.46624033 0.33019479 -0.46948976 0.31634201 -0.36339431 -0.73989977
1779472264.02919412 -0.57316627 2.46171848 0.34587521 -0.47335420 0.31904619 -0.35947409 -0.73818948
1779472264.06253529 -0.57148397 2.45618651 0.36335208 -0.47763634 0.32224304 -0.35617696 -0.73563640
1779472264.09587622 -0.57365068 2.45195776 0.36971593 -0.48063863 0.32425129 -0.35420191 -0.73374969
1779472264.12921715 -0.57831422 2.44888332 0.35934696 -0.48122775 0.32467401 -0.35392126 -0.73331192
1779472264.16255760 -0.58324834 2.44659168 0.34474949 -0.48081700 0.32535676 -0.35435244 -0.73307049
1779472264.19589806 -0.58910402 2.44142652 0.33487650 -0.48114838 0.32691652 -0.35470568 -0.73198751
1779472264.22923827 -0.59118886 2.44707045 0.33138985 -0.48254462 0.33032035 -0.35472867 -0.72952500
1779472264.26257896 -0.61455609 2.42771381 0.33119131 -0.48386394 0.33166364 -0.35525648 -0.72778277
1779472264.29591942 -0.62398964 2.41773120 0.32977102 -0.48530866 0.33427990 -0.35567853 -0.72541384
1779472264.32925987 -0.62891589 2.41186476 0.32554080 -0.48633700 0.33686931 -0.35590705 -0.72341245
1779472264.36260056 -0.63338186 2.40529127 0.31978005 -0.48702210 0.33874618 -0.35602999 -0.72201326
1779472264.39594126 -0.63306141 2.40387178 0.30995684 -0.48727898 0.34006594 -0.35564146 -0.72141078
1779472264.42928028 -0.62634628 2.40042034 0.29645456 -0.48653842 0.34029729 -0.35480561 -0.72221264
1779472264.46262074 -0.61991061 2.39833972 0.27635486 -0.48484647 0.33995704 -0.35384918 -0.72397781
1779472264.49596119 -0.61322144 2.39500106 0.25598124 -0.48311664 0.33937569 -0.35348685 -0.72558218
1779472264.52930188 -0.61454740 2.39494331 0.22814802 -0.48176208 0.33864346 -0.35339269 -0.72686967
1779472264.56264234 -0.61749633 2.38975159 0.20752874 -0.48085554 0.33701126 -0.35457569 -0.72765200
1779472264.59598279 -0.62319111 2.38338862 0.18696503 -0.48016459 0.33498243 -0.35663386 -0.72803917
1779472264.62932301 -0.63261877 2.37573989 0.16462979 -0.47980375 0.33225134 -0.35911426 -0.72830924
1779472264.66266346 -0.64636443 2.36973939 0.14092581 -0.47964713 0.32889233 -0.36184430 -0.72858574
1779472264.69600391 -0.66115641 2.36420072 0.12058770 -0.47960686 0.32497282 -0.36471063 -0.72894175
1779472264.72934437 -0.67393369 2.35448633 0.09526352 -0.47888863 0.32100523 -0.36803326 -0.72950177
1779472264.76268506 -0.68599222 2.34782868 0.07093735 -0.47794955 0.31806845 -0.37086984 -0.72996729
1779472264.79602528 -0.69274827 2.34063618 0.04770597 -0.47614285 0.31697413 -0.37365736 -0.73020241
1779472264.82936573 -0.69604967 2.33532003 0.02305919 -0.47354473 0.31746393 -0.37615332 -0.73039765
1779472264.86270595 -0.69846202 2.32844498 -0.00205424 -0.47091450 0.31841088 -0.37890184 -0.73026533
1779472264.89604568 -0.70190182 2.32134598 -0.02872748 -0.46825259 0.31921476 -0.38191455 -0.73005666
1779472264.92938590 -0.70444226 2.31399135 -0.05654608 -0.46530454 0.32021889 -0.38480400 -0.72998454
1779472264.96272635 -0.70779731 2.31408306 -0.08683088 -0.46313072 0.32114904 -0.38747958 -0.72954287
1779472264.99606633 -0.71351451 2.30509184 -0.10383885 -0.46204537 0.32206702 -0.38974975 -0.72861652
1779472265.02940702 -0.71464209 2.29976653 -0.11571136 -0.46180652 0.32417393 -0.39090048 -0.72721580
1779472265.06274724 -0.71450581 2.29636896 -0.12600290 -0.46179355 0.32709424 -0.39136718 -0.72566370
1779472265.09608817 -0.71737873 2.29449155 -0.13261970 -0.46210152 0.32981598 -0.39167544 -0.72406765
1779472265.12942934 -0.72102101 2.29230333 -0.14211682 -0.46221253 0.33183420 -0.39239541 -0.72268353
1779472265.16277099 -0.72031981 2.28968296 -0.15468824 -0.46140643 0.33448392 -0.39329576 -0.72148670
1779472265.19611263 -0.71828793 2.28713301 -0.16924243 -0.46010363 0.33719132 -0.39480945 -0.72023063
1779472265.22945404 -0.71916047 2.28108924 -0.18034345 -0.45909937 0.34002643 -0.39632425 -0.71870500
1779472265.26279569 -0.71815282 2.28219100 -0.18727340 -0.45902252 0.34276801 -0.39782731 -0.71661834
1779472265.29613709 -0.72271017 2.27846004 -0.19655056 -0.45913440 0.34424756 -0.39894266 -0.71521603
1779472265.32947755 -0.72854285 2.27404037 -0.20334241 -0.45984213 0.34524317 -0.39976105 -0.71382314
1779472265.36281919 -0.73372851 2.27156733 -0.20819811 -0.46067256 0.34609567 -0.39987129 -0.71281241
1779472265.39616036 -0.73999502 2.27267665 -0.20743637 -0.46190804 0.34643764 -0.39959118 -0.71200338
1779472265.42950177 -0.74217481 2.26677106 -0.22306781 -0.46166532 0.34613019 -0.39917453 -0.71254384
1779472265.46284318 -0.74454181 2.26676204 -0.23448678 -0.46099598 0.34563519 -0.39848660 -0.71360175
1779472265.49618483 -0.74276555 2.26554169 -0.24714447 -0.45924754 0.34511040 -0.39768606 -0.71542736
1779472265.52952647 -0.74236560 2.26691003 -0.26295528 -0.45745409 0.34479416 -0.39632879 -0.71747908
1779472265.56286788 -0.73750251 2.26790432 -0.27778534 -0.45543272 0.34507515 -0.39486686 -0.71943335
1779472265.59620953 -0.73443258 2.26860763 -0.29467992 -0.45353324 0.34515238 -0.39359971 -0.72128822
1779472265.62955046 -0.73348816 2.26953291 -0.30941397 -0.45214118 0.34465271 -0.39196270 -0.72328978
1779472265.66289210 -0.72972368 2.27075617 -0.32923375 -0.44954625 0.34439552 -0.39035351 -0.72589533
1779472265.69623375 -0.73141944 2.27118524 -0.34743400 -0.44765047 0.34351439 -0.38897988 -0.72821808
1779472265.72957492 -0.73594755 2.26934373 -0.36345248 -0.44659224 0.34178308 -0.38817360 -0.73011024
1779472265.76291561 -0.74546998 2.26708454 -0.38062335 -0.44579520 0.33961747 -0.38782903 -0.73178908
1779472265.79625702 -0.75044884 2.25915857 -0.38959663 -0.44502310 0.33877322 -0.38678472 -0.73320170
1779472265.82959867 -0.75387996 2.25823882 -0.39871046 -0.44462406 0.33894850 -0.38528845 -0.73414997
1779472265.86294007 -0.75599191 2.25961768 -0.40554247 -0.44443083 0.33948485 -0.38340719 -0.73500353
1779472265.89628172 -0.75935545 2.25838029 -0.41312452 -0.44402443 0.33993625 -0.38179673 -0.73587832
1779472265.92962313 -0.76394408 2.25835758 -0.42220351 -0.44373747 0.34047017 -0.38067261 -0.73638678
1779472265.96296430 -0.77245663 2.25660753 -0.43123836 -0.44353323 0.34071186 -0.38013419 -0.73667611
1779472265.99630594 -0.78035586 2.25387063 -0.44077754 -0.44316331 0.34148698 -0.38009542 -0.73655984
1779472266.02964759 -0.78615451 2.25242874 -0.45082271 -0.44228129 0.34333424 -0.38017956 -0.73618772
1779472266.06298900 -0.78841436 2.25823686 -0.46528369 -0.44162574 0.34628898 -0.38073092 -0.73491130
1779472266.09633017 -0.80358431 2.25006643 -0.47136685 -0.44032516 0.34776636 -0.38229361 -0.73418247
1779472266.12967062 -0.81628066 2.24281784 -0.48699345 -0.43877856 0.34912648 -0.38559385 -0.73273560
1779472266.16301107 -0.83305869 2.23516237 -0.50086958 -0.43820575 0.35030848 -0.38964410 -0.73036784
1779472266.19635129 -0.85329037 2.22767629 -0.50965194 -0.43909711 0.35183312 -0.39400793 -0.72674957
1779472266.22969127 -0.87805297 2.21935527 -0.51485104 -0.44124656 0.35291869 -0.39860365 -0.72240225
1779472266.26303148 -0.90412000 2.21096253 -0.51760282 -0.44403157 0.35361712 -0.40319279 -0.71779278
1779472266.29637218 -0.92723951 2.20372940 -0.52308466 -0.44660372 0.35417936 -0.40758714 -0.71342471
1779472266.32971215 -0.94801445 2.19498198 -0.53091420 -0.44843967 0.35421409 -0.41171324 -0.70987777
1779472266.36305285 -0.96131562 2.20158710 -0.54375946 -0.45041159 0.35547111 -0.41457729 -0.70632525
1779472266.39639306 -0.98856832 2.16845128 -0.55198433 -0.45079374 0.35304465 -0.41888335 -0.70475615
1779472266.42973375 -1.00740781 2.15596536 -0.55692743 -0.45261943 0.35188806 -0.42150613 -0.70259735
1779472266.46307421 -1.02275872 2.14405960 -0.55934393 -0.45464908 0.35109807 -0.42324155 -0.70063610
1779472266.49641490 -1.03202552 2.13694414 -0.55923422 -0.45691664 0.35121193 -0.42358323 -0.69889528
1779472266.52975488 -1.03610437 2.13265514 -0.55929991 -0.45886460 0.35190311 -0.42326546 -0.69746243
1779472266.56309533 -1.04327417 2.12919562 -0.55894583 -0.46128675 0.35209841 -0.42281063 -0.69604053
1779472266.59643579 -1.05059510 2.12533666 -0.56007129 -0.46335067 0.35160120 -0.42239749 -0.69517128
1779472266.62977624 -1.05683694 2.11971372 -0.56486752 -0.46475289 0.35071033 -0.42228051 -0.69475621
1779472266.66311574 -1.05976124 2.12420913 -0.57763292 -0.46548169 0.35036347 -0.42195866 -0.69463885
1779472266.69645572 -1.07395100 2.11456179 -0.59129644 -0.46600484 0.34803352 -0.42258347 -0.69507940
1779472266.72979641 -1.08137186 2.10533543 -0.60703691 -0.46584572 0.34647579 -0.42367016 -0.69530273
1779472266.76313663 -1.08734609 2.09433837 -0.62400618 -0.46542226 0.34503679 -0.42509939 -0.69542954
1779472266.79647732 -1.09666065 2.08356019 -0.63988707 -0.46572558 0.34349701 -0.42655093 -0.69509984
1779472266.82981753 -1.11181029 2.07198271 -0.65488338 -0.46665628 0.34117117 -0.42850547 -0.69441862
1779472266.86315799 -1.12763736 2.05884571 -0.67122580 -0.46763437 0.33826707 -0.43080356 -0.69375916
1779472266.89649796 -1.14015777 2.04967964 -0.68707504 -0.46840886 0.33590349 -0.43245782 -0.69335576
1779472266.92983842 -1.15362251 2.03903192 -0.70315880 -0.46938641 0.33313284 -0.43423082 -0.69292316
1779472266.96317887 -1.16721274 2.02929798 -0.71751338 -0.47042863 0.33017504 -0.43582245 -0.69263276
1779472266.99651957 -1.17256579 2.02206204 -0.73275929 -0.47119503 0.32788699 -0.43697656 -0.69247155
1779472267.02985978 -1.17842792 2.01226937 -0.74360499 -0.47178476 0.32575248 -0.43687117 -0.69314360
1779472267.06320000 -1.18286590 2.00657718 -0.75702924 -0.47177939 0.32344001 -0.43620816 -0.69464611
1779472267.09653974 -1.18783941 2.00063970 -0.76863701 -0.47188163 0.32021613 -0.43489462 -0.69689026
1779472267.12988162 -1.19603762 1.99792628 -0.77688282 -0.47245586 0.31684732 -0.43278296 -0.69935123
1779472267.16322374 -1.19798474 1.99808381 -0.78008806 -0.47353153 0.31483449 -0.42963629 -0.70146974
1779472267.19656539 -1.19634508 2.00216688 -0.77813432 -0.47532497 0.31377479 -0.42584882 -0.70303935
1779472267.22990704 -1.19635570 2.00370566 -0.77764841 -0.47667825 0.31235683 -0.42255219 -0.70474159
1779472267.26324868 -1.20074367 2.00150717 -0.78047613 -0.47798726 0.31021235 -0.41990174 -0.70638446
1779472267.29659104 -1.20119652 1.99533765 -0.78678249 -0.47920419 0.30848694 -0.41805659 -0.70740924
1779472267.32993293 -1.20144104 1.99373529 -0.78542683 -0.48034739 0.30836846 -0.41477436 -0.70861662
1779472267.36327434 -1.19582635 2.01358544 -0.78018654 -0.48261369 0.30992347 -0.41063477 -0.70880925
1779472267.39661622 -1.19648966 2.01252679 -0.77791887 -0.48389218 0.31028797 -0.40636439 -0.71023779
1779472267.42995834 -1.19218035 2.01961521 -0.77729719 -0.48493709 0.31114200 -0.40239128 -0.71141262
1779472267.46330023 -1.18964394 2.02764313 -0.77911683 -0.48543601 0.31157494 -0.39903953 -0.71276952
1779472267.49664187 -1.18940344 2.03106891 -0.78726157 -0.48525163 0.31127335 -0.39646494 -0.71446155
1779472267.52998376 -1.18973118 2.03292873 -0.79643781 -0.48466230 0.31074510 -0.39415839 -0.71636520
1779472267.56332469 -1.18774712 2.03374420 -0.80414424 -0.48409372 0.31098620 -0.39167136 -0.71800724
1779472267.59666681 -1.18433673 2.04089549 -0.80965048 -0.48416223 0.31191058 -0.38830861 -0.71938525
1779472267.63000846 -1.18058907 2.05514340 -0.80931542 -0.48497706 0.31347196 -0.38440246 -0.72025505
1779472267.66335034 -1.18260785 2.05526093 -0.80773424 -0.48557701 0.31356298 -0.38105688 -0.72158775
1779472267.69669223 -1.18666034 2.06220695 -0.80933905 -0.48648735 0.31341929 -0.37791011 -0.72269105
1779472267.73003435 -1.18770612 2.06723594 -0.81514174 -0.48671272 0.31285223 -0.37511000 -0.72424215
1779472267.76337600 -1.19094020 2.07080504 -0.82010729 -0.48658630 0.31175507 -0.37233930 -0.72622723
1779472267.79671812 -1.19728067 2.07318596 -0.82431727 -0.48676077 0.31023869 -0.36949587 -0.72820925
1779472267.83006001 -1.20101394 2.07812877 -0.82757876 -0.48665642 0.30943008 -0.36599755 -0.73038644
1779472267.86340213 -1.20726551 2.08236264 -0.82813500 -0.48697606 0.30813504 -0.36248878 -0.73246774
1779472267.89674354 -1.21614691 2.08568179 -0.82492171 -0.48806504 0.30615832 -0.35839386 -0.73458385
1779472267.93008566 -1.23907506 2.08288706 -0.82138721 -0.48906048 0.30156111 -0.35401119 -0.73794094
1779472267.96342802 -1.26744699 2.07366972 -0.81252558 -0.49024771 0.29510586 -0.35085335 -0.74126354
1779472267.99676871 -1.28904803 2.07005394 -0.80843636 -0.49132968 0.28876122 -0.34712321 -0.74479365
1779472268.03011084 -1.31447743 2.06899410 -0.80414652 -0.49242863 0.28225542 -0.34319239 -0.74837485
1779472268.06345248 -1.33034871 2.07167620 -0.80129582 -0.49296117 0.27789921 -0.33888996 -0.75160822
1779472268.09679365 -1.34043078 2.07837960 -0.80027925 -0.49302137 0.27527179 -0.33437493 -0.75455203
1779472268.13013434 -1.35059631 2.08289662 -0.80143058 -0.49278337 0.27274620 -0.33045531 -0.75734626
1779472268.16347456 -1.36622110 2.08418168 -0.80267298 -0.49275624 0.26968549 -0.32749223 -0.75974329
1779472268.19681549 -1.38243864 2.08499110 -0.80481274 -0.49291955 0.26724799 -0.32526385 -0.76145404
1779472268.23015571 -1.39502237 2.08651136 -0.80560397 -0.49313052 0.26520437 -0.32390533 -0.76261017
1779472268.26349616 -1.41715396 2.07571871 -0.80455536 -0.49314952 0.26233443 -0.32252772 -0.76417281
1779472268.29683638 -1.43374793 2.07288808 -0.80535473 -0.49418013 0.26032913 -0.32098104 -0.76484372
1779472268.33017683 -1.44711454 2.07551325 -0.79971375 -0.49618670 0.25919218 -0.31886195 -0.76481712
1779472268.36351705 -1.46345052 2.07776078 -0.79018064 -0.49916556 0.25764742 -0.31653370 -0.76436769
1779472268.39685774 -1.48401458 2.07816463 -0.77393234 -0.50299595 0.25423620 -0.31348313 -0.76425608
1779472268.43019700 -1.50356823 2.07997917 -0.75273661 -0.50727392 0.25061444 -0.30987518 -0.76409616
1779472268.46353745 -1.51558243 2.08805442 -0.72822541 -0.51175601 0.24829469 -0.30483426 -0.76389241
1779472268.49687767 -1.52724013 2.10062342 -0.69956745 -0.51698461 0.24640707 -0.29952789 -0.76308159
1779472268.53021836 -1.53888807 2.10962761 -0.66403161 -0.52273424 0.24447909 -0.29440880 -0.76177579
1779472268.56355858 -1.55484427 2.11213192 -0.63683224 -0.52746839 0.24200329 -0.28994997 -0.76101282
1779472268.59689903 -1.55038739 2.12933920 -0.62413607 -0.53082033 0.24080175 -0.28646803 -0.76038172
1779472268.63023901 -1.57827965 2.11176312 -0.61748585 -0.53170153 0.23531286 -0.28373998 -0.76250440
1779472268.66357946 -1.59000142 2.10902998 -0.60952645 -0.53303995 0.23123129 -0.28093062 -0.76385763
1779472268.69691968 -1.59792145 2.10982780 -0.59923555 -0.53481767 0.22793187 -0.27728265 -0.76493885
1779472268.73026013 -1.60423670 2.11180329 -0.58580413 -0.53703487 0.22477459 -0.27293736 -0.76588193
1779472268.76360059 -1.60500683 2.11824870 -0.57222961 -0.53936889 0.22285243 -0.26790023 -0.76658167
1779472268.79694057 -1.60597188 2.12463552 -0.55924899 -0.54158376 0.22086947 -0.26256959 -0.76743789
1779472268.83028102 -1.60219405 2.13763361 -0.54867223 -0.54322209 0.21993476 -0.25761234 -0.76822805
1779472268.86362123 -1.60447582 2.14475066 -0.53842961 -0.54440255 0.21870280 -0.25390257 -0.76897883
1779472268.89696074 -1.60558866 2.14455333 -0.53968775 -0.54499368 0.21728109 -0.25146840 -0.76976260
1779472268.93030071 -1.61115650 2.14321732 -0.54305183 -0.54517771 0.21548406 -0.25007094 -0.77059224
1779472268.96364117 -1.61385227 2.13884996 -0.55180548 -0.54482037 0.21426875 -0.24932081 -0.77142647
1779472268.99698138 -1.61697918 2.13189437 -0.56248266 -0.54442331 0.21344171 -0.24939521 -0.77191186
1779472269.03032184 -1.61742794 2.12541802 -0.57723452 -0.54348936 0.21338460 -0.24974566 -0.77247229
1779472269.06366205 -1.61538791 2.11891420 -0.59474222 -0.54250933 0.21368948 -0.25026216 -0.77290962
1779472269.09700251 -1.61730607 2.11324485 -0.60979418 -0.54207607 0.21351841 -0.25124540 -0.77294189
1779472269.13034415 -1.61747543 2.10809310 -0.62089637 -0.54242714 0.21341972 -0.25176053 -0.77255515
1779472269.16368556 -1.62839295 2.10214159 -0.62929811 -0.54341101 0.21109088 -0.25095926 -0.77276424
1779472269.19702721 -1.63808847 2.09529010 -0.62536614 -0.54476159 0.20712357 -0.24950667 -0.77335700
1779472269.23036838 -1.64378587 2.09272829 -0.61981043 -0.54637072 0.20325455 -0.24712667 -0.77401230
1779472269.26370978 -1.64925294 2.09019454 -0.61749851 -0.54731854 0.20008513 -0.24451695 -0.77499665
1779472269.29705095 -1.65036311 2.08830585 -0.62170250 -0.54714568 0.19778619 -0.24215463 -0.77644920
1779472269.33039165 -1.65114516 2.08715046 -0.62841499 -0.54659157 0.19572747 -0.23991603 -0.77805444
1779472269.36373281 -1.65368921 2.08354685 -0.63639911 -0.54623061 0.19316746 -0.23825249 -0.77945764
1779472269.39707446 -1.65231938 2.08210272 -0.64316350 -0.54595334 0.19153334 -0.23581899 -0.78079405
1779472269.43041587 -1.63532489 2.08724213 -0.65529482 -0.54590687 0.19164115 -0.23319703 -0.78158717
1779472269.46375751 -1.62967131 2.08820709 -0.65028005 -0.54698458 0.19132691 -0.22932330 -0.78205671
1779472269.49709892 -1.62068102 2.09413104 -0.64706265 -0.54846492 0.19179299 -0.22562813 -0.78198058
1779472269.53044033 -1.61439158 2.09692851 -0.64406514 -0.54953427 0.19130444 -0.22204021 -0.78237641
1779472269.56378150 -1.61134683 2.09948301 -0.64160554 -0.55037506 0.18981039 -0.21846423 -0.78315560
1779472269.59712315 -1.60609624 2.10515029 -0.63077847 -0.55211704 0.18829432 -0.21395913 -0.78353910
1779472269.63046432 -1.60142472 2.11518218 -0.61074516 -0.55500701 0.18610084 -0.20787675 -0.78365870
1779472269.66380596 -1.59559554 2.12857003 -0.58554447 -0.55816128 0.18322082 -0.20027421 -0.78407675
1779472269.69714713 -1.58742878 2.14372524 -0.55769289 -0.56104897 0.17974282 -0.19144399 -0.78502597
1779472269.73048902 -1.57669262 2.16167564 -0.53309026 -0.56325244 0.17579074 -0.18248781 -0.78647473
1779472269.76382899 -1.56260518 2.17625466 -0.51664398 -0.56409330 0.17268430 -0.17331236 -0.78863281
1779472269.79717088 -1.55653288 2.19054902 -0.50212387 -0.56442927 0.16957556 -0.16491916 -0.79086370
1779472269.83051229 -1.54682103 2.20103262 -0.49019816 -0.56487349 0.16700599 -0.15751639 -0.79260048
1779472269.86385369 -1.54231394 2.20885741 -0.47390867 -0.56633283 0.16390228 -0.15097842 -0.79347885
1779472269.89719486 -1.53979068 2.21415191 -0.45469015 -0.56841232 0.16064181 -0.14456659 -0.79385272
1779472269.93053603 -1.53801602 2.22104525 -0.43230100 -0.57136886 0.15730249 -0.13824008 -0.79352582
1779472269.96387768 -1.53879120 2.22741096 -0.40786231 -0.57439567 0.15305746 -0.13177424 -0.79327081
1779472269.99721909 -1.53431690 2.23803473 -0.38412456 -0.57705653 0.14902908 -0.12469315 -0.79325135
1779472270.03056073 -1.52068031 2.25321664 -0.36067418 -0.57912697 0.14509329 -0.11741155 -0.79358328
1779472270.06390214 -1.52847871 2.25235352 -0.33254700 -0.58093456 0.13912712 -0.11060963 -0.79430737
1779472270.09724355 -1.53293541 2.25506097 -0.30876516 -0.58221903 0.13306154 -0.10362079 -0.79534795
1779472270.13058519 -1.53441665 2.25789451 -0.28904806 -0.58309399 0.12733390 -0.09633461 -0.79655955
1779472270.16392708 -1.53810293 2.26058947 -0.26777549 -0.58401837 0.12140070 -0.08876378 -0.79768754
1779472270.19726896 -1.54262063 2.26439947 -0.24376121 -0.58496029 0.11481710 -0.08036867 -0.79886130
1779472270.23060989 -1.54417036 2.27205386 -0.21195960 -0.58589809 0.10773474 -0.07067140 -0.80007638
1779472270.26395130 -1.54734884 2.28121851 -0.17741823 -0.58690579 0.09983404 -0.05987873 -0.80124234
1779472270.29729319 -1.54078951 2.29482338 -0.14655812 -0.58680773 0.09234788 -0.04718900 -0.80305775
1779472270.33063483 -1.51268692 2.32875308 -0.11879703 -0.58731715 0.08645158 -0.03368670 -0.80402108
1779472270.36397648 -1.49601384 2.34583330 -0.09472585 -0.58666894 0.07979765 -0.02011484 -0.80563471
1779472270.39731860 -1.48143773 2.36725632 -0.06968241 -0.58628851 0.07390170 -0.00690575 -0.80669488
1779472270.43066049 -1.46228328 2.38855630 -0.05065332 -0.58497848 0.06972233 0.00615829 -0.80802292
1779472270.46400189 -1.44620219 2.40965102 -0.03346751 -0.58383091 0.06639487 0.01802865 -0.80895498
1779472270.49734378 -1.43671847 2.42435714 -0.01925968 -0.58199784 0.06159633 0.02909245 -0.81033205
1779472270.53068590 -1.43880872 2.43285439 -0.00438624 -0.57989630 0.05554551 0.03794073 -0.81190854
1779472270.56402755 -1.43807216 2.44078282 0.00813000 -0.57828666 0.05043843 0.04603195 -0.81297083
1779472270.59736919 -1.44139022 2.44603594 0.02184804 -0.57729107 0.04608231 0.05288024 -0.81352020
1779472270.63071084 -1.43081971 2.46641201 0.02995367 -0.57742837 0.04310875 0.05846265 -0.81320369
1779472270.66405177 -1.43610796 2.46888482 0.04149545 -0.57694699 0.03919178 0.06357569 -0.81335989
1779472270.69739413 -1.44043241 2.47407981 0.04932129 -0.57619543 0.03555560 0.06887731 -0.81362801
1779472270.73073578 -1.44427420 2.47907055 0.05866056 -0.57530218 0.03170296 0.07428046 -0.81394394
1779472270.76407743 -1.44859385 2.48241281 0.06471722 -0.57385922 0.02792317 0.07934876 -0.81462241
1779472270.79741907 -1.45428696 2.48472151 0.07180222 -0.57238734 0.02368596 0.08456104 -0.81526752
1779472270.83076096 -1.45785756 2.48851907 0.08177489 -0.57108268 0.01891676 0.09011774 -0.81571167
1779472270.86410332 -1.46028927 2.49223562 0.10003863 -0.57037006 0.01283726 0.09631792 -0.81562004
1779472270.89744473 -1.45253901 2.49893756 0.13068391 -0.57135214 0.00682952 0.10423239 -0.81403053
1779472270.93078661 -1.44343253 2.50981723 0.17534077 -0.57391724 -0.00002289 0.11399701 -0.81094000
1779472270.96412873 -1.42607549 2.51953000 0.22056135 -0.57599765 -0.00753177 0.12433464 -0.80790524
1779472270.99747062 -1.40914710 2.52842564 0.27519266 -0.57746700 -0.01809164 0.13604696 -0.80479549
1779472271.03081226 -1.39552172 2.53357816 0.31651921 -0.57668451 -0.02877111 0.14683108 -0.80314870
1779472271.06415415 -1.38468043 2.54120506 0.34310046 -0.57471144 -0.03815348 0.15623423 -0.80239762
1779472271.09749484 -1.37835718 2.54193241 0.36117873 -0.57215799 -0.04663675 0.16377538 -0.80227045
1779472271.13083720 -1.37715609 2.54079282 0.37867860 -0.57037399 -0.05439935 0.16980437 -0.80179842
1779472271.16417885 -1.36905363 2.54136822 0.39150472 0.56925557 0.06007280 -0.17572431 0.80091218
1779472271.19752049 -1.35963316 2.54141392 0.40614285 0.56891309 0.06500052 -0.18133051 0.79951990
1779472271.23086238 -1.35155722 2.54120712 0.42487609 0.56920461 0.06962234 -0.18661624 0.79770497
1779472271.26420403 -1.33615781 2.54253113 0.43669053 0.56915711 0.07325346 -0.19183444 0.79617439
1779472271.29754615 -1.32135618 2.54773263 0.44531107 0.56914965 0.07593431 -0.19681627 0.79471128
1779472271.33088803 -1.31017456 2.54900226 0.44172677 0.56798100 0.07807082 -0.20291712 0.79380550
1779472271.36422968 -1.28574823 2.55981623 0.44033887 0.56728701 0.07934254 -0.20843579 0.79274506
1779472271.39757180 -1.26926306 2.56282363 0.44367565 0.56649635 0.08214020 -0.21343690 0.79169411
1779472271.43091369 -1.25772513 2.56480933 0.44254791 0.56516467 0.08531276 -0.21760713 0.79117492
1779472271.46425533 -1.24801410 2.56723568 0.44543585 0.56416485 0.08941014 -0.22147920 0.79036119
1779472271.49759722 -1.24505094 2.56396170 0.45164793 0.56293618 0.09535672 -0.22479302 0.78960626
1779472271.53093910 -1.24604347 2.55533266 0.46212298 0.56167835 0.10261464 -0.22769131 0.78876127
1779472271.56428027 -1.24748148 2.54550103 0.46916362 0.56020829 0.10939773 -0.23041094 0.78810508
1779472271.59762216 -1.24346955 2.54138969 0.46745676 0.55775406 0.11479643 -0.23394772 0.78803595
1779472271.63096380 -1.24514127 2.52488006 0.46549871 0.55408122 0.11987853 -0.23765180 0.78876154
1779472271.66430569 -1.23046831 2.52449451 0.47142590 0.55315946 0.12436372 -0.24258158 0.78721182
1779472271.69764781 -1.21518863 2.52299520 0.48722332 0.55307111 0.13011713 -0.24816262 0.78460002
1779472271.73098969 -1.19509511 2.52207191 0.50313959 0.55282913 0.13629604 -0.25434189 0.78173751
1779472271.76433134 -1.18835882 2.51195480 0.51474052 0.55036031 0.14349331 -0.26207054 0.77963596
1779472271.79767323 -1.16780053 2.51345508 0.52362676 0.54831985 0.14923733 -0.26894255 0.77765254
1779472271.83101559 -1.14884054 2.51775465 0.53677852 0.54677444 0.15491951 -0.27529627 0.77540288
1779472271.86435723 -1.12764614 2.51847438 0.55064129 0.54631414 0.15933586 -0.28148224 0.77260643
1779472271.89769912 -1.10156153 2.52273203 0.56764752 0.54762879 0.16244132 -0.28739405 0.76884341
1779472271.93104124 -1.07465079 2.52793688 0.58633511 0.54973804 0.16555846 -0.29327683 0.76443913
1779472271.96438336 -1.05358414 2.53141312 0.59943370 0.54994938 0.16959694 -0.29906373 0.76115271
1779472271.99772429 -1.03690367 2.53553157 0.60558793 0.54813502 0.17463992 -0.30468910 0.75908725
1779472272.03106594 -1.02872149 2.52368911 0.59776737 0.54404839 0.17834007 -0.30964867 0.75915998
1779472272.06440806 -1.01000632 2.53226912 0.58781355 0.54148683 0.17941734 -0.31512672 0.75848308
1779472272.09774995 -0.99678640 2.53607090 0.58395722 0.53989942 0.18108517 -0.31949957 0.75738815
1779472272.13109183 -0.98176281 2.54050189 0.58109694 0.53855927 0.18259986 -0.32415078 0.75600098
1779472272.16443348 -0.96670365 2.54470544 0.57773784 0.53708246 0.18445811 -0.32890171 0.75454708
1779472272.19777536 -0.95274077 2.54759738 0.57876098 0.53545653 0.18740727 -0.33424349 0.75262614
1779472272.23111749 -0.93451107 2.54893589 0.58377335 0.53444833 0.19076391 -0.34004270 0.74989671
1779472272.26445913 -0.92108206 2.53975957 0.58382497 0.53214329 0.19496228 -0.34713851 0.74720016
1779472272.29780102 -0.90173764 2.54298440 0.58728618 0.53020568 0.19884802 -0.35388992 0.74438118
1779472272.33114338 -0.88069949 2.54446476 0.58983466 0.52795076 0.20246551 -0.36051351 0.74182594
1779472272.36448503 -0.86348597 2.54457501 0.59345856 0.52565568 0.20637548 -0.36666007 0.73936166
1779472272.39782667 -0.84655643 2.54571194 0.60130012 0.52398237 0.21075997 -0.37264570 0.73631372
1779472272.43116784 -0.82824492 2.54668323 0.61067275 0.52217687 0.21522048 -0.37883558 0.73314055
1779472272.46450949 -0.81184670 2.55069710 0.61667227 0.51966509 0.22041175 -0.38498145 0.73017542
1779472272.49785185 -0.79818860 2.55455946 0.62069389 0.51651634 0.22590540 -0.39129044 0.72737158
1779472272.53119349 -0.78236487 2.55904593 0.62176097 0.51280436 0.23089065 -0.39804793 0.72476136
1779472272.56453538 -0.77232344 2.56528597 0.62224255 0.50794420 0.23623897 -0.40526238 0.72245847
1779472272.59787726 -0.75360647 2.57085316 0.61520466 0.50441290 0.23993304 -0.41171316 0.72006391
1779472272.63121939 -0.73585208 2.57525729 0.61375165 0.50110163 0.24380441 -0.41819557 0.71733467
1779472272.66456127 -0.71957133 2.58127103 0.61390029 0.49837771 0.24745695 -0.42429267 0.71439516
1779472272.69790316 -0.70138871 2.58596633 0.61421835 0.49599112 0.25072836 -0.42982679 0.71160173
1779472272.73124528 -0.69221753 2.58649219 0.61595448 0.49359240 0.25497228 -0.43452592 0.70890260
1779472272.76458740 -0.68475911 2.58676630 0.61754566 0.49115776 0.25900479 -0.43885701 0.70645955
1779472272.79792905 -0.67831115 2.58655487 0.61765331 0.48886176 0.26273677 -0.44278440 0.70421981
1779472272.83127093 -0.67158196 2.58742081 0.61390291 0.48604492 0.26579045 -0.44670299 0.70254694
1779472272.86461329 -0.67133541 2.58947983 0.60393725 0.48245475 0.26869725 -0.44990856 0.70186999
1779472272.89795399 -0.67390601 2.58090192 0.60264536 0.47723773 0.27162021 -0.45392590 0.70172494
1779472272.93129587 -0.67886545 2.57654978 0.58517989 0.47301418 0.27492109 -0.45728714 0.70111658
1779472272.96463799 -0.67272403 2.57944976 0.58677832 0.47087458 0.27850952 -0.45973628 0.69953709
1779472272.99798012 -0.67142455 2.57134875 0.59200914 0.47137374 0.28157895 -0.46181373 0.69659757
1779472273.03132224 -0.66111068 2.56550152 0.61262736 0.47412572 0.28558239 -0.46323296 0.69214357
1779472273.06466389 -0.64955078 2.55951352 0.63424812 0.47639369 0.29019690 -0.46493561 0.68750978
1779472273.09800553 -0.63928092 2.55471697 0.64437028 0.47638728 0.29406517 -0.46722419 0.68431162
1779472273.13134670 -0.63048733 2.55334212 0.63999886 0.47447326 0.29635348 -0.47003643 0.68272651
1779472273.16468787 -0.62215520 2.55180123 0.63122637 0.47158981 0.29832834 -0.47289697 0.68188834
1779472273.19802928 -0.61385229 2.54923516 0.62402851 0.46961761 0.29958125 -0.47535236 0.68099230
1779472273.23137069 -0.60224348 2.54665608 0.61826035 0.46851403 0.30062976 -0.47782197 0.67956053
1779472273.26471162 -0.58956012 2.54466427 0.61570688 0.46863731 0.30119333 -0.47999120 0.67769470
1779472273.29805279 -0.57867032 2.54758385 0.62061419 0.46968676 0.30259133 -0.48199452 0.67491786
1779472273.33139277 -0.56408811 2.54257047 0.61624184 0.47016601 0.30279957 -0.48381409 0.67318665
1779472273.36473417 -0.55300840 2.54221340 0.61494149 0.47139484 0.30308031 -0.48487858 0.67143279
1779472273.39807510 -0.53981785 2.53708140 0.60980845 0.47270488 0.30210967 -0.48564776 0.67039250
1779472273.43141651 -0.52782873 2.53403073 0.60574580 0.47445202 0.30118068 -0.48581285 0.66945601
1779472273.46475768 -0.51797069 2.52862562 0.60002634 0.47624393 0.30010206 -0.48571053 0.66874192
1779472273.49809885 -0.50461636 2.52724138 0.59136277 0.47774399 0.29867771 -0.48587423 0.66819049
1779472273.53144002 -0.49498316 2.52698610 0.57971861 0.47885146 0.29692153 -0.48594671 0.66812774
1779472273.56478095 -0.48433025 2.52389761 0.57292226 0.47993682 0.29639700 -0.48575902 0.66771823
1779472273.59812236 -0.47612526 2.51975038 0.56652934 0.47936227 0.29788958 -0.48604812 0.66725621
1779472273.63146329 -0.46630512 2.51578082 0.55776198 0.47732902 0.30010989 -0.48755275 0.66662086
1779472273.66480446 -0.44227052 2.51457661 0.54161210 0.47548567 0.30136967 -0.49009677 0.66550346
1779472273.69814539 -0.42594729 2.51241487 0.53777868 0.47405791 0.30291264 -0.49256603 0.66399679
1779472273.73148680 -0.40372870 2.50901854 0.53550952 0.47341389 0.30463171 -0.49537366 0.66157671
1779472273.76482725 -0.37926378 2.50495522 0.53562507 0.47400688 0.30589287 -0.49812576 0.65849659
1779472273.79816818 -0.35509311 2.49984810 0.54012018 0.47560131 0.30705504 -0.50028926 0.65515743
1779472273.83150935 -0.33369265 2.49255292 0.54760888 0.47737526 0.30921232 -0.50181952 0.65167306
1779472273.86485028 -0.31527780 2.48439041 0.55388937 0.47885287 0.31154449 -0.50320745 0.64839974
1779472273.89819169 -0.29890402 2.47660208 0.55832675 0.47983613 0.31366045 -0.50458993 0.64557216
1779472273.93153262 -0.27990159 2.47053392 0.55977857 0.48110396 0.31460220 -0.50614839 0.64294497
1779472273.96487379 -0.26234384 2.46431055 0.55820543 0.48266337 0.31448166 -0.50762613 0.64066611
1779472273.99821520 -0.24713065 2.45872091 0.55693631 0.48483190 0.31349047 -0.50820355 0.63905470
1779472274.03155613 -0.22503860 2.45502441 0.55275230 0.48714679 0.31234787 -0.50782299 0.63815564
1779472274.06489754 -0.21840479 2.45356680 0.54510229 0.48865337 0.31112338 -0.50749585 0.63786212
1779472274.09823847 -0.21427404 2.44988540 0.53150400 0.48930732 0.30984665 -0.50717210 0.63823966
