1779472199.95610094 -1.18118524 2.14600424 -0.41936334 -0.35354200 -0.44567832 0.67335954 -0.47219257
1779472199.96636534 -1.18533665 2.14275347 -0.42782166 -0.35476110 -0.44487913 0.67190927 -0.47409393
1779472199.97663450 -1.18743500 2.14079984 -0.43408890 -0.35574452 -0.44432816 0.67100312 -0.47515591
1779472199.98690057 -1.18849224 2.13937478 -0.43989771 -0.35671829 -0.44378444 0.67031736 -0.47590133
1779472199.99716616 -1.19227726 2.13627125 -0.44716125 -0.35811030 -0.44303094 0.66872059 -0.47780056
1779472200.00746417 -1.19570805 2.13351280 -0.45284160 -0.35859161 -0.44270267 0.66794226 -0.47883143
1779472200.01779079 -1.20064042 2.12954449 -0.46079099 -0.35924789 -0.44207117 0.66673531 -0.48060177
1779472200.02800727 -1.20287211 2.12720811 -0.46642788 -0.35925106 -0.44161696 0.66653102 -0.48129984
1779472200.03829741 -1.21035007 2.12193240 -0.47362782 -0.35982787 -0.44130721 0.66488623 -0.48342337
1779472200.04862833 -1.21424684 2.11912722 -0.47735808 -0.36070063 -0.44135042 0.66366809 -0.48440637
1779472200.05890107 -1.21951628 2.11505654 -0.48345499 -0.36120562 -0.44098813 0.66246306 -0.48600686
1779472200.06915998 -1.22330495 2.11168112 -0.49139369 -0.36178950 -0.44030556 0.66156184 -0.48741697
1779472200.07949424 -1.22658869 2.10958740 -0.49387635 -0.36316933 -0.44045242 0.66009763 -0.48824259
1779472200.08977580 -1.23082658 2.10648292 -0.49996444 -0.36329852 -0.44015284 0.65949529 -0.48922963
1779472200.10000968 -1.23529919 2.10364669 -0.50199716 -0.36427540 -0.44041886 0.65804698 -0.49021305
1779472200.11027217 -1.23733760 2.10224027 -0.50559883 -0.36529728 -0.44031272 0.65713527 -0.49077066
1779472200.12053013 -1.24166029 2.09922408 -0.51044387 -0.36609972 -0.44019339 0.65598577 -0.49181647
1779472200.13078427 -1.24634369 2.09694418 -0.50972420 -0.36676219 -0.44092899 0.65474129 -0.49232200
1779472200.14103794 -1.24799056 2.09483668 -0.51815253 -0.36789347 -0.43999602 0.65387677 -0.49346030
1779472200.15129161 -1.25034455 2.09346256 -0.52011728 -0.36843966 -0.44019851 0.65333902 -0.49358446
1779472200.16154003 -1.25426491 2.09155597 -0.52045229 -0.36836003 -0.44069688 0.65293041 -0.49373984
1779472200.17180014 -1.25932644 2.08829349 -0.52385902 -0.36884234 -0.44084351 0.65191586 -0.49458875
1779472200.18200421 -1.26485356 2.08402242 -0.53134017 -0.37031044 -0.44034896 0.64999612 -0.49645546
1779472200.19226146 -1.26426664 2.08514903 -0.53028266 -0.37022815 -0.44065353 0.65053852 -0.49553529
1779472200.19247746 -1.26581442 2.08369329 -0.53295957 -0.37049078 -0.44043739 0.65011339 -0.49608877
1779472200.20255852 -1.26995881 2.08140678 -0.53483693 -0.37125084 -0.44063820 0.64897089 -0.49683757
1779472200.21284151 -1.27446373 2.07901473 -0.53566982 -0.37101522 -0.44117510 0.64870862 -0.49687964
1779472200.22308612 -1.28071004 2.07525146 -0.53879236 -0.37140100 -0.44148668 0.64758705 -0.49777687
1779472200.23335719 -1.28294011 2.07364130 -0.54228582 -0.37141889 -0.44130962 0.64750173 -0.49803146
1779472200.24363899 -1.28844291 2.07108938 -0.54252164 -0.37179143 -0.44201438 0.64654052 -0.49837714
1779472200.25387478 -1.29540649 2.06704103 -0.54636097 -0.37170960 -0.44224813 0.64565637 -0.49937603
1779472200.26411152 -1.30205612 2.06422448 -0.54467771 -0.37106287 -0.44327435 0.64524336 -0.49948093
1779472200.27439952 -1.30739886 2.06161995 -0.54723852 -0.37129893 -0.44359393 0.64447797 -0.50000967
1779472200.28467607 -1.31140056 2.06060319 -0.54733579 -0.37075910 -0.44418397 0.64468792 -0.49961563
1779472200.29498076 -1.31195308 2.06250228 -0.54259909 -0.37000885 -0.44519297 0.64567306 -0.49799897
1779472200.29518914 -1.31227248 2.06312599 -0.54084784 -0.36976988 -0.44555616 0.64596926 -0.49746725
1779472200.30528831 -1.31895744 2.05872963 -0.54739492 -0.37039672 -0.44525137 0.64447498 -0.49920886
1779472200.31556392 -1.32202114 2.05833490 -0.54836423 -0.36997425 -0.44560685 0.64483750 -0.49873659
1779472200.32586789 -1.32755052 2.05679003 -0.54860495 -0.37011871 -0.44622571 0.64420772 -0.49888995
1779472200.33613944 -1.32767205 2.05811589 -0.54941910 -0.37011977 -0.44621550 0.64466805 -0.49830332
1779472200.34640503 -1.33072954 2.05743656 -0.55239218 -0.36961620 -0.44625015 0.64513805 -0.49803772
1779472200.35670209 -1.33611292 2.05620793 -0.55198569 -0.36989093 -0.44693852 0.64444204 -0.49811758
1779472200.36704421 -1.33716566 2.05653030 -0.55401984 -0.36934646 -0.44685077 0.64521775 -0.49759586
1779472200.37734962 -1.34105840 2.05538373 -0.55769471 -0.36935920 -0.44675598 0.64506153 -0.49787398
1779472200.38763762 -1.34376918 2.05469029 -0.56158326 -0.36930938 -0.44652204 0.64519935 -0.49794222
1779472200.39795709 -1.34831124 2.05348857 -0.56263297 -0.36914846 -0.44687909 0.64504104 -0.49794633
1779472200.40828180 -1.35282849 2.05035116 -0.56967443 -0.36918259 -0.44625457 0.64458072 -0.49907591
1779472200.41856551 -1.35416460 2.05105156 -0.57089891 -0.36833741 -0.44631151 0.64572656 -0.49816744
1779472200.42883372 -1.35770197 2.05042494 -0.57195754 -0.36776295 -0.44649305 0.64614983 -0.49788027
1779472200.43907213 -1.36096205 2.04758835 -0.57965540 -0.36760393 -0.44564886 0.64607767 -0.49884676
1779472200.44932485 -1.36616569 2.04448205 -0.58601124 -0.36729562 -0.44516383 0.64589446 -0.49974337
1779472200.45959496 -1.36910539 2.04346471 -0.58872620 -0.36640733 -0.44502064 0.64670693 -0.49947216
1779472200.46986508 -1.37323186 2.03933104 -0.59883810 -0.36660494 -0.44386715 0.64608628 -0.50115397
1779472200.48013163 -1.37688891 2.03822521 -0.60024964 -0.36526588 -0.44397007 0.64714354 -0.50067619
1779472200.49048471 -1.37983396 2.03691203 -0.60306897 -0.36489142 -0.44385624 0.64747637 -0.50061985
1779472200.50074434 -1.38435634 2.03378448 -0.60947380 -0.36409705 -0.44330531 0.64780284 -0.50126362
1779472200.51103115 -1.39003823 2.03007743 -0.61326466 -0.36418145 -0.44325866 0.64693945 -0.50235742
1779472200.52131486 -1.39187576 2.03002889 -0.61404064 -0.36334757 -0.44336376 0.64789515 -0.50163632
1779472200.53156114 -1.39651906 2.02779228 -0.61627285 -0.36241992 -0.44351185 0.64829091 -0.50166516
1779472200.54181933 -1.40324202 2.02392823 -0.61784104 -0.36297772 -0.44389569 0.64674987 -0.50290993
1779472200.55203271 -1.40610218 2.02273012 -0.62004228 -0.36204323 -0.44388810 0.64754176 -0.50257111
1779472200.56232309 -1.40874984 2.02101219 -0.62513395 -0.36164197 -0.44337791 0.64785889 -0.50290156
1779472200.57254505 -1.41650593 2.01653288 -0.62543663 -0.36078111 -0.44409367 0.64734728 -0.50354673
1779472200.58282089 -1.41689283 2.01666418 -0.62928513 -0.36039981 -0.44356561 0.64814872 -0.50325417
1779472200.59309864 -1.42401142 2.01241125 -0.63170622 -0.36043588 -0.44395346 0.64706955 -0.50427403
1779472200.60337973 -1.42715634 2.01028564 -0.63495353 -0.36011364 -0.44380608 0.64705309 -0.50465495
1779472200.60354948 -1.42890123 2.00975363 -0.63355879 -0.36022190 -0.44421440 0.64672278 -0.50464185
1779472200.61365676 -1.42868956 2.01052381 -0.63524497 -0.35909588 -0.44394365 0.64817285 -0.50382154
1779472200.62395597 -1.43406348 2.00749435 -0.63748713 -0.35934195 -0.44421262 0.64728578 -0.50454893
1779472200.63419485 -1.43410912 2.00847200 -0.63886343 -0.35829215 -0.44405123 0.64873041 -0.50358127
1779472200.64453793 -1.43880897 2.00568163 -0.64039936 -0.35854882 -0.44438268 0.64783373 -0.50426008
1779472200.65488315 -1.43953486 2.00569408 -0.64348746 -0.35725073 -0.44398653 0.64933748 -0.50359579
1779472200.66512871 -1.44708750 2.00072690 -0.64664307 -0.35785907 -0.44435106 0.64755324 -0.50513743
1779472200.67535353 -1.44761999 2.00094182 -0.64735634 -0.35680691 -0.44438555 0.64874420 -0.50432259
1779472200.68561506 -1.45486257 1.99640497 -0.64986317 -0.35702958 -0.44477636 0.64736622 -0.50558961
1779472200.69591331 -1.45870516 1.99299343 -0.65582872 -0.35687838 -0.44438108 0.64704807 -0.50645045
1779472200.70614362 -1.45999382 1.99354970 -0.65429939 -0.35555612 -0.44475069 0.64833022 -0.50541526
1779472200.70630121 -1.46066214 1.99375941 -0.65309405 -0.35547971 -0.44502004 0.64837463 -0.50517491
1779472200.71639824 -1.46415410 1.99097932 -0.65677651 -0.35632219 -0.44499645 0.64713209 -0.50619434
1779472200.72666311 -1.46721595 1.98874147 -0.66104177 -0.35609532 -0.44477963 0.64703158 -0.50667282
1779472200.73692656 -1.47040163 1.98856496 -0.65815889 -0.35544497 -0.44567502 0.64739920 -0.50587244
1779472200.74719930 -1.47245211 1.98762858 -0.65915390 -0.35595675 -0.44594067 0.64675416 -0.50610352
1779472200.75745106 -1.47621861 1.98601731 -0.65996541 -0.35652722 -0.44640919 0.64578703 -0.50652373
1779472200.76768041 -1.47946561 1.98506954 -0.65952206 -0.35565115 -0.44700523 0.64625800 -0.50601302
1779472200.77795649 -1.48149737 1.98507253 -0.65825862 -0.35602424 -0.44754728 0.64573625 -0.50593762
1779472200.78820109 -1.48605696 1.98316002 -0.65796713 -0.35640251 -0.44837282 0.64473272 -0.50622009
1779472200.79848194 -1.49006062 1.98173130 -0.65766871 -0.35582288 -0.44902348 0.64472010 -0.50606716
1779472200.80880332 -1.49306628 1.98068768 -0.65729140 -0.35676370 -0.44964559 0.64342366 -0.50650222
1779472200.80900836 -1.49325574 1.98104286 -0.65689515 -0.35690896 -0.44978966 0.64334270 -0.50637478
1779472200.81910443 -1.49861110 1.97820178 -0.65670389 -0.35746932 -0.45060501 0.64187229 -0.50712007
1779472200.82939482 -1.49873932 1.98014838 -0.65468208 -0.35655515 -0.45111139 0.64306865 -0.50579606
1779472200.83964968 -1.50196540 1.97671303 -0.66233896 -0.35843013 -0.45071547 0.64086363 -0.50761917
1779472200.84994459 -1.50360733 1.97698870 -0.66110776 -0.35863113 -0.45125882 0.64059137 -0.50733805
1779472200.86023378 -1.50272324 1.97782608 -0.66484521 -0.35766688 -0.45079868 0.64204920 -0.50658443
1779472200.87050176 -1.50795548 1.97471928 -0.66671952 -0.35869105 -0.45134737 0.64018759 -0.50772643
1779472200.88079238 -1.50976036 1.97348708 -0.66879842 -0.35917502 -0.45144132 0.63954490 -0.50811057
1779472200.89120579 -1.51084073 1.97228224 -0.67418994 -0.35958105 -0.45100213 0.63922351 -0.50861760
1779472200.90149283 -1.51371587 1.97039383 -0.67625625 -0.35998494 -0.45124120 0.63848169 -0.50905142
1779472200.91175485 -1.51291337 1.96935854 -0.68456305 -0.36047827 -0.45020062 0.63847299 -0.50963425
1779472200.92201781 -1.51311724 1.96950194 -0.68580503 -0.36093932 -0.45024769 0.63822102 -0.50958195
1779472200.93227482 -1.51427566 1.96593884 -0.69674674 -0.36038479 -0.44892290 0.63866535 -0.51058555
1779472200.94253850 -1.51578877 1.96516553 -0.69817018 -0.36141866 -0.44920742 0.63762064 -0.51091014
1779472200.95279479 -1.51302846 1.96571664 -0.70468625 -0.36144333 -0.44816909 0.63842880 -0.51079531
1779472200.96301174 -1.51469258 1.96309531 -0.71100383 -0.36240595 -0.44774023 0.63731848 -0.51187476
1779472200.97329521 -1.51520369 1.96271517 -0.71328006 -0.36316044 -0.44780352 0.63673305 -0.51201320
1779472200.98360300 -1.51276794 1.96223770 -0.72138271 -0.36391248 -0.44664220 0.63669378 -0.51254218
1779472200.99389911 -1.51495738 1.96108761 -0.72227198 -0.36452103 -0.44705609 0.63586527 -0.51277737
1779472201.00420952 -1.51232747 1.96082180 -0.73035560 -0.36549076 -0.44598284 0.63571731 -0.51320495
1779472201.01449013 -1.51456541 1.95884029 -0.73231115 -0.36692278 -0.44628814 0.63392964 -0.51412818
1779472201.01466417 -1.51531051 1.95809124 -0.73316208 -0.36683556 -0.44630897 0.63388169 -0.51423145
1779472201.02475667 -1.51279776 1.95817917 -0.73952126 -0.36685884 -0.44535650 0.63455358 -0.51421195
1779472201.03497362 -1.51430777 1.95761792 -0.73934919 -0.36755552 -0.44595165 0.63375494 -0.51418356
1779472201.04522681 -1.51331665 1.95442127 -0.75168835 -0.36820657 -0.44443712 0.63330417 -0.51558258
1779472201.05549836 -1.51208151 1.95598248 -0.75083269 -0.36904049 -0.44479023 0.63297159 -0.51509003
1779472201.06579089 -1.51440259 1.95403361 -0.75282516 -0.37016269 -0.44520225 0.63146664 -0.51577556
1779472201.07605720 -1.51125056 1.95293624 -0.76352711 -0.37080694 -0.44372715 0.63156138 -0.51646747
1779472201.08630586 -1.51240369 1.95436959 -0.75823577 -0.37179001 -0.44501516 0.63056463 -0.51587008
1779472201.09657550 -1.51325894 1.95090761 -0.76735131 -0.37190927 -0.44417043 0.63020440 -0.51695120
1779472201.10685205 -1.51181034 1.95199664 -0.76810459 -0.37376980 -0.44449518 0.62881786 -0.51701863
1779472201.11711383 -1.51033586 1.95167861 -0.77280473 -0.37312573 -0.44391447 0.62986257 -0.51671101
1779472201.12740469 -1.51180998 1.94953464 -0.77634483 -0.37402903 -0.44407376 0.62860563 -0.51745120
1779472201.13769269 -1.51040393 1.94970384 -0.77929996 -0.37495854 -0.44400260 0.62806467 -0.51749643
1779472201.14796948 -1.51229641 1.94703266 -0.78279356 -0.37613331 -0.44425165 0.62640821 -0.51843703
1779472201.15827441 -1.51209672 1.94607013 -0.78633921 -0.37582113 -0.44401050 0.62678166 -0.51841866
1779472201.16859150 -1.51133747 1.94496153 -0.79065365 -0.37672181 -0.44382462 0.62602351 -0.51883999
1779472201.17884946 -1.51110846 1.94277402 -0.79670064 -0.37740331 -0.44341472 0.62527296 -0.51959971
1779472201.18910694 -1.51045178 1.94349442 -0.79586911 -0.37692595 -0.44377468 0.62599963 -0.51876327
1779472201.19938064 -1.51022291 1.93996324 -0.80503721 -0.37739378 -0.44287362 0.62538345 -0.51993502
1779472201.20964456 -1.51055472 1.93704734 -0.81088923 -0.37744444 -0.44248023 0.62511563 -0.52055488
1779472201.21990037 -1.51141673 1.93450097 -0.81483494 -0.37790345 -0.44240223 0.62431050 -0.52125392
1779472201.23018408 -1.51070248 1.93092504 -0.82400487 -0.37786302 -0.44139245 0.62426450 -0.52219352
1779472201.24046803 -1.51086798 1.92723955 -0.83132122 -0.37915492 -0.44094525 0.62261715 -0.52359977
1779472201.25077581 -1.51028907 1.92427014 -0.83823435 -0.37887631 -0.44027352 0.62281498 -0.52413116
1779472201.26107621 -1.51466141 1.92071657 -0.83721018 -0.37938610 -0.44128989 0.62117305 -0.52485566
1779472201.27134895 -1.50963443 1.91720481 -0.85393611 -0.37887884 -0.43869611 0.62242134 -0.52591656
1779472201.28160977 -1.50852003 1.91531323 -0.85886086 -0.38115230 -0.43859638 0.62002283 -0.52718862
1779472201.29189730 -1.50586678 1.91269090 -0.86907679 -0.38059845 -0.43712065 0.62089985 -0.52778190
1779472201.30228877 -1.50898142 1.90826053 -0.87244829 -0.38157510 -0.43758211 0.61884231 -0.52910919
1779472201.31257176 -1.50345166 1.90639978 -0.88598985 -0.38211411 -0.43562752 0.61909346 -0.53003845
1779472201.32280302 -1.50293439 1.90423845 -0.89161661 -0.38266811 -0.43520560 0.61832928 -0.53087673
1779472201.33309269 -1.50175497 1.90178440 -0.89897245 -0.38408121 -0.43474486 0.61668052 -0.53215004
1779472201.34342504 -1.49854617 1.90017736 -0.90840290 -0.38420418 -0.43363937 0.61687759 -0.53273454
1779472201.35378146 -1.49895795 1.89576977 -0.91738030 -0.38577892 -0.43316611 0.61448539 -0.53474241
1779472201.36406207 -1.49602683 1.89454195 -0.92548985 -0.38641448 -0.43220446 0.61409604 -0.53550837
1779472201.37444782 -1.49464661 1.89134179 -0.93525570 -0.38590443 -0.43119675 0.61442871 -0.53630633
1779472201.38475204 -1.49283274 1.88833618 -0.94509292 -0.38776933 -0.43044222 0.61217413 -0.53814243
1779472201.39498162 -1.49073180 1.88338723 -0.95946805 -0.38773331 -0.42854714 0.61194595 -0.53993739
1779472201.39515448 -1.49045958 1.88267763 -0.96145520 -0.38773112 -0.42840118 0.61187439 -0.54013585
1779472201.40528107 -1.48674552 1.88269849 -0.96809278 -0.38739389 -0.42745315 0.61282885 -0.54004683
1779472201.41555476 -1.48167646 1.88093656 -0.98020246 -0.38874469 -0.42591992 0.61182716 -0.54142156
1779472201.42582083 -1.48129341 1.87789659 -0.98732237 -0.39019233 -0.42568463 0.60973507 -0.54292328
1779472201.43615460 -1.47863963 1.87605892 -0.99539720 -0.39008430 -0.42471785 0.61003669 -0.54341901
1779472201.44645953 -1.47189520 1.87203699 -1.01359282 -0.39027453 -0.42193742 0.61039640 -0.54504206
1779472201.45675373 -1.47170130 1.87198811 -1.01367050 -0.39142080 -0.42266510 0.60893824 -0.54528725
1779472201.46716523 -1.46764845 1.86773373 -1.02761098 -0.39228083 -0.42079570 0.60802600 -0.54712989
1779472201.46742725 -1.46647584 1.86666301 -1.03122378 -0.39226540 -0.42029082 0.60809344 -0.54745398
1779472201.47749472 -1.46574995 1.86713317 -1.03125666 -0.39067534 -0.42033409 0.61006224 -0.54636625
1779472201.48779082 -1.46746477 1.86114546 -1.03899924 -0.39104647 -0.42015191 0.60845079 -0.54803528
1779472201.49807906 -1.46182466 1.85863888 -1.05115214 -0.39131787 -0.41831929 0.60866656 -0.54900302
1779472201.50839233 -1.46180311 1.85325076 -1.06040625 -0.39119936 -0.41747509 0.60803621 -0.55042673
1779472201.51873231 -1.46201565 1.84967687 -1.06596806 -0.39163615 -0.41737367 0.60682704 -0.55152632
1779472201.52902722 -1.45967037 1.84623027 -1.07489591 -0.39207086 -0.41650624 0.60611989 -0.55264968
1779472201.53931165 -1.46059673 1.84139195 -1.08115644 -0.39328954 -0.41641004 0.60374462 -0.55445329
1779472201.54966354 -1.45471299 1.84048464 -1.09065140 -0.39327113 -0.41492022 0.60454775 -0.55470808
1779472201.55998850 -1.45108265 1.83699850 -1.10095093 -0.39408982 -0.41375553 0.60357204 -0.55605789
1779472201.57029200 -1.45035550 1.83135511 -1.11081628 -0.39514730 -0.41308817 0.60148568 -0.55806071
1779472201.58063865 -1.44503579 1.83167909 -1.11716205 -0.39511389 -0.41199505 0.60239347 -0.55791325
1779472201.59093285 -1.44014731 1.82724695 -1.13043015 -0.39673585 -0.41043195 0.60045703 -0.55999788
1779472201.60122561 -1.44027354 1.82370717 -1.13562516 -0.39726136 -0.41046595 0.59910774 -0.56104458
1779472201.61158252 -1.43336183 1.82304727 -1.14543611 -0.39814004 -0.40888090 0.59897892 -0.56171627
1779472201.62195158 -1.43237097 1.82105476 -1.14975236 -0.39828657 -0.40864406 0.59858438 -0.56220511
1779472201.63231826 -1.42763227 1.81460223 -1.16572160 -0.40002568 -0.40687561 0.59598818 -0.56500423
1779472201.64263487 -1.42646208 1.81612675 -1.16411905 -0.40016530 -0.40749529 0.59611492 -0.56432466
1779472201.65296435 -1.42182359 1.81398155 -1.17274204 -0.40139556 -0.40634266 0.59493218 -0.56552891
1779472201.66325951 -1.41958779 1.80781119 -1.18509128 -0.40139457 -0.40502796 0.59423316 -0.56720517
1779472201.67358088 -1.42003402 1.80665727 -1.18564538 -0.40259701 -0.40583439 0.59224635 -0.56785417
1779472201.68387699 -1.41608258 1.80459939 -1.19299684 -0.40324744 -0.40478143 0.59170869 -0.56870408
1779472201.68405890 -1.41552300 1.80175498 -1.19819582 -0.40243305 -0.40402725 0.59240804 -0.56908904
1779472201.69422722 -1.41220539 1.80263385 -1.20054668 -0.40289874 -0.40379908 0.59245396 -0.56887363
1779472201.70452476 -1.41468613 1.80135116 -1.19880753 -0.40393704 -0.40508891 0.59032101 -0.56943739
1779472201.71482038 -1.41208866 1.80004791 -1.20352898 -0.40293385 -0.40448009 0.59181142 -0.56903376
1779472201.72511578 -1.40917531 1.79883744 -1.20819970 -0.40456250 -0.40410710 0.58995073 -0.57007436
1779472201.73541164 -1.40698652 1.79658404 -1.21408936 -0.40403839 -0.40350544 0.59064212 -0.57015632
1779472201.74570704 -1.40635969 1.79457685 -1.21743543 -0.40427921 -0.40351067 0.59005426 -0.57059042
1779472201.75605297 -1.40519985 1.79220348 -1.22195745 -0.40469648 -0.40323354 0.58928182 -0.57128838
1779472201.75623107 -1.40495797 1.79155172 -1.22332256 -0.40460278 -0.40314301 0.58931626 -0.57138311
1779472201.76640701 -1.40327007 1.79261350 -1.22346011 -0.40478283 -0.40331440 0.58952734 -0.57091669
1779472201.77671456 -1.39919184 1.79357525 -1.22687619 -0.40523153 -0.40288623 0.58980026 -0.57061874
1779472201.78708339 -1.39782379 1.79392035 -1.22785674 -0.40564652 -0.40302239 0.58952488 -0.57051228
1779472201.79741621 -1.39597709 1.79054187 -1.23532983 -0.40632508 -0.40240675 0.58834763 -0.57167806
1779472201.80776262 -1.39195387 1.79195467 -1.23821743 -0.40728871 -0.40216880 0.58795757 -0.57156107
1779472201.81806087 -1.39056685 1.79183932 -1.24051268 -0.40776742 -0.40223340 0.58750470 -0.57163997
1779472201.82835698 -1.38886851 1.79292892 -1.24133601 -0.40829228 -0.40237637 0.58722715 -0.57144986
1779472201.82854009 -1.38658060 1.79271585 -1.24452280 -0.40878415 -0.40186627 0.58691261 -0.57178021
1779472201.83871603 -1.38523240 1.79373772 -1.24521403 -0.40943485 -0.40208131 0.58639783 -0.57169161
1779472201.84901619 -1.38077283 1.79832111 -1.24439272 -0.41034223 -0.40221974 0.58666117 -0.57067259
1779472201.85934353 -1.37830860 1.79932428 -1.24683727 -0.41140112 -0.40227817 0.58572634 -0.57082926
1779472201.86967373 -1.37621365 1.79828026 -1.25172101 -0.41225166 -0.40188924 0.58467670 -0.57156519
1779472201.88001704 -1.37274175 1.80171162 -1.25179169 -0.41337296 -0.40209562 0.58426985 -0.57102596
1779472201.89032483 -1.36721305 1.80063798 -1.26085069 -0.41466937 -0.40089591 0.58323200 -0.57198970
1779472201.90063262 -1.36980846 1.80302494 -1.25544006 -0.41519506 -0.40241297 0.58235071 -0.57144073
1779472201.90081406 -1.36904973 1.80307274 -1.25665773 -0.41556494 -0.40233977 0.58195226 -0.57162929
1779472201.91095066 -1.36142328 1.80449074 -1.26417928 -0.41678708 -0.40086249 0.58184071 -0.57189089
1779472201.92126727 -1.36350085 1.80369569 -1.26425179 -0.41737880 -0.40171232 0.58043677 -0.57228952
1779472201.93159986 -1.35553795 1.80652192 -1.27009465 -0.41878242 -0.40054329 0.58032442 -0.57219745
1779472201.94190073 -1.35220411 1.80646628 -1.27466662 -0.41970714 -0.40000131 0.57960571 -0.57262735
1779472201.95217061 -1.35124510 1.80742336 -1.27531525 -0.42030236 -0.40028924 0.57907114 -0.57253041
1779472201.96249485 -1.34580581 1.80708315 -1.28280068 -0.42132528 -0.39914833 0.57851972 -0.57313223
1779472201.97287393 -1.34485627 1.80789463 -1.28341554 -0.42182819 -0.39932200 0.57813445 -0.57303008
1779472201.97305536 -1.34505553 1.80696404 -1.28483457 -0.42206954 -0.39930945 0.57759181 -0.57340821
1779472201.98320103 -1.34468962 1.80730615 -1.28522871 -0.42245923 -0.39957211 0.57718115 -0.57335177
1779472201.99354386 -1.34077390 1.80843056 -1.28857149 -0.42341579 -0.39915625 0.57672687 -0.57339295
1779472202.00385857 -1.33904970 1.80888419 -1.29060289 -0.42419284 -0.39915195 0.57605400 -0.57349798
1779472202.01416278 -1.33806617 1.80852296 -1.29269422 -0.42471456 -0.39911662 0.57547422 -0.57371848
1779472202.02449656 -1.33839520 1.80899490 -1.29234390 -0.42517219 -0.39964775 0.57489751 -0.57358795
1779472202.03479910 -1.33655953 1.80975861 -1.29372716 -0.42599330 -0.39972973 0.57423490 -0.57358533
1779472202.04504657 -1.33391841 1.81113122 -1.29507321 -0.42669644 -0.39955657 0.57402276 -0.57339565
1779472202.04522777 -1.33330470 1.81149300 -1.29535633 -0.42688818 -0.39955480 0.57394660 -0.57333039
1779472202.05533218 -1.33096962 1.81072740 -1.29942792 0.42772265 0.39913756 -0.57308426 0.57386146
1779472202.06564784 -1.33319573 1.81230485 -1.29543716 0.42806088 0.40033334 -0.57257797 0.57328141
1779472202.07596159 -1.33727694 1.81953888 -1.28200483 -0.42793390 -0.40276946 0.57350704 -0.57073550
1779472202.08625793 -1.33554818 1.82070521 -1.28259614 -0.42865327 -0.40283369 0.57308294 -0.57057632
1779472202.09655356 -1.33341682 1.82065054 -1.28605994 -0.42943436 -0.40254379 0.57242425 -0.57085472
1779472202.10688853 -1.33506386 1.82164842 -1.28362126 -0.42990022 -0.40348372 0.57174581 -0.57052031
1779472202.11720252 -1.33383290 1.82148964 -1.28595620 -0.43059948 -0.40337561 0.57098403 -0.57083224
1779472202.11740088 -1.33331697 1.82206457 -1.28602404 -0.43072800 -0.40336808 0.57103828 -0.57068631
1779472202.12755728 -1.33225331 1.82268499 -1.28694447 -0.43100850 -0.40335050 0.57106476 -0.57046042
1779472202.13790607 -1.33285848 1.82143659 -1.28955219 0.43126690 0.40339275 -0.57045276 0.57084744
1779472202.14823031 -1.33254800 1.82175002 -1.29074291 0.43166890 0.40348862 -0.57010877 0.57081948
1779472202.15851164 -1.33311300 1.82102025 -1.29224117 0.43181043 0.40358132 -0.56976588 0.57098925
1779472202.16882300 -1.33246659 1.82098836 -1.29419468 0.43225940 0.40356521 -0.56934492 0.57108081
1779472202.17905188 -1.33303456 1.82033146 -1.29615757 0.43239805 0.40363053 -0.56905873 0.57121492
1779472202.18937135 -1.33200441 1.82082728 -1.29781980 0.43283867 0.40351048 -0.56879026 0.57123341
1779472202.18957043 -1.33212630 1.82080789 -1.29810576 0.43288098 0.40354727 -0.56874419 0.57122123
1779472202.19961643 -1.33180538 1.82027481 -1.30053877 0.43299489 0.40333681 -0.56866056 0.57136680
1779472202.20992303 -1.33184364 1.82085230 -1.30096598 0.43322081 0.40347396 -0.56856072 0.57119804
1779472202.21008778 -1.33167810 1.82085829 -1.30161033 0.43324001 0.40340362 -0.56861358 0.57118054
1779472202.22039270 -1.33127351 1.81991343 -1.30521324 0.43349787 0.40310707 -0.56829675 0.57150949
1779472202.23074722 -1.33237745 1.81945237 -1.30632874 0.43338941 0.40321303 -0.56831438 0.57149947
1779472202.24100590 -1.33154835 1.81988268 -1.30843236 0.43379524 0.40304301 -0.56815520 0.57146976
1779472202.25127721 -1.33119153 1.81984698 -1.31099652 0.43385928 0.40277609 -0.56836150 0.57140420
1779472202.26162148 -1.33209778 1.81862434 -1.31325552 0.43375795 0.40267181 -0.56829743 0.57161831
1779472202.26180124 -1.33229025 1.81857134 -1.31362007 0.43368618 0.40266866 -0.56842351 0.57154962
1779472202.27191114 -1.33272731 1.81737831 -1.31641297 0.43360529 0.40243765 -0.56843232 0.57176489
1779472202.28214788 -1.33094455 1.81885137 -1.31815976 0.43377340 0.40205339 -0.56910641 0.57123691
1779472202.29244494 -1.33017369 1.81811457 -1.32217116 0.43385284 0.40152468 -0.56928325 0.57137223
1779472202.30271292 -1.33238299 1.81688829 -1.32335226 0.43353137 0.40166717 -0.56935192 0.57144766
1779472202.31298399 -1.33043115 1.81743036 -1.32668084 0.43387070 0.40109046 -0.56964176 0.57130633
1779472202.32326412 -1.33180410 1.81720755 -1.32792253 0.43365530 0.40111348 -0.57002765 0.57106877
1779472202.33358788 -1.33180620 1.81696842 -1.32989417 0.43363395 0.40089184 -0.57029358 0.57097509
1779472202.34393167 -1.32958053 1.81686836 -1.33479181 0.43395530 0.40002644 -0.57057751 0.57105424
1779472202.35417581 -1.33011592 1.81634133 -1.33745687 -0.43376591 -0.39973679 0.57105335 -0.57092531
1779472202.36442900 -1.33035329 1.81491610 -1.34093561 -0.43367360 -0.39934263 0.57116960 -0.57115493
1779472202.36458421 -1.33132457 1.81564041 -1.33972884 -0.43354704 -0.39957127 0.57143212 -0.57082842
1779472202.37469792 -1.32775097 1.81246706 -1.34924528 0.43380075 0.39794363 -0.57139247 0.57181153
1779472202.38500953 -1.32858675 1.81138362 -1.35251547 -0.43354994 -0.39757932 0.57184314 -0.57180465
1779472202.39525437 -1.32516579 1.80540050 -1.36667312 0.43376575 0.39546089 -0.57139429 0.57355604
1779472202.40563488 -1.32994711 1.80405491 -1.36564853 0.43357349 0.39625445 -0.57087507 0.57367072
1779472202.41595817 -1.32791408 1.80356220 -1.37139770 0.43368391 0.39523232 -0.57142338 0.57374645
1779472202.42621779 -1.32972360 1.80377555 -1.37210315 0.43293952 0.39512953 -0.57276685 0.57303940
1779472202.43647408 -1.33338330 1.81166099 -1.36044057 -0.43284492 -0.39692464 0.57412432 -0.57050623
1779472202.44688845 -1.32839812 1.80938113 -1.37141670 -0.43334546 -0.39494768 0.57427160 -0.57134944
1779472202.45727324 -1.32599634 1.80245196 -1.38651237 -0.43349178 -0.39281300 0.57358487 -0.57339621
1779472202.46761990 -1.32580061 1.80389410 -1.38796617 -0.43319235 -0.39242686 0.57486021 -0.57260919
1779472202.47795773 -1.33378408 1.81022391 -1.37432125 -0.43248920 -0.39493126 0.57606878 -0.57019922
1779472202.48825049 -1.33313236 1.80941212 -1.37954854 -0.43250106 -0.39413030 0.57646898 -0.57033995
1779472202.49856019 -1.33149034 1.80841838 -1.38612410 -0.43244051 -0.39295300 0.57715412 -0.57050527
1779472202.50887084 -1.33070489 1.80917440 -1.38845551 -0.43254662 -0.39249759 0.57765688 -0.57022943
1779472202.50905275 -1.33257078 1.80877952 -1.38816107 -0.43227195 -0.39271052 0.57778487 -0.57016142
1779472202.51921606 -1.32912442 1.80638752 -1.39699967 -0.43251854 -0.39115053 0.57795203 -0.57087689
1779472202.52952194 -1.33366109 1.80392159 -1.39972462 -0.43172091 -0.39117734 0.57835740 -0.57105172
1779472202.53981090 -1.32942028 1.80283276 -1.40881079 -0.43196839 -0.38939611 0.57905272 -0.57137722
1779472202.55017972 -1.32795998 1.80368633 -1.41201473 -0.43216244 -0.38873489 0.57955697 -0.57116944
1779472202.56053448 -1.32823831 1.80429004 -1.41485256 -0.43206370 -0.38830295 0.58025513 -0.57082901
1779472202.57082582 -1.33094357 1.80272983 -1.41822799 -0.43167229 -0.38808530 0.58055621 -0.57096701
1779472202.58116293 -1.32988532 1.80071557 -1.42476386 -0.43174624 -0.38710256 0.58058351 -0.57155015
1779472202.58134508 -1.33075976 1.80124117 -1.42413982 -0.43157659 -0.38724401 0.58092721 -0.57123314
1779472202.59145856 -1.33149354 1.79917376 -1.42902315 -0.43126274 -0.38662750 0.58123442 -0.57157517
1779472202.60176516 -1.33275064 1.79740011 -1.43405015 -0.43097975 -0.38603556 0.58158498 -0.57183206
1779472202.61207151 -1.33331490 1.79449639 -1.44107826 -0.43074320 -0.38513067 0.58175505 -0.57244713
1779472202.62236071 -1.33328756 1.79427922 -1.44444418 -0.43066407 -0.38462848 0.58220959 -0.57238220
1779472202.63265824 -1.33432693 1.79005134 -1.45274670 -0.43026750 -0.38360749 0.58229280 -0.57328027
1779472202.64304280 -1.33757771 1.78693805 -1.45756823 -0.42977132 -0.38331749 0.58233661 -0.57380169
1779472202.65335608 -1.33736348 1.78728731 -1.46014291 -0.42987671 -0.38294820 0.58264988 -0.57365129
1779472202.65354729 -1.33791118 1.78657824 -1.46153652 -0.42980864 -0.38282540 0.58264665 -0.57378752
1779472202.66366506 -1.33999330 1.78444185 -1.46511047 -0.42949630 -0.38257586 0.58270130 -0.57413225
1779472202.67400312 -1.34071307 1.78161622 -1.47178396 -0.42938376 -0.38178584 0.58268614 -0.57475736
1779472202.68430376 -1.34232422 1.77938063 -1.47694883 -0.42921047 -0.38128071 0.58273656 -0.57517085
1779472202.69460464 -1.34225017 1.77819724 -1.48114267 -0.42936987 -0.38076656 0.58265171 -0.57547835
1779472202.70496297 -1.34236689 1.77599933 -1.48752990 -0.42934623 -0.37992907 0.58277318 -0.57592633
1779472202.71525860 -1.34650199 1.77261576 -1.49147565 -0.42887589 -0.37987988 0.58263239 -0.57645142
1779472202.72555637 -1.34695576 1.77054676 -1.49636837 -0.42889814 -0.37928775 0.58252563 -0.57693248
1779472202.72574043 -1.34807267 1.76935373 -1.49766367 -0.42867979 -0.37923404 0.58256932 -0.57708593
1779472202.73588896 -1.34665261 1.76743138 -1.50394057 -0.42880437 -0.37822190 0.58268661 -0.57753902
1779472202.74620652 -1.34675919 1.76564359 -1.50958494 -0.42893690 -0.37750626 0.58267284 -0.57792259
1779472202.75649405 -1.34748136 1.76226864 -1.51645194 -0.42892415 -0.37670406 0.58247243 -0.57865706
1779472202.76683569 -1.34929387 1.75934445 -1.52096565 -0.42863216 -0.37629174 0.58248077 -0.57913310
1779472202.77713299 -1.35015581 1.75619415 -1.52743237 -0.42854671 -0.37551939 0.58242925 -0.57974915
1779472202.78742504 -1.34883394 1.75369801 -1.53507892 -0.42883182 -0.37439653 0.58230479 -0.58038921
1779472202.79771566 -1.35160637 1.75092515 -1.53842969 -0.42853865 -0.37426714 0.58216803 -0.58082624
1779472202.79790497 -1.35025638 1.75030859 -1.54115767 -0.42872433 -0.37377881 0.58214568 -0.58102604
1779472202.80804038 -1.34824625 1.74594122 -1.55045003 0.42886407 0.37239411 -0.58185294 0.58210428
1779472202.81834602 -1.35376615 1.74434997 -1.55111265 0.42854837 0.37290718 -0.58163880 0.58222232
1779472202.82877374 -1.35351028 1.73974601 -1.56003305 0.42856791 0.37179840 -0.58130864 0.58324588
1779472202.83913016 -1.35091963 1.73902748 -1.56578401 0.42906582 0.37078825 -0.58128673 0.58354463
1779472202.84946156 -1.35495318 1.73632607 -1.56894543 0.42872612 0.37083124 -0.58116705 0.58388609
1779472202.85975528 -1.35938708 1.73309215 -1.57241933 0.42853788 0.37098247 -0.58058996 0.58450201
1779472202.87006497 -1.35842011 1.73107764 -1.57816425 0.42863829 0.37009507 -0.58066799 0.58491328
1779472202.87024856 -1.35816986 1.73006766 -1.58040330 0.42873416 0.36980911 -0.58049156 0.58519893
1779472202.88042688 -1.36076086 1.72775260 -1.58344402 0.42846043 0.36968732 -0.58045773 0.58550984
1779472202.89075613 -1.36376155 1.72428624 -1.58827781 0.42828566 0.36946869 -0.58008380 0.58614594
1779472202.90104651 -1.36330452 1.72002876 -1.59684219 0.42802661 0.36815407 -0.58040030 0.58684862
1779472202.91139221 -1.36805564 1.71778865 -1.59797297 0.42758348 0.36854431 -0.58027488 0.58705070
1779472202.92173648 -1.36718077 1.71297905 -1.60732793 0.42735276 0.36711527 -0.58048426 0.58790647
1779472202.93203259 -1.37139498 1.71038384 -1.61007512 0.42698528 0.36721934 -0.58042032 0.58817155
1779472202.94236565 -1.37161486 1.70622517 -1.61763107 0.42679581 0.36618999 -0.58050558 0.58886628
1779472202.95271921 -1.37566879 1.70229835 -1.62093427 0.42613657 0.36611966 -0.58055324 0.58934027
1779472202.96311450 -1.37312995 1.69773752 -1.63104818 0.42614221 0.36441088 -0.58075613 0.59019475
1779472202.97340775 -1.37948621 1.69176540 -1.63530220 0.42490968 0.36435687 -0.58113425 0.59074429
1779472202.98370028 -1.38375846 1.68879195 -1.63732348 0.42455879 0.36457949 -0.58082481 0.59116340
1779472202.99399829 -1.38423818 1.68528649 -1.64373292 0.42430780 0.36367116 -0.58116833 0.59156534
1779472203.00430465 -1.38693788 1.68228291 -1.64758950 0.42387849 0.36335648 -0.58151220 0.59172853
1779472203.01460385 -1.38921342 1.67856122 -1.65265423 0.42359732 0.36287328 -0.58153519 0.59220361
1779472203.02495646 -1.39021988 1.67636794 -1.65634475 0.42344055 0.36243723 -0.58172370 0.59239758
1779472203.03521633 -1.39107170 1.67379926 -1.66124154 0.42330145 0.36179908 -0.58202306 0.59259300
1779472203.04551363 -1.39515149 1.66550846 -1.66912565 0.42320231 0.36141098 -0.58048310 0.59440834
1779472203.05587029 -1.39495784 1.66553181 -1.67132926 0.42274305 0.36082223 -0.58186927 0.59373713
1779472203.06621885 -1.39990224 1.65736462 -1.67830549 0.42160096 0.36028766 -0.58200821 0.59473681
1779472203.07650352 -1.40260846 1.65752599 -1.67864733 0.42164580 0.36050370 -0.58219631 0.59438991
1779472203.08685017 -1.40854005 1.65160123 -1.68248261 0.42029702 0.36039888 -0.58293784 0.59468188
1779472203.09720397 -1.41332328 1.65368868 -1.67807941 0.42033118 0.36154166 -0.58300038 0.59390225
1779472203.10749078 -1.42012417 1.65733300 -1.67120363 0.41977189 0.36300891 -0.58417998 0.59224137
1779472203.11779737 -1.42456094 1.65254194 -1.67536290 0.41952739 0.36304465 -0.58352344 0.59303941
1779472203.12812614 -1.43060025 1.64933227 -1.67581516 0.41815795 0.36335782 -0.58462202 0.59273275
1779472203.13852429 -1.42645532 1.63880433 -1.69299466 0.41734315 0.36045846 -0.58539543 0.59431186
1779472203.14884233 -1.43017241 1.65174868 -1.67940395 0.41967623 0.36331439 -0.58402837 0.59227137
1779472203.15922332 -1.43851926 1.63910123 -1.68858187 0.41618692 0.36225484 -0.58663011 0.59281109
1779472203.16952372 -1.44534737 1.64345721 -1.68039343 0.41573575 0.36395584 -0.58749048 0.59123165
1779472203.17981815 -1.44999814 1.65448363 -1.66784951 0.41680717 0.36633322 -0.58766213 0.58883357
1779472203.19015050 -1.46194329 1.64701550 -1.66849631 -0.41269997 -0.36651093 0.59156154 -0.58771032
1779472203.20049977 -1.47164977 1.64513402 -1.66414387 -0.41085326 -0.36775731 0.59295635 -0.58681933
1779472203.20067811 -1.47360049 1.64634620 -1.66194810 -0.41048230 -0.36814446 0.59361591 -0.58616899
1779472203.21082878 -1.48374852 1.66350263 -1.63675690 -0.41135331 -0.37271651 0.59396911 -0.58229851
1779472203.22112560 -1.50169783 1.66474842 -1.62224182 -0.40736826 -0.37549487 0.59798774 -0.57919371
1779472203.23146653 -1.50905773 1.66700656 -1.61524824 -0.40605906 -0.37690462 0.59957497 -0.57755415
1779472203.24182463 -1.52322614 1.67691712 -1.59381441 -0.40540844 -0.38123522 0.60031225 -0.57439438
1779472203.25215030 -1.53753862 1.67902146 -1.58107129 -0.40272802 -0.38383752 0.60285268 -0.57188071
1779472203.26248837 -1.55202844 1.68786462 -1.55985491 -0.40112897 -0.38784587 0.60470387 -0.56833473
1779472203.27283239 -1.56129262 1.69851291 -1.54088497 -0.39983504 -0.39083903 0.60716615 -0.56455828
1779472203.27301860 -1.56639110 1.69310778 -1.54296753 -0.39771445 -0.39057442 0.60873445 -0.56455045
1779472203.28313494 -1.57473758 1.70136853 -1.52709806 -0.39643446 -0.39314228 0.61085240 -0.56137173
1779472203.29342580 -1.59363034 1.70976537 -1.50088649 -0.39304678 -0.39767964 0.61422992 -0.55685433
1779472203.30371523 -1.61638885 1.70469824 -1.48601739 -0.38813031 -0.40100639 0.61701972 -0.55482917
1779472203.31407094 -1.62636055 1.71409679 -1.46568480 -0.38621432 -0.40404980 0.61970345 -0.55095362
1779472203.32439208 -1.63210115 1.72736042 -1.44606259 -0.38365281 -0.40612152 0.62470815 -0.54554153
1779472203.33469200 -1.65053955 1.74174512 -1.41033269 -0.38040042 -0.41175046 0.62823412 -0.53951734
1779472203.34494090 -1.65850782 1.75497974 -1.38634889 -0.37871654 -0.41509381 0.63122227 -0.53463010
1779472203.35526061 -1.67060077 1.76862620 -1.35641943 -0.37579851 -0.41929685 0.63514600 -0.52872978
1779472203.36559033 -1.68527805 1.77615302 -1.33065103 -0.37239941 -0.42318442 0.63821545 -0.52432305
1779472203.37587452 -1.69310260 1.78581093 -1.30937175 -0.36959155 -0.42578340 0.64198267 -0.51958525
1779472203.38615513 -1.70548178 1.78326797 -1.29907338 -0.36520115 -0.42706581 0.64538940 -0.51741225
1779472203.39647126 -1.71393878 1.80399627 -1.25898999 -0.36322174 -0.43238548 0.64881274 -0.51005371
1779472203.40682840 -1.72257645 1.81448222 -1.23293397 -0.35831973 -0.43493366 0.65469146 -0.50380431
1779472203.41706443 -1.72830278 1.81864546 -1.22024217 -0.35576314 -0.43628553 0.65745657 -0.50083768
1779472203.42732549 -1.73406832 1.82455898 -1.20502244 -0.35253024 -0.43766956 0.66124336 -0.49691549
1779472203.43758392 -1.74185749 1.83747453 -1.17430938 -0.34853191 -0.44106768 0.66585034 -0.49053862
1779472203.44791603 -1.75097876 1.84718894 -1.14637922 -0.34500932 -0.44446240 0.66921267 -0.48536188
1779472203.45816398 -1.75557199 1.85384074 -1.12913976 -0.34276789 -0.44641687 0.67160192 -0.48184335
1779472203.46850252 -1.76261139 1.86148940 -1.10607106 -0.33920920 -0.44898081 0.67504760 -0.47714158
1779472203.47881556 -1.77107572 1.87032982 -1.07723096 -0.33510285 -0.45230024 0.67866566 -0.47174515
1779472203.48910236 -1.77776564 1.87851304 -1.05183226 -0.33138749 -0.45505736 0.68195931 -0.46694393
1779472203.49937963 -1.77961394 1.88895637 -1.03046317 -0.32845181 -0.45697689 0.68552475 -0.46189539
1779472203.50963283 -1.78149846 1.89934983 -1.00824452 -0.32531046 -0.45901673 0.68914100 -0.45668526
1779472203.51996899 -1.78430606 1.90595837 -0.99030329 -0.32348456 -0.46112462 0.69084018 -0.45327879
1779472203.52018595 -1.78421530 1.90896785 -0.98462067 -0.32239207 -0.46147822 0.69217616 -0.45165624
1779472203.53033543 -1.78500783 1.91586338 -0.97039540 -0.32053829 -0.46277243 0.69429088 -0.44839386
1779472203.54063678 -1.78550207 1.92399865 -0.95304711 -0.31873072 -0.46452143 0.69635421 -0.44465872
1779472203.55093169 -1.78952906 1.93212056 -0.92933518 -0.31460944 -0.46675743 0.70004194 -0.43943108
1779472203.56118107 -1.78736156 1.94201978 -0.91212064 -0.31183332 -0.46783313 0.70355554 -0.43462827
1779472203.57143259 -1.78535801 1.95396998 -0.89010599 -0.30974615 -0.46989627 0.70625325 -0.42948942
1779472203.58174276 -1.78264993 1.96532685 -0.86983876 -0.30771793 -0.47166343 0.70893350 -0.42456634
1779472203.59205914 -1.78402074 1.96947133 -0.85780248 -0.30480605 -0.47248255 0.71149476 -0.42146022
1779472203.60236311 -1.77870564 1.98288797 -0.83708890 -0.30265774 -0.47402771 0.71468123 -0.41584463
1779472203.61267805 -1.76991906 2.00628368 -0.79555416 -0.30279347 -0.47893450 0.71586300 -0.40801718
1779472203.62301135 -1.76701416 2.01691646 -0.77462121 -0.29924279 -0.48032761 0.71954118 -0.40249177
1779472203.63339400 -1.75989684 2.03566305 -0.73776918 -0.29837902 -0.48444474 0.72098107 -0.39556232
1779472203.64369917 -1.76101106 2.03935173 -0.72527429 -0.29452405 -0.48510498 0.72408557 -0.39195514
1779472203.65401173 -1.75851505 2.04539853 -0.71437636 -0.29209846 -0.48561352 0.72656400 -0.38853925
1779472203.66437197 -1.75154898 2.05731608 -0.69563549 -0.28989343 -0.48681244 0.72936009 -0.38341793
1779472203.66456008 -1.74710597 2.06536066 -0.68156806 -0.28954798 -0.48823376 0.73005797 -0.38053268
1779472203.67466331 -1.74586669 2.06606858 -0.68428320 -0.28528269 -0.48633378 0.73419858 -0.37821380
1779472203.68498135 -1.74141721 2.07548365 -0.66576657 -0.28203861 -0.48750889 0.73723834 -0.37318753
1779472203.69533157 -1.73856322 2.08254898 -0.64997193 -0.27749306 -0.48804636 0.74107331 -0.36826443
1779472203.70565939 -1.73468000 2.08958299 -0.63645577 -0.27453942 -0.48867281 0.74373680 -0.36425618
1779472203.71599579 -1.72937233 2.09824377 -0.62039483 -0.27112397 -0.48942281 0.74685418 -0.35939665
1779472203.72631359 -1.72584522 2.10514083 -0.60493055 -0.26737572 -0.49022385 0.74982342 -0.35490228
1779472203.73662925 -1.72388375 2.10993351 -0.59206858 -0.26213731 -0.49030051 0.75376308 -0.35032937
1779472203.73681569 -1.72294421 2.11157996 -0.58847433 -0.26142180 -0.49053850 0.75432212 -0.34932616
1779472203.74696803 -1.72243919 2.11501732 -0.57581171 -0.25790139 -0.49131766 0.75652121 -0.34607729
1779472203.75743437 -1.71531128 2.12444792 -0.55863973 -0.25492407 -0.49233069 0.75910471 -0.34115135
1779472203.76771808 -1.71572035 2.12746631 -0.54345597 -0.25093489 -0.49350739 0.76120660 -0.33770793
1779472203.77808809 -1.71241969 2.13132845 -0.53583352 -0.24828979 -0.49358632 0.76327909 -0.33485783
1779472203.78844786 -1.71269627 2.13522841 -0.51622198 -0.24498230 -0.49562619 0.76450512 -0.33146685
1779472203.79872870 -1.70465473 2.14497425 -0.49723342 -0.24211745 -0.49694196 0.76678434 -0.32629680
1779472203.80900669 -1.70363941 2.14720288 -0.48700467 -0.24083167 -0.49824307 0.76715678 -0.32438314
1779472203.81931162 -1.69863349 2.15541766 -0.46404121 -0.23625986 -0.49977622 0.76991347 -0.31880757
1779472203.82960057 -1.69418023 2.16212899 -0.44324397 -0.23189632 -0.50128578 0.77233365 -0.31374733
1779472203.83984733 -1.68684721 2.17046157 -0.42381600 -0.22815573 -0.50255834 0.77475497 -0.30843930
1779472203.85014272 -1.68254723 2.17616444 -0.40639430 -0.22490721 -0.50389054 0.77644873 -0.30436565
1779472203.86041975 -1.68886689 2.17185828 -0.40235843 -0.21654674 -0.50247431 0.78092349 -0.30130645
1779472203.87071061 -1.67700903 2.18311227 -0.37923915 -0.21439119 -0.50453267 0.78239205 -0.29554336
1779472203.88102293 -1.66487248 2.19354094 -0.36618268 -0.21091221 -0.50453912 0.78543523 -0.28991002
1779472203.89131856 -1.65601900 2.20120860 -0.35457831 -0.20860019 -0.50504665 0.78724400 -0.28576340
1779472203.90160084 -1.65043623 2.20690549 -0.33624852 -0.20459088 -0.50636757 0.78914812 -0.28103325
1779472203.91190505 -1.64185439 2.21416459 -0.32213997 -0.20245615 -0.50733552 0.79053773 -0.27689760
1779472203.92224503 -1.63100121 2.22363196 -0.30008460 -0.19921528 -0.50905428 0.79224731 -0.27114795
1779472203.93249512 -1.61963971 2.23220372 -0.28571631 -0.19610441 -0.50962409 0.79438775 -0.26603469
1779472203.94275713 -1.61740780 2.23425628 -0.27060411 -0.19136156 -0.51054683 0.79625488 -0.26210848
1779472203.95305300 -1.61216070 2.23817954 -0.25878590 -0.18911866 -0.51147733 0.79721859 -0.25897411
1779472203.96337509 -1.60303580 2.24443764 -0.24533937 -0.18620657 -0.51218333 0.79887047 -0.25456104
1779472203.97367096 -1.59564925 2.24950914 -0.23084749 -0.18358729 -0.51332416 0.79999628 -0.25059921
1779472203.98398209 -1.58967321 2.25338248 -0.21932172 -0.18054132 -0.51396086 0.80140773 -0.24697109
1779472203.99421573 -1.58559354 2.25574934 -0.21376975 -0.17883270 -0.51414837 0.80232765 -0.24482782
1779472204.00459385 -1.57434698 2.26295479 -0.19838370 -0.17568585 -0.51496553 0.80403165 -0.23974589
1779472204.01488876 -1.55347222 2.27649654 -0.17738128 -0.17364757 -0.51632958 0.80566308 -0.23271718
1779472204.02513003 -1.54767561 2.27955414 -0.16972850 -0.17125957 -0.51654072 0.80686653 -0.22983090
1779472204.03540111 -1.53811699 2.28502171 -0.15005495 -0.16719056 -0.51789993 0.80831947 -0.22460325
1779472204.04571962 -1.52494173 2.29261624 -0.13308758 -0.16349318 -0.51868672 0.81012257 -0.21894176
1779472204.05603313 -1.52039948 2.29454114 -0.12481037 -0.16086664 -0.51903870 0.81113795 -0.21627755
1779472204.06632471 -1.49164377 2.31162010 -0.10027113 -0.15870135 -0.52046451 0.81295712 -0.20743984
1779472204.07662606 -1.49270628 2.30958757 -0.08455480 -0.15323739 -0.52157633 0.81407475 -0.20434952
1779472204.08698869 -1.46688965 2.32394430 -0.05979127 -0.15086600 -0.52325571 0.81545024 -0.19617294
1779472204.09730792 -1.45070088 2.33231118 -0.04561163 -0.14920101 -0.52413018 0.81640588 -0.19107080
1779472204.10758853 -1.42972541 2.34323840 -0.02000488 -0.14419270 -0.52549464 0.81826840 -0.18303193
1779472204.11790466 -1.41337132 2.35065316 0.00557384 -0.14043620 -0.52765978 0.81896627 -0.17648537
1779472204.12813306 -1.40105737 2.35620521 0.01889217 -0.13819777 -0.52853651 0.81970012 -0.17216927
1779472204.13841653 -1.38570929 2.36265271 0.03959469 -0.13396456 -0.52986417 0.82082159 -0.16598006
1779472204.14872336 -1.37073034 2.36870916 0.06002899 -0.12987770 -0.53126293 0.82176330 -0.15998926
1779472204.15904045 -1.35737445 2.37328386 0.08645090 -0.12472045 -0.53344456 0.82235528 -0.15366689
1779472204.16930199 -1.33919243 2.38135531 0.09999007 -0.12164242 -0.53380420 0.82366624 -0.14775024
1779472204.17959285 -1.33130050 2.38329929 0.11586053 -0.11483507 -0.53420117 0.82532474 -0.14241171
1779472204.18998265 -1.31938425 2.38641096 0.14533768 -0.11216671 -0.53771433 0.82426570 -0.13736080
1779472204.20025444 -1.30431244 2.39266667 0.15688593 -0.11007286 -0.53831416 0.82492635 -0.13265878
1779472204.21056151 -1.28342706 2.39984353 0.18799593 -0.10584751 -0.54125573 0.82471598 -0.12522815
1779472204.22084713 -1.25851405 2.41006815 0.20604212 -0.10148216 -0.54182759 0.82604523 -0.11736061
1779472204.23116946 -1.25741045 2.40720235 0.23234407 -0.09836093 -0.54539224 0.82440623 -0.11500785
1779472204.23132086 -1.24891816 2.41098557 0.23623244 -0.09709705 -0.54525838 0.82498024 -0.11257470
1779472204.24141526 -1.24034537 2.41212590 0.25808554 -0.09337695 -0.54749928 0.82445498 -0.10862447
1779472204.25169373 -1.20947051 2.42497285 0.27279931 -0.09383216 -0.54876744 0.82446561 -0.10151988
1779472204.26197076 -1.19287066 2.42939911 0.29450088 -0.08924772 -0.55037987 0.82463639 -0.09535025
1779472204.27226663 -1.17579377 2.43444659 0.31271649 -0.08679175 -0.55197431 0.82441499 -0.09017475
1779472204.28252053 -1.15789553 2.43833596 0.33787914 -0.08280782 -0.55430414 0.82391220 -0.08401466
1779472204.29279375 -1.13132238 2.44745682 0.35299949 -0.08128030 -0.55527737 0.82405940 -0.07737351
1779472204.30312252 -1.12846752 2.44660864 0.36082221 -0.08031187 -0.55640018 0.82351314 -0.07612454
1779472204.31340528 -1.11572431 2.44811357 0.38287623 -0.07470126 -0.55796333 0.82347170 -0.07064700
1779472204.32372904 -1.10269915 2.45083465 0.39471749 -0.07219041 -0.55881512 0.82344915 -0.06667615
1779472204.33412766 -1.08282298 2.45601662 0.41052463 -0.06753569 -0.55925324 0.82403839 -0.06029487
1779472204.34445930 -1.06880502 2.45955621 0.42240462 -0.06518947 -0.56000932 0.82400707 -0.05614482
1779472204.35473180 -1.05491161 2.46208412 0.43466244 -0.06114356 -0.56040147 0.82435823 -0.05143123
1779472204.36497593 -1.03161848 2.46881027 0.44778454 -0.05912559 -0.56106391 0.82440181 -0.04553141
1779472204.37528038 -1.02000515 2.47175145 0.45430741 -0.05621177 -0.56087048 0.82493339 -0.04182628
1779472204.38575292 -1.00374074 2.47614005 0.46135509 -0.05119665 -0.55994192 0.82615271 -0.03627190
1779472204.39601970 -0.97934942 2.48266919 0.47391228 -0.04933414 -0.56057928 0.82607539 -0.03027318
1779472204.40633917 -0.96644526 2.48502548 0.48221104 -0.04825872 -0.56129154 0.82576440 -0.02713036
1779472204.41658020 -0.94172413 2.49071772 0.49803103 -0.04544209 -0.56216342 0.82551458 -0.02080842
1779472204.42691946 -0.90503468 2.50246196 0.50227783 -0.04113671 -0.56030567 0.82718224 -0.01161324
1779472204.43719459 -0.88930418 2.50515879 0.51187242 -0.03819832 -0.56060737 0.82716854 -0.00724314
1779472204.44751287 -0.87251886 2.50909974 0.51579675 -0.03577953 -0.56004015 0.82768754 -0.00286181
1779472204.45777607 -0.85533953 2.51237087 0.52465191 -0.03242533 -0.55998568 0.82786510 0.00200468
1779472204.46800590 -0.84747088 2.51052776 0.54157470 -0.02876585 -0.56168167 0.82683833 0.00495974
1779472204.47831941 -0.83859451 2.50981628 0.55419247 -0.02624129 -0.56293103 0.82605148 0.00768072
1779472204.48859572 -0.81435024 2.51461264 0.56323666 -0.02495645 -0.56333466 0.82574441 0.01331937
1779472204.49894547 -0.79779855 2.51708385 0.57210662 -0.02211810 -0.56356375 0.82558526 0.01776724
1779472204.50923467 -0.78600330 2.51655954 0.58560796 -0.01798270 -0.56443196 0.82500052 0.02161751
1779472204.51955104 -0.76860923 2.52025813 0.58994043 -0.01616924 -0.56413030 0.82512315 0.02583316
1779472204.52989197 -0.75417228 2.52143278 0.59873062 -0.01354215 -0.56454603 0.82475693 0.02967146
1779472204.54015899 -0.73829711 2.52174162 0.61212332 -0.00968920 -0.56535666 0.82407923 0.03422560
1779472204.55044866 -0.72746576 2.52368895 0.61465414 -0.00788386 -0.56503241 0.82419893 0.03704509
1779472204.56072736 -0.71106635 2.52526014 0.62311559 -0.00484616 -0.56522806 0.82388013 0.04141604
1779472204.57097006 -0.69354890 2.52634972 0.63337641 -0.00239198 -0.56588342 0.82321061 0.04576601
1779472204.58122563 -0.68126428 2.52802685 0.63724265 -0.00062365 -0.56577176 0.82311347 0.04884815
1779472204.58139586 -0.67800379 2.52834529 0.63858460 0.00004116 -0.56574551 0.82307871 0.04973384
1779472204.59150100 -0.67031848 2.52849786 0.64340421 0.00212320 -0.56585161 0.82286364 0.05198931
1779472204.60175514 -0.65611014 2.52989199 0.64905926 0.00463509 -0.56582705 0.82262724 0.05570180
1779472204.61204147 -0.63939928 2.53185376 0.65461242 0.00683318 -0.56580064 0.82234368 0.05978131
1779472204.62229252 -0.62958001 2.53335644 0.65566557 0.00791581 -0.56550785 0.82236153 0.06212674
1779472204.63254237 -0.61699846 2.53469405 0.65876793 0.00978586 -0.56530811 0.82223502 0.06527285
1779472204.64278960 -0.60002527 2.53641126 0.66310877 0.01133243 -0.56529007 0.82191032 0.06915296
1779472204.65303016 -0.59096597 2.53767478 0.66325279 0.01202058 -0.56499887 0.82192645 0.07119480
1779472204.66331697 -0.57673225 2.53875536 0.66751441 0.01327386 -0.56514488 0.82152198 0.07440897
1779472204.67367148 -0.56610428 2.53964486 0.66872264 0.01491737 -0.56480390 0.82148240 0.07707588
1779472204.68397379 -0.55714032 2.53967893 0.67314621 0.01570964 -0.56521623 0.82099397 0.07907418
1779472204.68415880 -0.55487549 2.53938822 0.67516656 0.01642052 -0.56535298 0.82082148 0.07974002
1779472204.69433808 -0.50241218 2.54708422 0.67982922 0.01283863 -0.56588245 0.81959744 0.08872574
1779472204.70463443 -0.49471945 2.54645006 0.68358443 0.01417001 -0.56616778 0.81916874 0.09064120
1779472204.71495628 -0.51110619 2.54183541 0.68668288 0.01901574 -0.56602334 0.81934715 0.08902934
1779472204.72526073 -0.52008389 2.53966032 0.68543270 0.02062647 -0.56575661 0.81962032 0.08784384
1779472204.73558497 -0.50853666 2.53950870 0.68898085 0.02158836 -0.56603172 0.81913268 0.09035312
1779472204.74588513 -0.49936762 2.53847691 0.69403278 0.02280649 -0.56655231 0.81850414 0.09246250
1779472204.75624704 -0.48994265 2.53867304 0.69496564 0.02360787 -0.56649137 0.81829278 0.09448341
1779472204.76650310 -0.48060026 2.53863444 0.69755378 0.02432623 -0.56668884 0.81790191 0.09648031
1779472204.77681565 -0.47360433 2.53800562 0.69938638 0.02543362 -0.56678578 0.81760955 0.09808994
1779472204.78709698 -0.46351931 2.53754328 0.70214881 0.02698925 -0.56684365 0.81723067 0.10046835
1779472204.79739308 -0.46101510 2.53608258 0.70464077 0.02854169 -0.56699709 0.81696209 0.10135389
1779472204.80769682 -0.45044857 2.53593390 0.70609036 0.02944092 -0.56701305 0.81663794 0.10359496
1779472204.81803298 -0.44333162 2.53445670 0.70967119 0.03139730 -0.56723028 0.81617650 0.10545109
1779472204.82837510 -0.43010210 2.53572098 0.70885295 0.03117427 -0.56704456 0.81598922 0.10793616
1779472204.82856202 -0.42839166 2.53532980 0.70933931 0.03130957 -0.56712354 0.81588800 0.10824685
1779472204.83872437 -0.42497556 2.53344807 0.71314006 0.03320862 -0.56744561 0.81544122 0.10935398
1779472204.84901738 -0.41684508 2.53205816 0.71603613 0.03441464 -0.56775880 0.81492727 0.11117158
1779472204.85937405 -0.37858450 2.53473484 0.71915607 0.03244144 -0.56826266 0.81372548 0.11779621
1779472204.86968017 -0.35803033 2.53370471 0.72534421 0.03207548 -0.56924392 0.81251973 0.12142571
1779472204.88002825 -0.34404070 2.53318714 0.72698471 0.03264876 -0.56938470 0.81197450 0.12422775
1779472204.89025784 -0.33319361 2.53222093 0.72841968 0.03332006 -0.56957422 0.81147695 0.12641262
1779472204.90054345 -0.33150968 2.52914440 0.73370026 0.03558964 -0.57016726 0.81083686 0.12722519
1779472204.90072894 -0.32797378 2.52869509 0.73486410 0.03609576 -0.57026254 0.81062410 0.12800900
1779472204.91083789 -0.31970235 2.52762488 0.73650568 0.03731563 -0.57034525 0.81021847 0.12984554
1779472204.92116213 -0.31151522 2.52586789 0.73837387 0.03934325 -0.57038293 0.80976541 0.13189163
1779472204.93151855 -0.32020550 2.52284031 0.73968392 0.04394527 -0.56999218 0.80987122 0.13147750
1779472204.94187117 -0.31228317 2.52051085 0.74456821 0.04523362 -0.57066934 0.80904471 0.13318063
1779472204.95218325 -0.30659032 2.51789525 0.74810096 0.04808023 -0.57085704 0.80846409 0.13489384
1779472204.96247911 -0.29554981 2.51575187 0.75115249 0.04960930 -0.57121659 0.80771779 0.13726795
1779472204.97276092 -0.28758498 2.51428446 0.75302886 0.05065577 -0.57145737 0.80719011 0.13897695
1779472204.97294426 -0.28426622 2.51383647 0.75365613 0.05147321 -0.57141127 0.80702540 0.13982017
1779472204.98300314 -0.27508013 2.51236641 0.75606077 0.05264132 -0.57169125 0.80641896 0.14172673
1779472204.99328899 -0.25144522 2.51187621 0.75701734 0.05249856 -0.57193466 0.80547211 0.14611408
1779472205.00360250 -0.24915861 2.51019300 0.75647297 0.05484663 -0.57165818 0.80532467 0.14714260
1779472205.01393962 -0.23938836 2.50826426 0.75945221 0.05703342 -0.57180174 0.80465042 0.14942442
1779472205.02424455 -0.21869149 2.50709842 0.76080928 0.05765212 -0.57201461 0.80370791 0.15339202
1779472205.03453016 -0.20386750 2.50609777 0.76044650 0.05922356 -0.57180028 0.80313291 0.15657121
1779472205.04490066 -0.20044810 2.50496177 0.76040572 0.06169358 -0.57146847 0.80292979 0.15786530
1779472205.05518365 -0.19751124 2.50266731 0.76083917 0.06388394 -0.57144730 0.80257717 0.15886065
1779472205.06549430 -0.19181452 2.49915635 0.76487939 0.06660640 -0.57190689 0.80172034 0.16040759
1779472205.07577944 -0.17531113 2.49935097 0.76217027 0.06653407 -0.57159435 0.80132931 0.16347615
1779472205.08608603 -0.15625403 2.49745375 0.76377142 0.06735616 -0.57194586 0.80023912 0.16720775
1779472205.09638929 -0.14574635 2.49642980 0.76188399 0.06906584 -0.57159228 0.79984188 0.16960288
1779472205.10667658 -0.14115230 2.49414432 0.76311271 0.07240049 -0.57144558 0.79932338 0.17114395
1779472205.11697268 -0.12898504 2.49368821 0.76011464 0.07269671 -0.57113732 0.79899921 0.17354425
1779472205.12722707 -0.10457789 2.49249262 0.76001868 0.07373767 -0.57110280 0.79787154 0.17834056
1779472205.13753009 -0.10299101 2.49036773 0.75973909 0.07646090 -0.57092628 0.79753697 0.17925315
1779472205.14781833 -0.08666471 2.48940579 0.75886039 0.07661197 -0.57097490 0.79679664 0.18230029
1779472205.15807462 -0.04960221 2.48886619 0.75457022 0.07407406 -0.57099698 0.79554487 0.18863681
1779472205.16837215 -0.03913707 2.48768444 0.75199185 0.07519698 -0.57074676 0.79508479 0.19087618
1779472205.17869020 -0.04275476 2.48594337 0.75192746 0.07747912 -0.57070859 0.79496118 0.19059225
1779472205.18895173 -0.02848259 2.48298504 0.75394876 0.07734815 -0.57145637 0.79384627 0.19303622
1779472205.19927502 -0.00760552 2.48252582 0.74857180 0.07708663 -0.57095172 0.79325899 0.19700752
1779472205.20959210 0.01328987 2.48104040 0.74568958 0.07713063 -0.57082027 0.79236323 0.20093683
1779472205.21992779 0.02408629 2.47934185 0.74440952 0.07808455 -0.57070732 0.79178709 0.20314813
1779472205.23040366 0.03865578 2.47893388 0.73809211 0.07852036 -0.56998813 0.79151668 0.20603261
1779472205.24073911 0.05419405 2.47688119 0.73560920 0.07889979 -0.56992964 0.79074554 0.20898929
1779472205.25101709 0.06711691 2.47557599 0.73080154 0.07993898 -0.56933659 0.79034967 0.21169084
1779472205.26134014 0.07872803 2.47379106 0.72901654 0.08056701 -0.56922014 0.78975543 0.21397139
1779472205.27164483 0.09033122 2.47304709 0.72184412 0.08082915 -0.56841425 0.78968988 0.21624473
1779472205.28195214 0.10460298 2.46974884 0.72139432 0.08135817 -0.56869183 0.78870269 0.21890298
1779472205.29221869 0.11006590 2.46831693 0.71822440 0.08237150 -0.56831242 0.78853010 0.22012772
1779472205.30259466 0.11655897 2.46614017 0.71569396 0.08379059 -0.56813406 0.78810444 0.22157216
1779472205.31291914 0.12331580 2.46359583 0.71364710 0.08397703 -0.56829550 0.78765257 0.22269150
1779472205.32323265 0.13362280 2.46011589 0.71394175 0.08388167 -0.56887344 0.78677867 0.22433501
1779472205.33353972 0.13825960 2.45803364 0.71271654 0.08461105 -0.56891632 0.78641428 0.22522826
1779472205.34389663 0.14953304 2.45543509 0.70986562 0.08422929 -0.56900146 0.78585843 0.22708871
1779472205.35421968 0.16255762 2.45224946 0.70855881 0.08363221 -0.56939522 0.78502511 0.22919494
1779472205.36454034 0.17257343 2.44905326 0.70945846 0.08262643 -0.57011017 0.78421713 0.23054449
1779472205.36473227 0.17334427 2.44839803 0.70911523 0.08256474 -0.57020858 0.78413397 0.23060606
1779472205.37481213 0.17826655 2.44674811 0.70694237 0.08258718 -0.57023557 0.78388361 0.23138116
1779472205.38516355 0.18233646 2.44442541 0.70519626 0.08225669 -0.57055704 0.78358209 0.23172746
1779472205.39553118 0.18634010 2.44136787 0.70547571 0.08231753 -0.57114636 0.78303130 0.23211558
1779472205.40593386 0.18993197 2.43949337 0.70413830 0.08260367 -0.57124937 0.78276564 0.23265584
1779472205.41624641 0.19787777 2.43746649 0.69978821 0.08246919 -0.57101669 0.78255665 0.23397406
1779472205.42655540 0.20207499 2.43458195 0.69892114 0.08164833 -0.57152129 0.78221128 0.23418469
1779472205.43684816 0.20622232 2.43359589 0.69336529 0.08148568 -0.57109594 0.78238218 0.23470757
1779472205.44713593 0.19665207 2.43327016 0.69112560 0.08270532 -0.57096777 0.78287390 0.23294657
1779472205.45740199 0.19808725 2.43114817 0.68966590 0.08293168 -0.57120228 0.78269413 0.23289522
1779472205.46767473 0.20129171 2.42952893 0.68636112 0.08324500 -0.57106194 0.78263415 0.23332876
1779472205.47796369 0.20492002 2.42767723 0.68540796 0.08302496 -0.57130858 0.78237458 0.23367366
1779472205.48826170 0.20327693 2.42654688 0.68246312 0.08332174 -0.57128233 0.78254024 0.23307672
1779472205.49859595 0.20834762 2.42340276 0.68392376 0.08337878 -0.57201581 0.78183617 0.23361957
1779472205.50889754 0.20796867 2.42226021 0.68249890 0.08346800 -0.57214375 0.78184063 0.23325919
1779472205.50909019 0.20656897 2.42212392 0.68166084 0.08382823 -0.57206981 0.78193596 0.23299165
1779472205.51924777 0.20818411 2.42033439 0.68143674 0.08407007 -0.57236433 0.78167051 0.23307192
1779472205.52959538 0.21260652 2.41801854 0.68085110 0.08409196 -0.57273820 0.78125806 0.23352805
1779472205.53994155 0.21636681 2.41696876 0.67704578 0.08399238 -0.57254985 0.78128498 0.23393531
1779472205.55028534 0.22090414 2.41541628 0.67551777 0.08342244 -0.57272841 0.78107458 0.23440428
1779472205.56058526 0.21953474 2.41429097 0.67365657 0.08456212 -0.57266714 0.78109158 0.23408873
1779472205.57101846 0.22271452 2.41348489 0.66952329 0.08485493 -0.57233115 0.78118870 0.23448007
1779472205.58139396 0.22625858 2.41343719 0.66288978 0.08489091 -0.57157831 0.78158147 0.23499399
1779472205.59171700 0.22745802 2.41361333 0.65771918 0.08580861 -0.57082351 0.78192256 0.23536037
1779472205.60199738 0.23257969 2.41237353 0.65445908 0.08624438 -0.57057910 0.78180267 0.23619055
1779472205.61229777 0.23818145 2.41233212 0.64733254 0.08641357 -0.56967161 0.78214392 0.23718734
1779472205.62263894 0.23806638 2.41250892 0.64254641 0.08754295 -0.56893446 0.78250407 0.23735458
1779472205.63291979 0.24250718 2.41114382 0.63957457 0.08845477 -0.56865502 0.78234997 0.23819269
1779472205.64324379 0.24839576 2.41125559 0.63145857 0.08853766 -0.56758746 0.78278561 0.23927440
1779472205.65351725 0.25079398 2.41088060 0.62580316 0.08967735 -0.56676202 0.78305832 0.23991341
1779472205.66385031 0.25390398 2.40962078 0.62421057 0.09053177 -0.56661626 0.78287540 0.24053298
1779472205.67416406 0.25605794 2.40963340 0.61746025 0.09192594 -0.56555796 0.78326484 0.24122605
1779472205.68445945 0.26285281 2.40780625 0.61509241 0.09306687 -0.56529396 0.78288445 0.24263807
1779472205.69481397 0.27051041 2.40604218 0.61331867 0.09298444 -0.56526672 0.78251453 0.24392301
1779472205.70516586 0.27461213 2.40562347 0.60769825 0.09336447 -0.56458743 0.78273273 0.24464991
1779472205.71549082 0.28163732 2.40391655 0.60472549 0.09444094 -0.56422406 0.78239247 0.24615878
1779472205.72579956 0.28844425 2.40216353 0.60187841 0.09553601 -0.56389642 0.78205035 0.24757010
1779472205.73606157 0.29297208 2.40131103 0.59879477 0.09619252 -0.56350683 0.78194698 0.24852763
1779472205.74634671 0.29755735 2.39876493 0.60020064 0.09863592 -0.56371190 0.78110473 0.24975039
1779472205.75660825 0.30660398 2.39695301 0.59722065 0.09916397 -0.56347351 0.78065998 0.25146392
1779472205.76683640 0.30727294 2.39629693 0.59579627 0.10026669 -0.56333424 0.78055196 0.25167394
1779472205.77713156 0.31468379 2.39434081 0.59436515 0.10228220 -0.56314414 0.77985414 0.25344538
1779472205.78740239 0.32082393 2.39332130 0.59059646 0.10461706 -0.56245809 0.77948242 0.25515353
1779472205.79771495 0.32789057 2.39147276 0.59030927 0.10477783 -0.56266522 0.77892014 0.25634521
1779472205.80805182 0.33463603 2.39035501 0.58682129 0.10632909 -0.56217109 0.77854335 0.25793030
1779472205.81832123 0.34300286 2.38928931 0.58252627 0.10846581 -0.56143682 0.77806740 0.26006727
1779472205.82874918 0.35141110 2.38741474 0.58110848 0.11054613 -0.56124407 0.77725091 0.26204135
1779472205.83910203 0.35271136 2.38761681 0.57751379 0.11250733 -0.56056639 0.77721585 0.26276023
1779472205.84938860 0.35997537 2.38676085 0.57342261 0.11519833 -0.55981018 0.77667201 0.26480652
1779472205.85965204 0.36315749 2.38660728 0.56945140 0.11901606 -0.55888171 0.77621308 0.26642010
1779472205.86990833 0.35399102 2.39002639 0.56203030 0.12447121 -0.55687729 0.77681130 0.26638092
1779472205.88021231 0.35690581 2.38926054 0.56001714 0.12786562 -0.55633894 0.77617803 0.26774061
1779472205.89045477 0.36244564 2.38798509 0.55852436 0.13077883 -0.55600091 0.77536411 0.26938891
1779472205.90079927 0.36498290 2.38796956 0.55491427 0.13329537 -0.55535172 0.77503984 0.27042569
1779472205.91099501 0.36886592 2.38643193 0.55656080 0.13555038 -0.55556704 0.77409847 0.27155645
1779472205.92125273 0.37459509 2.38530215 0.55463713 0.13749510 -0.55531646 0.77344373 0.27295333
1779472205.93153000 0.38324897 2.38306140 0.55525828 0.13891493 -0.55562231 0.77236461 0.27466235
1779472205.94181442 0.38731326 2.38247686 0.55338995 0.14045000 -0.55533757 0.77190123 0.27575799
1779472205.95215058 0.39108780 2.38231857 0.54957190 0.14184740 -0.55481195 0.77167789 0.27672415
1779472205.96247721 0.39623401 2.38199585 0.54504742 0.14288087 -0.55423824 0.77150433 0.27782386
1779472205.97276115 0.40107524 2.38162737 0.54165450 0.14349191 -0.55383892 0.77131297 0.27883476
1779472205.98300672 0.40743999 2.38110403 0.53742606 0.14424691 -0.55336438 0.77104952 0.28011306
1779472205.99330282 0.41370927 2.38094057 0.53162799 0.14522949 -0.55257784 0.77091990 0.28151135
1779472206.00363421 0.41494573 2.38186656 0.52557790 0.14614434 -0.55171679 0.77124386 0.28183919
1779472206.01397943 0.42309862 2.37969990 0.52646700 0.14700282 -0.55203081 0.77030196 0.28334968
1779472206.02427149 0.42321190 2.38104223 0.51932267 0.14704125 -0.55114349 0.77097178 0.28323532
1779472206.03457832 0.43211992 2.37898655 0.51843633 0.14775700 -0.55127991 0.77015381 0.28481827
1779472206.04487967 0.43411819 2.37882098 0.51615709 0.14807937 -0.55109828 0.77014484 0.28502652
1779472206.05515885 0.43910935 2.37840065 0.51186547 0.14867842 -0.55062567 0.77005346 0.28587370
1779472206.06545234 0.44105383 2.37858371 0.50827961 0.15010730 -0.55008096 0.76999780 0.28632522
1779472206.07576180 0.44748157 2.37739358 0.50587519 0.15132737 -0.54983683 0.76948228 0.28753523
1779472206.08601236 0.44886254 2.37743907 0.50350282 0.15191383 -0.54957217 0.76949641 0.28769409
1779472206.09634233 0.45401471 2.37731302 0.49790972 0.15290147 -0.54882659 0.76943932 0.28874495
1779472206.10660553 0.45927514 2.37662789 0.49440571 0.15393228 -0.54842560 0.76917492 0.28966213
1779472206.11690569 0.46173197 2.37672924 0.49101394 0.15505649 -0.54792975 0.76909400 0.29021527
1779472206.12723064 0.47137286 2.37422588 0.49103336 0.15523272 -0.54833540 0.76827100 0.29153176
1779472206.13750076 0.46923720 2.37532126 0.48717278 0.15747120 -0.54758428 0.76839569 0.29141437
1779472206.14781952 0.47850503 2.37358465 0.48481204 0.15742529 -0.54754216 0.76787745 0.29288066
1779472206.14844799 0.48064576 2.37284809 0.48578033 0.15699940 -0.54788236 0.76770294 0.29293056
1779472206.15856266 0.48510032 2.37197791 0.48417426 0.15835239 -0.54767394 0.76722352 0.29384664
1779472206.15904641 0.48579328 2.37228915 0.48162124 0.15897178 -0.54722183 0.76728907 0.29418313
1779472206.16924357 0.48702559 2.37245568 0.47918011 0.15966258 -0.54693998 0.76727427 0.29437173
1779472206.17991281 0.50727304 2.36837840 0.47545277 0.16075722 -0.54667411 0.76569077 0.29836585
1779472206.19099522 0.51568879 2.36694322 0.47156510 0.16022618 -0.54648731 0.76553893 0.29938159
1779472206.20153999 0.51542425 2.36748685 0.46799414 0.16151378 -0.54584438 0.76568557 0.29948758
1779472206.21184444 0.52080018 2.36722244 0.46141467 0.16114944 -0.54512048 0.76601348 0.30016307
1779472206.21205258 0.52355013 2.36633411 0.46201965 0.16193864 -0.54520400 0.76553055 0.30081797
1779472206.22219753 0.53504524 2.36399951 0.45867842 0.16078013 -0.54516700 0.76520329 0.30233526
1779472206.23249865 0.54281199 2.36326221 0.45087635 0.16003780 -0.54429658 0.76554106 0.30344031
1779472206.24279761 0.54826063 2.36247680 0.44548915 0.15977960 -0.54371329 0.76575331 0.30408585
1779472206.25303721 0.55240907 2.36240483 0.43849641 0.15786609 -0.54304724 0.76663154 0.30406261
1779472206.26331186 0.55692237 2.36168430 0.43371517 0.15857204 -0.54235779 0.76666942 0.30482936
1779472206.27361012 0.57056534 2.35803130 0.43142265 0.15736407 -0.54249784 0.76607803 0.30668731
1779472206.28391218 0.57749912 2.35642765 0.42674460 0.15683303 -0.54204962 0.76620030 0.30744547
1779472206.29417896 0.58488799 2.35462479 0.42246260 0.15559030 -0.54176373 0.76642631 0.30801694
1779472206.30446362 0.59252592 2.35311034 0.41573832 0.15343893 -0.54125135 0.76708623 0.30835399
1779472206.31475639 0.59405129 2.35284119 0.41139629 0.15293641 -0.54080197 0.76767182 0.30793451
1779472206.32500315 0.60434686 2.34967954 0.41051021 0.15208622 -0.54107069 0.76714838 0.30918546
1779472206.33528972 0.61074035 2.34743325 0.40848958 0.15175117 -0.54105355 0.76704020 0.30964813
1779472206.34565234 0.61567044 2.34556768 0.40682985 0.15184919 -0.54101375 0.76693356 0.30993364
1779472206.35599375 0.62005484 2.34412734 0.40510196 0.15043136 -0.54114152 0.76718810 0.30977198
1779472206.36630392 0.62445184 2.34301399 0.40200860 0.15156970 -0.54068670 0.76703372 0.31039297
1779472206.37662148 0.62992057 2.34185554 0.39665346 0.14826922 -0.54054331 0.76805361 0.30971409
1779472206.38693428 0.63782521 2.33880333 0.39816326 0.14810307 -0.54113503 0.76741537 0.31034175
1779472206.39717245 0.64748163 2.33636202 0.39470624 0.14692993 -0.54102874 0.76728645 0.31140167
1779472206.40748906 0.65608794 2.33330724 0.39484347 0.14547965 -0.54160286 0.76703906 0.31169390
1779472206.41777325 0.65910343 2.33232643 0.39264777 0.14428813 -0.54164249 0.76747220 0.31111215
1779472206.42809725 0.67503797 2.32708770 0.39412627 0.14464303 -0.54226670 0.76590286 0.31371649
1779472206.43837142 0.67477949 2.32734534 0.39090232 0.14256761 -0.54217538 0.76697702 0.31219640
1779472206.44867826 0.68344091 2.32446399 0.39075295 0.14104682 -0.54268631 0.76677581 0.31249355
1779472206.45898914 0.68912467 2.32270059 0.38914478 0.14033740 -0.54275029 0.76674976 0.31276563
1779472206.45918584 0.69096666 2.32191090 0.39042449 0.14064661 -0.54300440 0.76644435 0.31293420
1779472206.46931338 0.69759154 2.31977542 0.38961661 0.13950445 -0.54326865 0.76634912 0.31321990
1779472206.47961664 0.70407911 2.31813193 0.38632648 0.14010790 -0.54296966 0.76613823 0.31398397
1779472206.49009562 0.71175816 2.31592576 0.38441783 0.13820414 -0.54312787 0.76637908 0.31396630
1779472206.50047064 0.71808496 2.31423506 0.38236200 0.13834690 -0.54301290 0.76613914 0.31468705
1779472206.51087928 0.72171513 2.31363307 0.37903596 0.13845811 -0.54265583 0.76637529 0.31467906
1779472206.52138424 0.73355477 2.31011691 0.37680339 0.13745970 -0.54272617 0.76599892 0.31590946
1779472206.53179812 0.73674972 2.30968479 0.37357948 0.13865426 -0.54230955 0.76602151 0.31604809
1779472206.54215574 0.74141037 2.30895775 0.36923358 0.13741758 -0.54183506 0.76656685 0.31607981
1779472206.54247427 0.74027190 2.31023451 0.36434966 0.13836923 -0.54092528 0.76697848 0.31622429
1779472206.55247664 0.74068874 2.31054362 0.36242217 0.14005864 -0.54055368 0.76694217 0.31620406
1779472206.56274366 0.75119839 2.30840844 0.35451226 0.13969468 -0.53953322 0.76711010 0.31769703
1779472206.57298994 0.76104639 2.30593803 0.34992909 0.13874987 -0.53912699 0.76718813 0.31861095
1779472206.58331275 0.76152616 2.30736871 0.34052404 0.13932426 -0.53756774 0.76812954 0.31872667
1779472206.59359813 0.77026307 2.30511790 0.33647233 0.14045955 -0.53701489 0.76771001 0.32016788
1779472206.60395503 0.78193246 2.30245489 0.32793759 0.13975267 -0.53596351 0.76788942 0.32180451
1779472206.61426950 0.78406828 2.30232662 0.32352552 0.13953267 -0.53533495 0.76841376 0.32169460
1779472206.62457895 0.78887076 2.30222962 0.31473576 0.14034580 -0.53393511 0.76890100 0.32250209
1779472206.63496494 0.80313066 2.29770033 0.30995299 0.14015464 -0.53358213 0.76828235 0.32463676
1779472206.64531803 0.80639591 2.29706097 0.30595653 0.13921393 -0.53315424 0.76893920 0.32418905
1779472206.65559387 0.80910147 2.29693005 0.29968004 0.13905717 -0.53226552 0.76953823 0.32429529
1779472206.66594768 0.81702463 2.29499846 0.29458921 0.14087172 -0.53153535 0.76901589 0.32594463
1779472206.67628407 0.82396537 2.29267001 0.29149987 0.14015562 -0.53139384 0.76910437 0.32627513
1779472206.68665504 0.82606890 2.29215420 0.28976999 0.14039788 -0.53123815 0.76920175 0.32619493
1779472206.69701362 0.83480719 2.28923194 0.28674991 0.14020554 -0.53112097 0.76892593 0.32711746
1779472206.70733333 0.84449642 2.28611977 0.28185523 0.13943873 -0.53071854 0.76887934 0.32820607
1779472206.71758723 0.85586053 2.28245931 0.27666353 0.13768163 -0.53033717 0.76897567 0.32933673
1779472206.72794223 0.85854993 2.28239608 0.27214129 0.13957859 -0.52962024 0.76879091 0.33012232
1779472206.73828292 0.86736918 2.27915530 0.27093164 0.13896898 -0.52983602 0.76843308 0.33086555
1779472206.74852896 0.87355228 2.27757647 0.26600278 0.13954593 -0.52928860 0.76833116 0.33173444
1779472206.75886250 0.87935625 2.27507577 0.26700067 0.13844993 -0.52982640 0.76814218 0.33177281
1779472206.76916647 0.88072806 2.27563514 0.26092930 0.13962192 -0.52893925 0.76850336 0.33186078
1779472206.77942944 0.88399295 2.27503472 0.25700153 0.14045797 -0.52850508 0.76853991 0.33211496
1779472206.78970408 0.89137693 2.27230608 0.25598326 0.14014111 -0.52874172 0.76816418 0.33274083
1779472206.80002785 0.89812259 2.26980683 0.25437219 0.13969785 -0.52884042 0.76788883 0.33340526
1779472206.81032538 0.90371940 2.26768484 0.25364638 0.13996793 -0.52907960 0.76748373 0.33384500
1779472206.82063746 0.91161439 2.26496725 0.25139617 0.14034696 -0.52910263 0.76694839 0.33487805
1779472206.83093619 0.91526445 2.26315081 0.25296587 0.14099138 -0.52962720 0.76632498 0.33520513
1779472206.84117484 0.92306131 2.26027132 0.25115420 0.14165095 -0.52974419 0.76562929 0.33633003
1779472206.85143805 0.93202930 2.25625615 0.25298253 0.14172483 -0.53054139 0.76463161 0.33731054
1779472206.86171770 0.93542488 2.25504868 0.25095095 0.14236047 -0.53047087 0.76435951 0.33777018
1779472206.86192179 0.93405869 2.25572804 0.25048786 0.14305295 -0.53039430 0.76437663 0.33755905
1779472206.87198257 0.94643706 2.24978413 0.25437311 0.14261144 -0.53159339 0.76291958 0.33915213
1779472206.88223886 0.95426890 2.24644453 0.25205198 0.14395188 -0.53163012 0.76197072 0.34065804
1779472206.89252400 0.96183673 2.24254564 0.25451806 0.14460954 -0.53249374 0.76082989 0.34157923
1779472206.90280652 0.96408189 2.24174097 0.25174006 0.14539109 -0.53225113 0.76067206 0.34197687
1779472206.91308117 0.97205903 2.23792387 0.25132611 0.14633712 -0.53263586 0.75962248 0.34330478
1779472206.92336965 0.98631678 2.23113793 0.25156697 0.14685831 -0.53329953 0.75792454 0.34579566
1779472206.93369293 0.99016535 2.22942282 0.24986879 0.14861388 -0.53325304 0.75714006 0.34683431
1779472206.94395924 0.99879257 2.22561258 0.24746792 0.14936944 -0.53330998 0.75624486 0.34837186
1779472206.95420456 1.00889226 2.22106420 0.24567425 0.15104767 -0.53349600 0.75476794 0.35055953
1779472206.96451569 1.01713032 2.21732589 0.24395910 0.15129014 -0.53365472 0.75394181 0.35198817
1779472206.96468306 1.01964082 2.21608682 0.24437795 0.15144236 -0.53385910 0.75357751 0.35239271
1779472206.97477770 1.02426511 2.21482076 0.23660303 0.15571512 -0.53268387 0.75238377 0.35485119
1779472206.98502946 1.03294243 2.21018151 0.23921883 0.15491085 -0.53373090 0.75146735 0.35557105
1779472206.99532962 1.03880809 2.20766739 0.23595414 0.15732375 -0.53354676 0.75028325 0.35728437
1779472207.00561547 1.04503773 2.20467343 0.23512820 0.15723823 -0.53382832 0.74971719 0.35808882
1779472207.01598477 1.04747522 2.20136814 0.24757977 0.15778966 -0.53624380 0.74817612 0.35745980
1779472207.02638817 1.06175095 2.19481260 0.24352940 0.15849789 -0.53630569 0.74658380 0.36037101
1779472207.03672242 1.06210489 2.19476506 0.24292236 0.16042150 -0.53636691 0.74598120 0.36067648
1779472207.03694558 1.06277323 2.19418257 0.24441725 0.16010937 -0.53672087 0.74589092 0.36047530
1779472207.04700875 1.06734354 2.19244113 0.24078672 0.16117583 -0.53644374 0.74533425 0.36156234
1779472207.05726433 1.07415901 2.19154754 0.22534128 0.16533979 -0.53428184 0.74441180 0.36476944
1779472207.06752563 1.08420587 2.18744976 0.21954200 0.16785678 -0.53387759 0.74277706 0.36753375
1779472207.07782173 1.08609178 2.18668364 0.21855752 0.16873991 -0.53398589 0.74236303 0.36780844
1779472207.08813596 1.09835886 2.18083863 0.21636016 0.16900405 -0.53433003 0.74096068 0.37000855
1779472207.09835672 1.10354794 2.17671126 0.22533117 0.16906973 -0.53632409 0.73953348 0.36994883
1779472207.10860658 1.10170589 2.17713931 0.22750230 0.16944787 -0.53682611 0.73945613 0.36920154
1779472207.11891532 1.11133914 2.17258788 0.22412908 0.16996345 -0.53687284 0.73838269 0.37104039
1779472207.12923026 1.11476524 2.17124112 0.22030135 0.17234261 -0.53661748 0.73740842 0.37224794
1779472207.13957429 1.11965090 2.16834679 0.22082794 0.17201838 -0.53710244 0.73688697 0.37273079
1779472207.13974142 1.12105397 2.16763752 0.22025379 0.17219375 -0.53712353 0.73670686 0.37297538
1779472207.14983654 1.12354864 2.16651386 0.21809035 0.17367526 -0.53704125 0.73603472 0.37373319
1779472207.16006017 1.13130714 2.16469866 0.20005787 0.17791740 -0.53455395 0.73492701 0.37746492
1779472207.17031646 1.13207714 2.16436932 0.19795668 0.17917244 -0.53447120 0.73454695 0.37772815
1779472207.18060493 1.14148543 2.15795566 0.20577587 0.17924698 -0.53632782 0.73257945 0.37888038
1779472207.19088507 1.14202893 2.15880616 0.19527359 0.18166869 -0.53483463 0.73247294 0.38004183
1779472207.20113802 1.14324872 2.15900506 0.18678363 0.18509748 -0.53369741 0.73167070 0.38152848
1779472207.21145058 1.15292945 2.15402849 0.18270385 0.18539396 -0.53362990 0.73057890 0.38356574
1779472207.22175527 1.15401269 2.15320785 0.18071230 0.18796717 -0.53359044 0.72956142 0.38430421
1779472207.23199940 1.16272646 2.14784621 0.18166760 0.18796372 -0.53442528 0.72829412 0.38554759
1779472207.24232554 1.16677077 2.14592948 0.17685180 0.19035564 -0.53401826 0.72710663 0.38717591
1779472207.24251390 1.16854076 2.14517436 0.17417962 0.19122648 -0.53371115 0.72670689 0.38792003
1779472207.25260735 1.16321245 2.14750869 0.17447456 0.19195821 -0.53376108 0.72710539 0.38674140
1779472207.26285267 1.17394025 2.14201619 0.16749631 0.19286072 -0.53338286 0.72576333 0.38932641
1779472207.27308488 1.17515355 2.14099955 0.16454526 0.19587277 -0.53324878 0.72446132 0.39042975
1779472207.28339386 1.18081152 2.13757861 0.16363853 0.19694670 -0.53357623 0.72321597 0.39174872
1779472207.29366279 1.18889609 2.13376542 0.15288246 0.19867397 -0.53245029 0.72214215 0.39438059
1779472207.30395722 1.19482308 2.12987112 0.15215728 0.20196679 -0.53292452 0.71976300 0.39641152
1779472207.31423974 1.19891333 2.12687733 0.15209242 0.20309859 -0.53334655 0.71858113 0.39740857
1779472207.32450438 1.20801423 2.12105446 0.15115790 0.20326193 -0.53398930 0.71712668 0.39908563
1779472207.33481622 1.21083566 2.12061484 0.13649661 0.20760127 -0.53198215 0.71586284 0.40179236
1779472207.34511685 1.21711044 2.11631811 0.13659600 0.20872313 -0.53255410 0.71427907 0.40326938
1779472207.34528995 1.21957701 2.11572913 0.12823983 0.20970678 -0.53136748 0.71410224 0.40463522
1779472207.35539675 1.22431792 2.11271018 0.12594165 0.21060076 -0.53150592 0.71308552 0.40578051
1779472207.36570525 1.23011274 2.10911862 0.12043572 0.21353119 -0.53120684 0.71112694 0.40807132
1779472207.37600684 1.23619439 2.10528485 0.11545395 0.21455653 -0.53104016 0.70996222 0.40977493
1779472207.38624215 1.24540070 2.09998126 0.10607517 0.21636048 -0.53020237 0.70825661 0.41285126
1779472207.39651012 1.24921169 2.09728291 0.10240423 0.21864909 -0.53016550 0.70669426 0.41436739
1779472207.40681458 1.25782675 2.09155678 0.09654086 0.22048385 -0.52999436 0.70468308 0.41703070
1779472207.41717935 1.25922520 2.09063992 0.08926406 0.22251366 -0.52910396 0.70391091 0.41838511
1779472207.42750311 1.27028785 2.08267387 0.09214088 0.22171596 -0.53052827 0.70218184 0.41990768
1779472207.43777966 1.27197267 2.08226650 0.07564751 0.22657635 -0.52824691 0.70055784 0.42289134
1779472207.44807243 1.27857212 2.07754308 0.06903066 0.22749804 -0.52788613 0.69930718 0.42491215
1779472207.45835280 1.28591319 2.07184658 0.07045988 0.22836702 -0.52882542 0.69740175 0.42640706
1779472207.46864080 1.28823758 2.07039829 0.05634973 0.23139092 -0.52699072 0.69630614 0.42883188
1779472207.47894812 1.29436976 2.06587310 0.05030231 0.23395817 -0.52669449 0.69421717 0.43118326
1779472207.48922276 1.30099985 2.06095995 0.04484011 0.23525208 -0.52644557 0.69265796 0.43328567
1779472207.49956918 1.30627621 2.05638747 0.04230981 0.23613746 -0.52673011 0.69127964 0.43465728
1779472207.50992799 1.31251620 2.05186518 0.03005569 0.23820404 -0.52547300 0.68974935 0.43747319
1779472207.52021623 1.31730150 2.04755726 0.02761781 0.24031944 -0.52578382 0.68769858 0.43916809
1779472207.53054023 1.32660899 2.04009713 0.03077078 0.23969430 -0.52716104 0.68601290 0.44049311
1779472207.54084039 1.33480208 2.03300975 0.03094029 0.23986251 -0.52810062 0.68421509 0.44206947
1779472207.55112076 1.34261998 2.02655919 0.02575552 0.24017218 -0.52811881 0.68278459 0.44408676
1779472207.56148529 1.34191830 2.02683868 0.00521113 0.24241997 -0.52502831 0.68284188 0.44643566
1779472207.57189488 1.34625992 2.02236242 0.00238875 0.24311771 -0.52525847 0.68161768 0.44765462
1779472207.58218217 1.35573459 2.01453907 -0.00413315 0.24381721 -0.52519895 0.67967956 0.45028317
1779472207.59246731 1.36415701 2.00655770 0.00399149 0.24303386 -0.52750678 0.67778650 0.45086205
1779472207.60275793 1.37125609 2.00036819 0.00165218 0.24266431 -0.52787014 0.67664863 0.45234255
1779472207.61304712 1.37675883 1.99502728 -0.00383387 0.24347268 -0.52775976 0.67527290 0.45408943
1779472207.62335277 1.38199471 1.98969349 -0.00284866 0.24315843 -0.52866957 0.67418603 0.45481388
1779472207.63370156 1.38202463 1.98870452 -0.00251900 0.24512022 -0.52906116 0.67285992 0.45526905
1779472207.64402604 1.38987593 1.98184842 -0.01329238 0.24594159 -0.52823604 0.67134539 0.45801178
1779472207.65433669 1.39462118 1.97704197 -0.01432358 0.24619194 -0.52879159 0.67016742 0.45896036
1779472207.66469812 1.40324234 1.96976046 -0.03141604 0.24683337 -0.52695339 0.66896187 0.46247532
1779472207.67498922 1.40279667 1.96969653 -0.04765212 0.24948486 -0.52457952 0.66837055 0.46460138
1779472207.68524933 1.41383698 1.95993348 -0.04526911 0.24801176 -0.52611724 0.66667491 0.46608516
1779472207.69549870 1.41602109 1.95728653 -0.05392452 0.24973278 -0.52532445 0.66553008 0.46769378
1779472207.70576906 1.41833364 1.95467390 -0.05443844 0.25004180 -0.52574308 0.66478128 0.46812301
1779472207.71601629 1.42373053 1.95002844 -0.07534727 0.25191148 -0.52311461 0.66359255 0.47173788
1779472207.72631979 1.42546834 1.94785450 -0.08675675 0.25381608 -0.52183738 0.66255330 0.47358871
1779472207.73664641 1.43300857 1.94131719 -0.09422213 0.25332160 -0.52150414 0.66157360 0.47558592
1779472207.74691677 1.43422013 1.93963483 -0.10335871 0.25502644 -0.52051483 0.66065311 0.47703594
1779472207.75714564 1.44187946 1.93259515 -0.11228479 0.25506424 -0.52007112 0.65931477 0.47934571
1779472207.76741767 1.44800130 1.92702146 -0.12493025 0.25568783 -0.51877267 0.65817271 0.48198271
1779472207.76759219 1.44516866 1.92888757 -0.12748235 0.25695451 -0.51828021 0.65805668 0.48199732
1779472207.77770162 1.44793249 1.92630442 -0.12831654 0.25688856 -0.51870000 0.65747014 0.48238118
1779472207.78801703 1.45231906 1.92119907 -0.14701352 0.25845858 -0.51641328 0.65628278 0.48560210
1779472207.79831624 1.46294767 1.91145217 -0.15637722 0.25737530 -0.51610160 0.65495388 0.48829551
1779472207.80859900 1.46481879 1.90894596 -0.16423119 0.25787247 -0.51529206 0.65451648 0.48947325
1779472207.81893086 1.46966138 1.90359224 -0.17664447 0.25833272 -0.51407810 0.65359775 0.49172950
1779472207.82923269 1.47396163 1.89841365 -0.19156894 0.25922507 -0.51236666 0.65259493 0.49437093
1779472207.83955169 1.47678288 1.89492602 -0.19912371 0.25961823 -0.51171179 0.65192844 0.49572041
1779472207.83972168 1.47838217 1.89315698 -0.20244805 0.25959837 -0.51140355 0.65168297 0.49637124
1779472207.84978938 1.48344706 1.88782319 -0.21027646 0.25983321 -0.51084794 0.65060189 0.49823516
1779472207.86007237 1.48323362 1.88631107 -0.22184498 0.26122052 -0.50942163 0.65008513 0.49964265
1779472207.87031269 1.49007225 1.87871128 -0.23419358 0.26118920 -0.50837586 0.64890251 0.50225463
1779472207.88061285 1.49203407 1.87579249 -0.24075958 0.26144991 -0.50781268 0.64843752 0.50328820
1779472207.89095616 1.49727290 1.86964038 -0.24880674 0.26132026 -0.50737779 0.64748807 0.50501357
1779472207.90119791 1.50126241 1.86426982 -0.25986368 0.26184507 -0.50637463 0.64648096 0.50703478
1779472207.91150117 1.50587458 1.85848033 -0.26972116 0.26171653 -0.50546016 0.64571410 0.50898702
1779472207.92180109 1.51293071 1.85020491 -0.28037241 0.26124899 -0.50475256 0.64456764 0.51137694
1779472207.93199420 1.51631232 1.84543710 -0.28878268 0.26159180 -0.50417305 0.64368531 0.51288253
1779472207.94234705 1.51926219 1.84065796 -0.29989239 0.26241480 -0.50310486 0.64265636 0.51479779
1779472207.95267653 1.52195291 1.83655109 -0.30823338 0.26272332 -0.50234528 0.64196637 0.51624109
1779472207.96301198 1.52561780 1.83166925 -0.31344790 0.26286723 -0.50232899 0.64100170 0.51738113
1779472207.97324729 1.52846996 1.82731025 -0.32264464 0.26351047 -0.50158612 0.64003663 0.51896696
1779472207.98348689 1.53104171 1.82284885 -0.33245845 0.26401786 -0.50060669 0.63919647 0.52068741
1779472207.99376249 1.53474159 1.81789674 -0.33836232 0.26420565 -0.50048978 0.63820231 0.52192257
1779472208.00405264 1.53670686 1.81413135 -0.34777682 0.26504488 -0.49967619 0.63727885 0.52340289
1779472208.01439095 1.54012688 1.80886363 -0.35737456 0.26527962 -0.49876562 0.63644558 0.52516340
1779472208.01462340 1.54150401 1.80743386 -0.35726567 0.26492941 -0.49900535 0.63634951 0.52522888
1779472208.02474952 1.54306422 1.80409772 -0.36492152 0.26554334 -0.49829131 0.63561605 0.52648336
1779472208.03505874 1.54504038 1.79977564 -0.37559216 0.26607340 -0.49724412 0.63493864 0.52802098
1779472208.04541779 1.54732196 1.79532618 -0.38499852 0.26725679 -0.49647822 0.63358495 0.52976722
1779472208.05570078 1.54934246 1.79068123 -0.39659766 0.26808386 -0.49519059 0.63260122 0.53172646
1779472208.06597805 1.55082323 1.78634516 -0.40804524 0.26865091 -0.49395814 0.63193126 0.53338066
1779472208.07626987 1.55150793 1.78316295 -0.41744850 0.26931021 -0.49299542 0.63138392 0.53458570
1779472208.08661914 1.55288857 1.77977129 -0.42552655 0.26989680 -0.49221096 0.63070148 0.53581688
1779472208.09694219 1.55819076 1.77237859 -0.43433184 0.27006145 -0.49171932 0.62926513 0.53787017
1779472208.10730267 1.55687822 1.77103407 -0.44374716 0.27086723 -0.49060613 0.62913964 0.53862778
1779472208.11760473 1.56091867 1.76413299 -0.45405233 0.27143980 -0.48985489 0.62762988 0.54078031
1779472208.12790370 1.56482338 1.75867608 -0.46073143 0.27088188 -0.48941121 0.62713267 0.54203717
1779472208.13818216 1.56692404 1.75435496 -0.46813051 0.27155883 -0.48896084 0.62607243 0.54332901
1779472208.14846158 1.56931593 1.74990249 -0.47564193 0.27190760 -0.48836405 0.62519718 0.54469744
1779472208.15871286 1.57180676 1.74475793 -0.48446343 0.27260328 -0.48770706 0.62400034 0.54630839
1779472208.16897583 1.57024856 1.74302224 -0.49519892 0.27370146 -0.48640885 0.62363778 0.54732976
1779472208.17925048 1.56880487 1.74184814 -0.50316390 0.27516558 -0.48558543 0.62288635 0.54818180
1779472208.18951344 1.57053216 1.73926981 -0.50643187 0.27559073 -0.48559240 0.62211602 0.54883642
1779472208.19978118 1.57031407 1.73607769 -0.51770586 0.27710883 -0.48433585 0.62098203 0.55046417
1779472208.21007776 1.56792736 1.73510997 -0.52885758 0.27859222 -0.48288217 0.62051680 0.55151617
1779472208.22037625 1.56618215 1.73214359 -0.54356814 0.28013596 -0.48093661 0.61972283 0.55332399
1779472208.23069215 1.56598906 1.73128877 -0.54626736 0.28082391 -0.48088205 0.61926815 0.55353170
1779472208.24096894 1.56733055 1.72704982 -0.55507549 0.28128962 -0.48003905 0.61855260 0.55482550
1779472208.25131631 1.56601071 1.72415341 -0.56786070 0.28214669 -0.47835303 0.61822352 0.55621156
1779472208.26162195 1.56403855 1.72311838 -0.57602112 0.28348153 -0.47730167 0.61761245 0.55711417
1779472208.27194476 1.56725075 1.71677626 -0.58554938 0.28302008 -0.47638945 0.61713751 0.55865376
1779472208.28219080 1.56237831 1.71709898 -0.59811364 0.28527200 -0.47452079 0.61654337 0.55975367
1779472208.29245996 1.56248852 1.71422734 -0.60601748 0.28564196 -0.47358366 0.61619376 0.56074276
1779472208.29267192 1.56353210 1.71181695 -0.61013358 0.28527965 -0.47307252 0.61619510 0.56135685
1779472208.30283475 1.55906414 1.71325803 -0.61804127 0.28670652 -0.47176427 0.61620109 0.56172419
1779472208.31313634 1.56019551 1.70799979 -0.62923010 0.28775285 -0.47059323 0.61488466 0.56361082
1779472208.32341170 1.55772011 1.70667304 -0.63904141 0.28873219 -0.46923263 0.61467637 0.56447092
1779472208.33367610 1.55571380 1.70271130 -0.65536667 0.28978883 -0.46680892 0.61408241 0.56658156
1779472208.34398556 1.55612677 1.70052689 -0.65867435 0.29060106 -0.46679117 0.61319755 0.56713825
1779472208.35428429 1.55391386 1.69792789 -0.67039663 0.29234462 -0.46526933 0.61206178 0.56871738
1779472208.36457849 1.55366169 1.69267919 -0.68519800 0.29296829 -0.46323840 0.61130475 0.57086449
1779472208.36480331 1.55344246 1.69135875 -0.68921360 0.29289844 -0.46265536 0.61137237 0.57130058
1779472208.37493086 1.55207312 1.69304167 -0.68712106 0.29449724 -0.46332816 0.61037840 0.57099615
1779472208.38532233 1.55262730 1.68829746 -0.69774185 0.29503442 -0.46211640 0.60952466 0.57261053
1779472208.39561343 1.55149122 1.68426153 -0.71003661 0.29661347 -0.46060259 0.60807835 0.57454888
1779472208.40594506 1.54929797 1.68310216 -0.71821156 0.29814444 -0.45952828 0.60710617 0.57564377
1779472208.41624427 1.54912721 1.67906042 -0.72878473 0.29911839 -0.45830815 0.60596578 0.57731040
1779472208.42653990 1.54646903 1.67611492 -0.74206175 0.30116866 -0.45654431 0.60443710 0.57924134
1779472208.43693447 1.54837032 1.67161565 -0.74914503 0.30142971 -0.45600270 0.60349516 0.58051293
1779472208.44721508 1.54352755 1.67089751 -0.76123396 0.30392886 -0.45414872 0.60200998 0.58220287
1779472208.45753002 1.54320140 1.66763562 -0.77056059 0.30489870 -0.45312078 0.60097783 0.58356147
1779472208.46787786 1.54257293 1.66191241 -0.78513201 0.30630401 -0.45126756 0.59918620 0.58609841
1779472208.47811508 1.54176615 1.65890631 -0.79407473 0.30707495 -0.45013009 0.59835118 0.58742126
1779472208.48841071 1.53838540 1.65731261 -0.80573964 0.30934709 -0.44856971 0.59670462 0.58909523
1779472208.49871182 1.53341216 1.65511764 -0.82182037 0.31183944 -0.44612321 0.59504033 0.59131823
1779472208.50898123 1.53410881 1.65111039 -0.82944912 0.31242071 -0.44530533 0.59394947 0.59272296
1779472208.50914860 1.53271737 1.65178511 -0.83099861 0.31308489 -0.44506153 0.59363508 0.59287054
1779472208.51922107 1.52968828 1.65072359 -0.84001316 0.31446931 -0.44370893 0.59274733 0.59403875
1779472208.52955651 1.52485134 1.64815298 -0.85620500 0.31643197 -0.44118938 0.59145133 0.59616111
1779472208.53987169 1.52341522 1.64306284 -0.86998690 0.31769469 -0.43932628 0.58989353 0.59840465
1779472208.55016708 1.52254407 1.64184811 -0.87457565 0.31846850 -0.43881623 0.58917723 0.59907289
1779472208.56041312 1.51920200 1.63741966 -0.89040867 0.32005354 -0.43645806 0.58766034 0.60143613
1779472208.57070637 1.51383447 1.63339042 -0.90926500 0.32182966 -0.43341263 0.58634813 0.60396608
1779472208.58100486 1.51349786 1.63146082 -0.91363462 0.32277213 -0.43302969 0.58519893 0.60485177
1779472208.59126282 1.50826465 1.62704864 -0.93208077 0.32475563 -0.43010796 0.58350444 0.60750596
1779472208.60155725 1.50505238 1.62503609 -0.94199855 0.32659100 -0.42871745 0.58187539 0.60906543
1779472208.61183047 1.50445994 1.62184273 -0.94974067 0.32701101 -0.42770633 0.58112590 0.61026534
1779472208.61199141 1.50222966 1.62203095 -0.95341693 0.32795694 -0.42708017 0.58053518 0.61075828
1779472208.62209058 1.49860109 1.62038928 -0.96267146 0.32993427 -0.42569650 0.57879392 0.61230995
1779472208.63242412 1.49998109 1.61181428 -0.97678153 0.32961822 -0.42392226 0.57765017 0.61478617
1779472208.64268851 1.49195334 1.61004849 -0.99525325 0.33251921 -0.42083068 0.57566776 0.61720267
1779472208.65298462 1.49040485 1.60846038 -1.00173307 0.33326297 -0.41997829 0.57485166 0.61814205
1779472208.66328764 1.48287549 1.60760651 -1.01652167 0.33691866 -0.41764595 0.57183794 0.62053126
1779472208.67360926 1.48011866 1.60382110 -1.02860863 0.33868280 -0.41606444 0.56965996 0.62263302
1779472208.68392181 1.48599189 1.59971605 -1.02736250 0.33781381 -0.41706446 0.56901500 0.62302568
1779472208.68414497 1.49162806 1.59326988 -1.02980919 0.33589788 -0.41715532 0.56926630 0.62377073
1779472208.69421148 1.48992759 1.58816920 -1.04191292 0.33684624 -0.41549836 0.56759931 0.62588078
1779472208.70451427 1.48588532 1.58639824 -1.05273668 0.33907670 -0.41401090 0.56537991 0.62766832
1779472208.71483326 1.48047168 1.58188805 -1.06936888 0.34134547 -0.41146715 0.56283821 0.63038972
1779472208.72512746 1.47691793 1.58301920 -1.07399044 0.34364785 -0.41089761 0.56078362 0.63134067
1779472208.73539400 1.47453429 1.57704358 -1.08882133 0.34472107 -0.40887485 0.55882584 0.63379998
1779472208.74566627 1.46359456 1.57810732 -1.10496423 0.34757806 -0.40575743 0.55743710 0.63546383
1779472208.75592971 1.46519293 1.57211070 -1.11281057 0.34793058 -0.40505663 0.55562204 0.63730494
1779472208.76622152 1.46115218 1.57062600 -1.12248164 0.34956746 -0.40361081 0.55398087 0.63875355
1779472208.77648997 1.45625800 1.56247308 -1.14290756 0.35065410 -0.40042365 0.55183775 0.64201067
1779472208.78677583 1.45465736 1.55963031 -1.15035183 0.35191424 -0.39951458 0.54991448 0.64353596
1779472208.79707193 1.44767096 1.55462886 -1.16828460 0.35363650 -0.39649352 0.54792894 0.64614858
1779472208.80744433 1.44107045 1.55274918 -1.18082954 0.35616221 -0.39444020 0.54532811 0.64821499
1779472208.81774712 1.43785030 1.54768637 -1.19315403 0.35775504 -0.39270211 0.54273437 0.65056574
1779472208.82807541 1.42909333 1.54523887 -1.20854292 0.36000152 -0.38985068 0.54065991 0.65276505
1779472208.83836985 1.42451741 1.54202244 -1.21983262 0.36191751 -0.38813270 0.53813880 0.65480940
1779472208.84867525 1.41876334 1.53345862 -1.23952949 0.36262409 -0.38488029 0.53637768 0.65777649
1779472208.85900259 1.41689116 1.52967646 -1.24736403 0.36346617 -0.38377852 0.53471609 0.65930652
1779472208.85925317 1.41607581 1.52820769 -1.25057910 0.36360753 -0.38327980 0.53435284 0.65981300
1779472208.86934853 1.40470492 1.52750741 -1.26567437 0.36646726 -0.38018397 0.53204664 0.66188237
1779472208.87969971 1.39923369 1.52185620 -1.28044837 0.36831863 -0.37780367 0.52908098 0.66458942
1779472208.89016151 1.39584607 1.51685367 -1.29169549 0.36898190 -0.37605712 0.52773037 0.66628376
1779472208.90046573 1.39066127 1.51077326 -1.30584478 0.36944378 -0.37358194 0.52653497 0.66836274
1779472208.91078424 1.38689726 1.50511515 -1.31788309 0.37077644 -0.37177250 0.52399819 0.67062354
1779472208.92105675 1.38055721 1.49703087 -1.33563607 0.37151264 -0.36876767 0.52210719 0.67334452
1779472208.93136048 1.37921104 1.49276464 -1.34300847 0.37286443 -0.36796794 0.51940807 0.67511996
1779472208.94168425 1.37247866 1.48769410 -1.35713859 0.37381032 -0.36540938 0.51795652 0.67709887
1779472208.95196486 1.36960395 1.47968482 -1.37039563 0.37421245 -0.36345618 0.51586371 0.67952136
1779472208.96227908 1.36709896 1.47455638 -1.37980112 0.37544955 -0.36221001 0.51323035 0.68149553
1779472208.97257924 1.36377538 1.47083929 -1.38823136 0.37649057 -0.36091340 0.51130996 0.68305087
1779472208.98291516 1.35861757 1.46493644 -1.40158588 0.37745985 -0.35873882 0.50927054 0.68518175
1779472208.99323010 1.35712604 1.45728123 -1.41255359 0.37792724 -0.35735319 0.50691885 0.68738852
1779472209.00354743 1.35750966 1.45170043 -1.41933408 0.37856996 -0.35679877 0.50456653 0.68905155
1779472209.01389933 1.35379975 1.44671519 -1.42952369 0.37903016 -0.35510404 0.50328203 0.69061165
1779472209.02423620 1.34724901 1.44281730 -1.44114174 0.38131001 -0.35319100 0.49978879 0.69287081
1779472209.03454208 1.34531104 1.43627969 -1.45125833 0.38195609 -0.35188252 0.49745699 0.69485595
1779472209.04486227 1.34107996 1.43130756 -1.46153193 0.38302376 -0.35025283 0.49515988 0.69672982
1779472209.05514216 1.33489436 1.42593651 -1.47476230 0.38412417 -0.34802272 0.49297769 0.69878595
1779472209.06541824 1.33347924 1.42181137 -1.48189610 0.38519382 -0.34725013 0.49047612 0.70034009
1779472209.07567835 1.32958057 1.41796862 -1.49084230 0.38626307 -0.34586643 0.48831717 0.70194273
1779472209.08598566 1.32777205 1.41070693 -1.50159716 0.38680258 -0.34449036 0.48577384 0.70408375
1779472209.09627342 1.32360652 1.40778262 -1.51062462 0.38835078 -0.34319483 0.48314275 0.70567277
1779472209.10657835 1.32144183 1.40145516 -1.52104180 0.38868629 -0.34180379 0.48108427 0.70756701
1779472209.11686563 1.31929153 1.39544749 -1.53080090 0.38860988 -0.34038875 0.47990431 0.70909076
1779472209.12717104 1.31286680 1.39476652 -1.53961187 0.39096363 -0.33892635 0.47674721 0.71062541
1779472209.13747740 1.31350933 1.38607128 -1.54977574 0.39045119 -0.33787406 0.47502086 0.71256170
1779472209.14784813 1.31246488 1.38087290 -1.55744948 0.39073261 -0.33698897 0.47320903 0.71403058
1779472209.14818907 1.30846971 1.37933309 -1.56310523 0.39109918 -0.33578806 0.47273494 0.71470937
1779472209.15830088 1.30400016 1.37689414 -1.57108966 0.39214440 -0.33447358 0.47086028 0.71598938
1779472209.16860843 1.29695148 1.37411034 -1.58243940 0.39369456 -0.33245327 0.46844082 0.71766470
1779472209.17897320 1.28479056 1.37605445 -1.59351764 0.39703889 -0.32996403 0.46480081 0.71933585
1779472209.18928266 1.28442750 1.37233943 -1.59944043 0.39718049 -0.32935694 0.46348634 0.72038329
1779472209.19955015 1.28315685 1.36610921 -1.60886323 0.39696181 -0.32815007 0.46233453 0.72179335
1779472209.20984936 1.28181212 1.36550823 -1.61344771 0.39779526 -0.32772979 0.46105262 0.72234521
1779472209.22014165 1.28363277 1.36383291 -1.61569037 0.39765035 -0.32784538 0.46076967 0.72255306
1779472209.23053145 1.27816269 1.36267676 -1.62388693 0.39893054 -0.32636404 0.45904911 0.72361236
1779472209.24079728 1.27500850 1.36003726 -1.63107571 0.39944097 -0.32521970 0.45803030 0.72449106
1779472209.25112009 1.26828345 1.36707937 -1.63289828 0.40247044 -0.32459635 0.45594502 0.72440935
1779472209.26147079 1.27049073 1.35959761 -1.63915741 0.40112710 -0.32406684 0.45599010 0.72536251
1779472209.27182055 1.26895132 1.35240129 -1.64861492 0.40014833 -0.32261518 0.45609672 0.72648230
1779472209.28212523 1.26689007 1.35330176 -1.65163447 0.40112472 -0.32218572 0.45529999 0.72663419
1779472209.29242969 1.26771283 1.35667429 -1.65012859 0.40183513 -0.32271586 0.45542363 0.72592859
1779472209.30273843 1.26498755 1.35653786 -1.65497204 0.40220033 -0.32182473 0.45562690 0.72599440
1779472209.31297565 1.26010716 1.35772121 -1.65962385 0.40358746 -0.32074139 0.45441727 0.72646202
1779472209.32323623 1.26195950 1.36083991 -1.65755753 0.40460713 -0.32149171 0.45374180 0.72598521
1779472209.33357167 1.26709967 1.35696490 -1.65854736 0.40293724 -0.32193409 0.45539416 0.72568326
1779472209.34382844 1.26382017 1.36096751 -1.65992409 0.40442621 -0.32153698 0.45489136 0.72534631
1779472209.35411191 1.25653804 1.36161370 -1.66737444 0.40555243 -0.31970997 0.45451740 0.72575939
1779472209.36440635 1.26202506 1.36268117 -1.66357738 0.40548603 -0.32102927 0.45458923 0.72516889
1779472209.37470698 1.26572655 1.36604776 -1.66016807 0.40551423 -0.32205392 0.45579791 0.72393905
1779472209.38499737 1.26423330 1.36692783 -1.66262876 0.40619577 -0.32166597 0.45551641 0.72390662
1779472209.39535379 1.26237820 1.36823071 -1.66510475 0.40660165 -0.32112487 0.45599066 0.72362036
1779472209.40568924 1.26558552 1.36715915 -1.66489922 0.40629490 -0.32161357 0.45604277 0.72354278
1779472209.41601181 1.26455413 1.36978336 -1.66551244 0.40662711 -0.32133405 0.45707094 0.72283123
1779472209.42632842 1.26497008 1.36915086 -1.66785189 0.40642251 -0.32100844 0.45768455 0.72270269
1779472209.43665028 1.26755750 1.36922766 -1.66726365 0.40599119 -0.32135648 0.45855720 0.72223712
1779472209.44696903 1.27129931 1.36958531 -1.66608585 0.40526789 -0.32185663 0.46009501 0.72144219
1779472209.45723629 1.27767619 1.37014596 -1.66219073 0.40461774 -0.32310446 0.46110206 0.72060592
1779472209.46751904 1.27447657 1.37242494 -1.66441236 0.40561327 -0.32242718 0.46082442 0.72052720
1779472209.47779417 1.27700005 1.37403074 -1.66238562 0.40547436 -0.32294197 0.46164403 0.71984985
1779472209.48805857 1.28919489 1.36943263 -1.65832322 0.40239576 -0.32465375 0.46492772 0.71869313
1779472209.49831343 1.29342266 1.36920378 -1.65646942 0.40143094 -0.32524330 0.46666369 0.71784051
1779472209.50861073 1.30121248 1.36928177 -1.65104659 0.40039814 -0.32683758 0.46796289 0.71684675
1779472209.51897192 1.30315197 1.36997273 -1.64978512 0.40043242 -0.32718198 0.46831278 0.71644188
1779472209.52921486 1.31532959 1.36894541 -1.64171833 0.39831572 -0.32946896 0.47085415 0.71490640
1779472209.53948355 1.32435434 1.37121000 -1.63294396 0.39726974 -0.33155508 0.47279240 0.71324282
1779472209.54981399 1.33498659 1.37075365 -1.62526274 0.39538388 -0.33355919 0.47523355 0.71173234
1779472209.56012964 1.34641423 1.37228572 -1.61498489 0.39364725 -0.33602131 0.47792511 0.70973171
1779472209.57036734 1.35528039 1.37540223 -1.60557583 0.39244300 -0.33807442 0.48045664 0.70771151
1779472209.58068204 1.36515099 1.37873185 -1.59446087 0.39151077 -0.34055504 0.48222792 0.70583129
1779472209.59099245 1.37297491 1.38127388 -1.58619376 0.39014845 -0.34222214 0.48497740 0.70389283
1779472209.60132074 1.38116034 1.38316061 -1.57796821 0.38840468 -0.34385424 0.48810747 0.70189541
1779472209.61162424 1.38965844 1.37968878 -1.57380540 0.38599775 -0.34497906 0.49043503 0.70104826
1779472209.62193537 1.39749390 1.38140059 -1.56635676 0.38412994 -0.34642047 0.49367712 0.69908508
1779472209.63221145 1.41031474 1.38180127 -1.55504471 0.38137336 -0.34888399 0.49717414 0.69688750
1779472209.64254308 1.41953007 1.38310110 -1.54652085 0.37859927 -0.35042565 0.50150332 0.69452061
1779472209.65288639 1.42908420 1.38549172 -1.53616983 0.37675405 -0.35254937 0.50422909 0.69247264
1779472209.66314030 1.44392853 1.38826270 -1.52048093 0.37369707 -0.35578213 0.50836997 0.68944147
1779472209.67341447 1.45214529 1.39189825 -1.50997236 0.37219661 -0.35782035 0.51100275 0.68724848
1779472209.68369746 1.46529034 1.39381145 -1.49618185 0.36933698 -0.36063646 0.51467586 0.68457308
1779472209.69400835 1.47969933 1.39194378 -1.48446670 0.36495383 -0.36297699 0.51947853 0.68205459
1779472209.70431209 1.49003973 1.39494478 -1.47215902 0.36262264 -0.36532888 0.52284647 0.67946390
1779472209.71460652 1.49719074 1.39600980 -1.46454546 0.36024974 -0.36662442 0.52612686 0.67749331
1779472209.71477485 1.49898743 1.39731176 -1.46178740 0.35961698 -0.36702597 0.52729547 0.67670308
1779472209.72489119 1.50694222 1.40207936 -1.44949976 0.35795801 -0.36921494 0.53018663 0.67412798
1779472209.73518395 1.51407329 1.40641751 -1.43867692 0.35616129 -0.37099381 0.53336718 0.67158930
1779472209.74546266 1.52436370 1.41156267 -1.42375408 0.35393809 -0.37373541 0.53681754 0.66848830
1779472209.75577140 1.53482421 1.41477717 -1.41007274 0.35069999 -0.37605671 0.54111420 0.66542189
1779472209.76601171 1.54739841 1.42019083 -1.39140863 0.34789256 -0.37947073 0.54496884 0.66180186
1779472209.77628827 1.55166251 1.42861964 -1.37900667 0.34728224 -0.38147642 0.54751026 0.65886515
1779472209.78657269 1.55950606 1.43141117 -1.36785354 0.34545937 -0.38356436 0.54982021 0.65668405
1779472209.79686403 1.56903304 1.43580577 -1.35360367 0.34135452 -0.38561112 0.55550659 0.65283504
1779472209.80713940 1.57663417 1.44218447 -1.33858175 0.33981317 -0.38828940 0.55812197 0.64981399
1779472209.81753969 1.58134727 1.44809388 -1.32744872 0.33910346 -0.39030184 0.55995618 0.64739663
1779472209.82784557 1.58607409 1.45276996 -1.31686653 0.33794105 -0.39208773 0.56201040 0.64514135
1779472209.83816051 1.59478372 1.45584173 -1.30347626 0.33546783 -0.39450839 0.56489782 0.64242892
1779472209.84845686 1.60012660 1.45844043 -1.29462512 0.33320822 -0.39588747 0.56790939 0.64009712
1779472209.85879755 1.60683596 1.46170721 -1.28299214 0.33167178 -0.39804431 0.56962956 0.63802564
1779472209.86904335 1.60751507 1.46854037 -1.27530749 0.33109973 -0.39907288 0.57194840 0.63560116
1779472209.87937164 1.60945768 1.47204164 -1.26927426 0.32934814 -0.39980932 0.57484044 0.63343569
1779472209.88966370 1.61165652 1.47724387 -1.26116588 0.32834898 -0.40108005 0.57704422 0.63114317
1779472209.89996243 1.61269913 1.48022516 -1.25711004 0.32687871 -0.40144778 0.57952143 0.62940042
1779472209.91022038 1.61360228 1.48983218 -1.24461592 0.32700803 -0.40351375 0.58113100 0.62652148
1779472209.92051768 1.61373521 1.49584201 -1.23732739 0.32781784 -0.40498996 0.58132277 0.62496595
1779472209.93083763 1.60858285 1.50173098 -1.23698965 0.32792820 -0.40453911 0.58313338 0.62351156
1779472209.94114351 1.61886737 1.50073319 -1.22445130 0.32567185 -0.40736700 0.58423556 0.62181893
1779472209.95144963 1.61473295 1.50874378 -1.22008347 0.32631949 -0.40786766 0.58554027 0.61992109
1779472209.96186447 1.61868463 1.51458424 -1.20659285 0.32560886 -0.41040667 0.58676643 0.61745476
1779472209.97218013 1.62397958 1.51622118 -1.19635070 0.32339751 -0.41220528 0.58882361 0.61545724
1779472209.98248267 1.64164371 1.50551318 -1.18393059 0.32020201 -0.41594069 0.58781073 0.61558311
1779472209.99276805 1.64013579 1.51027886 -1.18036837 0.31941461 -0.41633459 0.58985013 0.61377247
1779472210.00302267 1.63186961 1.52024997 -1.17973893 0.31980716 -0.41560248 0.59251610 0.61149214
1779472210.01328444 1.64786925 1.52613803 -1.14647384 0.31651585 -0.42187383 0.59441204 0.60705396
1779472210.02356243 1.62611753 1.53143336 -1.17314431 0.31865721 -0.41619762 0.59672908 0.60757842
1779472210.03388309 1.63283986 1.53411045 -1.15839540 0.31692148 -0.41911720 0.59788313 0.60534066
1779472210.04415846 1.63265155 1.53635628 -1.15508451 0.31607559 -0.41962656 0.59918926 0.60413740
1779472210.05444169 1.63234031 1.53930856 -1.15043941 0.31517654 -0.42047602 0.60065575 0.60255815
1779472210.06477809 1.63232804 1.54299420 -1.14445188 0.31387454 -0.42143680 0.60263435 0.60058774
1779472210.07506299 1.63263618 1.54289499 -1.14327103 0.31332163 -0.42186146 0.60312342 0.60008716
1779472210.08534074 1.63347471 1.54573613 -1.13697775 0.31174703 -0.42291818 0.60508525 0.59818546
1779472210.09566760 1.63355127 1.55140780 -1.12746086 0.31124663 -0.42463877 0.60633064 0.59596191
1779472210.10590291 1.63560627 1.55345890 -1.12003054 0.31031249 -0.42609293 0.60716730 0.59455769
1779472210.11620355 1.63352137 1.55566916 -1.11910939 0.30941563 -0.42620474 0.60880443 0.59326946
1779472210.12653327 1.63351652 1.56205105 -1.10755361 0.30861790 -0.42812395 0.61040166 0.59065615
1779472210.13691711 1.63339660 1.56749813 -1.09798359 0.30833924 -0.42975485 0.61133181 0.58865194
1779472210.13710427 1.63310616 1.56708150 -1.09864672 0.30822719 -0.42973295 0.61141370 0.58864155
1779472210.14716554 1.62814529 1.57237953 -1.09693783 0.30888079 -0.42988744 0.61219088 0.58737703
1779472210.15742445 1.62792796 1.57443943 -1.09188558 0.30744164 -0.43070010 0.61397482 0.58567225
1779472210.16770005 1.62566158 1.57744422 -1.08910734 0.30743334 -0.43121660 0.61464364 0.58459403
1779472210.17802930 1.62348830 1.58209914 -1.08280168 0.30676678 -0.43219034 0.61620152 0.58258162
1779472210.18832779 1.62116347 1.58612815 -1.07801100 0.30564442 -0.43281133 0.61820219 0.58058754
1779472210.19866490 1.61907462 1.58998034 -1.07264445 0.30528504 -0.43379361 0.61921747 0.57895931
1779472210.20903087 1.62273604 1.58936284 -1.06578045 0.30396924 -0.43534515 0.61964859 0.57802502
1779472210.20926118 1.62068846 1.59072409 -1.06629181 0.30407543 -0.43519366 0.62002679 0.57767758
1779472210.21932483 1.61856724 1.59530614 -1.06086257 0.30352310 -0.43598019 0.62140303 0.57589346
1779472210.22962022 1.61832704 1.59709289 -1.05560820 0.30237891 -0.43700926 0.62254698 0.57447816
1779472210.23994589 1.61299198 1.60395843 -1.05103680 0.30210426 -0.43750642 0.62443727 0.57218812
1779472210.25024533 1.61116331 1.60593308 -1.04902969 0.30159193 -0.43789530 0.62534852 0.57116482
1779472210.26052999 1.60754984 1.61069619 -1.04462838 0.30121813 -0.43859064 0.62665704 0.56939164
1779472210.27083349 1.60617012 1.61012162 -1.04520316 0.29969827 -0.43852143 0.62818374 0.56856405
1779472210.28115892 1.60593526 1.61315198 -1.03825792 0.29867125 -0.43967991 0.62938728 0.56687627
1779472210.28134727 1.60483272 1.61417758 -1.03764580 0.29860244 -0.43976845 0.62969719 0.56649956
1779472210.29145241 1.60133864 1.61672305 -1.03695370 0.29890652 -0.43998367 0.63004032 0.56579012
1779472210.30176044 1.60105207 1.62148524 -1.02637645 0.29758438 -0.44176457 0.63163605 0.56331475
1779472210.31205511 1.60035950 1.62430303 -1.01961701 0.29591404 -0.44286550 0.63344328 0.56129728
1779472210.32235932 1.60085165 1.62499529 -1.01518437 0.29462503 -0.44371912 0.63447021 0.56014015
1779472210.33267379 1.59835733 1.62705706 -1.01277883 0.29406243 -0.44423820 0.63539926 0.55897002
1779472210.34300637 1.59525706 1.63092240 -1.00820238 0.29324563 -0.44494027 0.63688548 0.55714634
1779472210.35331726 1.59575197 1.63481407 -0.99809338 0.29201749 -0.44662876 0.63813420 0.55500746
1779472210.36364555 1.59278576 1.63560212 -0.99879870 0.29080275 -0.44644138 0.63972813 0.55396009
1779472210.37396407 1.59031376 1.63907135 -0.99361373 0.28969961 -0.44723080 0.64130572 0.55207402
1779472210.38429952 1.58920224 1.64245084 -0.98625195 0.28876324 -0.44853093 0.64243747 0.55019079
1779472210.39462519 1.58512988 1.64594667 -0.98446045 0.28848281 -0.44867423 0.64357785 0.54888674
1779472210.40486360 1.58373907 1.64848132 -0.97883865 0.28696762 -0.44953277 0.64527364 0.54698428
1779472210.41513062 1.58145315 1.65094218 -0.97495017 0.28555766 -0.45004791 0.64703614 0.54521366
1779472210.42543077 1.57695192 1.65430798 -0.97403599 0.28526778 -0.44997984 0.64829259 0.54392753
1779472210.43568993 1.57527715 1.65736290 -0.96755551 0.28367418 -0.45092032 0.65009411 0.54182790
1779472210.44600821 1.57198606 1.65742141 -0.97041512 0.28170401 -0.45013250 0.65251371 0.54060100
1779472210.45634985 1.56894906 1.66174991 -0.96505969 0.28151392 -0.45097839 0.65336203 0.53896796
1779472210.45656991 1.56792116 1.66346193 -0.96289951 0.28151037 -0.45133177 0.65362165 0.53835889
1779472210.46676230 1.56650233 1.66817247 -0.95375959 0.28074764 -0.45280337 0.65472053 0.53618178
1779472210.47709775 1.56120554 1.67116373 -0.95432253 0.28028940 -0.45255317 0.65617954 0.53484754
1779472210.48741841 1.55695174 1.67418282 -0.95248818 0.27959319 -0.45274444 0.65759751 0.53330633
1779472210.49777079 1.55456712 1.67669022 -0.94947580 0.27861493 -0.45309965 0.65899292 0.53179203
1779472210.50805879 1.54927152 1.68194310 -0.94419252 0.27843124 -0.45399597 0.66017751 0.52965023
1779472210.51832223 1.54811265 1.68385264 -0.93983990 0.27768937 -0.45478940 0.66097294 0.52836540
1779472210.52862287 1.54378063 1.68716627 -0.93725714 0.27675633 -0.45503194 0.66268564 0.52649751
1779472210.53895187 1.54263583 1.68971152 -0.93139358 0.27617683 -0.45609591 0.66333793 0.52505778
1779472210.54920173 1.53772944 1.69366551 -0.92900779 0.27558162 -0.45632592 0.66487601 0.52322205
1779472210.55945587 1.53489562 1.69665252 -0.92458380 0.27451855 -0.45699375 0.66634490 0.52132595
1779472210.56973004 1.52949300 1.70067278 -0.92342392 0.27438557 -0.45694081 0.66765360 0.51976564
1779472210.58002758 1.52651082 1.70389536 -0.91800623 0.27439557 -0.45805667 0.66800219 0.51832830
1779472210.59029531 1.52237834 1.70677252 -0.91532558 0.27371560 -0.45842720 0.66932069 0.51665664
1779472210.60059738 1.52021644 1.70795485 -0.91409597 0.27288493 -0.45860192 0.67039071 0.51555251
1779472210.61096787 1.51728069 1.71227997 -0.90615461 0.27225383 -0.45995044 0.67143884 0.51331601
1779472210.62133169 1.51170778 1.71583621 -0.90508365 0.27227923 -0.46009479 0.67242045 0.51188626
1779472210.63160706 1.50982325 1.71679589 -0.90227467 0.27118065 -0.46063615 0.67355446 0.51048974
1779472210.64196086 1.50750479 1.71899090 -0.89890394 0.27065640 -0.46121977 0.67438456 0.50914330
1779472210.65227032 1.50277117 1.72446000 -0.89232501 0.27014329 -0.46216865 0.67580833 0.50666146
1779472210.66259050 1.49913929 1.72616551 -0.89176950 0.26960806 -0.46227937 0.67687080 0.50542575
1779472210.67289710 1.49757410 1.73041127 -0.88307805 0.26848654 -0.46363351 0.67818169 0.50301942
1779472210.67308116 1.49603622 1.73152389 -0.88265772 0.26854335 -0.46368874 0.67844306 0.50258556
1779472210.68324256 1.49620040 1.73209207 -0.87817216 0.26786937 -0.46473085 0.67870346 0.50163019
1779472210.69353414 1.49115896 1.73549110 -0.87656969 0.26801580 -0.46504758 0.67944273 0.50025579
1779472210.70391560 1.48740545 1.73599051 -0.87929191 0.26759585 -0.46470295 0.68039359 0.49950795
1779472210.71426558 1.48356633 1.74243008 -0.87023919 0.26752360 -0.46617476 0.68123028 0.49702869
1779472210.72455430 1.48258405 1.74277420 -0.86816636 0.26694543 -0.46690465 0.68154375 0.49622405
1779472210.73486423 1.47550826 1.74933782 -0.86458857 0.26756119 -0.46746374 0.68246382 0.49409696
1779472210.74518442 1.47758981 1.74826427 -0.86072676 0.26624777 -0.46852348 0.68276659 0.49338388
1779472210.74537563 1.47699076 1.74948006 -0.85854037 0.26619043 -0.46894918 0.68286928 0.49286801
1779472210.75556016 1.47489730 1.75011347 -0.85855787 0.26629016 -0.46925245 0.68293079 0.49244008
1779472210.76589203 1.47087070 1.75442591 -0.85461567 0.26647518 -0.47018776 0.68337464 0.49082945
1779472210.77625132 1.47302840 1.75418578 -0.84910086 0.26561880 -0.47160424 0.68325815 0.49009631
1779472210.78652048 1.47101059 1.75746433 -0.84325942 0.26514144 -0.47291521 0.68375197 0.48839991
1779472210.79687929 1.46898335 1.75817173 -0.84370327 0.26539021 -0.47338863 0.68358965 0.48803323
1779472210.80721617 1.46652105 1.76327145 -0.83414422 0.26505200 -0.47525470 0.68407417 0.48571900
1779472210.81754184 1.46837088 1.76382137 -0.82800010 0.26403958 -0.47670234 0.68423411 0.48462529
1779472210.81772447 1.46509918 1.76562650 -0.82952441 0.26431017 -0.47633078 0.68472025 0.48415628
1779472210.82789230 1.46503893 1.76360197 -0.83222628 0.26439231 -0.47642103 0.68426642 0.48466398
1779472210.83821344 1.46286328 1.76682403 -0.82597493 0.26351182 -0.47761847 0.68516662 0.48268915
1779472210.84847999 1.45861730 1.76951582 -0.82521672 0.26321662 -0.47782887 0.68613487 0.48126449
1779472210.85883594 1.45706935 1.77028687 -0.82406717 0.26303582 -0.47827850 0.68636609 0.48058655
1779472210.86912465 1.45659922 1.76718438 -0.82848643 0.26221350 -0.47793678 0.68677319 0.48079424
1779472210.87943792 1.45413265 1.77106635 -0.82150771 0.26093753 -0.47906543 0.68820910 0.47830550
1779472210.88981152 1.45139960 1.77189335 -0.82230488 0.26045666 -0.47896624 0.68905826 0.47744360
1779472210.89001632 1.45228998 1.77144693 -0.82094974 0.25993574 -0.47928986 0.68922610 0.47716036
1779472210.90015268 1.44979437 1.77406202 -0.81712499 0.26020333 -0.48020261 0.68924671 0.47606581
1779472210.91046834 1.44718249 1.77447887 -0.81806711 0.25891107 -0.48002586 0.69075943 0.47475429
1779472210.92078400 1.44306202 1.77734917 -0.81599524 0.25885084 -0.48051873 0.69144366 0.47329024
1779472210.93117094 1.44512892 1.77577451 -0.81264282 0.25768182 -0.48150070 0.69162752 0.47266110
1779472210.94142532 1.44150063 1.77795973 -0.81134956 0.25681278 -0.48169468 0.69300386 0.47091727
1779472210.95170879 1.43760486 1.78164449 -0.80705513 0.25688550 -0.48264630 0.69345776 0.46923205
1779472210.96203947 1.43774033 1.78075500 -0.80532838 0.25563098 -0.48328523 0.69415049 0.46823422
1779472210.97232938 1.43724080 1.78099547 -0.80296166 0.25499716 -0.48394928 0.69453132 0.46732836
1779472210.98262119 1.43133459 1.78539232 -0.80098394 0.25520800 -0.48434892 0.69540781 0.46549220
1779472210.99294400 1.43101059 1.78589905 -0.79703579 0.25398224 -0.48530625 0.69617400 0.46401792
1779472211.00329041 1.42817136 1.78744921 -0.79665864 0.25412985 -0.48561133 0.69645227 0.46319962
1779472211.01357150 1.42681219 1.78834611 -0.79403046 0.25334808 -0.48636510 0.69706347 0.46191586
1779472211.02388453 1.42372016 1.78952569 -0.79453308 0.25291973 -0.48652328 0.69783981 0.46081048
1779472211.03420091 1.42014477 1.79247011 -0.79197699 0.25265055 -0.48715181 0.69858785 0.45915774
1779472211.04449391 1.42169973 1.79090281 -0.79090444 0.25133118 -0.48768372 0.69909407 0.45854631
1779472211.05480313 1.41760841 1.79275592 -0.79190320 0.25167245 -0.48787012 0.69940149 0.45769125
1779472211.06509209 1.41824669 1.79316779 -0.78750180 0.25051968 -0.48889038 0.69993893 0.45641164
1779472211.06525469 1.41741718 1.79220023 -0.79113066 0.25069526 -0.48842315 0.69994156 0.45681126
1779472211.07540441 1.41714339 1.79126068 -0.79179124 0.24978778 -0.48856845 0.70056776 0.45619267
1779472211.08566213 1.41950428 1.79057907 -0.78536532 0.24905777 -0.49041992 0.70000459 0.45546910
1779472211.09592628 1.40802292 1.79623511 -0.79240391 0.25091115 -0.48924509 0.70090061 0.45433596
1779472211.10616112 1.41166497 1.79496674 -0.78652322 0.24891593 -0.49062232 0.70147989 0.45305249
1779472211.11649251 1.40429440 1.79812499 -0.79074530 0.25013095 -0.49018921 0.70179371 0.45236559
1779472211.12678957 1.40358805 1.79946166 -0.78658855 0.24927940 -0.49129766 0.70232181 0.45081090
1779472211.13713670 1.40576300 1.79609083 -0.78916116 0.24804484 -0.49133018 0.70268203 0.45089508
1779472211.14747000 1.40100466 1.80005655 -0.78595020 0.24815240 -0.49209595 0.70329871 0.44903550
1779472211.15779853 1.39677671 1.80070672 -0.78949601 0.24854483 -0.49191190 0.70357301 0.44859022
1779472211.16811514 1.39835421 1.79889538 -0.78918102 0.24720724 -0.49230755 0.70415877 0.44797576
1779472211.16830325 1.39651491 1.79959165 -0.79028757 0.24715518 -0.49209360 0.70460231 0.44754194
1779472211.17846942 1.39432382 1.80055775 -0.78963430 0.24773164 -0.49267680 0.70422771 0.44717104
1779472211.18882203 1.39091414 1.80217281 -0.78941303 0.24775198 -0.49306893 0.70466449 0.44603805
1779472211.19917846 1.39133931 1.80090186 -0.78831775 0.24633486 -0.49363074 0.70543518 0.44498206
1779472211.20947313 1.38834168 1.80136959 -0.79063614 0.24618004 -0.49359154 0.70603375 0.44416114
1779472211.21975160 1.38734615 1.80233543 -0.78820184 0.24591394 -0.49416072 0.70626954 0.44329995
1779472211.23004842 1.38537453 1.80230931 -0.78858043 0.24515046 -0.49453051 0.70705870 0.44205070
1779472211.24033117 1.38793850 1.79933494 -0.78736629 0.24343570 -0.49524020 0.70758752 0.44135711
1779472211.25067544 1.38201556 1.80182189 -0.79096206 0.24393257 -0.49463722 0.70847527 0.44033364
1779472211.26096964 1.38270958 1.80080869 -0.78822949 0.24289262 -0.49558499 0.70879867 0.43932123
1779472211.27122188 1.37938209 1.80248899 -0.78782012 0.24261095 -0.49588210 0.70955476 0.43791885
1779472211.28161407 1.38130378 1.79951850 -0.78821748 0.24086149 -0.49621773 0.71038022 0.43716547
1779472211.29188752 1.37844716 1.80058623 -0.78928486 0.24092781 -0.49624203 0.71082363 0.43637989
1779472211.30218339 1.37610571 1.80037561 -0.79166953 0.24029469 -0.49607509 0.71176157 0.43538882
1779472211.31249237 1.37149906 1.80104223 -0.79677138 0.24006533 -0.49533630 0.71294592 0.43441765
1779472211.32275438 1.36892506 1.80323221 -0.79508692 0.23972137 -0.49570897 0.71368661 0.43296386
1779472211.33299565 1.36647286 1.80389585 -0.79618260 0.23900039 -0.49571350 0.71473007 0.43163396
1779472211.34330964 1.36739181 1.80373502 -0.79340346 0.23756067 -0.49651328 0.71553208 0.43017826
1779472211.35355759 1.36094425 1.80565686 -0.80041420 0.23820594 -0.49534368 0.71651425 0.42953451
1779472211.36382961 1.35942439 1.80587174 -0.80215793 0.23700502 -0.49524578 0.71779925 0.42816406
1779472211.37406492 1.36010655 1.80708285 -0.79744908 0.23563022 -0.49638167 0.71856610 0.42631725
1779472211.38434339 1.35548093 1.80772926 -0.80426567 0.23585445 -0.49550175 0.71938682 0.42583247
1779472211.39467192 1.35267158 1.80936770 -0.80529737 0.23584275 -0.49555989 0.71993415 0.42484516
1779472211.40494967 1.34895422 1.81159595 -0.80628033 0.23568038 -0.49562681 0.72074209 0.42348514
1779472211.41519737 1.34765048 1.81159355 -0.80905837 0.23520738 -0.49558055 0.72133919 0.42278503
1779472211.42551184 1.34681864 1.81050022 -0.81378245 0.23475331 -0.49507307 0.72192109 0.42263871
1779472211.43583012 1.34434389 1.81250819 -0.81381074 0.23444255 -0.49540362 0.72257210 0.42130928
1779472211.44616628 1.34312375 1.81188191 -0.81848752 0.23369259 -0.49495211 0.72346572 0.42072264
1779472211.45650816 1.34136001 1.81270196 -0.81991057 0.23325439 -0.49491590 0.72417478 0.41978749
1779472211.45668960 1.34195246 1.81093515 -0.82321207 0.23300304 -0.49451348 0.72428682 0.42020781
1779472211.46679616 1.33820182 1.81273516 -0.82624305 0.23295330 -0.49407884 0.72516698 0.41922752
1779472211.47706223 1.33842771 1.81171103 -0.82788701 0.23176072 -0.49411370 0.72605397 0.41831118
1779472211.48729849 1.33512282 1.81048960 -0.83575426 0.23151493 -0.49302188 0.72701792 0.41806126
1779472211.49761438 1.33314303 1.81098361 -0.83716992 0.23143084 -0.49302078 0.72740222 0.41744015
1779472211.50790572 1.33014432 1.81074273 -0.84183795 0.23092158 -0.49237322 0.72850204 0.41656765
1779472211.51813459 1.32839804 1.80939910 -0.84710707 0.23041355 -0.49176872 0.72930027 0.41616611
1779472211.52840948 1.32801111 1.80617736 -0.85467040 0.22967957 -0.49066732 0.73013529 0.41640765
1779472211.53871322 1.32538102 1.80793627 -0.85410659 0.22913569 -0.49091125 0.73107374 0.41477002
1779472211.54897594 1.32823742 1.80278794 -0.85982938 0.22726551 -0.49024429 0.73208123 0.41481079
1779472211.55934668 1.32583337 1.80328615 -0.86094953 0.22647954 -0.49014601 0.73321079 0.41335923
1779472211.56963587 1.32236619 1.80458059 -0.86255664 0.22657228 -0.48995381 0.73383923 0.41242000
1779472211.57993412 1.32027795 1.80177052 -0.87055492 0.22612831 -0.48881129 0.73478013 0.41234412
1779472211.59016871 1.32197071 1.79949147 -0.87118317 0.22487240 -0.48891428 0.73538231 0.41183503
1779472211.60047889 1.31878603 1.79754118 -0.87862202 0.22442461 -0.48777914 0.73650788 0.41141372
1779472211.61076117 1.31993234 1.79473341 -0.88063833 0.22306847 -0.48772427 0.73730566 0.41078689
1779472211.62100720 1.31623606 1.79770035 -0.87812627 0.22229093 -0.48810289 0.73861456 0.40840034
1779472211.63125181 1.31521153 1.79643865 -0.88116228 0.22200375 -0.48781951 0.73904511 0.40811614
1779472211.64161325 1.31707938 1.79309985 -0.88372196 0.22059283 -0.48771938 0.73976237 0.40770117
1779472211.65191531 1.31539815 1.79238409 -0.88645270 0.21972802 -0.48741125 0.74082097 0.40661304
1779472211.66224861 1.31402057 1.79228988 -0.88727369 0.21941903 -0.48761866 0.74124805 0.40575198
1779472211.67258382 1.31227561 1.79451294 -0.88403768 0.21892637 -0.48827465 0.74185799 0.40411117
1779472211.68291259 1.31561017 1.79085065 -0.88546378 0.21733561 -0.48844732 0.74240079 0.40376418
1779472211.69317412 1.31119540 1.79433856 -0.88396903 0.21712398 -0.48876743 0.74340105 0.40164469
1779472211.70351028 1.31173322 1.79509895 -0.88034947 0.21702436 -0.48983523 0.74311864 0.40091964
1779472211.70367265 1.31125868 1.79429570 -0.88276394 0.21721005 -0.48956498 0.74309623 0.40119064
1779472211.71376920 1.31192645 1.79276913 -0.88411022 0.21608931 -0.48950007 0.74386189 0.40045547
1779472211.72402596 1.31493441 1.79330451 -0.87595194 0.21511806 -0.49147752 0.74355653 0.39912123
1779472211.73437977 1.31037792 1.79516300 -0.87750621 0.21493476 -0.49123589 0.74460172 0.39756588
1779472211.74470377 1.31462448 1.79039535 -0.87969083 0.21363192 -0.49131815 0.74472393 0.39793738
1779472211.75499678 1.31161906 1.78740881 -0.88981622 0.21262870 -0.48948716 0.74648588 0.39742947
1779472211.76527524 1.31398520 1.78733829 -0.88444062 0.21079829 -0.49061418 0.74721384 0.39564288
1779472211.77552843 1.31186839 1.79193287 -0.87677810 0.20994175 -0.49183611 0.74807304 0.39294837
1779472211.78581882 1.31296574 1.79095001 -0.87588976 0.20907790 -0.49231456 0.74838984 0.39220588
1779472211.79607105 1.31312753 1.78998524 -0.87630337 0.20853674 -0.49264857 0.74863066 0.39161454
1779472211.80641174 1.31459641 1.78763416 -0.87756072 0.20684566 -0.49260233 0.74961279 0.39068977
1779472211.81673837 1.31685048 1.78720922 -0.87385292 0.20574666 -0.49353458 0.74977169 0.38978756
1779472211.82698703 1.31372741 1.78600489 -0.88038536 0.20607287 -0.49280598 0.75018701 0.38973798
1779472211.83723807 1.30962319 1.78860838 -0.88050541 0.20667375 -0.49315365 0.75031838 0.38872583
1779472211.84755993 1.31134845 1.79096518 -0.87202652 0.20613037 -0.49503983 0.74993036 0.38736325
1779472211.85782623 1.31654824 1.79088566 -0.86303986 0.20359638 -0.49690358 0.75040025 0.38540214
1779472211.86807919 1.32164147 1.78902838 -0.85895907 0.20149330 -0.49800679 0.75074048 0.38441959
1779472211.87830114 1.30812404 1.79439340 -0.86987251 0.20361894 -0.49586234 0.75223856 0.38314098
1779472211.88853478 1.31890267 1.79138150 -0.85925052 0.20136282 -0.49867159 0.75113138 0.38285940
1779472211.89879298 1.31360619 1.79593162 -0.85699495 0.20227919 -0.49943187 0.75112750 0.38139011
1779472211.90902925 1.32133905 1.79009459 -0.85745070 0.19992932 -0.49978948 0.75131339 0.38179437
1779472211.90924668 1.32155053 1.79141172 -0.85419172 0.19969609 -0.50043411 0.75128984 0.38111777
1779472211.91938376 1.31213798 1.79698113 -0.85771197 0.20142515 -0.49990585 0.75184951 0.37979514
1779472211.92966628 1.31649126 1.79542424 -0.85444351 0.19994501 -0.50094389 0.75184966 0.37920877
1779472211.93989372 1.31072333 1.79574205 -0.86402670 0.20053108 -0.49949689 0.75284380 0.37883551
1779472211.95019960 1.31713730 1.79413920 -0.85671632 0.19809211 -0.50093987 0.75314971 0.37760334
1779472211.95097852 1.31457288 1.79457153 -0.86001995 0.19840092 -0.50036297 0.75353590 0.37743558
1779472211.96052599 1.31440456 1.79425430 -0.86089606 0.19815667 -0.50049421 0.75368813 0.37708578
1779472211.97077584 1.31080722 1.79478432 -0.86436303 0.19824728 -0.50012191 0.75424879 0.37641049
1779472211.98109746 1.31275822 1.79390323 -0.86176073 0.19736606 -0.50086287 0.75425137 0.37588283
1779472211.98164797 1.30762140 1.79728526 -0.86297501 0.19841057 -0.50060651 0.75449856 0.37517767
1779472211.99137259 1.30279650 1.79729242 -0.87138323 0.19944399 -0.49939455 0.75491404 0.37540905
1779472212.00167036 1.30306586 1.80126595 -0.86174803 0.19785937 -0.50105929 0.75561440 0.37260989
1779472212.01201940 1.30931421 1.79636130 -0.86128258 0.19540134 -0.50145392 0.75613724 0.37231539
1779472212.02235579 1.29713273 1.80603923 -0.85922717 0.19749213 -0.50170128 0.75667749 0.36977273
1779472212.03265095 1.30455051 1.79717256 -0.86582898 0.19500554 -0.50092396 0.75733760 0.37079346
1779472212.04293656 1.30943791 1.79268941 -0.86565669 0.19321616 -0.50137313 0.75751033 0.37077029
1779472212.05318570 1.30282078 1.79769272 -0.86472594 0.19416084 -0.50160358 0.75788691 0.36919214
1779472212.06349516 1.30235384 1.79663082 -0.86636543 0.19367718 -0.50166482 0.75815218 0.36881816
1779472212.07375145 1.29779979 1.79989586 -0.86591616 0.19351783 -0.50177797 0.75901281 0.36697313
1779472212.08399129 1.29523582 1.80250338 -0.86335219 0.19309133 -0.50222379 0.75961967 0.36532857
1779472212.08414936 1.29332642 1.80435036 -0.86169086 0.19303828 -0.50245543 0.75990964 0.36443397
1779472212.09430361 1.29244284 1.80371880 -0.86303703 0.19247303 -0.50237462 0.76038248 0.36385760
1779472212.10464072 1.29108012 1.80495518 -0.86087788 0.19213297 -0.50306063 0.76054916 0.36273944
1779472212.11499071 1.29320627 1.80326489 -0.86016577 0.19099677 -0.50357661 0.76071130 0.36228325
1779472212.12526727 1.28915962 1.80577206 -0.86027542 0.19107217 -0.50360848 0.76130697 0.36094546
1779472212.13552737 1.29150405 1.80315405 -0.86113300 0.19021039 -0.50397816 0.76122595 0.36105551
1779472212.14580464 1.29119323 1.80289154 -0.86064855 0.18934756 -0.50434349 0.76165511 0.36009254
1779472212.15608978 1.29050732 1.80300742 -0.86023434 0.18925342 -0.50477043 0.76158176 0.35969874
1779472212.16638207 1.28899940 1.80214820 -0.86330628 0.18868717 -0.50442915 0.76224209 0.35907573
1779472212.17670894 1.28594906 1.80423999 -0.86150953 0.18896186 -0.50517114 0.76213321 0.35811800
1779472212.18700027 1.28084849 1.80773586 -0.86010617 0.18881630 -0.50543544 0.76296161 0.35605197
1779472212.19726539 1.28487277 1.80385034 -0.86057881 0.18816802 -0.50603106 0.76230062 0.35696375
1779472212.20758724 1.28959850 1.80030652 -0.85881566 0.18652216 -0.50686002 0.76221048 0.35684394
1779472212.21780753 1.28870019 1.80126773 -0.85554690 0.18581624 -0.50770272 0.76242454 0.35555464
1779472212.22802591 1.28295798 1.80360747 -0.85805528 0.18647774 -0.50736041 0.76293608 0.35459837
1779472212.23827672 1.28043535 1.80492237 -0.85716310 0.18572376 -0.50756191 0.76369199 0.35307525
1779472212.24858904 1.28024242 1.80538058 -0.85343969 0.18455273 -0.50840999 0.76410347 0.35157567
1779472212.25889373 1.28063433 1.80433027 -0.85306374 0.18344888 -0.50856982 0.76464774 0.35073792
1779472212.26911378 1.27792936 1.80456169 -0.85437256 0.18280804 -0.50840344 0.76544047 0.34958267
1779472212.27942228 1.27837629 1.80198662 -0.85659609 0.18155572 -0.50817668 0.76613019 0.34905374
1779472212.28963780 1.27818883 1.80140704 -0.85563568 0.18110438 -0.50859394 0.76615994 0.34861490
1779472212.29995203 1.27703596 1.80022403 -0.85718121 0.18018522 -0.50845555 0.76682401 0.34783211
1779472212.31017852 1.27142513 1.80025695 -0.86332760 0.18054360 -0.50744229 0.76768177 0.34723339
1779472212.32047248 1.27140615 1.79873730 -0.86388107 0.17914440 -0.50738325 0.76854390 0.34613553
1779472212.33080745 1.26981357 1.79818445 -0.86577209 0.17861378 -0.50715273 0.76911150 0.34548622
1779472212.34113216 1.26735806 1.79854971 -0.86618412 0.17747286 -0.50701748 0.77018201 0.34388418
1779472212.35139871 1.26433846 1.79902821 -0.86765572 0.17696157 -0.50687036 0.77090223 0.34274888
1779472212.36172676 1.26127818 1.80008530 -0.86872073 0.17667665 -0.50671209 0.77156658 0.34163319
1779472212.37197924 1.25902119 1.79973037 -0.87072144 0.17590301 -0.50647250 0.77236615 0.34057933
1779472212.38225985 1.25726687 1.79993905 -0.87099602 0.17465346 -0.50641348 0.77339191 0.33897862
1779472212.39256287 1.25422950 1.79977772 -0.87385037 0.17417722 -0.50608515 0.77411668 0.33805840
1779472212.40286112 1.25185413 1.79994419 -0.87518542 0.17361752 -0.50592032 0.77477918 0.33707388
1779472212.41317368 1.25218851 1.79771042 -0.87817248 0.17202868 -0.50550001 0.77578811 0.33619739
1779472212.42345190 1.24779622 1.79924430 -0.87954037 0.17167645 -0.50534750 0.77662497 0.33467112
1779472212.43382978 1.24906303 1.79756446 -0.88012402 0.17030657 -0.50539542 0.77719300 0.33397931
1779472212.44414067 1.24928152 1.79719164 -0.87886494 0.16899167 -0.50585871 0.77769348 0.33277865
1779472212.45439887 1.24372484 1.79979834 -0.87989055 0.16922656 -0.50594782 0.77819905 0.33133881
1779472212.46473861 1.24140804 1.79948888 -0.88242850 0.16900203 -0.50589728 0.77849984 0.33082359
1779472212.47504210 1.24422407 1.79648253 -0.88321102 0.16721147 -0.50586620 0.77911222 0.33033901
1779472212.48540306 1.24478165 1.79442328 -0.88481253 0.16577087 -0.50580075 0.77979519 0.32955285
1779472212.49578691 1.24445281 1.79264478 -0.88661636 0.16448215 -0.50573006 0.78048565 0.32867138
1779472212.50612998 1.24388406 1.79215855 -0.88682074 0.16399484 -0.50598172 0.78064115 0.32815788
1779472212.51671410 1.24412216 1.79008323 -0.88811143 0.16258095 -0.50598733 0.78127127 0.32735219
1779472212.52704692 1.24752194 1.78707128 -0.88663776 0.15993426 -0.50630257 0.78214770 0.32607318
1779472212.53736663 1.24615443 1.78568644 -0.88897649 0.15927542 -0.50622021 0.78257751 0.32549174
1779472212.54769039 1.24601353 1.78468482 -0.88961103 0.15845418 -0.50632979 0.78292802 0.32487864
1779472212.55807614 1.24363858 1.78521546 -0.88953719 0.15785012 -0.50659797 0.78338744 0.32364480
1779472212.56844664 1.24245385 1.78503082 -0.88899345 0.15730024 -0.50712134 0.78350210 0.32281425
1779472212.57874799 1.23884527 1.78417877 -0.89418981 0.15701850 -0.50643075 0.78430506 0.32208485
1779472212.58906412 1.23736718 1.78404832 -0.89515336 0.15668507 -0.50650849 0.78458181 0.32145035
1779472212.59942055 1.23386977 1.78395630 -0.89842077 0.15665855 -0.50627400 0.78503628 0.32072228
1779472212.60975718 1.23012310 1.78451618 -0.90053955 0.15668963 -0.50628064 0.78537386 0.31986900
1779472212.62005210 1.22674752 1.78499397 -0.90296832 0.15658155 -0.50601529 0.78594098 0.31894753
1779472212.63038826 1.22218654 1.78638096 -0.90438381 0.15717015 -0.50632342 0.78590459 0.31825794
1779472212.64071345 1.22208072 1.78518363 -0.90494543 0.15576113 -0.50635796 0.78669146 0.31694894
1779472212.65104222 1.21832841 1.78515349 -0.90839369 0.15599890 -0.50619778 0.78696457 0.31640941
1779472212.66134691 1.21208275 1.78830224 -0.90965047 0.15719703 -0.50642989 0.78688856 0.31563310
1779472212.67165399 1.21127158 1.78800058 -0.90942107 0.15631099 -0.50679688 0.78727725 0.31451283
1779472212.68197370 1.20729117 1.78921365 -0.91070608 0.15651013 -0.50702309 0.78747418 0.31355475
1779472212.69224977 1.20328755 1.78986491 -0.91340426 0.15696483 -0.50689132 0.78767808 0.31302790
1779472212.70256066 1.19985805 1.79216875 -0.91166029 0.15695151 -0.50759986 0.78777820 0.31163137
1779472212.71278214 1.19761028 1.79232794 -0.91280523 0.15668259 -0.50780301 0.78803898 0.31077523
1779472212.72309709 1.19467512 1.79348791 -0.91295891 0.15667363 -0.50804277 0.78826397 0.30981580
1779472212.72325444 1.19292762 1.79404520 -0.91356341 0.15683518 -0.50801441 0.78838280 0.30947803
1779472212.73342943 1.18902681 1.79504613 -0.91530002 0.15689046 -0.50789000 0.78885338 0.30845337
1779472212.74373460 1.18524531 1.79580021 -0.91707607 0.15694724 -0.50795345 0.78918485 0.30747053
1779472212.75400090 1.18132698 1.79682329 -0.91816164 0.15677460 -0.50804381 0.78968312 0.30612708
1779472212.76426077 1.17890193 1.79751628 -0.91826235 0.15672932 -0.50832580 0.78982474 0.30531571
1779472212.77453804 1.17688082 1.79803744 -0.91783925 0.15624339 -0.50873691 0.79011384 0.30412969
1779472212.78481913 1.17245013 1.80014882 -0.91766468 0.15624748 -0.50902965 0.79052978 0.30255280
1779472212.79504633 1.16928715 1.80037520 -0.91982480 0.15617688 -0.50884315 0.79098650 0.30170813
1779472212.80530119 1.16757330 1.80141087 -0.91774885 0.15555323 -0.50950743 0.79121948 0.30029503
1779472212.81557775 1.16483917 1.80191176 -0.91803987 0.15528697 -0.50981036 0.79150204 0.29917198
1779472212.82590938 1.16330539 1.80240947 -0.91641878 0.15480796 -0.51048946 0.79158238 0.29804756
1779472212.83614922 1.16164058 1.80181469 -0.91799254 0.15440637 -0.51043026 0.79197960 0.29730109
1779472212.84645414 1.15811423 1.80315530 -0.91747976 0.15424202 -0.51079615 0.79230836 0.29587861
1779472212.85670233 1.15803995 1.80353224 -0.91449869 0.15305919 -0.51155855 0.79263252 0.29430330
1779472212.86701918 1.15523159 1.80405039 -0.91535776 0.15311551 -0.51166113 0.79284594 0.29351974
1779472212.87733746 1.15343408 1.80309044 -0.91760836 0.15253511 -0.51152694 0.79338806 0.29258950
1779472212.88768768 1.15067220 1.80330472 -0.91886098 0.15218491 -0.51154607 0.79388222 0.29139560
1779472212.89805007 1.14867161 1.80374514 -0.91925867 0.15186037 -0.51163802 0.79425099 0.29039684
1779472212.89824820 1.14671487 1.80379864 -0.92119191 0.15203565 -0.51133160 0.79451034 0.29013528
1779472212.90839601 1.14502008 1.80326147 -0.92322555 0.15188736 -0.51122291 0.79478738 0.28964528
1779472212.91867781 1.14292830 1.80327857 -0.92480646 0.15120731 -0.51115332 0.79543703 0.28833758
1779472212.92890501 1.14087043 1.80310911 -0.92695360 0.15095542 -0.51114517 0.79578074 0.28753451
1779472212.93923497 1.14179564 1.80322417 -0.92511677 0.15021382 -0.51178878 0.79576958 0.28680801
1779472212.94947696 1.13575534 1.80601708 -0.92685544 0.15050998 -0.51177405 0.79634689 0.28507139
1779472212.95971060 1.13447081 1.80713275 -0.92601945 0.14994072 -0.51235942 0.79653685 0.28378628
1779472212.96999836 1.13377675 1.80742299 -0.92633355 0.14952431 -0.51268370 0.79666993 0.28304581
1779472212.98034930 1.13281806 1.80998115 -0.92281788 0.14872593 -0.51373197 0.79680073 0.28119150
1779472212.99079823 1.13299574 1.81237398 -0.91798212 0.14773721 -0.51508881 0.79672402 0.27944242
1779472213.00115538 1.13266379 1.81352692 -0.91642392 0.14717057 -0.51592884 0.79666173 0.27836728
1779472213.01150012 1.13109328 1.81610838 -0.91371775 0.14666684 -0.51667880 0.79682955 0.27675716
1779472213.02188516 1.12705157 1.81770411 -0.91609327 0.14676226 -0.51668322 0.79723995 0.27551362
1779472213.03220725 1.12703153 1.82068917 -0.91083311 0.14548167 -0.51792721 0.79745702 0.27321930
1779472213.04255962 1.12976466 1.82001406 -0.90877760 0.14382064 -0.51864025 0.79771302 0.27199606
1779472213.05286384 1.13254844 1.81806482 -0.90918156 0.14260713 -0.51890646 0.79788747 0.27161530
1779472213.06321049 1.13159589 1.81947656 -0.90771809 0.14111284 -0.51920852 0.79875265 0.26926548
1779472213.07349443 1.12612103 1.82274834 -0.90828746 0.14008248 -0.51888268 0.80024087 0.26599289
1779472213.08383799 1.12516150 1.82345931 -0.90768233 0.13886255 -0.51894192 0.80103425 0.26412233
1779472213.09412456 1.12607805 1.82444553 -0.90424129 0.13687024 -0.51954357 0.80178547 0.26168890
1779472213.10441947 1.12769660 1.82424203 -0.90266437 0.13458318 -0.51970507 0.80282735 0.25934969
1779472213.11466384 1.12763996 1.82402819 -0.90329023 0.13346423 -0.51961672 0.80351192 0.25798131
1779472213.11482692 1.12697535 1.82506000 -0.90210777 0.13308890 -0.51977587 0.80375353 0.25710049
1779472213.12489843 1.12900279 1.82487664 -0.89978261 0.13119051 -0.52010476 0.80442950 0.25529056
1779472213.13520074 1.13283370 1.82249180 -0.89968114 0.12903132 -0.52027267 0.80507789 0.25400170
1779472213.14555621 1.13708030 1.82360679 -0.89116243 0.12614889 -0.52156560 0.80555516 0.25127011
1779472213.15582252 1.13077094 1.82623116 -0.89465738 0.12564464 -0.52081086 0.80701960 0.24837239
1779472213.16622376 1.12811109 1.83043800 -0.88963719 0.12409072 -0.52152633 0.80791171 0.24472525
1779472213.17653847 1.12728290 1.83245725 -0.88616988 0.12237279 -0.52206667 0.80870981 0.24178449
1779472213.18689156 1.12766404 1.83320641 -0.88452088 0.12097169 -0.52233287 0.80931965 0.23986647
1779472213.18708062 1.12787438 1.83290881 -0.88497889 0.12061871 -0.52228045 0.80951589 0.23949589
1779472213.19725323 1.12894715 1.83464719 -0.88034899 0.11896356 -0.52303067 0.80995041 0.23720652
1779472213.20755434 1.12842619 1.83603583 -0.87864811 0.11720528 -0.52323759 0.81088970 0.23439976
1779472213.21788168 1.13257180 1.83489591 -0.87619062 0.11482764 -0.52371268 0.81145005 0.23256923
1779472213.22812462 1.12931410 1.83696552 -0.87640803 0.11419969 -0.52362391 0.81222754 0.23035377
1779472213.23847389 1.12812092 1.83948971 -0.87314449 0.11297624 -0.52429295 0.81270630 0.22773172
1779472213.24873471 1.12930043 1.83992608 -0.87120064 0.11122310 -0.52466418 0.81333756 0.22547492
1779472213.25900292 1.13186514 1.83993256 -0.86828803 0.10977417 -0.52531445 0.81348594 0.22413162
1779472213.26936960 1.13731165 1.83969196 -0.86176901 0.10703089 -0.52647996 0.81370370 0.22192236
1779472213.27964258 1.13196754 1.84058539 -0.86777183 0.10690689 -0.52546275 0.81494835 0.21981582
1779472213.29000568 1.13447703 1.83971071 -0.86659573 0.10525124 -0.52579333 0.81538346 0.21820485
1779472213.30041027 1.13435797 1.83898613 -0.86816608 0.10418085 -0.52545282 0.81614356 0.21669189
1779472213.31079006 1.13583914 1.83784997 -0.86843085 0.10290520 -0.52555574 0.81661450 0.21527296
1779472213.32114697 1.13465112 1.83811535 -0.86893488 0.10188123 -0.52543452 0.81738330 0.21312748
1779472213.33145452 1.13893957 1.83473023 -0.87024171 0.10006899 -0.52531296 0.81792318 0.21221254
1779472213.34186959 1.13826457 1.83422315 -0.87142023 0.09907304 -0.52497523 0.81870582 0.21049068
1779472213.35221434 1.13991244 1.83311340 -0.87122126 0.09775827 -0.52508418 0.81918699 0.20895598
1779472213.36254168 1.13973952 1.83275263 -0.87163111 0.09663116 -0.52502900 0.81986393 0.20695435
1779472213.37291145 1.14411706 1.82966824 -0.87207870 0.09516546 -0.52504979 0.82015142 0.20644103
1779472213.38322520 1.14715186 1.83009314 -0.86581986 0.09293885 -0.52604088 0.82041992 0.20384926
1779472213.39355087 1.14558524 1.82938429 -0.86954032 0.09224530 -0.52537431 0.82137666 0.20202232
1779472213.40392160 1.15056668 1.82866637 -0.86346967 0.08958904 -0.52626929 0.82168007 0.19964043
1779472213.41427445 1.14734971 1.82967461 -0.86628546 0.08920911 -0.52568645 0.82258979 0.19758930
1779472213.42465377 1.15161688 1.82829913 -0.86375350 0.08718151 -0.52612721 0.82293397 0.19588062
1779472213.43503904 1.14913270 1.83251133 -0.85893123 0.08626418 -0.52696586 0.82327670 0.19256413
1779472213.44540811 1.15451897 1.83245617 -0.85272124 0.08368748 -0.52798164 0.82342134 0.19028687
1779472213.45579982 1.15274711 1.83248505 -0.85628493 0.08344416 -0.52746309 0.82409568 0.18890756
1779472213.46614289 1.15502434 1.83425655 -0.85107465 0.08144682 -0.52825893 0.82443384 0.18605849
1779472213.47672057 1.15829254 1.83324945 -0.85118441 0.07968717 -0.52822326 0.82502789 0.18427999
1779472213.48707795 1.16098734 1.83473127 -0.84680226 0.07761896 -0.52880997 0.82545057 0.18156723
1779472213.49742961 1.16446687 1.83501644 -0.84281796 0.07578729 -0.52934462 0.82568238 0.17971966
1779472213.50775027 1.16345526 1.83647437 -0.84374495 0.07470645 -0.52907065 0.82651104 0.17715160
1779472213.51803017 1.16503650 1.83682814 -0.84378218 0.07303812 -0.52885142 0.82730529 0.17477862
1779472213.52831173 1.16311738 1.83655361 -0.84957103 0.07281577 -0.52781968 0.82826607 0.17343462
1779472213.53862023 1.16169448 1.83951379 -0.84723044 0.07155348 -0.52797385 0.82894520 0.17021625
1779472213.54892135 1.16254573 1.83896390 -0.84970447 0.07015242 -0.52733540 0.82990222 0.16810212
1779472213.55924177 1.16390410 1.83834881 -0.85078840 0.06879212 -0.52686730 0.83066584 0.16635131
1779472213.55940151 1.16419679 1.83843768 -0.85069313 0.06848357 -0.52686209 0.83079793 0.16583467
1779472213.56950259 1.16587352 1.83848253 -0.84965855 0.06697240 -0.52676644 0.83136222 0.16391670
1779472213.57976294 1.16673729 1.83974328 -0.84715111 0.06497822 -0.52672723 0.83214766 0.16083076
1779472213.59003973 1.16789582 1.84122468 -0.84386765 0.06268873 -0.52666061 0.83302143 0.15739764
1779472213.60036778 1.16980443 1.84189709 -0.84099117 0.06068404 -0.52665344 0.83364122 0.15490613
1779472213.61070728 1.17341465 1.84359953 -0.83348359 0.05744206 -0.52706415 0.83431011 0.15109741
1779472213.62098503 1.17922003 1.84369478 -0.82623457 0.05397339 -0.52753168 0.83481844 0.14790321
1779472213.63129592 1.17608249 1.84608039 -0.82704823 0.05289266 -0.52679825 0.83589656 0.14478576
1779472213.63145161 1.17557474 1.84618018 -0.82809118 0.05255041 -0.52646857 0.83626003 0.14400855
1779472213.64161015 1.18724830 1.84597476 -0.81155931 0.04734131 -0.52814868 0.83605113 0.14084133
1779472213.65188932 1.18289657 1.84769911 -0.81673802 0.04622312 -0.52648945 0.83776961 0.13716549
1779472213.66215396 1.19104329 1.84758271 -0.80581066 0.04120069 -0.52696137 0.83839707 0.13305849
1779472213.67247438 1.19208315 1.84825090 -0.80370787 0.03888121 -0.52647093 0.83929227 0.13001961
1779472213.68275857 1.19649036 1.84833679 -0.79879906 0.03534382 -0.52616518 0.84019124 0.12641084
1779472213.69297743 1.19754339 1.85212354 -0.79027959 0.03202400 -0.52638096 0.84089571 0.12162219
1779472213.70325398 1.20432679 1.85522752 -0.77250890 0.02743724 -0.52810359 0.84057187 0.11744246
1779472213.71353793 1.20130821 1.85739442 -0.77489913 0.02600232 -0.52688966 0.84188479 0.11375924
1779472213.72379637 1.20406194 1.85913674 -0.76847730 0.02278644 -0.52683427 0.84252988 0.10986274
1779472213.73400283 1.20413133 1.86040012 -0.76657463 0.02071692 -0.52628296 0.84332561 0.10676601
1779472213.74434209 1.20396297 1.86414940 -0.75881749 0.01759376 -0.52627658 0.84400325 0.10189179
1779472213.75466037 1.20657609 1.86680284 -0.74947519 0.01384522 -0.52638703 0.84453704 0.09737659
1779472213.76492262 1.20965549 1.86611663 -0.74812330 0.01082002 -0.52538754 0.84557220 0.09411972
1779472213.77520967 1.21127740 1.86942070 -0.73745130 0.00800602 -0.52615822 0.84551514 0.09054047
1779472213.78552365 1.21327617 1.87048513 -0.73291101 0.00482456 -0.52554039 0.84633109 0.08664700
1779472213.79579926 1.21665406 1.87291901 -0.72167140 0.00100884 -0.52600244 0.84647719 0.08244258
1779472213.80616260 1.21439829 1.87479529 -0.72192028 0.00002072 -0.52535466 0.84713254 0.07980560
1779472213.81645894 1.21226252 1.87594690 -0.72434295 -0.00123012 -0.52421846 0.84811467 0.07677887
1779472213.82676983 1.21329939 1.87878801 -0.71596135 -0.00386531 -0.52464609 0.84816486 0.07312940
1779472213.83711314 1.21304320 1.88152775 -0.71011838 -0.00605189 -0.52473675 0.84839202 0.06961098
1779472213.84745979 1.21125668 1.88260021 -0.71139158 -0.00664559 -0.52422411 0.84885972 0.06769113
1779472213.85776687 1.21331456 1.88400771 -0.70458740 -0.00905308 -0.52461891 0.84881575 0.06484490
1779472213.86806107 1.21177817 1.88782562 -0.69801085 -0.01061924 -0.52521230 0.84867093 0.06161923
1779472213.87835526 1.21268233 1.88740598 -0.69897916 -0.01161929 -0.52472233 0.84905711 0.06027854
1779472213.88870668 1.21492692 1.88813289 -0.69347688 -0.01344763 -0.52531983 0.84879791 0.05831242
1779472213.89907670 1.21600718 1.89032684 -0.68677113 -0.01525079 -0.52604470 0.84848140 0.05589006
1779472213.90942645 1.21431780 1.89200129 -0.68718824 -0.01576661 -0.52592349 0.84866928 0.05400324
1779472213.91980076 1.21686603 1.89228353 -0.68263848 -0.01715192 -0.52652016 0.84834400 0.05286577
1779472213.93015623 1.21640434 1.89455884 -0.67913924 -0.01817583 -0.52697196 0.84816508 0.05085466
1779472213.94044185 1.22048685 1.89388236 -0.67542365 -0.01979051 -0.52745296 0.84788778 0.04988011
1779472213.95073390 1.22023249 1.89505913 -0.67379966 -0.02043562 -0.52768739 0.84780009 0.04861491
1779472213.96099877 1.22114818 1.89622121 -0.67040257 -0.02198551 -0.52785390 0.84777116 0.04659351
1779472213.97130227 1.22517194 1.89633283 -0.66278095 -0.02408014 -0.52880538 0.84719893 0.04515531
1779472213.98158193 1.22260026 1.89761887 -0.66510868 -0.02440206 -0.52822899 0.84763902 0.04343706
1779472213.99187303 1.22635023 1.89603233 -0.66374521 -0.02592128 -0.52821380 0.84764412 0.04263459
1779472214.00220776 1.22527884 1.89637350 -0.66646410 -0.02619943 -0.52775593 0.84798333 0.04137082
1779472214.01246715 1.22411404 1.89640351 -0.66987789 -0.02656847 -0.52707490 0.84845764 0.04007252
1779472214.02276373 1.22658189 1.89438383 -0.67188774 -0.02732873 -0.52663682 0.84871941 0.03977643
1779472214.03309250 1.22665085 1.89279899 -0.67770102 -0.02754845 -0.52564677 0.84935720 0.03910110
1779472214.04337335 1.22616161 1.89456796 -0.67353823 -0.02878068 -0.52604122 0.84916601 0.03700546
1779472214.05369234 1.22659238 1.89306425 -0.67809335 -0.02919508 -0.52518836 0.84971099 0.03627763
1779472214.06401968 1.22812557 1.89137006 -0.68013620 -0.02943428 -0.52507433 0.84977319 0.03627811
1779472214.07429743 1.22968590 1.89066978 -0.67994526 -0.03065792 -0.52479195 0.84995805 0.03499734
1779472214.08452630 1.22915877 1.89063449 -0.68054163 -0.03129214 -0.52465342 0.85007224 0.03371609
1779472214.09487414 1.23092435 1.88850647 -0.68387693 -0.03158388 -0.52424719 0.85031042 0.03375707
1779472214.10518622 1.23275278 1.88840042 -0.68010610 -0.03260664 -0.52496810 0.84986185 0.03286553
1779472214.11543679 1.23070147 1.89033849 -0.67828519 -0.03311267 -0.52529723 0.84970459 0.03112050
1779472214.12577248 1.23183696 1.88792965 -0.68318291 -0.03304147 -0.52482469 0.84998943 0.03138898
1779472214.12599826 1.23134648 1.88843009 -0.68243939 -0.03297834 -0.52512508 0.84981369 0.03118931
1779472214.13616323 1.23377773 1.88814857 -0.67782767 -0.03416481 -0.52586698 0.84933442 0.03045850
1779472214.14643693 1.22917240 1.88985786 -0.68182518 -0.03343378 -0.52571510 0.84950098 0.02922157
1779472214.15676856 1.23303441 1.88832566 -0.67775188 -0.03511286 -0.52627149 0.84911464 0.02845588
1779472214.16708827 1.23378495 1.88683511 -0.68101190 -0.03518657 -0.52598323 0.84929253 0.02838569
1779472214.17738676 1.22972245 1.88942396 -0.68148162 -0.03469724 -0.52640754 0.84909447 0.02701435
1779472214.18769264 1.23077308 1.88906690 -0.67938463 -0.03576342 -0.52671404 0.84889508 0.02589292
1779472214.19804931 1.22851173 1.88936089 -0.68195538 -0.03554778 -0.52674808 0.84890887 0.02503082
1779472214.20845056 1.22987813 1.88893798 -0.68052492 -0.03623248 -0.52705696 0.84870371 0.02449849
1779472214.21883607 1.22555627 1.89010104 -0.68449478 -0.03564950 -0.52687104 0.84887816 0.02327869
1779472214.22917151 1.22564082 1.88855820 -0.68783597 -0.03574519 -0.52669020 0.84899466 0.02297345
1779472214.23943281 1.22702967 1.88972528 -0.68037142 -0.03722241 -0.52776314 0.84830067 0.02159943
1779472214.24971533 1.22634286 1.88740752 -0.68795623 -0.03659978 -0.52712537 0.84871751 0.02186072
1779472214.26000762 1.22549881 1.88631870 -0.69056477 -0.03697566 -0.52685912 0.84888823 0.02100105
1779472214.27031994 1.22754578 1.88554989 -0.68729655 -0.03796582 -0.52745531 0.84848600 0.02051807
1779472214.27050543 1.22745827 1.88423893 -0.69103816 -0.03748624 -0.52715743 0.84868020 0.02101754
1779472214.28057909 1.22375621 1.88487055 -0.69500050 -0.03701106 -0.52682171 0.84893344 0.02002722
1779472214.29084039 1.22548464 1.88070856 -0.70240927 -0.03696003 -0.52599062 0.84943572 0.02065857
1779472214.30116940 1.22358183 1.88149023 -0.70048166 -0.03747337 -0.52650944 0.84912349 0.01930959
1779472214.31148815 1.22272707 1.88033136 -0.70339095 -0.03733007 -0.52640431 0.84919938 0.01911490
1779472214.32182932 1.22399391 1.87705175 -0.70766054 -0.03754340 -0.52605360 0.84940215 0.01934137
1779472214.33214116 1.22485826 1.87288582 -0.71547164 -0.03744742 -0.52512158 0.84997334 0.01975693
1779472214.34237647 1.22574903 1.87110592 -0.71629238 -0.03807730 -0.52502580 0.85001279 0.01939779
1779472214.35272956 1.22639622 1.86726048 -0.72251257 -0.03807765 -0.52442829 0.85037368 0.01973968
1779472214.36306882 1.22474349 1.86622938 -0.72501225 -0.03829588 -0.52422061 0.85051057 0.01891954
1779472214.37346339 1.22774237 1.86117729 -0.73002212 -0.03866787 -0.52381222 0.85072630 0.01975654
1779472214.38373566 1.22655263 1.86006637 -0.73225783 -0.03857447 -0.52382395 0.85072893 0.01951318
1779472214.39403439 1.22603830 1.85864405 -0.73331686 -0.03918564 -0.52378076 0.85074571 0.01870650
1779472214.40446186 1.22691487 1.85442337 -0.74004689 -0.03906620 -0.52319182 0.85110046 0.01929134
1779472214.41479206 1.22595842 1.85387117 -0.74045626 -0.03916197 -0.52349833 0.85091611 0.01891075
1779472214.41494274 1.22599325 1.85312144 -0.74178951 -0.03913111 -0.52341338 0.85096796 0.01899254
1779472214.42501402 1.22592493 1.85263120 -0.74077169 -0.03966067 -0.52375973 0.85074315 0.01840847
1779472214.43531632 1.22471936 1.85014317 -0.74635395 -0.03946840 -0.52331569 0.85102740 0.01831123
1779472214.44561911 1.22253703 1.84807460 -0.75194587 -0.03892744 -0.52308734 0.85119251 0.01831950
1779472214.45597792 1.22232265 1.84645904 -0.75453395 -0.03909234 -0.52292003 0.85129133 0.01815240
1779472214.46632385 1.21843067 1.84573306 -0.75980439 -0.03845839 -0.52269756 0.85146802 0.01761904
1779472214.47663927 1.21985781 1.84162368 -0.76540350 -0.03876497 -0.52208310 0.85182367 0.01797096
1779472214.48701549 1.21754781 1.84141787 -0.76752671 -0.03859727 -0.52210938 0.85182655 0.01742314
1779472214.48720264 1.21699612 1.84079192 -0.76916283 -0.03871518 -0.52178869 0.85202356 0.01713344
1779472214.49731159 1.21528014 1.84037369 -0.77110234 -0.03873817 -0.52175263 0.85205588 0.01656281
1779472214.50764680 1.21778475 1.83416515 -0.78060434 -0.03885015 -0.52054835 0.85276538 0.01764332
1779472214.51797199 1.21617694 1.83139231 -0.78743901 -0.03851644 -0.51992778 0.85315785 0.01769943
1779472214.52828455 1.21475662 1.82942949 -0.79257867 -0.03851110 -0.51925725 0.85357378 0.01733788
1779472214.53856945 1.21576718 1.82625717 -0.79662410 -0.03892208 -0.51889215 0.85377543 0.01742221
1779472214.54971719 1.21334869 1.82436959 -0.80240233 -0.03860247 -0.51845613 0.85406047 0.01714055
1779472214.56032920 1.21284488 1.82128511 -0.80818608 -0.03867270 -0.51783429 0.85443542 0.01709314
1779472214.57059169 1.21163746 1.81906096 -0.81285381 -0.03890448 -0.51727522 0.85477490 0.01651245
1779472214.58093309 1.20869126 1.81762176 -0.81925363 -0.03827855 -0.51664131 0.85519057 0.01629721
1779472214.59116435 1.20974213 1.81417021 -0.82311441 -0.03887652 -0.51618280 0.85544227 0.01620063
1779472214.60144448 1.21032033 1.81283385 -0.82225351 -0.04023448 -0.51612171 0.85543972 0.01491459
1779472214.61172366 1.20599601 1.81059077 -0.83300378 -0.03905918 -0.51482105 0.85627973 0.01478843
1779472214.62205720 1.20796690 1.80682607 -0.83649272 -0.03968184 -0.51450745 0.85643586 0.01500175
1779472214.63234282 1.20653843 1.80619080 -0.83751446 -0.04027891 -0.51448115 0.85644336 0.01383919
1779472214.64269733 1.20395329 1.80457414 -0.84294386 -0.03991954 -0.51411706 0.85668623 0.01337093
1779472214.65304923 1.20379917 1.80311881 -0.84492906 -0.04029451 -0.51394178 0.85678051 0.01293672
1779472214.66332364 1.20397337 1.80150019 -0.84567592 -0.04104378 -0.51404302 0.85669480 0.01221456
1779472214.67362618 1.20261565 1.80116015 -0.84605726 -0.04143961 -0.51431733 0.85652386 0.01128384
1779472214.68390107 1.20186336 1.80176982 -0.84383020 -0.04222644 -0.51473164 0.85625199 0.01003939
1779472214.69424152 1.20237516 1.79893699 -0.84734910 -0.04232041 -0.51471096 0.85625776 0.01021107
1779472214.70453906 1.19838778 1.79933270 -0.84977415 -0.04230167 -0.51455452 0.85636965 0.00867391
1779472214.71483278 1.19771406 1.79744650 -0.85240340 -0.04232185 -0.51463748 0.85632102 0.00845157
1779472214.72519732 1.19729308 1.79595736 -0.85439120 -0.04249384 -0.51456940 0.85635683 0.00809862
1779472214.73559761 1.19567367 1.79485432 -0.85691313 -0.04262802 -0.51443630 0.85643734 0.00729531
1779472214.74590015 1.19550546 1.79242628 -0.86013660 -0.04288883 -0.51418943 0.85657562 0.00692721
1779472214.75618720 1.19332877 1.79271585 -0.86107853 -0.04327267 -0.51397233 0.85669697 0.00549661
1779472214.76653647 1.19319808 1.78883605 -0.86782590 -0.04292690 -0.51342041 0.85704241 0.00592155
1779472214.77685094 1.18938061 1.79022737 -0.86872687 -0.04311593 -0.51340136 0.85705545 0.00400155
1779472214.78714347 1.18748203 1.78751488 -0.87640019 -0.04238524 -0.51279552 0.85745394 0.00412125
1779472214.79745245 1.18536343 1.78713488 -0.87946014 -0.04210192 -0.51268174 0.85753836 0.00358023
1779472214.80776024 1.18262696 1.78728232 -0.88228206 -0.04171972 -0.51290993 0.85742303 0.00293651
1779472214.81802273 1.18271512 1.78708829 -0.88273219 -0.04204326 -0.51340446 0.85711272 0.00245192
1779472214.82837915 1.18158475 1.78729100 -0.88406711 -0.04243450 -0.51330658 0.85715446 0.00137779
1779472214.83874130 1.17898468 1.78921510 -0.88457586 -0.04218910 -0.51406862 0.85671073 0.00050762
1779472214.84904242 1.17983729 1.78997443 -0.88257337 -0.04295787 -0.51492262 0.85615960 -0.00022992
1779472214.85939884 1.18181644 1.78987916 -0.88140452 -0.04387371 -0.51561859 0.85569391 -0.00071001
1779472214.86975932 1.18220779 1.79001359 -0.88184917 -0.04411337 -0.51608639 0.85539929 -0.00094589
1779472214.88006449 1.17889826 1.79430977 -0.87913375 -0.04409864 -0.51737125 0.85462042 -0.00249787
1779472214.89033508 1.17892011 1.79573686 -0.87781515 -0.04509349 -0.51776678 0.85432320 -0.00400123
1779472214.90068388 1.17837158 1.79714807 -0.87689798 -0.04519892 -0.51859382 0.85381336 -0.00449936
1779472214.91096616 1.17709223 1.79922016 -0.87623450 -0.04579164 -0.51899179 0.85353009 -0.00608559
1779472214.92125416 1.17705735 1.80109396 -0.87370551 -0.04659798 -0.51979355 0.85298791 -0.00741088
1779472214.93153763 1.17539029 1.80149151 -0.87675270 -0.04690263 -0.51952006 0.85312425 -0.00883513
1779472214.94185328 1.17365675 1.80244686 -0.87819674 -0.04702114 -0.51952588 0.85310209 -0.00993482
1779472214.95218229 1.17494523 1.80243816 -0.87744142 -0.04833861 -0.51953619 0.85300266 -0.01148878
1779472214.96250677 1.17440181 1.80293224 -0.87789406 -0.04907756 -0.51957121 0.85291744 -0.01299995
1779472214.97278953 1.17362082 1.80461146 -0.87577171 -0.04982126 -0.51996130 0.85261113 -0.01457223
1779472214.98313355 1.17422043 1.80355975 -0.87821445 -0.05074943 -0.51943104 0.85285513 -0.01593781
1779472214.99346185 1.17722988 1.80341618 -0.87440661 -0.05261412 -0.51985602 0.85245233 -0.01750702
1779472215.00382185 1.17849273 1.80454906 -0.87081418 -0.05452505 -0.51993507 0.85222982 -0.01997186
1779472215.01407194 1.17625154 1.80638689 -0.87037265 -0.05500061 -0.51994894 0.85214414 -0.02187252
1779472215.02438188 1.17985758 1.80579994 -0.86672885 -0.05700448 -0.52027359 0.85177264 -0.02343600
1779472215.03464699 1.17920150 1.81032147 -0.85804829 -0.05891031 -0.52133010 0.85090008 -0.02671256
1779472215.04493785 1.18036189 1.80920715 -0.85910647 -0.05954747 -0.52128549 0.85086215 -0.02737050
1779472215.05524063 1.18371712 1.81297113 -0.84557480 -0.06272683 -0.52279999 0.84959289 -0.03061750
1779472215.06551337 1.18491428 1.81091161 -0.84880410 -0.06337969 -0.52244146 0.84973445 -0.03145311
1779472215.07577586 1.18785454 1.81395132 -0.83790050 -0.06563289 -0.52386564 0.84860468 -0.03357393
1779472215.08609056 1.18864918 1.81666836 -0.83148276 -0.06780337 -0.52419456 0.84809949 -0.03674272
1779472215.09639549 1.18918624 1.81579188 -0.83362336 -0.06864363 -0.52381773 0.84819810 -0.03824935
1779472215.10669804 1.19095364 1.81615808 -0.83097644 -0.07033479 -0.52385425 0.84793869 -0.04036968
1779472215.11701703 1.19612059 1.81739895 -0.82056663 -0.07295043 -0.52504635 0.84689777 -0.04205628
1779472215.12729454 1.19433121 1.82224868 -0.81279090 -0.07473580 -0.52577781 0.84609513 -0.04577438
1779472215.13756680 1.19714489 1.82076203 -0.81327453 -0.07619678 -0.52530423 0.84617274 -0.04734147
1779472215.14782906 1.19896610 1.82175731 -0.80864018 -0.07778599 -0.52564372 0.84571195 -0.04918657
1779472215.15813923 1.20017660 1.82251004 -0.80625251 -0.07948763 -0.52537692 0.84556500 -0.05177491
1779472215.16840196 1.20315606 1.82265658 -0.80278126 -0.08158147 -0.52513574 0.84536218 -0.05421905
1779472215.17866182 1.20290538 1.82470546 -0.79906199 -0.08283477 -0.52527877 0.84499672 -0.05657877
1779472215.18897414 1.20407220 1.82448771 -0.79938471 -0.08427134 -0.52449787 0.84516929 -0.05906945
1779472215.19924784 1.20552288 1.82716452 -0.79216535 -0.08675804 -0.52452350 0.84463990 -0.06270230
1779472215.20952725 1.20766266 1.82766240 -0.78918521 -0.08850607 -0.52428964 0.84441649 -0.06517548
1779472215.21985292 1.20819671 1.82953025 -0.78489742 -0.08983908 -0.52450671 0.84396611 -0.06740070
1779472215.23010921 1.20870500 1.83113924 -0.78222731 -0.09143902 -0.52411768 0.84378749 -0.07044316
1779472215.24037147 1.21257448 1.83215160 -0.77550854 -0.09358247 -0.52458101 0.84308074 -0.07260824
1779472215.25064063 1.21280469 1.83386077 -0.77294327 -0.09469675 -0.52444925 0.84284133 -0.07485984
1779472215.26093674 1.21623272 1.83589603 -0.76447680 -0.09745420 -0.52463151 0.84211793 -0.07811438
1779472215.27120042 1.21743398 1.83678042 -0.76383526 -0.09879868 -0.52400951 0.84210745 -0.08067153
1779472215.28148150 1.21653000 1.84072745 -0.75819217 -0.10028215 -0.52415796 0.84153284 -0.08381165
1779472215.29181886 1.21640973 1.84530579 -0.74852283 -0.10303018 -0.52427229 0.84065326 -0.08846153
1779472215.30212951 1.21792875 1.84848653 -0.74166453 -0.10526285 -0.52435253 0.83996462 -0.09183457
1779472215.31244683 1.21793667 1.85247558 -0.73508508 -0.10713984 -0.52452126 0.83923125 -0.09533838
1779472215.32277822 1.21902117 1.85402062 -0.73214391 -0.10872622 -0.52409174 0.83899700 -0.09793105
1779472215.33301473 1.22197475 1.85555592 -0.72750366 -0.11097043 -0.52376118 0.83856799 -0.10081427
1779472215.34331417 1.22317157 1.85956742 -0.71867033 -0.11363464 -0.52379932 0.83769796 -0.10480255
1779472215.35364914 1.22679399 1.86142908 -0.71056033 -0.11628658 -0.52375756 0.83701822 -0.10749859
1779472215.35382509 1.22583502 1.86223685 -0.71120452 -0.11629650 -0.52360949 0.83701400 -0.10823950
1779472215.36393166 1.22775405 1.86355369 -0.70746417 -0.11801179 -0.52332871 0.83664745 -0.11055012
1779472215.37416863 1.22839881 1.86804321 -0.69818585 -0.12037810 -0.52369062 0.83558993 -0.11422227
1779472215.38447475 1.23121827 1.86880224 -0.69454210 -0.12216723 -0.52333898 0.83526656 -0.11628095
1779472215.38464022 1.23329928 1.86749060 -0.69569287 -0.12263085 -0.52287547 0.83546375 -0.11646133
1779472215.39479494 1.23600641 1.86914442 -0.68965361 -0.12449783 -0.52304307 0.83480174 -0.11845796
1779472215.40509224 1.23207827 1.87604607 -0.68037483 -0.12680102 -0.52291918 0.83373703 -0.12393380
1779472215.41551375 1.23758035 1.87650051 -0.67243405 -0.13018719 -0.52229103 0.83314130 -0.12703920
1779472215.42585301 1.24013787 1.87842275 -0.66417156 -0.13273298 -0.52221458 0.83236070 -0.12980581
1779472215.42604804 1.24136451 1.87836724 -0.66298134 -0.13343217 -0.52198447 0.83228564 -0.13049404
1779472215.43615794 1.24424397 1.87920146 -0.65746782 -0.13586918 -0.52128777 0.83189662 -0.13321652
1779472215.44645691 1.24829197 1.88050293 -0.64841581 -0.13902412 -0.52096864 0.83106563 -0.13635940
1779472215.45676160 1.25221959 1.88169512 -0.63922502 -0.14249123 -0.52025845 0.83031974 -0.13998761
1779472215.46700764 1.25739382 1.88042291 -0.63504562 -0.14498779 -0.51931143 0.83016327 -0.14185598
1779472215.47738552 1.26524919 1.87787937 -0.62854936 -0.14873836 -0.51802289 0.82987960 -0.14432269
1779472215.48769212 1.27337559 1.87634388 -0.61842547 -0.15271538 -0.51730531 0.82917893 -0.14674989
1779472215.49797535 1.27857723 1.87393631 -0.61552950 -0.15549118 -0.51567119 0.82928129 -0.14899079
1779472215.49820137 1.28101635 1.87299954 -0.61371793 -0.15659170 -0.51521061 0.82924144 -0.14965190
1779472215.50829911 1.28481362 1.87325888 -0.60592576 -0.15934689 -0.51469835 0.82860628 -0.15200595
1779472215.51857162 1.29122775 1.87144243 -0.59884548 -0.16303302 -0.51323455 0.82826500 -0.15487940
1779472215.52884865 1.29468956 1.87184727 -0.59192778 -0.16648178 -0.51163979 0.82783978 -0.15871308
1779472215.53915358 1.29863889 1.87070570 -0.58822380 -0.16880106 -0.51047342 0.82769313 -0.16077053
1779472215.54946756 1.30257971 1.87068348 -0.58157016 -0.17188913 -0.50923166 0.82721076 -0.16388899
1779472215.55974054 1.30668132 1.87063626 -0.57501577 -0.17465460 -0.50836177 0.82665449 -0.16645251
1779472215.57005596 1.30796941 1.87214997 -0.56894956 -0.17683509 -0.50766762 0.82605318 -0.16923083
1779472215.58032227 1.31193048 1.87238956 -0.56201134 -0.17963531 -0.50687630 0.82540304 -0.17180626
1779472215.59062386 1.31353524 1.87529070 -0.55047880 -0.18282156 -0.50658959 0.82411848 -0.17541947
1779472215.60101938 1.30725269 1.88386203 -0.53818454 -0.18517839 -0.50666298 0.82232870 -0.18104445
1779472215.61133385 1.30127149 1.89124536 -0.53008274 -0.18573434 -0.50764093 0.82091663 -0.18411772
1779472215.62156987 1.30507908 1.89274967 -0.51816203 -0.18946624 -0.50706432 0.81967630 -0.18740089
1779472215.63186574 1.30556175 1.89567889 -0.50955245 -0.19188486 -0.50676539 0.81857640 -0.19053012
1779472215.64217472 1.30342809 1.89863299 -0.50697694 -0.19231410 -0.50685071 0.81796815 -0.19247273
1779472215.65240741 1.30400356 1.90201637 -0.49611768 -0.19514530 -0.50666332 0.81662044 -0.19581022
1779472215.66271329 1.30693163 1.90263738 -0.48934973 -0.19764649 -0.50602713 0.81582339 -0.19825392
1779472215.67307186 1.30407679 1.90773517 -0.48180419 -0.19937363 -0.50579879 0.81466416 -0.20184162
1779472215.68344951 1.30349828 1.91028299 -0.47582214 -0.20082188 -0.50576111 0.81378903 -0.20401885
1779472215.69386721 1.29771452 1.91660853 -0.47153506 -0.20126789 -0.50589943 0.81275966 -0.20731314
1779472215.70418525 1.29142225 1.92226311 -0.47172517 -0.20069530 -0.50605132 0.81210402 -0.21004885
1779472215.71448493 1.28996387 1.92568032 -0.46447054 -0.20242467 -0.50597984 0.81103348 -0.21268131
1779472215.72485209 1.28600456 1.93108852 -0.45782849 -0.20342681 -0.50639380 0.80974685 -0.21562212
1779472215.73516035 1.28793912 1.93172030 -0.45259586 -0.20462304 -0.50698107 0.80882694 -0.21656083
1779472215.74546552 1.27640754 1.94196309 -0.44752944 -0.20440683 -0.50758966 0.80731143 -0.22094986
1779472215.75582695 1.29704691 1.93037629 -0.43652029 -0.21069682 -0.50545260 0.80717827 -0.22042631
1779472215.76624870 1.29859918 1.93206920 -0.42756454 -0.21339964 -0.50502086 0.80602861 -0.22300761
1779472215.77657914 1.30112527 1.93184202 -0.42338276 -0.21488063 -0.50499524 0.80533951 -0.22413030
1779472215.78712440 1.28933649 1.94364071 -0.41160558 -0.21539735 -0.50664519 0.80293656 -0.22848964
1779472215.79751706 1.29647876 1.93845089 -0.41322961 -0.21728408 -0.50484199 0.80342969 -0.22896053
1779472215.80783176 1.28795390 1.94771459 -0.40198722 -0.21763220 -0.50695818 0.80117755 -0.23182785
1779472215.81813025 1.29535262 1.94267697 -0.40171079 -0.21994356 -0.50525207 0.80138911 -0.23263849
1779472215.82849002 1.29143113 1.94693971 -0.39656196 -0.22036995 -0.50596954 0.80028972 -0.23445314
1779472215.83880591 1.28958945 1.94936530 -0.39279350 -0.22223781 -0.50469167 0.79961888 -0.23771058
1779472215.84919381 1.28837963 1.95123440 -0.39006079 -0.22275737 -0.50509635 0.79883412 -0.23899973
1779472215.85954475 1.28978163 1.95088729 -0.38820740 -0.22474743 -0.50349678 0.79858239 -0.24134158
1779472215.86988258 1.28933085 1.95188725 -0.38527628 -0.22584377 -0.50308301 0.79805645 -0.24291558
1779472215.88021898 1.28757184 1.95462735 -0.37920546 -0.22675161 -0.50388116 0.79682599 -0.24445003
1779472215.89052939 1.28505814 1.95779711 -0.37286353 -0.22864968 -0.50319069 0.79577713 -0.24750195
1779472215.90089369 1.28651057 1.95674486 -0.37335460 -0.22955223 -0.50248810 0.79562815 -0.24857057
1779472215.91125703 1.28389278 1.95987386 -0.36642622 -0.23091633 -0.50265129 0.79444482 -0.25075239
1779472215.92161965 1.28116201 1.96262149 -0.36252283 -0.23233505 -0.50195378 0.79359987 -0.25349965
1779472215.93194962 1.27781374 1.96652109 -0.35467613 -0.23393536 -0.50214017 0.79214862 -0.25618363
1779472215.94223714 1.27662024 1.96800944 -0.35030294 -0.23535291 -0.50172497 0.79136215 -0.25812207
1779472215.95261216 1.27338666 1.97046301 -0.34824493 -0.23592942 -0.50155275 0.79065805 -0.26008074
1779472215.96301937 1.27575282 1.96909587 -0.34671690 -0.23729266 -0.50093802 0.79033116 -0.26101713
1779472215.97330713 1.27155546 1.97350281 -0.33789498 -0.23942796 -0.50056200 0.78878243 -0.26445076
1779472215.98360109 1.27095801 1.97455619 -0.33351982 -0.24089079 -0.50011139 0.78803879 -0.26618619
1779472215.99390173 1.27401245 1.97209388 -0.33578618 -0.24220828 -0.49848782 0.78828225 -0.26731282
1779472216.00417948 1.27246713 1.97331000 -0.33450556 -0.24372117 -0.49708448 0.78781212 -0.26992419
1779472216.01446223 1.26928310 1.97606135 -0.32939801 -0.24462276 -0.49730700 0.78678184 -0.27169799
1779472216.02481723 1.26692368 1.97828708 -0.32444516 -0.24552689 -0.49782347 0.78565557 -0.27319163
1779472216.03503728 1.26551391 1.97961755 -0.31991964 -0.24694050 -0.49749644 0.78477243 -0.27504529
1779472216.04536533 1.26186976 1.98098340 -0.32433615 -0.24756843 -0.49555700 0.78476183 -0.27799641
1779472216.05570889 1.25345691 1.98799566 -0.30924679 -0.24984813 -0.49627068 0.78223482 -0.28178007
1779472216.06600022 1.25742275 1.98406862 -0.32069811 -0.24951293 -0.49441146 0.78352621 -0.28175748
1779472216.07626653 1.24660124 1.99230960 -0.30585433 -0.25111685 -0.49587016 0.78072355 -0.28552381
1779472216.08659387 1.25262013 1.98661713 -0.31994834 -0.25074924 -0.49332625 0.78259832 -0.28512086
1779472216.09693241 1.25414545 1.98493834 -0.32227115 -0.25138966 -0.49245115 0.78271417 -0.28575098
1779472216.10722828 1.25195958 1.98534080 -0.32510102 -0.25187668 -0.49121218 0.78266664 -0.28757897
1779472216.11755967 1.25091005 1.98521711 -0.32676041 -0.25200698 -0.49099777 0.78247281 -0.28835736
1779472216.12781334 1.25048095 1.98463033 -0.32992414 -0.25208441 -0.49035057 0.78261692 -0.28899918
1779472216.13800764 1.24941922 1.98467118 -0.33091695 -0.25248745 -0.48993004 0.78238675 -0.28998211
1779472216.14824295 1.24569287 1.98592745 -0.33165475 -0.25256974 -0.48980874 0.78189944 -0.29142614
1779472216.15855241 1.24547103 1.98475139 -0.33666040 -0.25236221 -0.48906834 0.78226593 -0.29186554
1779472216.16880989 1.23356333 1.99298055 -0.32297731 -0.25422146 -0.48990510 0.77951386 -0.29617998
1779472216.17905068 1.24187122 1.98398028 -0.34514537 -0.25334812 -0.48611297 0.78245925 -0.29540892
1779472216.18934822 1.23163524 1.99155909 -0.32998801 -0.25423477 -0.48876737 0.77971638 -0.29751220
1779472216.19968271 1.24302375 1.98036707 -0.35362342 -0.25359771 -0.48453263 0.78307953 -0.29614656
1779472216.20997095 1.24188243 1.97954052 -0.35716167 -0.25357777 -0.48409437 0.78313409 -0.29673549
1779472216.22027779 1.23991043 1.97970428 -0.35933397 -0.25349371 -0.48392454 0.78302245 -0.29737825
1779472216.22044301 1.23980949 1.97912347 -0.36128109 -0.25353266 -0.48348500 0.78317570 -0.29765630
1779472216.23055577 1.23953482 1.97838411 -0.36173212 -0.25413711 -0.48298789 0.78302778 -0.29833627
1779472216.24088717 1.23985373 1.97672878 -0.36498967 -0.25432663 -0.48255112 0.78315758 -0.29854076
1779472216.25118017 1.23930065 1.97558767 -0.36781563 -0.25471845 -0.48193920 0.78311861 -0.29929643
1779472216.26143575 1.23802871 1.97486388 -0.37248293 -0.25438092 -0.48155647 0.78333008 -0.29964597
1779472216.27174354 1.23689798 1.97429586 -0.37447669 -0.25450278 -0.48152897 0.78317241 -0.29999859
1779472216.28200579 1.23271030 1.97630075 -0.37377390 -0.25505641 -0.48137397 0.78244255 -0.30167694
1779472216.29222941 1.23155275 1.97634200 -0.37367752 -0.25532390 -0.48164899 0.78206831 -0.30198199
1779472216.30249238 1.23325531 1.97383355 -0.37554197 -0.25635061 -0.48079976 0.78204535 -0.30252443
1779472216.31274438 1.23413007 1.97199258 -0.37830163 -0.25693140 -0.48023073 0.78208711 -0.30282743
1779472216.32305813 1.23027941 1.97332700 -0.38140491 -0.25634018 -0.48053212 0.78189016 -0.30335849
1779472216.32321286 1.23019692 1.97284124 -0.38307697 -0.25603078 -0.48072317 0.78201127 -0.30300470
1779472216.33330941 1.22881067 1.97287485 -0.38440441 -0.25595791 -0.48108157 0.78180504 -0.30302962
1779472216.34356952 1.22672069 1.97301934 -0.38599846 -0.25649552 -0.48054351 0.78154450 -0.30409897
1779472216.35382032 1.22916640 1.96957236 -0.39305557 -0.25673276 -0.47912355 0.78232928 -0.30412136
1779472216.36405802 1.23515467 1.96458645 -0.39728529 -0.25747655 -0.47802879 0.78313954 -0.30312829
1779472216.37432194 1.23433012 1.96357341 -0.39920736 -0.25749635 -0.47839153 0.78293040 -0.30307947
1779472216.38459420 1.23996413 1.95830697 -0.40206175 -0.26035520 -0.47483139 0.78337276 -0.30508595
1779472216.39486241 1.23745357 1.95823785 -0.40729509 -0.25954597 -0.47483220 0.78359453 -0.30520466
1779472216.40518785 1.23558852 1.95714551 -0.41222777 -0.25929601 -0.47448339 0.78368982 -0.30571450
1779472216.41556787 1.23009633 1.95948418 -0.41158105 -0.25981049 -0.47434664 0.78279768 -0.30776868
1779472216.42589521 1.22968345 1.95679655 -0.42065935 -0.25862999 -0.47413542 0.78366747 -0.30687363
1779472216.43617749 1.23185972 1.95459869 -0.42018195 -0.26083721 -0.47182952 0.78352389 -0.30891937
1779472216.44646764 1.23121102 1.95344384 -0.42158088 -0.26167668 -0.47103256 0.78332116 -0.30993804
1779472216.45675588 1.22400646 1.95576891 -0.42546490 -0.26055450 -0.47173099 0.78286575 -0.31097016
1779472216.46699810 1.22456808 1.95356423 -0.43041444 -0.26099073 -0.47019359 0.78333470 -0.31175083
1779472216.47728324 1.22444077 1.95179503 -0.43228745 -0.26158004 -0.46959233 0.78329082 -0.31227298
1779472216.48756289 1.21873651 1.95384470 -0.43363286 -0.26080686 -0.47072338 0.78273047 -0.31262165
1779472216.49792767 1.22020419 1.95146681 -0.43493762 -0.26217727 -0.46907988 0.78266640 -0.31410262
1779472216.50817299 1.21419139 1.95253779 -0.44240777 -0.26014442 -0.47012844 0.78288467 -0.31368093
1779472216.51846290 1.21170997 1.95193352 -0.44607976 -0.26028573 -0.46943589 0.78285596 -0.31467098
1779472216.52881145 1.20933345 1.95307427 -0.44198811 -0.26129333 -0.46981322 0.78188620 -0.31568229
1779472216.53908038 1.20547590 1.95456342 -0.44197244 -0.26058075 -0.47122247 0.78136012 -0.31547331
1779472216.54931736 1.20468160 1.95338177 -0.44458557 -0.26122484 -0.47024762 0.78129666 -0.31655060
1779472216.55960011 1.20045719 1.95430536 -0.44795994 -0.26217043 -0.46820889 0.78099447 -0.31952267
1779472216.56991053 1.19708980 1.95495285 -0.45051036 -0.26193888 -0.46805330 0.78079400 -0.32042918
1779472216.58017492 1.19641723 1.95399968 -0.45056831 -0.26394612 -0.46573206 0.78031015 -0.32332981
1779472216.59049511 1.19556582 1.95251632 -0.45509977 -0.26331950 -0.46612589 0.78051417 -0.32278029
1779472216.60077333 1.19606689 1.95111676 -0.45586966 -0.26418630 -0.46530789 0.78038284 -0.32356883
1779472216.60093808 1.19682755 1.95013493 -0.45676122 -0.26434373 -0.46507588 0.78049371 -0.32350639
1779472216.61108661 1.19276948 1.95128000 -0.45883446 -0.26461534 -0.46418800 0.78015186 -0.32537869
1779472216.62135911 1.19201080 1.95095029 -0.45655245 -0.26543979 -0.46443245 0.77952835 -0.32585239
1779472216.63161898 1.18864424 1.95142750 -0.46027693 -0.26502777 -0.46417166 0.77947904 -0.32667626
1779472216.64193082 1.18313044 1.95347117 -0.46111448 -0.26489655 -0.46427584 0.77890401 -0.32800352
1779472216.65220952 1.18055680 1.95318456 -0.46514655 -0.26489739 -0.46344502 0.77892082 -0.32913590
1779472216.66244268 1.17758981 1.95269979 -0.46966740 -0.26457079 -0.46300388 0.77889151 -0.33008745
1779472216.67272282 1.17427858 1.95327352 -0.47239741 -0.26437787 -0.46258351 0.77876656 -0.33112459
1779472216.68307686 1.17285630 1.95223179 -0.47532023 -0.26510443 -0.46107640 0.77866259 -0.33288552
1779472216.69340467 1.16565466 1.95591359 -0.47392309 -0.26504798 -0.46155990 0.77768122 -0.33455036
1779472216.70371628 1.16045907 1.95687209 -0.47806855 -0.26397657 -0.46218900 0.77749815 -0.33495423
1779472216.71402955 1.16142980 1.95661625 -0.47541419 -0.26543299 -0.46113569 0.77702544 -0.33634903
1779472216.72436810 1.15777254 1.95596690 -0.48034614 -0.26438033 -0.46180352 0.77712494 -0.33603181
1779472216.73463869 1.15322128 1.95739248 -0.48245555 -0.26504730 -0.46005059 0.77665963 -0.33897375
1779472216.74495912 1.15227942 1.95697045 -0.48296523 -0.26523240 -0.46007266 0.77640719 -0.33937706
1779472216.75529480 1.14814853 1.95722879 -0.48811846 -0.26493335 -0.45914003 0.77637918 -0.34093418
1779472216.76555634 1.14312401 1.95888962 -0.48974804 -0.26459040 -0.45919819 0.77589540 -0.34222108
1779472216.77594519 1.13979971 1.95998095 -0.49060835 -0.26464915 -0.45897323 0.77549963 -0.34337258
1779472216.77621651 1.13878364 1.96066032 -0.48905904 -0.26532277 -0.45850021 0.77512034 -0.34433971
1779472216.78633642 1.13651904 1.96058757 -0.49323254 -0.26485402 -0.45806951 0.77525677 -0.34496609
1779472216.79669285 1.13174947 1.96188949 -0.49534848 -0.26441112 -0.45828108 0.77478571 -0.34608136
1779472216.80709410 1.13819355 1.95627029 -0.49767416 -0.26815123 -0.45278659 0.77489737 -0.35016180
1779472216.81739283 1.13819364 1.95371807 -0.50476216 -0.26766612 -0.45162802 0.77559989 -0.35047366
1779472216.82768941 1.13364862 1.95532288 -0.50666832 -0.26785043 -0.45088647 0.77508344 -0.35242476
1779472216.83797598 1.13082271 1.95613076 -0.50728080 -0.26766868 -0.45150189 0.77461589 -0.35280269
1779472216.84832859 1.12971101 1.95626743 -0.50714551 -0.26818744 -0.45143024 0.77417083 -0.35347668
1779472216.85862780 1.12585705 1.95823233 -0.50746124 -0.26814622 -0.45152808 0.77359833 -0.35463449
1779472216.86896634 1.12617264 1.95759771 -0.50790560 -0.26872324 -0.45138076 0.77335228 -0.35492179
1779472216.87927127 1.12450573 1.95783518 -0.50962465 -0.26895012 -0.45106280 0.77306077 -0.35578818
1779472216.88956594 1.12280811 1.95904217 -0.50864793 -0.26956169 -0.45087110 0.77251168 -0.35675966
1779472216.89988208 1.12104790 1.95995179 -0.50922095 -0.26972443 -0.45107957 0.77209284 -0.35727943
1779472216.91021633 1.12225052 1.95913996 -0.50885256 -0.27101507 -0.45005978 0.77173922 -0.35835124
1779472216.92058158 1.11050773 1.96594160 -0.50739140 -0.26923247 -0.45278992 0.77032701 -0.35929302
1779472216.92077184 1.11055995 1.96585352 -0.50756566 -0.26916356 -0.45310702 0.77030531 -0.35899127
1779472216.93094230 1.11168001 1.96518253 -0.50713491 -0.26995005 -0.45271355 0.77008610 -0.35936723
1779472216.94124317 1.10982983 1.96517669 -0.51007231 -0.27025916 -0.45175413 0.76986169 -0.36082014
1779472216.95161295 1.10794343 1.96536158 -0.51240624 -0.27019985 -0.45171678 0.76965917 -0.36134298
1779472216.96193910 1.10648454 1.96503687 -0.51642188 -0.27001700 -0.45092337 0.76974192 -0.36229313
1779472216.96212530 1.10563778 1.96550259 -0.51650601 -0.26987710 -0.45128014 0.76961417 -0.36222454
1779472216.97219706 1.10662860 1.96420273 -0.51847466 -0.27044702 -0.45029644 0.76966013 -0.36292536
1779472216.98251939 1.10450148 1.96446206 -0.52055275 -0.27072076 -0.44966478 0.76932127 -0.36422060
1779472216.99285889 1.10148885 1.96606939 -0.51975507 -0.27058826 -0.45057929 0.76867872 -0.36454536
1779472217.00322318 1.10967797 1.95996000 -0.52590784 -0.27197772 -0.44767165 0.76984662 -0.36462913
1779472217.01357651 1.09908912 1.96653071 -0.52104412 -0.27113201 -0.45033777 0.76800327 -0.36586104
1779472217.02389956 1.09517528 1.96738125 -0.52515259 -0.27057576 -0.45012099 0.76780367 -0.36695691
1779472217.03421068 1.09393437 1.96809582 -0.52425790 -0.27082154 -0.45045675 0.76734212 -0.36732884
1779472217.03439784 1.09405807 1.96796717 -0.52417384 -0.27097074 -0.45043839 0.76726459 -0.36740327
1779472217.04450440 1.09261104 1.96760836 -0.52765596 -0.27087711 -0.44978623 0.76725398 -0.36829236
1779472217.05481124 1.09197517 1.96699009 -0.52910681 -0.27161843 -0.44872146 0.76689866 -0.36978228
1779472217.06510019 1.09198963 1.96629526 -0.53081367 -0.27155200 -0.44901405 0.76680196 -0.36967641
1779472217.07536006 1.08645350 1.96877758 -0.53241691 -0.27095081 -0.44959659 0.76615048 -0.37075871
1779472217.08565807 1.08607289 1.96841208 -0.53390098 -0.27121708 -0.44923258 0.76597516 -0.37136697
1779472217.09595132 1.08662899 1.96780898 -0.53460710 -0.27152772 -0.44939000 0.76576691 -0.37137900
1779472217.10622287 1.08295943 1.96958067 -0.53513737 -0.27141098 -0.44957405 0.76515608 -0.37249889
1779472217.11652112 1.08211438 1.96966764 -0.53672981 -0.27163810 -0.44936044 0.76488868 -0.37313972
1779472217.12678528 1.08533859 1.96819976 -0.53503856 -0.27299206 -0.44897893 0.76454088 -0.37332358
1779472217.13707900 1.07893534 1.97177420 -0.53448009 -0.27279036 -0.44938009 0.76347963 -0.37515572
1779472217.14738536 1.08365633 1.96776219 -0.54038527 -0.27301288 -0.44832986 0.76426982 -0.37464108
1779472217.15761995 1.08229313 1.96888512 -0.53760552 -0.27313535 -0.44989460 0.76345098 -0.37434547
1779472217.16794229 1.08123459 1.96864565 -0.54053498 -0.27282406 -0.44989115 0.76341781 -0.37464413
1779472217.16810298 1.07968775 1.96943021 -0.54124909 -0.27252453 -0.45018817 0.76327544 -0.37479541
1779472217.17823911 1.07824088 1.96957126 -0.54305583 -0.27297180 -0.44926946 0.76291346 -0.37630627
1779472217.18846679 1.07889408 1.96962622 -0.54247632 -0.27325805 -0.44995540 0.76253914 -0.37603753
1779472217.19876528 1.08029760 1.96766952 -0.54845528 -0.27336387 -0.44864858 0.76293849 -0.37671143
1779472217.20906997 1.07762816 1.96994063 -0.54384349 -0.27319959 -0.45100987 0.76192597 -0.37605969
1779472217.20924449 1.07671026 1.97020829 -0.54465055 -0.27314934 -0.45089105 0.76182673 -0.37643955
1779472217.21938658 1.07396346 1.97202706 -0.54437933 -0.27285989 -0.45183215 0.76127107 -0.37664512
1779472217.22968626 1.07532106 1.96977720 -0.54848956 -0.27340949 -0.45046493 0.76134422 -0.37773481
1779472217.23999953 1.07685044 1.96896008 -0.54863920 -0.27387896 -0.45066895 0.76110339 -0.37763666
1779472217.25029159 1.07483988 1.97069609 -0.54702961 -0.27343526 -0.45248073 0.76054764 -0.37691065
1779472217.26062083 1.07448189 1.97109824 -0.54575347 -0.27400851 -0.45277042 0.75990640 -0.37743946
1779472217.27092028 1.07684716 1.96858445 -0.54974866 -0.27406088 -0.45240805 0.76021175 -0.37722101
1779472217.28122163 1.07495099 1.96930777 -0.55069017 -0.27396202 -0.45257955 0.75984399 -0.37782758
1779472217.29148602 1.07266457 1.96906666 -0.55547972 -0.27320000 -0.45272803 0.75984714 -0.37819494
1779472217.30176640 1.07352688 1.96749569 -0.55753889 -0.27374754 -0.45194055 0.75965841 -0.37911889
1779472217.31205297 1.07386831 1.96704730 -0.55833238 -0.27394526 -0.45189089 0.75948728 -0.37937804
1779472217.32235718 1.07645051 1.96542760 -0.55882471 -0.27449943 -0.45190290 0.75938813 -0.37916158
1779472217.33260918 1.08245672 1.96002042 -0.56684824 -0.27511835 -0.44940397 0.76044331 -0.37956810
1779472217.34286523 1.07545620 1.96492533 -0.56104853 -0.27456248 -0.45241952 0.75877560 -0.37972571
1779472217.35314679 1.08081087 1.96004321 -0.56798868 -0.27532245 -0.44977138 0.75966006 -0.38055203
1779472217.36342764 1.08014801 1.96040737 -0.56619848 -0.27579245 -0.45036791 0.75892313 -0.38097632
1779472217.37375379 1.07777525 1.96265122 -0.56340794 -0.27551910 -0.45238598 0.75807572 -0.38046992
1779472217.38407469 1.07682879 1.96300391 -0.56412212 -0.27563705 -0.45234656 0.75772325 -0.38113289
1779472217.39443994 1.07869218 1.96110375 -0.56703897 -0.27655264 -0.45066979 0.75762998 -0.38263846
1779472217.40471935 1.07876983 1.96163132 -0.56492555 -0.27695154 -0.45154718 0.75694811 -0.38266506
1779472217.41500068 1.07777993 1.96228672 -0.56482129 -0.27744387 -0.45137725 0.75629100 -0.38380645
1779472217.42528319 1.08319527 1.95789129 -0.57130895 -0.27801548 -0.44921965 0.75716393 -0.38420292
1779472217.43558836 1.07791013 1.96100114 -0.56977765 -0.27807070 -0.44987639 0.75589667 -0.38588618
1779472217.44587016 1.08113691 1.96001241 -0.56929935 -0.27902689 -0.44955107 0.75564485 -0.38606826
1779472217.45611501 1.08290260 1.95980146 -0.56692315 -0.27968260 -0.45005195 0.75518295 -0.38591397
1779472217.46637726 1.08370361 1.96085898 -0.56366013 -0.28048825 -0.45084386 0.75435941 -0.38601561
1779472217.47673440 1.08476625 1.95953718 -0.56750167 -0.28086687 -0.44960259 0.75433351 -0.38723671
1779472217.48705173 1.08290694 1.96064187 -0.56885589 -0.28063408 -0.44985388 0.75396206 -0.38783658
1779472217.48732400 1.08334520 1.96000290 -0.56990658 -0.28098308 -0.44905423 0.75389329 -0.38864343
1779472217.49742913 1.08255600 1.96106173 -0.56880271 -0.28111906 -0.44965201 0.75336036 -0.38888727
1779472217.50772738 1.08556580 1.95992005 -0.56830184 -0.28203607 -0.44921015 0.75306469 -0.38930640
1779472217.51805782 1.08563039 1.95724829 -0.57977265 -0.28119858 -0.44699223 0.75391936 -0.39080801
1779472217.52833772 1.08742007 1.95751081 -0.57541218 -0.28258595 -0.44686649 0.75306485 -0.39159781
1779472217.53861880 1.08321616 1.95893911 -0.57993249 -0.28150888 -0.44719452 0.75281398 -0.39248046
1779472217.54890013 1.08440174 1.95760806 -0.58187962 -0.28192042 -0.44644188 0.75258462 -0.39348051
1779472217.55916834 1.08510983 1.95681344 -0.58360079 -0.28205532 -0.44602609 0.75250829 -0.39400101
1779472217.55932951 1.08522864 1.95666737 -0.58342978 -0.28231018 -0.44577808 0.75232898 -0.39444133
1779472217.56946802 1.08728031 1.95513207 -0.58471112 -0.28287979 -0.44499917 0.75224452 -0.39507334
1779472217.57972431 1.08768259 1.95462069 -0.58639160 -0.28322227 -0.44427849 0.75194982 -0.39619847
1779472217.58998990 1.08780240 1.95384920 -0.58843879 -0.28314975 -0.44427118 0.75175907 -0.39662027
1779472217.60026670 1.08586125 1.95530936 -0.58693507 -0.28356350 -0.44419868 0.75094457 -0.39794663
1779472217.61052513 1.08655703 1.95502415 -0.58647270 -0.28407265 -0.44406547 0.75043995 -0.39868341
1779472217.62078309 1.07823892 1.95878154 -0.58933975 -0.28272756 -0.44479415 0.74950454 -0.40058236
1779472217.63112116 1.07576571 1.95914870 -0.59190977 -0.28306756 -0.44316088 0.74893938 -0.40320093
1779472217.64146209 1.07960789 1.95876753 -0.58579400 -0.28458125 -0.44383310 0.74808399 -0.40298391
1779472217.65175962 1.07385944 1.96603931 -0.57219542 -0.28521428 -0.44803788 0.74561965 -0.40245027
1779472217.66201425 1.08670385 1.96131499 -0.56193163 -0.29018618 -0.44517789 0.74461012 -0.40393614
1779472217.66220236 1.08732987 1.96115639 -0.56132834 -0.29042362 -0.44517225 0.74447806 -0.40401510
1779472217.67233062 1.08981693 1.96010329 -0.56041838 -0.29079561 -0.44545298 0.74437113 -0.40363495
1779472217.68261576 1.09606486 1.95586733 -0.56187353 -0.29224642 -0.44354179 0.74454534 -0.40436981
1779472217.69293427 1.10061786 1.95309407 -0.56169797 -0.29316036 -0.44299217 0.74453517 -0.40432948
1779472217.70333695 1.10061183 1.95368916 -0.55856486 -0.29427269 -0.44242796 0.74359125 -0.40587329
1779472217.71370625 1.10622993 1.95005077 -0.55887751 -0.29543244 -0.44131407 0.74368895 -0.40606442
1779472217.72398138 1.10829153 1.94858234 -0.55910935 -0.29632990 -0.44020461 0.74328176 -0.40735820
1779472217.73427773 1.10964638 1.94752499 -0.55933974 -0.29696466 -0.43939460 0.74301253 -0.40826066
1779472217.73444843 1.11108130 1.94665919 -0.55905515 -0.29737443 -0.43902018 0.74296595 -0.40844992
1779472217.74460459 1.11400427 1.94475150 -0.55894028 -0.29819363 -0.43822134 0.74280891 -0.40899577
1779472217.75485826 1.11462474 1.94392495 -0.55927067 -0.29867121 -0.43760528 0.74237393 -0.41009520
1779472217.76511526 1.11529494 1.94296890 -0.56072170 -0.29932980 -0.43628206 0.74196257 -0.41176594
1779472217.77541924 1.11711659 1.94149327 -0.56165862 -0.29955173 -0.43602451 0.74194208 -0.41191423
1779472217.78575325 1.12165597 1.93912796 -0.55913559 -0.30121631 -0.43482811 0.74144973 -0.41285051
1779472217.79613662 1.12541870 1.93650344 -0.55858223 -0.30251034 -0.43346086 0.74113159 -0.41391200
1779472217.80643511 1.12773315 1.93465740 -0.55937559 -0.30339510 -0.43204431 0.74092293 -0.41511727
1779472217.80662966 1.12923865 1.93388120 -0.55909746 -0.30345021 -0.43236586 0.74101164 -0.41458350
1779472217.81673217 1.13319021 1.93253358 -0.55441107 -0.30516634 -0.43168077 0.74034880 -0.41522148
1779472217.82702851 1.13573432 1.92983810 -0.55738166 -0.30580370 -0.43011170 0.74032048 -0.41642960
1779472217.83735228 1.13977817 1.92710732 -0.55701967 -0.30785397 -0.42713717 0.73970048 -0.41907395
1779472217.84774089 1.13837321 1.92906278 -0.55340626 -0.30853357 -0.42749122 0.73872274 -0.41993691
1779472217.85808015 1.14431409 1.92579574 -0.55113950 -0.30922682 -0.42836883 0.73878756 -0.41841589
1779472217.86838293 1.14618092 1.92501315 -0.54971979 -0.31028796 -0.42767616 0.73816590 -0.41943484
1779472217.87873435 1.14866473 1.92533619 -0.54286863 -0.31191488 -0.42790494 0.73715815 -0.41976700
1779472217.87894130 1.14434511 1.92685658 -0.54792196 -0.31034470 -0.42866467 0.73735790 -0.41980482
1779472217.88912272 1.14752898 1.92431464 -0.55023046 -0.31106656 -0.42720615 0.73737426 -0.42072759
1779472217.89950681 1.14543461 1.92725426 -0.54523978 -0.31251368 -0.42673419 0.73574052 -0.42298820
1779472217.90983248 1.14773415 1.92629155 -0.54479886 -0.31263024 -0.42781642 0.73561381 -0.42202815
1779472217.92018127 1.14968601 1.92639256 -0.54065102 -0.31425143 -0.42709113 0.73466566 -0.42320866
1779472217.93047810 1.15201130 1.92567396 -0.53996116 -0.31503103 -0.42695644 0.73424789 -0.42348989
1779472217.94078541 1.14805286 1.92908169 -0.53957996 -0.31489951 -0.42758613 0.73321212 -0.42474508
1779472217.95112944 1.15203870 1.92809591 -0.53618423 -0.31594775 -0.42832566 0.73276378 -0.42399457
1779472217.96146584 1.15177249 1.92886244 -0.53555133 -0.31612816 -0.42888397 0.73230867 -0.42408199
1779472217.97176337 1.15240357 1.92926770 -0.53438781 -0.31673759 -0.42909348 0.73166568 -0.42452493
1779472217.98201823 1.15131616 1.93103581 -0.53271307 -0.31720304 -0.42952014 0.73078653 -0.42525960
1779472217.99232483 1.15388929 1.93050088 -0.53074307 -0.31795148 -0.42974498 0.73045163 -0.42504886
1779472218.00263381 1.15232583 1.93077629 -0.53487734 -0.31738390 -0.42987558 0.73034079 -0.42553116
1779472218.01291990 1.15227636 1.93089536 -0.53598494 -0.31760923 -0.42973004 0.72996077 -0.42616163
1779472218.02319503 1.15281421 1.93026487 -0.53844249 -0.31754265 -0.42951364 0.72996333 -0.42642494
1779472218.02338552 1.15267274 1.93036001 -0.53891618 -0.31756555 -0.42942503 0.72987396 -0.42665004
1779472218.03347731 1.15375957 1.92917740 -0.54255442 -0.31697017 -0.42990038 0.73027826 -0.42592163
1779472218.04379797 1.15287428 1.92947385 -0.54344767 -0.31736785 -0.42933769 0.72971155 -0.42716256
1779472218.05401587 1.15434590 1.92872008 -0.54319961 -0.31786794 -0.42939819 0.72938617 -0.42728560
1779472218.06436014 1.15311778 1.92912777 -0.54417796 -0.31793573 -0.42927421 0.72899932 -0.42801929
1779472218.07465792 1.15194582 1.92943162 -0.54593348 -0.31752812 -0.43003161 0.72879342 -0.42791221
1779472218.08493114 1.15434773 1.92690226 -0.54949764 -0.31773084 -0.42929341 0.72899839 -0.42815375
1779472218.09522629 1.15509214 1.92694133 -0.54698201 -0.31835524 -0.42975947 0.72848463 -0.42809683
1779472218.10558200 1.15395087 1.92714479 -0.54756208 -0.31866076 -0.42964109 0.72791644 -0.42895398
1779472218.11589193 1.15654489 1.92566483 -0.54655724 -0.31929993 -0.43003546 0.72771695 -0.42842164
1779472218.12616277 1.15759339 1.92519765 -0.54464994 -0.32028374 -0.42990740 0.72707075 -0.42891266
1779472218.13651681 1.15854420 1.92506850 -0.54157211 -0.32135127 -0.42979019 0.72636027 -0.42943511
1779472218.14686298 1.16120867 1.92385328 -0.53879512 -0.32235851 -0.43022292 0.72590360 -0.42901887
1779472218.15717721 1.16124995 1.92410167 -0.53669026 -0.32320220 -0.43032837 0.72512991 -0.42958637
1779472218.16753101 1.16128914 1.92425716 -0.53506839 -0.32359864 -0.43091789 0.72469478 -0.42943121
1779472218.17781544 1.16279636 1.92322603 -0.53383716 -0.32465852 -0.43041650 0.72413078 -0.43008498
1779472218.18810201 1.16652871 1.92123714 -0.53243103 -0.32556458 -0.43035118 0.72407572 -0.42955782
1779472218.19840527 1.17286284 1.91615450 -0.53671153 -0.32619167 -0.42934550 0.72479046 -0.42888254
1779472218.20874047 1.16872463 1.91980075 -0.53035148 -0.32691906 -0.43066618 0.72319885 -0.42969057
1779472218.21905899 1.16204940 1.92419151 -0.52776976 -0.32683121 -0.43182884 0.72168617 -0.43113141
1779472218.22936344 1.16265773 1.92314882 -0.52948292 -0.32698086 -0.43187270 0.72159696 -0.43112332
1779472218.23969173 1.16212309 1.92354277 -0.52888629 -0.32721584 -0.43218211 0.72119751 -0.43130333
1779472218.23988438 1.16115132 1.92400839 -0.52910153 -0.32721619 -0.43221037 0.72099284 -0.43161683
1779472218.25016189 1.15930888 1.92438341 -0.53186476 -0.32690335 -0.43218674 0.72079730 -0.43220375
1779472218.26059890 1.16136640 1.92295609 -0.53101267 -0.32783552 -0.43186519 0.72046864 -0.43236705
1779472218.27091289 1.16117338 1.92233885 -0.53267603 -0.32786808 -0.43201811 0.72031886 -0.43243915
1779472218.28120565 1.16153139 1.92202309 -0.53216439 -0.32847784 -0.43175524 0.71989054 -0.43295188
1779472218.29149508 1.16142140 1.92122321 -0.53384434 -0.32852548 -0.43190597 0.71976838 -0.43296851
1779472218.30176520 1.15861424 1.92198427 -0.53647752 -0.32845895 -0.43148319 0.71926962 -0.43426742
1779472218.31206465 1.15894236 1.92187120 -0.53475280 -0.32899475 -0.43188412 0.71882214 -0.43420421
1779472218.31225038 1.15919766 1.92145629 -0.53515432 -0.32917175 -0.43160801 0.71876327 -0.43444199
1779472218.32240248 1.15670671 1.92214449 -0.53667243 -0.32907256 -0.43158582 0.71834373 -0.43523237
1779472218.33269072 1.15686869 1.92130119 -0.53760170 -0.32940160 -0.43151036 0.71810163 -0.43545774
1779472218.34295106 1.15572566 1.92141721 -0.53916551 -0.32936741 -0.43146692 0.71788816 -0.43587842
1779472218.35329580 1.15833456 1.91884574 -0.53981874 -0.33028041 -0.43064147 0.71777291 -0.43619357
1779472218.36356616 1.16235095 1.91590627 -0.53872998 -0.33149534 -0.43005908 0.71767139 -0.43601353
1779472218.37383223 1.16043869 1.91542697 -0.54293202 -0.33123714 -0.42954031 0.71756628 -0.43689326
1779472218.38411903 1.16066757 1.91424395 -0.54504231 -0.33129365 -0.42930555 0.71759373 -0.43703604
1779472218.39445186 1.16047422 1.91364340 -0.54460283 -0.33192107 -0.42907561 0.71709001 -0.43761221
1779472218.40472245 1.16114129 1.91112846 -0.54944870 -0.33188336 -0.42819220 0.71737395 -0.43804051
1779472218.41502285 1.16123977 1.90970957 -0.55143125 -0.33199651 -0.42813167 0.71733662 -0.43807506
1779472218.42534041 1.16090613 1.90840276 -0.55414217 -0.33214075 -0.42735458 0.71725666 -0.43885473
1779472218.43561220 1.16082858 1.90731886 -0.55515780 -0.33241965 -0.42730750 0.71702770 -0.43906350
1779472218.44590306 1.15821098 1.90691013 -0.56007253 -0.33184320 -0.42709855 0.71700925 -0.43973249
1779472218.45623565 1.16091431 1.90443173 -0.56030336 -0.33261707 -0.42649752 0.71701446 -0.43972266
1779472218.46658015 1.15804977 1.90400560 -0.56617172 -0.33186196 -0.42630842 0.71710364 -0.44033071
1779472218.47684002 1.15796553 1.90244762 -0.56885865 -0.33204594 -0.42580014 0.71705277 -0.44076646
1779472218.48715949 1.15848167 1.90067536 -0.57216021 -0.33211660 -0.42513062 0.71719368 -0.44113008
1779472218.49747539 1.16146275 1.89751543 -0.57425589 -0.33297312 -0.42388132 0.71728158 -0.44154350
1779472218.50777173 1.16136067 1.89620957 -0.57724588 -0.33312700 -0.42339672 0.71723931 -0.44196085
1779472218.51803517 1.16039714 1.89457887 -0.58303761 -0.33291089 -0.42246449 0.71737231 -0.44279911
1779472218.52830625 1.16076764 1.89327221 -0.58542349 -0.33312491 -0.42188436 0.71737612 -0.44318492
1779472218.53856397 1.16422376 1.89028099 -0.58630951 -0.33439563 -0.42036236 0.71722403 -0.44391974
1779472218.54883718 1.15799759 1.89203135 -0.59271838 -0.33318683 -0.42067216 0.71697537 -0.44493570
1779472218.55917263 1.16191065 1.88930283 -0.59226989 -0.33440406 -0.41969867 0.71688221 -0.44509195
1779472218.55933499 1.15847768 1.89068928 -0.59459765 -0.33380105 -0.41986590 0.71668057 -0.44571118
1779472218.56949615 1.15657340 1.89094464 -0.59714518 -0.33353964 -0.42010168 0.71654737 -0.44589881
1779472218.57975316 1.15880671 1.88899506 -0.59797305 -0.33445912 -0.41933958 0.71636106 -0.44622669
1779472218.59001350 1.16068530 1.88666001 -0.60002365 -0.33553770 -0.41758512 0.71603770 -0.44757918
1779472218.60035372 1.15873249 1.88675104 -0.60257350 -0.33537992 -0.41756753 0.71584023 -0.44802950
1779472218.61065078 1.16250913 1.88479444 -0.60001797 -0.33694493 -0.41627053 0.71542799 -0.44872012
1779472218.62088799 1.16123109 1.88155684 -0.61172422 -0.33585610 -0.41542930 0.71620940 -0.44906934
1779472218.63116097 1.16011174 1.88145866 -0.61288895 -0.33591811 -0.41565039 0.71598108 -0.44918245
1779472218.64151120 1.15863681 1.87947540 -0.62125386 -0.33500308 -0.41513585 0.71650007 -0.44951396
1779472218.65180731 1.15679771 1.87920313 -0.62323551 -0.33520319 -0.41481197 0.71605983 -0.45036449
1779472218.66205502 1.16217888 1.87494389 -0.62393979 -0.33676805 -0.41269586 0.71605020 -0.45115576
1779472218.66225338 1.16247878 1.87522889 -0.62157221 -0.33733736 -0.41278236 0.71566216 -0.45126700
1779472218.67241120 1.15645556 1.87693591 -0.62713820 -0.33614885 -0.41325124 0.71541874 -0.45210992
1779472218.68273425 1.16262805 1.87367571 -0.62181642 -0.33907595 -0.41111769 0.71444770 -0.45340294
1779472218.69305229 1.16085567 1.87338462 -0.62411872 -0.33914440 -0.41118860 0.71412278 -0.45379915
1779472218.70341945 1.16129875 1.87217945 -0.62540957 -0.33965121 -0.41058340 0.71387392 -0.45435928
1779472218.71377420 1.15225457 1.87530884 -0.63261959 -0.33788353 -0.41163977 0.71346468 -0.45536312
1779472218.72404575 1.15664593 1.87292626 -0.62847697 -0.34013797 -0.41038280 0.71263000 -0.45612565
1779472218.73435378 1.15114003 1.87435448 -0.63363180 -0.33881881 -0.41190052 0.71257162 -0.45583052
1779472218.74468493 1.15532383 1.87331710 -0.62609519 -0.34137755 -0.41095361 0.71138053 -0.45663579
1779472218.75496006 1.14477266 1.87557955 -0.63927648 -0.33835170 -0.41205601 0.71167961 -0.45742771
1779472218.76523161 1.14872679 1.87354338 -0.63508906 -0.34039203 -0.41123138 0.71088189 -0.45789623
1779472218.77552295 1.14041016 1.87636588 -0.64130035 -0.33895967 -0.41158588 0.71034528 -0.45947033
1779472218.78583860 1.14823839 1.87234221 -0.63580323 -0.34217121 -0.40910019 0.70943183 -0.46071940
1779472218.79610491 1.14008512 1.87523109 -0.64149373 -0.34072613 -0.41027831 0.70893998 -0.46149920
1779472218.80642796 1.13785356 1.87576916 -0.64272961 -0.34091344 -0.41001864 0.70833235 -0.46252353
1779472218.80658245 1.14118020 1.87482465 -0.63819921 -0.34247423 -0.40921746 0.70775962 -0.46295658
1779472218.81673384 1.14264345 1.87354217 -0.63794854 -0.34343248 -0.40838465 0.70731638 -0.46365898
1779472218.82699203 1.12996140 1.87825862 -0.64700061 -0.34064463 -0.41048823 0.70697346 -0.46438042
1779472218.83725858 1.12949383 1.87773708 -0.64695558 -0.34137136 -0.41019093 0.70631291 -0.46511404
1779472218.84759641 1.12796292 1.87745159 -0.64930907 -0.34140207 -0.40982470 0.70599267 -0.46589987
1779472218.85794616 1.12308401 1.87895708 -0.65164173 -0.34143515 -0.40931087 0.70499366 -0.46783606
1779472218.86820960 1.12056281 1.87926839 -0.65278101 -0.34178177 -0.40899281 0.70422127 -0.46902292
1779472218.87846708 1.12150323 1.87780567 -0.65375886 -0.34255914 -0.40786080 0.70380692 -0.47006237
1779472218.88875365 1.11533939 1.87998512 -0.65558404 -0.34228065 -0.40810175 0.70278359 -0.47158472
1779472218.89905381 1.11457886 1.87854266 -0.65881868 -0.34249107 -0.40736518 0.70251160 -0.47247321
1779472218.90937948 1.11508934 1.87588393 -0.66303202 -0.34295500 -0.40567713 0.70228567 -0.47392276
1779472218.91965747 1.11174069 1.87740221 -0.66258456 -0.34309706 -0.40618614 0.70150029 -0.47454670
1779472218.92997646 1.11047598 1.87654652 -0.66424698 -0.34354856 -0.40561843 0.70093931 -0.47553355
1779472218.94024229 1.10985930 1.87590894 -0.66419457 -0.34442823 -0.40477014 0.70011653 -0.47683033
1779472218.95056319 1.10637983 1.87735223 -0.66391822 -0.34470466 -0.40486943 0.69917543 -0.47792589
1779472218.96090651 1.10651947 1.87552741 -0.66596488 -0.34543939 -0.40367526 0.69866319 -0.47915307
1779472218.97124410 1.10433901 1.87577192 -0.66620016 -0.34596696 -0.40345988 0.69780184 -0.48020786
1779472218.98156166 1.10190252 1.87621685 -0.66598758 -0.34644620 -0.40350044 0.69695449 -0.48105806
1779472218.99187756 1.09773564 1.87822180 -0.66484915 -0.34652886 -0.40432171 0.69605530 -0.48161055
1779472219.00218439 1.09359860 1.87987880 -0.66468689 -0.34668982 -0.40485031 0.69507218 -0.48246974
1779472219.01254177 1.09459426 1.87758932 -0.66662345 -0.34748643 -0.40373598 0.69468979 -0.48338032
1779472219.02289176 1.09248119 1.87814527 -0.66657537 -0.34775715 -0.40394931 0.69405958 -0.48391241
1779472219.03321576 1.08480183 1.88164531 -0.66761108 -0.34744259 -0.40452594 0.69268490 -0.48562335
1779472219.04344034 1.08581705 1.88067795 -0.66582182 -0.34868163 -0.40417790 0.69195083 -0.48607138
1779472219.05379486 1.08631830 1.87991063 -0.66554826 -0.34935173 -0.40402906 0.69158026 -0.48624134
1779472219.06410766 1.08586522 1.87995630 -0.66407059 -0.35037237 -0.40372288 0.69065389 -0.48707726
1779472219.07445788 1.08450999 1.88050275 -0.66220481 -0.35126042 -0.40388377 0.68968567 -0.48767581
1779472219.08477402 1.08175248 1.88201814 -0.66044325 -0.35186078 -0.40448583 0.68865216 -0.48820427
1779472219.09511828 1.07980989 1.88228968 -0.66195726 -0.35174004 -0.40503313 0.68839618 -0.48819854
1779472219.10548520 1.07919321 1.88282409 -0.65877990 -0.35310447 -0.40476471 0.68714117 -0.48920320
1779472219.11579204 1.07637986 1.88319228 -0.66090151 -0.35317602 -0.40452152 0.68648686 -0.49027016
1779472219.12611413 1.07403893 1.88464803 -0.65830020 -0.35395671 -0.40510513 0.68536135 -0.49079965
1779472219.13645887 1.07402389 1.88295256 -0.66227174 -0.35391505 -0.40427741 0.68539459 -0.49146534
1779472219.14679670 1.06975431 1.88434835 -0.66383993 -0.35384129 -0.40443603 0.68456673 -0.49254058
1779472219.15705776 1.06709497 1.88548239 -0.66324422 -0.35448037 -0.40405544 0.68341879 -0.49398545
1779472219.16740775 1.06728770 1.88412055 -0.66499650 -0.35502527 -0.40272940 0.68296188 -0.49530713
1779472219.17769337 1.06736574 1.88243464 -0.66860199 -0.35513085 -0.40208693 0.68288071 -0.49586501
1779472219.18803883 1.06503238 1.88258802 -0.67091170 -0.35502027 -0.40227952 0.68251340 -0.49629352
1779472219.19839740 1.06405924 1.88149759 -0.67363949 -0.35540504 -0.40102099 0.68191528 -0.49785638
1779472219.20872927 1.06474352 1.88056939 -0.67445574 -0.35568752 -0.40112419 0.68188252 -0.49761632
1779472219.21904063 1.06295829 1.88033342 -0.67680971 -0.35588281 -0.40050557 0.68127669 -0.49880336
1779472219.22934175 1.05785855 1.88217687 -0.67943848 -0.35541692 -0.40106725 0.68056688 -0.49965247
1779472219.23965931 1.06037383 1.88092830 -0.67774900 -0.35670443 -0.40010022 0.67994050 -0.50036255
1779472219.25003028 1.05543465 1.88338880 -0.67809338 -0.35656697 -0.40110226 0.67899208 -0.50094583
1779472219.26038694 1.05494001 1.88242418 -0.68110672 -0.35682604 -0.40030770 0.67855357 -0.50199001
1779472219.27068996 1.05800081 1.88161132 -0.67816863 -0.35855868 -0.39931009 0.67763486 -0.50279033
1779472219.28093410 1.05948340 1.88039473 -0.67886108 -0.35925634 -0.39854329 0.67727858 -0.50338042
1779472219.29119277 1.05664589 1.88184102 -0.67917947 -0.35935555 -0.39937140 0.67660618 -0.50355750
1779472219.30149603 1.05527883 1.88361819 -0.67667430 -0.36013561 -0.40015049 0.67563237 -0.50368923
1779472219.31180429 1.05107044 1.88660820 -0.67504716 -0.36018777 -0.40131016 0.67467001 -0.50401916
1779472219.32203245 1.05358517 1.88429942 -0.67688159 -0.36091583 -0.40046090 0.67451744 -0.50437789
1779472219.33231139 1.05724043 1.88277972 -0.67461116 -0.36265118 -0.39902721 0.67363617 -0.50544606
1779472219.34266424 1.05090381 1.88674602 -0.67390418 -0.36199360 -0.40142921 0.67296824 -0.50490492
1779472219.34284878 1.04905873 1.88749112 -0.67501980 -0.36153531 -0.40211465 0.67300845 -0.50463417
1779472219.35302067 1.05634459 1.88181895 -0.67851056 -0.36307506 -0.39824021 0.67289014 -0.50675447
1779472219.36327934 1.05346708 1.88153161 -0.68412215 -0.36225877 -0.39855503 0.67295722 -0.50700203
1779472219.37358212 1.05207161 1.88288286 -0.68266093 -0.36279694 -0.39910699 0.67214996 -0.50725380
1779472219.38389254 1.05110371 1.88209055 -0.68632245 -0.36247513 -0.39903803 0.67215580 -0.50753030
1779472219.39418864 1.05554065 1.87900831 -0.68764035 -0.36360227 -0.39737514 0.67194858 -0.50830257
1779472219.40448642 1.05321054 1.87977290 -0.68888353 -0.36359799 -0.39779397 0.67139996 -0.50870281
1779472219.41482449 1.05550984 1.87847612 -0.68902077 -0.36439847 -0.39700696 0.67104108 -0.50921813
1779472219.41501021 1.05577231 1.87837046 -0.68850777 -0.36470154 -0.39686366 0.67080029 -0.50943007
1779472219.42510128 1.05659686 1.87754689 -0.68951051 -0.36496116 -0.39685408 0.67073105 -0.50934277
1779472219.43540382 1.05522888 1.87786770 -0.69120174 -0.36505942 -0.39685065 0.67017885 -0.51000146
1779472219.44566655 1.05249527 1.87908613 -0.69182141 -0.36503007 -0.39759603 0.66956689 -0.51024565
1779472219.45599294 1.05512253 1.87748984 -0.69248440 -0.36574056 -0.39680651 0.66935552 -0.51062866
1779472219.46632504 1.05464181 1.87687681 -0.69521650 -0.36563171 -0.39714396 0.66930359 -0.51051232
1779472219.47661018 1.05397208 1.87628121 -0.69885619 -0.36532822 -0.39745796 0.66933033 -0.51045016
1779472219.48690963 1.05336255 1.87613111 -0.70095101 -0.36541889 -0.39700623 0.66892713 -0.51126469
1779472219.48711395 1.05363801 1.87588546 -0.70133957 -0.36545071 -0.39713885 0.66894489 -0.51111569
1779472219.49724030 1.05441742 1.87576534 -0.70015939 -0.36616187 -0.39702571 0.66837901 -0.51143481
1779472219.50757027 1.05409075 1.87641638 -0.69919371 -0.36678772 -0.39714746 0.66758900 -0.51192343
1779472219.51786637 1.05539608 1.87475850 -0.70270035 -0.36687947 -0.39671552 0.66760482 -0.51217189
1779472219.52814865 1.05435581 1.87553543 -0.70314708 -0.36700897 -0.39706467 0.66712110 -0.51243878
1779472219.53848410 1.05452978 1.87515859 -0.70472365 -0.36735292 -0.39665752 0.66661390 -0.51316718
1779472219.54875016 1.05814639 1.87370116 -0.70361951 -0.36841172 -0.39635958 0.66629753 -0.51304921
1779472219.55901170 1.05978286 1.87251332 -0.70552425 -0.36864444 -0.39594382 0.66626210 -0.51324905
1779472219.56933975 1.05665826 1.87318501 -0.70928216 -0.36795486 -0.39668322 0.66602715 -0.51347784
1779472219.57961822 1.05701180 1.87383178 -0.70808229 -0.36876693 -0.39634120 0.66505893 -0.51441348
1779472219.58997917 1.05846477 1.87273010 -0.71001615 -0.36906139 -0.39614608 0.66485203 -0.51462001
1779472219.60039210 1.05459472 1.87393450 -0.71356468 -0.36819603 -0.39688525 0.66463666 -0.51494843
1779472219.61072206 1.05352947 1.87389470 -0.71606762 -0.36819114 -0.39647489 0.66407134 -0.51599632
1779472219.62099719 1.05116176 1.87474288 -0.71881295 -0.36777106 -0.39689401 0.66364179 -0.51652605
1779472219.63132620 1.04592108 1.87874483 -0.71729395 -0.36742464 -0.39884364 0.66275011 -0.51641571
1779472219.64162230 1.04613476 1.87718636 -0.72154419 -0.36700911 -0.39895492 0.66295582 -0.51636118
1779472219.65200043 1.04708407 1.87636519 -0.72303793 -0.36745320 -0.39802974 0.66229643 -0.51760401
1779472219.66242337 1.05005120 1.87358178 -0.72638850 -0.36772847 -0.39699666 0.66233696 -0.51814976
1779472219.67277360 1.05078901 1.87266247 -0.72828389 -0.36782271 -0.39666241 0.66214303 -0.51858654
1779472219.68304634 1.05211057 1.87143114 -0.72969776 -0.36825703 -0.39579755 0.66156964 -0.51966977
1779472219.69333124 1.05213734 1.87047108 -0.73281980 -0.36810612 -0.39568540 0.66138946 -0.52009128
1779472219.70364285 1.05348649 1.86908865 -0.73479299 -0.36829888 -0.39503789 0.66116031 -0.52073798
1779472219.70380378 1.05525271 1.86808692 -0.73490307 -0.36860260 -0.39473534 0.66117824 -0.52072975
1779472219.71391511 1.06018995 1.86449632 -0.73692630 -0.36949480 -0.39252540 0.66093157 -0.52207937
1779472219.72425389 1.06359262 1.86201062 -0.73906791 -0.37005695 -0.39130514 0.66066767 -0.52293055
1779472219.73455811 1.06670330 1.86011618 -0.73987890 -0.37073638 -0.39049380 0.66030450 -0.52351418
1779472219.74482632 1.06705786 1.85906253 -0.74298639 -0.37055095 -0.39023289 0.66021657 -0.52395073
1779472219.75510836 1.06604285 1.86043500 -0.74250084 -0.37094534 -0.39019840 0.65911138 -0.52508757
1779472219.76538014 1.06968894 1.85846816 -0.74359895 -0.37171863 -0.38918408 0.65871077 -0.52579571
1779472219.77562881 1.07127701 1.85858714 -0.74265727 -0.37241669 -0.38886386 0.65802879 -0.52639227
1779472219.78590822 1.07279350 1.85851315 -0.74272532 -0.37294032 -0.38880114 0.65740243 -0.52685030
1779472219.79620481 1.07479729 1.85834002 -0.74235043 -0.37382193 -0.38780003 0.65639409 -0.52821881
1779472219.80649853 1.07669927 1.85794517 -0.74256434 -0.37424269 -0.38788086 0.65613975 -0.52817750
1779472219.81676674 1.07704347 1.85864576 -0.74283268 -0.37468524 -0.38758855 0.65523174 -0.52920455
1779472219.82704902 1.07891321 1.85840576 -0.74373095 -0.37518595 -0.38708416 0.65459492 -0.53000645
1779472219.83735657 1.07623256 1.85987113 -0.74721197 -0.37453923 -0.38761075 0.65408944 -0.53070263
1779472219.84764957 1.07806957 1.85769332 -0.75293795 -0.37408057 -0.38693746 0.65447406 -0.53104316
1779472219.85796428 1.07428955 1.86317617 -0.74755462 -0.37464825 -0.38918548 0.65295378 -0.53087166
1779472219.86822343 1.07450381 1.86285768 -0.75106584 -0.37448691 -0.38871002 0.65249825 -0.53189295
1779472219.87848258 1.07506117 1.86283427 -0.75220375 -0.37467217 -0.38831087 0.65197056 -0.53270050
1779472219.88876438 1.07449229 1.86249945 -0.75670101 -0.37427456 -0.38762379 0.65145196 -0.53411300
1779472219.89904165 1.08183510 1.86066248 -0.75142113 -0.37659153 -0.38565655 0.65025023 -0.53537135
1779472219.90933228 1.08148921 1.85977981 -0.75600527 -0.37619130 -0.38465933 0.64987175 -0.53682772
1779472219.90952754 1.08023900 1.86069234 -0.75630086 -0.37606981 -0.38490142 0.64958602 -0.53708508
1779472219.91965652 1.08120560 1.86094552 -0.75579598 -0.37649684 -0.38483073 0.64903107 -0.53750730
1779472219.92990851 1.07851690 1.86222022 -0.75887059 -0.37603237 -0.38498099 0.64826567 -0.53864730
1779472219.94017935 1.08176161 1.86040169 -0.76034514 -0.37680251 -0.38292729 0.64735173 -0.54066838
1779472219.95053411 1.08491754 1.85971664 -0.75826188 -0.37792222 -0.38183484 0.64654395 -0.54162521
1779472219.96089983 1.08809487 1.85851026 -0.75809067 -0.37884777 -0.38063617 0.64572519 -0.54279780
1779472219.97122550 1.09036922 1.85928634 -0.75434649 -0.38038246 -0.37898504 0.64386645 -0.54508304
1779472219.98156834 1.09148684 1.85897013 -0.75489292 -0.38089266 -0.37785064 0.64296487 -0.54657648
1779472219.99187231 1.09107757 1.86082675 -0.75237217 -0.38198200 -0.37622684 0.64073859 -0.54954270
1779472220.00218892 1.09517104 1.86085476 -0.74754259 -0.38386991 -0.37448278 0.63898674 -0.55145488
1779472220.01249623 1.10322994 1.85937387 -0.74015190 -0.38664537 -0.37216415 0.63735367 -0.55297334
1779472220.02282524 1.09803564 1.86162449 -0.74498674 -0.38546001 -0.37302449 0.63686275 -0.55378619
1779472220.03313875 1.10028183 1.86268414 -0.74078590 -0.38686569 -0.37234248 0.63533724 -0.55501586
1779472220.04346943 1.10818674 1.86221808 -0.73093026 -0.39013311 -0.36963403 0.63303340 -0.55716744
1779472220.05382156 1.10650158 1.86384695 -0.73179651 -0.39016317 -0.36986621 0.63204659 -0.55811181
1779472220.06417251 1.11236151 1.86423930 -0.72290573 -0.39281094 -0.36796077 0.63011025 -0.55970127
1779472220.07444310 1.11183963 1.86488906 -0.72424753 -0.39287082 -0.36797532 0.62937617 -0.56047508
1779472220.08471417 1.11753936 1.86465107 -0.71800257 -0.39503288 -0.36646946 0.62782329 -0.56168237
1779472220.09504461 1.11302032 1.86680906 -0.72170895 -0.39404845 -0.36746036 0.62737646 -0.56222547
1779472220.10536480 1.11356531 1.86816175 -0.71901507 -0.39499141 -0.36660504 0.62577514 -0.56390425
1779472220.11563730 1.12315840 1.86694691 -0.70640029 -0.39865914 -0.36405545 0.62379566 -0.56516678
1779472220.12596536 1.12967438 1.86695391 -0.69711855 -0.40141492 -0.36187988 0.62169383 -0.56692663
1779472220.12613392 1.13063842 1.86662095 -0.69664354 -0.40168616 -0.36158233 0.62146587 -0.56717424
1779472220.13620925 1.12972406 1.86576900 -0.70189838 -0.40096063 -0.36092148 0.62131719 -0.56827037
1779472220.14647818 1.13141645 1.86588100 -0.70046378 -0.40170936 -0.36001568 0.62024339 -0.56948788
1779472220.15674829 1.13510205 1.86621789 -0.69512013 -0.40338073 -0.35860090 0.61866414 -0.57091511
1779472220.16698956 1.12962800 1.86671377 -0.70458899 -0.40130895 -0.35942955 0.61900912 -0.57147987
1779472220.17727542 1.13370620 1.86656035 -0.69854916 -0.40320818 -0.35748370 0.61724261 -0.57327143
1779472220.18752527 1.13333272 1.86713305 -0.70001158 -0.40319356 -0.35691110 0.61639501 -0.57454905
1779472220.19779682 1.13412111 1.86704386 -0.69969467 -0.40351095 -0.35670070 0.61587826 -0.57501087
1779472220.20805550 1.13609206 1.86683836 -0.69761173 -0.40450347 -0.35515939 0.61453130 -0.57670619
1779472220.21831346 1.13715663 1.86590368 -0.69968904 -0.40461592 -0.35368373 0.61368642 -0.57843129
1779472220.22856617 1.12985922 1.87110286 -0.69873824 -0.40404953 -0.35597887 0.61262199 -0.57854759
1779472220.22877789 1.12950012 1.87219171 -0.69659868 -0.40447247 -0.35579949 0.61192467 -0.57910012
1779472220.23892069 1.13276627 1.87108777 -0.69460403 -0.40544544 -0.35433788 0.61108790 -0.58019845
1779472220.24925208 1.14182241 1.86855713 -0.68636400 -0.40821153 -0.35168029 0.60967347 -0.58136269
1779472220.25947356 1.14043570 1.87080000 -0.68371989 -0.40886489 -0.35107114 0.60801241 -0.58300897
1779472220.26979756 1.14295559 1.86900011 -0.68523782 -0.40923576 -0.34907660 0.60733565 -0.58464950
1779472220.28009343 1.14587284 1.86832445 -0.68308267 -0.41021096 -0.34788018 0.60635727 -0.58569378
1779472220.29037023 1.14668646 1.86975421 -0.67843240 -0.41139756 -0.34704523 0.60478676 -0.58697925
1779472220.30066609 1.15191623 1.86720630 -0.67767850 -0.41237781 -0.34495227 0.60424915 -0.58807775
1779472220.31102324 1.14985036 1.86979396 -0.67521897 -0.41276278 -0.34569275 0.60319701 -0.58845287
1779472220.32126689 1.15490591 1.86766759 -0.67327883 -0.41397473 -0.34340611 0.60225958 -0.58989877
1779472220.33160400 1.15541392 1.86841376 -0.67155055 -0.41449862 -0.34314442 0.60148688 -0.59047128
1779472220.33179116 1.15594912 1.86859124 -0.67036172 -0.41482936 -0.34293671 0.60116001 -0.59069252
1779472220.34195137 1.15497378 1.86957364 -0.67011639 -0.41493101 -0.34305671 0.60052825 -0.59119385
1779472220.35225344 1.15593963 1.87002294 -0.66915070 -0.41543590 -0.34265514 0.59976820 -0.59184337
1779472220.36258292 1.15654688 1.87013530 -0.67000263 -0.41564857 -0.34185598 0.59901376 -0.59291928
1779472220.37287617 1.15707886 1.87049180 -0.66942661 -0.41597295 -0.34163875 0.59849225 -0.59334349
1779472220.38329625 1.15698381 1.87143914 -0.66822298 -0.41639842 -0.34147143 0.59764740 -0.59399259
1779472220.39359903 1.15754948 1.87270876 -0.66582143 -0.41719032 -0.34070997 0.59639485 -0.59513203
1779472220.40392113 1.15748936 1.87266770 -0.66808210 -0.41701475 -0.34067777 0.59617627 -0.59549241
1779472220.41421628 1.15956099 1.87137071 -0.66953880 -0.41719140 -0.33999161 0.59608652 -0.59585056
1779472220.42456508 1.16000493 1.87278550 -0.66625449 0.41807620 0.33956189 -0.59491102 0.59664972
1779472220.43488741 1.16057513 1.87231023 -0.66828250 0.41803186 0.33927997 -0.59466678 0.59708449
1779472220.44516349 1.16155639 1.87241588 -0.66675298 0.41857877 0.33891773 -0.59411827 0.59745298
1779472220.44539094 1.16171115 1.87265274 -0.66644528 0.41871794 0.33882017 -0.59390189 0.59762591
1779472220.45546842 1.16291062 1.87174466 -0.66802834 0.41876411 0.33823897 -0.59372592 0.59809744
1779472220.46577764 1.16175916 1.87208063 -0.67070836 0.41844472 0.33817756 -0.59337428 0.59870436
1779472220.47612572 1.16202650 1.87105292 -0.67454325 0.41803041 0.33812446 -0.59351593 0.59888335
1779472220.48642921 1.16414401 1.87067745 -0.67231977 0.41886656 0.33747644 -0.59292450 0.59925037
1779472220.49676871 1.16413095 1.87068790 -0.67332979 0.41897009 0.33727114 -0.59248732 0.59972578
1779472220.50703025 1.16436728 1.87038556 -0.67463593 0.41907367 0.33700677 -0.59212146 0.60016321
1779472220.51734090 1.16483963 1.87073865 -0.67336158 0.41956660 0.33681545 -0.59156076 0.60047905
1779472220.52771759 1.16784800 1.86929638 -0.67260436 0.42030927 0.33590641 -0.59117269 0.60085094
1779472220.53800082 1.16454397 1.87008219 -0.67763720 0.41939677 0.33631519 -0.59097857 0.60145056
1779472220.54827094 1.16392862 1.87044050 -0.67827129 0.41944828 0.33646282 -0.59065011 0.60165469
1779472220.55858707 1.16584197 1.87058167 -0.67418710 0.42064683 0.33584248 -0.58969956 0.60209675
1779472220.56886554 1.16622080 1.86956718 -0.67683753 0.42055582 0.33550206 -0.58955180 0.60249468
1779472220.57912874 1.16629213 1.87008598 -0.67504386 0.42114470 0.33555596 -0.58888747 0.60270298
1779472220.58942509 1.16801405 1.86744160 -0.67943463 0.42075210 0.33534099 -0.58957394 0.60242565
1779472220.59976625 1.16774175 1.86821344 -0.67808567 0.42129768 0.33509180 -0.58872896 0.60300909
1779472220.61011267 1.16845573 1.86719193 -0.68011931 0.42129886 0.33463081 -0.58861776 0.60337271
1779472220.62045431 1.16876544 1.86612339 -0.68267230 0.42117680 0.33463716 -0.58871717 0.60335741
1779472220.62068367 1.16929733 1.86622294 -0.68143514 0.42155723 0.33436604 -0.58837047 0.60358019
1779472220.63080382 1.16730641 1.86598397 -0.68637476 0.42074879 0.33466765 -0.58852014 0.60383115
1779472220.64112639 1.16919109 1.86472469 -0.68684909 0.42122456 0.33394375 -0.58820577 0.60420643
1779472220.65141988 1.16826564 1.86459364 -0.68864698 0.42114381 0.33417208 -0.58800011 0.60433665
1779472220.66175485 1.16858577 1.86431011 -0.68907040 0.42136912 0.33404282 -0.58773843 0.60450558
1779472220.67204666 1.16732326 1.86372751 -0.69325084 0.42085248 0.33429640 -0.58781820 0.60464773
1779472220.68234038 1.16659637 1.86462934 -0.69127123 0.42148051 0.33442964 -0.58702490 0.60490723
1779472220.69271612 1.16537685 1.86350669 -0.69719702 0.42071142 0.33440836 -0.58727760 0.60520903
1779472220.70304322 1.16545127 1.86374267 -0.69571358 0.42125259 0.33433261 -0.58672791 0.60540756
1779472220.71333766 1.16359936 1.86311249 -0.70065530 0.42060417 0.33449085 -0.58679470 0.60570618
1779472220.72365212 1.16229022 1.86328793 -0.70206026 0.42063552 0.33464816 -0.58641441 0.60596577
1779472220.73394752 1.16262120 1.86180512 -0.70507500 0.42043822 0.33427897 -0.58654394 0.60618107
1779472220.74428606 1.16280098 1.86106417 -0.70570347 0.42077192 0.33415349 -0.58625557 0.60629765
1779472220.75460458 1.16298195 1.85975728 -0.70795287 0.42079547 0.33392918 -0.58621055 0.60644840
1779472220.76492643 1.16158302 1.85771894 -0.71498674 0.41984619 0.33396263 -0.58672946 0.60658609
1779472220.77515817 1.16126730 1.85801646 -0.71352018 0.42037607 0.33380121 -0.58610195 0.60691451
1779472220.78549552 1.15987918 1.85602022 -0.71973971 0.41954731 0.33417526 -0.58669400 0.60671006
1779472220.79578757 1.15952206 1.85483819 -0.72110973 0.41968771 0.33396607 -0.58650271 0.60691305
1779472220.80604148 1.15895267 1.85160478 -0.72957270 0.41844007 0.33396686 -0.58759711 0.60671549
1779472220.81635594 1.15984021 1.84978048 -0.73030097 0.41881228 0.33387884 -0.58763343 0.60647189
1779472220.82662606 1.16043199 1.84689680 -0.73490496 0.41850685 0.33366783 -0.58818703 0.60626217
1779472220.83688188 1.15892811 1.84492244 -0.74141502 0.41756953 0.33359230 -0.58870467 0.60644758
1779472220.84723735 1.16061113 1.84122463 -0.74598154 0.41738315 0.33353805 -0.58958756 0.60574763
1779472220.85751939 1.16056351 1.83817582 -0.75228280 0.41675740 0.33330113 -0.59026459 0.60564952
1779472220.86779714 1.16167260 1.83613934 -0.75407866 0.41703391 0.33313910 -0.59051077 0.60530827
1779472220.87812829 1.16159091 1.83329669 -0.76066648 0.41623451 0.33336658 -0.59152144 0.60474617
1779472220.88838434 1.16087289 1.83132756 -0.76528678 0.41583208 0.33359560 -0.59202896 0.60440001
1779472220.89863801 1.16471140 1.82609223 -0.77116113 0.41569351 0.33279607 -0.59320890 0.60377883
1779472220.90896440 1.15999841 1.82490752 -0.78090374 0.41386289 0.33387946 -0.59422908 0.60343502
1779472220.91923022 1.16310333 1.82047441 -0.78557425 0.41389730 0.33284111 -0.59498487 0.60324027
1779472220.92948008 1.16109458 1.81865110 -0.79291133 0.41293525 0.33375551 -0.59592298 0.60246788
1779472220.93974352 1.16442322 1.81485738 -0.79530638 0.41325973 0.33277737 -0.59645817 0.60225681
1779472220.93991137 1.16415977 1.81424172 -0.79755158 0.41299893 0.33305749 -0.59680372 0.60193846
1779472220.94996786 1.16309603 1.81243371 -0.80312403 0.41232408 0.33296585 -0.59724263 0.60201647
1779472220.96027088 1.16371584 1.80940478 -0.80857532 0.41200685 0.33292169 -0.59805384 0.60145249
1779472220.97054625 1.16274464 1.80656396 -0.81524301 0.41127301 0.33333528 -0.59898180 0.60080188
1779472220.98085666 1.16340800 1.80422788 -0.81903138 0.41111513 0.33311688 -0.59942945 0.60058457
1779472220.99109149 1.16367752 1.80170133 -0.82308994 0.41100296 0.33275437 -0.59974578 0.60054650
1779472221.00138879 1.16368434 1.79950192 -0.82627125 0.41101419 0.33249814 -0.59994115 0.60048559
1779472221.01164842 1.16229820 1.79659201 -0.83406284 -0.40991795 -0.33285375 0.60097918 -0.59999973
1779472221.02190733 1.16309618 1.79364336 -0.83763632 -0.40991755 -0.33270218 0.60147958 -0.59958250
1779472221.03212833 1.16346025 1.79081212 -0.84151918 -0.40984553 -0.33198970 0.60158769 -0.59991811
1779472221.04246092 1.16066012 1.79146608 -0.84283059 -0.40975217 -0.33272180 0.60136132 -0.59980323
1779472221.04266667 1.16217514 1.78962885 -0.84417321 -0.40982249 -0.33226491 0.60163079 -0.59973823
1779472221.05280399 1.16048737 1.78750243 -0.85009792 -0.40904176 -0.33234477 0.60216640 -0.59968944
1779472221.06300044 1.15975912 1.78571290 -0.85334578 -0.40897567 -0.33246364 0.60236663 -0.59946749
1779472221.07321763 1.15667515 1.78528705 -0.85684158 -0.40847531 -0.33289812 0.60239619 -0.59953781
1779472221.07338214 1.15565573 1.78585575 -0.85702919 -0.40850165 -0.33308794 0.60218096 -0.59963066
1779472221.08352923 1.15517126 1.78451359 -0.85947416 -0.40844697 -0.33343604 0.60249314 -0.59916066
1779472221.09378004 1.15360410 1.78356406 -0.86216176 -0.40841280 -0.33387916 0.60253933 -0.59889069
1779472221.10401654 1.15263806 1.78285323 -0.86337332 -0.40868921 -0.33398349 0.60230292 -0.59888175
1779472221.11433125 1.15146617 1.78274250 -0.86417099 -0.40886799 -0.33411250 0.60204061 -0.59895151
1779472221.12460232 1.14556585 1.78295920 -0.86997673 -0.40777549 -0.33566946 0.60238548 -0.59847882
1779472221.13491106 1.14588997 1.78053028 -0.87298272 -0.40782999 -0.33577927 0.60284604 -0.59791607
1779472221.14516401 1.14478851 1.78157075 -0.87177509 -0.40840155 -0.33576858 0.60213387 -0.59824947
1779472221.15545154 1.14208598 1.77983528 -0.87729104 -0.40766029 -0.33666095 0.60278711 -0.59759534
1779472221.16574144 1.13904104 1.77849880 -0.88289571 -0.40691122 -0.33747154 0.60338541 -0.59704461
1779472221.17593694 1.13754697 1.77833640 -0.88436380 -0.40690253 -0.33783117 0.60336560 -0.59686715
1779472221.17609143 1.13607002 1.77861869 -0.88595917 -0.40662179 -0.33806261 0.60331945 -0.59697407
1779472221.18617201 1.13720580 1.77591425 -0.88858287 -0.40667206 -0.33804101 0.60396096 -0.59630300
1779472221.19642925 1.13585901 1.77401947 -0.89286297 -0.40628688 -0.33821850 0.60437337 -0.59604701
1779472221.20669913 1.13097223 1.77386328 -0.89799903 -0.40539519 -0.33867379 0.60433965 -0.59642970
1779472221.21698928 1.13250848 1.77050803 -0.90172249 -0.40526980 -0.33811166 0.60495925 -0.59620567
1779472221.22720647 1.12608521 1.76924159 -0.91117627 -0.40337459 -0.33949452 0.60594763 -0.59570117
1779472221.23742723 1.12737069 1.76704105 -0.91239914 -0.40378722 -0.33885187 0.60599657 -0.59573773
1779472221.24773407 1.12312713 1.76469376 -0.92161484 -0.40209719 -0.33928635 0.60695059 -0.59566232
1779472221.25793791 1.12668143 1.76116781 -0.92258065 -0.40274999 -0.33862617 0.60745695 -0.59508052
1779472221.26815844 1.11934246 1.75946597 -0.93324291 -0.40059895 -0.33931290 0.60815852 -0.59542460
1779472221.27840662 1.11551314 1.76100753 -0.93342613 -0.40049515 -0.34015701 0.60776704 -0.59541252
1779472221.28866243 1.11500403 1.75721414 -0.93989376 -0.39976124 -0.33997686 0.60870742 -0.59504787
1779472221.29892397 1.11386443 1.75478804 -0.94442509 -0.39930275 -0.34020947 0.60938699 -0.59452698
1779472221.30926394 1.10936663 1.75402137 -0.94991813 -0.39820659 -0.34080572 0.60971435 -0.59458505
1779472221.31956720 1.10689309 1.75192050 -0.95528050 -0.39743402 -0.34133766 0.61041109 -0.59408173
1779472221.32983208 1.10218055 1.74910265 -0.96469158 -0.39573308 -0.34178665 0.61133977 -0.59400412
1779472221.34008026 1.10407577 1.74515729 -0.96769829 -0.39582385 -0.34119916 0.61198836 -0.59361340
1779472221.35035157 1.09782893 1.74541057 -0.97341605 -0.39447413 -0.34248771 0.61235818 -0.59338840
1779472221.36065269 1.09769794 1.74203790 -0.97745316 -0.39416490 -0.34233181 0.61299912 -0.59302196
1779472221.37097645 1.09875248 1.73785702 -0.98224911 -0.39387880 -0.34196963 0.61391143 -0.59247703
1779472221.38127828 1.09457950 1.73668467 -0.98798615 -0.39274364 -0.34281967 0.61453447 -0.59209331
1779472221.39160800 1.08951296 1.73551489 -0.99423208 -0.39155840 -0.34383592 0.61513333 -0.59166702
1779472221.40195942 1.08367909 1.73642370 -0.99764620 -0.39077823 -0.34574873 0.61551952 -0.59066565
1779472221.41220713 1.08477019 1.73149224 -1.00415832 -0.39024583 -0.34512624 0.61654091 -0.59031634
1779472221.42249012 1.08211231 1.73042804 -1.00815620 -0.38960447 -0.34576185 0.61700450 -0.58988351
1779472221.43277836 1.08690741 1.72927891 -1.00378217 -0.39142492 -0.34557239 0.61688567 -0.58891284
1779472221.44304538 1.08245087 1.72784199 -1.01108496 -0.39018384 -0.34687092 0.61789702 -0.58791190
1779472221.45332885 1.08190851 1.72702477 -1.01293533 -0.39020960 -0.34779638 0.61850402 -0.58670855
1779472221.46360946 1.08303515 1.72670695 -1.01155402 -0.39109598 -0.34822334 0.61852078 -0.58584681
1779472221.47392511 1.08353139 1.72581538 -1.01223004 -0.39159334 -0.34857979 0.61870690 -0.58510559
1779472221.48423100 1.08524237 1.72496557 -1.01178736 -0.39228852 -0.34885171 0.61891489 -0.58425727
1779472221.49453187 1.08537043 1.72306437 -1.01559128 -0.39220376 -0.34935034 0.61966879 -0.58321620
1779472221.50481319 1.08744922 1.72748129 -1.00477729 -0.39486170 -0.35062542 0.61841738 -0.58198453
1779472221.51506042 1.08272802 1.72614882 -1.01372455 -0.39337983 -0.35143041 0.61913731 -0.58173703
1779472221.52540994 1.08792116 1.72542471 -1.00886323 -0.39520664 -0.35044467 0.61850168 -0.58176964
1779472221.53573465 1.08425342 1.72483901 -1.01504363 -0.39427220 -0.35160707 0.61923020 -0.58092673
1779472221.54602098 1.08113003 1.72382591 -1.02117090 -0.39338579 -0.35243097 0.61988234 -0.58033259
1779472221.55631542 1.08066946 1.72501876 -1.01970473 -0.39396492 -0.35325513 0.61970330 -0.57962944
1779472221.56657624 1.07977550 1.72242538 -1.02588032 -0.39333004 -0.35315444 0.62028986 -0.57949454
1779472221.57686782 1.08468559 1.72339861 -1.01817063 -0.39571639 -0.35249930 0.61905979 -0.57958413
1779472221.58715343 1.07972944 1.72144932 -1.02795474 -0.39383341 -0.35361621 0.62034994 -0.57880634
1779472221.58731413 1.07980172 1.72073023 -1.02924741 -0.39374883 -0.35345299 0.62043509 -0.57887230
1779472221.59741879 1.08397992 1.72158101 -1.02234051 -0.39578911 -0.35284315 0.61933000 -0.57903631
1779472221.60771394 1.07510120 1.72068996 -1.03467862 -0.39312549 -0.35493567 0.62076704 -0.57803226
1779472221.61799216 1.08724851 1.71884930 -1.02323023 -0.39696692 -0.35245955 0.61928686 -0.57850956
1779472221.62823939 1.07841294 1.71687324 -1.03752346 -0.39385400 -0.35399365 0.62088962 -0.57798235
1779472221.62841320 1.08257037 1.71738306 -1.03144405 -0.39548570 -0.35339828 0.62014378 -0.57803323
1779472221.63855219 1.08717483 1.71886382 -1.02322688 -0.39778709 -0.35293497 0.61887003 -0.57810226
1779472221.64884472 1.08148153 1.71755165 -1.03242746 -0.39603509 -0.35437280 0.61997965 -0.57723596
1779472221.65906882 1.08377489 1.71454404 -1.03502633 -0.39620117 -0.35395482 0.62049725 -0.57682215
1779472221.66936684 1.08232835 1.71317274 -1.03938783 -0.39576157 -0.35444862 0.62093330 -0.57635127
1779472221.67968702 1.08843105 1.71368746 -1.03119169 -0.39831687 -0.35377646 0.61978181 -0.57624335
1779472221.68997574 1.08329339 1.71214407 -1.04038697 -0.39663081 -0.35527090 0.62097905 -0.57519702
1779472221.70078206 1.08689158 1.70961873 -1.04099074 -0.39727739 -0.35453723 0.62109110 -0.57508250
1779472221.71105599 1.08805993 1.70955089 -1.03986940 -0.39807543 -0.35482727 0.62078776 -0.57467914
1779472221.72130799 1.08346588 1.71061597 -1.04450045 -0.39720448 -0.35623837 0.62099580 -0.57418380
1779472221.73162794 1.08703842 1.70968091 -1.04230153 -0.39840657 -0.35606097 0.62074877 -0.57372795
1779472221.74195313 1.08666915 1.70815656 -1.04543323 -0.39812072 -0.35625305 0.62109634 -0.57343089
1779472221.75225902 1.08404919 1.70657842 -1.05163496 -0.39717077 -0.35674739 0.62157954 -0.57325871
1779472221.76255488 1.08677398 1.70751745 -1.04807291 -0.39854343 -0.35673964 0.62074402 -0.57321621
1779472221.77284455 1.08566616 1.70616598 -1.05262444 -0.39794356 -0.35703923 0.62115970 -0.57299611
1779472221.78311610 1.08709854 1.70700218 -1.05068824 -0.39885728 -0.35702399 0.62036367 -0.57323264
1779472221.79337788 1.08328488 1.70484144 -1.05968420 -0.39727285 -0.35808087 0.62147755 -0.57246661
1779472221.80366135 1.08925224 1.70605166 -1.05131014 -0.39965475 -0.35714505 0.61998494 -0.57301149
1779472221.81396174 1.08634707 1.70269544 -1.06172263 -0.39793187 -0.35743938 0.62101458 -0.57291204
1779472221.82425117 1.09393138 1.70420710 -1.05101488 -0.40094648 -0.35662254 0.61942153 -0.57304386
1779472221.83456254 1.09313955 1.70277317 -1.05539179 -0.40045347 -0.35693533 0.61969529 -0.57289784
1779472221.84488702 1.09228140 1.70276569 -1.05705996 -0.40034304 -0.35732362 0.61958265 -0.57285479
1779472221.85518360 1.09441855 1.70074160 -1.05872672 -0.40062597 -0.35671181 0.61942006 -0.57321401
1779472221.86547446 1.09558131 1.69902900 -1.06093272 -0.40069330 -0.35662194 0.61950209 -0.57313421
1779472221.87578392 1.09322154 1.70028642 -1.06247687 -0.40041750 -0.35729610 0.61911245 -0.57332809
1779472221.88604689 1.09614459 1.69607557 -1.06684234 -0.40028707 -0.35653578 0.61968884 -0.57326978
1779472221.89634132 1.09711131 1.69710115 -1.06500548 -0.40100269 -0.35687494 0.61902363 -0.57327731
1779472221.90662289 1.10112111 1.69397471 -1.06622366 -0.40153348 -0.35608889 0.61910646 -0.57330512
1779472221.91687584 1.10030649 1.69271622 -1.07024526 -0.40094356 -0.35619258 0.61936001 -0.57337971
1779472221.92712617 1.10480202 1.69087561 -1.06922055 -0.40189712 -0.35548544 0.61905139 -0.57348425
1779472221.93741632 1.10594194 1.68941328 -1.07192748 -0.40182502 -0.35534617 0.61910627 -0.57356184
1779472221.94771647 1.11013501 1.68829986 -1.07030737 -0.40278324 -0.35465125 0.61873019 -0.57372563
1779472221.95795465 1.10822349 1.68891774 -1.07415708 -0.40219554 -0.35530870 0.61869149 -0.57377288
1779472221.96826124 1.10301941 1.68856440 -1.08287569 -0.40042927 -0.35622006 0.61912277 -0.57397792
1779472221.97855973 1.10751428 1.68644635 -1.08268574 -0.40113790 -0.35549551 0.61915864 -0.57389363
1779472221.98883200 1.10425166 1.69110283 -1.08088424 -0.40135096 -0.35741299 0.61856135 -0.57319737
1779472221.99913287 1.10405793 1.68868152 -1.08762889 -0.40042762 -0.35707180 0.61901568 -0.57356521
1779472222.00947905 1.10199816 1.68838681 -1.09292444 -0.39954231 -0.35740988 0.61912791 -0.57385080
1779472222.01978540 1.10821279 1.68495655 -1.09365771 -0.40026383 -0.35606124 0.61932548 -0.57397318
1779472222.03009629 1.09866037 1.68521246 -1.10654385 -0.39724345 -0.35757588 0.62005156 -0.57434588
1779472222.04050255 1.10699691 1.68080641 -1.10620700 -0.39835349 -0.35568902 0.62017841 -0.57461166
1779472222.04069614 1.11176496 1.67771322 -1.10612120 -0.39891311 -0.35433795 0.62031430 -0.57491140
1779472222.05079889 1.11103558 1.67817157 -1.10841097 -0.39860987 -0.35460627 0.62014561 -0.57513823
1779472222.06104565 1.11672929 1.67504980 -1.10928971 -0.39924911 -0.35297451 0.61982151 -0.57604725
1779472222.07132959 1.11884389 1.67163878 -1.11482521 -0.39875569 -0.35208915 0.62009854 -0.57663241
1779472222.08160925 1.11268990 1.67450661 -1.11921209 -0.39755546 -0.35398488 0.62005720 -0.57634489
1779472222.09187937 1.10124178 1.67728479 -1.12943151 -0.39475662 -0.35635391 0.62043434 -0.57640293
1779472222.10211086 1.10670290 1.67528678 -1.12792337 -0.39577668 -0.35525649 0.61996600 -0.57688458
1779472222.11236620 1.10797399 1.67336306 -1.13180985 -0.39541361 -0.35459553 0.61987460 -0.57763792
1779472222.12264109 1.10618357 1.67373580 -1.13427286 -0.39496019 -0.35507299 0.61972683 -0.57781336
1779472222.13293505 1.11793117 1.66357530 -1.13929042 -0.39546455 -0.35073656 0.61997782 -0.57984408
1779472222.14320517 1.12351922 1.66298433 -1.13541895 -0.39689097 -0.34994926 0.61926190 -0.58011015
1779472222.15343618 1.12048354 1.66553095 -1.13557102 -0.39667607 -0.35084546 0.61866722 -0.58035026
1779472222.16369987 1.12359095 1.65915195 -1.14353337 -0.39581362 -0.34933172 0.61947811 -0.58098692
1779472222.17399049 1.12729358 1.65301487 -1.15042250 -0.39518761 -0.34783051 0.62024503 -0.58149531
1779472222.18426704 1.12836441 1.65169462 -1.15221397 -0.39511829 -0.34769489 0.62032320 -0.58154013
1779472222.18445539 1.12266694 1.65318885 -1.15652111 -0.39385808 -0.34917199 0.62073334 -0.58107216
1779472222.19456172 1.12795592 1.64516016 -1.16421994 -0.39316804 -0.34677555 0.62157089 -0.58207837
1779472222.20487595 1.12900857 1.64697982 -1.16065169 -0.39401873 -0.34638575 0.62010949 -0.58329269
1779472222.21512699 1.12984357 1.64432952 -1.16523246 -0.39347600 -0.34569504 0.62011741 -0.58405991
1779472222.22537827 1.12757734 1.64486135 -1.16780915 -0.39295685 -0.34640492 0.62013783 -0.58396714
1779472222.23568082 1.13181866 1.63894577 -1.17320559 -0.39256612 -0.34409919 0.62003041 -0.58570461
1779472222.24594331 1.13434330 1.64029811 -1.16991087 -0.39356131 -0.34385100 0.61899180 -0.58628077
1779472222.25629115 1.13677720 1.63737185 -1.17229286 -0.39352258 -0.34283762 0.61891078 -0.58698534
1779472222.26662755 1.12839692 1.64173859 -1.17631436 -0.39222221 -0.34511080 0.61855291 -0.58690081
1779472222.27699137 1.13601253 1.63764659 -1.17558804 -0.39330906 -0.34321879 0.61825910 -0.58759215
1779472222.28735876 1.13276151 1.63729330 -1.18066017 -0.39227581 -0.34384073 0.61847128 -0.58769594
1779472222.28753996 1.12867424 1.63967830 -1.18183340 -0.39175778 -0.34502221 0.61834783 -0.58747892
1779472222.29771924 1.13860768 1.63657008 -1.17651636 -0.39377741 -0.34263682 0.61749286 -0.58842325
1779472222.30802512 1.13787254 1.63636136 -1.17932011 -0.39340208 -0.34220184 0.61680563 -0.58964694
1779472222.31832838 1.14865606 1.62937376 -1.17869940 -0.39470606 -0.33862089 0.61616415 -0.59151057
1779472222.32867408 1.14881500 1.62589717 -1.18485625 -0.39382246 -0.33812570 0.61673153 -0.59179144
1779472222.33900714 1.15350761 1.62408769 -1.18351931 -0.39472160 -0.33675527 0.61597678 -0.59275911
1779472222.34930444 1.15522558 1.62322765 -1.18445970 -0.39496913 -0.33618557 0.61543445 -0.59348048
1779472222.35960269 1.15751916 1.61930192 -1.18904405 -0.39465011 -0.33518285 0.61564215 -0.59404418
1779472222.36991072 1.16299679 1.61988196 -1.18269008 -0.39641837 -0.33383754 0.61419156 -0.59512494
1779472222.38017249 1.16989835 1.61806853 -1.17895326 -0.39797274 -0.33210343 0.61320562 -0.59607371
1779472222.39045167 1.16549266 1.61608377 -1.18842445 -0.39618717 -0.33223361 0.61346081 -0.59692745
1779472222.40078545 1.17140804 1.61474953 -1.18472881 -0.39757189 -0.33079136 0.61263195 -0.59765857
1779472222.41111350 1.17354473 1.61285068 -1.18655298 -0.39769978 -0.32967206 0.61208552 -0.59875081
1779472222.42139983 1.17954946 1.61384469 -1.17938659 -0.39979083 -0.32842795 0.61044924 -0.59971168
1779472222.43172765 1.17917529 1.61193550 -1.18394763 -0.39921053 -0.32760238 0.61005461 -0.60095009
1779472222.44203925 1.18387498 1.61202738 -1.17933689 -0.40063054 -0.32636157 0.60883223 -0.60191911
1779472222.45232368 1.18534501 1.60932561 -1.18293353 -0.40040422 -0.32522507 0.60847913 -0.60304085
1779472222.46257687 1.18903338 1.60863082 -1.18082065 -0.40133104 -0.32361841 0.60711350 -0.60466331
1779472222.47284317 1.18897212 1.60821294 -1.18236907 -0.40127858 -0.32310404 0.60648337 -0.60560483
1779472222.48319793 1.19359016 1.60898843 -1.17700724 0.40288786 0.32162669 -0.60474331 0.60706110
1779472222.49347162 1.19324996 1.60999132 -1.17722880 0.40311249 0.32093977 -0.60339015 0.60862001
1779472222.50374508 1.19386889 1.60880830 -1.17904222 0.40310073 0.32026931 -0.60294393 0.60942267
1779472222.51402164 1.19827619 1.61048007 -1.17319581 0.40485449 0.31899053 -0.60106549 0.61078487
1779472222.52433491 1.20214551 1.61122625 -1.16949184 0.40623591 0.31768639 -0.59952028 0.61206469
1779472222.53462124 1.20392546 1.61272336 -1.16708047 0.40725155 0.31703205 -0.59811045 0.61310744
1779472222.54491901 1.20451001 1.61607537 -1.16273853 0.40837943 0.31670671 -0.59638353 0.61420663
1779472222.55523729 1.20620084 1.61736746 -1.16065971 0.40933862 0.31595915 -0.59499246 0.61530130
1779472222.56555653 1.20817689 1.61980495 -1.15651453 0.41070213 0.31541302 -0.59333625 0.61627144
1779472222.57586932 1.20686697 1.62377400 -1.15328463 0.41147854 0.31534917 -0.59155401 0.61749831
1779472222.57604909 1.20773513 1.62422533 -1.15202141 0.41191188 0.31520114 -0.59119154 0.61763210
1779472222.58616710 1.21270126 1.62513774 -1.14669452 0.41364104 0.31412091 -0.58988576 0.61827497
1779472222.59642673 1.21202566 1.62938963 -1.14230582 0.41480894 0.31397844 -0.58781941 0.61953162
1779472222.60677433 1.21746765 1.63057310 -1.13610908 0.41685735 0.31268261 -0.58609420 0.62044591
1779472222.61709690 1.21810999 1.63215618 -1.13408186 0.41760525 0.31209278 -0.58478281 0.62147648
1779472222.62734652 1.21930789 1.63502467 -1.12965408 0.41894566 0.31147160 -0.58288330 0.62266929
1779472222.63764215 1.22052347 1.63828041 -1.12418519 0.42046987 0.31091225 -0.58087178 0.62380015
1779472222.64799523 1.22182656 1.63838838 -1.12343332 0.42106276 0.31008896 -0.57987084 0.62474058
1779472222.65830398 1.22318784 1.64099458 -1.11853532 0.42249716 0.30940254 -0.57798244 0.62586142
1779472222.66858792 1.22265217 1.64284003 -1.11701959 0.42318664 0.30892533 -0.57646944 0.62702567
1779472222.67889547 1.23680542 1.64993763 -1.08813092 0.42967994 0.30564998 -0.57131230 0.62893202
1779472222.68915153 1.23825879 1.65183194 -1.08362849 0.43090669 0.30487342 -0.56968272 0.62994700
1779472222.69940352 1.24160795 1.65157507 -1.08007346 0.43227362 0.30354416 -0.56830699 0.63089431
1779472222.70975399 1.24231287 1.65291766 -1.07716905 0.43328212 0.30265426 -0.56664126 0.63212711
1779472222.72000790 1.24122281 1.65577588 -1.07354404 0.43417954 0.30246931 -0.56504568 0.63302750
1779472222.73030591 1.24232352 1.65523112 -1.07323929 0.43481896 0.30157394 -0.56404054 0.63391159
1779472222.74064922 1.24087396 1.65895307 -1.06827107 0.43601621 0.30118300 -0.56183307 0.63523403
1779472222.75094748 1.24332233 1.65619812 -1.07006805 0.43629159 0.30000908 -0.56159435 0.63581128
1779472222.75110364 1.24242937 1.65919863 -1.06580086 0.43707339 0.30011066 -0.56043814 0.63624644
1779472222.76124096 1.24365446 1.66101921 -1.06065986 0.43837997 0.29926189 -0.55874829 0.63723282
1779472222.77157259 1.24257795 1.66267439 -1.05876634 0.43913825 0.29883206 -0.55723844 0.63823375
1779472222.78180814 1.24303875 1.66430752 -1.05480409 0.44037903 0.29815294 -0.55559643 0.63912733
1779472222.79204607 1.24586926 1.66236959 -1.05384340 0.44118489 0.29715694 -0.55513763 0.63943401
1779472222.80233216 1.24169493 1.66462148 -1.05440985 0.44127383 0.29724858 -0.55375432 0.64052857
1779472222.81258416 1.24317049 1.66882568 -1.04433049 0.44360235 0.29627333 -0.55102440 0.64172516
1779472222.82284904 1.24410284 1.66931039 -1.04104822 0.44459826 0.29552495 -0.54986056 0.64237897
1779472222.83310080 1.24114021 1.66819909 -1.04577253 0.44410099 0.29535616 -0.54944999 0.64315142
1779472222.84335256 1.24327577 1.66731274 -1.04280357 0.44525670 0.29400163 -0.54822389 0.64401870
1779472222.85360837 1.24175766 1.66976943 -1.03968823 0.44604291 0.29369099 -0.54666006 0.64494504
1779472222.86384916 1.24042139 1.67021589 -1.03906673 0.44657344 0.29319921 -0.54555885 0.64573364
1779472222.87411046 1.23777262 1.66966423 -1.04152068 0.44646083 0.29284309 -0.54484877 0.64657209
1779472222.88433957 1.23951699 1.67047083 -1.03650712 0.44790848 0.29140253 -0.54304119 0.64774132
1779472222.89466596 1.24150194 1.66519474 -1.04128847 0.44758061 0.28991731 -0.54342668 0.64831087
1779472222.90501761 1.23904849 1.66648597 -1.04088037 0.44800561 0.28951785 -0.54220149 0.64922102
1779472222.91531968 1.23787872 1.66470902 -1.04442257 0.44779354 0.28852795 -0.54161956 0.65029287
1779472222.92562842 1.22888741 1.66088770 -1.06230439 0.44449775 0.28961814 -0.54331019 0.65065899
1779472222.93590689 1.22927318 1.65497597 -1.07070446 0.44366380 0.28842015 -0.54411838 0.65108481
1779472222.94619513 1.23023308 1.65550227 -1.06731092 0.44478442 0.28688923 -0.54244377 0.65239263
1779472222.95648265 1.23347603 1.66209721 -1.04997900 0.44827445 0.28510254 -0.53852765 0.65402945
1779472222.95666337 1.23602098 1.66291705 -1.04466993 0.44948960 0.28434561 -0.53761417 0.65427646
1779472222.96681833 1.23904281 1.66004497 -1.04507337 0.45001847 0.28268057 -0.53720301 0.65497176
1779472222.97704911 1.23964973 1.65689994 -1.04848257 0.44999343 0.28117182 -0.53685375 0.65592406
1779472222.98732662 1.24691456 1.65267685 -1.04587114 0.45140596 0.27907273 -0.53677653 0.65591312
1779472222.99766517 1.24388814 1.65455392 -1.04503950 0.45188562 0.27873117 -0.53532626 0.65691257
1779472223.00795221 1.24813633 1.65225624 -1.04238400 0.45319142 0.27682349 -0.53450506 0.65748813
1779472223.01822114 1.25021571 1.64875229 -1.04435623 0.45355507 0.27537535 -0.53435088 0.65797063
1779472223.02850008 1.24925570 1.64869058 -1.04452254 0.45381843 0.27458134 -0.53344298 0.65885697
1779472223.03877783 1.24485845 1.64933920 -1.04735174 0.45348882 0.27418710 -0.53235911 0.66012355
1779472223.04907084 1.24635597 1.64668956 -1.04809798 0.45392102 0.27263945 -0.53177853 0.66093497
1779472223.05935860 1.24636144 1.64534824 -1.04903102 0.45407920 0.27164753 -0.53116024 0.66173144
1779472223.05951929 1.24718093 1.64544679 -1.04750829 0.45450672 0.27121794 -0.53072577 0.66196271
1779472223.06967926 1.24605695 1.64496597 -1.04822030 0.45464710 0.27057036 -0.52999811 0.66271389
1779472223.07994151 1.24487150 1.64280899 -1.05064798 0.45447972 0.26924617 -0.52916830 0.66402982
1779472223.09046745 1.24211163 1.64219937 -1.05327638 0.45427047 0.26870093 -0.52837236 0.66502691
1779472223.10076213 1.24218156 1.64035751 -1.05464674 0.45429216 0.26758359 -0.52777626 0.66593533
1779472223.11105418 1.23868468 1.63949793 -1.05867502 0.45372035 0.26696566 -0.52701660 0.66717366
1779472223.12135935 1.23563370 1.63980873 -1.05950177 0.45373734 0.26638961 -0.52577137 0.66837375
1779472223.13171792 1.23548164 1.63792664 -1.06088151 0.45386466 0.26529330 -0.52507816 0.66926770
1779472223.14198565 1.23420818 1.63622339 -1.06341594 0.45363089 0.26459163 -0.52466611 0.67002668
1779472223.15232825 1.23306522 1.63532740 -1.06425251 0.45384411 0.26387686 -0.52390101 0.67076245
1779472223.16263628 1.22277384 1.63228756 -1.08103083 0.45066725 0.26491135 -0.52489204 0.67172119
1779472223.17330575 1.22898954 1.63380566 -1.06813230 0.45374691 0.26268520 -0.52233976 0.67251126
1779472223.18364167 1.22914881 1.63178787 -1.06953709 0.45382987 0.26184373 -0.52201407 0.67303612
1779472223.19395804 1.22727166 1.63018716 -1.07245983 0.45369820 0.26151835 -0.52173894 0.67346460
1779472223.20421648 1.21706953 1.63191532 -1.08114365 0.45198231 0.26268531 -0.52111900 0.67464317
1779472223.21455956 1.21618098 1.62630362 -1.08988316 0.45080238 0.26232416 -0.52226000 0.67469085
1779472223.22488403 1.22380788 1.63051691 -1.07097537 0.45494191 0.25967914 -0.51855567 0.67579185
1779472223.23513389 1.21366438 1.62781488 -1.08698772 0.45201158 0.26118929 -0.51969436 0.67630131
1779472223.24545074 1.21390972 1.62455006 -1.09041621 0.45176724 0.26038740 -0.51973538 0.67674212
1779472223.24562144 1.21502067 1.62443385 -1.08882321 0.45220342 0.25991847 -0.51934792 0.67692850
1779472223.25577641 1.21250142 1.63063143 -1.08040476 0.45378401 0.25967238 -0.51648317 0.67815593
1779472223.26602650 1.21545721 1.62922926 -1.07679960 0.45500166 0.25818868 -0.51536696 0.67875547
1779472223.27630043 1.21780678 1.62954040 -1.07157538 0.45650894 0.25707926 -0.51390512 0.67927267
1779472223.28653359 1.21149639 1.62733632 -1.08225664 0.45454154 0.25782151 -0.51458977 0.67979220
1779472223.29687142 1.20954259 1.62979722 -1.07903131 0.45545864 0.25769038 -0.51296623 0.68045481
1779472223.30717015 1.20894232 1.62837710 -1.08137616 0.45543697 0.25710057 -0.51252210 0.68102684
1779472223.31742835 1.20726741 1.62255846 -1.09237667 0.45388628 0.25728223 -0.51413938 0.68077441
1779472223.32774782 1.20991521 1.61739827 -1.09591950 0.45389786 0.25606651 -0.51441912 0.68101368
1779472223.33801436 1.21059313 1.62653224 -1.07943361 0.45717076 0.25497250 -0.50994728 0.68259629
1779472223.34833384 1.22047362 1.62524605 -1.06829842 0.46016480 0.25286034 -0.50886097 0.68218071
1779472223.34849167 1.22161218 1.62596066 -1.06553115 0.46084801 0.25253825 -0.50827567 0.68227516
1779472223.35861921 1.21131203 1.62636728 -1.07845761 0.45838724 0.25460071 -0.50898081 0.68264057
1779472223.36893439 1.21956384 1.62441482 -1.07137344 0.46063652 0.25242214 -0.50787952 0.68275578
1779472223.37922192 1.21525104 1.63151963 -1.06611222 0.46201592 0.25356026 -0.50581165 0.68293708
1779472223.38948131 1.22199854 1.63641032 -1.04954618 0.46569585 0.25185766 -0.50287325 0.68323758
1779472223.39980674 1.20168528 1.64528752 -1.06280015 0.46304694 0.25695779 -0.50266659 0.68329095
1779472223.41004109 1.20351040 1.64399852 -1.06393980 0.46365012 0.25665829 -0.50261682 0.68303106
1779472223.42029786 1.20670458 1.65345056 -1.04425100 0.46760194 0.25557944 -0.49836463 0.68385691
1779472223.43059969 1.20522516 1.64821242 -1.05716412 0.46597058 0.25628356 -0.50047278 0.68316701
1779472223.44086218 1.20328755 1.65629562 -1.04737385 0.46797713 0.25623863 -0.49719008 0.68420844
1779472223.45120311 1.20070327 1.65738309 -1.05001201 0.46784023 0.25645395 -0.49645125 0.68475765
1779472223.46149278 1.20149911 1.65961009 -1.04622161 0.46879141 0.25588713 -0.49510381 0.68529454
1779472223.47177410 1.19923118 1.66048464 -1.04832779 0.46858763 0.25555635 -0.49394045 0.68639596
1779472223.48203731 1.19850903 1.66089793 -1.04933676 0.46856163 0.25481407 -0.49277709 0.68752493
1779472223.49230838 1.19683984 1.66193197 -1.04983257 0.46842898 0.25397130 -0.49126394 0.68900843
1779472223.50265312 1.19690472 1.66057415 -1.05271027 0.46805642 0.25280920 -0.49035890 0.69033242
1779472223.51292849 1.19693072 1.65951352 -1.05454372 0.46779777 0.25144754 -0.48911141 0.69188829
1779472223.52320218 1.19829990 1.65654662 -1.05827959 0.46731385 0.25031740 -0.48895044 0.69273836
1779472223.52360654 1.19860742 1.65674402 -1.05755758 0.46749347 0.24995344 -0.48846577 0.69309041
1779472223.53364563 1.19545422 1.65872376 -1.05807967 0.46725277 0.24976153 -0.48701806 0.69433956
1779472223.54403877 1.19694169 1.65482114 -1.06310545 0.46649886 0.24807268 -0.48654934 0.69577906
1779472223.55439019 1.19574677 1.65317852 -1.06748708 0.46571734 0.24711772 -0.48566999 0.69725523
1779472223.56473851 1.19754563 1.65155395 -1.06839562 0.46577047 0.24597995 -0.48501851 0.69807505
1779472223.56503415 1.19706755 1.65201791 -1.06822717 0.46578716 0.24582329 -0.48455122 0.69844352
1779472223.57516813 1.19813485 1.65236331 -1.06661982 0.46620641 0.24468231 -0.48313433 0.69954512
1779472223.58555508 1.19823207 1.65140594 -1.06869406 0.46592849 0.24352294 -0.48189067 0.70099116
1779472223.59592438 1.20158488 1.66200014 -1.04617216 0.47013953 0.24148864 -0.47622172 0.70275524
1779472223.60634804 1.20050226 1.64904118 -1.07111025 0.46594355 0.24142257 -0.48011348 0.70292446
1779472223.61674285 1.20078325 1.64942016 -1.07115028 0.46616858 0.24058105 -0.47872346 0.70401099
1779472223.62705970 1.20241610 1.65144116 -1.06662445 0.46727206 0.23941887 -0.47661176 0.70510755
1779472223.63741207 1.20592033 1.64772358 -1.06955654 0.46713921 0.23809435 -0.47656493 0.70567550
1779472223.63760710 1.20566896 1.64808186 -1.06957461 0.46718146 0.23798313 -0.47619515 0.70593462
1779472223.64770842 1.20654559 1.65137060 -1.06415875 0.46838053 0.23728820 -0.47414415 0.70675407
1779472223.65805817 1.20994616 1.64897930 -1.06544395 0.46869334 0.23619325 -0.47370360 0.70720874
1779472223.66838884 1.20947839 1.65216265 -1.06226078 0.46945329 0.23546056 -0.47137938 0.70850082
1779472223.67874813 1.21665309 1.66048135 -1.03910598 0.47402434 0.23301782 -0.46653036 0.70947378
1779472223.68914127 1.21453046 1.65587552 -1.05253732 0.47194348 0.23322276 -0.46753804 0.71013004
1779472223.69975090 1.21664351 1.65685310 -1.05012085 0.47278684 0.23223804 -0.46590045 0.71096756
1779472223.71034908 1.21719476 1.65709934 -1.05127020 0.47289138 0.23162318 -0.46470615 0.71187965
1779472223.72089195 1.21818933 1.66070447 -1.04577271 0.47413428 0.23070407 -0.46212845 0.71302848
1779472223.73131847 1.21726979 1.65917024 -1.05134070 0.47333187 0.23053060 -0.46189428 0.71376905
1779472223.74194884 1.22001497 1.66143188 -1.04581215 0.47458693 0.22907347 -0.45940301 0.71501152
1779472223.75245667 1.21887499 1.66283965 -1.04705544 0.47452440 0.22868371 -0.45776532 0.71622711
1779472223.76296878 1.22099179 1.66282802 -1.04618464 0.47502013 0.22772386 -0.45631454 0.71712953
1779472223.77340007 1.22268548 1.66449770 -1.04344631 0.47568185 0.22645768 -0.45403451 0.71853766
1779472223.78384399 1.22167010 1.66490789 -1.04519173 0.47555970 0.22652407 -0.45324897 0.71909331
1779472223.79427814 1.22402006 1.66559639 -1.04286552 0.47616458 0.22516744 -0.45121008 0.72040016
1779472223.80464101 1.22119870 1.66916436 -1.04229588 0.47620929 0.22480538 -0.44862215 0.72209793
1779472223.81498814 1.22130117 1.67228910 -1.03779098 0.47698846 0.22385883 -0.44617196 0.72339465
1779472223.81525588 1.21936632 1.67325486 -1.03904077 0.47680486 0.22437951 -0.44594083 0.72349688
1779472223.82545018 1.22616908 1.67166297 -1.03448589 0.47795222 0.22211585 -0.44442124 0.72437283
1779472223.83599877 1.22542464 1.67080698 -1.03820715 0.47745339 0.22198532 -0.44365044 0.72521380
1779472223.84644675 1.22721767 1.67128013 -1.03658218 0.47810199 0.22143169 -0.44227852 0.72579350
1779472223.85692310 1.23085243 1.66950418 -1.03650927 0.47833089 0.21988236 -0.44088005 0.72696361
1779472223.86754894 1.23370867 1.66861118 -1.03515922 0.47877936 0.21884797 -0.43978500 0.72764349
1779472223.87799907 1.23542226 1.66805394 -1.03573669 0.47881356 0.21777561 -0.43827588 0.72885226
1779472223.88863826 1.23666476 1.66889984 -1.03428918 0.47930401 0.21720723 -0.43667201 0.72966173
1779472223.89921355 1.24113472 1.66717452 -1.03346721 0.47970563 0.21552164 -0.43519891 0.73077688
1779472223.90965557 1.24275779 1.66858240 -1.03110203 0.48029392 0.21467015 -0.43323444 0.73180762
1779472223.92029738 1.24398747 1.67128959 -1.02676474 0.48137386 0.21436406 -0.43161362 0.73214543
1779472223.93092918 1.24373547 1.67151779 -1.03069200 0.48089745 0.21422497 -0.43070892 0.73303146
1779472223.94137764 1.24849940 1.67278068 -1.02559986 0.48221413 0.21281344 -0.42880224 0.73369518
1779472223.95201302 1.24655578 1.68044217 -1.01842707 0.48342902 0.21235664 -0.42490327 0.73529467
1779472223.96248317 1.25522001 1.67384557 -1.02296573 0.48325835 0.21023938 -0.42552016 0.73565846
1779472223.97294450 1.25152988 1.67750652 -1.02450208 0.48298972 0.21101604 -0.42402582 0.73647489
1779472223.98354840 1.25698959 1.67511567 -1.02548332 0.48310614 0.20922400 -0.42320630 0.73738064
1779472223.99400496 1.25815743 1.67427401 -1.02923072 0.48248750 0.20827672 -0.42205465 0.73871273
1779472224.00441384 1.25900993 1.67308374 -1.03438377 0.48121985 0.20644203 -0.42011299 0.74115735
1779472224.01474452 1.26080773 1.67140712 -1.03751934 0.48099356 0.20643810 -0.42028076 0.74121022
1779472224.02506351 1.26176531 1.67152407 -1.04000486 0.48058215 0.20562446 -0.41902636 0.74241248
1779472224.03539133 1.26514235 1.66619317 -1.04797816 0.47926670 0.20422666 -0.41908784 0.74361299
1779472224.04578352 1.26621943 1.66416436 -1.05358066 0.47836086 0.20355903 -0.41854979 0.74468160
1779472224.05611134 1.26733119 1.66431708 -1.05378187 0.47846476 0.20322911 -0.41772333 0.74516885
1779472224.06647873 1.26880406 1.66183654 -1.05944528 0.47757691 0.20254211 -0.41731362 0.74615436
1779472224.07678223 1.26462704 1.66342610 -1.06556090 0.47654382 0.20344570 -0.41641927 0.74706815
1779472224.08711123 1.27165178 1.65794882 -1.06803926 0.47638949 0.20162009 -0.41673023 0.74748800
1779472224.08729410 1.27169211 1.65679656 -1.07065498 0.47590427 0.20142737 -0.41669923 0.74786623
1779472224.09741855 1.27037224 1.65973342 -1.06976289 0.47630777 0.20198963 -0.41568254 0.74802348
1779472224.10772061 1.26962802 1.66012958 -1.07321857 0.47580736 0.20191945 -0.41465965 0.74892808
1779472224.11801076 1.27708109 1.65437654 -1.07577355 0.47576347 0.20010977 -0.41492196 0.74929631
1779472224.12836027 1.27406553 1.65595040 -1.07939785 0.47507209 0.20048614 -0.41389712 0.75020063
1779472224.13865376 1.27713875 1.65418283 -1.08097217 0.47503730 0.19958152 -0.41325569 0.75081723
1779472224.14898968 1.28511852 1.64686261 -1.08525002 0.47476914 0.19784657 -0.41419807 0.75092673
1779472224.15938616 1.28525994 1.64582336 -1.08885486 0.47391892 0.19679600 -0.41271459 0.75255489
1779472224.16970444 1.28608829 1.64393618 -1.09238837 0.47351388 0.19665412 -0.41272331 0.75284210
1779472224.18006420 1.29933906 1.63456847 -1.09314116 0.47371486 0.19314358 -0.41316544 0.75338178
1779472224.19035363 1.29711138 1.63517963 -1.09683765 0.47318242 0.19348945 -0.41228502 0.75410961
1779472224.20065069 1.29853883 1.63226343 -1.10078863 0.47229421 0.19236352 -0.41156810 0.75534505
1779472224.21097112 1.30496574 1.62767728 -1.10166431 0.47247899 0.19075686 -0.41146263 0.75569434
1779472224.22131348 1.30943448 1.62508804 -1.10274257 0.47270440 0.18993873 -0.41132209 0.75583594
1779472224.23165560 1.31044048 1.62294344 -1.10657757 0.47200568 0.18913519 -0.41046523 0.75693911
1779472224.24194598 1.31085219 1.62409125 -1.10559926 0.47246422 0.18923391 -0.40970225 0.75704171
1779472224.25228858 1.31695383 1.61963550 -1.10650437 0.47260076 0.18767504 -0.40948396 0.75746253
1779472224.26260018 1.32454525 1.61438122 -1.10731362 0.47284429 0.18591148 -0.40960614 0.75767936
1779472224.27293086 1.32070963 1.61891838 -1.10576092 0.47327217 0.18691168 -0.40806039 0.75800013
1779472224.28322291 1.32458368 1.61519207 -1.10847446 0.47298560 0.18575973 -0.40771239 0.75864916
1779472224.29354119 1.33340063 1.61225639 -1.10346064 0.47437992 0.18386473 -0.40716950 0.75853177
1779472224.30388260 1.33453361 1.61157849 -1.10458359 0.47433394 0.18349765 -0.40657248 0.75896953
1779472224.30403566 1.33119708 1.61398453 -1.10522215 0.47422721 0.18426051 -0.40592625 0.75919728
1779472224.31413341 1.33416426 1.61290958 -1.10437495 0.47466797 0.18368658 -0.40550820 0.75928431
1779472224.32437873 1.33550430 1.61190702 -1.10615457 0.47458960 0.18321007 -0.40471247 0.75987275
1779472224.33472657 1.34091925 1.60968478 -1.10438165 0.47520237 0.18177960 -0.40392501 0.76025224
1779472224.34503675 1.34216659 1.61106902 -1.10206965 0.47586979 0.18147757 -0.40287854 0.76046218
1779472224.35532069 1.34475366 1.61041936 -1.10227236 0.47623808 0.18098651 -0.40224059 0.76068632
1779472224.36566830 1.35093898 1.60851497 -1.09964667 0.47722233 0.17969761 -0.40171996 0.76065017
1779472224.37610030 1.35270183 1.61147628 -1.09549289 0.47832335 0.17926569 -0.40002890 0.76095168
1779472224.38645315 1.35667106 1.61187793 -1.09150753 0.47951400 0.17857858 -0.39932551 0.76073330
1779472224.39675808 1.36231580 1.61120252 -1.08812939 0.48063489 0.17734603 -0.39848536 0.76075483
1779472224.40706539 1.36270060 1.61519023 -1.08398352 0.48191108 0.17756310 -0.39700656 0.76067000
1779472224.41731834 1.36704852 1.61413936 -1.08230888 0.48261890 0.17670073 -0.39662925 0.76061888
1779472224.42763257 1.36674978 1.61776704 -1.07987593 0.48349354 0.17690545 -0.39516523 0.76077782
1779472224.43791199 1.37018190 1.61873107 -1.07666996 0.48469075 0.17653000 -0.39441920 0.76049032
1779472224.44822311 1.37508899 1.61593634 -1.07705938 0.48505634 0.17565991 -0.39466235 0.76033254
1779472224.44837499 1.37601384 1.61586003 -1.07677727 0.48530021 0.17565840 -0.39467595 0.76017020
1779472224.45849538 1.37132742 1.62179603 -1.07476655 0.48563355 0.17626367 -0.39240943 0.76099015
1779472224.46885681 1.37473268 1.62129553 -1.07380560 0.48625399 0.17565643 -0.39182387 0.76103609
1779472224.47912621 1.37987730 1.61890439 -1.07306327 0.48682503 0.17461036 -0.39166239 0.76099487
1779472224.48942518 1.37858400 1.62145102 -1.07228531 0.48700934 0.17454283 -0.39020046 0.76164316
1779472224.49987364 1.37884621 1.62029076 -1.07627113 0.48649317 0.17431557 -0.38976742 0.76224657
1779472224.51013422 1.38221634 1.61801004 -1.07715357 0.48657743 0.17334858 -0.38935154 0.76262576
1779472224.52046609 1.38077333 1.61983698 -1.07766848 0.48656531 0.17348576 -0.38829640 0.76314009
1779472224.52066565 1.38233899 1.61936616 -1.07653177 0.48677936 0.17297884 -0.38797552 0.76328184
1779472224.53082371 1.38419641 1.61812102 -1.07698507 0.48690427 0.17243469 -0.38759761 0.76351726
1779472224.54111886 1.38510633 1.61746187 -1.07875273 0.48661501 0.17168497 -0.38653983 0.76440635
1779472224.55143523 1.38599659 1.61715994 -1.07928416 0.48661203 0.17101440 -0.38544384 0.76511166
1779472224.56179285 1.39015265 1.61590037 -1.07660834 0.48719209 0.16970158 -0.38462864 0.76544501
1779472224.57208776 1.39243833 1.61353348 -1.07878491 0.48694035 0.16874574 -0.38404220 0.76611067
1779472224.58240366 1.39509997 1.61405436 -1.07549805 0.48759181 0.16751990 -0.38242366 0.76677471
1779472224.59273958 1.39281119 1.61535871 -1.07783454 0.48723876 0.16775615 -0.38147515 0.76741969
1779472224.59294486 1.39447695 1.61372145 -1.07846745 0.48716534 0.16723058 -0.38146622 0.76758543
1779472224.60312724 1.39685712 1.61445510 -1.07487300 0.48785550 0.16616670 -0.38010922 0.76805118
1779472224.61342454 1.39981256 1.61234900 -1.07556146 0.48795079 0.16511342 -0.37942622 0.76855535
1779472224.62379789 1.40005562 1.61384767 -1.07459960 0.48839632 0.16486003 -0.37820462 0.76892879
1779472224.63407850 1.39886936 1.61422489 -1.07681932 0.48810090 0.16476740 -0.37736403 0.76954896
1779472224.64436698 1.40085672 1.61442509 -1.07543893 0.48873251 0.16418996 -0.37642350 0.76973212
1779472224.65471625 1.40226861 1.61712700 -1.07093533 0.48991601 0.16377027 -0.37490267 0.76981140
1779472224.66506672 1.40327287 1.61787688 -1.07069572 0.49027790 0.16327923 -0.37380480 0.77021909
1779472224.67532444 1.40231265 1.61926460 -1.07104963 0.49052165 0.16349336 -0.37301353 0.77040206
1779472224.68559146 1.40124238 1.62098653 -1.07182565 0.49089413 0.16388890 -0.37222715 0.77046111
1779472224.69589138 1.39938223 1.62362134 -1.07230520 0.49120841 0.16429937 -0.37104516 0.77074348
1779472224.70623994 1.40237322 1.62305925 -1.07048280 0.49195990 0.16365823 -0.37063286 0.77059894
1779472224.71656489 1.39839431 1.62548035 -1.07367398 0.49166353 0.16430548 -0.36943462 0.77122548
1779472224.72692537 1.39750354 1.62729149 -1.07361926 0.49228796 0.16480530 -0.36878337 0.77103217
1779472224.73723364 1.39772315 1.62743648 -1.07419501 0.49266338 0.16498861 -0.36856320 0.77085843
1779472224.74751806 1.39716525 1.62680630 -1.07741758 0.49255033 0.16512202 -0.36825498 0.77104939
1779472224.75783587 1.39587563 1.62707589 -1.08015302 0.49263545 0.16564227 -0.36799894 0.77100566
1779472224.76809168 1.39814433 1.62616681 -1.07930133 0.49330593 0.16517934 -0.36761414 0.77085984
1779472224.77838302 1.39636771 1.62496493 -1.08428813 0.49271142 0.16549257 -0.36759172 0.77118350
1779472224.78877807 1.39321439 1.62524810 -1.08867914 0.49249421 0.16645030 -0.36748234 0.77116826
1779472224.79905629 1.39514427 1.62188684 -1.09155476 0.49256331 0.16612928 -0.36782384 0.77103053
1779472224.80947208 1.39522967 1.62000804 -1.09475983 0.49249098 0.16616430 -0.36789001 0.77103762
1779472224.81978726 1.39513875 1.61705729 -1.09924111 0.49198912 0.16607789 -0.36814563 0.77125458
1779472224.83005142 1.39613105 1.61434537 -1.10208132 0.49198551 0.16585194 -0.36831959 0.77122245
1779472224.84037781 1.39592151 1.61255302 -1.10459760 0.49178617 0.16573088 -0.36820352 0.77143101
1779472224.84055829 1.39452358 1.61301521 -1.10560674 0.49167600 0.16595257 -0.36795752 0.77157094
1779472224.85071492 1.39449111 1.60794279 -1.11360358 0.49072107 0.16615369 -0.36913805 0.77157170
1779472224.86103249 1.39428993 1.60544976 -1.11724270 0.49049010 0.16606211 -0.36914212 0.77173631
1779472224.87133479 1.39574799 1.60054979 -1.12215459 0.49007897 0.16561909 -0.36969662 0.77182727
1779472224.88169241 1.39284350 1.59934423 -1.12771043 0.48957552 0.16630474 -0.36975649 0.77197065
1779472224.89203644 1.39600529 1.59460622 -1.12989014 0.48961443 0.16555284 -0.37034990 0.77182311
1779472224.90241551 1.39559994 1.59070842 -1.13595717 0.48905480 0.16564845 -0.37090154 0.77189250
1779472224.91275334 1.39594207 1.59000141 -1.13627178 0.48956766 0.16561308 -0.37064765 0.77169692
1779472224.92311645 1.39624017 1.58488712 -1.14297453 0.48877541 0.16549166 -0.37152761 0.77180201
1779472224.92331457 1.39540101 1.58573293 -1.14281140 0.48898183 0.16575579 -0.37132147 0.77171378
1779472224.93342376 1.39372531 1.58408840 -1.14712325 0.48858942 0.16607014 -0.37144915 0.77183328
1779472224.94373369 1.39236639 1.58242463 -1.15117867 0.48834173 0.16626097 -0.37138436 0.77198012
1779472224.95407510 1.39311568 1.57861845 -1.15569861 0.48810682 0.16600980 -0.37180373 0.77198087
1779472224.96440792 1.39052701 1.57741579 -1.16085287 0.48774865 0.16681491 -0.37222115 0.77183253
1779472224.97471929 1.39060771 1.57533725 -1.16399813 0.48777962 0.16674407 -0.37233600 0.77177287
1779472224.98502088 1.39016991 1.57136042 -1.17035768 0.48745139 0.16716936 -0.37337377 0.77138679
1779472224.99532294 1.39060914 1.56701740 -1.17644948 0.48694698 0.16724244 -0.37445140 0.77116714
1779472224.99551845 1.39066528 1.56672368 -1.17663420 0.48695076 0.16702442 -0.37418772 0.77133997
1779472225.00568724 1.38968942 1.56431133 -1.18145087 0.48659352 0.16730483 -0.37470788 0.77125213
1779472225.01600528 1.39011770 1.55996199 -1.18677328 0.48625946 0.16714889 -0.37536354 0.77117780
1779472225.02628660 1.39067136 1.55560899 -1.19232956 0.48576018 0.16669381 -0.37577234 0.77139184
1779472225.03659177 1.38830387 1.55299557 -1.19933964 0.48499757 0.16730977 -0.37650107 0.77138301
1779472225.04687881 1.38972260 1.54756388 -1.20528752 0.48456815 0.16687736 -0.37734315 0.77133508
1779472225.05714607 1.38862065 1.54498298 -1.21018974 0.48439222 0.16713899 -0.37787206 0.77112998
1779472225.06741834 1.38791368 1.54080034 -1.21689631 0.48356362 0.16713043 -0.37856541 0.77131179
1779472225.07774925 1.38413429 1.53963386 -1.22352981 0.48284739 0.16774317 -0.37852501 0.77164723
1779472225.08800697 1.38577910 1.53246397 -1.23111201 0.48196855 0.16697027 -0.37953289 0.77186918
1779472225.09834981 1.38413750 1.52975719 -1.23644094 0.48162991 0.16724137 -0.37990944 0.77183662
1779472225.10870743 1.38286988 1.52528219 -1.24426258 0.48038653 0.16702551 -0.38039537 0.77241868
1779472225.11901426 1.38367972 1.51904498 -1.25135346 0.47961603 0.16653106 -0.38127663 0.77256974
1779472225.12927914 1.38255397 1.51403846 -1.25928568 0.47867822 0.16645080 -0.38197129 0.77282548
1779472225.13961053 1.38491963 1.50999057 -1.26127894 0.47830779 0.16499835 -0.38141347 0.77364137
1779472225.14992428 1.38242729 1.50518477 -1.27038028 0.47703161 0.16511235 -0.38194927 0.77414050
1779472225.16017294 1.38382731 1.49827219 -1.27787918 0.47610578 0.16439355 -0.38283758 0.77442458
1779472225.17050767 1.38425536 1.49353553 -1.28325353 0.47553137 0.16382130 -0.38308748 0.77477512
1779472225.18081808 1.38400835 1.49170550 -1.28600499 0.47531048 0.16348527 -0.38281913 0.77511420
1779472225.19102716 1.38366327 1.48770954 -1.29131324 0.47465543 0.16290468 -0.38261262 0.77573956
1779472225.20130610 1.38335932 1.48339225 -1.29714174 0.47405708 0.16261309 -0.38287321 0.77603799
1779472225.21161222 1.38256353 1.48185406 -1.30048214 0.47379559 0.16259790 -0.38282651 0.77622389
1779472225.22187924 1.38315106 1.47818852 -1.30429598 0.47356332 0.16203903 -0.38275894 0.77651576
1779472225.23216581 1.38291735 1.47530532 -1.30822493 0.47307389 0.16137722 -0.38212245 0.77726503
1779472225.24247408 1.38208759 1.47399185 -1.31109244 0.47283515 0.16127582 -0.38174475 0.77761686
1779472225.25276542 1.38092607 1.47395781 -1.31253990 0.47285801 0.16093010 -0.38052673 0.77827130
1779472225.26305199 1.38097162 1.46938229 -1.31870466 0.47214130 0.16059743 -0.38085001 0.77861693
1779472225.27341318 1.38020987 1.46640856 -1.32319944 0.47170047 0.16031369 -0.38052908 0.77909935
1779472225.28372765 1.37797781 1.46591990 -1.32650253 0.47140525 0.16060137 -0.38008986 0.77943312
1779472225.29404926 1.37496209 1.46574661 -1.33062956 0.47077472 0.16058415 -0.37885322 0.78041920
1779472225.30431914 1.37460823 1.46104889 -1.33682966 0.47000454 0.16023793 -0.37896504 0.78090014
1779472225.31463718 1.37293742 1.46208763 -1.33768987 0.47018563 0.16048234 -0.37813495 0.78114329
1779472225.32495475 1.37152195 1.46128692 -1.34032658 0.46995385 0.16026542 -0.37713729 0.78180934
1779472225.33522940 1.36839448 1.46311144 -1.34202778 0.47003433 0.16072651 -0.37588532 0.78226910
1779472225.34554386 1.36640854 1.46220339 -1.34526311 0.46976611 0.16096398 -0.37554672 0.78254397
1779472225.34569693 1.36616387 1.46145325 -1.34640485 0.46959762 0.16084279 -0.37534663 0.78276598
1779472225.35586953 1.36461084 1.46368248 -1.34564812 0.46999906 0.16098172 -0.37408194 0.78310183
1779472225.36614084 1.36361968 1.46075881 -1.35041840 0.46955976 0.16094958 -0.37391134 0.78345337
1779472225.37635756 1.35970541 1.46164344 -1.35367409 0.46932599 0.16159921 -0.37294963 0.78391797
1779472225.38663006 1.35819558 1.46021869 -1.35706710 0.46899641 0.16169785 -0.37260899 0.78425679
1779472225.39690685 1.35507802 1.46332917 -1.35676381 0.46937938 0.16210619 -0.37089482 0.78475577
1779472225.40717268 1.35047532 1.46348081 -1.36179241 0.46902140 0.16317759 -0.37059147 0.78489105
1779472225.41752195 1.34977857 1.46453215 -1.36129589 0.46935152 0.16310118 -0.36948408 0.78523160
1779472225.42784357 1.34399145 1.46302627 -1.36908753 0.46822979 0.16402941 -0.36911429 0.78588158
1779472225.43809819 1.34060728 1.46247669 -1.37350618 0.46787593 0.16466371 -0.36866429 0.78617086
1779472225.44840503 1.33862181 1.46184753 -1.37638921 0.46789677 0.16505328 -0.36829017 0.78625211
1779472225.45871878 1.33304651 1.46357518 -1.38088363 0.46739688 0.16623140 -0.36764395 0.78660359
1779472225.46901274 1.33325228 1.46086334 -1.38422557 0.46738083 0.16606147 -0.36762047 0.78665998
1779472225.47924089 1.32828965 1.46226133 -1.38892563 0.46731567 0.16744249 -0.36744273 0.78648898
1779472225.48958135 1.32624286 1.46447883 -1.38904893 0.46778147 0.16789811 -0.36660902 0.78650400
1779472225.49991083 1.32414278 1.46473643 -1.39262125 0.46795644 0.16857568 -0.36655418 0.78628051
1779472225.51018143 1.32168898 1.46736357 -1.39420474 0.46866319 0.16950675 -0.36617311 0.78583684
1779472225.52050972 1.31882677 1.46727583 -1.39875312 0.46860318 0.17040251 -0.36644763 0.78555087
1779472225.52066588 1.31888373 1.46957063 -1.39654026 0.46930894 0.17055778 -0.36601853 0.78529586
1779472225.53081536 1.32029450 1.47030879 -1.39598980 0.47047442 0.17083422 -0.36638180 0.78436845
1779472225.54102826 1.31754923 1.47385139 -1.39758251 0.47133504 0.17197371 -0.36610998 0.78372942
1779472225.55132079 1.31491331 1.47741758 -1.39899815 0.47217176 0.17300620 -0.36570938 0.78318538
1779472225.56168818 1.31339149 1.48043668 -1.39909750 0.47295421 0.17365107 -0.36526327 0.78277862
1779472225.57200098 1.31508225 1.47930107 -1.40151382 0.47351014 0.17351304 -0.36556143 0.78233382
1779472225.58228135 1.31292835 1.48479869 -1.40026879 0.47468934 0.17432889 -0.36447168 0.78194621
1779472225.59260488 1.31530238 1.48289908 -1.40199107 0.47501835 0.17383347 -0.36468094 0.78175911
1779472225.60291052 1.31315588 1.48299643 -1.40696037 0.47473825 0.17419774 -0.36436481 0.78199554
1779472225.61318302 1.31349297 1.48385591 -1.40815895 0.47532316 0.17425963 -0.36403751 0.78177884
1779472225.62348580 1.31501023 1.48271725 -1.41047529 0.47556922 0.17384868 -0.36382605 0.78181913
1779472225.63380432 1.31365210 1.48155114 -1.41477328 0.47517245 0.17396103 -0.36372199 0.78208377
1779472225.64407635 1.31627266 1.48061954 -1.41544800 0.47557009 0.17320932 -0.36316504 0.78226771
1779472225.65436745 1.31525819 1.48063176 -1.41863379 0.47551866 0.17328432 -0.36265559 0.78251867
1779472225.66477013 1.31522352 1.47676441 -1.42421586 0.47484586 0.17307127 -0.36296526 0.78283074
1779472225.67510200 1.31452127 1.47675176 -1.42675603 0.47484034 0.17302168 -0.36229718 0.78315446
1779472225.68537641 1.31554866 1.47641447 -1.42787181 0.47500081 0.17250558 -0.36132950 0.78361792
1779472225.69563746 1.31633441 1.47317500 -1.43233189 0.47461418 0.17205970 -0.36120343 0.78400824
1779472225.70596838 1.31776546 1.47391206 -1.43115748 0.47506860 0.17151446 -0.36011508 0.78435307
1779472225.71630931 1.31835387 1.47342558 -1.43291994 0.47521232 0.17126435 -0.35944143 0.78462961
1779472225.72663045 1.32104970 1.47299054 -1.43210568 0.47571920 0.17057610 -0.35879297 0.78476917
1779472225.73689365 1.32032938 1.47194636 -1.43579760 0.47537987 0.17043469 -0.35801066 0.78536257
1779472225.74720502 1.32175091 1.47198099 -1.43587554 0.47571232 0.16990042 -0.35682211 0.78581780
1779472225.75745559 1.32563623 1.47028965 -1.43553961 0.47627225 0.16897077 -0.35623230 0.78594667
1779472225.76772690 1.32554576 1.47342693 -1.43412148 0.47704818 0.16904816 -0.35476919 0.78612122
1779472225.77807546 1.32721300 1.46979091 -1.43766488 0.47661286 0.16844487 -0.35469188 0.78654954
1779472225.78833365 1.32901161 1.46882318 -1.43874282 0.47686457 0.16800608 -0.35397249 0.78681485
1779472225.79856515 1.33106937 1.46903227 -1.43813081 0.47707413 0.16713337 -0.35230734 0.78762063
1779472225.80890346 1.33199698 1.46831716 -1.43924776 0.47718535 0.16690039 -0.35178734 0.78783505
1779472225.81921053 1.33233800 1.46660704 -1.44252523 0.47691364 0.16669633 -0.35119121 0.78830860
1779472225.82967186 1.33616444 1.46602167 -1.44067377 0.47762419 0.16590196 -0.35058724 0.78831482
1779472225.83003759 1.33457753 1.46594453 -1.44292337 0.47718462 0.16610014 -0.35024217 0.78869259
1779472225.84009099 1.34201176 1.46245386 -1.44097336 0.47784707 0.16428333 -0.34956892 0.78897068
1779472225.85047746 1.34113460 1.46204576 -1.44370339 0.47760470 0.16443900 -0.34898977 0.78934131
1779472225.86080408 1.34380016 1.46086460 -1.44430198 0.47793033 0.16388195 -0.34830961 0.78956046
1779472225.87113523 1.34859880 1.45608756 -1.44654788 0.47764345 0.16250177 -0.34783148 0.79022982
1779472225.88148212 1.34761617 1.45541085 -1.44976692 0.47704180 0.16237679 -0.34681766 0.79106410
1779472225.88167310 1.34927670 1.45561744 -1.44840935 0.47732120 0.16200429 -0.34640683 0.79115194
1779472225.89178896 1.35662052 1.44659534 -1.45159238 0.47733403 0.16058957 -0.34789807 0.79077819
1779472225.90207028 1.35975647 1.44433219 -1.45300950 0.47706901 0.15949414 -0.34672518 0.79167445
1779472225.91242123 1.36036796 1.44368646 -1.45541587 0.47658193 0.15895804 -0.34518272 0.79274895
1779472225.92273569 1.36372566 1.44180123 -1.45642504 0.47622036 0.15782576 -0.34412821 0.79365041
1779472225.93307853 1.36679360 1.44184036 -1.45558283 0.47646002 0.15696667 -0.34264714 0.79431748
1779472225.94335628 1.37156763 1.43399466 -1.46154151 0.47561671 0.15568198 -0.34304269 0.79490476
1779472225.95366192 1.37410779 1.43254886 -1.46316455 0.47508289 0.15464652 -0.34176784 0.79597453
1779472225.96397614 1.38136729 1.42986726 -1.46182595 0.47549448 0.15293741 -0.34086978 0.79644394
1779472225.97423029 1.37830892 1.43039135 -1.46772579 0.47435259 0.15321513 -0.33929749 0.79774178
1779472225.98456001 1.38543357 1.42512175 -1.46937090 0.47458418 0.15181376 -0.33948932 0.79779035
1779472225.99487591 1.38853130 1.42877695 -1.46532015 0.47543208 0.15116698 -0.33763912 0.79819340
1779472226.00519800 1.39076462 1.42849493 -1.46691389 0.47547500 0.15071923 -0.33667629 0.79865907
1779472226.01551414 1.39890241 1.42649117 -1.46453880 0.47633381 0.14916013 -0.33603672 0.79870938
1779472226.02588248 1.39739271 1.42334321 -1.47205295 0.47509140 0.14931392 -0.33587203 0.79948952
1779472226.03624129 1.40056710 1.42355632 -1.47220411 0.47551703 0.14887430 -0.33495042 0.79970508
1779472226.04651451 1.40511641 1.42186350 -1.47277669 0.47571842 0.14796341 -0.33418187 0.80007580
1779472226.05696416 1.40811026 1.42083668 -1.47426671 0.47562200 0.14728992 -0.33313834 0.80069235
1779472226.06727624 1.41178346 1.41903039 -1.47499074 0.47572695 0.14656434 -0.33273898 0.80092917
1779472226.07762527 1.41748735 1.41593152 -1.47534022 0.47558098 0.14506515 -0.33160449 0.80175887
1779472226.08795404 1.42335401 1.41149172 -1.47709799 0.47523648 0.14362199 -0.33093425 0.80249955
1779472226.09833765 1.42399590 1.41140867 -1.47961203 0.47492009 0.14351266 -0.32984191 0.80315586
1779472226.10860801 1.42932686 1.40779544 -1.47998397 0.47457252 0.14194333 -0.32887375 0.80403673
1779472226.11889839 1.43613752 1.40370987 -1.47981356 0.47465223 0.14038864 -0.32828888 0.80450153
1779472226.12914324 1.44212027 1.40139794 -1.47897411 0.47455496 0.13873658 -0.32674711 0.80547258
1779472226.13939953 1.44599710 1.39880353 -1.47990656 0.47414733 0.13757560 -0.32578991 0.80629907
1779472226.14964795 1.45413290 1.39667801 -1.47658327 0.47455928 0.13556188 -0.32423676 0.80702354
1779472226.15998459 1.46029252 1.39634051 -1.47342845 0.47502365 0.13403616 -0.32252693 0.80769005
1779472226.17026258 1.46732125 1.39287538 -1.47181286 0.47511925 0.13226145 -0.32168178 0.80826322
1779472226.18049645 1.47408821 1.39281678 -1.46779403 0.47562677 0.13053044 -0.31970547 0.80902991
1779472226.19074917 1.48241487 1.39037214 -1.46448433 0.47592552 0.12841409 -0.31810154 0.80982475
1779472226.20108151 1.48708866 1.39224598 -1.46005212 0.47658737 0.12724376 -0.31626357 0.81033997
1779472226.20125723 1.49158176 1.39074015 -1.45744234 0.47686385 0.12608218 -0.31581111 0.81053532
1779472226.21135116 1.49633467 1.39120352 -1.45454574 0.47721579 0.12488220 -0.31426524 0.81111459
1779472226.22165036 1.50710592 1.39074033 -1.44657166 0.47863459 0.12255567 -0.31273812 0.81122371
1779472226.23189402 1.51339043 1.39082900 -1.44300778 0.47892356 0.12085245 -0.31062319 0.81212077
1779472226.24222279 1.51999373 1.38946055 -1.43966144 0.47932036 0.11924049 -0.30941993 0.81258415
1779472226.25253582 1.52901773 1.38891238 -1.43377105 0.48008020 0.11700800 -0.30753409 0.81317582
1779472226.26281476 1.53309092 1.39516692 -1.42621740 0.48120905 0.11595788 -0.30426422 0.81388875
1779472226.27303934 1.53918861 1.39372297 -1.42342949 0.48164248 0.11458714 -0.30345485 0.81412865
1779472226.28332210 1.54316099 1.39867186 -1.41731204 0.48219445 0.11326650 -0.30002595 0.81525680
1779472226.29358339 1.54643292 1.40363906 -1.41199945 0.48327268 0.11273155 -0.29779328 0.81551105
1779472226.30384016 1.53829545 1.41313293 -1.41389494 0.48292184 0.11449251 -0.29490595 0.81652216
1779472226.30401516 1.54148595 1.41137421 -1.41284976 0.48302086 0.11375847 -0.29481157 0.81660027
1779472226.31421757 1.54321991 1.41600683 -1.40883223 0.48350493 0.11312856 -0.29244496 0.81725202
1779472226.32457852 1.55079714 1.41801088 -1.40121515 0.48458580 0.11128207 -0.29022958 0.81765500
1779472226.33490157 1.55724314 1.42329481 -1.39061209 0.48567089 0.10901869 -0.28633683 0.81868793
1779472226.34524274 1.56685600 1.42081044 -1.38505900 0.48596150 0.10640537 -0.28480218 0.81939431
1779472226.35557795 1.57563989 1.42260420 -1.37563048 0.48755628 0.10447239 -0.28290103 0.81935425
1779472226.36590362 1.59082650 1.41872866 -1.36549569 0.48822300 0.10026746 -0.28067368 0.82024815
1779472226.37619281 1.60632697 1.41643571 -1.35222709 0.48997991 0.09653668 -0.27884336 0.82027235
1779472226.38649416 1.60689242 1.41995388 -1.35085363 0.49004507 0.09631724 -0.27698970 0.82088703
1779472226.39680862 1.61643922 1.42142030 -1.34054793 0.49143294 0.09396113 -0.27474896 0.82108342
1779472226.40713716 1.62311438 1.42322303 -1.33342366 0.49124472 0.09122643 -0.27102434 0.82274065
1779472226.41748405 1.63369655 1.42800888 -1.31589163 0.49416225 0.08870951 -0.26870506 0.82202913
1779472226.42782354 1.63342987 1.44703953 -1.29684550 0.49564667 0.08676014 -0.26061537 0.82394580
1779472226.43818736 1.63954724 1.43788554 -1.30451545 0.49480432 0.08623266 -0.26233928 0.82396038
1779472226.44858265 1.64861964 1.44041288 -1.29312115 0.49610759 0.08364680 -0.25961584 0.82430582
1779472226.45898366 1.65114526 1.44398034 -1.28829863 0.49643050 0.08258563 -0.25727861 0.82495096
1779472226.46928382 1.66409867 1.44508370 -1.27241713 0.49803372 0.07862845 -0.25405527 0.82537016
1779472226.47954535 1.66939143 1.45423134 -1.25802302 0.49964844 0.07655189 -0.24977089 0.82589694
1779472226.48979878 1.67632052 1.45183132 -1.25466583 0.50036807 0.07524057 -0.24972734 0.82559488
1779472226.50010347 1.69409315 1.46018114 -1.22059033 0.50443321 0.06934239 -0.24398707 0.82535391
1779472226.51039147 1.70072511 1.46428811 -1.20960597 0.50547235 0.06694935 -0.24079357 0.82585346
1779472226.52069664 1.70656741 1.46603398 -1.20197934 0.50652657 0.06535864 -0.23925990 0.82578071
1779472226.53104544 1.70980465 1.47437163 -1.19115522 0.50756554 0.06365970 -0.23532342 0.82640641
1779472226.54132652 1.71600431 1.47171166 -1.18974849 0.50773910 0.06225757 -0.23475648 0.82656784
1779472226.55159354 1.72236879 1.48525850 -1.16525375 0.51016575 0.05881416 -0.22834491 0.82712176
1779472226.56192446 1.72507346 1.48766943 -1.16115581 0.51068503 0.05797221 -0.22683965 0.82727492
1779472226.57219028 1.72847004 1.49680124 -1.14737824 0.51196253 0.05595453 -0.22241094 0.82782657
1779472226.58246827 1.72514143 1.50803366 -1.14239571 0.51173522 0.05538719 -0.21770333 0.82925544
1779472226.59279084 1.72806048 1.50892158 -1.13896849 0.51238917 0.05461732 -0.21673871 0.82915536
1779472226.59294605 1.72820999 1.51178725 -1.13590009 0.51263091 0.05422246 -0.21552623 0.82934789
1779472226.60307026 1.73099747 1.51456892 -1.13030162 0.51254263 0.05258896 -0.21282021 0.83020601
1779472226.61336040 1.73518590 1.52058412 -1.11833116 0.51470763 0.05157856 -0.21075740 0.82945586
1779472226.62362933 1.73869435 1.52700088 -1.10696890 0.51561788 0.04956864 -0.20700624 0.82995757
1779472226.63393593 1.73859990 1.53326933 -1.10041792 0.51593876 0.04862291 -0.20390535 0.83058149
1779472226.64429021 1.74030422 1.53932188 -1.09236256 0.51610002 0.04689172 -0.20013955 0.83149630
1779472226.65451980 1.73007162 1.54797437 -1.10108440 0.51460534 0.04884960 -0.19732344 0.83298171
1779472226.66479683 1.74270182 1.55044688 -1.07622113 0.51777129 0.04476825 -0.19460043 0.83188903
1779472226.67508745 1.74001193 1.55893076 -1.07079984 0.51821177 0.04453725 -0.19122066 0.83241075
1779472226.68535113 1.74065806 1.56763050 -1.05912565 0.51921514 0.04310212 -0.18722750 0.83276870
1779472226.69562149 1.72972428 1.58176387 -1.05943240 0.51810942 0.04388696 -0.18191536 0.83459174
1779472226.70595407 1.74839308 1.57044570 -1.04452814 0.52055356 0.03985336 -0.18341601 0.83294314
1779472226.71618557 1.74309538 1.57589220 -1.05018378 0.51918379 0.04049497 -0.18101226 0.83429186
1779472226.72644997 1.74867795 1.58289217 -1.02902725 0.52121603 0.03708169 -0.17640761 0.83416974
1779472226.73673153 1.74952143 1.58418884 -1.02865027 0.52136242 0.03692765 -0.17570143 0.83423413
1779472226.74702239 1.74396050 1.59081535 -1.02950315 0.52045720 0.03680855 -0.17213578 0.83554695
1779472226.75727367 1.73965358 1.60789624 -1.01105684 0.52206070 0.03527067 -0.16564348 0.83592514
1779472226.76756883 1.74496731 1.60505173 -1.00774952 0.52330292 0.03468784 -0.16644839 0.83501242
1779472226.77786732 1.75776034 1.60033945 -0.99365805 0.52464177 0.03077571 -0.16530292 0.83455306
1779472226.78815031 1.75712290 1.60654852 -0.98507677 0.52597424 0.03008363 -0.16271810 0.83424750
1779472226.79846621 1.75610500 1.61178226 -0.98167323 0.52623091 0.02963230 -0.16044436 0.83454213
1779472226.80875778 1.74621859 1.62893060 -0.97089027 0.52688279 0.02947600 -0.15442164 0.83527220
1779472226.81912136 1.76247957 1.61193318 -0.97082928 0.52735216 0.02671812 -0.15774510 0.83444732
1779472226.82942581 1.75746789 1.62170633 -0.96465355 0.52807551 0.02662789 -0.15419885 0.83465557
1779472226.83978820 1.75484998 1.62719503 -0.96126224 0.52834889 0.02634848 -0.15190159 0.83491264
1779472226.85007167 1.73896026 1.64765295 -0.95767277 0.52820211 0.02775155 -0.14554304 0.83609186
1779472226.86038637 1.74134323 1.64745209 -0.95489997 0.52897667 0.02713083 -0.14505149 0.83570788
1779472226.87072062 1.73708678 1.64952002 -0.96098276 0.52816712 0.02773506 -0.14385644 0.83640635
1779472226.88106513 1.73611840 1.65308254 -0.95690064 0.52858236 0.02711513 -0.14202693 0.83647702
1779472226.89138031 1.73690884 1.65373444 -0.95524103 0.52929266 0.02682675 -0.14146494 0.83613233
1779472226.90165925 1.73545990 1.65498423 -0.95628858 0.52902072 0.02643954 -0.14003939 0.83655663
1779472226.91199017 1.73979253 1.65322711 -0.95089268 0.52858572 0.02384517 -0.13807080 0.83723652
1779472226.92222929 1.73985496 1.65453636 -0.94824014 0.52864934 0.02278973 -0.13631793 0.83751294
1779472226.93248105 1.73942059 1.65485337 -0.94832853 0.52963481 0.02326246 -0.13651909 0.83684429
1779472226.94280124 1.73509817 1.65933220 -0.94719871 0.52879963 0.02235807 -0.13317951 0.83793454
1779472226.95311713 1.74110250 1.65114020 -0.95030624 0.52865507 0.02144357 -0.13480104 0.83779035
1779472226.96342802 1.74734564 1.65448616 -0.93024040 0.53141838 0.01864374 -0.13257663 0.83646300
1779472226.97370267 1.74575937 1.64277528 -0.95512569 0.52850547 0.02033847 -0.13550483 0.83779876
1779472226.98397183 1.74622805 1.64829915 -0.94238032 0.52864519 0.01753723 -0.13123300 0.83845370
1779472226.99429321 1.75157359 1.64423501 -0.93826419 0.53009056 0.01674261 -0.13223387 0.83739948
1779472227.00463223 1.75043929 1.63845280 -0.94967512 0.52877693 0.01725989 -0.13310228 0.83808164
1779472227.01490927 1.75139319 1.63522335 -0.95248484 0.52773563 0.01625268 -0.13238803 0.83887089
1779472227.01513410 1.75120930 1.63489069 -0.95332040 0.52764142 0.01622782 -0.13228403 0.83894703
1779472227.02526522 1.75132743 1.63613615 -0.94979608 0.52807479 0.01552962 -0.13115993 0.83886407
1779472227.03550220 1.75139223 1.63167391 -0.95609227 0.52791844 0.01597907 -0.13212463 0.83880265
1779472227.04575872 1.75007494 1.63368697 -0.95333075 0.52786786 0.01500515 -0.13006414 0.83917441
1779472227.05606532 1.75639277 1.62023613 -0.96437320 0.52702388 0.01478603 -0.13338250 0.83918789
1779472227.06639576 1.76593873 1.61441876 -0.95367648 0.52812608 0.01161627 -0.13297126 0.83860989
1779472227.07669759 1.76597050 1.61442139 -0.95213553 0.52868014 0.01110464 -0.13222863 0.83838510
1779472227.08699584 1.75920905 1.62226395 -0.95237471 0.52906719 0.01224188 -0.13036988 0.83841621
1779472227.08718419 1.75634876 1.62356699 -0.95547174 0.52896590 0.01300629 -0.13026332 0.83848517
1779472227.09727573 1.74725221 1.62209603 -0.97638796 0.52558124 0.01485924 -0.12968838 0.84066907
1779472227.10753846 1.74745415 1.62491920 -0.96997525 0.52725746 0.01442147 -0.12877491 0.83976700
1779472227.11778855 1.74748572 1.62549528 -0.96887787 0.52739309 0.01381426 -0.12786444 0.83983116
1779472227.11793995 1.74900061 1.61882073 -0.97774434 0.52636915 0.01409289 -0.12951322 0.84021618
1779472227.12800217 1.74881833 1.61397413 -0.98657664 0.52558949 0.01452828 -0.13053031 0.84053938
1779472227.13825846 1.74876286 1.61045339 -0.99275811 0.52495095 0.01443473 -0.13070994 0.84091203
1779472227.14857197 1.74507812 1.61914206 -0.98446079 0.52638173 0.01403893 -0.12787067 0.84046075
1779472227.15894127 1.74496992 1.61784353 -0.98717841 0.52636917 0.01400295 -0.12792295 0.84046126
1779472227.16923308 1.75692220 1.60360848 -0.98772274 0.52712691 0.01203506 -0.13104710 0.83953501
1779472227.17953134 1.75634723 1.59830277 -0.99784895 0.52514149 0.01152586 -0.13070657 0.84083849
1779472227.18985057 1.75401136 1.60382626 -0.99359913 0.52659022 0.01191319 -0.12974099 0.84007624
1779472227.19001532 1.75298659 1.60264177 -0.99756950 0.52602024 0.01212680 -0.12981978 0.84041803
1779472227.20014930 1.75268702 1.59795936 -1.00487382 0.52561617 0.01250336 -0.13084821 0.84050583
1779472227.21041346 1.75049112 1.60173946 -1.00289652 0.52556721 0.01182247 -0.12858681 0.84089522
1779472227.22067380 1.75547679 1.58877699 -1.01401605 0.52448546 0.01123989 -0.13114211 0.84118393
1779472227.23100615 1.75222269 1.59355322 -1.01270530 0.52455148 0.01113283 -0.12918302 0.84144730
1779472227.24123359 1.73867239 1.59920623 -1.02799423 0.52249000 0.01360374 -0.12717780 0.84299760
1779472227.25148892 1.74553682 1.58554535 -1.03759265 0.52089082 0.01210577 -0.12906485 0.84372298
1779472227.26174164 1.73969441 1.59404151 -1.03351647 0.52155735 0.01236037 -0.12631101 0.84372429
1779472227.27204108 1.75558962 1.58021846 -1.02610087 0.52219046 0.00826303 -0.12778301 0.84316093
1779472227.28230309 1.74884081 1.58327904 -1.03345287 0.52108932 0.00904485 -0.12601359 0.84409993
1779472227.29258418 1.74849719 1.57588283 -1.04579309 0.51951816 0.00941771 -0.12716268 0.84489162
1779472227.30287385 1.74641719 1.57984673 -1.04281288 0.51953087 0.00855086 -0.12461496 0.84527254
1779472227.31321311 1.74876150 1.57895871 -1.03948683 0.51995941 0.00720613 -0.12352377 0.84518173
1779472227.32349467 1.74624036 1.58093739 -1.04077415 0.51952288 0.00682200 -0.12166522 0.84572277
1779472227.33375907 1.74825829 1.58192124 -1.03499440 0.52012803 0.00545899 -0.12022508 0.84556665
1779472227.34400964 1.74882707 1.58017237 -1.03670018 0.51979579 0.00470490 -0.11936995 0.84589657
1779472227.35426712 1.75111333 1.57761499 -1.03635087 0.51961283 0.00345871 -0.11848956 0.84613874
1779472227.36452723 1.74871701 1.58331692 -1.03103379 0.52010285 0.00284836 -0.11596470 0.84618976
1779472227.37483430 1.74870913 1.58563127 -1.02681204 0.52067891 0.00192238 -0.11418497 0.84608012
1779472227.38512230 1.75011660 1.58136692 -1.03081884 0.51987041 0.00111976 -0.11375019 0.84663711
1779472227.39540696 1.74832649 1.58708869 -1.02396356 0.52041024 0.00020399 -0.11097746 0.84667417
1779472227.40572214 1.74697493 1.58484468 -1.02941542 0.51972907 0.00021654 -0.11044220 0.84716242
1779472227.41600418 1.75807078 1.57811807 -1.01900921 0.52045460 -0.00336967 -0.10990255 0.84678042
1779472227.42631984 1.75690474 1.58107079 -1.01519812 0.52106755 -0.00396759 -0.10808041 0.84663540
1779472227.43653822 1.75728504 1.58079012 -1.01442171 0.52071619 -0.00487154 -0.10673926 0.84701691
1779472227.44681931 1.75471606 1.58476404 -1.01156743 0.52108548 -0.00518138 -0.10464282 0.84704956
1779472227.45700264 1.74552613 1.59870391 -1.00528749 0.52138265 -0.00503614 -0.09960561 0.84747478
1779472227.46726322 1.74329063 1.58984339 -1.02382500 0.51880059 -0.00395458 -0.10095551 0.84890417
1779472227.47753763 1.73819624 1.60585653 -1.00535408 0.52130119 -0.00490730 -0.09589969 0.84795297
1779472227.48781729 1.73565078 1.60819573 -1.00534017 0.52070960 -0.00547380 -0.09359302 0.84857050
1779472227.49801493 1.73562311 1.60368182 -1.01203045 0.51982883 -0.00542830 -0.09390829 0.84907582
1779472227.50831294 1.73403299 1.61015510 -1.00370584 0.52023278 -0.00675414 -0.09050984 0.84918797
1779472227.51856852 1.73049300 1.61153766 -1.00660733 0.51940891 -0.00684763 -0.08867599 0.84988474
1779472227.52884102 1.73085592 1.60742757 -1.01254854 0.51860286 -0.00686844 -0.08896779 0.85034618
1779472227.52904439 1.72964729 1.60884883 -1.01236300 0.51829229 -0.00706814 -0.08797706 0.85063693
1779472227.53910637 1.73233536 1.60185788 -1.01905605 0.51715833 -0.00759095 -0.08871639 0.85124558
1779472227.54937077 1.72839908 1.60989594 -1.01222290 0.51774435 -0.00820880 -0.08538476 0.85122432
1779472227.55960774 1.72749376 1.60488447 -1.02246653 0.51625422 -0.00799032 -0.08559775 0.85210960
1779472227.56989908 1.72401805 1.61662929 -1.00887911 0.51808223 -0.00880731 -0.08197332 0.85134812
1779472227.58023119 1.72035747 1.61928926 -1.01151559 0.51776796 -0.00859413 -0.08047826 0.85168406
1779472227.59053874 1.71941821 1.61881363 -1.01485375 0.51767871 -0.00854399 -0.08008021 0.85177633
1779472227.60082316 1.71793404 1.62445611 -1.00835787 0.51870617 -0.00915193 -0.07813720 0.85132528
1779472227.61106491 1.71970577 1.61950315 -1.01490120 0.51842819 -0.00917861 -0.07915085 0.85140067
1779472227.62129092 1.71659504 1.63065880 -1.00278952 0.52003674 -0.01022190 -0.07544369 0.85074412
1779472227.63158059 1.71159316 1.63683668 -1.00212142 0.52065418 -0.00967338 -0.07383520 0.85051397
1779472227.64187741 1.71238316 1.63865499 -0.99958297 0.52145080 -0.01035270 -0.07309710 0.85008159
1779472227.65210462 1.71163832 1.64075376 -0.99940533 0.52182844 -0.01068932 -0.07212645 0.84992858
1779472227.66235924 1.71746426 1.64178324 -0.98740841 0.52402705 -0.01257075 -0.07179428 0.84857717
1779472227.66253519 1.71537367 1.63968251 -0.99514481 0.52323649 -0.01172708 -0.07239751 0.84902571
1779472227.67265821 1.71441472 1.64691962 -0.98595040 0.52402514 -0.01306113 -0.06947165 0.84876425
1779472227.68301439 1.71238970 1.65274007 -0.98073909 0.52544294 -0.01328232 -0.06802304 0.84800128
1779472227.69332504 1.72357446 1.64873014 -0.96731623 0.52652933 -0.01721665 -0.06721919 0.84732050
1779472227.70362926 1.72594398 1.65269988 -0.95562185 0.52822588 -0.01885907 -0.06567018 0.84635051
1779472227.71396852 1.71934154 1.65552268 -0.96429894 0.52660075 -0.01822392 -0.06370283 0.84752669
1779472227.72429633 1.72145943 1.65729156 -0.95719674 0.52702990 -0.02008517 -0.06182827 0.84735667
1779472227.73460579 1.72249149 1.65755303 -0.95551482 0.52683186 -0.02128687 -0.06051596 0.84754521
1779472227.74491072 1.72587961 1.65831957 -0.94694446 0.52709435 -0.02353720 -0.05859884 0.84745721
1779472227.75520873 1.72597615 1.65734229 -0.94914545 0.52631387 -0.02435104 -0.05747504 0.84799608
1779472227.76551342 1.72497811 1.66186304 -0.94250388 0.52644651 -0.02581364 -0.05464367 0.84805766
1779472227.77581072 1.72866568 1.66113910 -0.93709934 0.52618682 -0.02789534 -0.05308112 0.84825213
1779472227.78611588 1.73138708 1.66313202 -0.92815080 0.52637403 -0.03032352 -0.05054054 0.84820783
1779472227.79642892 1.73787244 1.66374322 -0.91301975 0.52749600 -0.03362044 -0.04842151 0.84750988
1779472227.80673265 1.73182824 1.66630281 -0.92150692 0.52585241 -0.03300079 -0.04641350 0.84866718
1779472227.81698537 1.73595488 1.66837110 -0.90954681 0.52686738 -0.03533742 -0.04461796 0.84803966
1779472227.82731175 1.73923112 1.67083556 -0.89853180 0.52688722 -0.03835293 -0.04142403 0.84805835
1779472227.83761287 1.73978769 1.67410852 -0.89074058 0.52680989 -0.04044233 -0.03842080 0.84815069
1779472227.84793282 1.74062984 1.67653176 -0.88419776 0.52712504 -0.04185939 -0.03656982 0.84796794
1779472227.85827971 1.74557623 1.67119307 -0.88586148 0.52622304 -0.04346195 -0.03630328 0.84845887
1779472227.86858702 1.74832500 1.67317043 -0.87668883 0.52643042 -0.04584594 -0.03379247 0.84830845
1779472227.87890387 1.74368476 1.68453520 -0.86390996 0.52800773 -0.04672146 -0.03003890 0.84742115
1779472227.88919616 1.74775449 1.68092491 -0.86324485 0.52722040 -0.04842815 -0.02932008 0.84784061
1779472227.89950371 1.74429172 1.68927325 -0.85407492 0.52767435 -0.04969649 -0.02559306 0.84760547
1779472227.90980101 1.74634403 1.69239717 -0.84345034 0.52835362 -0.05184143 -0.02319456 0.84712274
1779472227.92007899 1.74101215 1.69999596 -0.83961356 0.52914676 -0.05157030 -0.02097496 0.84670199
1779472227.93039441 1.73997957 1.70402051 -0.83428822 0.52907028 -0.05293624 -0.01830388 0.84672744
1779472227.94070482 1.74144678 1.70629484 -0.82782502 0.52893364 -0.05487247 -0.01590072 0.84673808
1779472227.95103502 1.74741018 1.70399095 -0.82033847 0.52944361 -0.05704688 -0.01536606 0.84628542
1779472227.96134186 1.73828525 1.71326751 -0.82128045 0.52891459 -0.05653766 -0.01172445 0.84670856
1779472227.97165132 1.73254754 1.72603641 -0.80541359 0.52966763 -0.05865547 -0.00589642 0.84615422
1779472227.98196054 1.73890488 1.72238600 -0.80041755 0.52788486 -0.06229049 -0.00335733 0.84702196
1779472227.99223447 1.73775728 1.72630577 -0.79549480 0.52824649 -0.06308003 -0.00149627 0.84674336
1779472228.00255466 1.73977405 1.72841495 -0.78834118 0.52753320 -0.06560566 0.00157191 0.84699595
1779472228.01284051 1.73748707 1.73303086 -0.78377014 0.52779948 -0.06642701 0.00395554 0.84675824
1779472228.02315807 1.73931412 1.73540522 -0.77436131 0.52847702 -0.06821102 0.00581235 0.84618291
1779472228.03347874 1.73880206 1.73750240 -0.77297850 0.52765904 -0.06943144 0.00813461 0.84657489
1779472228.04378963 1.74074756 1.73957818 -0.76463236 0.52739461 -0.07185408 0.01095407 0.84650571
1779472228.05406642 1.74248608 1.74028143 -0.76113710 0.52626239 -0.07397219 0.01359220 0.84698953
1779472228.06436610 1.74001559 1.74612200 -0.75346548 0.52758025 -0.07438057 0.01538249 0.84610283
1779472228.07467675 1.74969990 1.74447568 -0.73344221 0.52847275 -0.07904265 0.01761282 0.84507905
1779472228.08501124 1.75899647 1.74205456 -0.71800170 0.52942176 -0.08257712 0.01871929 0.84412274
1779472228.09531713 1.76262912 1.74074342 -0.71401531 0.52957999 -0.08386202 0.01918036 0.84388643
1779472228.09550738 1.75995003 1.74372591 -0.71256342 0.52958876 -0.08391629 0.02049324 0.84384467
1779472228.10561705 1.75964483 1.74768361 -0.70308483 0.52919944 -0.08620501 0.02391192 0.84376826
1779472228.11595583 1.76489853 1.74377772 -0.70126623 0.52868410 -0.08787855 0.02438859 0.84390502
1779472228.12628675 1.76665318 1.74324014 -0.70016367 0.52726566 -0.08962802 0.02659134 0.84454168
1779472228.13660812 1.76753823 1.74477940 -0.69344773 0.52787822 -0.09080946 0.02794509 0.84398892
1779472228.14693904 1.77081495 1.74395129 -0.68820611 0.52749295 -0.09277767 0.02959182 0.84395960
1779472228.15724373 1.77104472 1.74533270 -0.68491554 0.52584186 -0.09491671 0.03291461 0.84462879
1779472228.16761303 1.77363910 1.74529143 -0.67759890 0.52704376 -0.09597601 0.03331291 0.84374388
1779472228.17788196 1.77570343 1.74569669 -0.67144850 0.52664358 -0.09795831 0.03546530 0.84367821
1779472228.18818378 1.77686616 1.74577075 -0.66936663 0.52516219 -0.09982696 0.03805622 0.84426949
1779472228.19850206 1.77946619 1.74585720 -0.66140132 0.52573032 -0.10153870 0.03945161 0.84364749
1779472228.20880055 1.78317458 1.74004505 -0.66738816 0.52454124 -0.10200784 0.03904611 0.84434963
1779472228.21905565 1.78005408 1.74198055 -0.67175408 0.52296758 -0.10211697 0.04121306 0.84520916
1779472228.22936296 1.78685016 1.74388881 -0.64852357 0.52414016 -0.10661787 0.04442519 0.84376307
1779472228.23966742 1.78836406 1.74414267 -0.64495385 0.52367452 -0.10794770 0.04597937 0.84379985
1779472228.25000405 1.78592501 1.74603561 -0.64896831 0.52276261 -0.10780366 0.04770534 0.84428776
1779472228.26030493 1.78847933 1.74491643 -0.64651721 0.52175700 -0.10949447 0.04956259 0.84458519
1779472228.27064085 1.78895660 1.74721726 -0.64164125 0.52142332 -0.11087387 0.05185401 0.84447372
1779472228.28097486 1.79130998 1.74494147 -0.64235918 0.52055584 -0.11182241 0.05269738 0.84483155
1779472228.29127717 1.79007305 1.75058472 -0.63469442 0.51980840 -0.11370234 0.05653741 0.84479259
1779472228.30160403 1.79085877 1.75321503 -0.62876315 0.51983840 -0.11495227 0.05864232 0.84446142
1779472228.31194043 1.79440668 1.75304209 -0.62200242 0.51952588 -0.11691126 0.06025086 0.84427155
1779472228.32225537 1.79363675 1.75714165 -0.61715639 0.51901559 -0.11817113 0.06311657 0.84420063
1779472228.33257556 1.78783872 1.76282728 -0.62465208 0.51698174 -0.11765019 0.06635212 0.84527256
1779472228.34291816 1.79077019 1.76413828 -0.61653332 0.51686472 -0.11973237 0.06854350 0.84487680
1779472228.35324860 1.79518961 1.76352170 -0.60954010 0.51650325 -0.12188164 0.07005566 0.84466648
1779472228.36356759 1.79309333 1.76823983 -0.60846614 0.51556873 -0.12263986 0.07301251 0.84487723
1779472228.37387848 1.78977741 1.77492597 -0.60676299 0.51528505 -0.12287348 0.07582025 0.84476903
1779472228.38417530 1.79055187 1.77651029 -0.60514232 0.51394451 -0.12426003 0.07820094 0.84516572
1779472228.39448714 1.78971546 1.78110563 -0.60076174 0.51382553 -0.12518549 0.08069862 0.84486664
1779472228.40481353 1.79154267 1.78324747 -0.59609497 0.51272413 -0.12714456 0.08349680 0.84497131
1779472228.41516376 1.79025656 1.78694844 -0.59705237 0.51253285 -0.12701215 0.08511191 0.84494613
1779472228.42546606 1.78799826 1.79162139 -0.59545114 0.51201729 -0.12747195 0.08748950 0.84494662
1779472228.43579841 1.78803794 1.79493639 -0.59257715 0.51102577 -0.12876387 0.09029177 0.84505617
1779472228.44605184 1.78812370 1.79773334 -0.59090360 0.50993907 -0.12989417 0.09290906 0.84525591
1779472228.45631623 1.78606823 1.80090667 -0.59363181 0.50908642 -0.12976905 0.09464512 0.84559642
1779472228.46656966 1.78852648 1.80286990 -0.58679518 0.50886841 -0.13156123 0.09680636 0.84520596
1779472228.47682071 1.78637793 1.80598768 -0.59024612 0.50748218 -0.13163573 0.09924163 0.84574522
1779472228.48703170 1.78596736 1.80858548 -0.58875481 0.50711290 -0.13215719 0.10091023 0.84568795
1779472228.49730015 1.78450864 1.81135024 -0.59170303 0.50558628 -0.13250634 0.10338383 0.84624841
1779472228.50758243 1.78483097 1.81262139 -0.59281677 0.50442600 -0.13319114 0.10535894 0.84658965
1779472228.51787353 1.78703027 1.81378928 -0.58861705 0.50332885 -0.13496443 0.10776188 0.84665934
1779472228.52818632 1.78581640 1.81566211 -0.59088793 0.50281055 -0.13483623 0.10899291 0.84683014
1779472228.53853154 1.78464199 1.81929712 -0.58849019 0.50211633 -0.13567380 0.11155172 0.84677508
1779472228.54883194 1.78550666 1.82079232 -0.58527739 0.50124074 -0.13704141 0.11385449 0.84676710
1779472228.55914402 1.78911490 1.81928615 -0.58314176 0.50039636 -0.13842752 0.11489886 0.84689997
1779472228.56945682 1.79045181 1.82153779 -0.57588520 0.49995410 -0.14029513 0.11735876 0.84651645
1779472228.57980371 1.78465547 1.82412502 -0.59312026 0.49779666 -0.13804681 0.11890287 0.84794084
1779472228.59000087 1.78951372 1.82284927 -0.58464811 0.49746240 -0.14044074 0.12031982 0.84754392
1779472228.59017491 1.79049487 1.82222602 -0.58440937 0.49716284 -0.14081961 0.12065655 0.84760896
1779472228.60028458 1.79610089 1.81944520 -0.57955462 0.49689029 -0.14257188 0.12109868 0.84741277
1779472228.61054301 1.79433429 1.82340515 -0.57864027 0.49534488 -0.14360849 0.12430600 0.84767805
1779472228.62077117 1.78777845 1.82884960 -0.58709486 0.49505164 -0.14177812 0.12591604 0.84791980
1779472228.63104868 1.79579637 1.82521801 -0.57661443 0.49412423 -0.14516080 0.12732738 0.84767761
1779472228.64134431 1.79775441 1.82691782 -0.56994090 0.49414944 -0.14671482 0.12909428 0.84712795
1779472228.65159559 1.79452386 1.83028291 -0.57561886 0.49241554 -0.14659356 0.13166671 0.84776243
1779472228.66184735 1.79432540 1.83238180 -0.57353527 0.49224485 -0.14712396 0.13304827 0.84755396
1779472228.67209411 1.80168341 1.83046852 -0.55966330 0.49242742 -0.15040956 0.13439869 0.84665766
1779472228.68236613 1.79666170 1.83632508 -0.56328948 0.49162549 -0.14987411 0.13701085 0.84679995
1779472228.69267392 1.79607884 1.83704776 -0.56709173 0.48955336 -0.15053734 0.13923088 0.84752037
1779472228.69289780 1.79690344 1.83802789 -0.56215559 0.49010737 -0.15120815 0.13962871 0.84701516
1779472228.70296502 1.80356577 1.83462978 -0.55467712 0.49030745 -0.15320371 0.13973130 0.84652371
1779472228.71323085 1.80633792 1.83750238 -0.54045039 0.49037078 -0.15607239 0.14244116 0.84551075
1779472228.72346210 1.80544430 1.83809539 -0.54666501 0.48896381 -0.15590632 0.14396287 0.84609828
1779472228.73377943 1.80416156 1.84155758 -0.54331171 0.48887914 -0.15653303 0.14573255 0.84572846
1779472228.74406266 1.81018209 1.83873370 -0.53749296 0.48835194 -0.15864662 0.14668196 0.84547504
1779472228.75432658 1.80781249 1.84400008 -0.53116979 0.48902172 -0.15928120 0.14873198 0.84461000
1779472228.76463580 1.81154090 1.84178671 -0.52999535 0.48786746 -0.16068015 0.14979090 0.84482538
1779472228.77493858 1.81133562 1.84476096 -0.52478433 0.48731095 -0.16204245 0.15221969 0.84445216
1779472228.78516912 1.80907315 1.84899095 -0.52216900 0.48768009 -0.16225369 0.15394711 0.84388515
1779472228.79549122 1.81274821 1.84765196 -0.51692497 0.48660994 -0.16430123 0.15551689 0.84381892
1779472228.79564238 1.81270226 1.84913929 -0.51305387 0.48683170 -0.16487186 0.15621193 0.84345124
1779472228.80574846 1.80904103 1.85348546 -0.51452154 0.48714402 -0.16418842 0.15746243 0.84317166
1779472228.81600761 1.81037328 1.85373192 -0.51291851 0.48619990 -0.16538424 0.15921290 0.84315418
1779472228.82625866 1.81186611 1.85414558 -0.50947299 0.48612839 -0.16630484 0.16017030 0.84283294
1779472228.83649421 1.81037047 1.85517262 -0.51063885 0.48398820 -0.16757727 0.16334181 0.84320385
1779472228.84683967 1.81535332 1.85654305 -0.49034342 0.48446467 -0.17149530 0.16567624 0.84168565
1779472228.85707307 1.81236492 1.85930324 -0.49673737 0.48322078 -0.17101022 0.16755137 0.84212809
1779472228.86729193 1.81407723 1.85759050 -0.49974248 0.48153707 -0.17181359 0.16879738 0.84268000
1779472228.87763643 1.81359321 1.86226999 -0.48652221 0.48329733 -0.17328845 0.17040947 0.84104424
1779472228.88797879 1.81831149 1.86166613 -0.47194241 0.48331519 -0.17652250 0.17223512 0.83998887
1779472228.89830709 1.82201136 1.86028409 -0.46741428 0.48180806 -0.17864597 0.17390341 0.84006203
1779472228.89846659 1.82084875 1.86327677 -0.45796788 0.48317250 -0.17948202 0.17465512 0.83894346
1779472228.90863252 1.82080843 1.86496245 -0.45366626 0.48312327 -0.18042259 0.17602687 0.83848323
1779472228.91890526 1.81947657 1.86625970 -0.45752953 0.48203464 -0.18047336 0.17762108 0.83876262
1779472228.92914867 1.82453948 1.86459493 -0.44622299 0.48154271 -0.18345383 0.17922616 0.83805685
1779472228.93948436 1.81739421 1.87236481 -0.44364981 0.48323839 -0.18246337 0.18072868 0.83697367
1779472228.94980383 1.82330840 1.87131045 -0.42813856 0.48235746 -0.18643685 0.18296829 0.83611912
1779472228.96002889 1.82147190 1.87620734 -0.41472863 0.48358747 -0.18820713 0.18521395 0.83451604
1779472228.97034931 1.81926562 1.87969603 -0.41182354 0.48372138 -0.18863406 0.18676451 0.83399630
1779472228.98062754 1.82182913 1.87758091 -0.41318328 0.48282829 -0.18952933 0.18754994 0.83413458
1779472228.99090552 1.82033145 1.88277399 -0.40059457 0.48309360 -0.19168105 0.19036771 0.83284998
1779472229.00121117 1.81926149 1.88631367 -0.39355575 0.48418651 -0.19247286 0.19157618 0.83175489
1779472229.01153517 1.81433299 1.89417452 -0.38153765 0.48520936 -0.19374227 0.19429915 0.83023108
1779472229.02175665 1.81409789 1.89662893 -0.37566225 0.48515528 -0.19508072 0.19604386 0.82953883
1779472229.03199315 1.81830145 1.89584652 -0.35956022 0.48615995 -0.19813745 0.19713023 0.82796722
1779472229.04226780 1.81792889 1.89925979 -0.34604044 0.48697502 -0.20025199 0.19895550 0.82654170
1779472229.05253172 1.81041143 1.90888788 -0.34145153 0.48725441 -0.20043221 0.20211757 0.82556560
1779472229.06280136 1.80772816 1.91454879 -0.33082917 0.48830750 -0.20174980 0.20409632 0.82413439
1779472229.07300758 1.80696843 1.91887837 -0.30942223 0.48941469 -0.20501689 0.20669506 0.82202098
1779472229.08334541 1.80446017 1.92359966 -0.29873393 0.48966024 -0.20685619 0.20924491 0.82076789
1779472229.09363198 1.79978311 1.92706100 -0.31525600 0.48854406 -0.20446370 0.21015080 0.82180042
1779472229.10396838 1.80148594 1.93267573 -0.27008869 0.49119695 -0.21117669 0.21361851 0.81761672
1779472229.11429501 1.79445589 1.93858622 -0.27822542 0.49076383 -0.20960406 0.21540281 0.81781332
1779472229.12457585 1.79085478 1.94322350 -0.27507426 0.48962816 -0.21076221 0.21831570 0.81742388
1779472229.13486814 1.78912999 1.94529893 -0.27496483 0.48851491 -0.21158691 0.22034327 0.81733286
1779472229.14525342 1.78812561 1.94871387 -0.25750351 0.48904689 -0.21444675 0.22266818 0.81563755
1779472229.15557003 1.78659496 1.95181608 -0.24959771 0.48895960 -0.21594728 0.22463797 0.81475337
1779472229.16586065 1.78309127 1.95636829 -0.24010365 0.48938802 -0.21730976 0.22690978 0.81350340
1779472229.17611098 1.77978614 1.95894797 -0.24814307 0.48851928 -0.21621064 0.22804460 0.81400094
1779472229.17629910 1.77702356 1.96172160 -0.24764924 0.48869764 -0.21598256 0.22878651 0.81374620
1779472229.18644023 1.77566534 1.96391891 -0.24107323 0.48882593 -0.21712685 0.23021259 0.81296205
1779472229.19673061 1.77406678 1.96645922 -0.23376851 0.48889166 -0.21846138 0.23196271 0.81206704
1779472229.20705318 1.76880945 1.97166890 -0.23317270 0.48789338 -0.21890288 0.23475060 0.81174733
1779472229.21734309 1.76665247 1.97395204 -0.23032964 0.48744648 -0.21966339 0.23638862 0.81133492
1779472229.22769880 1.76737188 1.97358335 -0.22388719 0.48695201 -0.22145661 0.23792824 0.81069406
1779472229.23807979 1.75927095 1.98293481 -0.20516777 0.48615747 -0.22474684 0.24303678 0.80874773
1779472229.24839044 1.74975620 1.99150688 -0.20289710 0.48601219 -0.22460352 0.24631832 0.80788161
1779472229.25875568 1.74687899 1.99539232 -0.18435419 0.48667241 -0.22741474 0.24880458 0.80593348
1779472229.26928616 1.74181429 2.00090754 -0.16276943 0.48816796 -0.23022646 0.25136915 0.80343100
1779472229.27959204 1.73625588 2.00672860 -0.15447563 0.48681972 -0.23224138 0.25504228 0.80251102
1779472229.28985286 1.73064491 2.01183391 -0.15004692 0.48629198 -0.23307662 0.25758619 0.80177600
1779472229.29004455 1.73482640 2.00801488 -0.14926751 0.48693313 -0.23326886 0.25635868 0.80172438
1779472229.30021620 1.73064697 2.01176205 -0.13937623 0.48675165 -0.23503772 0.25871604 0.80055987
1779472229.31051493 1.72147605 2.02007739 -0.12923106 0.48737710 -0.23598635 0.26191795 0.79885730
1779472229.32086515 1.70992692 2.03053737 -0.11539975 0.48596687 -0.23860341 0.26739529 0.79712255
1779472229.33122039 1.70664942 2.03322687 -0.11134328 0.48611206 -0.23922257 0.26866348 0.79642172
1779472229.34159231 1.70445399 2.03523502 -0.10214953 0.48681023 -0.24057709 0.27002188 0.79512681
1779472229.35194683 1.70102183 2.03763226 -0.10607847 0.48481694 -0.24106641 0.27240442 0.79538378
1779472229.36227870 1.69607488 2.04238760 -0.09512579 0.48439653 -0.24317703 0.27514420 0.79405328
1779472229.37264514 1.69239897 2.04514023 -0.08928806 0.48370108 -0.24459714 0.27727211 0.79330050
1779472229.38299513 1.68981010 2.04662390 -0.09145161 0.48464382 -0.24375059 0.27734550 0.79295996
1779472229.39334559 1.68222049 2.05236425 -0.08786420 0.48350712 -0.24477555 0.28063686 0.79217975
1779472229.40370083 1.67333123 2.05940879 -0.08454367 0.48304534 -0.24514420 0.28363438 0.79127938
1779472229.41402054 1.66871665 2.06253242 -0.08197718 0.48200560 -0.24621348 0.28592124 0.79075822
1779472229.42432880 1.66942823 2.06153284 -0.07296647 0.48151680 -0.24854690 0.28713523 0.78988567
1779472229.43463206 1.66242282 2.06729454 -0.06544919 0.48046781 -0.25017230 0.29039679 0.78881824
1779472229.44494820 1.66124526 2.06757704 -0.06338258 0.47952237 -0.25127622 0.29170776 0.78855890
1779472229.45531297 1.66436777 2.06404391 -0.06197183 0.47893566 -0.25243903 0.29186339 0.78848648
1779472229.46567678 1.65433130 2.07104478 -0.04489632 0.47740284 -0.25600777 0.29673149 0.78644578
1779472229.47600722 1.64568447 2.07756053 -0.03548814 0.47772798 -0.25706070 0.29932302 0.78492134
1779472229.47621393 1.65112845 2.07276909 -0.04205733 0.47899091 -0.25565100 0.29676120 0.78558454
1779472229.48636985 1.64387317 2.07729206 -0.05863015 0.47749667 -0.25317396 0.29848120 0.78664404
1779472229.49660611 1.64426302 2.07586484 -0.05370055 0.47580246 -0.25543319 0.30012125 0.78631618
1779472229.50692225 1.63845950 2.08050997 -0.04265827 0.47498562 -0.25772341 0.30294674 0.78497807
1779472229.50709486 1.63738830 2.08111021 -0.04271486 0.47482604 -0.25780560 0.30334299 0.78489460
1779472229.51720929 1.63514548 2.08168618 -0.04637925 0.47357708 -0.25802579 0.30457211 0.78510080
1779472229.52753544 1.63676465 2.07837594 -0.04183141 0.47411819 -0.25911587 0.30433748 0.78450596
1779472229.53785348 1.63552542 2.07822147 -0.04547872 0.47209885 -0.25989883 0.30598844 0.78482250
1779472229.54820013 1.63099831 2.08075538 -0.04812037 0.47226908 -0.25926859 0.30679719 0.78461277
1779472229.54836965 1.63123451 2.08021453 -0.04847647 0.47244608 -0.25921837 0.30661606 0.78459361
1779472229.55852079 1.63141437 2.07895350 -0.04242901 0.47277741 -0.26043642 0.30683285 0.78390560
1779472229.56877828 1.61251513 2.09269022 -0.04393589 0.47127287 -0.25997084 0.31228726 0.78281141
1779472229.57902741 1.60683252 2.09504448 -0.03244445 0.47026054 -0.26270924 0.31515677 0.78135465
1779472229.58934212 1.60356579 2.09614832 -0.04016563 0.46997281 -0.26158679 0.31560645 0.78172276
1779472229.59973979 1.60476477 2.09379792 -0.04420931 0.47066828 -0.26094811 0.31466977 0.78189539
1779472229.61006045 1.59882937 2.09667691 -0.04632465 0.46920477 -0.26144173 0.31695547 0.78168685
1779472229.62032247 1.60499521 2.09010748 -0.03996781 0.47069056 -0.26259613 0.31499173 0.78120028
1779472229.63059592 1.60610825 2.08752168 -0.04583111 0.46901955 -0.26309425 0.31560471 0.78179009
1779472229.64087749 1.58985633 2.09809872 -0.03241973 0.46732459 -0.26581439 0.32142335 0.77951105
1779472229.65114880 1.60386350 2.08531070 -0.04496868 0.46813378 -0.26465341 0.31678386 0.78131769
1779472229.66141605 1.59652765 2.08993361 -0.04037938 0.46678690 -0.26608009 0.31974890 0.78043066
1779472229.67170358 1.60466366 2.08146810 -0.04920533 0.46587565 -0.26615171 0.31796725 0.78167767
1779472229.68199444 1.60239941 2.08116846 -0.05309399 0.46535698 -0.26613168 0.31856096 0.78175171
1779472229.69226670 1.59249658 2.08771313 -0.05121799 0.46442028 -0.26661436 0.32162425 0.78088951
1779472229.70249438 1.58966464 2.08805079 -0.05304128 0.46306022 -0.26740300 0.32316060 0.78079324
1779472229.71272850 1.58925790 2.08629397 -0.05510839 0.46196843 -0.26816980 0.32386480 0.78088522
1779472229.72301269 1.58481987 2.08794685 -0.04768534 0.46195598 -0.26969884 0.32540264 0.77972581
1779472229.73328781 1.59633638 2.07722664 -0.06194665 0.46096703 -0.26903221 0.32257391 0.78171424
1779472229.74355435 1.59300149 2.07810734 -0.06565370 0.46113918 -0.26857312 0.32302003 0.78158634
1779472229.75384736 1.59160445 2.07767389 -0.06590417 0.46064848 -0.26914192 0.32369375 0.78140128
1779472229.76408625 1.58257212 2.08310786 -0.06965973 0.45922466 -0.26914169 0.32656501 0.78104466
1779472229.77439022 1.58294359 2.08076992 -0.07332015 0.45806505 -0.26975269 0.32704187 0.78131525
1779472229.78479004 1.58618483 2.07622145 -0.07221619 0.45887440 -0.27035305 0.32583807 0.78113575
1779472229.79509425 1.58552864 2.07526982 -0.08331163 0.45785225 -0.26929954 0.32596461 0.78204613
1779472229.80538106 1.57440046 2.08195736 -0.07958340 0.45608415 -0.27074456 0.33008372 0.78085170
1779472229.81566477 1.58372752 2.07268846 -0.08823895 0.45700880 -0.26989865 0.32670294 0.78202485
1779472229.82602143 1.57945338 2.07432282 -0.09162491 0.45654390 -0.26966690 0.32780451 0.78191536
1779472229.82621408 1.57677276 2.07588356 -0.09164299 0.45675969 -0.26950089 0.32824364 0.78166231
1779472229.83635974 1.57912635 2.07254737 -0.09211703 0.45629906 -0.27028268 0.32798625 0.78176944
1779472229.84665942 1.57864601 2.07083815 -0.09890677 0.45535019 -0.27013377 0.32834427 0.78222375
1779472229.85694218 1.57070735 2.07504259 -0.10003380 0.45382133 -0.27078503 0.33120107 0.78168249
1779472229.86724424 1.57216953 2.07221238 -0.10202045 0.45296795 -0.27146491 0.33135255 0.78187744
1779472229.87755251 1.56243637 2.07760377 -0.09593460 0.45217101 -0.27294505 0.33462174 0.78042980
1779472229.88783741 1.56962708 2.07008679 -0.10261949 0.45275983 -0.27247335 0.33209581 0.78133167
1779472229.89817905 1.56088705 2.07544034 -0.10224960 0.45133273 -0.27311624 0.33519002 0.78061126
1779472229.90851378 1.55835110 2.07486991 -0.11006220 0.45073648 -0.27246586 0.33563291 0.78099266
1779472229.91879439 1.56392570 2.06855516 -0.11015038 0.45170155 -0.27287045 0.33363835 0.78114844
1779472229.92908001 1.56002553 2.06923679 -0.11647083 0.45134743 -0.27222093 0.33432722 0.78128521
1779472229.93940091 1.55161025 2.07407968 -0.11372934 0.45024487 -0.27320427 0.33725965 0.78031719
1779472229.94975781 1.55289052 2.07125752 -0.11758386 0.45001616 -0.27326070 0.33690056 0.78058443
1779472229.96003175 1.54502906 2.07542039 -0.11654159 0.44916058 -0.27384649 0.33941450 0.77978245
1779472229.96019554 1.54162724 2.07745687 -0.11531264 0.44845810 -0.27438137 0.34080649 0.77939151
1779472229.97028804 1.54665737 2.07220754 -0.11809013 0.44800806 -0.27490031 0.33976907 0.77992024
1779472229.98054218 1.54289055 2.07311604 -0.12077644 0.44750999 -0.27496717 0.34080752 0.77972950
1779472229.99080682 1.53449542 2.07779782 -0.12029184 0.44490138 -0.27638962 0.34467544 0.77901886
1779472230.00107718 1.54149009 2.07096447 -0.11411324 0.44615473 -0.27782212 0.34255191 0.77872910
1779472230.00123858 1.53832358 2.07285331 -0.11264982 0.44588287 -0.27816832 0.34358604 0.77830552
1779472230.01140213 1.53287537 2.07527192 -0.11127415 0.44582817 -0.27851048 0.34493286 0.77761846
1779472230.02173924 1.52433214 2.07980852 -0.11483984 0.44537988 -0.27803910 0.34696325 0.77714061
1779472230.03209424 1.52039326 2.08106588 -0.10114956 0.44385374 -0.28167302 0.34986383 0.77540278
1779472230.04237604 1.51401139 2.08372129 -0.10700675 0.44292365 -0.28114543 0.35159864 0.77534140
1779472230.05264664 1.51713609 2.07965079 -0.10831708 0.44319883 -0.28144425 0.35061506 0.77552112
1779472230.06293178 1.51401535 2.08003095 -0.10435540 0.44017341 -0.28415481 0.35376057 0.77482699
1779472230.07319355 1.50873703 2.08220780 -0.11030908 0.43928402 -0.28355457 0.35523603 0.77487658
1779472230.08346677 1.51203784 2.07743888 -0.10355565 0.43968337 -0.28538374 0.35463669 0.77425285
1779472230.09378839 1.50688399 2.07905634 -0.11024277 0.43988148 -0.28425421 0.35521755 0.77428956
1779472230.10404325 1.49699330 2.08487091 -0.10593118 0.43815894 -0.28573894 0.35907304 0.77294020
1779472230.11430216 1.50169092 2.07914323 -0.11327130 0.43938579 -0.28448927 0.35660851 0.77384517
1779472230.12455916 1.49876517 2.07939585 -0.10253078 0.43852334 -0.28723492 0.35864323 0.77237841
1779472230.13481808 1.48392845 2.08849665 -0.10039295 0.43750109 -0.28758143 0.36295602 0.77081298
1779472230.14500165 1.49078395 2.08151652 -0.10335450 0.43811212 -0.28758869 0.36078336 0.77148291
1779472230.15526867 1.48552544 2.08328240 -0.09513564 0.43815538 -0.28919321 0.36245315 0.77007458
1779472230.16553974 1.47993116 2.08537791 -0.10345609 0.43700974 -0.28838362 0.36410032 0.77025212
1779472230.17586875 1.47656051 2.08611936 -0.09501217 0.43710463 -0.29000056 0.36536928 0.76898928
1779472230.18614435 1.46004863 2.09612637 -0.09352246 0.43644249 -0.29001845 0.36973819 0.76726848
1779472230.19640541 1.47206626 2.08572356 -0.09483304 0.43658260 -0.29096701 0.36688725 0.76819762
1779472230.20667505 1.45911131 2.09356571 -0.09686782 0.43677972 -0.28999119 0.36970471 0.76710300
1779472230.20689011 1.45841350 2.09360328 -0.09912531 0.43657985 -0.28976702 0.36989354 0.76721045
1779472230.21700692 1.45609998 2.09436613 -0.08759490 0.43676956 -0.29202031 0.37103568 0.76569512
1779472230.22726536 1.45175237 2.09589722 -0.08937922 0.43744247 -0.29157504 0.37153085 0.76524042
1779472230.23751259 1.45381128 2.09322718 -0.08080089 0.43745592 -0.29384142 0.37169362 0.76428619
1779472230.24781084 1.44661202 2.09729909 -0.07697849 0.43680807 -0.29489229 0.37409473 0.76307953
1779472230.25808311 1.44339857 2.09868402 -0.07148477 0.43755253 -0.29584043 0.37479163 0.76194321
1779472230.26839781 1.44070332 2.09986769 -0.06743914 0.43632538 -0.29767394 0.37669972 0.76099127
1779472230.27871823 1.43212963 2.10484006 -0.06093618 0.43664899 -0.29860885 0.37890543 0.75934254
1779472230.28905654 1.42945679 2.10595740 -0.04938174 0.43719931 -0.30084322 0.37992836 0.75763088
1779472230.29936051 1.42354204 2.10947250 -0.04848825 0.43530811 -0.30223383 0.38283145 0.75670446
1779472230.30963707 1.41740539 2.11298478 -0.04499914 0.43427460 -0.30358075 0.38531541 0.75549741
1779472230.32001638 1.41924662 2.11105036 -0.04345754 0.43467208 -0.30414652 0.38486540 0.75527062
1779472230.33034134 1.41061468 2.11588745 -0.03182123 0.43522262 -0.30598175 0.38718426 0.75302376
1779472230.34064126 1.41328836 2.11382690 -0.03968440 0.43393028 -0.30581080 0.38727521 0.75379187
1779472230.35109520 1.40776988 2.11704483 -0.03196093 0.43390855 -0.30722104 0.38902729 0.75232730
1779472230.35129142 1.40500594 2.11845643 -0.02664728 0.43426155 -0.30797448 0.38970056 0.75146663
1779472230.36147237 1.39388512 2.12534168 -0.03312012 0.43231759 -0.30748692 0.39331474 0.75090400
1779472230.37198210 1.39507390 2.12403073 -0.03286000 0.43124247 -0.30859412 0.39403849 0.75068853
1779472230.38225579 1.38819842 2.12763790 -0.03208446 0.43060610 -0.30910244 0.39624871 0.74968062
1779472230.39251447 1.38595720 2.12845967 -0.03455695 0.42969338 -0.30930048 0.39739585 0.74951542
1779472230.40279984 1.38186705 2.13035095 -0.02854700 0.43031476 -0.31021870 0.39833779 0.74827841
1779472230.41306400 1.37131006 2.13600782 -0.01919344 0.43226616 -0.31075637 0.39993108 0.74607746
1779472230.42334127 1.37810741 2.13116347 -0.02474722 0.43231456 -0.31036998 0.39832360 0.74706955
1779472230.42350364 1.38038168 2.12940624 -0.02336444 0.43290039 -0.31053009 0.39753954 0.74708141
1779472230.43365431 1.36791837 2.13660335 -0.01457395 0.43102958 -0.31273432 0.40210862 0.74479487
1779472230.44395971 1.37609143 2.13019478 -0.02091981 0.42922780 -0.31339888 0.40149983 0.74588372
1779472230.45423222 1.36345648 2.13697206 -0.01655907 0.42758817 -0.31483831 0.40584165 0.74386676
1779472230.46453428 1.36309046 2.13672121 -0.01609401 0.42712691 -0.31542954 0.40644240 0.74355321
1779472230.47485876 1.36462987 2.13470471 -0.01280271 0.42891292 -0.31553710 0.40525907 0.74312525
1779472230.48514628 1.35410910 2.14061949 -0.00900582 0.42664965 -0.31729317 0.40951327 0.74134607
1779472230.49542618 1.35199475 2.14134343 -0.00982143 0.42634147 -0.31745727 0.41031914 0.74100744
1779472230.49560547 1.35089832 2.14176433 -0.01121261 0.42612542 -0.31736987 0.41070434 0.74095576
1779472230.50572157 1.34673735 2.14356829 -0.00633339 0.42564282 -0.31865253 0.41235298 0.73976603
1779472230.51599550 1.35415284 2.13820788 -0.00791361 0.42679680 -0.31855072 0.41015873 0.74036460
1779472230.52628922 1.34160134 2.14482048 0.00027341 0.42515999 -0.32074804 0.41457837 0.73789190
1779472230.53659701 1.34009958 2.14507950 0.00145340 0.42565033 -0.32093858 0.41483240 0.73738342
1779472230.54691172 1.34429265 2.14239019 -0.00028765 0.42678169 -0.32054110 0.41335654 0.73773109
1779472230.55717421 1.33462948 2.14766057 -0.00057067 0.42428319 -0.32175887 0.41744276 0.73633997
1779472230.56743503 1.33297590 2.14811192 -0.00140913 0.42400470 -0.32198150 0.41814920 0.73600215
1779472230.57770824 1.32771215 2.15054983 0.00799708 0.42483514 -0.32337899 0.41937196 0.73421271
1779472230.58796716 1.32809667 2.14991713 0.00304979 0.42375581 -0.32345178 0.42013004 0.73437097
1779472230.59825850 1.32795335 2.14987391 0.00565341 0.42433189 -0.32383711 0.42008352 0.73389495
1779472230.59846497 1.32530813 2.15112506 0.00642022 0.42415478 -0.32404648 0.42085654 0.73346191
1779472230.60859799 1.32584391 2.15024754 0.00019804 0.42212704 -0.32433120 0.42211727 0.73378133
1779472230.61891532 1.32296271 2.15171775 -0.00154316 0.42300766 -0.32375001 0.42235062 0.73339648
1779472230.62921596 1.32085193 2.15290636 -0.00035589 0.42386359 -0.32370335 0.42258381 0.73278832
1779472230.63952351 1.31522460 2.15570833 0.00485202 0.42441942 -0.32433928 0.42383791 0.73145992
1779472230.64984512 1.31773624 2.15351992 -0.00493903 0.42224350 -0.32426530 0.42471450 0.73224315
1779472230.66013384 1.31663618 2.15402792 -0.00170907 0.42346014 -0.32442248 0.42457350 0.73155240
1779472230.67045164 1.31446951 2.15472048 -0.00346867 0.42281288 -0.32463317 0.42561281 0.73122932
1779472230.67062068 1.31418139 2.15459731 -0.00337096 0.42231624 -0.32503570 0.42609498 0.73105667
1779472230.68077207 1.31435857 2.15402429 -0.00425236 0.42153500 -0.32560968 0.42681954 0.73082943
1779472230.69103193 1.32611825 2.14648067 -0.00686626 0.42312308 -0.32526656 0.42345851 0.73201873
1779472230.70126367 1.31488187 2.15291724 0.00151560 0.42079855 -0.32774912 0.42812610 0.72953214
1779472230.71158266 1.31734012 2.15059611 -0.00333848 0.41836589 -0.32867262 0.42928284 0.72983596
1779472230.72189355 1.31914368 2.14898239 -0.00944170 0.41662858 -0.32889767 0.43022976 0.73017074
1779472230.73215079 1.31536693 2.15021914 0.00319275 0.41841497 -0.33048894 0.43061118 0.72820326
1779472230.74241805 1.31351672 2.15110336 -0.00159778 0.41828442 -0.32981398 0.43123564 0.72821474
1779472230.75268960 1.31555110 2.14930662 -0.00797903 0.41756083 -0.32947516 0.43143548 0.72866487
1779472230.76291656 1.31795629 2.14695654 0.00401773 0.41595778 -0.33309348 0.43287445 0.72708155
1779472230.77322650 1.31764133 2.14677552 -0.00735684 0.41341284 -0.33255679 0.43455211 0.72777762
1779472230.78353620 1.31514891 2.14737920 0.00138745 0.41379506 -0.33420040 0.43557077 0.72619684
1779472230.79379153 1.31376101 2.14775760 -0.00020120 0.41307463 -0.33454895 0.43678278 0.72571837
1779472230.80404162 1.31004123 2.14951280 0.01569250 0.41474789 -0.33670000 0.43742454 0.72337892
1779472230.81437182 1.31338934 2.14772050 -0.00251857 0.41163784 -0.33538956 0.43858353 0.72506042
1779472230.82469273 1.31105260 2.14919174 -0.00282240 0.41148755 -0.33563235 0.43969381 0.72436060
1779472230.83500266 1.30547076 2.15223982 0.00899197 0.41230982 -0.33746318 0.44128978 0.72206824
1779472230.84532809 1.30484293 2.15304020 0.01157656 0.41232025 -0.33811487 0.44189857 0.72138478
1779472230.85559440 1.30423799 2.15368251 0.00563070 0.41083104 -0.33812016 0.44342557 0.72129493
1779472230.86585093 1.30274081 2.15499649 -0.00272518 0.41002263 -0.33725080 0.44461860 0.72142751
1779472230.87614942 1.29858909 2.15787169 0.00565624 0.41037286 -0.33859624 0.44596635 0.71976435
1779472230.87631154 1.29829111 2.15820625 0.00643615 0.41002096 -0.33896503 0.44642962 0.71950408
1779472230.88642550 1.29687291 2.15929134 0.00773579 0.40904215 -0.33987602 0.44789948 0.71871751
1779472230.89676428 1.29646979 2.16018588 0.00585168 0.40786675 -0.34033133 0.44930832 0.71829056
1779472230.90700340 1.29129964 2.16392303 -0.00268677 0.40796357 -0.33870467 0.45070790 0.71812761
1779472230.91724634 1.29297737 2.16346928 -0.00978022 0.40656531 -0.33837738 0.45149911 0.71857773
1779472230.92752147 1.29063660 2.16537019 -0.01331108 0.40579914 -0.33823797 0.45301118 0.71812464
1779472230.93778610 1.28993525 2.16629011 -0.02075345 0.40520547 -0.33736601 0.45391985 0.71829622
1779472230.94804549 1.28852103 2.16743383 -0.01935647 0.40455487 -0.33809131 0.45515751 0.71753834
1779472230.95835495 1.29046813 2.16652372 -0.02120122 0.40517502 -0.33780279 0.45482999 0.71753199
1779472230.96857762 1.28911814 2.16775586 -0.02633956 0.40380610 -0.33776267 0.45647010 0.71728102
1779472230.97888875 1.28900841 2.16821582 -0.02817091 0.40437671 -0.33735172 0.45649340 0.71713811
1779472230.97904921 1.28997713 2.16778670 -0.03283665 0.40385000 -0.33687902 0.45664179 0.71756252
1779472230.98911333 1.28983829 2.16805849 -0.02266354 0.40343943 -0.33914094 0.45767002 0.71607137
1779472230.99938369 1.29213634 2.16714049 -0.04792219 0.40206307 -0.33558824 0.45789375 0.71837256
1779472231.00966859 1.29018125 2.16882807 -0.03839913 0.40281414 -0.33716459 0.45868787 0.71670513
1779472231.01993442 1.29314082 2.16729629 -0.03798550 0.40287457 -0.33755795 0.45844053 0.71664426
1779472231.03024697 1.29571331 2.16647611 -0.04684366 0.39974813 -0.33789791 0.46027081 0.71706152
1779472231.04058480 1.29960095 2.16448408 -0.04160297 0.39869627 -0.33989040 0.46087499 0.71631700
1779472231.05090761 1.30206993 2.16340631 -0.04859171 0.39722725 -0.33960776 0.46149108 0.71687032
1779472231.06126642 1.30204417 2.16405542 -0.05348512 0.39729705 -0.33886804 0.46186759 0.71693922
1779472231.07159376 1.30661148 2.16193014 -0.07024894 0.39504269 -0.33732418 0.46239498 0.71857119
1779472231.08193922 1.30307698 2.16456919 -0.05324253 0.39539658 -0.34025235 0.46402568 0.71593997
1779472231.09221387 1.30486453 2.16405134 -0.06473999 0.39476526 -0.33863023 0.46409999 0.71700847
1779472231.10255957 1.30697271 2.16349923 -0.07202992 0.39335544 -0.33820487 0.46491918 0.71745322
1779472231.11283779 1.30880345 2.16305493 -0.07462643 0.39301284 -0.33810431 0.46521487 0.71749670
1779472231.12310266 1.31068722 2.16220691 -0.07800937 0.39299597 -0.33774476 0.46518271 0.71769610
1779472231.13341355 1.31315228 2.16113308 -0.08666764 0.39112558 -0.33734039 0.46618986 0.71825431
1779472231.14367390 1.30816304 2.16505042 -0.09463873 0.38914468 -0.33666677 0.46894309 0.71785395
1779472231.15403152 1.30830786 2.16504505 -0.10331100 0.38800671 -0.33575185 0.46983765 0.71831335
1779472231.15419531 1.30800096 2.16533343 -0.10515144 0.38769647 -0.33559134 0.47020011 0.71831870
1779472231.16429400 1.30916879 2.16509804 -0.10690649 0.38694988 -0.33575692 0.47082030 0.71823765
1779472231.17458844 1.30859375 2.16581352 -0.10616562 0.38744967 -0.33579114 0.47124071 0.71767629
1779472231.18491912 1.30467049 2.16922932 -0.10999200 0.38918113 -0.33398863 0.47132669 0.71752407
1779472231.19525051 1.30382088 2.16977641 -0.10821380 0.39004049 -0.33403659 0.47143527 0.71696357
1779472231.20552969 1.30640059 2.16831712 -0.11617777 0.38710576 -0.33430158 0.47317573 0.71728398
1779472231.21586585 1.30823332 2.16699162 -0.12264910 0.38424017 -0.33480425 0.47507722 0.71733343
1779472231.22618794 1.30613524 2.16860053 -0.12366199 0.38279945 -0.33531138 0.47701932 0.71657757
1779472231.23671484 1.30851082 2.16698301 -0.13527566 0.38168771 -0.33395530 0.47729034 0.71762266
1779472231.24705172 1.30695293 2.16827044 -0.12931655 0.38127839 -0.33527241 0.47863753 0.71632766
1779472231.25732231 1.30911112 2.16678034 -0.14141772 0.37988452 -0.33398527 0.47928868 0.71723354
1779472231.26765776 1.31011783 2.16606707 -0.14558136 0.37923557 -0.33371267 0.47977452 0.71737901
1779472231.27793145 1.30656164 2.16850129 -0.12961503 0.37965082 -0.33642959 0.48130285 0.71486219
1779472231.28817582 1.30699554 2.16789810 -0.13784586 0.37920251 -0.33536297 0.48179919 0.71526686
1779472231.29850721 1.30373146 2.16994561 -0.13394260 0.37829249 -0.33646891 0.48373597 0.71392084
1779472231.30884457 1.30750669 2.16715194 -0.14034750 0.37800075 -0.33580247 0.48331776 0.71467201
1779472231.31916189 1.30372959 2.16968513 -0.13603634 0.37701730 -0.33698159 0.48540884 0.71321780
1779472231.32949734 1.30440640 2.16882989 -0.13541772 0.37691339 -0.33745485 0.48586989 0.71273485
1779472231.33976245 1.30325037 2.16963409 -0.13572222 0.37668208 -0.33754178 0.48661415 0.71230809
1779472231.35009813 1.30188213 2.17031602 -0.13561753 0.37586289 -0.33807785 0.48791805 0.71159428
1779472231.36036754 1.30012811 2.17116076 -0.13913308 0.37363029 -0.33859959 0.49014702 0.71098989
1779472231.37066674 1.29673584 2.17400354 -0.11433346 0.37458599 -0.34255235 0.49124953 0.70782563
1779472231.37084007 1.29594118 2.17418252 -0.12295015 0.37486135 -0.34095447 0.49114108 0.70852626
1779472231.38095498 1.30044102 2.17109916 -0.13956744 0.37311274 -0.33908580 0.49121064 0.71029558
1779472231.39126849 1.29869736 2.17205389 -0.15104168 0.37078880 -0.33817729 0.49323765 0.71054092
1779472231.40155888 1.29729905 2.17312294 -0.13936100 0.37122561 -0.34024088 0.49390003 0.70886561
1779472231.40175939 1.29637814 2.17368224 -0.13991463 0.37077164 -0.34035575 0.49448889 0.70863749
1779472231.41190791 1.29547262 2.17448767 -0.14077183 0.36942749 -0.34093875 0.49587826 0.70808817
1779472231.42218828 1.29312063 2.17660895 -0.11780753 0.36980020 -0.34510092 0.49713686 0.70498802
1779472231.43241572 1.29254074 2.17697943 -0.13321360 0.36795470 -0.34335953 0.49848434 0.70585192
1779472231.44274139 1.28930516 2.17932106 -0.13032249 0.36751144 -0.34412851 0.49982218 0.70476145
1779472231.45300961 1.28745558 2.18070409 -0.12555245 0.36818685 -0.34491552 0.50026141 0.70371177
1779472231.46328545 1.28400399 2.18351738 -0.10672812 0.36729967 -0.34880911 0.50237606 0.70074350
1779472231.47357869 1.28102049 2.18540081 -0.11632489 0.36622373 -0.34766121 0.50383697 0.70082820
1779472231.48393154 1.28084265 2.18570284 -0.10727554 0.36672131 -0.34931688 0.50400970 0.69961948
1779472231.49422598 1.27962173 2.18658384 -0.09972721 0.36636038 -0.35107570 0.50497737 0.69822903
1779472231.50454354 1.28062689 2.18570219 -0.11148411 0.36512197 -0.34986091 0.50563333 0.69901233
1779472231.51481342 1.27687579 2.18809755 -0.10216725 0.36532597 -0.35148898 0.50671559 0.69730319
1779472231.52508903 1.27475264 2.18943196 -0.09420475 0.36414553 -0.35354150 0.50829494 0.69573177
1779472231.53532100 1.27511596 2.18901035 -0.09318920 0.36251662 -0.35470427 0.50953065 0.69508640
1779472231.54565191 1.27375832 2.18967536 -0.08996902 0.36209475 -0.35557520 0.51031943 0.69428218
1779472231.54581189 1.27167497 2.19086335 -0.08447642 0.36220896 -0.35647596 0.51082684 0.69338698
1779472231.55591798 1.26926585 2.19193423 -0.06954968 0.36154922 -0.35948500 0.51213166 0.69121188
1779472231.56619573 1.27139435 2.19007609 -0.08419179 0.35961279 -0.35799654 0.51287553 0.69244192
1779472231.57641768 1.27010005 2.19036658 -0.08136411 0.35818106 -0.35926511 0.51425809 0.69150093
1779472231.58671379 1.27079082 2.18960883 -0.08190635 0.35801152 -0.35941486 0.51434403 0.69144698
1779472231.59703588 1.27722252 2.18467029 -0.07007052 0.35931400 -0.36158047 0.51258734 0.69094661
1779472231.60733700 1.26975507 2.18875262 -0.07728936 0.35536529 -0.36174005 0.51658869 0.68992447
1779472231.61763096 1.26673470 2.19003778 -0.07569199 0.35450539 -0.36241208 0.51787938 0.68904598
1779472231.62790084 1.27136859 2.18631517 -0.06928210 0.35603437 -0.36339157 0.51625188 0.68896306
1779472231.63812923 1.26721321 2.18811568 -0.06861866 0.35520593 -0.36386021 0.51776697 0.68800571
1779472231.64839244 1.26000925 2.19210609 -0.07026576 0.35216906 -0.36468688 0.52117674 0.68655315
1779472231.64856648 1.26081262 2.19145895 -0.07033792 0.35201600 -0.36484345 0.52114578 0.68657197
1779472231.65867710 1.26774984 2.18625444 -0.06252997 0.35464440 -0.36572691 0.51833956 0.68687355
1779472231.66896582 1.24795917 2.19793626 -0.06650879 0.35285564 -0.36512552 0.52356408 0.68414685
1779472231.67918992 1.24141472 2.20156223 -0.05296827 0.35592200 -0.36633681 0.52344626 0.68199772
1779472231.68949747 1.25963702 2.18937059 -0.05970992 0.35158981 -0.36794646 0.52230306 0.68425106
1779472231.69989109 1.24060287 2.20048622 -0.07352458 0.35627675 -0.36256665 0.52319792 0.68401479
1779472231.71019173 1.23754270 2.20160816 -0.07476667 0.35496783 -0.36313587 0.52474328 0.68320909
1779472231.72046137 1.23546451 2.20208192 -0.07168530 0.35650232 -0.36319854 0.52431542 0.68270510
1779472231.73070955 1.23824512 2.19925370 -0.06327057 0.35625389 -0.36539048 0.52411605 0.68181766
1779472231.74102044 1.22752987 2.20482797 -0.05954224 0.35736909 -0.36545865 0.52571741 0.67996215
1779472231.75125408 1.22275452 2.20677176 -0.06028354 0.35647479 -0.36583577 0.52728152 0.67901702
1779472231.76159167 1.22231163 2.20630292 -0.05851306 0.35401401 -0.36755269 0.52898842 0.67804893
1779472231.77188921 1.21876885 2.20713342 -0.04981535 0.35689628 -0.36812036 0.52809835 0.67692287
1779472231.78215408 1.21207572 2.20994271 -0.04457368 0.35727661 -0.36900020 0.52924794 0.67534354
1779472231.79243660 1.21191695 2.20925510 -0.04347625 0.35646757 -0.36982698 0.52981717 0.67487231
1779472231.80278254 1.21314441 2.20710762 -0.04600466 0.35781209 -0.36927872 0.52870280 0.67533480
1779472231.81303883 1.20390780 2.21183974 -0.04481317 0.35506596 -0.37052587 0.53223032 0.67332728
1779472231.82333255 1.20364263 2.21079115 -0.04558161 0.35408886 -0.37109731 0.53283092 0.67305206
1779472231.82349777 1.20005906 2.21223766 -0.03915818 0.35575982 -0.37154215 0.53257805 0.67212499
1779472231.83359528 1.20375539 2.20902839 -0.03624466 0.35469027 -0.37301337 0.53251043 0.67192893
1779472231.84387970 1.19667428 2.21191607 -0.03889296 0.35331761 -0.37313665 0.53465154 0.67088258
1779472231.85414362 1.19514843 2.21154723 -0.03864702 0.35158022 -0.37420398 0.53593894 0.67017325
1779472231.86439610 1.19378081 2.21127875 -0.04124422 0.35046991 -0.37444242 0.53683643 0.66990325
1779472231.87466931 1.19776361 2.20642361 -0.02508477 0.35144598 -0.37775611 0.53552624 0.66857886
1779472231.88493943 1.18710102 2.21146173 -0.03027525 0.35224621 -0.37630051 0.53695614 0.66783130
1779472231.89526272 1.19308296 2.20635889 -0.02591916 0.35093755 -0.37832326 0.53655799 0.66769744
1779472231.90557456 1.18066473 2.21195128 -0.02466477 0.35010615 -0.37875669 0.53940456 0.66559129
1779472231.91583228 1.18760712 2.20619142 -0.02669576 0.34654557 -0.38069060 0.54004925 0.66582854
1779472231.92615032 1.17888033 2.20980455 -0.02240466 0.34800862 -0.38078157 0.54079865 0.66440365
1779472231.92632294 1.17577615 2.21109847 -0.01794831 0.35085853 -0.38033531 0.53969040 0.66406146
1779472231.93642354 1.17629959 2.20969865 -0.02232349 0.34815427 -0.38102312 0.54107303 0.66396533
1779472231.94668078 1.17278625 2.20963846 -0.01548138 0.34983398 -0.38187754 0.54066946 0.66291950
1779472231.95694852 1.17950420 2.20384543 -0.01105615 0.34904402 -0.38385371 0.53975253 0.66294179
1779472231.96726775 1.16855976 2.20890083 -0.01319744 0.35003541 -0.38286409 0.54115223 0.66184935
1779472231.97753143 1.16141837 2.21125002 -0.01154609 0.34969968 -0.38343360 0.54262530 0.66048966
1779472231.98779154 1.17136823 2.20368640 -0.01275782 0.34797807 -0.38494557 0.54157387 0.66138182
1779472231.99806786 1.16544393 2.20550575 -0.00685211 0.35012556 -0.38524425 0.54130756 0.66029167
1779472232.00841117 1.16441666 2.20469686 -0.01965327 0.34451103 -0.38578473 0.54468965 0.66014807
1779472232.01873970 1.16425417 2.20307091 -0.01913032 0.34465896 -0.38632865 0.54442577 0.65997042
1779472232.02906299 1.15470737 2.20675792 -0.01509481 0.34840957 -0.38543883 0.54382212 0.65901835
1779472232.03935289 1.15463384 2.20511281 -0.01477071 0.34785438 -0.38620734 0.54406990 0.65865709
1779472232.04965878 1.15408512 2.20424462 -0.02204424 0.34729662 -0.38551345 0.54422644 0.65922835
1779472232.05993652 1.15270055 2.20277323 -0.01692633 0.34872105 -0.38637927 0.54343296 0.65862380
1779472232.07020831 1.14988205 2.20328139 -0.02188108 0.34765323 -0.38612947 0.54441702 0.65852212
1779472232.08052444 1.15575736 2.19777758 -0.01722928 0.34685033 -0.38821191 0.54355003 0.65843734
1779472232.09078884 1.15014862 2.19932372 -0.02300728 0.34424772 -0.38852610 0.54592720 0.65765072
1779472232.10118771 1.15047972 2.19767529 -0.02436218 0.34255989 -0.38945868 0.54669367 0.65734366
1779472232.10147285 1.15142298 2.19663107 -0.02494318 0.34210463 -0.38972405 0.54672099 0.65740075
1779472232.11159849 1.14662638 2.19793347 -0.02599720 0.34302608 -0.38929105 0.54691100 0.65701898
1779472232.12191844 1.15122536 2.19319647 -0.01986493 0.34383037 -0.39080477 0.54531186 0.65702913
1779472232.13221502 1.14052619 2.19739233 -0.02476169 0.34447359 -0.38967575 0.54668278 0.65622305
1779472232.14258122 1.13677230 2.19769517 -0.01972461 0.34656340 -0.39003006 0.54599162 0.65548724
1779472232.15296102 1.13970291 2.19442746 -0.02281697 0.34093805 -0.39245520 0.54852020 0.65487842
1779472232.16327405 1.14165210 2.19091340 -0.01925606 0.34223321 -0.39331224 0.54705830 0.65491154
1779472232.17354918 1.13613764 2.19205668 -0.01622543 0.33989211 -0.39511664 0.54926712 0.65319356
1779472232.18387341 1.13780596 2.18967108 -0.01918985 0.33726301 -0.39627071 0.55039810 0.65290514
1779472232.19413733 1.12813830 2.19260839 -0.02013577 0.34115643 -0.39465562 0.54957667 0.65255246
1779472232.20439768 1.12798567 2.19091476 -0.01927120 0.33865082 -0.39636421 0.55086260 0.65173724
1779472232.21462131 1.12838915 2.18886758 -0.01568095 0.33588712 -0.39875360 0.55224769 0.65053662
1779472232.22488594 1.13203641 2.18396580 0.00103675 0.33232259 -0.40424618 0.55322523 0.64814239
1779472232.23512435 1.12690506 2.18508815 0.00239571 0.33269606 -0.40466516 0.55374373 0.64724595
1779472232.24541187 1.12748918 2.18317675 0.00864536 0.33213901 -0.40645668 0.55365338 0.64648633
1779472232.25572038 1.12594841 2.18172001 0.00457654 0.33140112 -0.40660632 0.55415182 0.64634384
1779472232.26597643 1.11468625 2.18580382 -0.00586011 0.33150497 -0.40477119 0.55618519 0.64569557
1779472232.27619743 1.10532905 2.18914268 -0.00394938 0.33229523 -0.40488757 0.55741148 0.64415711
1779472232.27635622 1.10340026 2.18959180 -0.00230573 0.33224434 -0.40527485 0.55772257 0.64367036
1779472232.28645444 1.10255143 2.18869761 0.00091204 0.33187084 -0.40635882 0.55780933 0.64310419
1779472232.29672289 1.09519406 2.19014639 -0.00094016 0.33285102 -0.40598975 0.55847158 0.64225541
1779472232.30704761 1.09242487 2.18974014 -0.00395827 0.33207745 -0.40619866 0.55913924 0.64194278
1779472232.31730533 1.09530802 2.18676259 -0.00603713 0.33110670 -0.40677654 0.55886893 0.64231356
1779472232.32758355 1.09512528 2.18465491 -0.00189515 0.33172324 -0.40781938 0.55813387 0.64197323
1779472232.33783627 1.08772825 2.18639431 -0.00548848 0.33150718 -0.40757555 0.55948015 0.64106718
1779472232.34815049 1.08657137 2.18568994 -0.01194637 0.33063438 -0.40711747 0.56000123 0.64135395
1779472232.35841346 1.08589820 2.18441447 -0.01475770 0.32864869 -0.40791134 0.56090023 0.64108448
1779472232.36868000 1.08397615 2.18320033 -0.01576794 0.32945690 -0.40790458 0.56050394 0.64102054
1779472232.37902713 1.08257770 2.18192977 -0.01794207 0.32769848 -0.40873768 0.56142267 0.64058708
1779472232.38931251 1.07582014 2.18382514 -0.02189500 0.32899696 -0.40766633 0.56183483 0.64024276
1779472232.39959621 1.08252457 2.17825431 -0.02576619 0.32793060 -0.40824824 0.56074937 0.64136966
1779472232.40983582 1.07485483 2.18024599 -0.02357728 0.32775009 -0.40900187 0.56201050 0.63987620
1779472232.42010689 1.06908569 2.18180832 -0.03066781 0.32735698 -0.40803983 0.56322244 0.63962597
1779472232.43040681 1.07512108 2.17646888 -0.02739093 0.32626226 -0.40991353 0.56212688 0.63995094
1779472232.44069028 1.06915655 2.17753617 -0.03192874 0.32638099 -0.40936545 0.56297087 0.63949917
1779472232.45099759 1.06548589 2.17732380 -0.02642125 0.32931347 -0.40955869 0.56176179 0.63893506
1779472232.46133280 1.06956743 2.17360426 -0.03635925 0.32565748 -0.40987339 0.56269545 0.63978500
1779472232.47160625 1.06380723 2.17433955 -0.04089132 0.32561211 -0.40940976 0.56351072 0.63938726
1779472232.48191595 1.05909798 2.17444193 -0.04186298 0.32665643 -0.40922788 0.56357308 0.63891588
1779472232.49220133 1.05389372 2.17564362 -0.04799105 0.32605764 -0.40854351 0.56473559 0.63863317
1779472232.50251913 1.05731174 2.17196382 -0.04911065 0.32421019 -0.40971623 0.56466768 0.63888244
1779472232.51286793 1.04803368 2.17414678 -0.05272980 0.32577177 -0.40866054 0.56531442 0.63819192
1779472232.52316952 1.05199244 2.17076198 -0.05439052 0.32502783 -0.40923161 0.56467651 0.63876979
1779472232.53349996 1.04329109 2.17286644 -0.05896151 0.32534032 -0.40851750 0.56593105 0.63795703
1779472232.54381394 1.04287821 2.17057118 -0.05914455 0.32580183 -0.40886453 0.56533984 0.63802337
1779472232.55417871 1.04275444 2.16871144 -0.06609034 0.32397691 -0.40884704 0.56605390 0.63833067
1779472232.56445694 1.03520736 2.17107594 -0.06505202 0.32436873 -0.40896880 0.56707610 0.63714530
1779472232.57477069 1.03402382 2.16917243 -0.06903865 0.32448228 -0.40874737 0.56687764 0.63740613
1779472232.58503938 1.02902749 2.16923570 -0.06946462 0.32525496 -0.40874005 0.56705689 0.63685734
1779472232.59532213 1.02713203 2.16883921 -0.07499082 0.32466575 -0.40825757 0.56752256 0.63705263
1779472232.60567212 1.01852317 2.17079912 -0.07541360 0.32434432 -0.40852813 0.56905881 0.63567098
1779472232.61598349 1.01989693 2.16772620 -0.08398835 0.32348372 -0.40785495 0.56894838 0.63663990
1779472232.62627578 1.01442763 2.16824238 -0.08020038 0.32431917 -0.40863037 0.56913803 0.63554716
1779472232.63663697 1.01039116 2.16825598 -0.08228089 0.32595782 -0.40787748 0.56877987 0.63551311
1779472232.64703298 1.00603418 2.16802332 -0.09284813 0.32444153 -0.40688932 0.57018062 0.63566724
1779472232.65741301 1.00534389 2.16621359 -0.09136317 0.32379140 -0.40795303 0.57026959 0.63523701
1779472232.66763067 1.00187663 2.16628294 -0.09528977 0.32385375 -0.40747084 0.57068232 0.63514404
1779472232.67787886 0.99804035 2.16546706 -0.10031389 0.32446470 -0.40673296 0.57074682 0.63524722
1779472232.68820143 0.99322075 2.16558198 -0.09748174 0.32476435 -0.40750850 0.57110723 0.63427240
1779472232.69857526 0.98794054 2.16562419 -0.10371193 0.32578022 -0.40629074 0.57124986 0.63440420
1779472232.70895076 0.98823834 2.16377488 -0.10629433 0.32427869 -0.40680586 0.57173040 0.63441049
1779472232.71929216 0.98754215 2.16168898 -0.10957103 0.32387785 -0.40688622 0.57171882 0.63457414
1779472232.72962236 0.98012393 2.16259898 -0.10989680 0.32636028 -0.40610135 0.57139714 0.63409461
1779472232.73989010 0.97741230 2.16209191 -0.11575911 0.32548950 -0.40562372 0.57219148 0.63413161
1779472232.75014710 0.97615491 2.16051920 -0.11675221 0.32467122 -0.40623819 0.57249077 0.63388757
1779472232.76042199 0.97318627 2.15945124 -0.11711711 0.32574342 -0.40613601 0.57202659 0.63382201
1779472232.77075028 0.96623620 2.16000201 -0.11732137 0.32623571 -0.40616248 0.57273660 0.63291002
1779472232.78102684 0.96518061 2.15839949 -0.13001429 0.32634175 -0.40405411 0.57270131 0.63423541
1779472232.79129219 0.96391144 2.15668081 -0.13002815 0.32577809 -0.40470385 0.57283062 0.63399409
1779472232.80151653 0.95823158 2.15643111 -0.13352780 0.32729908 -0.40370040 0.57271120 0.63395834
1779472232.81177092 0.95566235 2.15578426 -0.13790033 0.32753903 -0.40303279 0.57282611 0.63415535
1779472232.82202697 0.95481523 2.15355216 -0.13804945 0.32757800 -0.40343675 0.57255487 0.63412330
1779472232.83229446 0.95221232 2.15242725 -0.14662498 0.32621069 -0.40268844 0.57352883 0.63442359
1779472232.84262633 0.95275507 2.15031192 -0.14465836 0.32704508 -0.40310115 0.57256821 0.63459958
1779472232.85293961 0.94323214 2.15192860 -0.14855233 0.32885879 -0.40174385 0.57308269 0.63405836
1779472232.86321020 0.94477607 2.14876192 -0.15727038 0.32754792 -0.40115916 0.57317596 0.63502206
1779472232.87348557 0.94341650 2.14711929 -0.16213030 0.32626372 -0.40118144 0.57386928 0.63504290
1779472232.88383889 0.94232812 2.14595281 -0.15807154 0.32745189 -0.40183261 0.57305691 0.63475318
1779472232.89412379 0.94062690 2.14446592 -0.16464415 0.32707849 -0.40121960 0.57328862 0.63512413
1779472232.90442085 0.93682005 2.14437737 -0.16213039 0.32765377 -0.40187019 0.57337303 0.63433960
1779472232.91476297 0.93587477 2.14326903 -0.16497844 0.32742394 -0.40180283 0.57343459 0.63444528
1779472232.92503929 0.93300161 2.14259432 -0.16675848 0.32805076 -0.40168571 0.57332522 0.63429448
1779472232.93534040 0.92996163 2.14247550 -0.17105535 0.32769969 -0.40149644 0.57387491 0.63409865
1779472232.94569731 0.92964565 2.14150866 -0.16561459 0.32821191 -0.40281111 0.57337324 0.63345346
1779472232.94587135 0.92943979 2.14129206 -0.16824915 0.32815389 -0.40246212 0.57338385 0.63369568
1779472232.95602417 0.92792082 2.14084718 -0.17015949 0.32827016 -0.40248679 0.57338865 0.63361545
1779472232.96629953 0.92465940 2.14062011 -0.17407672 0.32937469 -0.40180998 0.57313955 0.63369718
1779472232.97654915 0.92330407 2.14009410 -0.17059005 0.32988421 -0.40287061 0.57277525 0.63308783
1779472232.98678398 0.92251438 2.13970313 -0.17194446 0.32971126 -0.40314300 0.57281117 0.63297201
1779472232.99704671 0.92232162 2.13832745 -0.17349465 0.32982051 -0.40349569 0.57252751 0.63294700
1779472233.00735784 0.91729369 2.13946676 -0.17252268 0.33147204 -0.40345275 0.57230412 0.63231334
1779472233.01767969 0.91843566 2.13829393 -0.16995351 0.33157122 -0.40447772 0.57175372 0.63210441
1779472233.02797818 0.91401303 2.13890335 -0.16928175 0.33268087 -0.40460749 0.57172488 0.63146407
1779472233.03829169 0.91337424 2.13774940 -0.17225443 0.33337461 -0.40434998 0.57118866 0.63174835
1779472233.04853296 0.91181650 2.13710738 -0.17215970 0.33325490 -0.40498034 0.57130497 0.63130241
1779472233.05882168 0.91209381 2.13596684 -0.17079511 0.33382883 -0.40545548 0.57068515 0.63125480
1779472233.06904197 0.90878002 2.13580835 -0.17606357 0.33417316 -0.40473781 0.57092067 0.63132020
1779472233.07930636 0.90464612 2.13636073 -0.17828348 0.33505213 -0.40421189 0.57107280 0.63105362
1779472233.08963633 0.90387147 2.13482437 -0.18506844 0.33528031 -0.40332758 0.57084439 0.63170457
1779472233.09995008 0.90067903 2.13471354 -0.18398909 0.33526149 -0.40401839 0.57126466 0.63089267
1779472233.11022854 0.89801206 2.13421412 -0.18372949 0.33650246 -0.40401762 0.57079742 0.63065534
1779472233.12055230 0.89794183 2.13302873 -0.18214007 0.33702158 -0.40455754 0.57029030 0.63049078
1779472233.13088131 0.89656871 2.13191714 -0.18130533 0.33691350 -0.40531935 0.57040586 0.62995450
1779472233.14124203 0.89599421 2.13025098 -0.18497106 0.33731233 -0.40502141 0.57001610 0.63028541
1779472233.15155339 0.89439484 2.12914848 -0.18656680 0.33741108 -0.40527331 0.57005275 0.63003744
1779472233.16188717 0.89291630 2.12857487 -0.18780949 0.33849179 -0.40495246 0.56946955 0.63019144
1779472233.17224836 0.89302994 2.12665970 -0.18756111 0.33828390 -0.40571884 0.56936231 0.62990696
1779472233.18254161 0.89001596 2.12621187 -0.18903246 0.33905992 -0.40563122 0.56925625 0.62964197
1779472233.19287848 0.89311553 2.12389315 -0.18506816 0.33883801 -0.40707214 0.56854648 0.62947278
1779472233.19306159 0.89306889 2.12334242 -0.18834288 0.33872063 -0.40664221 0.56858025 0.62978325
1779472233.20313311 0.88879650 2.12428687 -0.18235977 0.34040096 -0.40741171 0.56819907 0.62872307
1779472233.21342683 0.89102658 2.12130116 -0.18623314 0.34032324 -0.40743126 0.56758540 0.62930651
1779472233.22372293 0.88882408 2.12109425 -0.18017746 0.34091526 -0.40890816 0.56738181 0.62821078
1779472233.23408413 0.89067178 2.11883475 -0.18670438 0.33983624 -0.40864213 0.56756537 0.62880243
1779472233.24437690 0.89019992 2.11767398 -0.18111540 0.34120007 -0.40978753 0.56654026 0.62824265
1779472233.25466800 0.88984541 2.11595565 -0.18515582 0.34076320 -0.40985833 0.56668120 0.62830647
1779472233.26504278 0.88847974 2.11552660 -0.18692310 0.34102114 -0.40982045 0.56665221 0.62821737
1779472233.26522231 0.88928158 2.11456215 -0.18935234 0.34104885 -0.40952475 0.56640467 0.62861826
1779472233.27539134 0.89050813 2.11284395 -0.18977594 0.34069376 -0.41016930 0.56623584 0.62854267
1779472233.28567648 0.88679559 2.11299073 -0.19174772 0.34103236 -0.41010421 0.56660525 0.62806844
1779472233.29603314 0.88806180 2.11079669 -0.19131547 0.34059432 -0.41108130 0.56646600 0.62779291
1779472233.30639267 0.88678334 2.11003128 -0.19693409 0.34066603 -0.41036489 0.56652684 0.62816770
1779472233.31679177 0.88560594 2.10875136 -0.20123074 0.33988912 -0.41045502 0.56715560 0.62796225
1779472233.32702780 0.88324684 2.10827538 -0.20308652 0.34051770 -0.41035781 0.56706530 0.62776677
1779472233.33731914 0.88510191 2.10607951 -0.20532167 0.33964980 -0.41083702 0.56710470 0.62788790
1779472233.34767437 0.88162066 2.10584899 -0.20945864 0.33996433 -0.41038027 0.56749396 0.62766464
1779472233.35797381 0.88241427 2.10330061 -0.21670834 0.33904047 -0.41004497 0.56779616 0.62811003
1779472233.36829042 0.88023097 2.10285964 -0.21325883 0.33989774 -0.41093171 0.56751297 0.62732263
1779472233.37860036 0.88155221 2.10034416 -0.22219027 0.33914364 -0.41003667 0.56761174 0.62822642
1779472233.38893700 0.87711362 2.10100661 -0.21579176 0.33944088 -0.41166244 0.56830298 0.62637500
1779472233.39924502 0.87865828 2.09755024 -0.23014357 0.33865409 -0.40987130 0.56828087 0.62799345
1779472233.40956783 0.87735136 2.09703591 -0.22617455 0.33844599 -0.41118139 0.56867565 0.62689089
1779472233.40973759 0.87664360 2.09694474 -0.22544904 0.33865765 -0.41137081 0.56866425 0.62666260
1779472233.41989040 0.87354125 2.09661740 -0.23035656 0.33869598 -0.41071941 0.56917613 0.62660445
1779472233.43020654 0.87415701 2.09401085 -0.23626838 0.33733557 -0.41081509 0.56986062 0.62665345
1779472233.44048738 0.87053234 2.09332577 -0.23984195 0.33841587 -0.41016898 0.56978271 0.62656506
1779472233.45075583 0.87279196 2.09054284 -0.24531614 0.33723425 -0.41016616 0.56999611 0.62700974
1779472233.46105218 0.86747121 2.09069933 -0.24560216 0.33811497 -0.41018271 0.57047138 0.62609170
1779472233.47140861 0.86750969 2.08840198 -0.25169284 0.33724366 -0.41002183 0.57094212 0.62623790
1779472233.48167849 0.86610928 2.08702032 -0.25563526 0.33696389 -0.40982076 0.57138543 0.62611578
1779472233.48186493 0.86473587 2.08703444 -0.25608695 0.33738590 -0.40966561 0.57136584 0.62600793
1779472233.49202037 0.86248544 2.08648799 -0.25777770 0.33731967 -0.40979983 0.57182647 0.62553499
1779472233.50233245 0.86311046 2.08407714 -0.26097510 0.33614907 -0.41033069 0.57241318 0.62528049
1779472233.51260066 0.86155792 2.08247312 -0.26384965 0.33641843 -0.41031993 0.57248979 0.62507251
1779472233.52293396 0.86152700 2.08062656 -0.26916588 0.33572758 -0.41007179 0.57291014 0.62522163
1779472233.53325081 0.85894733 2.07932782 -0.27240111 0.33624296 -0.40985815 0.57308555 0.62492393
1779472233.54351687 0.85952924 2.07752114 -0.27618186 0.33515783 -0.41013863 0.57365927 0.62479643
1779472233.55382133 0.85574855 2.07704170 -0.27874532 0.33525348 -0.41017192 0.57439085 0.62405068
1779472233.56407666 0.85264675 2.07651344 -0.28190568 0.33549544 -0.41005475 0.57483743 0.62358628
1779472233.57434487 0.84983416 2.07581995 -0.28457563 0.33517450 -0.41032708 0.57567606 0.62280560
1779472233.58464360 0.84885825 2.07441673 -0.28997046 0.33539869 -0.40970523 0.57566835 0.62310135
1779472233.58480859 0.84785342 2.07472713 -0.28798843 0.33547778 -0.41022613 0.57584213 0.62255524
1779472233.59489155 0.84472344 2.07465258 -0.29121121 0.33617973 -0.40975124 0.57598924 0.62235320
1779472233.60529971 0.84320575 2.07287615 -0.29900569 0.33477165 -0.40953302 0.57729709 0.62204399
1779472233.61567712 0.84360774 2.07091484 -0.30251658 0.33474039 -0.40965575 0.57716910 0.62209876
1779472233.62605381 0.84124509 2.07010451 -0.30970428 0.33435871 -0.40893450 0.57792392 0.62207778
1779472233.63641787 0.83739074 2.07003023 -0.31290273 0.33460497 -0.40886263 0.57856850 0.62139307
1779472233.64670157 0.83695183 2.06891570 -0.31210211 0.33456714 -0.40985260 0.57869951 0.62063882
1779472233.65806699 0.83221326 2.06866835 -0.31998169 0.33473509 -0.40891096 0.57965522 0.62027742
1779472233.66899157 0.82637546 2.06898093 -0.32701254 0.33440698 -0.40827916 0.58116185 0.61946025
1779472233.67933750 0.82055983 2.06929425 -0.33347334 0.33455024 -0.40755630 0.58234852 0.61874405
1779472233.68960905 0.81910915 2.06848179 -0.33798613 0.33438733 -0.40731641 0.58279359 0.61857100
1779472233.69986677 0.81568006 2.06794335 -0.34493923 0.33487817 -0.40646885 0.58316196 0.61851581
1779472233.71018267 0.81036156 2.06853897 -0.34867214 0.33616030 -0.40585472 0.58340990 0.61798955
1779472233.72049117 0.81218121 2.06627146 -0.35372781 0.33514728 -0.40599324 0.58368171 0.61819208
1779472233.72069407 0.81136435 2.06622841 -0.35475139 0.33532585 -0.40589642 0.58369118 0.61814988
1779472233.73080921 0.81474142 2.06300355 -0.36242721 0.33436654 -0.40556544 0.58355392 0.61901576
1779472233.74104762 0.80877512 2.06379618 -0.36502098 0.33506722 -0.40543818 0.58440230 0.61791892
1779472233.75131464 0.80639078 2.06330541 -0.36803726 0.33549252 -0.40541977 0.58456620 0.61754509
1779472233.76162386 0.80768115 2.06158921 -0.37105471 0.33480029 -0.40579946 0.58473085 0.61751550
1779472233.77192616 0.80655016 2.06009316 -0.37592910 0.33461913 -0.40575619 0.58508972 0.61730217
1779472233.78219175 0.80401247 2.05867479 -0.38537745 0.33423661 -0.40480075 0.58581616 0.61744771
1779472233.79245925 0.80407581 2.05752328 -0.38706218 0.33460861 -0.40496887 0.58545032 0.61748297
1779472233.80279088 0.80161275 2.05627116 -0.39373796 0.33416983 -0.40458642 0.58625826 0.61720467
1779472233.81305695 0.79918656 2.05486382 -0.40106167 0.33491054 -0.40361783 0.58618450 0.61750733
1779472233.82338619 0.79857461 2.05266764 -0.41140503 0.33407642 -0.40249194 0.58677305 0.61813476
1779472233.82354307 0.79756496 2.05310002 -0.40927257 0.33442822 -0.40296757 0.58675678 0.61764989
1779472233.83364654 0.79259485 2.05425444 -0.40931169 0.33561868 -0.40295331 0.58700696 0.61677513
1779472233.84393311 0.79327116 2.05129571 -0.41839765 0.33557074 -0.40205509 0.58671278 0.61766666
1779472233.85419059 0.78686750 2.05397753 -0.41075092 0.33821742 -0.40316003 0.58623085 0.61595808
1779472233.86452746 0.78648124 2.05152505 -0.42024141 0.33665200 -0.40247794 0.58737838 0.61616847
1779472233.87481380 0.78414719 2.04983640 -0.42818189 0.33717137 -0.40147714 0.58733704 0.61657667
1779472233.88501167 0.78236401 2.04844250 -0.43228037 0.33744144 -0.40132772 0.58744041 0.61642769
1779472233.89526343 0.78209931 2.04666187 -0.43789819 0.33689122 -0.40106685 0.58778550 0.61656945
1779472233.90554023 0.78074024 2.04488417 -0.44293498 0.33741342 -0.40065474 0.58750064 0.61682328
1779472233.91580653 0.78233631 2.04169588 -0.44884992 0.33724825 -0.40047061 0.58711995 0.61739539
1779472233.92600918 0.78032174 2.04111157 -0.45041787 0.33717331 -0.40076005 0.58755885 0.61683072
1779472233.93635273 0.77919997 2.03853941 -0.45866463 0.33715395 -0.39991082 0.58761655 0.61733730
1779472233.94658804 0.78117919 2.03539851 -0.46327510 0.33695562 -0.40005961 0.58714147 0.61780102
1779472233.95690560 0.77899340 2.03419156 -0.46622324 0.33712400 -0.40020337 0.58739059 0.61737911
1779472233.96716452 0.77814946 2.03310431 -0.46772327 0.33759988 -0.40036635 0.58711415 0.61727634
1779472233.97748208 0.78409189 2.02757515 -0.47586919 0.33585969 -0.40058286 0.58686184 0.61832420
1779472233.98776698 0.78509849 2.02533205 -0.47777809 0.33584033 -0.40111111 0.58647642 0.61835796
1779472233.99804306 0.78381754 2.02575183 -0.47349967 0.33636355 -0.40242559 0.58635899 0.61733001
1779472234.00837159 0.78832880 2.02105021 -0.48001172 0.33546814 -0.40258544 0.58579211 0.61825052
1779472234.01864815 0.79130734 2.01797870 -0.48114994 0.33621752 -0.40306513 0.58431370 0.61892955
1779472234.02897811 0.78898797 2.01815309 -0.48057552 0.33588182 -0.40388897 0.58505028 0.61787804
1779472234.02916837 0.78622339 2.01943799 -0.47827220 0.33665806 -0.40415303 0.58507984 0.61725461
1779472234.03925800 0.78851075 2.01683547 -0.48067252 0.33661986 -0.40442870 0.58438994 0.61774824
1779472234.04954696 0.78821144 2.01502588 -0.48327158 0.33651580 -0.40476613 0.58433305 0.61763775
1779472234.05983758 0.79289971 2.01068763 -0.48688453 0.33578174 -0.40536501 0.58357108 0.61836448
1779472234.07014775 0.79477796 2.00791791 -0.49092724 0.33569417 -0.40523687 0.58297724 0.61905576
1779472234.08044195 0.79401483 2.00546047 -0.49661770 0.33496924 -0.40515875 0.58345551 0.61904900
1779472234.09075212 0.79394283 2.00385565 -0.49758919 0.33477720 -0.40582945 0.58341844 0.61874841
1779472234.10108376 0.79979801 1.99899558 -0.50380866 0.33392739 -0.40575317 0.58243095 0.62018630
1779472234.11133480 0.80878596 1.99319711 -0.50504925 0.33326583 -0.40696125 0.58058467 0.62148039
1779472234.12160397 0.81295321 1.98894318 -0.51026194 0.33262083 -0.40716744 0.57981186 0.62241165
1779472234.13188958 0.79674413 1.99534447 -0.50915160 0.33345678 -0.40710250 0.58285915 0.61915211
1779472234.14215112 0.79493718 1.99570635 -0.50793335 0.33386270 -0.40774060 0.58280127 0.61856768
1779472234.15251493 0.79419828 1.99451937 -0.50962707 0.33355496 -0.40836547 0.58306000 0.61807748
1779472234.16279459 0.79466912 1.99293693 -0.51173028 0.33353808 -0.40886239 0.58273859 0.61806119
1779472234.17305613 0.79615067 1.99146878 -0.51227498 0.33331199 -0.40959292 0.58242581 0.61799428
1779472234.18341994 0.79715240 1.99006119 -0.51360736 0.33326698 -0.41026547 0.58198257 0.61799001
1779472234.19368243 0.79809839 1.98938513 -0.51220908 0.33317503 -0.41154228 0.58172088 0.61743677
1779472234.20402718 0.79760789 1.98920088 -0.51119655 0.33349690 -0.41252821 0.58142760 0.61688106
1779472234.21434331 0.79654589 1.98905094 -0.51141889 0.33359492 -0.41308753 0.58147035 0.61641330
1779472234.22464824 0.79633923 1.98871321 -0.51073391 0.33539182 -0.41339946 0.57971823 0.61687923
1779472234.23498726 0.79615111 1.98861058 -0.50765730 0.33621272 -0.41461778 0.57906128 0.61623140
1779472234.24524927 0.80329161 1.98445881 -0.51074599 0.33359612 -0.41593686 0.57924308 0.61659355
1779472234.25551271 0.79272126 1.98883359 -0.50694040 0.33836268 -0.41528575 0.57767982 0.61590135
1779472234.26576519 0.79531721 1.98691200 -0.50555244 0.33798573 -0.41668913 0.57727189 0.61554283
1779472234.27602983 0.79115241 1.98707199 -0.50952587 0.33862616 -0.41601664 0.57742547 0.61550166
1779472234.28629947 0.79308537 1.98382112 -0.51578171 0.33758713 -0.41604275 0.57746267 0.61601966
1779472234.29658628 0.79134832 1.98302961 -0.51689865 0.33825514 -0.41623304 0.57701902 0.61594040
1779472234.30690646 0.79540303 1.97907799 -0.52246798 0.33665523 -0.41646152 0.57700701 0.61667331
1779472234.30707097 0.79408654 1.97895693 -0.52397916 0.33658986 -0.41633732 0.57729211 0.61652602
1779472234.31723404 0.78801280 1.98031733 -0.52510304 0.33747044 -0.41606272 0.57787042 0.61568765
1779472234.32748461 0.78687690 1.97855121 -0.52963258 0.33737292 -0.41584922 0.57777647 0.61597345
1779472234.33776402 0.78540006 1.97606304 -0.53671842 0.33702528 -0.41523271 0.57793512 0.61643065
1779472234.34800625 0.79021214 1.97236185 -0.53857444 0.33622899 -0.41589941 0.57711649 0.61718255
1779472234.35831261 0.79471153 1.96737473 -0.54604369 0.33426219 -0.41604963 0.57702546 0.61823387
1779472234.36855960 0.78891223 1.96767316 -0.54796460 0.33533613 -0.41579525 0.57720405 0.61765644
1779472234.37893963 0.78867685 1.96583155 -0.55080098 0.33521436 -0.41583685 0.57704519 0.61784294
1779472234.37920189 0.78831300 1.96618119 -0.54899899 0.33602765 -0.41603998 0.57636025 0.61790372
1779472234.38936472 0.78894649 1.96375795 -0.55239504 0.33530633 -0.41624855 0.57641689 0.61810224
1779472234.39974546 0.78726997 1.96159318 -0.55797674 0.33531167 -0.41579414 0.57625484 0.61855612
1779472234.41002679 0.78719502 1.95938348 -0.56116880 0.33534040 -0.41590823 0.57574263 0.61894069
1779472234.42038107 0.78341413 1.96004649 -0.55995961 0.33552550 -0.41653760 0.57630686 0.61789115
1779472234.43064976 0.78333759 1.95791210 -0.56227331 0.33599594 -0.41667979 0.57541752 0.61836830
1779472234.44096494 0.77979321 1.95574262 -0.57026467 0.33614099 -0.41565743 0.57548203 0.61891725
1779472234.45132709 0.77748291 1.95463789 -0.57451048 0.33559990 -0.41548671 0.57604972 0.61879739
1779472234.45150709 0.77943956 1.95338648 -0.57415098 0.33611567 -0.41562362 0.57494627 0.61945141
1779472234.46167755 0.77464775 1.95473028 -0.57091674 0.33798823 -0.41602827 0.57434224 0.61872080
1779472234.47205544 0.77348314 1.95255196 -0.57522618 0.33826242 -0.41576239 0.57368750 0.61935679
1779472234.48241162 0.77836985 1.94699401 -0.58131566 0.33611043 -0.41645875 0.57376725 0.61998631
1779472234.49278235 0.77519014 1.94632306 -0.58448128 0.33704569 -0.41586326 0.57316458 0.62043558
1779472234.50310946 0.77350334 1.94466215 -0.58621993 0.33756257 -0.41603243 0.57250891 0.62064650
1779472234.51344109 0.76824266 1.94378938 -0.59126993 0.33889641 -0.41502989 0.57190518 0.62114723
1779472234.52372265 0.76602975 1.94146770 -0.59563816 0.33922045 -0.41469237 0.57146095 0.62160446
1779472234.53395462 0.76148475 1.94052554 -0.59899757 0.34016060 -0.41398880 0.57114807 0.62184719
1779472234.54423189 0.75907855 1.93859011 -0.60215946 0.34091145 -0.41370366 0.57032766 0.62237853
1779472234.55453300 0.75394658 1.93669673 -0.60802756 0.34090543 -0.41298882 0.57080561 0.62241841
1779472234.56487679 0.74941214 1.93513885 -0.61409776 0.34150578 -0.41183388 0.57066656 0.62298182
1779472234.56516671 0.74650720 1.93572259 -0.61427704 0.34229390 -0.41151503 0.57049263 0.62291928
1779472234.57530451 0.74512827 1.93250212 -0.62061149 0.34220891 -0.41074333 0.57018974 0.62375207
1779472234.58563972 0.73853316 1.93126421 -0.62550449 0.34342573 -0.40964386 0.56983147 0.62413361
1779472234.59596634 0.73578614 1.92803516 -0.63221546 0.34402781 -0.40858968 0.56893122 0.62531321
1779472234.60623193 0.73157770 1.92702006 -0.63512124 0.34496033 -0.40794467 0.56842239 0.62568323
1779472234.61650848 0.72584149 1.92587528 -0.63882301 0.34626999 -0.40711671 0.56772818 0.62612921
1779472234.62679124 0.71769639 1.92423336 -0.64671312 0.34757605 -0.40532138 0.56746461 0.62680889
1779472234.63712287 0.71649283 1.92204350 -0.64983327 0.34758557 -0.40518303 0.56704849 0.62726947
1779472234.64753175 0.71189012 1.91994182 -0.65551851 0.34815539 -0.40437816 0.56665165 0.62783122
1779472234.65787172 0.70660807 1.91908723 -0.65885143 0.34976144 -0.40359772 0.56551512 0.62846516
1779472234.66816735 0.69936540 1.91887856 -0.66266558 0.35090499 -0.40287112 0.56541768 0.62838157
1779472234.67852044 0.69121387 1.92074748 -0.66308229 0.35263312 -0.40238832 0.56543883 0.62770412
1779472234.68881941 0.69279842 1.91792271 -0.66537121 0.35342291 -0.40255982 0.56308112 0.62926743
1779472234.69909906 0.68405102 1.91825750 -0.67015790 0.35426352 -0.40180185 0.56372972 0.62869821
1779472234.70941210 0.68376733 1.91770012 -0.66993260 0.35577862 -0.40188719 0.56155264 0.62973558
1779472234.71976161 0.67313798 1.91890329 -0.67479500 0.35733906 -0.40065253 0.56189048 0.62933730
1779472234.73003316 0.67166664 1.91771388 -0.67764449 0.35780333 -0.40075362 0.56083505 0.62995029
1779472234.74039769 0.66620366 1.91783885 -0.68060589 0.35914791 -0.40022451 0.55997168 0.63028948
1779472234.75068378 0.65991550 1.91774262 -0.68610195 0.35959753 -0.39932006 0.56037966 0.63024419
1779472234.76101780 0.65399481 1.91712724 -0.69162949 0.36096104 -0.39811604 0.55936427 0.63112785
1779472234.77131581 0.64626378 1.91692703 -0.69796236 0.36225643 -0.39673431 0.55892950 0.63164071
1779472234.78157663 0.64060418 1.91699598 -0.70158848 0.36289670 -0.39606808 0.55905911 0.63157657
1779472234.79192924 0.63247290 1.91627729 -0.70918329 0.36483580 -0.39396278 0.55782998 0.63286166
1779472234.80220604 0.63065087 1.91358809 -0.71569942 0.36514465 -0.39318071 0.55656575 0.63428139
1779472234.81254148 0.62410317 1.91304091 -0.71980568 0.36538419 -0.39275806 0.55706562 0.63396640
1779472234.82284093 0.61921825 1.91195130 -0.72489711 0.36625876 -0.39158151 0.55642187 0.63475440
1779472234.83310628 0.61390309 1.90909455 -0.73445523 0.36664145 -0.38983230 0.55578380 0.63616758
1779472234.84334707 0.61098992 1.90664919 -0.73981502 0.36658089 -0.38937221 0.55531976 0.63688907
1779472234.85362983 0.60998730 1.90459879 -0.74324902 0.36635450 -0.38931749 0.55488851 0.63742844
1779472234.86399937 0.60837865 1.90111472 -0.74987896 0.36551847 -0.38896807 0.55482773 0.63817417
1779472234.87437677 0.59981863 1.89965198 -0.75748058 0.36647373 -0.38721133 0.55458980 0.63890105
1779472234.88466072 0.59900382 1.89586216 -0.76397206 0.36565529 -0.38697555 0.55428545 0.63977634
1779472234.89501262 0.60374741 1.89261450 -0.76517270 0.36428613 -0.38828368 0.55358528 0.64037079
1779472234.90532279 0.59656712 1.89092294 -0.77192976 0.36508582 -0.38690266 0.55321102 0.64107429
1779472234.91562843 0.59743623 1.88731878 -0.77630515 0.36403884 -0.38732970 0.55286745 0.64170788
1779472234.92592049 0.59626515 1.88639233 -0.77634438 0.36404326 -0.38795627 0.55257412 0.64157952
1779472234.93626881 0.58959819 1.88577951 -0.77993330 0.36510000 -0.38719766 0.55206437 0.64187607
1779472234.94661331 0.58639614 1.88393508 -0.78317837 0.36470712 -0.38740475 0.55231228 0.64176118
1779472234.95689321 0.58607132 1.88279288 -0.78248743 0.36436654 -0.38866561 0.55211995 0.64135765
1779472234.96718550 0.58110298 1.88246474 -0.78459800 0.36557594 -0.38796517 0.55123205 0.64185706
1779472234.97747946 0.57997250 1.88032843 -0.78723201 0.36468760 -0.38868841 0.55160085 0.64160797
1779472234.98777986 0.57598897 1.88018677 -0.78739210 0.36535224 -0.38901347 0.55113317 0.64143471
1779472234.99803758 0.57328419 1.87819772 -0.79174375 0.36513270 -0.38866706 0.55121634 0.64169819
1779472235.00830913 0.56781545 1.87826495 -0.79239353 0.36636589 -0.38842985 0.55040209 0.64183785
1779472235.01857734 0.56552123 1.87593061 -0.79656364 0.36578929 -0.38855304 0.55063698 0.64189068
1779472235.02890420 0.56139141 1.87515225 -0.79923766 0.36614678 -0.38816024 0.55054680 0.64200185
1779472235.02907252 0.56045590 1.87454348 -0.80059014 0.36614376 -0.38801419 0.55050448 0.64212815
1779472235.03913164 0.55706257 1.87405858 -0.80186323 0.36608258 -0.38830254 0.55098130 0.64157953
1779472235.04942656 0.55542161 1.87135993 -0.80678123 0.36549396 -0.38819221 0.55089677 0.64205430
1779472235.05975842 0.55011122 1.87033089 -0.81011245 0.36597712 -0.38774322 0.55080548 0.64212870
1779472235.07007647 0.54981088 1.86890165 -0.81141722 0.36613284 -0.38793954 0.55000280 0.64260920
1779472235.08036971 0.54859092 1.86574510 -0.81701266 0.36506570 -0.38795321 0.55037198 0.64289192
1779472235.09067464 0.54026287 1.86575325 -0.82021650 0.36658161 -0.38678200 0.54985787 0.64317488
1779472235.10114837 0.53978666 1.86453428 -0.82126162 0.36625338 -0.38730485 0.54983084 0.64307034
1779472235.10159707 0.53647417 1.86464991 -0.82252473 0.36655391 -0.38690760 0.55016383 0.64285341
1779472235.11179471 0.53254416 1.86221963 -0.82941902 0.36604844 -0.38598668 0.55074491 0.64319738
1779472235.12247133 0.52792269 1.86147389 -0.83163278 0.36683122 -0.38561268 0.55022191 0.64342332
1779472235.13305116 0.52394458 1.86165356 -0.83103431 0.36695462 -0.38631379 0.55068161 0.64253850
1779472235.14341450 0.52021297 1.85934866 -0.83625285 0.36722865 -0.38554878 0.55022988 0.64322806
1779472235.15370154 0.51606467 1.85847575 -0.83938365 0.36715583 -0.38529963 0.55080214 0.64292908
1779472235.16396666 0.51097687 1.85778413 -0.84211123 0.36797974 -0.38475081 0.55036758 0.64315881
1779472235.17424679 0.50630210 1.85696512 -0.84442185 0.36837866 -0.38454409 0.55037151 0.64305071
1779472235.18459153 0.50349414 1.85483140 -0.84902551 0.36822549 -0.38422383 0.55031857 0.64337509
1779472235.19486499 0.49974011 1.85502236 -0.84929611 0.36919893 -0.38406089 0.54975730 0.64339435
1779472235.20514083 0.49643837 1.85400300 -0.85151558 0.36924176 -0.38416418 0.54987420 0.64320819
1779472235.21541333 0.49480898 1.85181234 -0.85560083 0.36917145 -0.38396193 0.54943548 0.64374400
1779472235.22569823 0.49111165 1.85228153 -0.85506195 0.36960102 -0.38432208 0.54970182 0.64305484
1779472235.23599648 0.48664875 1.85119458 -0.85844150 0.36999002 -0.38391962 0.54968992 0.64308173
1779472235.24628162 0.48291809 1.85000777 -0.86138283 0.37041145 -0.38359332 0.54939270 0.64328779
1779472235.25653338 0.48249596 1.84884687 -0.86307419 0.37056316 -0.38367279 0.54873692 0.64371262
1779472235.26685309 0.47731407 1.84891924 -0.86379014 0.37121204 -0.38370583 0.54892717 0.64315661
1779472235.27712154 0.47461234 1.84609067 -0.87032494 0.37147038 -0.38263056 0.54815362 0.64430677
1779472235.28746724 0.46955990 1.84559124 -0.87297345 0.37234720 -0.38208222 0.54777403 0.64444888
1779472235.29771471 0.46682519 1.84540736 -0.87390690 0.37290238 -0.38202739 0.54744409 0.64444073
1779472235.30802870 0.46668753 1.84346185 -0.87703748 0.37281214 -0.38213108 0.54678995 0.64498658
1779472235.31828737 0.46112924 1.84358822 -0.87907637 0.37380003 -0.38165529 0.54655177 0.64489839
1779472235.32851553 0.46094088 1.84375678 -0.87800370 0.37413533 -0.38236558 0.54604482 0.64471263
1779472235.33880496 0.45819697 1.84282928 -0.88094727 0.37507126 -0.38179659 0.54482268 0.64553944
1779472235.34906530 0.45851527 1.84246136 -0.88165315 0.37497165 -0.38262019 0.54457263 0.64532062
1779472235.35934401 0.45342389 1.84311879 -0.88314695 0.37659966 -0.38173158 0.54350894 0.64579543
1779472235.36962152 0.45273156 1.84337472 -0.88326733 0.37702678 -0.38236266 0.54293747 0.64565355
1779472235.37995052 0.45096806 1.84395644 -0.88347159 0.37793178 -0.38266467 0.54198967 0.64574183
1779472235.39024186 0.44815985 1.84470778 -0.88364871 0.37880032 -0.38292187 0.54147121 0.64551537
1779472235.40052414 0.44989029 1.84584777 -0.88086237 0.37910776 -0.38425154 0.54078202 0.64512237
1779472235.41082144 0.44429950 1.84719985 -0.88163574 0.38130940 -0.38333856 0.53911063 0.64576654
1779472235.42107773 0.44360884 1.84869145 -0.87974941 0.38113306 -0.38496707 0.53998060 0.64417303
1779472235.43138790 0.44338223 1.85022814 -0.87701518 0.38193704 -0.38586074 0.53922895 0.64379167
1779472235.44169593 0.44461856 1.85046385 -0.87590346 0.38225024 -0.38687949 0.53837099 0.64371243
1779472235.45198846 0.43799811 1.85291658 -0.87465517 0.38367424 -0.38693458 0.53867673 0.64257536
1779472235.46228456 0.43735785 1.85281470 -0.87535666 0.38405441 -0.38711756 0.53816969 0.64266289
1779472235.46249342 0.43853170 1.85164856 -0.87723213 0.38340632 -0.38730360 0.53837322 0.64276729
1779472235.47260118 0.43456314 1.85234278 -0.87780124 0.38469041 -0.38676680 0.53763639 0.64294000
1779472235.48289752 0.43479309 1.85156319 -0.87939431 0.38397408 -0.38765388 0.53842868 0.64217048
1779472235.49320531 0.43272921 1.85055552 -0.88215438 0.38422523 -0.38745170 0.53817812 0.64235229
1779472235.50361872 0.42869956 1.85021507 -0.88439961 0.38494307 -0.38679570 0.53804344 0.64243068
1779472235.51394486 0.42837014 1.84836565 -0.88825402 0.38454501 -0.38677094 0.53808051 0.64265290
1779472235.52421737 0.43433408 1.84587488 -0.88934939 0.38304893 -0.38824448 0.53807753 0.64266034
1779472235.53451824 0.42974885 1.84651235 -0.88997224 0.38378181 -0.38801500 0.53845618 0.64204426
1779472235.53469586 0.42734981 1.84455289 -0.89504009 0.38366316 -0.38692230 0.53856692 0.64268140
1779472235.54484081 0.43771560 1.84173620 -0.89460000 0.38145324 -0.38925065 0.53844661 0.64269169
1779472235.55510616 0.43169990 1.84300546 -0.89491361 0.38272071 -0.38892421 0.53865474 0.64196097
1779472235.56542897 0.43037096 1.84166096 -0.89750038 0.38302686 -0.38868306 0.53819306 0.64231156
1779472235.57576823 0.43159683 1.84085295 -0.89788322 0.38250257 -0.38947577 0.53852243 0.64186759
1779472235.58605146 0.43071969 1.83854711 -0.90245680 0.38264302 -0.38887381 0.53788676 0.64268134
1779472235.59631920 0.43097998 1.83671256 -0.90541543 0.38234710 -0.38900323 0.53783830 0.64281968
1779472235.60666227 0.43137571 1.83519926 -0.90785507 0.38212320 -0.38904926 0.53765690 0.64307666
1779472235.60682702 0.43116034 1.83475804 -0.90871443 0.38217675 -0.38895932 0.53752179 0.64321218
1779472235.61692071 0.43098752 1.83463348 -0.90862898 0.38238616 -0.38936367 0.53736236 0.64297624
1779472235.62718058 0.43317016 1.83265369 -0.91122176 0.38151863 -0.39005961 0.53773912 0.64275475
1779472235.63753772 0.43617312 1.83218956 -0.91036132 0.38138090 -0.39115871 0.53716327 0.64265005
1779472235.64786315 0.43389620 1.83121602 -0.91367885 0.38199433 -0.39034804 0.53659120 0.64325627
1779472235.65816712 0.43423642 1.82984859 -0.91614463 0.38200375 -0.39047594 0.53628730 0.64342645
1779472235.66848016 0.43783479 1.83049425 -0.91296156 0.38193529 -0.39215237 0.53590968 0.64276183
1779472235.67873907 0.43379594 1.82861232 -0.91902373 0.38262412 -0.39049726 0.53536945 0.64380915
1779472235.68904471 0.42939981 1.82973638 -0.91886441 0.38453072 -0.38988028 0.53414378 0.64406515
1779472235.69936657 0.43837340 1.82744192 -0.91917848 0.38256447 -0.39206894 0.53444565 0.64365691
1779472235.70978260 0.43440693 1.82509612 -0.92579891 0.38321544 -0.39045078 0.53386729 0.64473237
1779472235.72009325 0.43704112 1.82551689 -0.92395246 0.38247800 -0.39204388 0.53485829 0.64338075
1779472235.73042822 0.43940392 1.82331020 -0.92713346 0.38223825 -0.39205352 0.53416998 0.64408881
1779472235.74073482 0.43973593 1.82277944 -0.92808536 0.38234826 -0.39241477 0.53408581 0.64387328
1779472235.75103021 0.43586130 1.82252750 -0.93128885 0.38265612 -0.39178286 0.53485357 0.64343776
1779472235.75119519 0.43379307 1.82308590 -0.93124406 0.38335544 -0.39145741 0.53458095 0.64344612
1779472235.76134086 0.44131143 1.81829977 -0.93693739 0.38051648 -0.39245989 0.53578630 0.64351805
1779472235.77160668 0.44033356 1.81831619 -0.93798644 0.38094020 -0.39252493 0.53575020 0.64325770
1779472235.78191495 0.43424103 1.81975741 -0.93909929 0.38324617 -0.39118824 0.53439673 0.64382783
1779472235.79223228 0.44139901 1.81525451 -0.94467240 0.38011618 -0.39245529 0.53637609 0.64326606
1779472235.80256581 0.43672611 1.81695709 -0.94474372 0.38114561 -0.39226865 0.53699301 0.64225527
1779472235.81287527 0.44273038 1.81535946 -0.94560931 0.38009022 -0.39352646 0.53686218 0.64222064
1779472235.82320189 0.44369841 1.81220337 -0.95193280 0.37867746 -0.39324072 0.53805001 0.64223617
1779472235.83352709 0.44049172 1.81211820 -0.95496106 0.37910397 -0.39273157 0.53860959 0.64182692
1779472235.84378386 0.44298331 1.81193166 -0.95500670 0.37888943 -0.39351969 0.53852414 0.64154252
1779472235.85409021 0.44422455 1.80856051 -0.96224393 0.37761435 -0.39314728 0.53952817 0.64167902
1779472235.86443782 0.44353855 1.80710096 -0.96600693 0.37747570 -0.39266430 0.53974632 0.64187285
1779472235.87473750 0.44194012 1.80684059 -0.96838922 0.37779841 -0.39243119 0.54001527 0.64159927
1779472235.88501143 0.44407800 1.80548822 -0.97096008 0.37694534 -0.39298010 0.54084800 0.64106342
1779472235.89529967 0.44212404 1.80430962 -0.97482179 0.37740878 -0.39208402 0.54053828 0.64160043
1779472235.90561223 0.44483049 1.80389148 -0.97542672 0.37698284 -0.39289833 0.54079394 0.64113707
1779472235.91588330 0.44462963 1.80142083 -0.98130720 0.37649830 -0.39231324 0.54128826 0.64136290
1779472235.92619419 0.44007909 1.80198215 -0.98311657 0.37781092 -0.39136399 0.54092025 0.64148143
1779472235.92637300 0.44230149 1.80060999 -0.98491944 0.37711229 -0.39155432 0.54111318 0.64161364
1779472235.93653631 0.44454921 1.80018502 -0.98511495 0.37686475 -0.39218326 0.54117366 0.64132388
1779472235.94686818 0.44427438 1.79937396 -0.98787960 0.37704315 -0.39198386 0.54117310 0.64134140
1779472235.95712948 0.43689355 1.80062638 -0.99015091 0.37949548 -0.39030251 0.54000341 0.64190610
1779472235.96742225 0.44466259 1.79743982 -0.99276357 0.37747083 -0.39158989 0.54056292 0.64184489
1779472235.97774172 0.44113768 1.79703813 -0.99615957 0.37874981 -0.39041757 0.53964567 0.64257704
1779472235.98801208 0.44192725 1.79987364 -0.99180578 0.37956400 -0.39177503 0.53967397 0.64124528
1779472235.99828434 0.44977524 1.79497851 -0.99776321 0.37725816 -0.39237085 0.53992252 0.64203198
1779472235.99848533 0.44424996 1.79647802 -0.99825272 0.37881296 -0.39127418 0.53946656 0.64216905
1779472236.00860548 0.44088686 1.79737215 -0.99869291 0.38049624 -0.39046736 0.53819243 0.64273382
1779472236.01889467 0.44798735 1.79307122 -1.00453231 0.37838880 -0.39115161 0.53875986 0.64308642
1779472236.02917004 0.45704088 1.78928059 -1.00814677 0.37622736 -0.39242417 0.53906874 0.64332040
1779472236.03947139 0.45157383 1.79125089 -1.00810774 0.37811643 -0.39160777 0.53845028 0.64322827
1779472236.04979825 0.45686886 1.78765821 -1.01294817 0.37697393 -0.39178882 0.53808954 0.64408992
1779472236.06013536 0.45870970 1.78909499 -1.01071281 0.37730888 -0.39284434 0.53797112 0.64334937
1779472236.07042909 0.46344294 1.78427749 -1.01800115 0.37572354 -0.39250791 0.53793948 0.64450793
1779472236.08082986 0.46033424 1.78483291 -1.01957944 0.37709437 -0.39181772 0.53714945 0.64478615
1779472236.09107256 0.46529910 1.78143490 -1.02438729 0.37573469 -0.39209616 0.53731837 0.64526972
1779472236.10137725 0.46139303 1.78279718 -1.02468669 0.37823301 -0.39093367 0.53499054 0.64644859
1779472236.11172366 0.46568432 1.77932899 -1.03011452 0.37600308 -0.39151831 0.53680607 0.64589035
1779472236.12202001 0.46725923 1.77799078 -1.03267767 0.37598466 -0.39147431 0.53640029 0.64626476
1779472236.13231611 0.46668617 1.77738499 -1.03521232 0.37669698 -0.39098273 0.53553016 0.64686887
1779472236.14268827 0.46768380 1.77746299 -1.03580609 0.37665380 -0.39136506 0.53582773 0.64641624
1779472236.14293122 0.47122980 1.77515896 -1.03842775 0.37574777 -0.39151701 0.53568779 0.64696726
1779472236.15308046 0.47365483 1.77161769 -1.04377248 0.37557449 -0.39056437 0.53411057 0.64894466
1779472236.16333580 0.48038913 1.76469722 -1.05390031 0.37269010 -0.39050111 0.53522698 0.64972537
1779472236.17365575 0.48069840 1.76443951 -1.05523125 0.37284812 -0.39064870 0.53535432 0.64944101
1779472236.18400216 0.48310132 1.76427564 -1.05511686 0.37365437 -0.39072806 0.53348237 0.65046948
1779472236.19432616 0.48599452 1.76078457 -1.06094431 0.37245630 -0.39061931 0.53405213 0.65075431
1779472236.20464373 0.48609881 1.76265038 -1.05823431 0.37378865 -0.39096089 0.53277375 0.65083312
1779472236.21494031 0.48342704 1.76200106 -1.06189887 0.37492987 -0.38975082 0.53165967 0.65181277
1779472236.22522640 0.48431185 1.75864521 -1.06830755 0.37336521 -0.38971309 0.53366323 0.65109575
1779472236.23551440 0.49194123 1.75605101 -1.07000688 0.37278966 -0.39042418 0.53205040 0.65231833
1779472236.24584293 0.48436817 1.75678802 -1.07322250 0.37490636 -0.38858553 0.53115746 0.65293052
1779472236.25613070 0.48937160 1.75408268 -1.07586951 0.37294670 -0.38970736 0.53287827 0.65198135
1779472236.26646399 0.48884615 1.75308127 -1.07859591 0.37422352 -0.38861123 0.53069723 0.65368075
1779472236.27678466 0.49232677 1.75151719 -1.08021308 0.37361711 -0.38923004 0.53086860 0.65352028
1779472236.28703976 0.49143023 1.74767454 -1.08745050 0.37299062 -0.38810637 0.53125284 0.65423380
1779472236.29735351 0.49710252 1.74587356 -1.08825647 0.37218423 -0.38905410 0.53105693 0.65428919
1779472236.30768585 0.49652582 1.74299240 -1.09401816 0.37106679 -0.38877602 0.53293226 0.65356396
1779472236.31801391 0.49742656 1.74110031 -1.09706015 0.37143005 -0.38820735 0.53181988 0.65460094
1779472236.32833672 0.49211608 1.74126465 -1.09977611 0.37308587 -0.38675837 0.53069089 0.65543273
1779472236.33861589 0.50534144 1.73565076 -1.10276774 0.36934629 -0.38920775 0.53247459 0.65465369
1779472236.34888697 0.50713517 1.73583344 -1.10179430 0.37007197 -0.38956217 0.53131113 0.65497827
1779472236.35918427 0.50066558 1.73666235 -1.10439744 0.37095617 -0.38866226 0.53244879 0.65408826
1779472236.36946416 0.49899471 1.73982682 -1.10046422 0.37333012 -0.38875628 0.53019056 0.65451596
1779472236.37973285 0.50654768 1.73610851 -1.10297218 0.37153327 -0.38996184 0.53063813 0.65445853
1779472236.38997984 0.51037594 1.73317430 -1.10592757 0.36966962 -0.39083803 0.53253682 0.65344820
1779472236.40030622 0.51544103 1.73110924 -1.10671810 0.36886936 -0.39180427 0.53245109 0.65339165
1779472236.41056561 0.51795449 1.72837409 -1.10966900 0.36840129 -0.39186059 0.53215905 0.65385970
1779472236.42084241 0.51816282 1.72642781 -1.11264789 0.36861826 -0.39137552 0.53152620 0.65454235
1779472236.43115973 0.51970974 1.72483144 -1.11446790 0.36776001 -0.39187783 0.53265315 0.65380805
1779472236.44139743 0.52557727 1.72090602 -1.11796764 0.36644987 -0.39238813 0.53241611 0.65443039
1779472236.45169115 0.52383136 1.72045604 -1.11996753 0.36631529 -0.39246272 0.53369468 0.65341879
1779472236.46200204 0.53069404 1.71672868 -1.12253449 0.36466959 -0.39333779 0.53378567 0.65373873
1779472236.47230625 0.52577031 1.71865308 -1.12228789 0.36681377 -0.39256255 0.53237370 0.65415637
1779472236.48255920 0.52857647 1.71639364 -1.12500174 0.36564560 -0.39321783 0.53351476 0.65348683
1779472236.49280810 0.52282425 1.71869588 -1.12511905 0.36766350 -0.39239265 0.53260374 0.65359377
1779472236.50308490 0.51863999 1.72123362 -1.12391369 0.36993081 -0.39184979 0.53088700 0.65403664
1779472236.51339078 0.52412728 1.71990839 -1.12440314 0.36865296 -0.39339180 0.53179423 0.65309477
1779472236.52371955 0.52415523 1.72055823 -1.12443033 0.36919681 -0.39373141 0.53134173 0.65295119
1779472236.53402448 0.51980416 1.72324200 -1.12344829 0.37137234 -0.39308568 0.52970921 0.65343277
1779472236.54430461 0.52087912 1.72359721 -1.12360969 0.37164153 -0.39367200 0.52948007 0.65311238
1779472236.55461097 0.52189807 1.72384860 -1.12440240 0.37207589 -0.39397328 0.52871861 0.65330025
1779472236.56490803 0.52107803 1.72388450 -1.12605775 0.37215938 -0.39400881 0.52903567 0.65297451
1779472236.57513022 0.52110207 1.72310260 -1.12871046 0.37258183 -0.39376276 0.52816580 0.65358592
1779472236.58541131 0.52243665 1.72173684 -1.13146446 0.37244682 -0.39389451 0.52779746 0.65388097
1779472236.59566045 0.51944645 1.72221032 -1.13314900 0.37296563 -0.39356896 0.52809035 0.65354471
1779472236.59583259 0.51843277 1.72194911 -1.13449009 0.37322921 -0.39320822 0.52782034 0.65382945
1779472236.60593438 0.52102724 1.71925014 -1.13817564 0.37232192 -0.39333220 0.52790819 0.65420112
1779472236.61620879 0.51851764 1.71932060 -1.14035212 0.37304742 -0.39298833 0.52760377 0.65424006
1779472236.62646413 0.51866426 1.71801078 -1.14333985 0.37302744 -0.39293915 0.52734977 0.65448574
1779472236.63680243 0.51979983 1.71732954 -1.14426265 0.37285540 -0.39334419 0.52730690 0.65437499
1779472236.64706349 0.51889049 1.71691647 -1.14608258 0.37325489 -0.39335952 0.52698767 0.65439519
1779472236.65742135 0.51817549 1.71682138 -1.14733840 0.37369666 -0.39346139 0.52651084 0.65446564
1779472236.66767597 0.52035927 1.71564312 -1.14833095 0.37324729 -0.39410348 0.52656732 0.65429028
1779472236.67792559 0.51707064 1.71618445 -1.14945414 0.37415663 -0.39386043 0.52628605 0.65414355
1779472236.68817878 0.51644247 1.71780930 -1.14725477 0.37496412 -0.39467472 0.52595926 0.65345285
1779472236.69840288 0.51926654 1.71720874 -1.14687429 0.37472849 -0.39561665 0.52561283 0.65329716
1779472236.69857311 0.51757484 1.71675169 -1.14846787 0.37500234 -0.39517394 0.52549199 0.65350514
1779472236.70869803 0.51699700 1.71640701 -1.14924383 0.37524765 -0.39533540 0.52530901 0.65341377
1779472236.71898389 0.51464083 1.71581498 -1.15100788 0.37602436 -0.39505160 0.52461209 0.65369876
1779472236.72923064 0.51959079 1.71297661 -1.15267074 0.37485566 -0.39616350 0.52460800 0.65370036
1779472236.73956299 0.51720118 1.71524611 -1.15022066 0.37569096 -0.39676763 0.52485966 0.65265158
1779472236.74989104 0.51583088 1.71242344 -1.15493067 0.37586394 -0.39608592 0.52406973 0.65360014
1779472236.76014185 0.51570550 1.71233661 -1.15437683 0.37593922 -0.39684797 0.52420597 0.65298506
1779472236.77046776 0.51594030 1.71394164 -1.15178312 0.37638549 -0.39786492 0.52420807 0.65210687
1779472236.78079319 0.51494199 1.71180643 -1.15532117 0.37627103 -0.39765900 0.52407150 0.65240823
1779472236.79113364 0.50963672 1.71341485 -1.15573345 0.37799004 -0.39712214 0.52305101 0.65256047
1779472236.80141830 0.50816352 1.71192666 -1.15871821 0.37803381 -0.39696427 0.52297738 0.65269018
1779472236.81170130 0.50764245 1.71194800 -1.15896569 0.37804312 -0.39743509 0.52327170 0.65216216
1779472236.82197857 0.50688528 1.71071980 -1.16158375 0.37815660 -0.39739616 0.52291934 0.65240267
1779472236.83223224 0.49973851 1.71159567 -1.16416757 0.37965560 -0.39630537 0.52242327 0.65259299
1779472236.84254956 0.50118441 1.70909630 -1.16764282 0.37888205 -0.39647286 0.52257258 0.65282124
1779472236.85284662 0.49310498 1.71065867 -1.16998988 0.38055275 -0.39536153 0.52222358 0.65280273
1779472236.86306930 0.48725481 1.71130110 -1.17268386 0.38168546 -0.39452676 0.52189732 0.65290737
1779472236.87337565 0.48741918 1.70946973 -1.17588003 0.38146451 -0.39435017 0.52129193 0.65362642
1779472236.87355232 0.48612050 1.70948594 -1.17674829 0.38164442 -0.39415773 0.52126851 0.65365615
1779472236.88370991 0.48435708 1.70890807 -1.17917701 0.38194851 -0.39388290 0.52084540 0.65398140
1779472236.89397883 0.47984961 1.70948697 -1.18142797 0.38277763 -0.39342351 0.52054909 0.65400907
1779472236.90422535 0.47276754 1.70953051 -1.18546696 0.38388919 -0.39218692 0.52029917 0.65429908
1779472236.91447997 0.47300514 1.70965435 -1.18588929 0.38430205 -0.39237453 0.51910251 0.65489445
1779472236.92470384 0.46771852 1.70805468 -1.19177647 0.38427894 -0.39144700 0.51998351 0.65476415
1779472236.93494105 0.46231750 1.70598015 -1.19740535 0.38470509 -0.39013796 0.51940586 0.65575293
1779472236.94517422 0.45470629 1.70623937 -1.20069144 0.38602136 -0.38867781 0.51889944 0.65624725
1779472236.95541692 0.45143956 1.70342208 -1.20622102 0.38579369 -0.38784191 0.51892013 0.65685903
1779472236.96568489 0.44910401 1.69958642 -1.21301911 0.38530026 -0.38692975 0.51857427 0.65795882
1779472236.97600770 0.45147838 1.69487196 -1.21860237 0.38385859 -0.38676611 0.51850176 0.65895409
1779472236.98629284 0.44880881 1.69140368 -1.22477614 0.38352618 -0.38589049 0.51814678 0.65993948
1779472236.99659348 0.44621401 1.68630701 -1.23298964 0.38263045 -0.38473857 0.51827275 0.66103217
1779472237.00696921 0.44308214 1.68225886 -1.24001857 0.38203640 -0.38373388 0.51842285 0.66184156
1779472237.01727676 0.44066617 1.68051528 -1.24318282 0.38207510 -0.38321026 0.51806482 0.66240272
1779472237.02763462 0.43551984 1.67840695 -1.24812767 0.38235042 -0.38218009 0.51781500 0.66303406
1779472237.03792953 0.43498830 1.67466149 -1.25343073 0.38163513 -0.38180428 0.51744879 0.66394795
1779472237.04825711 0.43403545 1.67189391 -1.25757987 0.38111205 -0.38148362 0.51739278 0.66447616
1779472237.05855274 0.43188384 1.66891544 -1.26237422 0.38079804 -0.38097749 0.51708083 0.66518901
1779472237.06881833 0.42974131 1.66664466 -1.26637128 0.38058231 -0.38064190 0.51683753 0.66569348
1779472237.07908916 0.42789272 1.66431438 -1.27037220 0.38027550 -0.38043201 0.51669047 0.66610283
1779472237.08934879 0.42558664 1.66325118 -1.27274144 0.38048606 -0.38010688 0.51614266 0.66659273
1779472237.09965491 0.42452338 1.66124686 -1.27605539 0.38017795 -0.38012898 0.51591776 0.66692994
1779472237.10997176 0.41989688 1.66148966 -1.27753240 0.38101556 -0.37977656 0.51530393 0.66712725
1779472237.12030315 0.41745175 1.66082565 -1.27936691 0.38117482 -0.37962936 0.51513839 0.66724788
1779472237.13057756 0.42210099 1.65484467 -1.28608754 0.37885730 -0.38027103 0.51599307 0.66754194
1779472237.14083648 0.41380827 1.65770592 -1.28542667 0.38104337 -0.37954828 0.51461657 0.66777154
1779472237.15113688 0.40979386 1.65650278 -1.28850593 0.38138857 -0.37887872 0.51425088 0.66823627
1779472237.15131974 0.41261953 1.65401204 -1.29082514 0.38034415 -0.37920679 0.51454030 0.66842264
1779472237.16150594 0.40608559 1.65535981 -1.29145120 0.38182740 -0.37838884 0.51348669 0.66885061
1779472237.17185283 0.40164264 1.65426076 -1.29439103 0.38217239 -0.37795755 0.51336579 0.66899022
1779472237.18211746 0.40126438 1.65087976 -1.29911781 0.38150119 -0.37785469 0.51314706 0.66959896
1779472237.19239831 0.40063561 1.64687022 -1.30436752 0.38063923 -0.37744510 0.51317415 0.67029939
1779472237.20274329 0.39518904 1.64746895 -1.30537178 0.38188287 -0.37693102 0.51188292 0.67086836
1779472237.21299958 0.39495537 1.64505897 -1.30859190 0.38146333 -0.37708088 0.51137228 0.67141204
1779472237.22330093 0.39094886 1.64492028 -1.30983686 0.38224225 -0.37659745 0.51042026 0.67196456
1779472237.23365855 0.38700788 1.64309850 -1.31354296 0.38248807 -0.37601828 0.50981623 0.67260727
1779472237.24393892 0.38657982 1.64190155 -1.31514452 0.38241688 -0.37639503 0.50909466 0.67298346
1779472237.25422263 0.38624417 1.63988310 -1.31775957 0.38209909 -0.37660006 0.50849188 0.67350478
1779472237.26450634 0.38433584 1.63798419 -1.32084971 0.38189757 -0.37636695 0.50834993 0.67385645
1779472237.27473426 0.38380241 1.63729238 -1.32187324 0.38186707 -0.37686427 0.50782911 0.67398847
1779472237.28500557 0.37470191 1.63919286 -1.32206527 0.38381610 -0.37586972 0.50669243 0.67429217
1779472237.29531908 0.37522936 1.63685672 -1.32470345 0.38332039 -0.37604019 0.50628132 0.67478772
1779472237.30569625 0.37398405 1.63564766 -1.32673675 0.38307684 -0.37640537 0.50636981 0.67465603
1779472237.31597066 0.37272834 1.63351260 -1.32985100 0.38276477 -0.37645082 0.50613994 0.67498021
1779472237.32631445 0.37036871 1.63268159 -1.33150210 0.38284441 -0.37657651 0.50596515 0.67499597
1779472237.33663034 0.36754950 1.63354043 -1.33132057 0.38352584 -0.37666097 0.50540066 0.67498489
1779472237.34694982 0.36509911 1.63457608 -1.33082283 0.38406143 -0.37714036 0.50513531 0.67461121
1779472237.35721207 0.36315363 1.63383425 -1.33240244 0.38420060 -0.37727239 0.50469251 0.67478953
1779472237.36750293 0.35812373 1.63248556 -1.33571171 0.38458919 -0.37645097 0.50451692 0.67515813
1779472237.37780094 0.35757732 1.63219493 -1.33624273 0.38458333 -0.37707194 0.50426794 0.67500094
1779472237.38803315 0.35368987 1.63255915 -1.33683604 0.38526713 -0.37700694 0.50374852 0.67503513
1779472237.39832067 0.35287139 1.63197749 -1.33792882 0.38532574 -0.37719892 0.50326796 0.67525285
1779472237.40863609 0.34714439 1.63176245 -1.33978644 0.38612846 -0.37664207 0.50281950 0.67543920
1779472237.41895413 0.34196593 1.63210734 -1.34074655 0.38707474 -0.37622315 0.50200355 0.67573791
1779472237.42928839 0.33817102 1.63162670 -1.34232630 0.38767728 -0.37591710 0.50122306 0.67614207
1779472237.43955064 0.33822915 1.63193252 -1.34183251 0.38776181 -0.37652873 0.50091935 0.67597833
1779472237.44984913 0.32880908 1.63157134 -1.34490535 0.38909870 -0.37502266 0.50025747 0.67653727
1779472237.46016979 0.32471604 1.63136348 -1.34628639 0.38981107 -0.37464592 0.49931552 0.67703159
1779472237.47045755 0.32323081 1.63223905 -1.34560640 0.39033925 -0.37497953 0.49869412 0.67700059
1779472237.48074889 0.31980653 1.63185359 -1.34710409 0.39069048 -0.37487167 0.49849147 0.67700697
1779472237.49100614 0.31523905 1.63275319 -1.34715590 0.39169303 -0.37465100 0.49765340 0.67716637
1779472237.50128245 0.31046592 1.63311554 -1.34803341 0.39266306 -0.37408320 0.49683886 0.67751652
1779472237.50147200 0.30970935 1.63259454 -1.34887437 0.39262859 -0.37399574 0.49685319 0.67757426
1779472237.51159382 0.30585531 1.63132302 -1.35129138 0.39302992 -0.37330387 0.49623821 0.67817353
1779472237.52195692 0.30264569 1.63089233 -1.35250706 0.39332993 -0.37327480 0.49616816 0.67806684
1779472237.53222299 0.29764863 1.63425692 -1.34929746 0.39559538 -0.37294240 0.49330682 0.67901888
1779472237.54248214 0.29430606 1.63181338 -1.35308275 0.39551481 -0.37221111 0.49312222 0.67960091
1779472237.55277443 0.29049616 1.63077636 -1.35527137 0.39595533 -0.37177154 0.49259663 0.67996607
1779472237.56299877 0.28494454 1.63264089 -1.35435439 0.39745280 -0.37137358 0.49139470 0.68017952
1779472237.57326317 0.27789869 1.63597764 -1.35196046 0.39945104 -0.37079777 0.49015538 0.68021731
1779472237.58361483 0.27951183 1.63133296 -1.35758999 0.39814714 -0.37085327 0.49031477 0.68083635
1779472237.59389234 0.27157985 1.63577418 -1.35438890 0.40040542 -0.37052703 0.48926326 0.68044595
1779472237.60416603 0.26795303 1.63509323 -1.35662507 0.40087868 -0.37009201 0.48870179 0.68080743
1779472237.61445951 0.26368791 1.63520489 -1.35818146 0.40157190 -0.36951867 0.48826646 0.68102263
1779472237.62477732 0.26057285 1.63623728 -1.35870515 0.40227021 -0.36955566 0.48778826 0.68093312
1779472237.63504601 0.25904651 1.63789677 -1.35818877 0.40301444 -0.36990547 0.48680363 0.68100773
1779472237.64535618 0.25770933 1.63869986 -1.35859705 0.40336195 -0.37015183 0.48655149 0.68084830
1779472237.65572858 0.25711822 1.64060678 -1.35800741 0.40388608 -0.37085824 0.48607061 0.68049655
1779472237.66602778 0.25425283 1.64435253 -1.35569594 0.40524682 -0.37132224 0.48514142 0.68009750
1779472237.67633104 0.25371241 1.64771531 -1.35346798 0.40614752 -0.37226742 0.48445634 0.67953161
1779472237.68666673 0.25164787 1.65065583 -1.35144226 0.40716929 -0.37269537 0.48387193 0.67910183
1779472237.69695544 0.25192629 1.65493522 -1.34777661 0.40820819 -0.37393999 0.48298926 0.67842194
1779472237.70727444 0.25024566 1.65763361 -1.34630288 0.40920659 -0.37440335 0.48201799 0.67825567
1779472237.71757483 0.24915669 1.66090015 -1.34360443 0.41005904 -0.37520392 0.48184891 0.67741806
1779472237.72786951 0.25051010 1.66277185 -1.34225873 0.41041342 -0.37619628 0.48105842 0.67721487
1779472237.73811221 0.25224536 1.66353472 -1.34205773 0.41034292 -0.37719659 0.48085066 0.67684863
1779472237.74840832 0.25285282 1.66501943 -1.34077407 0.41060521 -0.37800623 0.48066482 0.67636971
1779472237.74859381 0.25215288 1.66500343 -1.34109238 0.41078309 -0.37789807 0.48035875 0.67653956
1779472237.75874305 0.25414567 1.66458167 -1.34171916 0.41043636 -0.37854300 0.48014012 0.67654465
1779472237.76895881 0.25321578 1.66447980 -1.34256450 0.41073806 -0.37862320 0.47934450 0.67688077
1779472237.77922869 0.25437576 1.66382986 -1.34378036 0.41047335 -0.37919345 0.47919519 0.67682784
1779472237.78953624 0.25541290 1.66212718 -1.34603872 0.40994828 -0.37941947 0.47922082 0.67700125
1779472237.79986405 0.25342678 1.66259380 -1.34611170 0.41055699 -0.37941068 0.47856152 0.67710366
1779472237.81023741 0.25574259 1.66007387 -1.34906806 0.40975655 -0.37981700 0.47840902 0.67746839
1779472237.82055259 0.25462086 1.65998462 -1.34945100 0.41008899 -0.37979762 0.47792759 0.67761789
1779472237.83088374 0.25585470 1.65967869 -1.34962215 0.41009015 -0.38030432 0.47728189 0.67778809
1779472237.84117198 0.25571683 1.66015859 -1.34914334 0.41035192 -0.38071821 0.47709348 0.67752990
1779472237.85148215 0.25568086 1.65817111 -1.35190860 0.41020946 -0.38069444 0.47645166 0.67808094
1779472237.86173749 0.25816342 1.65910795 -1.35047279 0.41029800 -0.38165064 0.47592921 0.67785671
1779472237.87204313 0.26004126 1.65752463 -1.35237652 0.40989569 -0.38211107 0.47562538 0.67805395
1779472237.88230729 0.26399272 1.65836515 -1.35072494 0.40989153 -0.38339447 0.47475246 0.67794374
1779472237.89267135 0.26433505 1.66056858 -1.34823033 0.41056048 -0.38415956 0.47422683 0.67747356
1779472237.89301705 0.26529957 1.66077125 -1.34787079 0.41057330 -0.38446592 0.47401569 0.67743977
1779472237.90309000 0.26782332 1.66225192 -1.34575688 0.41095048 -0.38546236 0.47304713 0.67732185
1779472237.91335344 0.27302808 1.66235294 -1.34511819 0.41040295 -0.38694923 0.47288504 0.67691909
1779472237.92363048 0.27492224 1.66585393 -1.34097084 0.41142355 -0.38818503 0.47162230 0.67647280
1779472237.93391442 0.27969187 1.66684129 -1.33898573 0.41130807 -0.38957739 0.47090767 0.67624041
1779472237.94416690 0.28318640 1.67006397 -1.33482214 0.41186802 -0.39120867 0.47024756 0.67541671
1779472237.95442915 0.28538490 1.67396095 -1.32988477 0.41308046 -0.39257489 0.46884752 0.67485664
1779472237.96468377 0.28574577 1.67711971 -1.32649434 0.41381284 -0.39362209 0.46903259 0.67366833
1779472237.97500229 0.28855217 1.68103062 -1.32173814 0.41466940 -0.39517463 0.46840120 0.67267126
1779472237.98529506 0.29256782 1.68010787 -1.32286954 0.41422196 -0.39589758 0.46787691 0.67288667
1779472237.99557114 0.29492352 1.67996589 -1.32312077 0.41402495 -0.39645652 0.46771724 0.67278983
1779472237.99583530 0.29717486 1.67851550 -1.32457067 0.41339567 -0.39665964 0.46778004 0.67301336
1779472238.00593543 0.29698461 1.68020626 -1.32317791 0.41417611 -0.39685394 0.46690579 0.67302606
1779472238.01624393 0.29822282 1.68065964 -1.32343136 0.41434324 -0.39713351 0.46655086 0.67300442
1779472238.02659464 0.29844472 1.68181973 -1.32331022 0.41462308 -0.39766323 0.46716513 0.67209256
1779472238.03696871 0.29916493 1.68113574 -1.32483365 0.41441948 -0.39774249 0.46744374 0.67197750
1779472238.04726291 0.29876095 1.68133026 -1.32590408 0.41466870 -0.39778095 0.46768038 0.67163625
1779472238.05758834 0.29166113 1.68630660 -1.32256815 0.41708160 -0.39714803 0.46718008 0.67086448
1779472238.06793118 0.29244766 1.68342429 -1.32704950 0.41645235 -0.39680996 0.46759670 0.67116512
1779472238.07819223 0.29684042 1.67920580 -1.33198998 0.41503212 -0.39685793 0.46771890 0.67193091
1779472238.08847189 0.30123499 1.67477601 -1.33692024 0.41355558 -0.39700353 0.46817397 0.67243819
1779472238.09872890 0.29770470 1.67383084 -1.33970752 0.41419513 -0.39588896 0.46774720 0.67299843
1779472238.10893416 0.29654345 1.67390213 -1.34053271 0.41448928 -0.39573939 0.46805769 0.67268936
1779472238.11917567 0.28880106 1.67630721 -1.34006908 0.41664053 -0.39420618 0.46697638 0.67301205
1779472238.12943602 0.29610324 1.66837869 -1.34835174 0.41395306 -0.39435614 0.46784473 0.67397879
1779472238.13972473 0.29459461 1.66567445 -1.35247248 0.41376162 -0.39346752 0.46794614 0.67454507
1779472238.14998770 0.29543478 1.66533910 -1.35318132 0.41394435 -0.39360315 0.46786335 0.67441124
1779472238.16027856 0.29006454 1.66716365 -1.35268662 0.41555567 -0.39258546 0.46708089 0.67455585
1779472238.17052960 0.29434846 1.66255633 -1.35761150 0.41406236 -0.39268831 0.46763061 0.67503323
1779472238.18079948 0.29371321 1.66493290 -1.35543447 0.41516128 -0.39298470 0.46716361 0.67450893
1779472238.19108605 0.28656707 1.67050809 -1.35111602 0.41774962 -0.39249220 0.46686396 0.67340417
1779472238.20135117 0.29857733 1.66182550 -1.35914611 0.41440964 -0.39340227 0.46729038 0.67463991
1779472238.21160746 0.30066127 1.66371957 -1.35720448 0.41461098 -0.39452242 0.46818052 0.67324349
1779472238.22198606 0.30427915 1.66372152 -1.35712863 0.41457938 -0.39517614 0.46775050 0.67317845
1779472238.23225546 0.30603360 1.66395547 -1.35731381 0.41465329 -0.39556681 0.46787067 0.67281987
1779472238.24250174 0.30597696 1.66554154 -1.35622590 0.41522026 -0.39585775 0.46800041 0.67220859
1779472238.25277400 0.30801936 1.66314924 -1.35949785 0.41474657 -0.39555696 0.46775942 0.67284552
1779472238.26303339 0.30766037 1.66614130 -1.35702504 0.41596889 -0.39586004 0.46713908 0.67234350
1779472238.27332401 0.30492203 1.66717810 -1.35723130 0.41690726 -0.39513711 0.46644119 0.67267200
1779472238.28365803 0.31014773 1.66140210 -1.36400888 0.41492984 -0.39527245 0.46785766 0.67283143
1779472238.29400468 0.30949764 1.66248393 -1.36438140 0.41543676 -0.39536123 0.46851085 0.67201144
1779472238.30433249 0.31090531 1.66078577 -1.36733254 0.41515159 -0.39507910 0.46857553 0.67230844
1779472238.31461883 0.31468662 1.65490886 -1.37409532 0.41356907 -0.39442422 0.46841402 0.67377924
1779472238.32494402 0.31654906 1.65241668 -1.37780082 0.41308998 -0.39409366 0.46839400 0.67428030
1779472238.33524752 0.31770594 1.65267317 -1.37852731 0.41332569 -0.39419705 0.46840228 0.67406963
1779472238.34558630 0.31947812 1.65141011 -1.38080012 0.41293396 -0.39423670 0.46883681 0.67398444
1779472238.35590935 0.31910456 1.64991183 -1.38402687 0.41313168 -0.39336657 0.46811397 0.67487352
1779472238.36616659 0.31874598 1.64833638 -1.38739591 0.41321206 -0.39257369 0.46769631 0.67557520
1779472238.37645435 0.31922826 1.65072594 -1.38623839 0.41405637 -0.39289858 0.46759514 0.67493912
1779472238.38674259 0.31400917 1.65409012 -1.38487990 0.41576503 -0.39212340 0.46727875 0.67455856
1779472238.39702606 0.31527883 1.65061800 -1.39019899 0.41520077 -0.39130511 0.46704955 0.67553931
1779472238.40733314 0.31997339 1.64386203 -1.39799784 0.41359202 -0.39044565 0.46626324 0.67756360
1779472238.41768026 0.31835604 1.64405179 -1.39953119 0.41403312 -0.38995633 0.46645391 0.67744475
1779472238.42795873 0.31472713 1.64439597 -1.40182809 0.41504115 -0.38877252 0.46597898 0.67783506
1779472238.43822670 0.31352207 1.64106151 -1.40742344 0.41490455 -0.38734884 0.46535809 0.67915899
1779472238.44861245 0.31220675 1.64014693 -1.41040482 0.41535868 -0.38634668 0.46463587 0.67994626
1779472238.45888329 0.31449588 1.63615297 -1.41553210 0.41436613 -0.38585705 0.46480650 0.68071283
1779472238.46923923 0.31459453 1.63182595 -1.42187769 0.41395729 -0.38447884 0.46393558 0.68233361
1779472238.47955918 0.31221975 1.62963567 -1.42629621 0.41416652 -0.38310618 0.46349133 0.68327998
1779472238.48989463 0.31410864 1.62534606 -1.43167107 0.41345655 -0.38224103 0.46264571 0.68476597
1779472238.50022674 0.31376195 1.62179555 -1.43707761 0.41314214 -0.38105831 0.46219924 0.68591545
1779472238.51053810 0.31117171 1.62184894 -1.43908391 0.41404802 -0.37993845 0.46115963 0.68668975
1779472238.52088785 0.30886005 1.62077745 -1.44251718 0.41449632 -0.37881594 0.46092626 0.68719594
1779472238.53116250 0.30948326 1.61992512 -1.44435784 0.41464689 -0.37839246 0.46020990 0.68781826
1779472238.54151416 0.30866545 1.61661879 -1.44984593 0.41453051 -0.37712060 0.45959701 0.68899571
1779472238.55181694 0.30726949 1.61543630 -1.45325347 0.41489417 -0.37616001 0.45913324 0.68961086
1779472238.56211281 0.30856375 1.61389628 -1.45563787 0.41484222 -0.37573636 0.45832019 0.69041345
1779472238.57243490 0.30541842 1.61389814 -1.45775285 0.41580574 -0.37448990 0.45726267 0.69121181
1779472238.58276296 0.30111702 1.61493753 -1.45920511 0.41716816 -0.37314545 0.45605752 0.69191382
1779472238.59308934 0.30221843 1.61371943 -1.46142964 0.41710841 -0.37287432 0.45582191 0.69225119
1779472238.59326458 0.29997213 1.61394652 -1.46205509 0.41760435 -0.37224615 0.45540046 0.69256757
1779472238.60338593 0.29962814 1.61307859 -1.46408640 0.41787545 -0.37161840 0.45471196 0.69319327
1779472238.61370420 0.30040852 1.61032930 -1.46841777 0.41762351 -0.37091526 0.45445557 0.69388948
1779472238.62397480 0.30201460 1.60797694 -1.47199276 0.41734030 -0.37050090 0.45431843 0.69437088
1779472238.63428354 0.30304918 1.60428627 -1.47677879 0.41680237 -0.36971358 0.45383991 0.69542576
1779472238.64460826 0.29328404 1.60683572 -1.47708992 0.41921298 -0.36751302 0.45259157 0.69595655
1779472238.65499902 0.29020831 1.60522773 -1.48066444 0.41979343 -0.36603516 0.45161422 0.69701961
1779472238.66530061 0.29004620 1.59830391 -1.48941791 0.41880097 -0.36442834 0.45140137 0.69859469
1779472238.67558599 0.28862071 1.59966481 -1.48871680 0.41965497 -0.36414265 0.45099775 0.69849185
1779472238.68588591 0.28670040 1.59717662 -1.49269212 0.41993578 -0.36289728 0.45027674 0.69943574
1779472238.69611859 0.28311032 1.59620274 -1.49540595 0.42075305 -0.36149164 0.44927547 0.70031580
1779472238.70639014 0.28180705 1.59382185 -1.49908060 0.42078523 -0.36042522 0.44865321 0.70124443
1779472238.71670127 0.28386031 1.58874315 -1.50484669 0.42006560 -0.35956794 0.44760949 0.70278128
1779472238.72698522 0.28431108 1.58461960 -1.50946034 0.41970251 -0.35869568 0.44699777 0.70383251
1779472238.73732042 0.28555828 1.58107109 -1.51350471 0.41919751 -0.35817993 0.44665283 0.70461467
1779472238.73748779 0.28481466 1.58166341 -1.51314407 0.41958064 -0.35805638 0.44640054 0.70460930
1779472238.74759150 0.28300735 1.58293356 -1.51262810 0.42058389 -0.35760924 0.44545110 0.70483909
1779472238.75784922 0.27898986 1.58314769 -1.51421533 0.42189572 -0.35629850 0.44377664 0.70577452
1779472238.76810503 0.27650918 1.58729261 -1.51073048 0.42375251 -0.35616602 0.44257442 0.70548385
1779472238.77837396 0.27694191 1.58234495 -1.51624855 0.42311618 -0.35518520 0.44190214 0.70678049
1779472238.78865886 0.27944981 1.58105256 -1.51710163 0.42323636 -0.35524179 0.44069346 0.70743447
1779472238.79897356 0.28312731 1.57525059 -1.52282283 0.42215088 -0.35479313 0.43987786 0.70881446
1779472238.80930805 0.27801300 1.57959322 -1.51968987 0.42421580 -0.35415437 0.43874527 0.70860301
1779472238.81958604 0.27405346 1.58015379 -1.52041327 0.42541873 -0.35316829 0.43785271 0.70892600
1779472238.82989359 0.27345538 1.57819320 -1.52284773 0.42571656 -0.35246382 0.43675148 0.70977660
1779472238.84027457 0.27499405 1.57498536 -1.52614523 0.42544562 -0.35201254 0.43570946 0.71080268
1779472238.85054946 0.27422602 1.57410421 -1.52747318 0.42583903 -0.35148183 0.43471321 0.71143944
1779472238.86084914 0.26905675 1.57589716 -1.52736603 0.42753506 -0.35034194 0.43315771 0.71193306
1779472238.87134099 0.26601857 1.57809748 -1.52654297 0.42889332 -0.34988445 0.43253000 0.71172269
1779472238.88165450 0.26567836 1.57601635 -1.52918121 0.42898010 -0.34919167 0.43122495 0.71280172
1779472238.89198971 0.27203439 1.56961680 -1.53521404 0.42728771 -0.34943116 0.43088114 0.71390792
1779472238.90233970 0.26557078 1.57416017 -1.53284985 0.42977679 -0.34823270 0.42836272 0.71451471
1779472238.91266251 0.26165071 1.57778356 -1.53130088 0.43160075 -0.34765109 0.42695058 0.71454371
1779472238.92305493 0.26386570 1.57530013 -1.53434156 0.43113354 -0.34752396 0.42623877 0.71531215
1779472238.93340254 0.26012589 1.57741491 -1.53432786 0.43277151 -0.34653949 0.42375290 0.71627696
1779472238.94367266 0.25899216 1.57872050 -1.53460570 0.43355716 -0.34631473 0.42298352 0.71636529
1779472238.95399261 0.25690359 1.58025552 -1.53467429 0.43469487 -0.34570639 0.42116886 0.71703853
1779472238.95416832 0.25588032 1.58221655 -1.53304343 0.43540726 -0.34568824 0.42060628 0.71694527
1779472238.96433663 0.25266045 1.58340225 -1.53365398 0.43635763 -0.34499694 0.41973312 0.71721213
1779472238.97465205 0.24769510 1.58706743 -1.53234609 0.43829573 -0.34410877 0.41773543 0.71762325
1779472238.98491621 0.24619010 1.58732228 -1.53368876 0.43904534 -0.34346440 0.41598234 0.71849154
1779472238.99520063 0.24297197 1.59027701 -1.53240908 0.44051457 -0.34296362 0.41442647 0.71873053
1779472239.00554109 0.23975186 1.58708221 -1.53745762 0.44073360 -0.34138209 0.41248906 0.72046161
1779472239.01583242 0.23416958 1.59177628 -1.53494427 0.44304478 -0.34050715 0.41002320 0.72086558
1779472239.02609992 0.23207254 1.59211019 -1.53539451 0.44375828 -0.33985285 0.40857192 0.72155916
1779472239.03637075 0.22995245 1.58827219 -1.54113536 0.44356934 -0.33856157 0.40714754 0.72308588
1779472239.04666948 0.22948762 1.58836730 -1.54200062 0.44415813 -0.33822410 0.40531865 0.72390939
1779472239.05704594 0.22539435 1.58733460 -1.54477686 0.44486437 -0.33696495 0.40359979 0.72502243
1779472239.06733322 0.22602285 1.58648782 -1.54628445 0.44499286 -0.33678290 0.40217386 0.72582010
1779472239.07759714 0.22530130 1.58538371 -1.54849019 0.44532945 -0.33619849 0.40019884 0.72697534
1779472239.08790946 0.22233546 1.58577880 -1.54950182 0.44619601 -0.33545886 0.39852979 0.72770219
1779472239.09817076 0.22111057 1.58544985 -1.55071004 0.44659511 -0.33503257 0.39726363 0.72834579
1779472239.10844493 0.22121292 1.58511726 -1.55193873 0.44697215 -0.33486214 0.39560720 0.72909409
1779472239.11873770 0.21839053 1.58475115 -1.55373272 0.44767304 -0.33402247 0.39371925 0.73007054
1779472239.12902737 0.21879649 1.58471876 -1.55473078 0.44806537 -0.33396778 0.39204301 0.73075661
1779472239.13930845 0.21922183 1.58517012 -1.55500481 0.44841077 -0.33407857 0.39107738 0.73101148
1779472239.14960766 0.21714954 1.58595763 -1.55563062 0.44925238 -0.33359353 0.38919722 0.73171934
1779472239.15994167 0.21834162 1.58702917 -1.55557840 0.44977499 -0.33386414 0.38754521 0.73215156
1779472239.17020869 0.21768688 1.58774343 -1.55571661 0.45032886 -0.33371535 0.38628150 0.73254665
1779472239.18052220 0.21857180 1.58790804 -1.55679590 0.45059881 -0.33386240 0.38500337 0.73298637
1779472239.19081807 0.21549279 1.58851217 -1.55792577 0.45146395 -0.33311705 0.38322287 0.73372581
1779472239.20113397 0.21430736 1.58954502 -1.55811982 0.45205200 -0.33296026 0.38232971 0.73390085
1779472239.20132732 0.21425279 1.58903699 -1.55901166 0.45202602 -0.33286252 0.38206371 0.73409968
1779472239.21143079 0.21217658 1.58889747 -1.56058343 0.45244504 -0.33234431 0.38112124 0.73456609
1779472239.22174168 0.21010212 1.58934513 -1.56170673 0.45303016 -0.33196620 0.38026083 0.73482230
1779472239.23200846 0.20733625 1.59076090 -1.56190602 0.45396236 -0.33148629 0.37884598 0.73519435
1779472239.24227357 0.20319741 1.59067715 -1.56367170 0.45456988 -0.33056379 0.37809627 0.73562016
1779472239.25259566 0.20059466 1.59094681 -1.56515194 0.45519751 -0.32996842 0.37678709 0.73617088
1779472239.26288319 0.20027661 1.59049256 -1.56689967 0.45538669 -0.32979944 0.37567436 0.73669809
1779472239.27317476 0.19859172 1.59198314 -1.56653293 0.45605371 -0.32969647 0.37515586 0.73659577
1779472239.28349781 0.19351668 1.58983340 -1.57079858 0.45629557 -0.32830981 0.37416795 0.73756720
1779472239.29377890 0.19153397 1.59092290 -1.57128866 0.45701093 -0.32803515 0.37308884 0.73779311
1779472239.30407524 0.18988086 1.59002009 -1.57326225 0.45712049 -0.32758834 0.37239554 0.73827387
1779472239.30433321 0.18904187 1.58980569 -1.57391989 0.45720321 -0.32740422 0.37222231 0.73839167
1779472239.31441665 0.18811631 1.58925035 -1.57567384 0.45731748 -0.32716705 0.37155680 0.73876111
1779472239.32467842 0.18599369 1.58869163 -1.57763061 0.45762437 -0.32667675 0.37060417 0.73926638
1779472239.33496690 0.18242151 1.58933171 -1.57870766 0.45833849 -0.32607416 0.36961069 0.73958733
1779472239.34528518 0.17992176 1.58845155 -1.58086887 0.45852036 -0.32550797 0.36912201 0.73996796
1779472239.35557485 0.17688785 1.58876966 -1.58207593 0.45914587 -0.32490714 0.36776720 0.74051854
1779472239.36585045 0.17506699 1.58936957 -1.58294992 0.45961873 -0.32475099 0.36715802 0.74059598
1779472239.37615085 0.17537905 1.58969575 -1.58340838 0.45981872 -0.32489351 0.36625298 0.74085741
1779472239.38647270 0.17062208 1.58973399 -1.58541216 0.46049738 -0.32395544 0.36525768 0.74133789
1779472239.39671731 0.16805247 1.58931679 -1.58741129 0.46078543 -0.32353560 0.36466747 0.74163275
1779472239.40695190 0.16665830 1.58977871 -1.58851648 0.46120404 -0.32334909 0.36353339 0.74201056
1779472239.41728425 0.16495099 1.58980370 -1.58983033 0.46146143 -0.32310119 0.36306718 0.74218676
1779472239.42758512 0.16348026 1.58923622 -1.59197700 0.46161224 -0.32283380 0.36214391 0.74266026
1779472239.43780971 0.15797502 1.59027127 -1.59309117 0.46251647 -0.32194158 0.36142239 0.74283645
1779472239.44800377 0.15582781 1.58896588 -1.59573914 0.46251697 -0.32143053 0.36092446 0.74329941
1779472239.45829153 0.15000381 1.58946311 -1.59740876 0.46335445 -0.32037906 0.36002297 0.74366886
1779472239.46858811 0.14776674 1.58873457 -1.59997820 0.46348743 -0.31996107 0.35937279 0.74408031
1779472239.47895575 0.14304892 1.58861983 -1.60183898 0.46402557 -0.31899787 0.35853747 0.74456129
1779472239.48927474 0.13923694 1.58757716 -1.60491855 0.46426552 -0.31823034 0.35796045 0.74501765
1779472239.49954128 0.13403621 1.58712645 -1.60755331 0.46475815 -0.31720937 0.35723740 0.74549280
1779472239.50981522 0.12944117 1.58796530 -1.60891266 0.46547545 -0.31650659 0.35648917 0.74570212
1779472239.52004766 0.12710172 1.58543348 -1.61298336 0.46513009 -0.31586795 0.35643046 0.74621629
1779472239.53034949 0.12272501 1.58589010 -1.61463962 0.46574975 -0.31516173 0.35556530 0.74654107
1779472239.54078794 0.11395102 1.58599166 -1.61704981 0.46672717 -0.31345964 0.35463264 0.74709069
1779472239.55101776 0.11275993 1.58484681 -1.61970462 0.46659735 -0.31324564 0.35438223 0.74738030
1779472239.56127644 0.10713576 1.58436243 -1.62236929 0.46710288 -0.31216766 0.35346164 0.74795128
1779472239.57150865 0.10267412 1.58358149 -1.62536484 0.46742083 -0.31128686 0.35251347 0.74856697
1779472239.58176017 0.09797403 1.58279081 -1.62790642 0.46772883 -0.31036411 0.35193968 0.74902758
1779472239.59197998 0.09616423 1.58257821 -1.63007434 0.46788076 -0.31016597 0.35103075 0.74944118
1779472239.60223937 0.08997559 1.58178269 -1.63319487 0.46835899 -0.30897043 0.35008411 0.75007883
1779472239.61252427 0.08980216 1.58162418 -1.63464463 0.46837807 -0.30904019 0.34911703 0.75048880
1779472239.61268163 0.09035021 1.58159732 -1.63512996 0.46831044 -0.30919973 0.34887812 0.75057639
1779472239.62281418 0.08508995 1.58136144 -1.63718340 0.46879656 -0.30823698 0.34810487 0.75102779
1779472239.63309717 0.08201788 1.58136330 -1.63932564 0.46911209 -0.30784155 0.34716896 0.75142607
1779472239.64337468 0.08089046 1.58143616 -1.64121068 0.46925913 -0.30781656 0.34594341 0.75190957
1779472239.65367579 0.07868166 1.58132243 -1.64294134 0.46944718 -0.30753237 0.34527938 0.75221362
1779472239.66401839 0.07668321 1.58156091 -1.64469302 0.46970820 -0.30737153 0.34401696 0.75269468
1779472239.67441440 0.07510134 1.58313712 -1.64517628 0.47022919 -0.30747492 0.34289641 0.75283845
1779472239.68472075 0.07446385 1.58334529 -1.64689762 0.47035418 -0.30758090 0.34159564 0.75330828
1779472239.69502211 0.07175781 1.58316533 -1.64863266 0.47054646 -0.30721004 0.34086577 0.75367005
1779472239.70531440 0.07108729 1.58223864 -1.65128180 0.47040573 -0.30724196 0.33984365 0.75420629
1779472239.71560359 0.07014573 1.58283967 -1.65263421 0.47061369 -0.30742237 0.33901234 0.75437714
1779472239.72590518 0.06642749 1.58365246 -1.65348407 0.47114188 -0.30691079 0.33795969 0.75472799
1779472239.73618960 0.06387098 1.58352750 -1.65558757 0.47132538 -0.30668018 0.33720522 0.75504457
1779472239.74643230 0.06352192 1.58220897 -1.65862461 0.47101110 -0.30677778 0.33653670 0.75549916
1779472239.75672817 0.05948911 1.58234942 -1.66000238 0.47141646 -0.30614892 0.33565375 0.75589412
1779472239.76707029 0.05849213 1.58293041 -1.66121311 0.47158915 -0.30638361 0.33508470 0.75594378
1779472239.77737045 0.05755001 1.58135253 -1.66447845 0.47126885 -0.30636594 0.33462196 0.75635556
1779472239.78767800 0.05221638 1.57944722 -1.66821476 0.47128991 -0.30540050 0.33407318 0.75697520
1779472239.79800630 0.05245999 1.57801648 -1.67077435 0.47090119 -0.30558939 0.33373498 0.75729001
1779472239.80845666 0.04885032 1.57755295 -1.67301906 0.47108671 -0.30514864 0.33316289 0.75760419
1779472239.81883216 0.04430094 1.57605850 -1.67614736 0.47112704 -0.30445515 0.33281105 0.75801265
1779472239.82919407 0.04591110 1.57318817 -1.68032948 0.47026396 -0.30488622 0.33243545 0.75853996
1779472239.83952975 0.04257891 1.57325174 -1.68161825 0.47056593 -0.30446589 0.33192532 0.75874489
1779472239.84986162 0.04111957 1.57174790 -1.68454968 0.47029579 -0.30446524 0.33172016 0.75900232
1779472239.86018968 0.04240415 1.56983793 -1.68781635 0.46970357 -0.30491824 0.33124577 0.75939428
1779472239.87052345 0.03847871 1.56898536 -1.68988658 0.46984489 -0.30439357 0.33129300 0.75949673
1779472239.88084745 0.03913916 1.56656005 -1.69372983 0.46918542 -0.30470895 0.33100797 0.75990211
1779472239.89123034 0.03667715 1.56566217 -1.69610141 0.46917127 -0.30455801 0.33073884 0.76008852
1779472239.90151501 0.03382618 1.56494096 -1.69829664 0.46923198 -0.30436469 0.33057745 0.76019868
1779472239.91184998 0.03450900 1.56519820 -1.69922475 0.46921885 -0.30487173 0.33027839 0.76013360
1779472239.92221379 0.03032860 1.56427503 -1.70162246 0.46936069 -0.30439454 0.33009464 0.76031706
1779472239.93248057 0.02777826 1.56222543 -1.70512673 0.46910195 -0.30410257 0.32992541 0.76066695
1779472239.94274759 0.02574935 1.56278721 -1.70556964 0.46940908 -0.30408163 0.32950420 0.76066843
1779472239.95301652 0.02308574 1.56225177 -1.70758768 0.46952512 -0.30392545 0.32914783 0.76081350
1779472239.96330476 0.02285394 1.55994644 -1.71109904 0.46897442 -0.30409147 0.32891195 0.76118875
1779472239.97363281 0.01859411 1.55837460 -1.71400290 0.46900137 -0.30346764 0.32834114 0.76166738
1779472239.98400521 0.01853080 1.55804115 -1.71533625 0.46891451 -0.30371541 0.32784217 0.76183701
1779472239.99430466 0.01421236 1.55759137 -1.71720707 0.46920991 -0.30322171 0.32730179 0.76208411
1779472240.00458503 0.01188473 1.55611728 -1.72004954 0.46905569 -0.30300061 0.32663331 0.76255365
1779472240.01484203 0.01097984 1.55486579 -1.72226522 0.46885223 -0.30293531 0.32599873 0.76297615
1779472240.02510929 0.00731410 1.55530207 -1.72339942 0.46926231 -0.30268030 0.32540960 0.76307674
1779472240.03536463 0.00367496 1.55585843 -1.72445424 0.46970682 -0.30235492 0.32440971 0.76335794
1779472240.04565907 0.00494286 1.55530246 -1.72577952 0.46944059 -0.30287713 0.32390274 0.76352996
1779472240.05600810 0.00071706 1.55544705 -1.72720731 0.46984482 -0.30249193 0.32349604 0.76360644
1779472240.06626177 -0.00272343 1.55457608 -1.72939064 0.46992200 -0.30209643 0.32270766 0.76404897
1779472240.07651973 -0.00447678 1.55624181 -1.72917139 0.47044594 -0.30232027 0.32182988 0.76400825
1779472240.08683515 -0.00771293 1.55616224 -1.73033959 0.47069232 -0.30201260 0.32157673 0.76408477
1779472240.09711266 -0.00977844 1.55627626 -1.73160069 0.47088599 -0.30202456 0.32095202 0.76422337
1779472240.10737514 -0.01174211 1.55661292 -1.73271358 0.47109418 -0.30212554 0.32049516 0.76424687
1779472240.11767340 -0.01589431 1.55846076 -1.73198693 0.47186860 -0.30176930 0.31984002 0.76418432
1779472240.12796855 -0.01517358 1.55790502 -1.73381816 0.47161502 -0.30233353 0.31953214 0.76424664
1779472240.13822889 -0.01737874 1.55783525 -1.73508528 0.47175488 -0.30229644 0.31884729 0.76446099
1779472240.14851117 -0.01827893 1.55739450 -1.73643348 0.47171126 -0.30242608 0.31861535 0.76453333
1779472240.14871931 -0.01845555 1.55671688 -1.73729326 0.47155934 -0.30240883 0.31839031 0.76472760
1779472240.15880966 -0.02013618 1.55727367 -1.73766837 0.47180716 -0.30244717 0.31786122 0.76477968
1779472240.16903329 -0.02134687 1.55515352 -1.74074616 0.47138754 -0.30243661 0.31752694 0.76518137
1779472240.17929983 -0.02452292 1.55396851 -1.74276200 0.47136002 -0.30211280 0.31700357 0.76554315
1779472240.18957901 -0.02626503 1.55377739 -1.74380718 0.47145749 -0.30209236 0.31662581 0.76564753
1779472240.19984412 -0.02650596 1.55190239 -1.74615909 0.47102696 -0.30215708 0.31623092 0.76605007
1779472240.21013188 -0.02900325 1.55048617 -1.74872366 0.47088507 -0.30212434 0.31593351 0.76627290
1779472240.22044396 -0.03100185 1.54984165 -1.74990587 0.47090339 -0.30196882 0.31545113 0.76652163
1779472240.23079395 -0.03388707 1.54733706 -1.75310622 0.47057078 -0.30160287 0.31521762 0.76696590
1779472240.24118972 -0.03514932 1.54611875 -1.75495593 0.47038445 -0.30166424 0.31470092 0.76726820
1779472240.25155091 -0.03554062 1.54386580 -1.75782317 0.46988605 -0.30179212 0.31427696 0.76769695
1779472240.26184678 -0.03768930 1.54214988 -1.75997626 0.46967865 -0.30152246 0.31396281 0.76805829
1779472240.27218580 -0.03876543 1.54264045 -1.76024963 0.46986582 -0.30175213 0.31321889 0.76815733
1779472240.28244281 -0.04149751 1.54035275 -1.76318297 0.46960600 -0.30148034 0.31312325 0.76846187
1779472240.29271221 -0.04263690 1.54014007 -1.76384340 0.46964400 -0.30149534 0.31245290 0.76870557
1779472240.30303669 -0.04571457 1.53956070 -1.76515914 0.46980699 -0.30124633 0.31186502 0.76894230
1779472240.31334233 -0.04724661 1.53811775 -1.76716063 0.46962287 -0.30119535 0.31136874 0.76927578
1779472240.32362294 -0.04744517 1.53917889 -1.76685186 0.46988147 -0.30157781 0.31101759 0.76911006
1779472240.32377911 -0.04700783 1.53855971 -1.76760922 0.46971090 -0.30170886 0.31098890 0.76917445
1779472240.33395910 -0.04810007 1.53781782 -1.76891141 0.46964514 -0.30175778 0.31083676 0.76925691
1779472240.34440565 -0.05087904 1.53850142 -1.76908235 0.47008052 -0.30165527 0.31038854 0.76921216
1779472240.35472775 -0.05033646 1.53853531 -1.76990879 0.47005950 -0.30216256 0.31009594 0.76914392
1779472240.36498189 -0.05263462 1.53795284 -1.77103426 0.47014753 -0.30195430 0.30987760 0.76925989
1779472240.37531900 -0.05503110 1.53778998 -1.77178429 0.47034294 -0.30178879 0.30937177 0.76940896
1779472240.38558364 -0.05556383 1.53605547 -1.77411052 0.47002168 -0.30191720 0.30926573 0.76959752
1779472240.39588952 -0.05999390 1.53531585 -1.77528145 0.47028762 -0.30133336 0.30916419 0.76970466
1779472240.40624166 -0.06087130 1.53357000 -1.77735587 0.47000180 -0.30123930 0.30887111 0.77003365
1779472240.41650987 -0.06173207 1.53350471 -1.77798696 0.47009590 -0.30137440 0.30851903 0.77006449
1779472240.42679024 -0.06540633 1.53159531 -1.78021085 0.47003245 -0.30077468 0.30826103 0.77044093
1779472240.43706298 -0.06608355 1.53158263 -1.78061083 0.47013466 -0.30086201 0.30794703 0.77047004
1779472240.44736600 -0.06696935 1.52916574 -1.78316692 0.46971229 -0.30073992 0.30766473 0.77088798
1779472240.45762372 -0.06820847 1.52962635 -1.78336015 0.46996852 -0.30078749 0.30711629 0.77093194
1779472240.46796513 -0.06915460 1.52733307 -1.78572372 0.46955904 -0.30056648 0.30684123 0.77137705
1779472240.46811557 -0.06961503 1.52729595 -1.78589680 0.46959593 -0.30051994 0.30666765 0.77144176
1779472240.47828913 -0.07134063 1.52661907 -1.78683207 0.46965735 -0.30029488 0.30635597 0.77161582
1779472240.48859906 -0.07116827 1.52514837 -1.78869752 0.46934496 -0.30040832 0.30590874 0.77193911
1779472240.49893999 -0.07153015 1.52445685 -1.79006673 0.46927117 -0.30051974 0.30562935 0.77205126
1779472240.50920701 -0.07367272 1.52432434 -1.79060906 0.46945611 -0.30017054 0.30502790 0.77231250
1779472240.51948571 -0.07621355 1.52594192 -1.78989166 0.47005356 -0.29989978 0.30395626 0.77247677
1779472240.52978039 -0.07670858 1.52551974 -1.79129376 0.47004801 -0.29994722 0.30363626 0.77258757
1779472240.54007983 -0.07782635 1.52621810 -1.79136464 0.47032129 -0.29990150 0.30334799 0.77255224
1779472240.55039811 -0.08141508 1.52858395 -1.79021953 0.47117790 -0.29941017 0.30212220 0.77270118
1779472240.56076646 -0.07982460 1.53022319 -1.79004821 0.47140655 -0.29997139 0.30166924 0.77252100
1779472240.57102561 -0.08219187 1.53297271 -1.78891853 0.47227417 -0.29985795 0.30130385 0.77217764
1779472240.58128786 -0.08652579 1.53525444 -1.78778702 0.47318054 -0.29919016 0.30057509 0.77216581
1779472240.59161448 -0.08865231 1.53822533 -1.78637514 0.47405409 -0.29905676 0.29995504 0.77192276
1779472240.60187387 -0.09032924 1.54056828 -1.78564484 0.47474638 -0.29892571 0.29929805 0.77180307
1779472240.61214542 -0.09443923 1.54222563 -1.78500744 0.47549975 -0.29820878 0.29867171 0.77185926
1779472240.62245798 -0.10042243 1.54462721 -1.78395184 0.47660058 -0.29720301 0.29808467 0.77179517
1779472240.63273263 -0.10240375 1.54711692 -1.78301972 0.47735926 -0.29696442 0.29740867 0.77167892
1779472240.64305162 -0.10684401 1.54948433 -1.78204977 0.47831893 -0.29622209 0.29680453 0.77160258
1779472240.65330410 -0.11146831 1.55018098 -1.78210529 0.47892541 -0.29530451 0.29645481 0.77171254
1779472240.66356611 -0.11768814 1.55148397 -1.78176374 0.47982205 -0.29406159 0.29572925 0.77190854
1779472240.67379594 -0.12205796 1.55276149 -1.78156668 0.48051366 -0.29311563 0.29467208 0.77224233
1779472240.68403316 -0.12616505 1.55345485 -1.78144830 0.48105990 -0.29223246 0.29404171 0.77247721
1779472240.69429564 -0.12805177 1.55395852 -1.78169222 0.48136563 -0.29168741 0.29304885 0.77286995
1779472240.70459867 -0.13770523 1.55301887 -1.78285196 0.48207803 -0.28943905 0.29200261 0.77366678
1779472240.71495914 -0.14534360 1.55180547 -1.78400503 0.48251136 -0.28760439 0.29103718 0.77444423
1779472240.72528148 -0.15602103 1.55112697 -1.78445367 0.48329449 -0.28501939 0.28905070 0.77565461
1779472240.73553514 -0.16858341 1.55082878 -1.78435833 0.48433583 -0.28205813 0.28679478 0.77692392
1779472240.74581075 -0.17523870 1.55222355 -1.78292763 0.48518594 -0.28031937 0.28400647 0.77804626
1779472240.75606060 -0.18347287 1.55261126 -1.78220580 0.48597314 -0.27834539 0.28215393 0.77893717
1779472240.76639247 -0.19383254 1.55245257 -1.78186467 0.48679490 -0.27571689 0.27944034 0.78033584
1779472240.77667689 -0.20694639 1.55205749 -1.78141529 0.48774495 -0.27240984 0.27617034 0.78206629
1779472240.78702569 -0.21819844 1.55399947 -1.77888049 0.48907255 -0.26981022 0.27340829 0.78310816
1779472240.78752565 -0.22124928 1.55401759 -1.77866589 0.48929777 -0.26899880 0.27239674 0.78359898
1779472240.79759169 -0.23120553 1.55517542 -1.77697370 0.49029646 -0.26653307 0.26948368 0.78482358
1779472240.80786514 -0.24329607 1.55578305 -1.77564667 0.49124370 -0.26331919 0.26541039 0.78670195
1779472240.81810713 -0.25677363 1.55814580 -1.77255579 0.49269481 -0.25996188 0.26131679 0.78827989
1779472240.82842660 -0.26680545 1.56009118 -1.76999754 0.49377323 -0.25741330 0.25798032 0.78953946
1779472240.83869314 -0.28162283 1.56376642 -1.76529178 0.49556590 -0.25374401 0.25330999 0.79111470
1779472240.84897351 -0.29548944 1.56402751 -1.76397269 0.49640341 -0.24988732 0.24848624 0.79334392
1779472240.85927892 -0.30613486 1.56683313 -1.76037572 0.49764236 -0.24711126 0.24471712 0.79460785
1779472240.86954284 -0.32423976 1.57105503 -1.75446298 0.49973180 -0.24268815 0.24000081 0.79609685
1779472240.87980461 -0.33203086 1.57573641 -1.74959893 0.50098586 -0.24019667 0.23446077 0.79771353
1779472240.89004016 -0.34467562 1.58200581 -1.74213086 0.50318710 -0.23720579 0.23056878 0.79835719
1779472240.90030098 -0.35992023 1.58785113 -1.73472608 0.50534369 -0.23331272 0.22546416 0.79959917
1779472240.91059208 -0.37481794 1.59174327 -1.72882513 0.50696207 -0.22924252 0.22021208 0.80121406
1779472240.92099309 -0.38571096 1.59667328 -1.72245121 0.50844246 -0.22601030 0.21491987 0.80263009
1779472240.93131924 -0.39820556 1.60014479 -1.71696780 0.50990690 -0.22274014 0.21119989 0.80360213
1779472240.94160056 -0.41021416 1.60356310 -1.71137444 0.51114473 -0.21916018 0.20604893 0.80513584
1779472240.95188785 -0.42447434 1.60795097 -1.70399556 0.51268037 -0.21498306 0.20026244 0.80674412
1779472240.96213436 -0.43487943 1.60920093 -1.70037211 0.51340064 -0.21190535 0.19659061 0.80800250
1779472240.97242427 -0.44833668 1.61203961 -1.69425273 0.51456230 -0.20786981 0.19140820 0.80955462
1779472240.98269820 -0.46016521 1.61532324 -1.68784351 0.51571080 -0.20421368 0.18636933 0.81092886
1779472240.99297571 -0.47070322 1.61663613 -1.68365625 0.51640247 -0.20103344 0.18264732 0.81212930
1779472240.99316239 -0.47325708 1.61719954 -1.68236269 0.51659621 -0.20019939 0.18150350 0.81246848
1779472241.00335264 -0.48107798 1.61976525 -1.67737046 0.51736095 -0.19760398 0.17759069 0.81348132
1779472241.01365638 -0.49104866 1.62139949 -1.67262397 0.51787006 -0.19410823 0.17254388 0.81508356
1779472241.02395606 -0.50300888 1.62010032 -1.67054515 0.51789720 -0.19023561 0.16845908 0.81683195
1779472241.03428602 -0.51065045 1.62235824 -1.66596704 0.51855387 -0.18767670 0.16489445 0.81773416
1779472241.04461193 -0.52019683 1.62561672 -1.65974731 0.51950412 -0.18447632 0.16049337 0.81873429
1779472241.05492783 -0.52834291 1.62853624 -1.65415324 0.52022639 -0.18151295 0.15608367 0.81978988
1779472241.06517625 -0.53289414 1.63053045 -1.65064840 0.52058748 -0.17961134 0.15284957 0.82058848
1779472241.06534815 -0.53435610 1.63153896 -1.64911959 0.52078114 -0.17898708 0.15169407 0.82081639
1779472241.07548165 -0.54129843 1.63349739 -1.64482060 0.52132885 -0.17657698 0.14853561 0.82156799
1779472241.08575177 -0.54918586 1.63527970 -1.64029730 0.52169603 -0.17358661 0.14436795 0.82271431
1779472241.09600663 -0.55593187 1.63863444 -1.63445044 0.52242230 -0.17093788 0.14034425 0.82350390
1779472241.10629988 -0.55941108 1.63973065 -1.63196943 0.52247344 -0.16920790 0.13739174 0.82432621
1779472241.11658669 -0.56308390 1.64210139 -1.62802144 0.52271024 -0.16717108 0.13353156 0.82522552
1779472241.12684917 -0.56855951 1.64391990 -1.62394467 0.52298982 -0.16473111 0.12982920 0.82612934
1779472241.13715863 -0.57292080 1.64362868 -1.62259794 0.52282439 -0.16283412 0.12739285 0.82698897
1779472241.14747214 -0.57654746 1.64608067 -1.61830718 0.52314031 -0.16078378 0.12363340 0.82776058
1779472241.15772438 -0.58088463 1.64749881 -1.61503591 0.52326928 -0.15859794 0.12028540 0.82859361
1779472241.16806579 -0.58641830 1.64865430 -1.61148122 0.52340507 -0.15607916 0.11672721 0.82949454
1779472241.17843223 -0.59108100 1.65006135 -1.60789992 0.52370813 -0.15409439 0.11410148 0.83003949
1779472241.18873382 -0.59838355 1.65132562 -1.60346258 0.52405671 -0.15123115 0.11082183 0.83079012
1779472241.19902825 -0.60377337 1.65305790 -1.59913103 0.52439117 -0.14876567 0.10746005 0.83146558
1779472241.20939493 -0.60773045 1.65525783 -1.59475318 0.52482959 -0.14688425 0.10470644 0.83187468
1779472241.21974635 -0.61360105 1.65767347 -1.58945038 0.52534460 -0.14428076 0.10128048 0.83242920
1779472241.23004556 -0.61546469 1.66165974 -1.58373160 0.52601238 -0.14257689 0.09774110 0.83272414
1779472241.24035573 -0.62491045 1.66248287 -1.57858497 0.52648230 -0.13919370 0.09475251 0.83334474
1779472241.25071311 -0.62767229 1.66548163 -1.57379617 0.52703865 -0.13754360 0.09195329 0.83358060
1779472241.26103163 -0.63279995 1.66940905 -1.56679646 0.52795170 -0.13507676 0.08852305 0.83377751
1779472241.27132964 -0.64028340 1.67354751 -1.55866802 0.52913399 -0.13210524 0.08524379 0.83384586
1779472241.28168106 -0.63814417 1.67772259 -1.55429587 0.52971078 -0.13158703 0.08271918 0.83381586
1779472241.29203320 -0.64585188 1.68073452 -1.54720018 0.53065557 -0.12855849 0.07963725 0.83398758
1779472241.30232763 -0.64971828 1.68426348 -1.54089206 0.53128991 -0.12620439 0.07613189 0.83427059
1779472241.31268001 -0.65184467 1.68880726 -1.53413250 0.53211648 -0.12430118 0.07274049 0.83433212
1779472241.32300639 -0.65705453 1.68986123 -1.53026879 0.53244988 -0.12209826 0.07064868 0.83462441
1779472241.33330202 -0.65976580 1.69754488 -1.51943922 0.53425901 -0.12014749 0.06732767 0.83402571
1779472241.34359097 -0.66772027 1.69887510 -1.51391002 0.53470597 -0.11692907 0.06452070 0.83441848
1779472241.35392356 -0.66796695 1.70182233 -1.50993366 0.53495179 -0.11562571 0.06170479 0.83465550
1779472241.36430144 -0.67091018 1.70550546 -1.50371098 0.53558161 -0.11348441 0.05860031 0.83476921
1779472241.37461591 -0.67432965 1.70848750 -1.49825298 0.53603407 -0.11119127 0.05555096 0.83499585
1779472241.38494873 -0.67938838 1.71251119 -1.49081048 0.53685712 -0.10852497 0.05239283 0.83502201
1779472241.39528489 -0.68391416 1.71270389 -1.48798844 0.53677024 -0.10632538 0.05028346 0.83549040
1779472241.40559673 -0.68311857 1.71725682 -1.48240814 0.53716501 -0.10479471 0.04663480 0.83564168
1779472241.41589308 -0.68975950 1.71736834 -1.47877807 0.53708577 -0.10178184 0.04408379 0.83620330
1779472241.42625690 -0.69161444 1.71992297 -1.47441571 0.53742872 -0.10017846 0.04178037 0.83629484
1779472241.42643547 -0.69258156 1.71989139 -1.47390465 0.53731328 -0.09955059 0.04109164 0.83647809
1779472241.43654513 -0.69461380 1.72186978 -1.47001961 0.53745547 -0.09783005 0.03869596 0.83670397
1779472241.44687152 -0.69491540 1.72462131 -1.46585711 0.53746497 -0.09605625 0.03541050 0.83704880
1779472241.45722294 -0.69799652 1.72542289 -1.46289056 0.53725348 -0.09379497 0.03275073 0.83754915
1779472241.46758938 -0.70088162 1.72741236 -1.45864749 0.53744575 -0.09187777 0.03039939 0.83772694
1779472241.47788835 -0.70271838 1.72891113 -1.45538580 0.53732048 -0.08986480 0.02763823 0.83812120
1779472241.48817992 -0.70374896 1.73167028 -1.45074379 0.53745223 -0.08795607 0.02460762 0.83833364
1779472241.49848366 -0.70361474 1.73279071 -1.44881025 0.53727131 -0.08679807 0.02256658 0.83862768
1779472241.49868369 -0.70465152 1.73300228 -1.44783128 0.53721892 -0.08612806 0.02182227 0.83875001
1779472241.50879717 -0.70589351 1.73398096 -1.44556379 0.53710490 -0.08466928 0.01986378 0.83902018
1779472241.51906157 -0.70670356 1.73486017 -1.44311448 0.53675866 -0.08288296 0.01719852 0.83947886
1779472241.52939415 -0.70806454 1.73570385 -1.44048398 0.53642834 -0.08095675 0.01451297 0.83992858
1779472241.53968120 -0.70763718 1.73668997 -1.43882859 0.53632205 -0.07999164 0.01288043 0.84011552
1779472241.55001950 -0.70919552 1.73692360 -1.43666786 0.53595378 -0.07811405 0.01057340 0.84055930
1779472241.56032658 -0.70912028 1.73764361 -1.43483320 0.53556732 -0.07659151 0.00809531 0.84097316
1779472241.57062125 -0.70885354 1.73699735 -1.43497274 0.53503567 -0.07561503 0.00669876 0.84141210
1779472241.57080245 -0.70896195 1.73710661 -1.43452064 0.53492145 -0.07518992 0.00605181 0.84152771
1779472241.58097482 -0.70885875 1.73732365 -1.43357678 0.53462884 -0.07416257 0.00451682 0.84181442
1779472241.59127212 -0.70663041 1.73815704 -1.43258146 0.53431209 -0.07328060 0.00251680 0.84210107
1779472241.60155344 -0.70619737 1.73821262 -1.43167534 0.53390428 -0.07200918 0.00063084 0.84247285
1779472241.61182976 -0.70520641 1.73838188 -1.43125281 0.53353613 -0.07117958 -0.00087583 0.84277630
1779472241.62212801 -0.70263472 1.73869962 -1.43107616 0.53310691 -0.07044370 -0.00270004 0.84310582
1779472241.63238883 -0.70246859 1.73850806 -1.43030163 0.53274213 -0.06919888 -0.00429253 0.84343282
1779472241.64265752 -0.70099291 1.73855581 -1.43013419 0.53246350 -0.06860503 -0.00547251 0.84365041
1779472241.65299630 -0.69856642 1.73884275 -1.42978365 0.53210270 -0.06788074 -0.00713893 0.84392414
1779472241.66324949 -0.69608143 1.73797237 -1.43092561 0.53151322 -0.06727904 -0.00846137 0.84433147
1779472241.67354727 -0.69339453 1.73760037 -1.43183135 0.53111635 -0.06703698 -0.00944214 0.84459003
1779472241.67380381 -0.69338649 1.73745873 -1.43170772 0.53098176 -0.06668040 -0.00991493 0.84469745
1779472241.68393946 -0.69195510 1.73697047 -1.43209105 0.53065543 -0.06618094 -0.01074898 0.84493157
1779472241.69425988 -0.69058859 1.73607160 -1.43260055 0.53017214 -0.06533187 -0.01199345 0.84528421
1779472241.70457554 -0.68764439 1.73589107 -1.43302754 0.52979299 -0.06482837 -0.01332144 0.84554078
1779472241.71489477 -0.68745057 1.73514793 -1.43297440 0.52963948 -0.06413846 -0.01379502 0.84568196
1779472241.72515559 -0.68442040 1.73553935 -1.43262219 0.52950976 -0.06369712 -0.01500188 0.84577600
1779472241.73542857 -0.68275003 1.73431220 -1.43353347 0.52898971 -0.06295464 -0.01614230 0.84613594
1779472241.74573064 -0.68214492 1.73257357 -1.43501665 0.52855384 -0.06242749 -0.01643866 0.84644162
1779472241.74588847 -0.68123012 1.73281565 -1.43473696 0.52851599 -0.06229578 -0.01690888 0.84646569
1779472241.75599170 -0.68148484 1.73187740 -1.43465529 0.52839331 -0.06154492 -0.01726304 0.84659005
1779472241.76621985 -0.67896204 1.73167483 -1.43463862 0.52819234 -0.06103966 -0.01829534 0.84673035
1779472241.77658749 -0.67851626 1.73066197 -1.43471862 0.52795493 -0.06012551 -0.01909683 0.84692610
1779472241.78691244 -0.67607853 1.73060543 -1.43479074 0.52795832 -0.06000480 -0.01955976 0.84692199
1779472241.79715705 -0.67301583 1.73091589 -1.43439808 0.52787951 -0.05962333 -0.02063656 0.84697250
1779472241.80745220 -0.67172251 1.72955552 -1.43529900 0.52766961 -0.05910514 -0.02092211 0.84713259
1779472241.81773043 -0.67105013 1.72931080 -1.43482158 0.52770117 -0.05854637 -0.02142538 0.84713916
1779472241.82797575 -0.66743732 1.73053157 -1.43351292 0.52796530 -0.05837719 -0.02235346 0.84696226
1779472241.83829165 -0.66400771 1.73092588 -1.43310095 0.52813911 -0.05829003 -0.02295434 0.84684381
1779472241.84857535 -0.66406454 1.73074282 -1.43212728 0.52817659 -0.05749566 -0.02360238 0.84685694
1779472241.85889482 -0.66121090 1.73162223 -1.43074253 0.52858918 -0.05732397 -0.02405708 0.84659831
1779472241.86919379 -0.65792252 1.73072550 -1.43170143 0.52840578 -0.05720440 -0.02462329 0.84670460
1779472241.87950325 -0.65747541 1.73147098 -1.42934233 0.52884617 -0.05638905 -0.02528095 0.84646493
1779472241.88976550 -0.65585801 1.73095078 -1.42948396 0.52879959 -0.05611954 -0.02568156 0.84649988
1779472241.90003395 -0.65447230 1.73111821 -1.42821663 0.52920169 -0.05570109 -0.02586555 0.84627060
1779472241.91030383 -0.65182176 1.73169319 -1.42714536 0.52941821 -0.05537237 -0.02668896 0.84613117
1779472241.92061591 -0.65002991 1.73249131 -1.42563805 0.52975322 -0.05510953 -0.02721886 0.84592175
1779472241.93090248 -0.64819128 1.73348701 -1.42360930 0.53023407 -0.05466591 -0.02783616 0.84562913
1779472241.94122744 -0.64658857 1.73273570 -1.42380142 0.53022541 -0.05423137 -0.02827766 0.84564788
1779472241.95145988 -0.64386786 1.73482436 -1.42085035 0.53103907 -0.05407667 -0.02874536 0.84513131
1779472241.96179843 -0.64262286 1.73512517 -1.42000426 0.53110233 -0.05357640 -0.02965442 0.84509201
1779472241.97209620 -0.64007826 1.73626571 -1.41829811 0.53169419 -0.05344703 -0.02997544 0.84471663
1779472241.98236299 -0.63909362 1.73789595 -1.41534713 0.53227478 -0.05273961 -0.03086096 0.84436348
1779472241.99270725 -0.63630509 1.73894167 -1.41434142 0.53257584 -0.05270660 -0.03159326 0.84414860
1779472242.00300932 -0.63239142 1.74214082 -1.41081918 0.53355650 -0.05276623 -0.03240903 0.84349442
1779472242.01328111 -0.63065101 1.74355086 -1.40855040 0.53403459 -0.05226376 -0.03335732 0.84318613
1779472242.02354312 -0.62938471 1.74547286 -1.40584920 0.53466358 -0.05187853 -0.03410978 0.84278111
1779472242.02388978 -0.62893242 1.74625880 -1.40469457 0.53493749 -0.05177957 -0.03429988 0.84260564
1779472242.03399253 -0.62628673 1.74759393 -1.40321931 0.53535003 -0.05175717 -0.03498802 0.84231667
1779472242.04428172 -0.62262675 1.74934109 -1.40135035 0.53574409 -0.05164582 -0.03625282 0.84201943
1779472242.05456591 -0.62038137 1.75177170 -1.39811543 0.53653448 -0.05132858 -0.03722160 0.84149312
1779472242.06483817 -0.61740761 1.75344774 -1.39628486 0.53699764 -0.05136729 -0.03802327 0.84115942
1779472242.07520199 -0.61346661 1.75540144 -1.39430345 0.53745105 -0.05134523 -0.03932149 0.84081143
1779472242.08550882 -0.61130208 1.75566993 -1.39381201 0.53767390 -0.05118174 -0.03988247 0.84065248
1779472242.09594297 -0.60912246 1.75837731 -1.39019064 0.53840586 -0.05091895 -0.04101112 0.84014551
1779472242.10624933 -0.60723745 1.75958195 -1.38840144 0.53872785 -0.05046756 -0.04221153 0.83990685
1779472242.11650777 -0.60493721 1.76049131 -1.38700983 0.53892665 -0.05011452 -0.04343730 0.83973793
1779472242.12678957 -0.60329047 1.76222471 -1.38449488 0.53949459 -0.04969105 -0.04440625 0.83934764
1779472242.13715386 -0.60181900 1.76161321 -1.38519694 0.53939583 -0.04958649 -0.04484313 0.83939407
1779472242.14740825 -0.60022985 1.76426836 -1.38163628 0.53993737 -0.04883870 -0.04666805 0.83899017
1779472242.15767765 -0.59865076 1.76580116 -1.37959950 0.54031140 -0.04834243 -0.04795974 0.83870523
1779472242.16793823 -0.59720748 1.76759477 -1.37743466 0.54084067 -0.04809684 -0.04870792 0.83833502
1779472242.16813087 -0.59728428 1.76716961 -1.37785824 0.54070378 -0.04788027 -0.04898193 0.83841975
1779472242.17829037 -0.59519767 1.76834129 -1.37683499 0.54085235 -0.04765061 -0.05016529 0.83826702
1779472242.18856621 -0.59291992 1.77079839 -1.37422239 0.54144584 -0.04732198 -0.05152894 0.83781967
1779472242.19889998 -0.59015056 1.77355318 -1.37128409 0.54203981 -0.04702853 -0.05309554 0.83735418
1779472242.20925331 -0.58939486 1.77453478 -1.37003398 0.54221508 -0.04652623 -0.05417097 0.83719987
1779472242.21960521 -0.58888961 1.77724589 -1.36641702 0.54289372 -0.04571919 -0.05571984 0.83670273
1779472242.22997880 -0.58673903 1.77955131 -1.36402791 0.54345066 -0.04541025 -0.05698833 0.83627246
1779472242.24031377 -0.58448524 1.78153045 -1.36183878 0.54379073 -0.04494867 -0.05870563 0.83595748
1779472242.25063062 -0.58545173 1.78229664 -1.36033483 0.54393129 -0.04406278 -0.05983660 0.83583300
1779472242.26091170 -0.58321368 1.78530463 -1.35698286 0.54461911 -0.04365541 -0.06141433 0.83529187
1779472242.27113295 -0.58357853 1.78678045 -1.35453312 0.54499208 -0.04276170 -0.06274590 0.83499582
1779472242.28139973 -0.58038872 1.78722935 -1.35512755 0.54485362 -0.04286084 -0.06394209 0.83499035
1779472242.29169297 -0.58019081 1.78857337 -1.35308040 0.54518193 -0.04212695 -0.06521896 0.83471461
1779472242.30197310 -0.57844387 1.78848897 -1.35366956 0.54498417 -0.04180299 -0.06655935 0.83475423
1779472242.31228113 -0.57843269 1.79019487 -1.35106891 0.54533531 -0.04107616 -0.06786790 0.83445557
1779472242.32256413 -0.57458761 1.78930675 -1.35357661 0.54492846 -0.04141478 -0.06880949 0.83462749
1779472242.33283758 -0.57262069 1.78885302 -1.35464088 0.54464215 -0.04119432 -0.06999721 0.83472651
1779472242.34312105 -0.57264985 1.78969057 -1.35329932 0.54490890 -0.04071101 -0.07080242 0.83450819
1779472242.34331632 -0.57182410 1.78979386 -1.35342053 0.54490491 -0.04073475 -0.07110527 0.83448389
1779472242.35341549 -0.56842511 1.78925571 -1.35540407 0.54466551 -0.04116446 -0.07167398 0.83457044
1779472242.36371541 -0.56653644 1.79016133 -1.35468830 0.54479275 -0.04086280 -0.07302522 0.83438505
1779472242.37401724 -0.56198995 1.78984901 -1.35677865 0.54461638 -0.04142501 -0.07381927 0.83440259
1779472242.38437939 -0.56129934 1.79009732 -1.35660646 0.54485175 -0.04130804 -0.07407913 0.83423168
1779472242.39472938 -0.55874376 1.79087633 -1.35651566 0.54510987 -0.04138630 -0.07480363 0.83399450
1779472242.40500069 -0.55570755 1.79046269 -1.35809875 0.54530465 -0.04192094 -0.07457475 0.83386094
1779472242.41543961 -0.55408069 1.79075710 -1.35805665 0.54559653 -0.04187664 -0.07486597 0.83364612
1779472242.42579031 -0.55214315 1.78905223 -1.36101233 0.54535647 -0.04225979 -0.07457157 0.83381024
1779472242.43607259 -0.55128257 1.78585851 -1.36551730 0.54503266 -0.04263961 -0.07335331 0.83411063
1779472242.44636393 -0.54985157 1.78605995 -1.36541976 0.54557937 -0.04278444 -0.07291411 0.83378425
1779472242.45673752 -0.54905227 1.78398319 -1.36851256 0.54550902 -0.04316569 -0.07178701 0.83390842
1779472242.46710753 -0.54725016 1.78344625 -1.36973769 0.54595215 -0.04359977 -0.07083190 0.83367749
1779472242.47741127 -0.54750560 1.78318302 -1.36982080 0.54659559 -0.04355522 -0.06973762 0.83335039
1779472242.48778439 -0.54585452 1.78099346 -1.37331666 0.54659566 -0.04405127 -0.06854224 0.83342344
1779472242.49805331 -0.54335510 1.78022926 -1.37506901 0.54679574 -0.04463626 -0.06781674 0.83332041
1779472242.50835109 -0.54580788 1.77887101 -1.37572014 0.54725872 -0.04416564 -0.06650490 0.83314728
1779472242.51867366 -0.54471823 1.77757519 -1.37761502 0.54753555 -0.04443579 -0.06547257 0.83303279
1779472242.52899837 -0.54547120 1.77501205 -1.38060795 0.54739938 -0.04441163 -0.06437395 0.83320917
1779472242.52917719 -0.54412688 1.77545941 -1.38046356 0.54764313 -0.04469121 -0.06422656 0.83304540
1779472242.53926897 -0.54178288 1.77527764 -1.38130333 0.54791806 -0.04506727 -0.06397977 0.83286333
1779472242.54957628 -0.54240129 1.77275776 -1.38421225 0.54793404 -0.04502473 -0.06279908 0.83294498
1779472242.55992723 -0.54263589 1.77233529 -1.38456673 0.54832488 -0.04471751 -0.06250273 0.83272659
1779472242.57019281 -0.54312878 1.77016672 -1.38711430 0.54818674 -0.04459760 -0.06187071 0.83287116
1779472242.58051538 -0.54059937 1.77014280 -1.38784050 0.54854831 -0.04483958 -0.06189462 0.83261829
1779472242.59078145 -0.54214388 1.76982632 -1.38747081 0.54911558 -0.04429582 -0.06143349 0.83230757
1779472242.60103440 -0.54029458 1.76859762 -1.38954638 0.54907339 -0.04452959 -0.06131639 0.83233156
1779472242.61136556 -0.54119758 1.76672394 -1.39151464 0.54913049 -0.04417084 -0.06083012 0.83234869
1779472242.62163067 -0.54378892 1.76607505 -1.39113176 0.54947989 -0.04317075 -0.06095177 0.83216166
1779472242.63194966 -0.54306391 1.76501400 -1.39266093 0.54946138 -0.04307107 -0.06102844 0.83217342
1779472242.64225388 -0.54353372 1.76366388 -1.39403837 0.54940798 -0.04247683 -0.06152191 0.83220289
1779472242.65252304 -0.54506795 1.76326469 -1.39367868 0.54976331 -0.04166433 -0.06185072 0.83198490
1779472242.66279316 -0.54603939 1.76214409 -1.39446495 0.54986281 -0.04099090 -0.06223806 0.83192371
1779472242.67302871 -0.54743956 1.76100672 -1.39516669 0.55000510 -0.04048841 -0.06202212 0.83187038
1779472242.68328261 -0.54832107 1.75910525 -1.39714998 0.54972066 -0.03971078 -0.06285769 0.83203315
1779472242.69353104 -0.54995473 1.75580881 -1.40060969 0.54915347 -0.03891926 -0.06325591 0.83241483
1779472242.70384383 -0.55125100 1.75377387 -1.40271518 0.54878827 -0.03823088 -0.06380564 0.83264559
1779472242.71417022 -0.54876518 1.75483779 -1.40185061 0.54940419 -0.03828075 -0.06450261 0.83218329
1779472242.72440648 -0.54917029 1.75325097 -1.40361174 0.54934508 -0.03777165 -0.06492186 0.83221298
1779472242.73475003 -0.54643374 1.75424465 -1.40314350 0.54999509 -0.03801116 -0.06531367 0.83174195
1779472242.74510145 -0.54726728 1.75384465 -1.40330271 0.55016995 -0.03744078 -0.06577327 0.83161595
1779472242.75543022 -0.54539827 1.75214443 -1.40614262 0.54983830 -0.03729355 -0.06682813 0.83175780
1779472242.76573801 -0.54619644 1.75041063 -1.40806756 0.54970099 -0.03664403 -0.06746843 0.83182573
1779472242.77606440 -0.54506936 1.75043068 -1.40843537 0.54982842 -0.03639471 -0.06841525 0.83167511
1779472242.78642821 -0.54591217 1.74884782 -1.41015743 0.54982269 -0.03583910 -0.06877064 0.83167371
1779472242.79673386 -0.54629322 1.74781792 -1.41126600 0.54969744 -0.03501892 -0.07015924 0.83167547
1779472242.80699730 -0.54729613 1.74607413 -1.41336913 0.54942823 -0.03421851 -0.07115076 0.83180243
1779472242.81732297 -0.54129938 1.74572118 -1.41646703 0.54933219 -0.03526083 -0.07181065 0.83176562
1779472242.82758975 -0.54051893 1.74444447 -1.41888532 0.54914493 -0.03487579 -0.07285878 0.83181435
1779472242.83784032 -0.54001731 1.74477359 -1.41916632 0.54956726 -0.03451644 -0.07351706 0.83149245
1779472242.84816980 -0.54108151 1.74391539 -1.42034018 0.54942297 -0.03376272 -0.07450702 0.83153063
1779472242.85850906 -0.54237122 1.74286151 -1.42177791 0.54923667 -0.03273782 -0.07593100 0.83156587
1779472242.86884475 -0.54284152 1.74230848 -1.42303130 0.54919757 -0.03195732 -0.07722263 0.83150311
1779472242.87921119 -0.54262141 1.74249903 -1.42355737 0.54941747 -0.03136504 -0.07839827 0.83127035
1779472242.88947868 -0.53848294 1.74441491 -1.42310610 0.55007769 -0.03192786 -0.07898205 0.83075687
1779472242.89983273 -0.54057343 1.74323482 -1.42464196 0.55007464 -0.03098654 -0.07969704 0.83072625
1779472242.91007590 -0.53834041 1.74547532 -1.42335083 0.55050735 -0.03046249 -0.08203978 0.83023080
1779472242.92032743 -0.54041939 1.74761897 -1.42034706 0.55149562 -0.02958679 -0.08253957 0.82955677
1779472242.93059468 -0.53764457 1.74485399 -1.42599736 0.55061363 -0.02966731 -0.08393819 0.82999931
1779472242.94087672 -0.53839396 1.74659912 -1.42420448 0.55119713 -0.02868196 -0.08556769 0.82948010
1779472242.95114231 -0.53827290 1.74569018 -1.42608442 0.55087269 -0.02814031 -0.08695863 0.82956953
1779472242.96147418 -0.54112546 1.74458867 -1.42739949 0.55040205 -0.02657038 -0.08921551 0.82969404
1779472242.97177172 -0.53947630 1.74416772 -1.42972884 0.55000906 -0.02607409 -0.09151101 0.82972038
1779472242.98201013 -0.53671934 1.74413987 -1.43207249 0.54966785 -0.02580425 -0.09393586 0.82968395
1779472242.99232268 -0.53626794 1.74259764 -1.43472034 0.54906160 -0.02529673 -0.09557039 0.82991430
1779472243.00258875 -0.53416604 1.73989901 -1.44018284 0.54788394 -0.02493925 -0.09805423 0.83041351
1779472243.01283455 -0.53393031 1.73578900 -1.44668336 0.54652290 -0.02437723 -0.09989739 0.83110708
1779472243.02316141 -0.53303340 1.73662361 -1.44650580 0.54677596 -0.02405180 -0.10114692 0.83079893
1779472243.03342962 -0.53132686 1.73567523 -1.44959157 0.54608609 -0.02346844 -0.10382759 0.83093865
1779472243.04368305 -0.52966022 1.73458467 -1.45249584 0.54572376 -0.02321393 -0.10544205 0.83098055
1779472243.05401039 -0.52807673 1.73154156 -1.45793501 0.54484361 -0.02327490 -0.10637811 0.83143696
1779472243.05418396 -0.52739935 1.73151571 -1.45850423 0.54487636 -0.02333322 -0.10657520 0.83138862
1779472243.06427813 -0.52824247 1.72877410 -1.46226982 0.54408496 -0.02270302 -0.10775874 0.83177171
1779472243.07453752 -0.52540859 1.72964399 -1.46351132 0.54423011 -0.02259611 -0.10959368 0.83143985
1779472243.08484578 -0.52363164 1.72584232 -1.46959703 0.54320582 -0.02274368 -0.11036035 0.83200406
1779472243.08501315 -0.52244734 1.72574937 -1.47048912 0.54320705 -0.02292118 -0.11053363 0.83197538
1779472243.09514999 -0.52058937 1.72579603 -1.47208721 0.54330330 -0.02294180 -0.11141184 0.83179481
1779472243.10546613 -0.51939710 1.71575960 -1.48592117 0.54031630 -0.02286640 -0.11291809 0.83353760
1779472243.11577940 -0.51609494 1.71273189 -1.49183097 0.53959844 -0.02324909 -0.11383978 0.83386660
1779472243.12608719 -0.51414920 1.71117201 -1.49514126 0.53924437 -0.02332647 -0.11467566 0.83397895
1779472243.13640046 -0.51147276 1.70947882 -1.49894721 0.53908508 -0.02360655 -0.11522832 0.83399786
1779472243.14667153 -0.50732021 1.70654627 -1.50461150 0.53858668 -0.02431351 -0.11561612 0.83424586
1779472243.15695190 -0.50582653 1.70393635 -1.50885411 0.53807292 -0.02439036 -0.11619022 0.83449534
1779472243.15710926 -0.50641327 1.70148881 -1.51182522 0.53739116 -0.02413428 -0.11659722 0.83488524
1779472243.16722655 -0.50259613 1.70028915 -1.51493034 0.53751695 -0.02497730 -0.11622412 0.83483149
1779472243.17755866 -0.50340691 1.69611937 -1.52046236 0.53669453 -0.02442567 -0.11695834 0.83527427
1779472243.18785691 -0.49934568 1.69241982 -1.52655228 0.53621878 -0.02525975 -0.11668675 0.83559294
1779472243.19813752 -0.49412919 1.69081673 -1.53057783 0.53615531 -0.02633373 -0.11655086 0.83561948
1779472243.20844603 -0.49400228 1.68705261 -1.53573239 0.53561686 -0.02609576 -0.11674169 0.83594555
1779472243.21872354 -0.48935451 1.68676952 -1.53827911 0.53602453 -0.02682332 -0.11681944 0.83565030
1779472243.22903347 -0.49205164 1.68238984 -1.54301052 0.53520799 -0.02601592 -0.11708644 0.83616167
1779472243.22918677 -0.49056494 1.68169257 -1.54443045 0.53519407 -0.02634543 -0.11685742 0.83619231
1779472243.23925924 -0.48794821 1.68005062 -1.54751356 0.53518230 -0.02674208 -0.11680113 0.83619511
1779472243.24952865 -0.48970874 1.67759997 -1.55038730 0.53503231 -0.02592577 -0.11721462 0.83625894
1779472243.25983143 -0.48891056 1.67322720 -1.55618703 0.53447680 -0.02591367 -0.11697383 0.83664816
1779472243.27006817 -0.48885432 1.67184747 -1.55815055 0.53453046 -0.02562295 -0.11721474 0.83658912
1779472243.28037071 -0.48956992 1.67080499 -1.55960851 0.53491913 -0.02507247 -0.11715594 0.83636558
1779472243.29074001 -0.49130926 1.66974400 -1.56071687 0.53515346 -0.02412330 -0.11770184 0.83616692
1779472243.30109501 -0.49370855 1.66712926 -1.56328884 0.53491074 -0.02330392 -0.11778363 0.83633393
1779472243.31145000 -0.49380592 1.66568028 -1.56528217 0.53517321 -0.02287904 -0.11790411 0.83616075
1779472243.32175612 -0.49747283 1.66590125 -1.56418665 0.53576992 -0.02139520 -0.11853044 0.83572925
1779472243.33205676 -0.50045503 1.66203552 -1.56802924 0.53516619 -0.02020182 -0.11921211 0.83604875
1779472243.34240246 -0.50326743 1.66098628 -1.56859577 0.53516762 -0.01904477 -0.12001362 0.83596031
1779472243.35272527 -0.50471830 1.65906886 -1.57069288 0.53517434 -0.01823983 -0.12045299 0.83591077
1779472243.36298656 -0.50693157 1.65708648 -1.57261837 0.53498914 -0.01708430 -0.12151355 0.83590023
1779472243.37326169 -0.50856718 1.65564199 -1.57425356 0.53488627 -0.01625963 -0.12216309 0.83588784
1779472243.38358593 -0.51071831 1.65573810 -1.57419813 0.53527198 -0.01505912 -0.12312898 0.83552162
1779472243.39395881 -0.51308865 1.65642654 -1.57385974 0.53569762 -0.01374370 -0.12434743 0.83509095
1779472243.40432787 -0.51623807 1.65872545 -1.57145138 0.53653131 -0.01212037 -0.12568433 0.83438043
1779472243.41459990 -0.51824298 1.65988982 -1.57071600 0.53689753 -0.01098334 -0.12688762 0.83397838
1779472243.42492318 -0.52300141 1.66183852 -1.56851972 0.53774674 -0.00912210 -0.12775394 0.83332116
1779472243.43514800 -0.52641456 1.66449633 -1.56619655 0.53836874 -0.00727503 -0.12972571 0.83263282
1779472243.44541931 -0.53107965 1.66759301 -1.56258707 0.53932453 -0.00546820 -0.13069465 0.83187623
1779472243.45575762 -0.53492160 1.66927192 -1.56140590 0.53972005 -0.00361946 -0.13239655 0.83136053
1779472243.46604180 -0.54016014 1.67283246 -1.55765954 0.54068379 -0.00138140 -0.13394223 0.83049299
1779472243.47630835 -0.54327090 1.67382762 -1.55698988 0.54089953 0.00003680 -0.13513017 0.83016115
1779472243.48663712 -0.54768287 1.67571340 -1.55529588 0.54145086 0.00194643 -0.13645272 0.82958293
1779472243.49695396 -0.55028465 1.68075766 -1.55062300 0.54238515 0.00391429 -0.13921050 0.82850677
1779472243.50720406 -0.55264356 1.68113740 -1.55132384 0.54242880 0.00527404 -0.14058835 0.82823795
1779472243.51746798 -0.55371620 1.68283356 -1.55047970 0.54261601 0.00638538 -0.14238052 0.82780123
1779472243.52774119 -0.55566855 1.68570426 -1.54832972 0.54308132 0.00798789 -0.14452670 0.82710998
1779472243.53804994 -0.55765850 1.68649221 -1.54855712 0.54306876 0.00937531 -0.14640441 0.82677335
1779472243.54832149 -0.55882625 1.68641453 -1.54929901 0.54302155 0.01023670 -0.14747117 0.82660454
1779472243.55863595 -0.55793325 1.68673711 -1.55056521 0.54291645 0.01091743 -0.14929207 0.82633796
1779472243.56898618 -0.56183092 1.68511604 -1.55203446 0.54236366 0.01264350 -0.15098807 0.82636820
1779472243.57924938 -0.55968157 1.68454118 -1.55389293 0.54204826 0.01282651 -0.15259348 0.82627743
1779472243.57940865 -0.56012576 1.68411997 -1.55446143 0.54190657 0.01311991 -0.15303608 0.82628391
1779472243.58951402 -0.56223030 1.68289043 -1.55571460 0.54149669 0.01424152 -0.15431485 0.82629622
1779472243.59983563 -0.55836337 1.68117408 -1.55973020 0.54095204 0.01409244 -0.15595263 0.82634803
1779472243.61009741 -0.56083694 1.67882177 -1.56207458 0.54028862 0.01542886 -0.15754102 0.82645688
1779472243.62035584 -0.55790864 1.67692743 -1.56543198 0.53984306 0.01525225 -0.15848208 0.82657139
1779472243.63064861 -0.55971199 1.67500919 -1.56725248 0.53937790 0.01647272 -0.15990713 0.82657718
1779472243.64095473 -0.55539314 1.67455512 -1.56957536 0.53931878 0.01630982 -0.16135464 0.82633765
1779472243.65128326 -0.55640897 1.67191617 -1.57227678 0.53879503 0.01699579 -0.16197197 0.82654470
1779472243.65147209 -0.55444418 1.67203310 -1.57286096 0.53885425 0.01676005 -0.16231829 0.82644296
1779472243.66156411 -0.55510371 1.67152062 -1.57342816 0.53877720 0.01758779 -0.16341758 0.82625934
1779472243.67183876 -0.55108355 1.67006110 -1.57638058 0.53868006 0.01738968 -0.16418338 0.82617504
1779472243.68211222 -0.54864915 1.66924040 -1.57826299 0.53859088 0.01769542 -0.16552465 0.82595903
1779472243.69243026 -0.55227901 1.66707189 -1.57957071 0.53842543 0.01893123 -0.16541845 0.82606077
1779472243.70286632 -0.54891235 1.66694429 -1.58102686 0.53849672 0.01911058 -0.16686300 0.82571957
1779472243.71316886 -0.54868153 1.66589666 -1.58240180 0.53856866 0.01983503 -0.16745975 0.82553474
1779472243.72343850 -0.54584345 1.66505430 -1.58445552 0.53848028 0.01984091 -0.16826330 0.82542885
1779472243.73371220 -0.54753786 1.66484643 -1.58420175 0.53889218 0.02102374 -0.16853182 0.82507590
1779472243.74401522 -0.54349142 1.66788446 -1.58252413 0.53978747 0.02132278 -0.16996288 0.82418896
1779472243.75432611 -0.54462999 1.66774189 -1.58254649 0.54004858 0.02248998 -0.17071281 0.82383182
1779472243.76459599 -0.54299784 1.66859511 -1.58215214 0.54068105 0.02278938 -0.17065851 0.82341989
1779472243.77485347 -0.54075947 1.66900568 -1.58263446 0.54110225 0.02324708 -0.17130957 0.82299512
1779472243.78534722 -0.54109526 1.67015279 -1.58132449 0.54171668 0.02437237 -0.17202830 0.82240823
1779472243.79573441 -0.54158230 1.67138548 -1.57991376 0.54215826 0.02537342 -0.17284927 0.82191468
1779472243.79598618 -0.54063373 1.67199925 -1.57950329 0.54238076 0.02546608 -0.17306119 0.82172040
1779472243.80615711 -0.54108004 1.67346711 -1.57776938 0.54303092 0.02636983 -0.17342570 0.82118547
1779472243.81653070 -0.54112924 1.67353036 -1.57753538 0.54347457 0.02732778 -0.17368020 0.82080678
1779472243.82687020 -0.54207241 1.67324412 -1.57742872 0.54362155 0.02857216 -0.17437383 0.82051996
1779472243.83724475 -0.53818493 1.67412406 -1.57770965 0.54408367 0.02847463 -0.17472949 0.82014131
1779472243.84751749 -0.53980047 1.67269306 -1.57841880 0.54391917 0.02985473 -0.17547660 0.82004183
1779472243.85780072 -0.53895200 1.67107341 -1.58033853 0.54366643 0.03060866 -0.17615943 0.82003523
1779472243.86808610 -0.54045771 1.67042838 -1.58035552 0.54365713 0.03168885 -0.17650931 0.81992512
1779472243.86823916 -0.53883001 1.66928644 -1.58214238 0.54339010 0.03150790 -0.17670243 0.82006750
1779472243.87834835 -0.54009509 1.66715909 -1.58388843 0.54297402 0.03245025 -0.17702868 0.82023597
1779472243.88863301 -0.53762734 1.66481923 -1.58735266 0.54245144 0.03275800 -0.17774713 0.82041410
1779472243.89888954 -0.53388760 1.66189106 -1.59172138 0.54193209 0.03238333 -0.17764486 0.82079427
1779472243.90917420 -0.53315566 1.65865941 -1.59516393 0.54108575 0.03317972 -0.17864490 0.82110372
1779472243.91946411 -0.53157534 1.65421931 -1.60027167 0.54003843 0.03359190 -0.17921376 0.82165230
1779472243.92973137 -0.52858358 1.65004060 -1.60564153 0.53908777 0.03363802 -0.17969252 0.82216997
1779472243.94010544 -0.52656363 1.64698110 -1.60948570 0.53844604 0.03372259 -0.17986930 0.82254829
1779472243.94040132 -0.52496918 1.64536789 -1.61165822 0.53806207 0.03351166 -0.18001780 0.82277565
1779472243.95055079 -0.52519989 1.64229523 -1.61464550 0.53741966 0.03412518 -0.18021873 0.82312623
1779472243.96097064 -0.52134173 1.63877017 -1.61929426 0.53646467 0.03418043 -0.18134454 0.82349955
1779472243.97132468 -0.51863594 1.63498709 -1.62378957 0.53572939 0.03431500 -0.18165296 0.82390455
1779472243.98169446 -0.51735539 1.63303382 -1.62588171 0.53523649 0.03476384 -0.18246397 0.82402686
1779472243.99204850 -0.51514694 1.62821896 -1.63119514 0.53422761 0.03495652 -0.18282739 0.82459265
1779472244.00236130 -0.51217497 1.62660891 -1.63320124 0.53388612 0.03531472 -0.18380720 0.82458074
1779472244.01271987 -0.51035108 1.62297394 -1.63711904 0.53313506 0.03570554 -0.18442810 0.82491115
1779472244.02304697 -0.50872951 1.62051476 -1.63974352 0.53271765 0.03590681 -0.18463335 0.82512613
1779472244.03334737 -0.50688791 1.61696331 -1.64335068 0.53218053 0.03619425 -0.18463433 0.82545989
1779472244.04361248 -0.50521779 1.61357742 -1.64681139 0.53138941 0.03671272 -0.18564531 0.82571986
1779472244.05394721 -0.49988835 1.61350432 -1.64808900 0.53144924 0.03632731 -0.18649104 0.82550780
1779472244.06423163 -0.49853279 1.60880701 -1.65269249 0.53059407 0.03667256 -0.18659421 0.82601916
1779472244.07450151 -0.49436561 1.60398587 -1.65832925 0.52969478 0.03637211 -0.18681867 0.82655871
1779472244.08479929 -0.48967489 1.60270190 -1.66077501 0.52952594 0.03596962 -0.18729798 0.82657603
1779472244.08493686 -0.48997747 1.60226076 -1.66098434 0.52935496 0.03634810 -0.18780863 0.82655312
1779472244.09504128 -0.48751238 1.59893189 -1.66480305 0.52902204 0.03610316 -0.18701499 0.82695685
1779472244.10530281 -0.48285810 1.59960423 -1.66514285 0.52921724 0.03621624 -0.18828102 0.82653963
1779472244.11556292 -0.47722905 1.59587146 -1.67027587 0.52866753 0.03559737 -0.18823156 0.82692947
1779472244.12581372 -0.47591825 1.59481478 -1.67146750 0.52854873 0.03597807 -0.18869238 0.82688391
1779472244.13605165 -0.47086142 1.59123772 -1.67627344 0.52785760 0.03561815 -0.18923360 0.82721723
1779472244.14635372 -0.46696915 1.58923422 -1.67902826 0.52776628 0.03549460 -0.18905787 0.82732098
1779472244.15664268 -0.46502202 1.58596358 -1.68254599 0.52723181 0.03551218 -0.18904466 0.82766395
1779472244.16693163 -0.45865481 1.58529647 -1.68458973 0.52728011 0.03504923 -0.18966968 0.82750991
1779472244.17721248 -0.45700268 1.58094522 -1.68889622 0.52669298 0.03521005 -0.18912774 0.82800088
1779472244.18751693 -0.45453086 1.57749505 -1.69257025 0.52612549 0.03537124 -0.18940102 0.82829228
1779472244.19778061 -0.45182542 1.57669252 -1.69372307 0.52597708 0.03551458 -0.19013853 0.82821143
1779472244.20800281 -0.44934295 1.57333600 -1.69726259 0.52549005 0.03560790 -0.19013840 0.82851655
1779472244.21826720 -0.44465680 1.57140707 -1.69982858 0.52529143 0.03538066 -0.19050455 0.82856812
1779472244.22853231 -0.44243407 1.56824188 -1.70309459 0.52481808 0.03531097 -0.19037690 0.82890033
1779472244.23882627 -0.44142930 1.56608299 -1.70491503 0.52456291 0.03584136 -0.19063868 0.82897891
1779472244.24908900 -0.43934206 1.56207000 -1.70885815 0.52384016 0.03600766 -0.19095622 0.82935556
1779472244.25934005 -0.43702049 1.56020621 -1.71083891 0.52366677 0.03598983 -0.19100890 0.82945370
1779472244.26965070 -0.43330392 1.55593046 -1.71532457 0.52299629 0.03570131 -0.19103901 0.82988216
1779472244.27992153 -0.42899053 1.55725247 -1.71473780 0.52343739 0.03576946 -0.19212022 0.82935135
1779472244.29017591 -0.42993955 1.55244059 -1.71870378 0.52258626 0.03622048 -0.19177832 0.82994744
1779472244.30043125 -0.42404409 1.55002709 -1.72194237 0.52239105 0.03552050 -0.19198790 0.83005212
1779472244.31070828 -0.41935043 1.54795722 -1.72455469 0.52214762 0.03517179 -0.19265099 0.83006650
1779472244.32102084 -0.41578969 1.54456730 -1.72796774 0.52182344 0.03486997 -0.19241038 0.83033886
1779472244.33128452 -0.41396380 1.54143378 -1.73095013 0.52131421 0.03481479 -0.19259192 0.83061891
1779472244.34157467 -0.40778419 1.53984804 -1.73343240 0.52115054 0.03418688 -0.19357466 0.83051925
1779472244.35185027 -0.40265049 1.53629716 -1.73735664 0.52080453 0.03348361 -0.19341790 0.83080143
1779472244.36210299 -0.39993965 1.53446169 -1.73943186 0.52056235 0.03332514 -0.19389039 0.83084944
1779472244.37236333 -0.39426211 1.53212106 -1.74264209 0.52052098 0.03253066 -0.19360667 0.83097300
1779472244.38261342 -0.39128899 1.52879759 -1.74621606 0.52026047 0.03223542 -0.19303057 0.83128161
1779472244.39289618 -0.38696197 1.52765279 -1.74824469 0.52025664 0.03168731 -0.19322444 0.83126005
1779472244.40312243 -0.38222045 1.52536721 -1.75159957 0.52021844 0.03105894 -0.19283794 0.83139741
1779472244.41337657 -0.37710149 1.52317679 -1.75511043 0.52019523 0.03034097 -0.19235172 0.83155106
1779472244.42369509 -0.37293207 1.52476726 -1.75535052 0.52095396 0.03007083 -0.19226713 0.83110533
1779472244.43399620 -0.36974552 1.52409195 -1.75719553 0.52118406 0.02971138 -0.19172658 0.83109887
1779472244.44428682 -0.36845496 1.52538816 -1.75727430 0.52196175 0.02999920 -0.19102600 0.83076173
1779472244.45453954 -0.36361357 1.52857296 -1.75647217 0.52311460 0.02963477 -0.19089487 0.83007954
1779472244.46486497 -0.36118526 1.52957114 -1.75675570 0.52355353 0.02963662 -0.19109495 0.82975665
1779472244.47516108 -0.35707021 1.53348158 -1.75506816 0.52493254 0.02944962 -0.19073958 0.82897344
1779472244.48552895 -0.35706293 1.53337058 -1.75630196 0.52527548 0.02991521 -0.19021692 0.82885962
1779472244.49589038 -0.35975206 1.53693429 -1.75351922 0.52661127 0.03108488 -0.18903168 0.82823989
1779472244.50622940 -0.35681653 1.53672924 -1.75493941 0.52674366 0.03084314 -0.18917787 0.82813136
1779472244.51646352 -0.35713506 1.53973634 -1.75287935 0.52765527 0.03171800 -0.18950863 0.82744206
1779472244.52671432 -0.35572400 1.53799914 -1.75544555 0.52748820 0.03179013 -0.18965562 0.82751214
1779472244.53699136 -0.35507126 1.53663959 -1.75731567 0.52747693 0.03189470 -0.18913677 0.82763404
1779472244.54724979 -0.35655645 1.53680473 -1.75739550 0.52763053 0.03276677 -0.18967204 0.82737953
1779472244.55752254 -0.35657440 1.53346718 -1.76084109 0.52719576 0.03298190 -0.18929323 0.82773480
1779472244.56782174 -0.35532902 1.53307052 -1.76180547 0.52702581 0.03319328 -0.19047957 0.82756240
1779472244.57816911 -0.35556603 1.52893971 -1.76594626 0.52643148 0.03333279 -0.18997114 0.82805180
1779472244.58845282 -0.35623858 1.52556523 -1.76912221 0.52597486 0.03368505 -0.18983423 0.82835906
1779472244.59873366 -0.35349301 1.52356653 -1.77200122 0.52563471 0.03346202 -0.19050895 0.82842911
1779472244.60906029 -0.35130869 1.52386335 -1.77240192 0.52579571 0.03344371 -0.19123790 0.82815968
1779472244.61936426 -0.34910041 1.51899912 -1.77781201 0.52503353 0.03298613 -0.19099089 0.82871840
1779472244.62966800 -0.34861167 1.51763458 -1.77967811 0.52498718 0.03319997 -0.19102471 0.82873143
1779472244.63999486 -0.34586850 1.51675133 -1.78138744 0.52502975 0.03283616 -0.19118286 0.82868248
1779472244.65027905 -0.34785178 1.51367197 -1.78446932 0.52456454 0.03345505 -0.19112191 0.82896636
1779472244.66059446 -0.34732277 1.51556443 -1.78339095 0.52509120 0.03396971 -0.19212335 0.82838030
1779472244.67089224 -0.34499713 1.51055876 -1.78897924 0.52433751 0.03330388 -0.19135639 0.82906197
1779472244.67108941 -0.34432574 1.51122773 -1.78878225 0.52454288 0.03328172 -0.19150143 0.82889945
1779472244.68125343 -0.34393367 1.50871475 -1.79156483 0.52421493 0.03332457 -0.19136808 0.82913596
1779472244.69153404 -0.34470403 1.50695129 -1.79375271 0.52396525 0.03380715 -0.19179054 0.82917663
1779472244.70180154 -0.34602655 1.50481010 -1.79628344 0.52372267 0.03431040 -0.19181001 0.82930470
1779472244.71201229 -0.34552732 1.50309233 -1.79846923 0.52357936 0.03434713 -0.19180490 0.82939485
1779472244.72234249 -0.34332844 1.50340117 -1.79952859 0.52378324 0.03430408 -0.19262859 0.82907694
1779472244.73260546 -0.34671887 1.49878997 -1.80387759 0.52301990 0.03504617 -0.19225524 0.82961429
1779472244.74284697 -0.34955526 1.49813421 -1.80448455 0.52294506 0.03594534 -0.19275853 0.82950620
1779472244.75315237 -0.34821246 1.49545941 -1.80794133 0.52275171 0.03571761 -0.19250408 0.82969698
1779472244.76344347 -0.34832728 1.49316921 -1.81076850 0.52228066 0.03603817 -0.19344744 0.82976035
1779472244.77375746 -0.35000612 1.49055642 -1.81355247 0.52183327 0.03661708 -0.19410507 0.82986291
1779472244.78421831 -0.35272626 1.49023287 -1.81396682 0.52191882 0.03740539 -0.19435562 0.82971530
1779472244.79458976 -0.35570721 1.48748985 -1.81651098 0.52147941 0.03821152 -0.19480206 0.82985014
1779472244.80490208 -0.35579301 1.48637255 -1.81825552 0.52138609 0.03850019 -0.19568494 0.82968770
1779472244.81520486 -0.35720528 1.48475037 -1.81995957 0.52114568 0.03893205 -0.19625623 0.82968365
1779472244.81539512 -0.35703526 1.48377395 -1.82104252 0.52105052 0.03886910 -0.19612777 0.82977674
1779472244.82555437 -0.35814501 1.48107406 -1.82372744 0.52071442 0.03910687 -0.19617723 0.82996484
1779472244.83586383 -0.36056114 1.47902509 -1.82579331 0.52037847 0.03982115 -0.19702428 0.82994093
1779472244.84612370 -0.36167001 1.47742733 -1.82764806 0.52014202 0.04030959 -0.19818023 0.82979034
1779472244.85645914 -0.36188354 1.47632629 -1.82912939 0.52012644 0.04044982 -0.19853505 0.82970846
1779472244.86677694 -0.36304381 1.47472310 -1.83111127 0.52003776 0.04081768 -0.19906713 0.82961854
1779472244.87704825 -0.36444278 1.47544548 -1.83107826 0.52023459 0.04149594 -0.20061096 0.82908944
1779472244.88737631 -0.36736259 1.47175461 -1.83446817 0.51965100 0.04197667 -0.20055726 0.82944414
1779472244.89769840 -0.36773614 1.46951627 -1.83729616 0.51935555 0.04213239 -0.20130910 0.82943916
1779472244.90797329 -0.36768139 1.46889253 -1.83906883 0.51924901 0.04234247 -0.20282150 0.82912666
1779472244.91829848 -0.37065376 1.46833088 -1.84020584 0.51923073 0.04314901 -0.20369320 0.82888280
1779472244.92859197 -0.37219931 1.46601367 -1.84281009 0.51880693 0.04346398 -0.20429649 0.82898323
1779472244.93891478 -0.37480267 1.46538090 -1.84417184 0.51868036 0.04419809 -0.20560160 0.82870091
1779472244.94915771 -0.37719958 1.46226308 -1.84763412 0.51805583 0.04470100 -0.20649816 0.82884165
1779472244.95946503 -0.37778774 1.46204399 -1.84886746 0.51790664 0.04501320 -0.20798067 0.82854726
1779472244.96973968 -0.38019652 1.46081018 -1.85098165 0.51753900 0.04566871 -0.20957644 0.82833899
1779472244.98001575 -0.38145346 1.45813152 -1.85476914 0.51711100 0.04583048 -0.21002716 0.82848318
1779472244.99068618 -0.38281011 1.45973954 -1.85491680 0.51737816 0.04640547 -0.21174224 0.82784757
1779472245.00106812 -0.38728204 1.45635318 -1.85809533 0.51660835 0.04725112 -0.21227591 0.82814376
1779472245.01136947 -0.38829111 1.45775696 -1.85870742 0.51673066 0.04776410 -0.21443245 0.82748217
1779472245.02168107 -0.39012869 1.45728727 -1.86050915 0.51653640 0.04827367 -0.21598350 0.82717044
1779472245.03204846 -0.39510025 1.45473414 -1.86322445 0.51606386 0.04922669 -0.21634177 0.82731558
1779472245.04239964 -0.39788799 1.45347358 -1.86491701 0.51567923 0.04985849 -0.21754010 0.82720334
1779472245.05274367 -0.40123498 1.44933958 -1.86908728 0.51473812 0.05042219 -0.21869468 0.82745085
1779472245.06305575 -0.40304263 1.44572761 -1.87304049 0.51388888 0.05069101 -0.22015640 0.82757465
1779472245.07338881 -0.40309073 1.44672567 -1.87321997 0.51391695 0.05094336 -0.22213435 0.82701298
1779472245.08365726 -0.40134798 1.44065455 -1.87988562 0.51288178 0.05013693 -0.22246517 0.82761574
1779472245.09395957 -0.40195903 1.43734675 -1.88377700 0.51212179 0.05016601 -0.22405665 0.82765528
1779472245.10424256 -0.40012529 1.43512909 -1.88706067 0.51179663 0.04963080 -0.22477194 0.82769473
1779472245.10441160 -0.39915996 1.43494679 -1.88780742 0.51174743 0.04943154 -0.22529123 0.82759588
1779472245.11457467 -0.40211421 1.43221476 -1.89045046 0.51123040 0.04990925 -0.22575871 0.82775935
1779472245.12489629 -0.40043716 1.43032158 -1.89381333 0.51091068 0.04949522 -0.22713310 0.82760562
1779472245.13523912 -0.40210322 1.42788671 -1.89681299 0.51045654 0.04977437 -0.22819421 0.82757721
1779472245.14558601 -0.40510484 1.42746106 -1.89758306 0.51032559 0.05047058 -0.22922373 0.82733125
1779472245.15585995 -0.40329120 1.42323234 -1.90272803 0.50985769 0.04978435 -0.22912828 0.82768768
1779472245.16615391 -0.40415299 1.42077441 -1.90586608 0.50948880 0.04987664 -0.22989367 0.82769704
1779472245.17643809 -0.40477754 1.42013761 -1.90740207 0.50952081 0.05000992 -0.23033440 0.82754674
1779472245.18671274 -0.40472952 1.41772259 -1.91086853 0.50925562 0.04987286 -0.23076766 0.82759754
1779472245.19703746 -0.40675416 1.41722594 -1.91238866 0.50930375 0.05034312 -0.23144544 0.82735015
1779472245.20731664 -0.40734662 1.41523213 -1.91541843 0.50903355 0.05041557 -0.23222905 0.82729244
1779472245.21763611 -0.40822911 1.41342481 -1.91740346 0.50885501 0.05046795 -0.23198689 0.82746701
1779472245.22796607 -0.41056552 1.41206208 -1.91994403 0.50877351 0.05100021 -0.23276138 0.82726697
1779472245.23823738 -0.41144570 1.41078762 -1.92241904 0.50875535 0.05116537 -0.23301809 0.82719567
1779472245.24851561 -0.41371321 1.40822614 -1.92516807 0.50836641 0.05153862 -0.23309432 0.82739011
1779472245.25877523 -0.41621191 1.40705382 -1.92719797 0.50835854 0.05204770 -0.23329482 0.82730657
1779472245.26900005 -0.41839645 1.40560155 -1.92949410 0.50818729 0.05251447 -0.23390425 0.82721020
1779472245.27931499 -0.42030356 1.40596354 -1.93039338 0.50832784 0.05307308 -0.23489771 0.82680658
1779472245.28960919 -0.42336198 1.40096703 -1.93463214 0.50762105 0.05340174 -0.23404142 0.82746223
1779472245.29989910 -0.42492010 1.40050976 -1.93620066 0.50765600 0.05382036 -0.23483578 0.82718856
1779472245.31018806 -0.42639211 1.39828100 -1.93918796 0.50742505 0.05406110 -0.23503868 0.82725694
1779472245.32050347 -0.42840441 1.39590790 -1.94175887 0.50714882 0.05434796 -0.23496525 0.82742837
1779472245.33077693 -0.43017595 1.39343467 -1.94481179 0.50676106 0.05465246 -0.23562219 0.82745908
1779472245.34103131 -0.43379408 1.39131797 -1.94706592 0.50639668 0.05541311 -0.23624139 0.82745501
1779472245.35135555 -0.43481482 1.39422464 -1.94565784 0.50694197 0.05597513 -0.23771236 0.82666164
1779472245.36166239 -0.43756987 1.38585958 -1.95298968 0.50587049 0.05594833 -0.23584858 0.82785281
1779472245.37190700 -0.43829824 1.38604828 -1.95416966 0.50598310 0.05625412 -0.23692086 0.82745700
1779472245.38215804 -0.43721978 1.38249706 -1.95860292 0.50555442 0.05583505 -0.23719876 0.82766776
1779472245.39254522 -0.43715893 1.38355887 -1.95909193 0.50588968 0.05594770 -0.23788284 0.82725887
1779472245.40286994 -0.43963444 1.38252472 -1.96087014 0.50580962 0.05651733 -0.23843608 0.82710982
1779472245.41311431 -0.44197980 1.37990043 -1.96395646 0.50551131 0.05690112 -0.23852714 0.82723962
1779472245.42339611 -0.44267101 1.38451577 -1.96160969 0.50639443 0.05747716 -0.24010237 0.82620331
1779472245.43370461 -0.44508717 1.37762660 -1.96786368 0.50545418 0.05753718 -0.23896697 0.82710358
1779472245.44393110 -0.44573809 1.37699827 -1.96976873 0.50549077 0.05772465 -0.23967313 0.82686380
1779472245.45420694 -0.44941164 1.37632409 -1.97057378 0.50535208 0.05857762 -0.24017117 0.82674407
1779472245.45437932 -0.44896482 1.37551384 -1.97160409 0.50525034 0.05846439 -0.24033879 0.82676555
1779472245.46451735 -0.45126424 1.37382378 -1.97328170 0.50501013 0.05891980 -0.24064251 0.82679164
1779472245.47481132 -0.45226247 1.37221050 -1.97566149 0.50476346 0.05913971 -0.24153798 0.82666544
1779472245.48501015 -0.45731730 1.36898850 -1.97806174 0.50416569 0.06012065 -0.24208560 0.82679926
1779472245.49532843 -0.45917853 1.36924839 -1.97823010 0.50414191 0.06065169 -0.24348929 0.82636268
1779472245.50556707 -0.46171171 1.36323889 -1.98305062 0.50307687 0.06095751 -0.24370588 0.82692520
1779472245.51581979 -0.46747423 1.36114901 -1.98439113 0.50259054 0.06220462 -0.24473570 0.82682391
1779472245.52605486 -0.46900782 1.35802885 -1.98717313 0.50214344 0.06241931 -0.24475387 0.82707396
1779472245.53635836 -0.47301883 1.35542268 -1.98913824 0.50176046 0.06328434 -0.24520279 0.82710769
1779472245.54664469 -0.47752861 1.35649062 -1.98868531 0.50200079 0.06450374 -0.24608298 0.82660610
1779472245.55698085 -0.47811043 1.35427417 -1.99125396 0.50165555 0.06460551 -0.24663042 0.82664459
1779472245.55713654 -0.47915502 1.35569274 -1.99034769 0.50192462 0.06496435 -0.24697981 0.82634877
1779472245.56721044 -0.48056877 1.35624983 -1.99079205 0.50215511 0.06544459 -0.24748469 0.82601972
1779472245.57751513 -0.48736620 1.35714370 -1.99022320 0.50236040 0.06713835 -0.24801832 0.82559881
1779472245.58783960 -0.49202101 1.35972965 -1.98917263 0.50309416 0.06848438 -0.24805767 0.82502942
1779472245.59813023 -0.49404180 1.36540430 -1.98609289 0.50426798 0.06946821 -0.24884339 0.82399329
1779472245.60846448 -0.49657788 1.37003300 -1.98440784 0.50551565 0.07048581 -0.24866309 0.82319642
1779472245.61877680 -0.49789695 1.37649361 -1.98177736 0.50695354 0.07138635 -0.24928735 0.82204496
1779472245.62908745 -0.49937570 1.38192661 -1.97924313 0.50822711 0.07225906 -0.24932561 0.82117024
1779472245.63931918 -0.50200332 1.38900781 -1.97606429 0.50982456 0.07347648 -0.24949854 0.82001866
1779472245.64965940 -0.50593559 1.39481801 -1.97330263 0.51121953 0.07492153 -0.24919368 0.81911163
1779472245.66004276 -0.50620168 1.40225903 -1.97018651 0.51293999 0.07572987 -0.24927870 0.81793501
1779472245.67031574 -0.50906908 1.40836364 -1.96676193 0.51420466 0.07691220 -0.24959285 0.81693420
1779472245.68054581 -0.51063831 1.41052596 -1.96688502 0.51489275 0.07763317 -0.24918867 0.81655591
1779472245.69079614 -0.51276805 1.41293732 -1.96654287 0.51544801 0.07850753 -0.24943485 0.81604667
1779472245.70102429 -0.51288768 1.41488736 -1.96637893 0.51594645 0.07885348 -0.24956189 0.81565940
1779472245.71137476 -0.51030196 1.41915739 -1.96548186 0.51664201 0.07889863 -0.25141525 0.81464496
1779472245.72171426 -0.51089955 1.41868631 -1.96699033 0.51673194 0.07931743 -0.25126326 0.81459414
1779472245.73199749 -0.51413610 1.41586657 -1.96916281 0.51617288 0.08006020 -0.25133710 0.81485310
1779472245.73216462 -0.51502072 1.41474478 -1.97001775 0.51610661 0.08023582 -0.25069673 0.81507505
1779472245.74231815 -0.51602042 1.41414229 -1.97093027 0.51591261 0.08066790 -0.25153318 0.81489750
1779472245.75258708 -0.51944480 1.41020334 -1.97404687 0.51542263 0.08143245 -0.25052979 0.81544043
1779472245.76281691 -0.52079560 1.41045583 -1.97442851 0.51554054 0.08206216 -0.25092646 0.81518075
1779472245.77306461 -0.51827933 1.41250422 -1.97409468 0.51593860 0.08195157 -0.25206686 0.81458799
1779472245.78339434 -0.52411032 1.40927968 -1.97571287 0.51550566 0.08334204 -0.25125370 0.81497215
1779472245.79366732 -0.52234461 1.41261344 -1.97456390 0.51621926 0.08355449 -0.25227001 0.81418435
1779472245.80404282 -0.52253204 1.41471641 -1.97345883 0.51647865 0.08407274 -0.25362738 0.81354455
1779472245.81441593 -0.52564698 1.41389704 -1.97404196 0.51639048 0.08504043 -0.25382980 0.81343680
1779472245.82468128 -0.52619754 1.41325932 -1.97479355 0.51652385 0.08555585 -0.25372861 0.81332964
1779472245.83494830 -0.52768483 1.41688699 -1.97239379 0.51702696 0.08650126 -0.25543252 0.81237607
1779472245.84520102 -0.52927592 1.41561222 -1.97328621 0.51678154 0.08707910 -0.25586456 0.81233453
1779472245.85556030 -0.53167919 1.41766220 -1.97166458 0.51721767 0.08815568 -0.25642963 0.81176247
1779472245.86585975 -0.53241062 1.41968632 -1.97046772 0.51754788 0.08891216 -0.25756078 0.81111113
1779472245.87620020 -0.53176074 1.42115092 -1.97002356 0.51780954 0.08921193 -0.25835514 0.81065846
1779472245.87635827 -0.53294466 1.42243570 -1.96898257 0.51796660 0.08965560 -0.25879067 0.81037020
1779472245.88650179 -0.53574851 1.42513950 -1.96663898 0.51839995 0.09078326 -0.25951386 0.80973603
1779472245.89677358 -0.53773586 1.42908474 -1.96380160 0.51899871 0.09196008 -0.26078915 0.80880944
1779472245.90709209 -0.53827449 1.42977408 -1.96373460 0.51907636 0.09261679 -0.26166113 0.80840294
1779472245.91730881 -0.53815120 1.43278936 -1.96193259 0.51957939 0.09316570 -0.26263831 0.80769952
1779472245.92758131 -0.54014037 1.43555176 -1.95976267 0.51996479 0.09431759 -0.26367309 0.80698037
1779472245.93792796 -0.54233813 1.43764902 -1.95790511 0.52018944 0.09531948 -0.26461236 0.80641022
1779472245.94823933 -0.54678656 1.43975760 -1.95537873 0.52015694 0.09699696 -0.26632621 0.80566662
1779472245.95849657 -0.54654837 1.43905965 -1.95642830 0.51993442 0.09741074 -0.26705910 0.80551771
1779472245.96874785 -0.54955548 1.44262494 -1.95298577 0.52044319 0.09887943 -0.26797365 0.80470607
1779472245.97903395 -0.55098902 1.43718033 -1.95702004 0.51931578 0.09917177 -0.26805557 0.80537091
1779472245.98930788 -0.55419421 1.44033822 -1.95365242 0.51938971 0.10070083 -0.27019286 0.80441873
1779472245.99957252 -0.55541084 1.43895522 -1.95426020 0.51883507 0.10146959 -0.27144470 0.80425858
1779472246.00981736 -0.55924108 1.43686148 -1.95465454 0.51810866 0.10275123 -0.27229079 0.80427814
1779472246.02009511 -0.56087531 1.44416279 -1.94819726 0.51888307 0.10413865 -0.27510125 0.80264239
1779472246.03040695 -0.56182345 1.43769830 -1.95264791 0.51716338 0.10447142 -0.27663901 0.80318032
1779472246.04080772 -0.56649459 1.44185055 -1.94744723 0.51716967 0.10641308 -0.27955301 0.80191141
1779472246.05114174 -0.56838102 1.43699047 -1.95025241 0.51559153 0.10690030 -0.28159936 0.80214681
1779472246.06140709 -0.57262114 1.43397465 -1.95069135 0.51396862 0.10820185 -0.28489280 0.80185080
1779472246.07166386 -0.57637034 1.43425689 -1.94890784 0.51289107 0.10964103 -0.28855946 0.80103373
1779472246.08191133 -0.57773840 1.43575576 -1.94704240 0.51242639 0.11048982 -0.29137065 0.80019644
1779472246.08206630 -0.57872581 1.43412842 -1.94792235 0.51184145 0.11071397 -0.29218139 0.80024420
1779472246.09219289 -0.58081021 1.43626688 -1.94542199 0.51132165 0.11181412 -0.29530877 0.79927499
1779472246.10251284 -0.58527086 1.43851525 -1.94236848 0.51052519 0.11350553 -0.29913805 0.79812088
1779472246.11283731 -0.58773419 1.44310895 -1.93806643 0.51010740 0.11504565 -0.30347739 0.79652773
1779472246.12317848 -0.59174625 1.44477126 -1.93564990 0.50950032 0.11651442 -0.30614923 0.79567988
1779472246.13347268 -0.59554514 1.45002506 -1.93041922 0.50903717 0.11841279 -0.31078662 0.79389624
1779472246.14372230 -0.59831800 1.45417663 -1.92625987 0.50855655 0.12005310 -0.31484240 0.79235835
1779472246.15402579 -0.59826793 1.45562687 -1.92505082 0.50777978 0.12064921 -0.31848779 0.79130840
1779472246.15419531 -0.59838652 1.45675582 -1.92404105 0.50761129 0.12096277 -0.31985019 0.79081897
1779472246.16434431 -0.60063825 1.46180693 -1.91911739 0.50764827 0.12241954 -0.32289452 0.78933251
1779472246.17458868 -0.60406551 1.46348116 -1.91632724 0.50660714 0.12407892 -0.32701168 0.78804631
1779472246.18484592 -0.60873819 1.46548595 -1.91272252 0.50567991 0.12606409 -0.33072137 0.78677764
1779472246.19513369 -0.61396637 1.46775972 -1.90876597 0.50512737 0.12801508 -0.33327073 0.78574111
1779472246.20543098 -0.62204578 1.46758754 -1.90557468 0.50370975 0.13065102 -0.33660803 0.78479413
1779472246.21567655 -0.62450051 1.47282106 -1.89978824 0.50361351 0.13254148 -0.34012282 0.78302149
1779472246.22600675 -0.63152770 1.47916762 -1.89152440 0.50369013 0.13532693 -0.34310184 0.78119396
1779472246.23631287 -0.63503499 1.47894704 -1.88969323 0.50278069 0.13693021 -0.34545856 0.78046145
1779472246.24659944 -0.63967865 1.47851780 -1.88764163 0.50167181 0.13875925 -0.34816122 0.77965058
1779472246.25693655 -0.64722731 1.47892405 -1.88384137 0.50075531 0.14127720 -0.35030774 0.77882563
1779472246.26718402 -0.64758459 1.48315639 -1.87943045 0.50090182 0.14245475 -0.35264585 0.77746055
1779472246.27752638 -0.65463653 1.48727380 -1.87252215 0.50179049 0.14518281 -0.35165077 0.77683331
1779472246.28783417 -0.65904644 1.48874814 -1.86894775 0.50137551 0.14717230 -0.35323325 0.77600849
1779472246.29817557 -0.65820421 1.49154443 -1.86632891 0.50118702 0.14791770 -0.35574835 0.77483871
1779472246.30847144 -0.66333455 1.49212051 -1.86324480 0.50066895 0.14994464 -0.35703598 0.77419152
1779472246.31882334 -0.66157296 1.49216971 -1.86314353 0.50003141 0.15042418 -0.35927911 0.77347248
1779472246.32910371 -0.66170083 1.49365000 -1.86128196 0.49982380 0.15125489 -0.36089991 0.77268971
1779472246.33941722 -0.66184242 1.49514988 -1.85924210 0.49962080 0.15229012 -0.36243630 0.77189811
1779472246.34967518 -0.65880083 1.49748438 -1.85761075 0.49949034 0.15272751 -0.36470253 0.77082798
1779472246.36001062 -0.65979674 1.49719493 -1.85683782 0.49870130 0.15371928 -0.36670614 0.77019089
1779472246.37035179 -0.65878889 1.49622488 -1.85750480 0.49806197 0.15401381 -0.36817006 0.76984727
1779472246.38067102 -0.65647200 1.49828832 -1.85577729 0.49782422 0.15456921 -0.37049746 0.76877242
1779472246.39099360 -0.65112401 1.49962384 -1.85570718 0.49752009 0.15440281 -0.37306190 0.76776191
1779472246.40128827 -0.64883714 1.49574596 -1.85932036 0.49640671 0.15407231 -0.37435010 0.76792194
1779472246.41158557 -0.64958690 1.49861280 -1.85573372 0.49615715 0.15544699 -0.37665191 0.76667963
1779472246.42187309 -0.64871547 1.49471086 -1.85850877 0.49511453 0.15566654 -0.37741974 0.76693147
1779472246.43219852 -0.64255650 1.49527735 -1.85961166 0.49474619 0.15522489 -0.37976477 0.76610062
1779472246.44248438 -0.64692777 1.49427050 -1.85826190 0.49391254 0.15669416 -0.38090936 0.76577111
1779472246.45275617 -0.64605458 1.49292732 -1.85894611 0.49303822 0.15720694 -0.38280775 0.76528264
1779472246.46300912 -0.64025171 1.49487944 -1.85859958 0.49315250 0.15705625 -0.38459775 0.76434188
1779472246.47332430 -0.64134916 1.49477151 -1.85784203 0.49283401 0.15790811 -0.38526479 0.76403580
1779472246.48361993 -0.64393672 1.49486218 -1.85624959 0.49239169 0.15934108 -0.38611634 0.76359349
1779472246.49388909 -0.64038252 1.49728623 -1.85492341 0.49257970 0.15972057 -0.38765128 0.76261462
1779472246.50422835 -0.63823067 1.49831872 -1.85433183 0.49261405 0.16001994 -0.38857669 0.76205851
1779472246.50440693 -0.63810859 1.49876373 -1.85385527 0.49258215 0.16025841 -0.38895189 0.76183758
1779472246.51450133 -0.63713764 1.49953477 -1.85309352 0.49244869 0.16077150 -0.39007781 0.76123986
1779472246.52475548 -0.63327380 1.50499180 -1.84911987 0.49310399 0.16139814 -0.39212397 0.75963010
1779472246.53497863 -0.63390878 1.50106937 -1.85185791 0.49228670 0.16169513 -0.39220074 0.76005729
1779472246.53517818 -0.63223394 1.50241489 -1.85122233 0.49247818 0.16169945 -0.39275078 0.75964818
1779472246.54532695 -0.62913747 1.50244571 -1.85161484 0.49242053 0.16170080 -0.39363146 0.75922931
1779472246.55557919 -0.62691562 1.50411260 -1.85040677 0.49230053 0.16221957 -0.39547855 0.75823592
1779472246.56580734 -0.62338734 1.50526638 -1.84987489 0.49227760 0.16242553 -0.39710580 0.75735573
1779472246.57609677 -0.62014001 1.50315897 -1.85208862 0.49183975 0.16209939 -0.39793889 0.75727280
1779472246.58632588 -0.61815525 1.50567308 -1.84981093 0.49189489 0.16277566 -0.39994335 0.75603493
1779472246.59659886 -0.61547754 1.50386524 -1.85146317 0.49155652 0.16280051 -0.40069840 0.75584984
1779472246.60695744 -0.61108711 1.50942421 -1.84736221 0.49220737 0.16335606 -0.40319086 0.75397867
1779472246.61723018 -0.61269815 1.50569697 -1.84985080 0.49142478 0.16379373 -0.40316080 0.75441015
1779472246.62750053 -0.60894716 1.50957455 -1.84703874 0.49197081 0.16426802 -0.40488004 0.75302915
1779472246.63775921 -0.60852803 1.50968777 -1.84657882 0.49172037 0.16494044 -0.40608211 0.75239820
1779472246.64805603 -0.60657934 1.51486706 -1.84236591 0.49234545 0.16570359 -0.40790580 0.75083363
1779472246.65840292 -0.60644550 1.51329927 -1.84318754 0.49178863 0.16624874 -0.40904843 0.75045632
1779472246.66873622 -0.60577777 1.51850044 -1.83836658 0.49229112 0.16749408 -0.41112028 0.74871577
1779472246.67902875 -0.60534657 1.51571153 -1.84079074 0.49170727 0.16758022 -0.41151611 0.74886268
1779472246.68929863 -0.60311304 1.52054398 -1.83692564 0.49229223 0.16847301 -0.41341203 0.74723202
1779472246.69958043 -0.60381101 1.51897941 -1.83809158 0.49204344 0.16907749 -0.41340381 0.74726390
1779472246.70991421 -0.60201534 1.52502455 -1.83328279 0.49299365 0.17013410 -0.41484244 0.74559868
1779472246.72021484 -0.60037107 1.52448502 -1.83436465 0.49305632 0.17020774 -0.41493885 0.74548679
1779472246.73050117 -0.60012960 1.53125853 -1.82857783 0.49415020 0.17167249 -0.41604695 0.74380715
1779472246.74078536 -0.59742689 1.53295893 -1.82827364 0.49442726 0.17195531 -0.41699783 0.74302481
1779472246.75108624 -0.59669111 1.53936597 -1.82317983 0.49559048 0.17307423 -0.41763441 0.74163123
1779472246.76141405 -0.59565083 1.54258330 -1.82114334 0.49616704 0.17387408 -0.41818508 0.74074781
1779472246.77169514 -0.59020782 1.55176407 -1.81511348 0.49781622 0.17449680 -0.42001695 0.73845491
1779472246.78202033 -0.59019956 1.55334263 -1.81434509 0.49832701 0.17524627 -0.41960691 0.73816595
1779472246.79232717 -0.58905801 1.55170812 -1.81678280 0.49802479 0.17521273 -0.41985484 0.73823691
1779472246.80260706 -0.58882963 1.55894119 -1.81080040 0.49904338 0.17667866 -0.42127263 0.73638966
1779472246.81283736 -0.58646878 1.56024831 -1.81095056 0.49955485 0.17691680 -0.42119100 0.73603229
1779472246.82308149 -0.58732021 1.56187104 -1.80967526 0.49959414 0.17773383 -0.42189991 0.73540250
1779472246.83342218 -0.58380169 1.56397350 -1.80939431 0.50009259 0.17782243 -0.42256327 0.73466106
1779472246.84369969 -0.58671659 1.56686899 -1.80632781 0.50038043 0.17936456 -0.42293294 0.73387704
1779472246.85402036 -0.58203519 1.56833146 -1.80671783 0.50084029 0.17899708 -0.42362076 0.73325609
1779472246.86438727 -0.58137390 1.56821814 -1.80736106 0.50083620 0.17940006 -0.42390555 0.73299577
1779472246.87471557 -0.58355670 1.56729072 -1.80788700 0.50043858 0.18029549 -0.42430986 0.73281369
1779472246.88502622 -0.58159657 1.56768753 -1.80825721 0.50044584 0.18051100 -0.42518315 0.73224930
1779472246.89536524 -0.58250711 1.56613845 -1.80961420 0.50005541 0.18090785 -0.42544449 0.73226629
1779472246.90567350 -0.58135875 1.56395894 -1.81191657 0.49954273 0.18096066 -0.42628708 0.73211313
1779472246.91589522 -0.58290366 1.56334799 -1.81199124 0.49913749 0.18170505 -0.42719195 0.73167758
1779472246.92611957 -0.58111668 1.56080061 -1.81495106 0.49850684 0.18141700 -0.42825626 0.73155682
1779472246.93640375 -0.58159197 1.56128687 -1.81452609 0.49836726 0.18208222 -0.42917796 0.73094625
1779472246.94667721 -0.57905608 1.55858251 -1.81794870 0.49805879 0.18175023 -0.42949545 0.73105264
1779472246.95700550 -0.57750177 1.55911825 -1.81803227 0.49803642 0.18191404 -0.43052659 0.73042033
1779472246.95715928 -0.57739907 1.55611431 -1.82082493 0.49754443 0.18164686 -0.43037455 0.73091155
1779472246.96729994 -0.57647422 1.55543204 -1.82202957 0.49743124 0.18174844 -0.43082946 0.73069532
1779472246.97755551 -0.57632494 1.55625281 -1.82143725 0.49759229 0.18238144 -0.43137827 0.73010391
1779472246.98780727 -0.57287411 1.55622406 -1.82263380 0.49740168 0.18218390 -0.43320546 0.72920067
1779472246.99807096 -0.57570610 1.55020969 -1.82747608 0.49632820 0.18237496 -0.43273320 0.73016414
1779472247.00837612 -0.57130137 1.55169075 -1.82782453 0.49664431 0.18219566 -0.43417419 0.72913781
1779472247.01862717 -0.57266348 1.54637405 -1.83269328 0.49578614 0.18228506 -0.43386982 0.72988029
1779472247.02891779 -0.57260984 1.54657133 -1.83274249 0.49572798 0.18270725 -0.43461343 0.72937164
1779472247.03920436 -0.56867282 1.54813058 -1.83293589 0.49586951 0.18260154 -0.43650211 0.72817307
1779472247.04946089 -0.57299801 1.54212647 -1.83769236 0.49491730 0.18318114 -0.43552137 0.72926173
1779472247.05973363 -0.56867865 1.54520893 -1.83690216 0.49534642 0.18303380 -0.43738926 0.72788817
1779472247.06015515 -0.57230939 1.54156210 -1.83915102 0.49486827 0.18345898 -0.43610600 0.72887568
1779472247.07004237 -0.57038485 1.54208310 -1.83975366 0.49491602 0.18352864 -0.43718214 0.72818071
1779472247.08036613 -0.57481435 1.54127295 -1.84005551 0.49473852 0.18480606 -0.43678387 0.72821725
1779472247.09069085 -0.57402377 1.53964938 -1.84262113 0.49435159 0.18490471 -0.43781299 0.72783689
1779472247.10105157 -0.57502437 1.54204051 -1.84088220 0.49473848 0.18580173 -0.43832954 0.72703423
1779472247.11144137 -0.57856468 1.53941139 -1.84316440 0.49417074 0.18664027 -0.43833162 0.72720429
1779472247.12180042 -0.57786628 1.54002375 -1.84369079 0.49422910 0.18706549 -0.43941668 0.72640008
1779472247.13220310 -0.58398493 1.53879144 -1.84380269 0.49381231 0.18849841 -0.43913613 0.72648277
1779472247.13238716 -0.58403030 1.54063190 -1.84245135 0.49409008 0.18883693 -0.43952580 0.72597016
1779472247.14247680 -0.58201545 1.54110393 -1.84358384 0.49434433 0.18878465 -0.43997281 0.72553978
1779472247.15275002 -0.58363879 1.54123828 -1.84415660 0.49425680 0.18956935 -0.44066727 0.72497313
1779472247.16297889 -0.58551422 1.54165177 -1.84405614 0.49445276 0.19036486 -0.44052322 0.72471855
1779472247.17324948 -0.58425740 1.54243219 -1.84504498 0.49457022 0.19055174 -0.44166088 0.72389640
1779472247.18359232 -0.58543009 1.54232087 -1.84599964 0.49473316 0.19118420 -0.44176507 0.72355464
1779472247.19387126 -0.58749197 1.54507507 -1.84413697 0.49489680 0.19231183 -0.44320257 0.72226366
1779472247.20411253 -0.58578318 1.54338662 -1.84699036 0.49497994 0.19204885 -0.44314208 0.72231378
1779472247.20429826 -0.58427123 1.54650752 -1.84501660 0.49551872 0.19221559 -0.44384333 0.72146896
1779472247.21444201 -0.59017784 1.54479518 -1.84571068 0.49496765 0.19348800 -0.44385894 0.72149751
1779472247.22469878 -0.58811763 1.54343105 -1.84861351 0.49496169 0.19325659 -0.44462002 0.72109490
1779472247.23505425 -0.59088772 1.54385712 -1.84861291 0.49486552 0.19421622 -0.44553736 0.72033647
1779472247.24529886 -0.59063112 1.54119896 -1.85193356 0.49449265 0.19407664 -0.44602452 0.72032868
1779472247.25560498 -0.59254249 1.54304711 -1.85098884 0.49479309 0.19501263 -0.44682672 0.71937178
1779472247.26591754 -0.59185293 1.53935246 -1.85530363 0.49444223 0.19467323 -0.44690718 0.71965490
1779472247.27624416 -0.59136917 1.54074512 -1.85548500 0.49465102 0.19503290 -0.44830396 0.71854443
1779472247.28658867 -0.59167056 1.53702722 -1.86000054 0.49411120 0.19493657 -0.44887921 0.71858285
1779472247.29691124 -0.59527911 1.53882910 -1.85875395 0.49446434 0.19620208 -0.44916742 0.71781501
1779472247.30724120 -0.59157660 1.53772140 -1.86214186 0.49447447 0.19557912 -0.45061213 0.71707218
1779472247.31756687 -0.59407533 1.53617950 -1.86389965 0.49416108 0.19609707 -0.45098473 0.71691251
1779472247.32786632 -0.59200868 1.53495323 -1.86713032 0.49430384 0.19576717 -0.45156676 0.71653778
1779472247.33810139 -0.59192222 1.53265152 -1.87091335 0.49408846 0.19571132 -0.45215602 0.71632996
1779472247.34842157 -0.59208005 1.53447703 -1.87059375 0.49427963 0.19611892 -0.45338898 0.71530654
1779472247.35871315 -0.58835898 1.53107764 -1.87672949 0.49421145 0.19515048 -0.45370798 0.71541624
1779472247.36899376 -0.58820668 1.53283506 -1.87723556 0.49473826 0.19556800 -0.45430663 0.71455769
1779472247.37927222 -0.58840166 1.53023406 -1.88147126 0.49435940 0.19546531 -0.45507558 0.71435867
1779472247.38963270 -0.58735127 1.53120923 -1.88246915 0.49464099 0.19551292 -0.45586293 0.71364836
1779472247.40013862 -0.58519639 1.53162710 -1.88489243 0.49487598 0.19529917 -0.45702798 0.71279831
1779472247.41044044 -0.58518024 1.53137478 -1.88739942 0.49492550 0.19544157 -0.45777575 0.71224483
1779472247.42074060 -0.58585258 1.52616709 -1.89350022 0.49423005 0.19505050 -0.45765746 0.71291066
1779472247.43106079 -0.58342203 1.52655964 -1.89637065 0.49441577 0.19474308 -0.45887383 0.71208355
1779472247.44136763 -0.58063865 1.52409946 -1.90175289 0.49440794 0.19404055 -0.45929114 0.71201173
1779472247.45174193 -0.58034338 1.52400007 -1.90457424 0.49441744 0.19406849 -0.46025699 0.71137354
1779472247.46199846 -0.57900665 1.52389157 -1.90700791 0.49449679 0.19387297 -0.46102827 0.71087209
1779472247.47232985 -0.57632999 1.51914142 -1.91432487 0.49403296 0.19288314 -0.46158787 0.71110067
1779472247.48258853 -0.57025446 1.52375105 -1.91482524 0.49482427 0.19231036 -0.46411555 0.70905742
1779472247.49287510 -0.57077113 1.52208337 -1.91787686 0.49466589 0.19228963 -0.46431481 0.70904310
1779472247.50324297 -0.57013446 1.51541790 -1.92599162 0.49381756 0.19148389 -0.46459300 0.70966998
1779472247.51355243 -0.56774149 1.51186425 -1.93198565 0.49328230 0.19063205 -0.46598786 0.70935697
1779472247.52384543 -0.56425833 1.51028581 -1.93634633 0.49313849 0.18987418 -0.46757949 0.70861248
1779472247.53414059 -0.56087321 1.50857542 -1.94026249 0.49314355 0.18910195 -0.46841541 0.70826329
1779472247.54445672 -0.56301146 1.50552471 -1.94435845 0.49262312 0.18928797 -0.46904966 0.70815601
1779472247.55472207 -0.55841700 1.50028695 -1.95204067 0.49210362 0.18785074 -0.47013383 0.70818099
1779472247.56506562 -0.55558305 1.50014934 -1.95444003 0.49233066 0.18739231 -0.47100043 0.70756854
1779472247.57541227 -0.55566069 1.49522076 -1.96035146 0.49183391 0.18699853 -0.47119743 0.70788695
1779472247.58569980 -0.55260146 1.49397791 -1.96447349 0.49185059 0.18633976 -0.47243270 0.70722544
1779472247.59601712 -0.54939570 1.49135566 -1.96938417 0.49177642 0.18555152 -0.47335517 0.70686737
1779472247.60640621 -0.54823649 1.49029531 -1.97194385 0.49194704 0.18536651 -0.47352540 0.70668314
1779472247.61672664 -0.54413063 1.48609016 -1.97849484 0.49171715 0.18419671 -0.47421690 0.70668532
1779472247.62708712 -0.54718881 1.48311484 -1.98200796 0.49110581 0.18462829 -0.47497710 0.70648725
1779472247.63744688 -0.53555846 1.48822155 -1.98242286 0.49290697 0.18311276 -0.47601832 0.70492482
1779472247.63763976 -0.54108821 1.48234439 -1.98618481 0.49159493 0.18351231 -0.47587387 0.70583406
1779472247.64779615 -0.54336413 1.48174765 -1.98757875 0.49131699 0.18400993 -0.47675666 0.70530209
1779472247.65823150 -0.54718381 1.47360353 -1.99463618 0.49019539 0.18404779 -0.47622905 0.70642819
1779472247.66855764 -0.54084040 1.47964012 -1.99335691 0.49180740 0.18376165 -0.47727124 0.70467673
1779472247.67888141 -0.54002865 1.47662300 -1.99737469 0.49145411 0.18339684 -0.47791077 0.70458481
1779472247.68925881 -0.54057554 1.47427635 -2.00082967 0.49127091 0.18347222 -0.47832858 0.70440940
1779472247.69960070 -0.54001534 1.47149467 -2.00493133 0.49108076 0.18327786 -0.47871019 0.70433335
1779472247.70996976 -0.54322972 1.46758663 -2.00891435 0.49053484 0.18372298 -0.47876835 0.70455823
1779472247.72028255 -0.54177513 1.46928004 -2.00936943 0.49088734 0.18377516 -0.47981415 0.70358702
1779472247.73061800 -0.54655508 1.46546620 -2.01275352 0.49014504 0.18454068 -0.48009304 0.70371390
1779472247.74091530 -0.54553694 1.46575456 -2.01457993 0.49060043 0.18463774 -0.48026241 0.70325539
1779472247.75123239 -0.54995545 1.46018972 -2.01893051 0.48950688 0.18505645 -0.48057395 0.70369439
1779472247.76153278 -0.54535897 1.46087652 -2.02121492 0.49023512 0.18451397 -0.48100528 0.70303488
1779472247.77181125 -0.55189074 1.46352815 -2.01905497 0.49004198 0.18628993 -0.48251340 0.70166640
1779472247.78203011 -0.55321175 1.45987481 -2.02300360 0.48968239 0.18643595 -0.48252616 0.70186986
1779472247.79234409 -0.55750532 1.45371734 -2.02794251 0.48860678 0.18674333 -0.48239800 0.70262544
1779472247.80263925 -0.56062400 1.45342098 -2.02922938 0.48846323 0.18754210 -0.48297966 0.70211273
1779472247.81301856 -0.55711231 1.45335682 -2.03211440 0.48884774 0.18712487 -0.48376233 0.70141727
1779472247.82336664 -0.55499844 1.45699283 -2.03151793 0.48967846 0.18736540 -0.48438112 0.70034573
1779472247.83369017 -0.55907483 1.45953379 -2.03102299 0.48992891 0.18866962 -0.48476928 0.69955142
1779472247.84400797 -0.55548659 1.45955370 -2.03452491 0.49053077 0.18827141 -0.48478859 0.69922348
1779472247.85453868 -0.55451119 1.46187818 -2.03500168 0.49112710 0.18856772 -0.48504910 0.69854403
1779472247.85475469 -0.55429838 1.46209127 -2.03560076 0.49128890 0.18864425 -0.48493472 0.69848900
1779472247.86491728 -0.55556611 1.46309178 -2.03684294 0.49141263 0.18913591 -0.48528409 0.69802621
1779472247.87520838 -0.55002826 1.47325628 -2.03370609 0.49371765 0.18957287 -0.48544867 0.69616421
1779472247.88556051 -0.55168808 1.47599944 -2.03456006 0.49420276 0.19046894 -0.48555820 0.69549871
1779472247.89589095 -0.54474778 1.48370450 -2.03305677 0.49622182 0.19030750 -0.48535868 0.69424341
1779472247.89606619 -0.54376646 1.48604350 -2.03242394 0.49676906 0.19049779 -0.48517023 0.69393151
1779472247.90622234 -0.54039601 1.49117278 -2.03212319 0.49806245 0.19068564 -0.48494099 0.69311256
1779472247.91652799 -0.53867367 1.50242522 -2.02755280 0.50015839 0.19196167 -0.48489773 0.69127888
1779472247.92677712 -0.53686528 1.50535900 -2.02912786 0.50103387 0.19230888 -0.48454568 0.69079508
1779472247.93705726 -0.53693114 1.51368079 -2.02513819 0.50253861 0.19361382 -0.48422718 0.68955977
1779472247.94731402 -0.53544741 1.51642384 -2.02673271 0.50326039 0.19398726 -0.48406053 0.68904523
1779472247.95766091 -0.53329577 1.52250799 -2.02535732 0.50478858 0.19474906 -0.48320124 0.68831523
1779472247.96797156 -0.52751825 1.52686801 -2.02534117 0.50597984 0.19451444 -0.48334967 0.68740209
1779472247.97829270 -0.52902220 1.52809096 -2.02644823 0.50640828 0.19538716 -0.48258798 0.68737425
1779472247.98862219 -0.53194425 1.52987922 -2.02658529 0.50675638 0.19661961 -0.48198554 0.68718894
1779472247.99888682 -0.53519430 1.53135305 -2.02662573 0.50688348 0.19780099 -0.48195558 0.68677706
1779472248.00923872 -0.53251709 1.53243967 -2.02796820 0.50744286 0.19777088 -0.48175420 0.68651388
1779472248.01949072 -0.53472648 1.53572512 -2.02675473 0.50783259 0.19892149 -0.48214814 0.68561613
1779472248.02974486 -0.53366465 1.53630697 -2.02834034 0.50820863 0.19922183 -0.48205481 0.68531585
1779472248.04003167 -0.53397851 1.53884681 -2.02744736 0.50853969 0.19988296 -0.48269533 0.68442633
1779472248.05037260 -0.53337469 1.54132249 -2.02724771 0.50944322 0.20063774 -0.48180456 0.68416114
1779472248.06063437 -0.53476851 1.54470675 -2.02569050 0.51016347 0.20177805 -0.48151654 0.68349153
1779472248.07091451 -0.53569180 1.54864825 -2.02385496 0.51093896 0.20292039 -0.48147763 0.68260090
1779472248.08126450 -0.53382784 1.55182668 -2.02299300 0.51174182 0.20327986 -0.48153251 0.68185339
1779472248.09156728 -0.53473137 1.55608362 -2.02085871 0.51284248 0.20453646 -0.48061506 0.68129772
1779472248.10181689 -0.52969371 1.56435038 -2.01700275 0.51491964 0.20511985 -0.48015231 0.67988041
1779472248.11215425 -0.52949292 1.56845876 -2.01488124 0.51582708 0.20596878 -0.47988505 0.67912416
1779472248.12237787 -0.52601995 1.57556469 -2.01157796 0.51767898 0.20682272 -0.47903907 0.67805192
1779472248.13276100 -0.52384081 1.58478280 -2.00606013 0.51960073 0.20806049 -0.47883869 0.67634268
1779472248.14305830 -0.52023249 1.59130983 -2.00259313 0.52122271 0.20865480 -0.47832709 0.67527272
1779472248.14326000 -0.52078287 1.59293481 -2.00148565 0.52164423 0.20916230 -0.47773332 0.67521056
1779472248.15331745 -0.51617766 1.59782973 -1.99965626 0.52300532 0.20929929 -0.47745292 0.67431295
1779472248.16360688 -0.51678586 1.60228981 -1.99684695 0.52422764 0.21065931 -0.47611167 0.67388851
1779472248.17395425 -0.51433323 1.60971609 -1.99250885 0.52606363 0.21180512 -0.47492506 0.67293524
1779472248.18426871 -0.50962110 1.61734806 -1.98803661 0.52771184 0.21229341 -0.47504373 0.67140538
1779472248.19457626 -0.50771329 1.62149055 -1.98604572 0.52907177 0.21317467 -0.47352284 0.67113020
1779472248.20489979 -0.50729410 1.62585299 -1.98328538 0.53015650 0.21433608 -0.47258844 0.67056268
1779472248.21518373 -0.50360466 1.63109666 -1.98043538 0.53148927 0.21479164 -0.47205321 0.66973836
1779472248.21538687 -0.50548314 1.63138492 -1.97990640 0.53153173 0.21536587 -0.47157981 0.66985374
1779472248.22551990 -0.50308683 1.63569507 -1.97754061 0.53256324 0.21592021 -0.47110496 0.66918979
1779472248.23581338 -0.50098711 1.63972450 -1.97545714 0.53363134 0.21670832 -0.47025222 0.66868374
1779472248.24615693 -0.50053719 1.65247443 -1.96532525 0.53559591 0.21876497 -0.47052865 0.66624447
1779472248.25651240 -0.49416704 1.65301463 -1.96747057 0.53644172 0.21820863 -0.46941934 0.66652889
1779472248.26686478 -0.49303845 1.65895281 -1.96338283 0.53774841 0.21948451 -0.46821863 0.66590127
1779472248.27715945 -0.48835322 1.66099848 -1.96356566 0.53857995 0.21954744 -0.46747754 0.66572915
1779472248.28751278 -0.48504645 1.66224958 -1.96377845 0.53910657 0.21961586 -0.46705287 0.66557839
1779472248.28769207 -0.48496195 1.66299664 -1.96333724 0.53926526 0.21986617 -0.46683421 0.66552059
1779472248.29787850 -0.48274884 1.66576695 -1.96181381 0.53991206 0.22030745 -0.46650444 0.66508135
1779472248.30813527 -0.47249749 1.66840136 -1.96272733 0.54111421 0.21939359 -0.46628250 0.66456188
1779472248.31843209 -0.47433840 1.66929573 -1.96178044 0.54114990 0.22057027 -0.46573217 0.66452922
1779472248.32872319 -0.47658211 1.67643065 -1.95511614 0.54198416 0.22238106 -0.46578512 0.66320740
1779472248.33913517 -0.47320916 1.67548412 -1.95700622 0.54208434 0.22235787 -0.46544934 0.66336902
1779472248.34949446 -0.47916721 1.67840334 -1.95282285 0.54179396 0.22449566 -0.46600800 0.66249343
1779472248.35983014 -0.48380073 1.67994377 -1.95013536 0.54151306 0.22600573 -0.46625977 0.66203236
1779472248.37019825 -0.47476733 1.67774967 -1.95413098 0.54148852 0.22477858 -0.46743008 0.66164484
1779472248.38054562 -0.48025644 1.67665054 -1.95357416 0.54109169 0.22640387 -0.46611704 0.66234129
1779472248.39097404 -0.48244728 1.67601936 -1.95319349 0.54074434 0.22746378 -0.46598058 0.66235782
1779472248.40135384 -0.48038383 1.67473467 -1.95462656 0.54053351 0.22744269 -0.46627719 0.66232841
1779472248.41171932 -0.47650136 1.67525989 -1.95471645 0.54080137 0.22750403 -0.46639447 0.66200604
1779472248.42205763 -0.48048125 1.67424682 -1.95408661 0.54019593 0.22884534 -0.46639868 0.66203508
1779472248.43244720 -0.47155715 1.67369114 -1.95637058 0.54054177 0.22781078 -0.46719553 0.66154757
1779472248.44281101 -0.47339372 1.67325585 -1.95607476 0.54035946 0.22863594 -0.46662465 0.66181470
1779472248.45331001 -0.46986328 1.67301480 -1.95671686 0.54032855 0.22864212 -0.46721907 0.66141832
1779472248.46365976 -0.46338304 1.66867943 -1.96173051 0.54023513 0.22769356 -0.46657276 0.66227751
1779472248.47402859 -0.46720839 1.67026043 -1.95903733 0.53978581 0.22920038 -0.46741588 0.66152918
1779472248.48429132 -0.46028994 1.66992336 -1.96063495 0.54013556 0.22841660 -0.46769002 0.66132101
1779472248.49468827 -0.45849197 1.66607498 -1.96398828 0.53949632 0.22833572 -0.46784183 0.66176321
1779472248.50511503 -0.45753020 1.66690554 -1.96296202 0.53940346 0.22891725 -0.46845340 0.66120512
1779472248.51557326 -0.45372965 1.66583134 -1.96451446 0.53927013 0.22877289 -0.46886687 0.66107077
1779472248.52583528 -0.44933419 1.66404460 -1.96660157 0.53917371 0.22829998 -0.46922757 0.66105697
1779472248.53614902 -0.44953249 1.66069258 -1.96913384 0.53856779 0.22869763 -0.46886171 0.66167274
1779472248.54644442 -0.44605360 1.66076296 -1.96920159 0.53832575 0.22872191 -0.47043271 0.66074560
1779472248.55680275 -0.44725721 1.66071758 -1.96852523 0.53814683 0.22954670 -0.47034281 0.66066932
1779472248.56722808 -0.44769891 1.65804478 -1.97066855 0.53782499 0.23012236 -0.46934081 0.66144326
1779472248.57756639 -0.44944750 1.65324260 -1.97363901 0.53665675 0.23059136 -0.46982405 0.66188558
1779472248.58803344 -0.44629023 1.65399168 -1.97336950 0.53646162 0.23069941 -0.47135780 0.66091492
1779472248.59837675 -0.44517577 1.65137636 -1.97537791 0.53576404 0.23065683 -0.47234334 0.66079202
1779472248.60872769 -0.44283260 1.64955070 -1.97692678 0.53526341 0.23066980 -0.47341636 0.66042522
1779472248.61902571 -0.44812958 1.65059263 -1.97410357 0.53460760 0.23248269 -0.47440871 0.65960813
1779472248.62930775 -0.44991714 1.65215228 -1.97209710 0.53464761 0.23378803 -0.47419898 0.65926506
1779472248.63959765 -0.44929240 1.65090322 -1.97286499 0.53425283 0.23406695 -0.47477931 0.65906842
1779472248.64991117 -0.44920036 1.65144583 -1.97187821 0.53393409 0.23476744 -0.47594104 0.65823914
1779472248.66022801 -0.45234683 1.65013751 -1.97157922 0.53310106 0.23587162 -0.47684851 0.65786270
1779472248.67051816 -0.45069427 1.64832522 -1.97294560 0.53276563 0.23590251 -0.47744216 0.65769276
1779472248.68081665 -0.44944328 1.65030338 -1.97078284 0.53271250 0.23661883 -0.47878592 0.65650054
1779472248.69110966 -0.45061383 1.64552793 -1.97377281 0.53162280 0.23694346 -0.47946554 0.65677073
1779472248.70146203 -0.45583882 1.64627609 -1.97117495 0.53089913 0.23843986 -0.48068743 0.65592084
1779472248.70165634 -0.45533293 1.64387016 -1.97311812 0.53051769 0.23826121 -0.48081984 0.65619727
1779472248.71181989 -0.45563542 1.64150182 -1.97447802 0.52988017 0.23854477 -0.48150403 0.65610766
1779472248.72213387 -0.46231662 1.64166288 -1.97164850 0.52869451 0.24037143 -0.48359769 0.65485645
1779472248.73245502 -0.46171620 1.63695777 -1.97493829 0.52768538 0.24036149 -0.48457087 0.65495463
1779472248.74279618 -0.46271869 1.63485390 -1.97576887 0.52686432 0.24074820 -0.48599363 0.65441920
1779472248.75312543 -0.47065579 1.63348646 -1.97413916 0.52548416 0.24264134 -0.48747000 0.65373127
1779472248.76341939 -0.47437132 1.63103244 -1.97452582 0.52427357 0.24361135 -0.48917897 0.65306560
1779472248.77370715 -0.48146044 1.63320579 -1.97021492 0.52337170 0.24557908 -0.49115025 0.65157073
1779472248.77389264 -0.48496639 1.63319198 -1.96911814 0.52294033 0.24637725 -0.49150553 0.65134782
1779472248.78405666 -0.48544207 1.62888443 -1.97232359 0.52196828 0.24636828 -0.49225833 0.65156237
1779472248.79438877 -0.48827429 1.62973583 -1.97031749 0.52128280 0.24755715 -0.49409554 0.65026863
1779472248.80464482 -0.49424329 1.62675150 -1.97087576 0.51977380 0.24880295 -0.49567094 0.64980197
1779472248.81501794 -0.50068625 1.62661644 -1.96902879 0.51871543 0.25033581 -0.49708264 0.64898007
1779472248.82531357 -0.50568294 1.62520667 -1.96860276 0.51750256 0.25156575 -0.49876684 0.64818007
1779472248.83560586 -0.51197614 1.62617925 -1.96584750 0.51643931 0.25329516 -0.50076185 0.64681494
1779472248.84586716 -0.51492183 1.62344601 -1.96734068 0.51550466 0.25392821 -0.50143331 0.64679212
1779472248.84606671 -0.51357038 1.62249839 -1.96849891 0.51532098 0.25366663 -0.50192301 0.64666129
1779472248.85618496 -0.51643867 1.62212934 -1.96818576 0.51447976 0.25441825 -0.50354025 0.64577794
1779472248.86650205 -0.51885001 1.62417825 -1.96590920 0.51407495 0.25560728 -0.50494618 0.64453178
1779472248.87683582 -0.52250183 1.62248899 -1.96663401 0.51309373 0.25655722 -0.50594721 0.64415109
1779472248.88733530 -0.52666238 1.62323410 -1.96515383 0.51229649 0.25768552 -0.50752791 0.64309089
1779472248.89767480 -0.52946872 1.62339230 -1.96456883 0.51173278 0.25873366 -0.50835121 0.64246829
1779472248.90804744 -0.52981039 1.62379734 -1.96486391 0.51144120 0.25927494 -0.50914495 0.64185343
1779472248.91842413 -0.53403686 1.62518635 -1.96301498 0.51074271 0.26069929 -0.51054038 0.64072325
1779472248.92876935 -0.53653316 1.62372016 -1.96399623 0.51012966 0.26133713 -0.51092454 0.64064558
1779472248.93911505 -0.53929446 1.62671728 -1.96146398 0.50985135 0.26265225 -0.51219712 0.63931174
1779472248.94941211 -0.54051028 1.62789475 -1.96087288 0.50963361 0.26352997 -0.51289678 0.63856278
1779472248.95967340 -0.54504450 1.62984102 -1.95860289 0.50927063 0.26497135 -0.51348971 0.63777890
1779472248.95982718 -0.54604007 1.63024473 -1.95809373 0.50921488 0.26535017 -0.51356210 0.63760761
1779472248.96997428 -0.54976580 1.63299296 -1.95539419 0.50907739 0.26673314 -0.51409692 0.63670872
1779472248.98026538 -0.55306218 1.63684977 -1.95207595 0.50903301 0.26832556 -0.51483685 0.63547604
1779472248.99067903 -0.55828219 1.64404469 -1.94503721 0.50948899 0.27061435 -0.51529538 0.63376614
1779472248.99119997 -0.56048407 1.64558364 -1.94326350 0.50945298 0.27136233 -0.51542594 0.63336896
1779472249.00130510 -0.56267748 1.64652769 -1.94252631 0.50899709 0.27214380 -0.51652459 0.63250460
1779472249.00150704 -0.56501346 1.64813541 -1.94071244 0.50886722 0.27285705 -0.51697457 0.63193392
1779472249.01159549 -0.56680874 1.65085692 -1.93856566 0.50911489 0.27399193 -0.51696291 0.63125256
1779472249.02195287 -0.57425396 1.65780138 -1.93124542 0.50879652 0.27659177 -0.51884330 0.62882805
1779472249.03229165 -0.58137047 1.66397500 -1.92472420 0.50882384 0.27920285 -0.51950631 0.62710227
1779472249.04258919 -0.58558271 1.66611564 -1.92229293 0.50816014 0.28042456 -0.52131460 0.62559285
1779472249.05289078 -0.59446485 1.67483845 -1.91283111 0.50838094 0.28371776 -0.52195257 0.62339279
1779472249.06314301 -0.59705859 1.67707915 -1.91127031 0.50826478 0.28497605 -0.52256138 0.62240274
1779472249.07342863 -0.59559988 1.67659082 -1.91273924 0.50786514 0.28487739 -0.52407924 0.62149724
1779472249.08369422 -0.60116449 1.68172425 -1.90734978 0.50791905 0.28709617 -0.52461418 0.61997902
1779472249.09401965 -0.60810321 1.68672521 -1.90190385 0.50755786 0.28948546 -0.52586810 0.61809864
1779472249.10432744 -0.61209283 1.68790677 -1.90079871 0.50745424 0.29091419 -0.52559088 0.61774862
1779472249.11459756 -0.61674573 1.69230549 -1.89617151 0.50729458 0.29268852 -0.52661922 0.61616381
1779472249.12509918 -0.62259308 1.69551233 -1.89266615 0.50723838 0.29469539 -0.52647881 0.61537298
1779472249.13548970 -0.62572828 1.69745990 -1.89114204 0.50709967 0.29602377 -0.52683265 0.61454634
1779472249.14578629 -0.62702296 1.69827549 -1.89107189 0.50723208 0.29676014 -0.52640374 0.61444945
1779472249.15605187 -0.63401718 1.70238225 -1.88623923 0.50674865 0.29900346 -0.52759996 0.61273241
1779472249.16638088 -0.64101013 1.70429985 -1.88357374 0.50621622 0.30097697 -0.52797477 0.61188287
1779472249.17667818 -0.64662476 1.70723919 -1.88036770 0.50597181 0.30285755 -0.52837246 0.61081288
1779472249.18697333 -0.65072842 1.70838298 -1.87902606 0.50563186 0.30408723 -0.52871991 0.61018246
1779472249.19728112 -0.65619473 1.70967926 -1.87755392 0.50525340 0.30570605 -0.52887486 0.60955245
1779472249.20758891 -0.65914632 1.71091745 -1.87716235 0.50543124 0.30686993 -0.52807299 0.60951540
1779472249.21788740 -0.66892517 1.71213875 -1.87394223 0.50437974 0.30903898 -0.52894153 0.60853665
1779472249.22818685 -0.67599072 1.71292588 -1.87247758 0.50342128 0.31073793 -0.53019371 0.60737433
1779472249.23848653 -0.68182233 1.71273494 -1.87220282 0.50244978 0.31204467 -0.53147533 0.60638793
1779472249.24878645 -0.68293664 1.70691336 -1.87929384 0.50247265 0.31208197 -0.52916872 0.60836383
1779472249.25908065 -0.68817225 1.70576961 -1.87972402 0.50173291 0.31312943 -0.52956862 0.60808809
1779472249.26940393 -0.69414778 1.70530000 -1.87949827 0.50065915 0.31429329 -0.53108249 0.60705150
1779472249.27970695 -0.70151084 1.70588862 -1.87759844 0.49942340 0.31578119 -0.53311730 0.60551173
1779472249.29001522 -0.70774093 1.70580768 -1.87644431 0.49858316 0.31704205 -0.53400844 0.60475959
1779472249.30031443 -0.71323820 1.70557951 -1.87614670 0.49773966 0.31816721 -0.53521582 0.60379539
1779472249.31062937 -0.71778103 1.70583295 -1.87573037 0.49720841 0.31920525 -0.53606887 0.60292784
1779472249.32093859 -0.72135600 1.70658101 -1.87495870 0.49670256 0.32002638 -0.53717186 0.60192697
1779472249.32112741 -0.72128130 1.70660361 -1.87535081 0.49670702 0.32006516 -0.53733230 0.60175945
1779472249.33123589 -0.72576399 1.70634381 -1.87516994 0.49620559 0.32101259 -0.53781935 0.60123313
1779472249.34153628 -0.72751164 1.70986016 -1.87291384 0.49657521 0.32204073 -0.53823446 0.60000542
1779472249.35189080 -0.73251633 1.71086170 -1.87208545 0.49596295 0.32315179 -0.53952943 0.59875009
1779472249.36218452 -0.73204067 1.71070220 -1.87386993 0.49582608 0.32308975 -0.54049890 0.59802212
1779472249.37248540 -0.73455295 1.71087486 -1.87470761 0.49523734 0.32355070 -0.54214408 0.59677024
1779472249.38278699 -0.73858643 1.71352930 -1.87302445 0.49492636 0.32457495 -0.54354927 0.59519173
1779472249.39305949 -0.74321034 1.71544030 -1.87118936 0.49436792 0.32560932 -0.54501047 0.59375291
1779472249.39324689 -0.74287345 1.71513746 -1.87213534 0.49420471 0.32546220 -0.54563035 0.59340002
1779472249.40335083 -0.74790778 1.71858685 -1.86864689 0.49394522 0.32676421 -0.54667651 0.59193585
1779472249.41365981 -0.75145678 1.71992942 -1.86851211 0.49340532 0.32745073 -0.54834149 0.59046492
1779472249.42401719 -0.75173200 1.72174856 -1.86968069 0.49342719 0.32764401 -0.54955033 0.58921426
1779472249.43437028 -0.75289496 1.72494428 -1.86834025 0.49360946 0.32823110 -0.55036488 0.58797326
1779472249.44467545 -0.75386308 1.72747355 -1.86862019 0.49370510 0.32865569 -0.55137532 0.58670774
1779472249.45498109 -0.75680254 1.73049429 -1.86751894 0.49389146 0.32959607 -0.55180077 0.58562238
1779472249.46529841 -0.75637176 1.73634933 -1.86441843 0.49490166 0.33038203 -0.55171376 0.58440738
1779472249.47559428 -0.75489123 1.73346316 -1.87069050 0.49473566 0.32970828 -0.55235671 0.58432110
1779472249.48590183 -0.75710639 1.73972589 -1.86706398 0.49482937 0.33065864 -0.55429787 0.58186136
1779472249.49620366 -0.75649248 1.73949631 -1.87078538 0.49470895 0.33031779 -0.55534802 0.58115557
1779472249.50653696 -0.76051120 1.74125501 -1.87005237 0.49424995 0.33105859 -0.55657948 0.57994524
1779472249.51691341 -0.76325268 1.74599550 -1.86781186 0.49426738 0.33192503 -0.55795974 0.57810592
1779472249.52718663 -0.75987470 1.74376087 -1.87472017 0.49404235 0.33074312 -0.55936092 0.57762142
1779472249.53744149 -0.76699627 1.74230687 -1.87587625 0.49286507 0.33159270 -0.56051092 0.57702496
1779472249.53760791 -0.76982713 1.74450016 -1.87354911 0.49298907 0.33244485 -0.56030352 0.57663001
1779472249.54772353 -0.77403450 1.74888422 -1.87045977 0.49299540 0.33364601 -0.56105193 0.57520137
1779472249.55807424 -0.76904010 1.74325617 -1.88125904 0.49217142 0.33142771 -0.56330458 0.57498775
1779472249.56836915 -0.76961767 1.74422602 -1.88370743 0.49159017 0.33118314 -0.56555567 0.57341400
1779472249.57871509 -0.77239629 1.74304269 -1.88618672 0.49113825 0.33135659 -0.56611374 0.57315030
1779472249.58895969 -0.77436311 1.74512021 -1.88719149 0.49077541 0.33158301 -0.56778638 0.57167370
1779472249.59926987 -0.77320226 1.74515024 -1.89031740 0.49079617 0.33115367 -0.56853040 0.57116508
1779472249.59944010 -0.77368634 1.74391750 -1.89227518 0.49043409 0.33093633 -0.56911187 0.57102297
1779472249.60954905 -0.77415062 1.74462929 -1.89418807 -0.49020732 -0.33081643 0.57026661 -0.57013444
1779472249.61988783 -0.76930292 1.74566726 -1.89881308 -0.49031216 -0.32959587 0.57227319 -0.56873890
1779472249.63021469 -0.77587337 1.75209741 -1.89388812 -0.49064767 -0.33155493 0.57237352 -0.56720785
1779472249.64050007 -0.78282063 1.75425182 -1.89288007 -0.48987017 -0.33264794 0.57375319 -0.56584436
1779472249.65082216 -0.77647820 1.75327922 -1.89929869 -0.49023051 -0.33108131 0.57483484 -0.56535309
1779472249.66105580 -0.77931949 1.74763904 -1.90702989 -0.48906228 -0.33046541 0.57594116 -0.56559923
1779472249.67129040 -0.77424467 1.74982241 -1.91082455 -0.48951592 -0.32942236 0.57755709 -0.56416565
1779472249.68163395 -0.77731162 1.74920268 -1.91273028 -0.48908070 -0.32966893 0.57809830 -0.56384468
1779472249.69196320 -0.77927722 1.74941225 -1.91541071 -0.48881782 -0.32975351 0.57895252 -0.56314629
1779472249.70222974 -0.77576265 1.74878288 -1.92076692 -0.48900532 -0.32876994 0.57988564 -0.56259823
1779472249.71257949 -0.78013998 1.74694207 -1.92341076 -0.48818021 -0.32898964 0.58071137 -0.56233460
1779472249.71275520 -0.77922057 1.74527922 -1.92618137 -0.48804766 -0.32852757 0.58097004 -0.56245259
1779472249.72291374 -0.77655629 1.74620359 -1.92899387 -0.48832493 -0.32797693 0.58178548 -0.56168991
1779472249.73335886 -0.77775264 1.74309172 -1.93471915 -0.48791471 -0.32754560 0.58220936 -0.56185886
1779472249.74378490 -0.77847097 1.74080095 -1.93978699 -0.48747412 -0.32709250 0.58310234 -0.56157915
1779472249.75409579 -0.77856440 1.74102762 -1.94188120 -0.48749739 -0.32697759 0.58360909 -0.56109927
1779472249.75428605 -0.78173291 1.73917778 -1.94310119 -0.48694937 -0.32721350 0.58373825 -0.56130321
1779472249.76440072 -0.77752014 1.73842324 -1.94792194 -0.48723474 -0.32617038 0.58447198 -0.56089901
1779472249.77472806 -0.77952137 1.73596604 -1.95247190 -0.48674572 -0.32596715 0.58510621 -0.56078049
1779472249.78504348 -0.78001768 1.73267083 -1.95837263 -0.48639482 -0.32545404 0.58558944 -0.56087855
1779472249.79539347 -0.77979965 1.73038815 -1.96280404 -0.48624312 -0.32500899 0.58591089 -0.56093245
1779472249.80571699 -0.78268411 1.72873039 -1.96592362 -0.48578878 -0.32510157 0.58651133 -0.56064489
1779472249.81602025 -0.78793830 1.72292584 -1.97226737 -0.48450077 -0.32492582 0.58747108 -0.56085644
1779472249.82639003 -0.79118004 1.72469719 -1.97136852 -0.48458839 -0.32574345 0.58739020 -0.56039098
1779472249.82659006 -0.79034292 1.72322340 -1.97382613 -0.48445018 -0.32531619 0.58775925 -0.56037172
1779472249.83671594 -0.79351477 1.72256897 -1.97517953 -0.48412750 -0.32570787 0.58805837 -0.56010919
1779472249.84703922 -0.79825806 1.72285889 -1.97571004 -0.48377970 -0.32645003 0.58849783 -0.55951576
1779472249.85735464 -0.79685049 1.71813417 -1.98264681 -0.48343934 -0.32545743 0.58897941 -0.55988134
1779472249.86769199 -0.80033823 1.71739150 -1.98448816 -0.48312954 -0.32589338 0.58939183 -0.55946101
1779472249.87803435 -0.80652397 1.71999706 -1.98241011 -0.48305833 -0.32729178 0.58936544 -0.55873349
1779472249.88831496 -0.80419366 1.71570453 -1.98977076 -0.48291826 -0.32621997 0.58992601 -0.55888978
1779472249.89864683 -0.80417127 1.71650171 -1.99122299 -0.48320339 -0.32630207 0.59000969 -0.55850695
1779472249.90898895 -0.81474123 1.71937736 -1.98719561 -0.48258834 -0.32841215 0.59025738 -0.55753940
1779472249.91926384 -0.81268906 1.71745095 -1.99230157 -0.48267653 -0.32775815 0.59077077 -0.55730410
1779472249.92956305 -0.81731655 1.71634026 -1.99382717 -0.48230023 -0.32843268 0.59086238 -0.55713563
1779472249.93983436 -0.81594290 1.71266911 -1.99937762 -0.48201777 -0.32763723 0.59151205 -0.55715905
1779472249.95017600 -0.82157590 1.71068207 -2.00112544 -0.48141363 -0.32839136 0.59165135 -0.55708950
1779472249.96045065 -0.82499596 1.71013762 -2.00261515 -0.48105308 -0.32886513 0.59218664 -0.55655246
1779472249.97075748 -0.82837012 1.70601147 -2.00638522 -0.48027180 -0.32890071 0.59258715 -0.55677984
1779472249.98106909 -0.83272472 1.70850801 -2.00509673 -0.48023786 -0.32999858 0.59278102 -0.55595250
1779472249.99136472 -0.83940662 1.70829218 -2.00497532 -0.47964662 -0.33119527 0.59301541 -0.55550115
1779472250.00166559 -0.84111172 1.70666266 -2.00851225 -0.47927659 -0.33123769 0.59367315 -0.55509255
1779472250.01197314 -0.84770996 1.70873869 -2.00600577 -0.47898403 -0.33277645 0.59356175 -0.55454358
1779472250.02227616 -0.85283644 1.72353528 -1.99339635 -0.48046870 -0.33586039 0.59311809 -0.55186824
1779472250.03261232 -0.85764009 1.72871791 -1.98974922 -0.48060714 -0.33747987 0.59340964 -0.55044447
1779472250.04294825 -0.85919272 1.73239134 -1.98813770 -0.48051152 -0.33812322 0.59453005 -0.54892202
1779472250.05322194 -0.86817698 1.74164705 -1.97962875 -0.48073470 -0.34100506 0.59445743 -0.54701925
1779472250.06353998 -0.87298132 1.75178318 -1.97207507 -0.48144032 -0.34327386 0.59447256 -0.54495931
1779472250.07382798 -0.87582717 1.76100693 -1.96603835 -0.48199560 -0.34495835 0.59506246 -0.54275653
1779472250.08411121 -0.87630967 1.76667641 -1.96315019 -0.48279178 -0.34597312 0.59468918 -0.54181129
1779472250.09451628 -0.87193664 1.77854599 -1.95788466 -0.48452573 -0.34679799 0.59494163 -0.53945383
1779472250.10475969 -0.86600071 1.78066925 -1.96182796 -0.48546239 -0.34619561 0.59514371 -0.53877531
1779472250.11504126 -0.87853794 1.78844945 -1.95179076 -0.48491229 -0.34939437 0.59523835 -0.53709865
1779472250.12537909 -0.89721924 1.79924108 -1.93660723 -0.48461402 -0.35453481 0.59401498 -0.53535084
1779472250.13567257 -0.89971670 1.80216596 -1.93588857 -0.48469000 -0.35543052 0.59410187 -0.53459117
1779472250.14602280 -0.90251286 1.80163652 -1.93777047 -0.48415804 -0.35582252 0.59467546 -0.53417453
1779472250.15628195 -0.91044775 1.80205291 -1.93573192 -0.48327734 -0.35723726 0.59496370 -0.53370661
1779472250.16652632 -0.91192958 1.80032381 -1.93918752 -0.48266352 -0.35719630 0.59578883 -0.53336892
1779472250.17684460 -0.91526486 1.79970676 -1.94063192 -0.48190762 -0.35755226 0.59665384 -0.53284671
1779472250.18719220 -0.91884058 1.79781084 -1.94240240 -0.48118844 -0.35789550 0.59712459 -0.53273889
1779472250.19750977 -0.92568360 1.79486339 -1.94387595 -0.47994362 -0.35866550 0.59782470 -0.53255874
1779472250.20778155 -0.92836058 1.79100045 -1.94840906 -0.47913699 -0.35861873 0.59831238 -0.53276884
1779472250.21809435 -0.93070760 1.78791685 -1.95144443 -0.47838967 -0.35859373 0.59889151 -0.53280655
1779472250.21827316 -0.93102893 1.78782072 -1.95196479 -0.47828012 -0.35861555 0.59911019 -0.53264435
1779472250.22842860 -0.93288729 1.78616798 -1.95400981 -0.47786838 -0.35877714 0.59943098 -0.53254415
1779472250.23875880 -0.93590505 1.78517013 -1.95547157 -0.47733525 -0.35922534 0.59988337 -0.53221063
1779472250.24902844 -0.94007834 1.78210767 -1.95814296 -0.47654062 -0.35966440 0.60016808 -0.53230521
1779472250.25938177 -0.94322458 1.78087301 -1.95930871 -0.47633344 -0.36030135 0.59978252 -0.53249444
1779472250.26964283 -0.94431494 1.78155534 -1.96007820 -0.47635252 -0.36078825 0.59988059 -0.53203702
1779472250.27996159 -0.94652391 1.78136907 -1.96129949 -0.47607752 -0.36128910 0.60014725 -0.53164241
1779472250.29025030 -0.94787952 1.78297079 -1.96081081 -0.47614969 -0.36189683 0.60018712 -0.53111918
1779472250.29043555 -0.94796148 1.78306064 -1.96122304 -0.47609083 -0.36192743 0.60037400 -0.53093985
1779472250.30057406 -0.94991882 1.78749570 -1.95785104 -0.47645193 -0.36308215 0.60020774 -0.53001469
1779472250.31086659 -0.95312746 1.79042438 -1.95577195 -0.47632940 -0.36418885 0.60051483 -0.52901676
1779472250.32122493 -0.95388313 1.79272327 -1.95514788 -0.47640607 -0.36470624 0.60083053 -0.52823224
1779472250.32138801 -0.95529052 1.79289310 -1.95486195 -0.47636276 -0.36507756 0.60067217 -0.52819488
1779472250.33147502 -0.95596075 1.79736655 -1.95210889 -0.47668121 -0.36592943 0.60089879 -0.52705912
1779472250.34174442 -0.96022660 1.80090143 -1.94905811 -0.47664995 -0.36740420 0.60079807 -0.52617550
1779472250.35205150 -0.96312774 1.80554888 -1.94563820 -0.47679602 -0.36875423 0.60094383 -0.52493084
1779472250.36235666 -0.96583779 1.80689114 -1.94494156 -0.47679087 -0.36967080 0.60069361 -0.52457712
1779472250.37295103 -0.97184074 1.81087673 -1.94040773 -0.47666912 -0.37156736 0.60043940 -0.52363801
1779472250.38342762 -0.97557585 1.81251940 -1.93947473 -0.47602648 -0.37245256 0.60143392 -0.52245107
1779472250.39369249 -0.97682053 1.80757430 -1.94624530 -0.47562621 -0.37233666 0.60097362 -0.52342701
1779472250.40399408 -0.97623133 1.81106256 -1.94509907 -0.47589393 -0.37279519 0.60134681 -0.52242772
1779472250.41433406 -0.97987476 1.81433964 -1.94231846 -0.47579149 -0.37410486 0.60144949 -0.52146575
1779472250.42461348 -0.98197970 1.81711543 -1.94068409 -0.47573566 -0.37505374 0.60168473 -0.52056292
1779472250.43499589 -0.98456162 1.83665292 -1.92179712 -0.47770866 -0.37869540 0.60091765 -0.51699343
1779472250.44529057 -0.98827968 1.82206276 -1.93613481 -0.47549857 -0.37729733 0.60182566 -0.51899298
1779472250.45563459 -0.98456927 1.83926244 -1.92275500 -0.47766641 -0.37937780 0.60158006 -0.51576034
1779472250.46594334 -0.98875688 1.82499553 -1.93684242 -0.47531057 -0.37809663 0.60277872 -0.51747523
1779472250.47621465 -0.98914540 1.82762098 -1.93507890 -0.47559177 -0.37880330 0.60261779 -0.51688715
1779472250.48657393 -0.98887523 1.84368804 -1.92025248 -0.47739831 -0.38146152 0.60205751 -0.51391119
1779472250.49688888 -0.98795867 1.83948526 -1.92604241 -0.47716927 -0.38112977 0.60189557 -0.51455934
1779472250.50725508 -0.98764285 1.83678346 -1.92977940 -0.47679233 -0.38089558 0.60218482 -0.51474369
1779472250.51762223 -0.98853690 1.81514836 -1.95198828 -0.47405226 -0.37813346 0.60337937 -0.51790238
1779472250.52798295 -0.98895045 1.81264271 -1.95531931 -0.47371539 -0.37819652 0.60342104 -0.51811598
1779472250.53828120 -0.98792916 1.81052257 -1.95883043 -0.47350010 -0.37806152 0.60362342 -0.51817556
1779472250.54856730 -0.98830782 1.81016928 -1.95952036 -0.47352557 -0.37843370 0.60333206 -0.51821993
1779472250.54874563 -0.98637257 1.80529688 -1.96539250 -0.47314849 -0.37750116 0.60358618 -0.51894808
1779472250.55894041 -0.98072747 1.80198548 -1.97189348 -0.47335776 -0.37640062 0.60371197 -0.51941012
1779472250.56923795 -0.98124881 1.79896776 -1.97520063 -0.47297308 -0.37649044 0.60366305 -0.51975219
1779472250.57953572 -0.98024273 1.81303447 -1.96258512 -0.47489603 -0.37899736 0.60241961 -0.51761509
1779472250.58982778 -0.97733908 1.79508281 -1.98183775 -0.47305790 -0.37618712 0.60326487 -0.52035658
1779472250.60020447 -0.97709415 1.78944949 -1.98780884 -0.47255529 -0.37592023 0.60302590 -0.52128230
1779472250.61050248 -0.97613171 1.78744158 -1.99084941 -0.47237783 -0.37592388 0.60304759 -0.52141541
1779472250.62089181 -0.97214183 1.80479859 -1.97626104 -0.47510196 -0.37840302 0.60137782 -0.51907033
1779472250.62109256 -0.97125771 1.79933140 -1.98222451 -0.47444723 -0.37750524 0.60185139 -0.51977353
1779472250.63116884 -0.97113515 1.79591318 -1.98592531 -0.47410642 -0.37741523 0.60174017 -0.52027841
1779472250.64146090 -0.97378187 1.77713796 -2.00311409 -0.47194410 -0.37589512 0.60154738 -0.52355742
1779472250.65176797 -0.96745772 1.77228112 -2.01145054 -0.47193506 -0.37462228 0.60177371 -0.52421737
1779472250.66208220 -0.96470648 1.76895272 -2.01637953 -0.47183077 -0.37412839 0.60172810 -0.52471607
1779472250.67242527 -0.96446414 1.76265447 -2.02276579 -0.47115496 -0.37384856 0.60154509 -0.52573165
1779472250.68269801 -0.96433866 1.75989670 -2.02604855 -0.47086795 -0.37401752 0.60124015 -0.52621721
1779472250.69306469 -0.96323696 1.75841188 -2.02860084 -0.47065883 -0.37395544 0.60140573 -0.52625919
1779472250.69325113 -0.96187546 1.75798617 -2.02980301 -0.47073028 -0.37381740 0.60136435 -0.52634064
1779472250.70335770 -0.95658575 1.75273007 -2.03759515 -0.47061533 -0.37261642 0.60150464 -0.52713413
1779472250.71364784 -0.95475250 1.75096732 -2.04066800 -0.47052909 -0.37265069 0.60123251 -0.52749721
1779472250.72395635 -0.96170902 1.74623878 -2.04230092 -0.46933891 -0.37389676 0.60065159 -0.52833689
1779472250.73432326 -0.96182529 1.76774900 -2.02316796 -0.47164469 -0.37730444 0.59974000 -0.52488530
1779472250.74464345 -0.95898386 1.76467663 -2.02816303 -0.47130892 -0.37686593 0.60006876 -0.52512613
1779472250.75494409 -0.95730177 1.74630172 -2.04651923 -0.46906044 -0.37444871 0.60117258 -0.52760023
1779472250.76523161 -0.96044040 1.75568189 -2.03664749 -0.46996275 -0.37693636 0.59990662 -0.52646561
1779472250.76541162 -0.96059969 1.75149206 -2.04069927 -0.46941913 -0.37650411 0.60002940 -0.52711958
1779472250.77559495 -0.95790788 1.75025640 -2.04374183 -0.46953864 -0.37636573 0.59978377 -0.52739144
1779472250.78589582 -0.95645167 1.73446955 -2.05927326 -0.46745441 -0.37430440 0.60096915 -0.52935685
1779472250.79626417 -0.95760348 1.74152282 -2.05276317 -0.46827365 -0.37628192 0.59976953 -0.52859078
1779472250.80655694 -0.96168040 1.71772725 -2.07244742 -0.46491925 -0.37405362 0.60080214 -0.53194996
1779472250.81690049 -0.94993460 1.71619096 -2.07970710 -0.46571475 -0.37238156 0.60111942 -0.53206879
1779472250.82719922 -0.95052213 1.70978140 -2.08538711 -0.46487071 -0.37231174 0.60090701 -0.53309470
1779472250.83758450 -0.95031424 1.70593023 -2.08896661 -0.46431825 -0.37240891 0.60082823 -0.53359686
1779472250.84795165 -0.95298444 1.72652253 -2.07010650 -0.46652660 -0.37628780 0.59911084 -0.53087345
1779472250.85824609 -0.94948912 1.70241992 -2.09330225 -0.46383117 -0.37291713 0.60030865 -0.53424992
1779472250.86855221 -0.94644662 1.71924524 -2.08041547 -0.46630546 -0.37564069 0.59830324 -0.53243452
1779472250.87884974 -0.94628316 1.69605535 -2.10080305 -0.46336141 -0.37279256 0.59961566 -0.53552121
1779472250.88917923 -0.94044959 1.69239190 -2.10695002 -0.46350134 -0.37203317 0.59931405 -0.53626532
1779472250.89966941 -0.94009438 1.70119510 -2.09997318 -0.46458963 -0.37394505 0.59811080 -0.53533639
1779472250.91005039 -0.93674554 1.68572867 -2.11506927 -0.46294319 -0.37189932 0.59863025 -0.53760238
1779472250.92031264 -0.93621683 1.68047776 -2.11991492 -0.46240628 -0.37167788 0.59832190 -0.53856001
1779472250.93061161 -0.92918370 1.67705792 -2.12616815 -0.46264993 -0.37075811 0.59807503 -0.53925850
1779472250.94089055 -0.92231007 1.67074544 -2.13464486 -0.46258479 -0.36948806 0.59785181 -0.54043233
1779472250.95120955 -0.91430578 1.66699397 -2.14123571 -0.46281444 -0.36817521 0.59801689 -0.54094880
1779472250.96151257 -0.91409153 1.66320729 -2.14473670 -0.46248385 -0.36841179 0.59722218 -0.54194751
1779472250.97186732 -0.90706427 1.66352465 -2.14730368 -0.46240977 -0.36748159 0.59908590 -0.54058355
1779472250.98213935 -0.90468546 1.66505552 -2.14763556 -0.46310504 -0.36815696 0.59756925 -0.54120714
1779472250.99254704 -0.90075711 1.66027752 -2.15316043 -0.46284859 -0.36740565 0.59753412 -0.54197532
1779472251.00288320 -0.89567807 1.65601543 -2.15887441 -0.46265171 -0.36656197 0.59776755 -0.54245707
1779472251.01317906 -0.88884759 1.64913066 -2.16706300 -0.46240296 -0.36519091 0.59798061 -0.54335834
1779472251.02352643 -0.88735667 1.64502255 -2.17090780 -0.46199993 -0.36508403 0.59775222 -0.54402390
1779472251.03377461 -0.88540000 1.63863866 -2.17660531 -0.46133002 -0.36443397 0.59789603 -0.54486955
1779472251.04403257 -0.87723789 1.63557520 -2.18242933 -0.46163075 -0.36328109 0.59805362 -0.54521167
1779472251.05429435 -0.87949079 1.63226931 -2.18398678 -0.46074107 -0.36356234 0.59842897 -0.54536489
1779472251.06461859 -0.87114037 1.62482001 -2.19281292 -0.46063543 -0.36194270 0.59862117 -0.54631967
1779472251.07492566 -0.87509648 1.62580683 -2.19037359 -0.45999041 -0.36317286 0.59891716 -0.54572203
1779472251.08518577 -0.87735838 1.61838214 -2.19494014 -0.45900057 -0.36345289 0.59816416 -0.54719294
1779472251.09552097 -0.87176019 1.61449377 -2.20000444 -0.45894677 -0.36246359 0.59860165 -0.54741582
1779472251.10582161 -0.86726880 1.61094807 -2.20432203 -0.45874804 -0.36183027 0.59898764 -0.54757912
1779472251.11609960 -0.86250422 1.60630066 -2.20959111 -0.45847204 -0.36103537 0.59944619 -0.54783311
1779472251.12642002 -0.86342437 1.60111643 -2.21295312 -0.45761368 -0.36101427 0.59962112 -0.54837298
1779472251.12658453 -0.86269986 1.60149636 -2.21293849 -0.45767491 -0.36110955 0.59959154 -0.54829148
1779472251.13664436 -0.85922527 1.59833016 -2.21658119 -0.45751758 -0.36059061 0.59989535 -0.54843199
1779472251.14696884 -0.85703320 1.59537471 -2.21952659 -0.45718760 -0.36048246 0.60009956 -0.54855484
1779472251.15732980 -0.85479342 1.59071580 -2.22374166 -0.45663233 -0.36010288 0.60057250 -0.54874903
1779472251.16762900 -0.85498603 1.59087350 -2.22349383 -0.45647961 -0.36061131 0.60061087 -0.54850017
1779472251.17790794 -0.85153504 1.58739143 -2.22739132 -0.45612286 -0.36008527 0.60129465 -0.54839335
1779472251.18815756 -0.84887064 1.58964037 -2.22690116 -0.45633365 -0.36043889 0.60164456 -0.54760134
1779472251.19848990 -0.84771059 1.58788419 -2.22872903 -0.45602622 -0.36039709 0.60204766 -0.54744190
1779472251.20880175 -0.85089693 1.58565126 -2.22906758 -0.45530139 -0.36135266 0.60181248 -0.54767385
1779472251.21904016 -0.85227993 1.58313124 -2.23018649 -0.45466112 -0.36188911 0.60203290 -0.54760929
1779472251.22936130 -0.84610789 1.58293131 -2.23284870 -0.45492169 -0.36126110 0.60283655 -0.54692300
1779472251.23962140 -0.84844895 1.58264209 -2.23209690 -0.45442117 -0.36198208 0.60312639 -0.54654271
1779472251.24991488 -0.84707218 1.58053295 -2.23396284 -0.45404771 -0.36204995 0.60357064 -0.54631767
1779472251.26020265 -0.85010271 1.58105746 -2.23245015 -0.45366853 -0.36286693 0.60353366 -0.54613146
1779472251.27047491 -0.84738829 1.57780214 -2.23561637 -0.45320395 -0.36264765 0.60430627 -0.54580838
1779472251.28076577 -0.84788886 1.57725170 -2.23589386 -0.45288111 -0.36320248 0.60443463 -0.54556524
1779472251.29103494 -0.84576891 1.57750731 -2.23631999 -0.45286365 -0.36340226 0.60484888 -0.54498729
1779472251.30128288 -0.84409373 1.57617569 -2.23764993 -0.45252406 -0.36320433 0.60586425 -0.54427301
1779472251.31161213 -0.84097462 1.57226376 -2.24163317 -0.45242075 -0.36291780 0.60546618 -0.54499252
1779472251.32187152 -0.84010824 1.57251189 -2.24148518 -0.45240761 -0.36342343 0.60547751 -0.54465379
1779472251.33228612 -0.83676138 1.57012411 -2.24443080 -0.45213430 -0.36276346 0.60653979 -0.54413852
1779472251.33248949 -0.83710312 1.57063030 -2.24392270 -0.45211914 -0.36303008 0.60649947 -0.54401823
1779472251.34261799 -0.83546806 1.56971740 -2.24489408 -0.45205687 -0.36307786 0.60665801 -0.54386130
1779472251.35307670 -0.83144354 1.56823103 -2.24718055 -0.45228423 -0.36293985 0.60648947 -0.54395236
1779472251.36337638 -0.82809421 1.56719101 -2.24898146 -0.45242984 -0.36289203 0.60645318 -0.54390362
1779472251.37378263 -0.82880055 1.56492889 -2.25004904 -0.45193516 -0.36310289 0.60678761 -0.54380116
1779472251.37393928 -0.82513031 1.56700398 -2.24975189 -0.45241304 -0.36281213 0.60721611 -0.54311914
1779472251.38404036 -0.81990730 1.56142870 -2.25549826 -0.45256013 -0.36203606 0.60638785 -0.54443824
1779472251.39432621 -0.81703528 1.56062142 -2.25677722 -0.45260524 -0.36199250 0.60663245 -0.54415714
1779472251.40461707 -0.81286214 1.55721984 -2.26032457 -0.45271994 -0.36163625 0.60620593 -0.54477357
1779472251.41490436 -0.80725013 1.55239222 -2.26541174 -0.45269400 -0.36056861 0.60648463 -0.54519245
1779472251.42516541 -0.80668552 1.55106672 -2.26607455 -0.45265273 -0.36109283 0.60600067 -0.54541787
1779472251.43543100 -0.79980714 1.54710940 -2.27109348 -0.45300411 -0.36021320 0.60576094 -0.54597381
1779472251.44577932 -0.79507015 1.54703522 -2.27264735 -0.45345013 -0.35993781 0.60565535 -0.54590232
1779472251.45611024 -0.79215331 1.54568955 -2.27461008 -0.45359646 -0.35991670 0.60549886 -0.54596827
1779472251.46642327 -0.78451591 1.54233924 -2.27958003 -0.45409635 -0.35905231 0.60505716 -0.54661117
1779472251.47671032 -0.78354250 1.54005209 -2.28151749 -0.45391004 -0.35926148 0.60485730 -0.54684962
1779472251.48704720 -0.77650130 1.53956270 -2.28460030 -0.45465768 -0.35859717 0.60450928 -0.54704936
1779472251.49737239 -0.77659950 1.53751793 -2.28645651 -0.45448450 -0.35912377 0.60383611 -0.54759100
1779472251.50762558 -0.77000930 1.53803713 -2.28907010 -0.45521841 -0.35877663 0.60351047 -0.54756793
1779472251.51795125 -0.76464269 1.54034409 -2.29000867 -0.45615366 -0.35882328 0.60269541 -0.54765677
1779472251.52818990 -0.76085871 1.53987223 -2.29283607 -0.45647817 -0.35882255 0.60211234 -0.54802809
1779472251.53846502 -0.75342357 1.54377258 -2.29410073 -0.45788730 -0.35898022 0.60075700 -0.54823667
1779472251.54873323 -0.75451303 1.55029448 -2.29069658 -0.45848224 -0.36060770 0.59987739 -0.54763422
1779472251.55900693 -0.74659118 1.54878942 -2.29548337 -0.45914231 -0.35965633 0.59956917 -0.54804422
1779472251.56936359 -0.74443858 1.55490809 -2.29372282 -0.46010392 -0.36075257 0.59842621 -0.54776640
1779472251.57958841 -0.74622432 1.55824306 -2.29246530 -0.46033632 -0.36216722 0.59740164 -0.54775603
1779472251.58993244 -0.73867393 1.56214962 -2.29341678 -0.46149534 -0.36188385 0.59710939 -0.54728649
1779472251.60026193 -0.73559060 1.56549029 -2.29392227 -0.46215914 -0.36235423 0.59643766 -0.54714757
1779472251.61059642 -0.73981552 1.56610487 -2.29367319 -0.46172264 -0.36369960 0.59576517 -0.54735607
1779472251.62097812 -0.73593814 1.56602297 -2.29602432 -0.46208492 -0.36352883 0.59549372 -0.54745917
1779472251.62117314 -0.73504180 1.56621887 -2.29653202 -0.46214493 -0.36350725 0.59556491 -0.54734539
1779472251.63134480 -0.73158990 1.56570496 -2.29908707 -0.46236159 -0.36324993 0.59554202 -0.54735816
1779472251.64167619 -0.73629500 1.56920422 -2.29658014 -0.46215283 -0.36490123 0.59509915 -0.54691760
1779472251.65200448 -0.73293243 1.56315057 -2.30302424 -0.46177305 -0.36417374 0.59502586 -0.54780230
1779472251.66229987 -0.73339213 1.56002196 -2.30591123 -0.46129448 -0.36422923 0.59512052 -0.54806572
1779472251.67262912 -0.73570658 1.55876645 -2.30714320 -0.46093426 -0.36502624 0.59449915 -0.54851272
1779472251.68297029 -0.73339414 1.55855057 -2.30927411 -0.46089520 -0.36485800 0.59514753 -0.54795408
1779472251.69327903 -0.73456198 1.55411547 -2.31303709 -0.46036781 -0.36514789 0.59467050 -0.54872170
1779472251.70359349 -0.73138366 1.55112338 -2.31693123 -0.46033706 -0.36465380 0.59468252 -0.54906293
1779472251.71389318 -0.73530520 1.55746639 -2.31239018 -0.46036780 -0.36623263 0.59531860 -0.54729418
1779472251.72412491 -0.73094566 1.55220465 -2.31870342 -0.46033595 -0.36548849 0.59488967 -0.54828392
1779472251.73440027 -0.73103175 1.55136584 -2.32017753 -0.46026441 -0.36579511 0.59466787 -0.54838010
1779472251.74469972 -0.73155495 1.55141217 -2.32127278 -0.46015579 -0.36629636 0.59464523 -0.54816118
1779472251.75499010 -0.73184018 1.55224499 -2.32201725 -0.46020842 -0.36686790 0.59446786 -0.54792711
1779472251.76534796 -0.73108728 1.55655814 -2.32028006 -0.46063093 -0.36745443 0.59486243 -0.54674955
1779472251.76559091 -0.73202266 1.56088898 -2.31730745 -0.46081554 -0.36799243 0.59561917 -0.54540665
1779472251.77569795 -0.72980329 1.55378642 -2.32405943 -0.46058319 -0.36751629 0.59426412 -0.54739844
1779472251.78598762 -0.73713307 1.55305033 -2.32369408 -0.45969305 -0.36896933 0.59415771 -0.54728470
1779472251.79624319 -0.73597343 1.55279655 -2.32590254 -0.45985701 -0.36923925 0.59391501 -0.54722835
1779472251.80655193 -0.73152447 1.54949632 -2.33104563 -0.45998252 -0.36844837 0.59406164 -0.54749670
1779472251.81687593 -0.73365963 1.55471707 -2.32865766 -0.46021716 -0.36965488 0.59417322 -0.54636400
1779472251.82715249 -0.73850005 1.55549745 -2.32832040 -0.45970018 -0.37077609 0.59430925 -0.54589134
1779472251.83747506 -0.74350754 1.55558882 -2.32816627 -0.45909111 -0.37172084 0.59456253 -0.54548544
1779472251.83763552 -0.74659466 1.55742160 -2.32630685 -0.45897731 -0.37254315 0.59430051 -0.54530573
1779472251.84775496 -0.75320097 1.54830819 -2.33195633 -0.45739530 -0.37285656 0.59407517 -0.54666463
1779472251.85800362 -0.74344923 1.54644273 -2.33867861 -0.45831102 -0.37158389 0.59399493 -0.54685139
1779472251.86829066 -0.74825902 1.57032449 -2.32240069 -0.46055476 -0.37559582 0.59262202 -0.54370602
1779472251.87862539 -0.75037191 1.54585072 -2.34058016 -0.45743727 -0.37295390 0.59448711 -0.54611502
1779472251.88895297 -0.75339752 1.54350120 -2.34327257 -0.45677364 -0.37331182 0.59502511 -0.54583995
1779472251.89925599 -0.75869787 1.54279567 -2.34422919 -0.45604135 -0.37416988 0.59550266 -0.54534371
1779472251.90968084 -0.75981519 1.54309015 -2.34526249 -0.45590059 -0.37445088 0.59588631 -0.54484924
1779472251.90989614 -0.76058753 1.54302920 -2.34557592 -0.45576225 -0.37454928 0.59618013 -0.54457585
1779472251.92004752 -0.76179288 1.54120552 -2.34806955 -0.45532505 -0.37448820 0.59697508 -0.54411253
1779472251.93034625 -0.76353316 1.53530268 -2.35344989 -0.45443387 -0.37414023 0.59783637 -0.54415128
1779472251.94062781 -0.77215991 1.54158277 -2.34857842 -0.45408108 -0.37617014 0.59839649 -0.54242791
1779472251.95093727 -0.77651471 1.53800825 -2.35102348 -0.45309385 -0.37629813 0.59934308 -0.54211950
1779472251.96129537 -0.77971298 1.52785974 -2.35825810 -0.45134162 -0.37525628 0.60152494 -0.54188672
1779472251.97164226 -0.78964308 1.53128108 -2.35502467 -0.45050569 -0.37698607 0.60251241 -0.54028227
1779472251.98203039 -0.79173912 1.53019515 -2.35744692 -0.45009674 -0.37707491 0.60350963 -0.53944747
1779472251.99232364 -0.79173747 1.53074210 -2.35891102 -0.45015514 -0.37710679 0.60399007 -0.53883839
1779472252.00264168 -0.79535162 1.53257183 -2.35895175 -0.44994241 -0.37778778 0.60474399 -0.53769223
1779472252.01301479 -0.79894852 1.53246245 -2.36005268 -0.44929169 -0.37788245 0.60656219 -0.53611952
1779472252.02338195 -0.80337656 1.52898683 -2.36265348 -0.44833403 -0.37790652 0.60769929 -0.53561631
1779472252.03372574 -0.80246735 1.52842172 -2.36590161 -0.44827284 -0.37744557 0.60891738 -0.53460819
1779472252.04402256 -0.80699260 1.52632320 -2.36840594 -0.44743881 -0.37756687 0.61022812 -0.53372597
1779472252.05432367 -0.81766025 1.52524157 -2.36809544 -0.44598018 -0.37862611 0.61173513 -0.53246980
1779472252.06467795 -0.82018286 1.52649649 -2.36830029 -0.44571822 -0.37884848 0.61280399 -0.53130063
1779472252.07497382 -0.82265464 1.52557765 -2.37071648 -0.44527441 -0.37882622 0.61398481 -0.53032448
1779472252.08528495 -0.82549736 1.52268654 -2.37434926 -0.44467690 -0.37878443 0.61478673 -0.52992649
1779472252.09562731 -0.82570177 1.52199826 -2.37673820 -0.44448567 -0.37844658 0.61581756 -0.52913081
1779472252.10595989 -0.82914293 1.52120189 -2.37889987 -0.44397002 -0.37858920 0.61687773 -0.52822600
1779472252.11626339 -0.82932057 1.51845553 -2.38341278 -0.44360984 -0.37803090 0.61800692 -0.52760818
1779472252.12656403 -0.83347236 1.51691927 -2.38569868 -0.44276247 -0.37793810 0.61983361 -0.52624185
1779472252.13688493 -0.83863986 1.51530338 -2.38711890 -0.44201939 -0.37835792 0.62040727 -0.52588874
1779472252.14722037 -0.84027977 1.51421979 -2.39020339 -0.44155660 -0.37797025 0.62202223 -0.52464712
1779472252.15759587 -0.84715232 1.51097034 -2.39291622 -0.44028481 -0.37811889 0.62365240 -0.52367268
1779472252.16791058 -0.85721343 1.50755271 -2.39350049 -0.43863741 -0.37877806 0.62502005 -0.52294774
1779472252.16810131 -0.86087620 1.50811749 -2.39256036 -0.43827071 -0.37930383 0.62523812 -0.52261333
1779472252.17825699 -0.86612178 1.50691832 -2.39352222 -0.43742333 -0.37957150 0.62640232 -0.52173407
1779472252.18859363 -0.87483136 1.50317545 -2.39575242 -0.43594366 -0.37999740 0.62779895 -0.52098327
1779472252.19889283 -0.88427724 1.50289512 -2.39553664 -0.43466030 -0.38076262 0.62943928 -0.51951558
1779472252.20925641 -0.88894088 1.49933789 -2.39823813 -0.43362755 -0.38061414 0.63080400 -0.51883171
1779472252.21959043 -0.89453554 1.49717834 -2.40044789 -0.43265267 -0.38071749 0.63224340 -0.51781670
1779472252.22990537 -0.89907608 1.49613181 -2.40243808 -0.43183789 -0.38068465 0.63395773 -0.51642311
1779472252.24018097 -0.90837159 1.49542294 -2.40174113 -0.43058006 -0.38154073 0.63515422 -0.51537035
1779472252.25052333 -0.91713927 1.49282950 -2.40285651 -0.42897873 -0.38169397 0.63751295 -0.51367714
1779472252.26077294 -0.93506679 1.48938425 -2.40081870 -0.42625445 -0.38307554 0.63987575 -0.51197588
1779472252.27105260 -0.95486808 1.48735144 -2.39708029 -0.42345105 -0.38487446 0.64215063 -0.51010139
1779472252.28137851 -0.96922797 1.48621968 -2.39415890 -0.42141733 -0.38617979 0.64392731 -0.50855700
1779472252.29179549 -0.98519204 1.49912815 -2.38160058 -0.42034828 -0.38907414 0.64612396 -0.50443282
1779472252.30222702 -1.00364301 1.49744052 -2.37785590 -0.41746051 -0.39037270 0.64920473 -0.50186561
1779472252.31257606 -1.01515105 1.49441512 -2.37695232 -0.41551523 -0.39095963 0.65116019 -0.50048784
1779472252.32291818 -1.03012960 1.49266683 -2.37436464 -0.41311507 -0.39184966 0.65391461 -0.49818216
1779472252.33322167 -1.04091667 1.49060925 -2.37384858 -0.41135783 -0.39232159 0.65606724 -0.49643154
1779472252.34351802 -1.05781004 1.48883527 -2.37034553 -0.40866006 -0.39337504 0.65898497 -0.49395530
1779472252.35386825 -1.06440136 1.48284236 -2.37345445 -0.40714205 -0.39306003 0.66052585 -0.49340122
1779472252.36420870 -1.07005812 1.46913722 -2.38272629 -0.40511974 -0.39168044 0.66229447 -0.49379192
1779472252.37451029 -1.07900624 1.46543777 -2.38410717 -0.40348852 -0.39180838 0.66416137 -0.49251688
1779472252.38482857 -1.09539113 1.46299817 -2.38032127 -0.40104400 -0.39318373 0.66584396 -0.49114365
1779472252.39537263 -1.10788112 1.46111292 -2.37841657 -0.39906820 -0.39392001 0.66789988 -0.48936831
1779472252.40566492 -1.12445492 1.48078091 -2.36038072 -0.39859829 -0.39802789 0.66895917 -0.48496065
1779472252.41595626 -1.13586610 1.48290743 -2.35640661 -0.39721651 -0.39930892 0.67041498 -0.48302710
1779472252.42624974 -1.14534895 1.49323926 -2.34691785 -0.39668781 -0.40129352 0.67168171 -0.48004788
1779472252.43660140 -1.16049581 1.48897481 -2.34553683 -0.39405763 -0.40204044 0.67391125 -0.47846181
1779472252.44690585 -1.17206031 1.49072310 -2.34150707 -0.39264121 -0.40340741 0.67513688 -0.47674473
1779472252.45723629 -1.18412097 1.49804516 -2.33286204 -0.39163721 -0.40558561 0.67601770 -0.47446884
1779472252.45742083 -1.18767136 1.49627939 -2.33310098 -0.39094076 -0.40563655 0.67662492 -0.47413397
1779472252.46759653 -1.19625881 1.49740218 -2.33030652 -0.38987266 -0.40662168 0.67752524 -0.47288230
1779472252.47797179 -1.20407064 1.49288994 -2.33236248 -0.38841525 -0.40671914 0.67882020 -0.47214010
1779472252.48827887 -1.21892423 1.49393946 -2.32688538 -0.38634753 -0.40821846 0.68056045 -0.47003271
1779472252.49863195 -1.22793646 1.49624875 -2.32279026 -0.38528385 -0.40940780 0.68146636 -0.46855652
1779472252.49881411 -1.23144771 1.49445867 -2.32291578 -0.38461710 -0.40950488 0.68194780 -0.46831894
1779472252.50891638 -1.24180400 1.49773280 -2.31746937 -0.38341455 -0.41093171 0.68296319 -0.46657228
1779472252.51922774 -1.25469335 1.49851240 -2.31293417 -0.38153342 -0.41213201 0.68469595 -0.46451148
1779472252.52955937 -1.27071850 1.50408951 -2.30337676 -0.37972265 -0.41446539 0.68604866 -0.46191599
1779472252.53997970 -1.28173407 1.50453044 -2.29900164 -0.37822337 -0.41572658 0.68699392 -0.46060596
1779472252.55039144 -1.29510233 1.50268260 -2.29538589 -0.37616847 -0.41687403 0.68841617 -0.45912580
1779472252.56077886 -1.30755486 1.50420783 -2.28984038 -0.37452156 -0.41837651 0.68961536 -0.45730225
1779472252.57118392 -1.32505269 1.50588422 -2.28107419 -0.37207671 -0.42041498 0.69120927 -0.45501637
1779472252.58154988 -1.33788942 1.50727594 -2.27447967 -0.37022019 -0.42184302 0.69257269 -0.45313192
1779472252.59195733 -1.35614630 1.50867340 -2.26518806 -0.36754591 -0.42383781 0.69438803 -0.45066260
1779472252.60240769 -1.37264428 1.51064975 -2.25646303 -0.36523505 -0.42579594 0.69588498 -0.44838071
1779472252.61284184 -1.38847296 1.51408611 -2.24700271 -0.36306331 -0.42778868 0.69743433 -0.44583318
1779472252.62320185 -1.39797396 1.51458071 -2.24275402 -0.36165118 -0.42879332 0.69844226 -0.44443573
1779472252.63355398 -1.41202609 1.51466999 -2.23668190 -0.35931103 -0.42996106 0.70036322 -0.44217692
1779472252.64386153 -1.42726084 1.52116397 -2.22541226 -0.35743290 -0.43231609 0.70164652 -0.43935940
1779472252.65415835 -1.43684172 1.52457471 -2.21913755 -0.35609782 -0.43358923 0.70274511 -0.43742888
1779472252.65438056 -1.43991127 1.52622957 -2.21681164 -0.35570135 -0.43403133 0.70313413 -0.43668725
1779472252.66445661 -1.44931841 1.53305454 -2.20839416 -0.35476583 -0.43587527 0.70377029 -0.43458180
1779472252.67473650 -1.46140430 1.54674900 -2.19426742 -0.35396320 -0.43891965 0.70430813 -0.43128835
1779472252.68508482 -1.47170011 1.55652394 -2.18406825 -0.35311672 -0.44129903 0.70481348 -0.42872102
1779472252.69544053 -1.48073632 1.56653306 -2.17338747 -0.35251772 -0.44366936 0.70503253 -0.42640109
1779472252.70575762 -1.49045350 1.57140583 -2.16686271 -0.35106627 -0.44501203 0.70638611 -0.42395215
1779472252.71606708 -1.50344901 1.58398608 -2.15228262 -0.34991483 -0.44807774 0.70692070 -0.42077200
1779472252.72643661 -1.51808026 1.59269499 -2.13822732 -0.34840057 -0.45112790 0.70710654 -0.41845072
1779472252.72666693 -1.51606523 1.59759645 -2.13668915 -0.34908137 -0.45154954 0.70683804 -0.41788179
1779472252.73684692 -1.52222165 1.60733607 -2.12745749 -0.34875781 -0.45348306 0.70705354 -0.41568787
1779472252.74712038 -1.53231416 1.61669032 -2.11639392 -0.34778388 -0.45589514 0.70744215 -0.41319679
1779472252.75741363 -1.54596538 1.62543763 -2.10273566 -0.34642092 -0.45897494 0.70742968 -0.41094744
1779472252.76776552 -1.55046532 1.62843472 -2.09935996 -0.34581569 -0.45981077 0.70785286 -0.40979250
1779472252.77812052 -1.56009236 1.63332637 -2.09109717 -0.34462999 -0.46169595 0.70819282 -0.40808082
1779472252.78848791 -1.56806707 1.63813256 -2.08346748 -0.34362131 -0.46328794 0.70866907 -0.40629649
1779472252.79883289 -1.57749135 1.63818728 -2.07839282 -0.34182835 -0.46419368 0.70983252 -0.40474114
1779472252.80910993 -1.58196691 1.63559737 -2.07850236 -0.34078252 -0.46428173 0.71055069 -0.40426165
1779472252.81941438 -1.59043617 1.63452540 -2.07451760 -0.33917757 -0.46505503 0.71146828 -0.40310704
1779472252.82970667 -1.59893681 1.63006343 -2.07309536 -0.33729722 -0.46534919 0.71258590 -0.40237055
1779472252.84005189 -1.60246386 1.62996375 -2.07162194 -0.33660014 -0.46570968 0.71308902 -0.40164521
1779472252.85038662 -1.60762337 1.62870399 -2.06989622 -0.33552239 -0.46612551 0.71381153 -0.40078029
1779472252.86068821 -1.61099571 1.61472880 -2.08023782 -0.33388354 -0.46457350 0.71494177 -0.40193471
1779472252.87097549 -1.61214652 1.62776575 -2.06940111 -0.33452821 -0.46656576 0.71466926 -0.39956866
1779472252.87114549 -1.61225719 1.62796933 -2.06949180 -0.33447963 -0.46658949 0.71478358 -0.39937709
1779472252.88127613 -1.61999737 1.62629218 -2.06585625 -0.33300820 -0.46728314 0.71551889 -0.39847802
1779472252.89158583 -1.62084301 1.63209623 -2.06160535 -0.33339624 -0.46853950 0.71510567 -0.39741863
1779472252.90190697 -1.61550864 1.63813800 -2.06203960 -0.33453939 -0.46871545 0.71505035 -0.39634861
1779472252.91226935 -1.62279485 1.63491670 -2.05982401 -0.33301327 -0.46921545 0.71573720 -0.39580207
1779472252.92255116 -1.62976360 1.64190328 -2.04996078 -0.33235571 -0.47121301 0.71578508 -0.39389047
1779472252.93285871 -1.62809455 1.64436525 -2.05036292 -0.33246115 -0.47116544 0.71640957 -0.39272132
1779472252.94323230 -1.62817231 1.62605016 -2.06728571 -0.33099884 -0.46852939 0.71774659 -0.39466416
1779472252.95348549 -1.63163024 1.65228150 -2.04327053 -0.33222129 -0.47285883 0.71665783 -0.39042937
1779472252.96373677 -1.62994633 1.65954569 -2.03988382 -0.33271835 -0.47360426 0.71682398 -0.38879415
1779472252.97399545 -1.63242955 1.68073339 -2.02078781 -0.33314424 -0.47652009 0.71713290 -0.38427064
1779472252.98421645 -1.63138266 1.68506468 -2.01908236 -0.33354618 -0.47714974 0.71694313 -0.38349397
1779472252.99450469 -1.63264779 1.69051324 -2.01468141 -0.33350571 -0.47818722 0.71702228 -0.38208634
1779472253.00477099 -1.63171649 1.69628054 -2.01191975 -0.33384896 -0.47900389 0.71696996 -0.38085985
1779472253.01508999 -1.63189713 1.69924127 -2.00997174 -0.33383530 -0.47952929 0.71707128 -0.38001900
1779472253.02541876 -1.63106611 1.70091262 -2.01037638 -0.33378890 -0.47969763 0.71740022 -0.37922562
1779472253.03570843 -1.63067201 1.71001183 -2.00370833 -0.33439048 -0.48137650 0.71674068 -0.37781274
1779472253.04605842 -1.63465502 1.71275096 -1.99865126 -0.33358532 -0.48233936 0.71718014 -0.37646013
1779472253.05637336 -1.63589173 1.71531835 -1.99568019 -0.33344951 -0.48312401 0.71706295 -0.37579693
1779472253.06668162 -1.63809563 1.71094649 -1.99826695 -0.33265714 -0.48314401 0.71729697 -0.37602679
1779472253.07697868 -1.64022311 1.72015436 -1.98837078 -0.33256066 -0.48489447 0.71727629 -0.37389234
1779472253.08720899 -1.64306898 1.72027982 -1.98588211 -0.33194025 -0.48551636 0.71740537 -0.37338863
1779472253.09746885 -1.64382801 1.72085255 -1.98470809 -0.33146448 -0.48581664 0.71781703 -0.37262876
1779472253.10777235 -1.64712284 1.71967720 -1.98284147 -0.33056972 -0.48634526 0.71812351 -0.37214322
1779472253.11806273 -1.64535655 1.69200438 -2.00950669 -0.32888586 -0.48223505 0.71961450 -0.37608300
1779472253.12831736 -1.64882700 1.71383024 -1.98657426 -0.32898144 -0.48560498 0.71972064 -0.37143132
1779472253.13857126 -1.64947243 1.71677048 -1.98322514 -0.32862224 -0.48618637 0.72006723 -0.37031531
1779472253.14891601 -1.65019542 1.71515674 -1.98378511 -0.32767121 -0.48575367 0.72129580 -0.36933363
1779472253.15927482 -1.64995916 1.71399871 -1.98475245 -0.32720618 -0.48550705 0.72190246 -0.36888461
1779472253.16962457 -1.65290884 1.71644438 -1.97987541 -0.32621944 -0.48603035 0.72282049 -0.36726818
1779472253.18004227 -1.65324356 1.71574367 -1.97975931 -0.32539314 -0.48574524 0.72393252 -0.36618654
1779472253.19033241 -1.65558810 1.71756976 -1.97583340 -0.32464179 -0.48617699 0.72458851 -0.36498100
1779472253.19052029 -1.65595667 1.71721794 -1.97560061 -0.32434578 -0.48609725 0.72493073 -0.36467068
1779472253.20067239 -1.65603297 1.71491280 -1.97706643 -0.32347728 -0.48540612 0.72619918 -0.36383801
1779472253.21094871 -1.66140336 1.71712838 -1.97009581 -0.32196949 -0.48614789 0.72736052 -0.36185984
1779472253.22124457 -1.66341433 1.71561504 -1.96892219 -0.32067111 -0.48585024 0.72877592 -0.36056239
1779472253.23153543 -1.66919455 1.71232206 -1.96615142 -0.31876252 -0.48572688 0.73028244 -0.35937085
1779472253.24187160 -1.67263307 1.71403922 -1.96103824 -0.31742780 -0.48611049 0.73151445 -0.35752313
1779472253.25216508 -1.68182922 1.71596381 -1.95070880 -0.31516042 -0.48732708 0.73280427 -0.35522405
1779472253.26248121 -1.68304194 1.71847115 -1.94699046 -0.31463096 -0.48787850 0.73323820 -0.35403907
1779472253.26266360 -1.68526620 1.71888977 -1.94446918 -0.31412951 -0.48825689 0.73342398 -0.35357762
1779472253.27277970 -1.68995270 1.72059644 -1.93825720 -0.31277086 -0.48888554 0.73437395 -0.35193780
1779472253.28303933 -1.69373546 1.70012287 -1.95333465 -0.31033771 -0.48631993 0.73617173 -0.35388504
1779472253.29334164 -1.70279055 1.72600932 -1.92020398 -0.30917929 -0.49088759 0.73663081 -0.34758106
1779472253.30362844 -1.70902271 1.72966367 -1.91071781 -0.30784252 -0.49232606 0.73702332 -0.34589689
1779472253.31393123 -1.71370278 1.73596380 -1.89972670 -0.30635943 -0.49348280 0.73819350 -0.34305827
1779472253.32424188 -1.72123829 1.74183790 -1.88655682 -0.30451487 -0.49516802 0.73907463 -0.34036453
1779472253.33449888 -1.72492327 1.74500136 -1.87946625 -0.30322019 -0.49579185 0.74009365 -0.33839229
1779472253.34471202 -1.73338324 1.74985016 -1.86602882 -0.30098529 -0.49727664 0.74131271 -0.33552835
1779472253.35502362 -1.73833216 1.75352428 -1.85690036 -0.29918616 -0.49801040 0.74268804 -0.33299814
1779472253.36533093 -1.74496410 1.75578104 -1.84759148 -0.29723805 -0.49880557 0.74390123 -0.33083758
1779472253.37563467 -1.75163089 1.76005178 -1.83619403 -0.29501662 -0.49969492 0.74550255 -0.32786602
1779472253.38589263 -1.75975265 1.76157268 -1.82564165 -0.29238575 -0.50038135 0.74724492 -0.32519855
1779472253.39618087 -1.76390502 1.76208650 -1.82037624 -0.29076727 -0.50056689 0.74846833 -0.32354653
1779472253.40648246 -1.77146748 1.76395051 -1.81021686 -0.28823746 -0.50120428 0.75015922 -0.32089653
1779472253.41676927 -1.77510166 1.76563831 -1.80405264 -0.28620396 -0.50102749 0.75215746 -0.31830473
1779472253.42704797 -1.78200047 1.77081084 -1.79107155 -0.28410817 -0.50234967 0.75323886 -0.31552904
1779472253.43742085 -1.78383572 1.77148998 -1.78800973 -0.28254496 -0.50180381 0.75503414 -0.31350396
1779472253.44775701 -1.78906755 1.77723288 -1.77624140 -0.28058621 -0.50276028 0.75636368 -0.31051163
1779472253.45806527 -1.79344573 1.75697531 -1.79307441 -0.27741876 -0.49895554 0.75968877 -0.31137626
1779472253.46843696 -1.79896110 1.78475561 -1.75714208 -0.27626694 -0.50359911 0.75973916 -0.30473091
1779472253.47875166 -1.80221193 1.78819530 -1.74977414 -0.27475209 -0.50396714 0.76093561 -0.30249860
1779472253.48909163 -1.80698424 1.79208343 -1.73997403 -0.27252517 -0.50429371 0.76271601 -0.29946983
1779472253.49944615 -1.81134011 1.79735722 -1.72924190 -0.27053439 -0.50495676 0.76416556 -0.29644697
1779472253.50972939 -1.81511926 1.79944564 -1.72235175 -0.26868001 -0.50499674 0.76568651 -0.29413181
1779472253.52002263 -1.81749051 1.80281940 -1.71531750 -0.26686838 -0.50495920 0.76739131 -0.29138985
1779472253.53031421 -1.82009855 1.80731325 -1.70685665 -0.26513331 -0.50523013 0.76888261 -0.28855915
1779472253.54061127 -1.81932964 1.80799539 -1.70586825 -0.26384518 -0.50433154 0.77067757 -0.28651614
1779472253.55098796 -1.82358263 1.81061446 -1.69743317 -0.26215323 -0.50490884 0.77163646 -0.28446426
1779472253.56132078 -1.82495968 1.81435815 -1.69072997 -0.26067516 -0.50499885 0.77301354 -0.28191255
1779472253.57162547 -1.82712515 1.81683317 -1.68422790 -0.25910548 -0.50515097 0.77425819 -0.27966249
1779472253.58198357 -1.82613421 1.82027746 -1.68063402 -0.25846492 -0.50514532 0.77510865 -0.27790409
1779472253.58217764 -1.82614025 1.82212886 -1.67828416 -0.25820242 -0.50530644 0.77536003 -0.27715292
1779472253.59228516 -1.82955158 1.82496076 -1.67032580 -0.25687680 -0.50605610 0.77593792 -0.27539403
1779472253.60260153 -1.82923499 1.82827865 -1.66539609 -0.25574511 -0.50596633 0.77718941 -0.27307350
1779472253.61290383 -1.83480082 1.85463195 -1.62580324 -0.25368797 -0.51058888 0.77739304 -0.26570939
1779472253.62330008 -1.83353385 1.83848576 -1.64654294 -0.25331703 -0.50771051 0.77849497 -0.26833955
1779472253.63363075 -1.83406762 1.83868655 -1.64406669 -0.25215473 -0.50745256 0.77957038 -0.26679565
1779472253.64399862 -1.83504079 1.83885547 -1.64082751 -0.25091989 -0.50730317 0.78059791 -0.26523501
1779472253.65435553 -1.83306307 1.84285753 -1.63747117 -0.25061089 -0.50739817 0.78120909 -0.26354057
1779472253.65453863 -1.83292021 1.84427690 -1.63555080 -0.25036854 -0.50750270 0.78144714 -0.26286302
1779472253.66471481 -1.83506308 1.84696261 -1.62876773 -0.24940594 -0.50826095 0.78175823 -0.26138391
1779472253.67499042 -1.83370695 1.85090930 -1.62396554 -0.24861660 -0.50828822 0.78274054 -0.25913342
1779472253.68527842 -1.83558904 1.85460093 -1.61595242 -0.24742871 -0.50901322 0.78334572 -0.25700984
1779472253.69552851 -1.83656989 1.85694344 -1.61071023 -0.24648236 -0.50932221 0.78397808 -0.25537363
1779472253.70585966 -1.83718382 1.86433592 -1.60011164 -0.24563797 -0.51052622 0.78430400 -0.25276907
1779472253.71615267 -1.83987941 1.86942701 -1.58924351 -0.24422022 -0.51160424 0.78483991 -0.25028763
1779472253.72649527 -1.83879175 1.87299487 -1.58524208 -0.24390682 -0.51202358 0.78510925 -0.24888708
1779472253.72667551 -1.83925432 1.87463068 -1.58239357 -0.24358084 -0.51229915 0.78524871 -0.24819834
1779472253.73683572 -1.84176165 1.86682951 -1.58894483 -0.24237505 -0.51107758 0.78629815 -0.24857445
1779472253.74710131 -1.84489348 1.88331826 -1.56332757 -0.24096325 -0.51429363 0.78608309 -0.24395113
1779472253.75745678 -1.84674861 1.88941069 -1.55281301 -0.23992448 -0.51562394 0.78622410 -0.24170200
1779472253.76777720 -1.84589590 1.88823560 -1.55545353 -0.23947419 -0.51510620 0.78685527 -0.24119805
1779472253.77804565 -1.85094810 1.90410340 -1.52831243 -0.23792587 -0.51883471 0.78615994 -0.23696915
1779472253.78839755 -1.85234505 1.91330930 -1.51431443 -0.23690535 -0.52061597 0.78615413 -0.23408662
1779472253.79871297 -1.85447121 1.92072773 -1.50180516 -0.23597723 -0.52227974 0.78600714 -0.23180032
1779472253.79891872 -1.85649041 1.94311957 -1.46775728 -0.23530011 -0.52687822 0.78458840 -0.22683525
1779472253.80901980 -1.85528927 1.92699967 -1.49312760 -0.23447386 -0.52271345 0.78713655 -0.22849225
1779472253.82013106 -1.85737217 1.94701572 -1.46257747 -0.23320281 -0.52667451 0.78636096 -0.22330885
1779472253.83076310 -1.86292808 1.95237224 -1.44764399 -0.23110063 -0.52829058 0.78666471 -0.22059054
1779472253.84108400 -1.86406193 1.96026983 -1.43447156 -0.23024624 -0.53009395 0.78636817 -0.21820211
1779472253.85143518 -1.86397237 1.96534030 -1.42697674 -0.22940442 -0.53064229 0.78681664 -0.21612947
1779472253.85161591 -1.86621961 1.96544497 -1.42371845 -0.22864462 -0.53090469 0.78701837 -0.21555493
1779472253.86179566 -1.86558817 1.97275883 -1.41355589 -0.22813070 -0.53211974 0.78694453 -0.21336182
1779472253.87209988 -1.87307652 1.97407400 -1.40047175 -0.22608727 -0.53384691 0.78673585 -0.21198755
1779472253.88233995 -1.87803277 1.97812601 -1.38692058 -0.22414444 -0.53525140 0.78696050 -0.20966252
1779472253.89260578 -1.87978142 1.98550066 -1.37282277 -0.22284309 -0.53663337 0.78713919 -0.20682717
1779472253.90291858 -1.88139245 1.99250065 -1.35954677 -0.22103276 -0.53755109 0.78792841 -0.20335231
1779472253.91318464 -1.88283988 2.00017855 -1.34471928 -0.21938260 -0.53875956 0.78842783 -0.19997741
1779472253.92346597 -1.88500920 2.00527698 -1.33303706 -0.21780840 -0.53962011 0.78894719 -0.19731184
1779472253.93375754 -1.88986197 2.00892471 -1.31902519 -0.21598075 -0.54118571 0.78890048 -0.19520854
1779472253.94404435 -1.89456980 2.00210392 -1.32271520 -0.21350414 -0.53948570 0.79099381 -0.19416478
1779472253.95435834 -1.88998447 2.02530116 -1.29023629 -0.21305780 -0.54339861 0.78987357 -0.18821284
1779472253.96462870 -1.89009676 2.03248900 -1.27765289 -0.21191619 -0.54449714 0.79010685 -0.18532553
1779472253.97486639 -1.89567933 2.03549687 -1.26293651 -0.20980765 -0.54608050 0.79009558 -0.18310054
1779472253.98516655 -1.89644018 2.04425220 -1.24577921 -0.20787577 -0.54729945 0.79067748 -0.17910917
1779472253.99546742 -1.89736314 2.04929970 -1.23504693 -0.20661355 -0.54815490 0.79095898 -0.17669449
1779472254.00576830 -1.90133591 2.05754906 -1.21316521 -0.20429254 -0.55032898 0.79088261 -0.17293719
1779472254.01599479 -1.89908937 2.08141293 -1.17097841 -0.20240802 -0.55485525 0.78975136 -0.16570888
1779472254.02625203 -1.90667187 2.06861754 -1.18311067 -0.20049758 -0.55288201 0.79133643 -0.16705943
1779472254.03656507 -1.89923653 2.09966884 -1.13412280 -0.19991149 -0.55882054 0.78894379 -0.15913102
1779472254.04682803 -1.88907523 2.11156834 -1.12771437 -0.20085738 -0.55943178 0.78886802 -0.15613983
1779472254.05710077 -1.90878636 2.09258629 -1.13215599 -0.19641895 -0.55833938 0.79042141 -0.15783134
1779472254.06742454 -1.89506383 2.12164287 -1.09593865 -0.19627789 -0.56170727 0.78964343 -0.14974373
1779472254.07768154 -1.91691788 2.10429334 -1.09326744 -0.19138209 -0.56157796 0.79069655 -0.15100352
1779472254.08792067 -1.91909985 2.09603607 -1.10779115 -0.19023410 -0.55909360 0.79265172 -0.15142186
1779472254.09824133 -1.90815121 2.11566484 -1.08653004 -0.19050252 -0.56110291 0.79215316 -0.14617008
1779472254.10852981 -1.92111189 2.12085138 -1.04994972 -0.18538519 -0.56438113 0.79189189 -0.14146909
1779472254.11885333 -1.92614174 2.11178411 -1.06107282 -0.18426989 -0.56297750 0.79295728 -0.14254713
1779472254.12911320 -1.92602414 2.12897511 -1.02187898 -0.18365139 -0.56877258 0.78969015 -0.13841743
1779472254.13942504 -1.92761024 2.13468500 -1.00596572 -0.18153921 -0.56991642 0.78992886 -0.13509694
1779472254.14968801 -1.93258847 2.11705477 -1.03821071 -0.18038649 -0.56520997 0.79314837 -0.13752845
1779472254.16001844 -1.92917528 2.14189721 -0.98662693 -0.17953246 -0.57222583 0.78935271 -0.13133163
1779472254.17030382 -1.92667996 2.14789015 -0.97779892 -0.17887395 -0.57289081 0.78941102 -0.12895917
1779472254.18058467 -1.93034529 2.13410936 -1.00478277 -0.17633296 -0.56731700 0.79399327 -0.12896819
1779472254.19085121 -1.92944634 2.15622000 -0.95163222 -0.17528269 -0.57488340 0.78963627 -0.12352980
1779472254.20109200 -1.92452851 2.16292809 -0.94610558 -0.17513779 -0.57511341 0.78986992 -0.12114796
1779472254.21134615 -1.91914148 2.17186520 -0.93553747 -0.17492483 -0.57611015 0.78964469 -0.11815099
1779472254.22160125 -1.92236754 2.17518538 -0.91938218 -0.17290747 -0.57772062 0.78927806 -0.11568077
1779472254.23197794 -1.92230912 2.17797869 -0.91248696 -0.17194724 -0.57821600 0.78937694 -0.11394934
1779472254.23218775 -1.92204668 2.18235940 -0.90171901 -0.17133996 -0.57935901 0.78889598 -0.11237829
1779472254.24229741 -1.91729484 2.18579227 -0.90345695 -0.17165754 -0.57898226 0.78927976 -0.11113363
1779472254.25259566 -1.91273575 2.19480146 -0.89015347 -0.17117686 -0.58031586 0.78883925 -0.10800287
1779472254.26297927 -1.90835877 2.19875837 -0.88934442 -0.17134300 -0.58040383 0.78893971 -0.10652278
1779472254.27335215 -1.90999858 2.19545910 -0.89598055 -0.16996701 -0.57866941 0.79062149 -0.10569096
1779472254.28369379 -1.90346594 2.20878045 -0.87298187 -0.17009828 -0.58184572 0.78872119 -0.10218128
1779472254.29399276 -1.89656070 2.18954119 -0.94258678 -0.17188339 -0.57200195 0.79500717 -0.10598808
1779472254.30429935 -1.90044943 2.21616732 -0.85917700 -0.16825325 -0.58262666 0.78907616 -0.09795832
1779472254.30451941 -1.89816734 2.21853037 -0.85741437 -0.16853338 -0.58294858 0.78884515 -0.09742060
1779472254.31463480 -1.90026178 2.20742571 -0.88515348 -0.16741838 -0.57819405 0.79246434 -0.09830053
1779472254.32494354 -1.89518744 2.22549285 -0.84328079 -0.16692868 -0.58406891 0.78882185 -0.09358642
1779472254.33523250 -1.89755812 2.21385396 -0.87203126 -0.16514786 -0.57873933 0.79308521 -0.09382341
1779472254.34558606 -1.89377161 2.23240498 -0.82453642 -0.16437599 -0.58533653 0.78894185 -0.08906427
1779472254.35589027 -1.89631558 2.23267973 -0.81674278 -0.16238039 -0.58566903 0.78931790 -0.08718745
1779472254.36619210 -1.89186117 2.22615980 -0.84880829 -0.16235604 -0.58040949 0.79318654 -0.08729519
1779472254.37648726 -1.88755518 2.22055846 -0.87479514 -0.16363424 -0.57725606 0.79507010 -0.08867255
1779472254.38680840 -1.88775394 2.24730503 -0.79072669 -0.15971706 -0.58753117 0.78925046 -0.07988304
1779472254.39714861 -1.88392019 2.23109056 -0.85142759 -0.16082066 -0.57889224 0.79507336 -0.08293880
1779472254.40750647 -1.88232382 2.23274878 -0.84949815 -0.16011398 -0.57872585 0.79548796 -0.08147888
1779472254.40768576 -1.88248343 2.23310948 -0.84769583 -0.15977877 -0.57887561 0.79549001 -0.08105193
1779472254.41789913 -1.88070596 2.23902944 -0.83361078 -0.15835588 -0.57990799 0.79531901 -0.07808848
1779472254.42825890 -1.87753083 2.24297233 -0.82923310 -0.15751759 -0.57990793 0.79570357 -0.07583418
1779472254.43856215 -1.87263102 2.24964168 -0.81958460 -0.15630597 -0.58012274 0.79611115 -0.07234015
1779472254.44890809 -1.87606696 2.25212406 -0.80266391 -0.15285756 -0.58064386 0.79672113 -0.06872195
1779472254.45919251 -1.87352657 2.25456138 -0.80139537 -0.15254168 -0.58063164 0.79689875 -0.06745600
1779472254.46948647 -1.86084854 2.28658688 -0.72482660 -0.15027204 -0.58952805 0.79156071 -0.05750338
1779472254.47983956 -1.85949334 2.26974365 -0.78963120 -0.15097726 -0.58014698 0.79810087 -0.06058341
1779472254.49009919 -1.84639589 2.27949187 -0.79206855 -0.15261088 -0.57979473 0.79821198 -0.05835767
1779472254.50035357 -1.84460301 2.28393412 -0.78191358 -0.15076082 -0.58005943 0.79859305 -0.05523917
1779472254.51071811 -1.84335068 2.28905303 -0.76681253 -0.14829847 -0.58063921 0.79888430 -0.05147369
1779472254.52108169 -1.83334702 2.29761820 -0.76465095 -0.14873557 -0.58038800 0.79916675 -0.04857984
1779472254.52126074 -1.83112378 2.29928096 -0.76470209 -0.14875877 -0.58021812 0.79932715 -0.04789444
1779472254.53137016 -1.83362032 2.29987795 -0.75477774 -0.14601988 -0.58010030 0.80006986 -0.04527763
1779472254.54168868 -1.83693924 2.30588231 -0.72198209 -0.14201211 -0.58285563 0.79902788 -0.04082076
1779472254.55199742 -1.82711776 2.31466118 -0.71849743 -0.14158180 -0.58221321 0.79975185 -0.03713963
1779472254.56228495 -1.82375810 2.31047915 -0.74369901 -0.14204053 -0.57847312 0.80236766 -0.03740951
1779472254.57262826 -1.83114702 2.31045379 -0.72290766 -0.13728834 -0.57915154 0.80286695 -0.03376478
1779472254.58293152 -1.84646562 2.30219497 -0.70708238 -0.13129131 -0.57899905 0.80406587 -0.03163500
1779472254.59319615 -1.83007606 2.31610119 -0.70412115 -0.13248716 -0.57896112 0.80404281 -0.02768269
1779472254.60348773 -1.82745419 2.31704187 -0.70800973 -0.13227953 -0.57826799 0.80460651 -0.02676986
1779472254.61378670 -1.82582254 2.31994758 -0.70146427 -0.13016037 -0.57780920 0.80537635 -0.02374333
1779472254.62406158 -1.82484886 2.32288717 -0.69341776 -0.12805307 -0.57767562 0.80588891 -0.02088912
1779472254.63434482 -1.82189619 2.32528799 -0.69237904 -0.12761179 -0.57751732 0.80610878 -0.01943225
1779472254.64468193 -1.81571747 2.33159439 -0.68662292 -0.12648265 -0.57716981 0.80661002 -0.01604438
1779472254.65492463 -1.81521343 2.33332458 -0.68112692 -0.12479494 -0.57711160 0.80695507 -0.01385421
1779472254.66545868 -1.80868275 2.33885801 -0.67845474 -0.12399586 -0.57650609 0.80755767 -0.01078742
1779472254.67576003 -1.80863656 2.34108015 -0.66997763 -0.12265235 -0.57718478 0.80729920 -0.00906271
1779472254.68605208 -1.80164695 2.34643259 -0.66935776 -0.12279082 -0.57710076 0.80735940 -0.00692255
1779472254.69635677 -1.79828566 2.34979749 -0.66606273 -0.12182095 -0.57694027 0.80763718 -0.00466605
1779472254.70666385 -1.79507397 2.35288255 -0.66254705 -0.12127630 -0.57705915 0.80764229 -0.00295384
1779472254.71716261 -1.78947926 2.35792060 -0.65887811 -0.12093177 -0.57721967 0.80758438 -0.00065774
1779472254.72757602 -1.78496050 2.36296483 -0.65209178 -0.11983083 -0.57734884 0.80765336 0.00222230
1779472254.73795033 -1.77964057 2.36912154 -0.64196773 -0.11927499 -0.57850833 0.80689512 0.00467417
1779472254.74824619 -1.78207193 2.36648876 -0.64516446 -0.11842469 -0.57799293 0.80738846 0.00486153
1779472254.75856566 -1.78241722 2.36497626 -0.64944516 -0.11811549 -0.57767823 0.80765799 0.00501605
1779472254.76886344 -1.78311921 2.36360379 -0.65110514 -0.11711135 -0.57716403 0.80816568 0.00590348
1779472254.77920175 -1.78290118 2.36526582 -0.64511384 -0.11595697 -0.57753884 0.80805183 0.00742316
1779472254.77938223 -1.78216991 2.36445888 -0.64957736 -0.11622617 -0.57708864 0.80833633 0.00725014
1779472254.78950357 -1.77810454 2.36650588 -0.65167338 -0.11662357 -0.57700541 0.80833108 0.00803488
1779472254.79979753 -1.77336567 2.37103829 -0.64674643 -0.11578224 -0.57697628 0.80844304 0.01061554
1779472254.81008625 -1.77430290 2.36886993 -0.64975178 -0.11473971 -0.57622416 0.80911773 0.01135855
1779472254.82038307 -1.77505660 2.36908339 -0.64623894 -0.11395830 -0.57662562 0.80893170 0.01207908
1779472254.83072662 -1.78016334 2.36248455 -0.65369039 -0.11242397 -0.57518451 0.81017357 0.01193415
1779472254.84102035 -1.78177659 2.36133558 -0.65129853 -0.11046700 -0.57448251 0.81091345 0.01364817
1779472254.85138083 -1.77597447 2.36519460 -0.65061304 -0.11096775 -0.57472648 0.81064992 0.01491108
1779472254.85156393 -1.77511496 2.36564159 -0.65068312 -0.11094270 -0.57471681 0.81065513 0.01518445
1779472254.86166668 -1.78308985 2.35885480 -0.65242249 -0.10850135 -0.57356824 0.81179531 0.01533955
1779472254.87196541 -1.78803617 2.35425606 -0.65215847 -0.10643160 -0.57287001 0.81254907 0.01600857
1779472254.88231111 -1.78603438 2.35471206 -0.65294867 -0.10572998 -0.57228572 0.81302459 0.01735621
1779472254.89268064 -1.78293386 2.35727578 -0.64962871 -0.10500989 -0.57217019 0.81315860 0.01916481
1779472254.90302706 -1.79367484 2.34857194 -0.64909326 -0.10189642 -0.57122349 0.81421870 0.01920293
1779472254.91333580 -1.79189243 2.34869055 -0.64956178 -0.10084621 -0.57036429 0.81491184 0.02081613
1779472254.92366314 -1.78736379 2.35277652 -0.64442812 -0.09974806 -0.56994003 0.81527142 0.02347752
1779472254.92389393 -1.78912245 2.35058772 -0.64700783 -0.09964819 -0.56974478 0.81543193 0.02306261
1779472254.93400359 -1.79239527 2.34754604 -0.64677659 -0.09837961 -0.56933642 0.81585877 0.02349358
1779472254.94430709 -1.78940752 2.35012076 -0.64162530 -0.09667527 -0.56860682 0.81648634 0.02627245
1779472254.95460367 -1.79440080 2.35374069 -0.60228971 -0.09238304 -0.57259159 0.81407463 0.02977809
1779472254.96495676 -1.79319527 2.34318396 -0.65174036 -0.09528732 -0.56678774 0.81790252 0.02659787
1779472254.97530437 -1.79828879 2.33928827 -0.64787528 -0.09258274 -0.56592028 0.81876810 0.02795480
1779472254.98560405 -1.80519243 2.32997270 -0.66003363 -0.09207161 -0.56465457 0.81975150 0.02637249
1779472254.99593711 -1.79729009 2.33609277 -0.65672011 -0.09199480 -0.56440855 0.81984295 0.02893919
1779472254.99612617 -1.79746926 2.33613830 -0.65503904 -0.09141121 -0.56426217 0.81998757 0.02953935
1779472255.00619698 -1.79663810 2.33667735 -0.65328418 -0.09053844 -0.56391796 0.82027206 0.03087205
1779472255.01644039 -1.79002180 2.33829282 -0.66256187 -0.09205457 -0.56332840 0.82049231 0.03129604
1779472255.02673697 -1.79382475 2.33740970 -0.65102180 -0.08935915 -0.56370004 0.82046081 0.03318530
1779472255.03698611 -1.79594399 2.33305999 -0.65978924 -0.08924520 -0.56265053 0.82121444 0.03265751
1779472255.04726219 -1.79335637 2.33635789 -0.65052357 -0.08809053 -0.56328527 0.82081023 0.03493321
1779472255.05751371 -1.79602595 2.33421629 -0.64704292 -0.08614429 -0.56281594 0.82128164 0.03624695
1779472255.06776071 -1.79792047 2.32858824 -0.66156967 -0.08730565 -0.56203944 0.82177001 0.03440127
1779472255.07802105 -1.79317052 2.33548308 -0.64572129 -0.08511442 -0.56255192 0.82147168 0.03840762
1779472255.08828187 -1.79705389 2.32846087 -0.65889694 -0.08563829 -0.56182874 0.82199594 0.03656806
1779472255.09854507 -1.79371063 2.34174958 -0.60902402 -0.08188630 -0.56712609 0.81847323 0.04200248
1779472255.10878420 -1.79836149 2.32886549 -0.64829689 -0.08328926 -0.56262733 0.82158591 0.03885841
1779472255.11906815 -1.79003333 2.33527136 -0.64688169 -0.08416323 -0.56330495 0.82094992 0.04056232
1779472255.12939191 -1.79120457 2.34015469 -0.61939931 -0.08145178 -0.56641944 0.81893909 0.04328270
1779472255.13965321 -1.78903060 2.33651995 -0.64153620 -0.08342543 -0.56462422 0.82006318 0.04166611
1779472255.14995289 -1.78969179 2.33780574 -0.63324957 -0.08191430 -0.56544523 0.81957297 0.04314955
1779472255.16027379 -1.79362900 2.33658083 -0.62557777 -0.08037979 -0.56659937 0.81890331 0.04360758
1779472255.17061162 -1.79741042 2.33661806 -0.61227759 -0.07732609 -0.56703203 0.81878422 0.04569193
1779472255.18094969 -1.78892057 2.35359915 -0.56059766 -0.07536183 -0.57408036 0.81375300 0.05058046
1779472255.19123530 -1.79309720 2.34803749 -0.57348378 -0.07462708 -0.57234034 0.81508188 0.04998852
1779472255.20149207 -1.79566875 2.34553671 -0.57652587 -0.07336756 -0.57140279 0.81582454 0.05046162
1779472255.21183324 -1.78898830 2.35909725 -0.52980829 -0.07091662 -0.57736116 0.81153628 0.05507981
1779472255.22209573 -1.79532834 2.35403379 -0.53265188 -0.06897555 -0.57648177 0.81232623 0.05511115
1779472255.23236465 -1.79392233 2.35633487 -0.52395085 -0.06756167 -0.57719189 0.81181750 0.05689718
1779472255.24268270 -1.80440009 2.34312039 -0.55206969 -0.06692328 -0.57333865 0.81477607 0.05425881
1779472255.25299811 -1.81233726 2.33553785 -0.55616839 -0.06477551 -0.57205665 0.81587825 0.05383303
1779472255.26325727 -1.80861135 2.34056300 -0.54726773 -0.06348828 -0.57273320 0.81533088 0.05640457
1779472255.27352095 -1.79698579 2.35597886 -0.50816028 -0.06215697 -0.57756281 0.81167246 0.06120081
1779472255.28379869 -1.80718731 2.33774032 -0.56377645 -0.06373692 -0.57101169 0.81651403 0.05646324
1779472255.29402804 -1.81553811 2.33117947 -0.56236825 -0.06126442 -0.57062114 0.81698509 0.05633432
1779472255.30428720 -1.82358773 2.32988547 -0.53339729 -0.05626510 -0.57250147 0.81584488 0.05893590
1779472255.30443931 -1.82442068 2.32847103 -0.53684000 -0.05573497 -0.57156530 0.81651619 0.05922864
1779472255.31455326 -1.83423764 2.31433188 -0.56598871 -0.05687275 -0.56927048 0.81834614 0.05482882
1779472255.32481217 -1.83661777 2.31159357 -0.56656177 -0.05564871 -0.56898111 0.81860604 0.05520752
1779472255.33508444 -1.84783066 2.30401797 -0.55514053 -0.05117858 -0.56875083 0.81899414 0.05614139
1779472255.34547544 -1.82974452 2.32710213 -0.50291652 -0.04816539 -0.57346513 0.81527154 0.06442169
1779472255.35578918 -1.84861789 2.30209336 -0.55540571 -0.04999376 -0.56895373 0.81887172 0.05693320
1779472255.36602688 -1.84608619 2.30521491 -0.54674232 -0.04879275 -0.56978436 0.81822589 0.05891896
1779472255.37633872 -1.84800295 2.30180629 -0.55196457 -0.04863877 -0.56955062 0.81844242 0.05829554
1779472255.38661051 -1.84070891 2.31659865 -0.49594042 -0.04438011 -0.57548894 0.81404859 0.06455829
1779472255.39691830 -1.84018510 2.31748385 -0.48943629 -0.04211269 -0.57507791 0.81426724 0.06693870
1779472255.40720987 -1.83828492 2.31794047 -0.48788668 -0.04215330 -0.57606420 0.81356479 0.06697358
1779472255.41748452 -1.84737406 2.30774063 -0.50222745 -0.04207093 -0.57520773 0.81438802 0.06432926
1779472255.42777824 -1.85047051 2.29903337 -0.53367202 -0.04376184 -0.57242946 0.81646184 0.06163985
1779472255.43801165 -1.85242626 2.30108597 -0.50795180 -0.04034239 -0.57481613 0.81474480 0.06441903
1779472255.44829416 -1.85772429 2.29382836 -0.52168046 -0.03994573 -0.57318647 0.81601347 0.06311601
1779472255.45858884 -1.84403782 2.31183103 -0.47204456 -0.03646095 -0.57793577 0.81222806 0.07033087
1779472255.46887898 -1.85846512 2.29286748 -0.51169454 -0.03725685 -0.57418857 0.81526773 0.06525289
1779472255.47918701 -1.84953889 2.30139261 -0.50043548 -0.03769925 -0.57628712 0.81358744 0.06743440
1779472255.48947167 -1.84812249 2.30291630 -0.49135563 -0.03699691 -0.57802061 0.81231042 0.06837539
1779472255.49974871 -1.84168437 2.30784025 -0.48811160 -0.03762152 -0.57934258 0.81122602 0.06970756
1779472255.51005149 -1.84545187 2.30337312 -0.48933864 -0.03661936 -0.57950337 0.81118399 0.06939309
1779472255.52033448 -1.84227197 2.30442984 -0.49072430 -0.03664052 -0.57954658 0.81108890 0.07012865
1779472255.53061295 -1.84859158 2.29890332 -0.48472540 -0.03491883 -0.58064693 0.81040940 0.06975973
1779472255.54095101 -1.84520093 2.30040523 -0.48386163 -0.03428786 -0.58057064 0.81036020 0.07126297
1779472255.55123734 -1.85037327 2.29024019 -0.51057377 -0.03459924 -0.57723933 0.81290184 0.06919724
1779472255.56152797 -1.84152047 2.30332727 -0.45971406 -0.03247611 -0.58451122 0.80739732 0.07349491
1779472255.57186198 -1.83892540 2.30028123 -0.48606888 -0.03440725 -0.58201825 0.80921326 0.07242095
1779472255.58211851 -1.83522445 2.30003789 -0.49403674 -0.03491128 -0.58140984 0.80959266 0.07282524
1779472255.59240937 -1.82174548 2.31253292 -0.47364397 -0.03518025 -0.58434633 0.80712837 0.07645590
1779472255.60277510 -1.83016827 2.29622263 -0.52227426 -0.03709441 -0.57918957 0.81116197 0.07197022
1779472255.61310124 -1.82811908 2.29510965 -0.52457616 -0.03595472 -0.57815734 0.81181914 0.07342368
1779472255.62342834 -1.80747548 2.31284145 -0.50408591 -0.03579881 -0.57969720 0.81015445 0.07949442
1779472255.63379049 -1.81046622 2.30673037 -0.51334762 -0.03566847 -0.57913804 0.81065777 0.07849119
1779472255.64410043 -1.80749098 2.30468839 -0.52448049 -0.03656358 -0.57854375 0.81107855 0.07811410
1779472255.65439463 -1.80750289 2.30273578 -0.52650164 -0.03616138 -0.57842726 0.81115863 0.07833224
1779472255.65457463 -1.80820762 2.30124121 -0.52824440 -0.03617658 -0.57845227 0.81117037 0.07801829
1779472255.66468811 -1.80732595 2.29891212 -0.53479712 -0.03648395 -0.57810457 0.81143358 0.07771464
1779472255.67502737 -1.81038067 2.29156615 -0.54982998 -0.03656410 -0.57673609 0.81252737 0.07640568
1779472255.68533349 -1.81376776 2.28033943 -0.58253134 -0.03942878 -0.57511944 0.81394047 0.07199941
1779472255.69563484 -1.81979195 2.26948475 -0.60063674 -0.04138139 -0.57555807 0.81391245 0.06757971
1779472255.70590162 -1.81153706 2.27617617 -0.58948211 -0.04133235 -0.57750285 0.81235799 0.06968921
1779472255.71622467 -1.81226627 2.27471584 -0.58204462 -0.04050110 -0.57931723 0.81110402 0.06972425
1779472255.72653103 -1.80916962 2.27297773 -0.59611494 -0.04135040 -0.57786215 0.81211702 0.06950841
1779472255.72673869 -1.80830994 2.27189058 -0.60175005 -0.04121587 -0.57677771 0.81286543 0.06984644
1779472255.73683262 -1.80085790 2.27833356 -0.58929328 -0.04174320 -0.57964330 0.81070211 0.07094537
1779472255.74720430 -1.80662265 2.26189313 -0.63580895 -0.04194002 -0.57281407 0.81572430 0.06869449
1779472255.75756693 -1.81292165 2.25396952 -0.63629787 -0.04241648 -0.57554321 0.81406025 0.06524391
1779472255.76793170 -1.81800314 2.24681267 -0.64126008 -0.04131247 -0.57503716 0.81455371 0.06424796
1779472255.77823448 -1.82099977 2.24131964 -0.64870212 -0.03954348 -0.57324430 0.81585367 0.06488513
1779472255.78854227 -1.81487131 2.24101524 -0.66038776 -0.04167158 -0.57374059 0.81550157 0.06357990
1779472255.79886556 -1.81181270 2.23943122 -0.67030548 -0.04166014 -0.57256253 0.81629307 0.06404855
1779472255.80924797 -1.81314215 2.23072056 -0.69271020 -0.04336897 -0.57131437 0.81731483 0.06095484
1779472255.81952691 -1.80694279 2.23371167 -0.69233548 -0.04276712 -0.57100957 0.81740502 0.06299266
1779472255.82985020 -1.80470940 2.23669903 -0.67984420 -0.04196254 -0.57348088 0.81564250 0.06392292
1779472255.84016204 -1.80755429 2.22525177 -0.71066515 -0.04182103 -0.56859238 0.81915177 0.06280187
1779472255.85045266 -1.81551525 2.21163396 -0.72926171 -0.04098502 -0.56648435 0.82083379 0.06039536
1779472255.86073756 -1.80256937 2.22274637 -0.71865387 -0.04126965 -0.56812440 0.81943743 0.06366931
1779472255.87107539 -1.80491310 2.21606955 -0.72735874 -0.04042324 -0.56706933 0.82026153 0.06300287
1779472255.88139248 -1.80299833 2.21248977 -0.74013094 -0.04084838 -0.56564214 0.82125011 0.06267888
1779472255.89168882 -1.80572180 2.20619681 -0.74738715 -0.03942401 -0.56417334 0.82231843 0.06282192
1779472255.90203404 -1.80275458 2.20612506 -0.74803641 -0.03736292 -0.56234414 0.82344523 0.06565848
1779472255.91233492 -1.80328492 2.20069551 -0.75974747 -0.03799881 -0.56168518 0.82396971 0.06434105
1779472255.92267036 -1.81454498 2.18355320 -0.77963005 -0.03692158 -0.55942584 0.82579828 0.06112872
1779472255.93299532 -1.80576526 2.19336349 -0.76437286 -0.03543832 -0.56045859 0.82484197 0.06531479
1779472255.94321418 -1.81986024 2.17601917 -0.77770094 -0.03253372 -0.55753081 0.82708300 0.06351906
1779472255.95348144 -1.82051523 2.17028860 -0.78628319 -0.03101274 -0.55517271 0.82864821 0.06452607
1779472255.96374106 -1.81977997 2.16147859 -0.81001120 -0.03152465 -0.55195220 0.83083800 0.06374309
1779472255.97402883 -1.81735100 2.16608320 -0.79601717 -0.03052138 -0.55439252 0.82913980 0.06515044
1779472255.98430729 -1.81001167 2.16379233 -0.81760395 -0.03289815 -0.55254703 0.83034463 0.06432173
1779472255.99459505 -1.80587383 2.16650238 -0.81421387 -0.03159689 -0.55211809 0.83048164 0.06683935
1779472256.00489259 -1.79015608 2.17932338 -0.81060639 -0.03306146 -0.55323481 0.82941491 0.07006490
1779472256.01518941 -1.79618410 2.17242943 -0.81052932 -0.03056397 -0.55195005 0.83031865 0.07062523
1779472256.02546644 -1.79443544 2.17193089 -0.81066640 -0.03017540 -0.55228004 0.83006602 0.07118002
1779472256.03573608 -1.79022264 2.17250214 -0.81752069 -0.03055390 -0.55178318 0.83031975 0.07190891
1779472256.04603767 -1.79003428 2.16830060 -0.82636321 -0.03152355 -0.55210750 0.83020780 0.07027504
1779472256.04623151 -1.78525810 2.17239685 -0.82412309 -0.03245976 -0.55313860 0.82945507 0.07062818
1779472256.05633855 -1.78804314 2.16682240 -0.82826462 -0.03207447 -0.55305620 0.82960631 0.06966660
1779472256.06666589 -1.78327203 2.16866035 -0.83124116 -0.03171984 -0.55235030 0.82994006 0.07143173
1779472256.07697797 -1.78863575 2.16743687 -0.81638164 -0.02667287 -0.55093012 0.83068467 0.07568047
1779472256.08728933 -1.78641784 2.16049952 -0.83939685 -0.02845566 -0.54877453 0.83219189 0.07411786
1779472256.09760594 -1.78525849 2.16438304 -0.82527167 -0.02671748 -0.55040396 0.83098670 0.07617593
1779472256.10799432 -1.77259088 2.16571133 -0.84728343 -0.02964077 -0.54838942 0.83217570 0.07664251
1779472256.11839342 -1.77005753 2.17084056 -0.83387763 -0.02869889 -0.55062456 0.83058386 0.07822666
1779472256.12873840 -1.76509089 2.17445923 -0.83041894 -0.02870118 -0.55125358 0.83003563 0.07960268
1779472256.13906121 -1.76211277 2.17443180 -0.83599600 -0.02939708 -0.55154030 0.82982274 0.07958227
1779472256.14935088 -1.75550079 2.18092035 -0.82894802 -0.02907695 -0.55239416 0.82902667 0.08203659
1779472256.15969777 -1.75151485 2.18088882 -0.83558274 -0.02996741 -0.55221267 0.82910600 0.08213624
1779472256.17002630 -1.75052444 2.17774657 -0.84300189 -0.03089086 -0.55255437 0.82895329 0.08103000
1779472256.18033671 -1.74601413 2.18122751 -0.83920610 -0.03049776 -0.55306085 0.82844902 0.08286015
1779472256.19062591 -1.74361038 2.17893053 -0.84837897 -0.03010953 -0.55110733 0.82963217 0.08417000
1779472256.20092583 -1.74205328 2.18217922 -0.84002933 -0.02982039 -0.55288990 0.82838827 0.08483151
1779472256.21119976 -1.74297515 2.18301009 -0.83164056 -0.02920638 -0.55493870 0.82703276 0.08489315
1779472256.22146320 -1.74447264 2.18198030 -0.82870035 -0.02849071 -0.55576942 0.82648250 0.08506058
1779472256.23179841 -1.74329469 2.18055522 -0.83412828 -0.02723508 -0.55350593 0.82782478 0.08715257
1779472256.24205518 -1.74272526 2.18357075 -0.82434279 -0.02734028 -0.55650938 0.82584317 0.08679212
1779472256.25234222 -1.74412774 2.17809085 -0.83657825 -0.02691218 -0.55445326 0.82722851 0.08689248
1779472256.26263356 -1.74350162 2.18028342 -0.83089562 -0.02636617 -0.55560549 0.82639605 0.08761807
1779472256.27289748 -1.73933656 2.18384004 -0.82976412 -0.02619588 -0.55578446 0.82611203 0.08919821
1779472256.28313327 -1.73992092 2.18385653 -0.82850237 -0.02622594 -0.55707009 0.82528984 0.08877945
1779472256.29342580 -1.73840372 2.18136745 -0.83935846 -0.02641822 -0.55555229 0.82626700 0.08914361
1779472256.30380177 -1.73700599 2.18370395 -0.83621783 -0.02594776 -0.55605787 0.82583035 0.09016973
1779472256.31408978 -1.73583565 2.18863356 -0.82528814 -0.02653777 -0.55978221 0.82337298 0.08942345
1779472256.32435822 -1.73633834 2.18293585 -0.84193024 -0.02584133 -0.55623001 0.82568175 0.09049888
1779472256.33467364 -1.73293925 2.18722895 -0.83752847 -0.02593627 -0.55736020 0.82481586 0.09140962
1779472256.34501362 -1.73210151 2.18808463 -0.83781250 -0.02579642 -0.55773617 0.82451030 0.09191125
1779472256.35532928 -1.73131142 2.18448342 -0.85074316 -0.02684392 -0.55691483 0.82514273 0.09091070
1779472256.36563706 -1.73064042 2.18659423 -0.84664987 -0.02609562 -0.55727144 0.82478909 0.09214400
1779472256.36583209 -1.73358540 2.18383443 -0.84816395 -0.02567910 -0.55705672 0.82499400 0.09172403
1779472256.37595177 -1.73314814 2.18768205 -0.83800975 -0.02574169 -0.55976595 0.82317406 0.09156374
1779472256.38617182 -1.73315428 2.18360044 -0.85009940 -0.02485510 -0.55670969 0.82510107 0.09308472
1779472256.39641857 -1.73671852 2.17864444 -0.85772154 -0.02463775 -0.55603872 0.82564072 0.09236519
1779472256.40674853 -1.73695018 2.18109449 -0.85014054 -0.02401632 -0.55738992 0.82466545 0.09309451
1779472256.41700459 -1.74080058 2.17660397 -0.85617463 -0.02182125 -0.55430412 0.82654109 0.09539708
1779472256.42723608 -1.73719417 2.17889847 -0.85832054 -0.02150293 -0.55332751 0.82695370 0.09753909
1779472256.43756652 -1.74325659 2.18008492 -0.84173001 -0.01932493 -0.55547171 0.82548762 0.09822386
1779472256.44784117 -1.73744274 2.18169551 -0.85112742 -0.01939217 -0.55303816 0.82680621 0.10081781
1779472256.45814228 -1.73118170 2.18747961 -0.85038449 -0.01975332 -0.55311703 0.82647198 0.10303115
1779472256.46843052 -1.73080444 2.18582538 -0.85699405 -0.01908129 -0.55119101 0.82756575 0.10468669
1779472256.47871232 -1.72983703 2.18837269 -0.85323524 -0.01829188 -0.55116263 0.82738404 0.10639932
1779472256.48905659 -1.72755893 2.19212568 -0.84939041 -0.01766435 -0.55128045 0.82704825 0.10848512
1779472256.49936080 -1.72793221 2.19439212 -0.84303171 -0.01603755 -0.55107217 0.82689998 0.11089942
1779472256.50968480 -1.72841002 2.19641790 -0.83711532 -0.01563688 -0.55232165 0.82600274 0.11142599
1779472256.52003741 -1.72575528 2.19787627 -0.84089264 -0.01478344 -0.55039672 0.82692123 0.11421988
1779472256.53030825 -1.72450711 2.20280450 -0.83166140 -0.01322133 -0.55064011 0.82638200 0.11710449
1779472256.54057312 -1.72294510 2.20558382 -0.82901891 -0.01250580 -0.55054562 0.82617225 0.11909048
1779472256.55084443 -1.72263450 2.20792905 -0.82471537 -0.01157162 -0.55059377 0.82590864 0.12077878
1779472256.56113100 -1.72606449 2.20879684 -0.81682631 -0.00942303 -0.55059383 0.82563405 0.12282527
1779472256.57138562 -1.72587638 2.21263674 -0.80827699 -0.00759963 -0.55056345 0.82524239 0.12568662
1779472256.58162570 -1.72627640 2.21407739 -0.80579484 -0.00672687 -0.55044605 0.82511034 0.12710945
1779472256.59195495 -1.72610113 2.21791324 -0.79753612 -0.00531708 -0.55095280 0.82442474 0.12940862
1779472256.60220623 -1.72965000 2.21859485 -0.78920707 -0.00333695 -0.55114704 0.82404961 0.13102689
1779472256.61248779 -1.72946165 2.22204096 -0.78209276 -0.00194499 -0.55140257 0.82350993 0.13335221
1779472256.62287498 -1.73153089 2.22390674 -0.77491834 -0.00020584 -0.55157517 0.82306518 0.13538279
1779472256.63322425 -1.72897696 2.22828951 -0.77033007 0.00025272 -0.55199302 0.82248195 0.13721183
1779472256.64347959 -1.73248039 2.22971966 -0.76088093 0.00256899 -0.55223609 0.82191383 0.13959353
1779472256.65379858 -1.73197176 2.23242036 -0.75609786 0.00334328 -0.55261067 0.82139618 0.14113322
1779472256.66404104 -1.73746680 2.23141691 -0.74889463 0.00560368 -0.55261034 0.82112053 0.14265862
1779472256.67429972 -1.74203647 2.23199235 -0.73875783 0.00811729 -0.55272321 0.82065162 0.14478286
1779472256.68457198 -1.74342421 2.23373453 -0.73207088 0.00928161 -0.55327883 0.82002375 0.14614182
1779472256.69491863 -1.74288200 2.23733005 -0.72589059 0.01056335 -0.55333274 0.81953250 0.14858594
1779472256.70518875 -1.74694812 2.23749988 -0.71862183 0.01250968 -0.55345934 0.81911633 0.15024882
1779472256.71553445 -1.74890279 2.23832444 -0.71353611 0.01398243 -0.55325410 0.81891553 0.15195966
1779472256.71571040 -1.74948702 2.23968664 -0.70833446 0.01473149 -0.55361056 0.81851424 0.15275067
1779472256.72586203 -1.75629834 2.23704469 -0.70247658 0.01680621 -0.55355391 0.81836158 0.15355762
1779472256.73614883 -1.75766609 2.23959579 -0.69383593 0.01861161 -0.55367594 0.81778572 0.15595859
1779472256.74641013 -1.75981192 2.24136252 -0.68681419 0.02061846 -0.55323081 0.81754410 0.15853139
1779472256.75668502 -1.76148165 2.24313880 -0.67922961 0.02210448 -0.55348206 0.81699708 0.16026466
1779472256.76698375 -1.76330857 2.24642771 -0.66727981 0.02428326 -0.55386430 0.81614719 0.16293684
1779472256.77728391 -1.76708380 2.24794878 -0.65611268 0.02701728 -0.55357163 0.81569628 0.16573498
1779472256.78763938 -1.76875027 2.24988713 -0.64867933 0.02876460 -0.55334106 0.81534950 0.16790312
1779472256.78779435 -1.76993740 2.25070467 -0.64351274 0.02974452 -0.55343044 0.81506707 0.16880663
1779472256.79796052 -1.77042614 2.25363501 -0.63583974 0.03114935 -0.55355908 0.81449175 0.17089547
1779472256.80827498 -1.77376237 2.25671527 -0.62032878 0.03438691 -0.55344005 0.81371971 0.17430399
1779472256.81856513 -1.77703283 2.25905711 -0.60758481 0.03714079 -0.55333975 0.81304085 0.17720119
1779472256.82880139 -1.77944600 2.26104773 -0.59814357 0.03949436 -0.55278277 0.81273894 0.17979663
1779472256.83909392 -1.78405759 2.26256940 -0.58482898 0.04230373 -0.55294877 0.81193539 0.18226074
1779472256.84942484 -1.78218282 2.26845501 -0.57462249 0.04461126 -0.55193932 0.81153690 0.18649580
1779472256.85972619 -1.78543768 2.27070500 -0.56080248 0.04726820 -0.55210441 0.81071588 0.18890792
1779472256.86996102 -1.78688116 2.27443882 -0.54961846 0.04990486 -0.55138755 0.81023094 0.19237229
1779472256.88020253 -1.78935457 2.27759058 -0.53737104 0.05288073 -0.55060374 0.80974359 0.19584296
1779472256.89055991 -1.79278665 2.27922188 -0.52611505 0.05547693 -0.55024688 0.80923172 0.19822891
1779472256.90092087 -1.79716210 2.28130535 -0.51167436 0.05860376 -0.55006135 0.80843789 0.20106288
1779472256.91121387 -1.79634719 2.28641093 -0.50305906 0.06078840 -0.54899138 0.80806947 0.20478515
1779472256.92151356 -1.80115468 2.28846772 -0.48698938 0.06420077 -0.54883321 0.80717230 0.20768544
1779472256.93182683 -1.80161120 2.29163781 -0.47841661 0.06604934 -0.54836953 0.80668371 0.21021354
1779472256.94213796 -1.80443229 2.29413281 -0.46783008 0.06900093 -0.54718031 0.80636572 0.21355775
1779472256.95245552 -1.80707734 2.29691977 -0.45501446 0.07164114 -0.54693898 0.80555334 0.21635416
1779472256.96271586 -1.81132186 2.29839306 -0.44210487 0.07489402 -0.54599005 0.80506268 0.21945349
1779472256.97305632 -1.81228987 2.30083886 -0.43550636 0.07673775 -0.54506251 0.80483809 0.22193202
1779472256.98338342 -1.81394666 2.30387376 -0.42447783 0.07930773 -0.54423480 0.80427165 0.22509082
1779472256.99372506 -1.81533375 2.30549869 -0.42000483 0.08072715 -0.54344137 0.80411578 0.22705156
1779472256.99394727 -1.81629830 2.30572136 -0.41821549 0.08126086 -0.54323806 0.80404180 0.22760902
1779472257.00404692 -1.81824685 2.30673985 -0.41443830 0.08283602 -0.54211926 0.80405951 0.22963714
1779472257.01437569 -1.82225129 2.30749294 -0.40605610 0.08525328 -0.54119378 0.80374708 0.23201683
1779472257.02465439 -1.82279890 2.31050756 -0.40055943 0.08679563 -0.54031303 0.80341959 0.23461740
1779472257.03492117 -1.82399682 2.31176908 -0.39906474 0.08783646 -0.53930113 0.80347285 0.23636925
1779472257.03511715 -1.82290462 2.31351837 -0.39721203 0.08791134 -0.53949105 0.80315976 0.23697132
1779472257.04527259 -1.82682303 2.31303304 -0.39353093 0.08940245 -0.53877113 0.80309973 0.23825133
1779472257.05560780 -1.82603514 2.31698916 -0.38848689 0.09057941 -0.53815619 0.80262473 0.24078376
1779472257.06590676 -1.82871329 2.31812095 -0.38560044 0.09205491 -0.53706198 0.80257827 0.24281360
1779472257.07628870 -1.83002675 2.31954916 -0.38290600 0.09291819 -0.53665871 0.80233649 0.24417165
1779472257.08663416 -1.83362668 2.31933375 -0.38426583 0.09382701 -0.53556549 0.80256668 0.24546449
1779472257.09702063 -1.83485790 2.32111723 -0.38456265 0.09434254 -0.53498864 0.80244516 0.24691781
1779472257.10743117 -1.83557998 2.32446952 -0.37513324 0.09558406 -0.53569566 0.80131044 0.24858687
1779472257.11774516 -1.83694211 2.32594801 -0.37223037 0.09632942 -0.53560298 0.80093751 0.24969822
1779472257.12800622 -1.84068486 2.32551181 -0.37408978 0.09685620 -0.53507110 0.80100325 0.25042283
1779472257.13828301 -1.84278157 2.32707600 -0.36945383 0.09771007 -0.53545850 0.80030730 0.25148592
1779472257.14855933 -1.84479095 2.32750833 -0.36818356 0.09811807 -0.53562422 0.79997944 0.25201673
1779472257.15892148 -1.84693075 2.32857181 -0.36501367 0.09876959 -0.53595925 0.79939924 0.25288950
1779472257.16932106 -1.85122926 2.32681603 -0.37037333 0.09871118 -0.53562346 0.79963606 0.25287503
1779472257.17963672 -1.85268695 2.32850623 -0.36513600 0.09969558 -0.53585229 0.79895236 0.25416185
1779472257.18990707 -1.85618262 2.32700512 -0.36849478 0.09985307 -0.53549211 0.79915212 0.25423111
1779472257.20016313 -1.85887443 2.32769179 -0.36238543 0.10089715 -0.53610802 0.79834054 0.25506929
1779472257.21041226 -1.86418283 2.32605441 -0.35844703 0.10198086 -0.53653523 0.79784975 0.25527559
1779472257.22065759 -1.86724965 2.32493914 -0.36141278 0.10220464 -0.53608942 0.79803598 0.25554046
1779472257.23095179 -1.87165817 2.32403841 -0.35630555 0.10308538 -0.53705601 0.79725110 0.25560698
1779472257.24120235 -1.87471285 2.32392499 -0.35538287 0.10360537 -0.53728855 0.79688732 0.25604207
1779472257.25151014 -1.87197626 2.32746950 -0.35590584 0.10171404 -0.54000069 0.79559568 0.25510982
1779472257.25175810 -1.87076915 2.32876748 -0.35759751 0.10128284 -0.54016176 0.79548576 0.25528312
1779472257.26186872 -1.87158854 2.33002617 -0.35656702 0.10159205 -0.54037134 0.79511381 0.25587477
1779472257.27216077 -1.87338873 2.33112238 -0.35430455 0.10190554 -0.54119410 0.79440491 0.25621287
1779472257.28243327 -1.87605776 2.33174127 -0.35171841 0.10208601 -0.54247649 0.79356214 0.25604068
1779472257.29277349 -1.87707953 2.33257269 -0.35284737 0.10177585 -0.54322833 0.79313296 0.25589991
1779472257.30308914 -1.88197705 2.33094741 -0.35571867 0.10166018 -0.54399894 0.79288199 0.25508528
1779472257.31340361 -1.88244736 2.33374242 -0.34843275 0.10182425 -0.54622065 0.79133299 0.25508219
1779472257.32368445 -1.88570688 2.33286968 -0.34985477 0.10166766 -0.54705782 0.79099362 0.25440229
1779472257.33404398 -1.88738316 2.33403171 -0.34892379 0.10148812 -0.54843284 0.79016410 0.25409107
1779472257.34433365 -1.89122338 2.33342826 -0.34700816 0.10147070 -0.55014162 0.78926880 0.25318503
1779472257.35477400 -1.89568269 2.33171039 -0.35038007 0.10111174 -0.55117374 0.78895051 0.25207344
1779472257.36510658 -1.89899729 2.33048000 -0.34990988 0.10126556 -0.55200209 0.78853307 0.25150463
1779472257.37541246 -1.90166945 2.33016260 -0.35155789 0.10079986 -0.55332651 0.78794166 0.25063339
1779472257.38570666 -1.90667380 2.32774695 -0.35292934 0.10081149 -0.55431311 0.78757192 0.24960867
1779472257.39606214 -1.91009538 2.32542717 -0.35979220 0.10021522 -0.55451941 0.78781490 0.24862183
1779472257.39624906 -1.91172328 2.32459818 -0.35959967 0.10041176 -0.55464270 0.78775406 0.24846023
1779472257.40646410 -1.91409439 2.32378191 -0.35877006 0.10035738 -0.55572718 0.78719679 0.24782435
1779472257.41681552 -1.91974387 2.32030878 -0.36162894 0.10050351 -0.55620114 0.78714871 0.24685269
1779472257.42708230 -1.92584006 2.31618901 -0.36515111 0.10055889 -0.55675089 0.78713215 0.24564067
1779472257.43737054 -1.93063893 2.31264626 -0.36856743 0.10060221 -0.55703822 0.78722664 0.24466677
1779472257.44773459 -1.93787555 2.30765310 -0.36966242 0.10083375 -0.55812226 0.78692693 0.24305986
1779472257.45808959 -1.94399347 2.30316212 -0.37317435 0.10095605 -0.55860980 0.78693960 0.24184505
1779472257.46842170 -1.95007808 2.29807152 -0.38185265 0.10052605 -0.55871241 0.78738316 0.24033873
1779472257.47874331 -1.95188837 2.29695962 -0.38548603 0.10003652 -0.55929098 0.78723783 0.23967246
1779472257.48904800 -1.95676039 2.29344082 -0.38819949 0.09994200 -0.56015325 0.78700247 0.23846813
1779472257.49933982 -1.95931278 2.29205272 -0.38893485 0.09957347 -0.56155001 0.78634779 0.23749498
1779472257.50962734 -1.96211180 2.29026720 -0.39170058 0.09925314 -0.56240766 0.78602116 0.23667947
1779472257.51995754 -1.96697781 2.28585598 -0.39975511 0.09890068 -0.56222759 0.78655310 0.23548461
1779472257.53025746 -1.96864513 2.28528520 -0.40100070 0.09841170 -0.56358074 0.78588909 0.23467045
1779472257.54055357 -1.97337020 2.28168794 -0.40472560 0.09841356 -0.56404151 0.78585118 0.23368755
1779472257.55084968 -1.97556652 2.28019821 -0.40733956 0.09811689 -0.56471976 0.78561680 0.23296120
1779472257.56131434 -1.97791839 2.27965272 -0.40415091 0.09815105 -0.56648813 0.78456516 0.23219619
1779472257.57163119 -1.98169982 2.27704296 -0.40719921 0.09807846 -0.56711633 0.78437305 0.23134089
1779472257.58192325 -1.98230109 2.27707744 -0.40921754 0.09757278 -0.56802056 0.78394000 0.23080354
1779472257.59223819 -1.98371336 2.27659410 -0.41174137 0.09724689 -0.56879042 0.78355996 0.23033518
1779472257.60249257 -1.98448535 2.27670131 -0.41329981 0.09673951 -0.56999822 0.78292467 0.22972257
1779472257.61280870 -1.98717725 2.27526509 -0.41333048 0.09640343 -0.57168308 0.78208061 0.22854924
1779472257.62302256 -1.98977851 2.27542972 -0.40231893 0.09711373 -0.57421943 0.78034330 0.22782736
1779472257.63331509 -1.98805028 2.27611501 -0.41421893 0.09607429 -0.57327012 0.78105317 0.22822587
1779472257.64358783 -1.99021646 2.27473798 -0.41685765 0.09592377 -0.57388238 0.78078208 0.22767739
1779472257.65390062 -1.99338539 2.27212112 -0.42101956 0.09592078 -0.57388524 0.78095472 0.22707856
1779472257.66415906 -1.99586445 2.27123717 -0.41713823 0.09626849 -0.57540392 0.77995258 0.22653186
1779472257.67441511 -2.00077748 2.26927414 -0.40700834 0.09724523 -0.57787987 0.77830420 0.22547902
1779472257.68474436 -2.00011624 2.26868003 -0.41939069 0.09657332 -0.57618612 0.77949353 0.22599333
1779472257.69505191 -2.00413564 2.26516560 -0.42437422 0.09650097 -0.57644722 0.77958183 0.22505185
1779472257.70533562 -2.00795643 2.26281565 -0.42089569 0.09703148 -0.57783692 0.77870449 0.22429603
1779472257.71568441 -2.01084814 2.26001544 -0.42681248 0.09699646 -0.57754171 0.77903705 0.22391635
1779472257.72604823 -2.01011058 2.26157664 -0.42236806 0.09718933 -0.57852119 0.77822885 0.22411453
1779472257.73635864 -2.01394669 2.25654031 -0.43802338 0.09670957 -0.57688756 0.77964366 0.22361520
1779472257.74665332 -2.01605406 2.25468206 -0.44127601 0.09660717 -0.57729954 0.77949514 0.22311348
1779472257.75700545 -2.01703960 2.25399871 -0.44152822 0.09658727 -0.57794628 0.77910236 0.22281947
1779472257.75718570 -2.01796360 2.25297107 -0.44353768 0.09656429 -0.57781596 0.77924746 0.22265996
1779472257.76730800 -2.01879372 2.25132787 -0.45160370 0.09585934 -0.57764175 0.77962111 0.22210790
1779472257.77760363 -2.02168269 2.24884504 -0.45326516 0.09618479 -0.57786773 0.77950102 0.22180066
1779472257.78792119 -2.02566747 2.24369189 -0.46527081 0.09581312 -0.57688224 0.78050876 0.22098145
1779472257.79822516 -2.02630701 2.24307722 -0.46777976 0.09551273 -0.57738430 0.78028280 0.22059792
1779472257.80855894 -2.02876744 2.24026792 -0.47130240 0.09557720 -0.57755954 0.78027170 0.22015006
1779472257.81893325 -2.02984796 2.23727921 -0.48418884 0.09477626 -0.57656381 0.78121699 0.21975361
1779472257.82918620 -2.03131090 2.23492607 -0.49014511 0.09454210 -0.57627024 0.78155648 0.21941712
1779472257.83945560 -2.03280082 2.23255000 -0.49566706 0.09429080 -0.57630604 0.78167979 0.21899154
1779472257.84972095 -2.03256997 2.23244191 -0.49771009 0.09415738 -0.57666854 0.78139471 0.21911205
1779472257.85997677 -2.03262786 2.23122316 -0.50403217 0.09367530 -0.57643887 0.78167204 0.21893377
1779472257.86013055 -2.03422887 2.22904577 -0.50818333 0.09353085 -0.57614897 0.78203146 0.21847457
1779472257.87025261 -2.03555269 2.22697169 -0.51205355 0.09349467 -0.57604114 0.78217411 0.21826364
1779472257.88050580 -2.03514928 2.22582334 -0.51957186 0.09293160 -0.57576578 0.78245457 0.21822541
1779472257.89076090 -2.03658028 2.22254901 -0.52824393 0.09251528 -0.57532547 0.78295129 0.21778155
1779472257.90104008 -2.03985105 2.21875868 -0.53167794 0.09292973 -0.57496653 0.78325517 0.21746011
1779472257.91138959 -2.03930236 2.21811029 -0.53681349 0.09260038 -0.57490711 0.78330745 0.21756936
1779472257.92171788 -2.04183379 2.21447578 -0.54203273 0.09277654 -0.57461402 0.78358835 0.21725688
1779472257.93210506 -2.04356146 2.21211386 -0.54640472 0.09291257 -0.57425511 0.78386667 0.21714364
1779472257.93228817 -2.04274419 2.21269139 -0.54694010 0.09280071 -0.57437464 0.78375805 0.21726739
1779472257.94240117 -2.04304194 2.21186947 -0.54958497 0.09277197 -0.57449711 0.78368834 0.21720731
1779472257.95272160 -2.04440867 2.20990156 -0.55267195 0.09311480 -0.57425741 0.78377868 0.21736844
1779472257.96302128 -2.05452067 2.20041504 -0.55451630 0.09540697 -0.57263973 0.78471021 0.21728121
1779472257.97341204 -2.06149976 2.19381518 -0.55530040 0.09707091 -0.57159193 0.78530046 0.21717065
1779472257.98369288 -2.06263766 2.19174374 -0.56028272 0.09700907 -0.57163798 0.78536233 0.21685312
1779472257.99396372 -2.06637153 2.18770844 -0.56472781 0.09772129 -0.57092901 0.78580678 0.21679095
1779472258.00430942 -2.06622312 2.18705079 -0.56936293 0.09744130 -0.57100216 0.78584127 0.21659922
1779472258.00448704 -2.06737999 2.18599096 -0.56948496 0.09779686 -0.57081433 0.78590904 0.21668814
1779472258.01463175 -2.06985150 2.18304287 -0.57360221 0.09816916 -0.57038165 0.78622881 0.21649906
1779472258.02490258 -2.07165855 2.18160208 -0.57529208 0.09870311 -0.57042663 0.78611471 0.21655210
1779472258.03515935 -2.07307662 2.17951697 -0.58103513 0.09872222 -0.57034891 0.78626325 0.21620859
1779472258.04550672 -2.07601299 2.17751452 -0.57927589 0.09974921 -0.57038283 0.78607021 0.21634961
1779472258.05588269 -2.07899442 2.17441460 -0.58304387 0.10045773 -0.56983845 0.78636386 0.21638915
1779472258.06623888 -2.08146275 2.17260425 -0.58320178 0.10144919 -0.56960612 0.78630777 0.21674182
1779472258.07659125 -2.08473555 2.16879031 -0.58802919 0.10202947 -0.56878220 0.78685666 0.21664118
1779472258.07677960 -2.08591814 2.16764138 -0.58858879 0.10229943 -0.56867071 0.78691596 0.21659115
1779472258.08691072 -2.08987665 2.16290791 -0.59369088 0.10300125 -0.56771476 0.78756208 0.21641782
1779472258.09724164 -2.09377767 2.15958740 -0.59355756 0.10428612 -0.56729331 0.78762884 0.21666453
1779472258.10749912 -2.09974618 2.15444016 -0.59276095 0.10617070 -0.56627118 0.78798586 0.21712443
1779472258.11775517 -2.10366054 2.15075741 -0.59344270 0.10728439 -0.56563808 0.78824651 0.21728107
1779472258.12799096 -2.10682462 2.14692908 -0.59764141 0.10814238 -0.56464612 0.78875705 0.21758286
1779472258.13823843 -2.10952089 2.14450388 -0.59784212 0.10925736 -0.56413266 0.78882471 0.21811175
1779472258.14849830 -2.11226878 2.14215401 -0.59744660 0.11035473 -0.56349482 0.78897137 0.21867692
1779472258.15881395 -2.10447131 2.14722786 -0.60746967 0.10717026 -0.56653745 0.78777237 0.21671307
1779472258.16903043 -2.10114376 2.15032618 -0.60783496 0.10734527 -0.56641197 0.78743332 0.21818166
1779472258.17932916 -2.10203860 2.14871988 -0.61064067 0.10767349 -0.56605961 0.78757529 0.21842182
1779472258.17948604 -2.10327156 2.14788289 -0.60933686 0.10814023 -0.56606249 0.78748034 0.21852611
1779472258.18959999 -2.10495390 2.14619863 -0.60957973 0.10892890 -0.56560137 0.78755815 0.21904734
1779472258.19998169 -2.10577254 2.14568387 -0.60829870 0.10976994 -0.56559316 0.78725449 0.21973918
1779472258.21028423 -2.10819470 2.14352985 -0.60694721 0.11093697 -0.56534650 0.78710562 0.22032035
1779472258.22056770 -2.11112623 2.14105082 -0.60562949 0.11194798 -0.56519271 0.78701259 0.22053581
1779472258.23090577 -2.11762633 2.13548048 -0.60177612 0.11374957 -0.56540374 0.78671045 0.22015065
1779472258.24120283 -2.12536453 2.12966488 -0.59427982 0.11625534 -0.56546877 0.78629182 0.22017026
1779472258.25149393 -2.12707511 2.12868255 -0.59087283 0.11745398 -0.56521132 0.78605770 0.22102943
1779472258.25167680 -2.12646094 2.12912455 -0.59134290 0.11749015 -0.56511334 0.78603329 0.22134735
1779472258.26178241 -2.12519511 2.12990731 -0.59272710 0.11777209 -0.56461237 0.78605693 0.22238954
1779472258.27205062 -2.12951568 2.12627618 -0.58895112 0.11955252 -0.56417360 0.78591867 0.22304079
1779472258.28235292 -2.13127825 2.12499462 -0.58651529 0.12063480 -0.56388259 0.78575792 0.22375916
1779472258.29264927 -2.13507317 2.12200363 -0.58233521 0.12234717 -0.56353068 0.78553342 0.22450299
1779472258.30300999 -2.13965287 2.11862632 -0.57708777 0.12449438 -0.56260343 0.78549827 0.22576758
1779472258.31330872 -2.13846384 2.11915004 -0.57848393 0.12473223 -0.56254848 0.78528315 0.22652032
1779472258.32360029 -2.14161601 2.11742922 -0.57219768 0.12631025 -0.56259561 0.78481241 0.22715939
1779472258.33396339 -2.14317788 2.11724606 -0.56525152 0.12793179 -0.56256217 0.78419488 0.22846367
1779472258.34426045 -2.14095943 2.11858497 -0.56794112 0.12775260 -0.56269847 0.78393548 0.22911758
1779472258.35460782 -2.14406497 2.11751822 -0.55897846 0.13004690 -0.56204065 0.78349188 0.23095147
1779472258.36496115 -2.14292010 2.11797342 -0.56074684 0.13000881 -0.56211769 0.78331882 0.23137207
1779472258.37529659 -2.14421155 2.11830476 -0.55267201 0.13150310 -0.56266636 0.78238939 0.23233671
1779472258.38558936 -2.14132441 2.12130638 -0.55140670 0.13179619 -0.56256468 0.78195022 0.23389015
1779472258.39588141 -2.13975055 2.12321968 -0.54857179 0.13220350 -0.56284599 0.78139651 0.23483211
1779472258.40617085 -2.13945598 2.12429673 -0.54406877 0.13326962 -0.56263314 0.78091177 0.23634714
1779472258.41647577 -2.13843999 2.12601037 -0.53989054 0.13403987 -0.56281429 0.78026198 0.23762288
1779472258.42679381 -2.13601617 2.12834893 -0.53914384 0.13412376 -0.56284250 0.77989843 0.23869975
1779472258.43717694 -2.13434451 2.13058893 -0.53530810 0.13470937 -0.56311521 0.77921269 0.23996297
1779472258.44755721 -2.13312225 2.13133339 -0.53547909 0.13505153 -0.56278634 0.77903548 0.24111479
1779472258.45793486 -2.13183625 2.13301311 -0.53275399 0.13553791 -0.56299969 0.77845759 0.24220779
1779472258.46819544 -2.13111465 2.13353116 -0.53266857 0.13594213 -0.56247854 0.77842261 0.24330199
1779472258.46837640 -2.13088026 2.13349035 -0.53396309 0.13593917 -0.56221208 0.77852822 0.24358146
1779472258.47854948 -2.13087430 2.13382393 -0.53154229 0.13634820 -0.56268743 0.77799458 0.24395997
1779472258.48886824 -2.13064516 2.13474725 -0.52808274 0.13730883 -0.56229221 0.77764416 0.24544514
1779472258.49920678 -2.12983382 2.13581850 -0.52705601 0.13762758 -0.56251381 0.77718738 0.24620446
1779472258.50952315 -2.12940422 2.13681924 -0.52467603 0.13818834 -0.56247059 0.77682450 0.24713259
1779472258.51988602 -2.13197004 2.13528434 -0.52168918 0.13921704 -0.56260681 0.77641983 0.24751655
1779472258.53022480 -2.12913420 2.13893051 -0.51978661 0.13954811 -0.56248878 0.77591993 0.24916049
1779472258.54069209 -2.12912182 2.14037950 -0.51580230 0.14030375 -0.56282421 0.77524891 0.25006578
1779472258.55102611 -2.12975437 2.14125073 -0.51212211 0.14103198 -0.56317859 0.77467280 0.25064300
1779472258.56134772 -2.13045555 2.14219037 -0.50914790 0.14184090 -0.56335260 0.77413827 0.25144572
1779472258.57166076 -2.12702623 2.14730947 -0.50626052 0.14207635 -0.56363575 0.77336625 0.25304880
1779472258.58195829 -2.12883166 2.14698585 -0.50420603 0.14280869 -0.56379941 0.77300942 0.25336207
1779472258.59227920 -2.12631073 2.15150610 -0.50070413 0.14299736 -0.56471187 0.77199628 0.25431082
1779472258.60254836 -2.12590144 2.15476274 -0.49375297 0.14410506 -0.56511203 0.77103857 0.25569835
1779472258.61289930 -2.12494283 2.15812419 -0.48939905 0.14458371 -0.56604797 0.77001862 0.25643045
1779472258.62318635 -2.12301338 2.16180824 -0.48593563 0.14492722 -0.56648660 0.76928346 0.25747231
1779472258.63342023 -2.12045028 2.16557610 -0.48786494 0.14460956 -0.56679063 0.76883619 0.25831640
1779472258.64367294 -2.11913040 2.16920171 -0.48390424 0.14508736 -0.56741377 0.76794260 0.25933653
1779472258.65397811 -2.12133478 2.16874325 -0.48097685 0.14601818 -0.56740264 0.76760603 0.25983440
1779472258.66430521 -2.11804366 2.17373389 -0.47887766 0.14593717 -0.56818745 0.76667791 0.26090294
1779472258.67455268 -2.11951245 2.17366347 -0.47929616 0.14641631 -0.56812637 0.76646416 0.26139506
1779472258.68481398 -2.11719204 2.17638479 -0.48290211 0.14606717 -0.56769924 0.76649433 0.26242790
1779472258.69509482 -2.11711519 2.17851121 -0.47844653 0.14674755 -0.56824089 0.76566166 0.26330528
1779472258.70545506 -2.11449753 2.18259214 -0.47683659 0.14680267 -0.56862253 0.76494022 0.26454462
1779472258.71576571 -2.11200185 2.18525734 -0.48236890 0.14614951 -0.56841504 0.76492193 0.26540366
1779472258.72601819 -2.11294568 2.18613574 -0.47829862 0.14686788 -0.56880328 0.76429099 0.26599236
1779472258.73637390 -2.11080691 2.18927580 -0.47913243 0.14676501 -0.56890063 0.76385356 0.26709519
1779472258.74669671 -2.10796842 2.19280668 -0.48137938 0.14637879 -0.56902882 0.76345851 0.26816144
1779472258.75692916 -2.10653488 2.19545343 -0.47960289 0.14653075 -0.56934731 0.76288250 0.26904028
1779472258.76727319 -2.10468665 2.19882578 -0.47815039 0.14666227 -0.56965739 0.76221211 0.27020980
1779472258.77754021 -2.10245277 2.20184808 -0.47942139 0.14643816 -0.56987823 0.76173312 0.27121455
1779472258.78782940 -2.09933648 2.20594614 -0.47935976 0.14630909 -0.57003640 0.76114724 0.27259314
1779472258.79815078 -2.09916930 2.20680658 -0.48089119 0.14628083 -0.57012870 0.76091556 0.27306172
1779472258.80841732 -2.09627936 2.21099439 -0.47916620 0.14623613 -0.57072320 0.76005555 0.27423637
1779472258.81863451 -2.09392641 2.21441202 -0.48036837 0.14609805 -0.57072364 0.75962072 0.27551088
1779472258.82888198 -2.09256964 2.21802953 -0.47191985 0.14683713 -0.57188479 0.75826920 0.27643168
1779472258.83923769 -2.09159491 2.22079635 -0.46989419 0.14720104 -0.57212315 0.75758288 0.27762408
1779472258.84960318 -2.09176554 2.22384244 -0.45950295 0.14850018 -0.57323740 0.75606894 0.27875857
1779472258.85996509 -2.08989532 2.22796640 -0.45457758 0.14908529 -0.57363833 0.75507937 0.28029947
1779472258.87026238 -2.08750988 2.23160390 -0.45241372 0.14914690 -0.57410274 0.75432336 0.28134946
1779472258.88056731 -2.08621710 2.23581725 -0.44387017 0.15023560 -0.57461342 0.75306376 0.28309656
1779472258.89097261 -2.08490608 2.24005763 -0.43590337 0.15118264 -0.57526482 0.75178838 0.28465493
1779472258.90137768 -2.08457717 2.24280615 -0.42813069 0.15236326 -0.57535496 0.75087337 0.28625390
1779472258.91164470 -2.08263278 2.24713616 -0.42161437 0.15317649 -0.57565104 0.74978758 0.28806495
1779472258.92191124 -2.08023659 2.25240247 -0.41275974 0.15425853 -0.57588123 0.74853446 0.29027793
1779472258.93215203 -2.08118343 2.25410189 -0.40339795 0.15565594 -0.57630539 0.74745560 0.29146775
1779472258.93231511 -2.08020934 2.25521203 -0.40468437 0.15560749 -0.57587278 0.74753992 0.29213167
1779472258.94248295 -2.07850877 2.25896806 -0.39779044 0.15645317 -0.57604211 0.74658947 0.29377212
1779472258.95279455 -2.07817701 2.26151674 -0.39279058 0.15754015 -0.57553134 0.74597521 0.29574611
1779472258.96301150 -2.07904016 2.26382791 -0.38226987 0.15944742 -0.57509511 0.74500777 0.29800261
1779472258.97334290 -2.07892518 2.26551718 -0.37877122 0.16025695 -0.57468825 0.74457577 0.29942955
1779472258.98366499 -2.07946459 2.26790428 -0.36850274 0.16209916 -0.57421275 0.74363063 0.30169035
1779472258.99396610 -2.08024301 2.26950180 -0.36241514 0.16347529 -0.57356911 0.74304065 0.30361965
1779472259.00426745 -2.08207244 2.26997408 -0.35445008 0.16513246 -0.57297019 0.74246495 0.30525765
1779472259.01451039 -2.08219869 2.27265785 -0.34424683 0.16691211 -0.57247817 0.74148975 0.30757444
1779472259.02480149 -2.08469361 2.27295655 -0.33641089 0.16872771 -0.57176568 0.74088960 0.30935025
1779472259.03509855 -2.08598601 2.27461203 -0.32529362 0.17083718 -0.57105494 0.73998057 0.31167239
1779472259.04547048 -2.08983342 2.27316782 -0.31816878 0.17274247 -0.57007329 0.73968986 0.31310605
1779472259.05575871 -2.08924801 2.27593416 -0.31307915 0.17385989 -0.56930926 0.73912107 0.31521382
1779472259.06610012 -2.09192222 2.27646167 -0.30105937 0.17631354 -0.56841020 0.73826767 0.31746533
1779472259.07633233 -2.09498492 2.27564983 -0.29622560 0.17776465 -0.56762729 0.73801860 0.31863386
1779472259.08664083 -2.09702049 2.27739059 -0.27976777 0.18057554 -0.56719719 0.73663177 0.32101939
1779472259.09690475 -2.09786985 2.27949706 -0.27055368 0.18234588 -0.56658319 0.73576363 0.32308722
1779472259.10721850 -2.09847536 2.28214312 -0.25839575 0.18457373 -0.56570751 0.73473881 0.32567841
1779472259.11749125 -2.10054505 2.28258725 -0.24886653 0.18662226 -0.56464328 0.73416298 0.32765044
1779472259.12779689 -2.10416680 2.28260683 -0.23859349 0.18900461 -0.56357625 0.73350545 0.32958886
1779472259.13803864 -2.10393270 2.28611080 -0.22893762 0.19091328 -0.56243892 0.73266880 0.33228152
1779472259.14837861 -2.10616535 2.28704776 -0.21337877 0.19373349 -0.56158681 0.73155841 0.33452934
1779472259.15873075 -2.10778508 2.28912484 -0.20160994 0.19600146 -0.56075388 0.73056029 0.33677912
1779472259.16899300 -2.10615689 2.29403197 -0.19190099 0.19788917 -0.55932103 0.72969754 0.33991376
1779472259.17927480 -2.10995500 2.29362177 -0.17824283 0.20061232 -0.55842206 0.72882058 0.34167245
1779472259.17945576 -2.11106972 2.29356455 -0.17467436 0.20147198 -0.55782402 0.72868626 0.34242917
1779472259.18956470 -2.10661061 2.30005296 -0.16831349 0.20227659 -0.55708793 0.72778866 0.34505201
1779472259.19991398 -2.10940400 2.30112573 -0.15393557 0.20526576 -0.55551951 0.72686742 0.34774674
1779472259.21025753 -2.10658639 2.30625911 -0.14578812 0.20655402 -0.55452100 0.72600701 0.35036512
1779472259.21043110 -2.10771984 2.30604300 -0.14301477 0.20731733 -0.55390044 0.72593396 0.35104660
1779472259.22056055 -2.10751502 2.30873487 -0.13615585 0.20887715 -0.55237437 0.72548806 0.35344019
1779472259.23085189 -2.10626919 2.31301800 -0.12332238 0.21114277 -0.55096587 0.72436859 0.35657465
1779472259.24111795 -2.10441762 2.31777682 -0.11725703 0.21256485 -0.54901397 0.72387516 0.35972852
1779472259.25138283 -2.10206872 2.32206170 -0.11220605 0.21364125 -0.54751261 0.72339902 0.36232749
1779472259.26168966 -2.10139168 2.32556352 -0.10157157 0.21570498 -0.54582236 0.72255244 0.36533175
1779472259.27196217 -2.09933351 2.33002017 -0.09925565 0.21673593 -0.54342921 0.72242437 0.36852852
1779472259.28219485 -2.09762305 2.33355469 -0.09224637 0.21802097 -0.54218852 0.72176437 0.37088361
1779472259.28234839 -2.09737471 2.33445140 -0.09002522 0.21850871 -0.54164450 0.72160218 0.37170617
1779472259.29250288 -2.09605025 2.33750332 -0.08647881 0.21946441 -0.54004572 0.72131939 0.37401113
1779472259.30281830 -2.09334044 2.34245875 -0.08117942 0.22069293 -0.53799982 0.72080495 0.37721486
1779472259.31315112 -2.09225820 2.34573366 -0.07455800 0.22198111 -0.53680288 0.72006819 0.37956403
1779472259.32349062 -2.09237048 2.34733143 -0.07023928 0.22329258 -0.53494903 0.71986526 0.38179047
1779472259.33376575 -2.09055285 2.35125764 -0.06105695 0.22490523 -0.53363748 0.71889696 0.38449427
1779472259.34404588 -2.08787802 2.35566799 -0.05545283 0.22592590 -0.53241445 0.71810907 0.38705517
1779472259.35433745 -2.08778020 2.35716177 -0.05017703 0.22704787 -0.53144479 0.71758916 0.38869204
1779472259.36456347 -2.08572701 2.36097866 -0.03995398 0.22870983 -0.53042486 0.71643180 0.39123746
1779472259.37486815 -2.08560188 2.36311079 -0.02759524 0.23084852 -0.52941907 0.71524406 0.39351029
1779472259.38509750 -2.08442807 2.36535167 -0.02163714 0.23199844 -0.52846678 0.71456253 0.39534792
1779472259.38524961 -2.08340661 2.36665576 -0.01928869 0.23227866 -0.52839292 0.71421004 0.39591864
1779472259.39535165 -2.08255977 2.36881464 -0.01342702 0.23329937 -0.52778234 0.71349039 0.39742756
1779472259.40563869 -2.08002968 2.37234951 -0.00428072 0.23471394 -0.52715039 0.71227176 0.39961327
1779472259.41587877 -2.07996312 2.37383244 0.00858408 0.23717036 -0.52554713 0.71118857 0.40219554
1779472259.42617965 -2.07806705 2.37651308 0.01174271 0.23765212 -0.52527083 0.71051716 0.40345681
1779472259.43648052 -2.07728429 2.37805986 0.02695839 0.24027768 -0.52400671 0.70913327 0.40597242
1779472259.44674778 -2.07749695 2.37882382 0.03621480 0.24219469 -0.52277310 0.70826053 0.40794244
1779472259.45705914 -2.07643584 2.38034523 0.04650090 0.24402043 -0.52174191 0.70728055 0.40987026
1779472259.46737981 -2.07631193 2.38139542 0.05579428 0.24590642 -0.52047729 0.70640803 0.41185085
1779472259.47770286 -2.07395768 2.38389906 0.06949488 0.24829288 -0.51908182 0.70503393 0.41452607
1779472259.48800635 -2.07093152 2.38696284 0.08343525 0.25051582 -0.51813019 0.70348610 0.41700149
1779472259.49834847 -2.06904680 2.38855831 0.09800533 0.25280680 -0.51740806 0.70203748 0.41895227
1779472259.50862551 -2.06356586 2.39360301 0.11102985 0.25460111 -0.51679145 0.70028615 0.42154974
1779472259.51892829 -2.05773937 2.39850243 0.12979179 0.25720920 -0.51608480 0.69808136 0.42447888
1779472259.52915239 -2.05373133 2.40190446 0.14096548 0.25871921 -0.51583805 0.69661843 0.42626077
1779472259.53943205 -2.04700762 2.40717719 0.16182153 0.26136551 -0.51576403 0.69403887 0.42893540
1779472259.54969311 -2.04038082 2.41168510 0.18295871 0.26431230 -0.51517298 0.69154909 0.43185145
1779472259.56001258 -2.03299766 2.41718759 0.20008444 0.26655732 -0.51473295 0.68929094 0.43459774
1779472259.57034063 -2.02826573 2.41982774 0.21832141 0.26915191 -0.51425434 0.68727584 0.43675124
1779472259.58056378 -2.02422254 2.42092822 0.24498201 0.27331831 -0.51316054 0.68469889 0.43948924
1779472259.59080935 -2.01592322 2.42640770 0.26237387 0.27554600 -0.51291830 0.68229740 0.44210800
1779472259.60114479 -2.01195564 2.42749045 0.28201683 0.27852386 -0.51222437 0.68029217 0.44413199
1779472259.61140656 -2.00823373 2.42858957 0.30232759 0.28202090 -0.51070479 0.67831466 0.44669234
1779472259.62164450 -1.99996458 2.43360958 0.31944831 0.28432595 -0.51015268 0.67603383 0.44931199
1779472259.63200235 -1.99533600 2.43586013 0.33205242 0.28622544 -0.50950523 0.67453176 0.45109459
1779472259.64233899 -1.98899983 2.43871199 0.34844304 0.28887308 -0.50822189 0.67262653 0.45369198
1779472259.65258026 -1.98287777 2.44099043 0.36717631 0.29186198 -0.50687944 0.67059187 0.45628539
1779472259.66287661 -1.97662320 2.44346935 0.38311000 0.29443685 -0.50557749 0.66876964 0.45874341
1779472259.67320085 -1.97361963 2.44460340 0.39095490 0.29610890 -0.50402901 0.66797622 0.46052366
1779472259.68344688 -1.96750822 2.44770411 0.40096617 0.29807408 -0.50206359 0.66676106 0.46315622
1779472259.69370580 -1.96360234 2.44790653 0.41617114 0.30097004 -0.50002454 0.66535739 0.46550192
1779472259.70404100 -1.95892462 2.45103245 0.41894018 0.30192973 -0.49804682 0.66489516 0.46765609
1779472259.71435165 -1.95435491 2.45208402 0.42995121 0.30407448 -0.49627712 0.66371934 0.46981311
1779472259.72468448 -1.94893000 2.45492101 0.43572460 0.30550311 -0.49419225 0.66291981 0.47220672
1779472259.73500943 -1.94469573 2.45692334 0.44051908 0.30674714 -0.49232022 0.66231980 0.47419350
1779472259.73516488 -1.94277340 2.45795403 0.44237218 0.30707181 -0.49194623 0.66200876 0.47480544
1779472259.74532366 -1.93951411 2.45891493 0.44792938 0.30830588 -0.49065073 0.66132528 0.47629636
1779472259.75558281 -1.93301098 2.46192988 0.45447744 0.30974290 -0.48870255 0.66033215 0.47873855
1779472259.76583481 -1.92437610 2.46706155 0.45837254 0.31042851 -0.48737464 0.65922889 0.48116251
1779472259.77618074 -1.91844121 2.46957069 0.46500384 0.31147557 -0.48646592 0.65815875 0.48286741
1779472259.78651929 -1.91084761 2.47267975 0.47318429 0.31295397 -0.48502705 0.65681751 0.48517969
1779472259.79689336 -1.90399933 2.47579433 0.47851209 0.31379275 -0.48431196 0.65565669 0.48691923
1779472259.80722141 -1.89701200 2.47917443 0.48357894 0.31456048 -0.48350051 0.65456661 0.48869368
1779472259.80738664 -1.89346410 2.48139021 0.48416661 0.31451727 -0.48336874 0.65415538 0.48940197
1779472259.81757832 -1.88820836 2.48392630 0.48734327 0.31505579 -0.48274361 0.65334825 0.49074895
1779472259.82796478 -1.87926294 2.48784251 0.49340108 0.31593697 -0.48197156 0.65193034 0.49282255
1779472259.83831358 -1.87087201 2.49234073 0.49597872 0.31611206 -0.48174581 0.65075401 0.49448292
1779472259.84864211 -1.86318836 2.49609426 0.49942009 0.31650593 -0.48129910 0.64967145 0.49608687
1779472259.85896540 -1.85455676 2.50082529 0.50069099 0.31632935 -0.48154120 0.64850569 0.49748787
1779472259.86922455 -1.84419252 2.50564468 0.50563073 0.31684663 -0.48111624 0.64701201 0.49951060
1779472259.87949061 -1.84171275 2.50661699 0.50437719 0.31679643 -0.48098748 0.64673567 0.50002404
1779472259.87967730 -1.83671963 2.50938245 0.50575801 0.31686425 -0.48069613 0.64615985 0.50100472
1779472259.88981962 -1.83421470 2.51018694 0.50575549 0.31716208 -0.48017593 0.64583590 0.50173227
1779472259.90008712 -1.81584618 2.51396587 0.53731393 0.32021997 -0.48209916 0.64126311 0.50380671
1779472259.91041803 -1.80318718 2.51750499 0.55277359 0.32154098 -0.48346989 0.63849774 0.50516224
1779472259.92079878 -1.80063621 2.51979152 0.54621534 0.32120838 -0.48221296 0.63880149 0.50619018
1779472259.93116021 -1.78869179 2.52285832 0.56027618 0.32259721 -0.48306671 0.63631143 0.50762719
1779472259.94148755 -1.78096290 2.52628647 0.56087818 0.32273829 -0.48270526 0.63543654 0.50897547
1779472259.95177960 -1.77448671 2.52784308 0.56557137 0.32377019 -0.48187633 0.63442528 0.51036519
1779472259.96211481 -1.76978915 2.53012888 0.56410044 0.32395598 -0.48086484 0.63415366 0.51153755
1779472259.97242546 -1.76580675 2.53207357 0.55991293 0.32417199 -0.47916662 0.63420214 0.51293227
1779472259.98273563 -1.75793700 2.53423153 0.56539256 0.32527153 -0.47821623 0.63306440 0.51452612
1779472259.99301314 -1.75652970 2.53788463 0.54954086 0.32415452 -0.47562269 0.63442086 0.51596227
1779472260.00333047 -1.74705035 2.53914751 0.56145505 0.32573221 -0.47570296 0.63249941 0.51725208
1779472260.01361656 -1.74001470 2.54186141 0.56138834 0.32642040 -0.47388692 0.63198565 0.51910986
1779472260.02392340 -1.73592466 2.54218162 0.56220299 0.32737994 -0.47225134 0.63165085 0.52040202
1779472260.03428483 -1.73092300 2.54439596 0.55998756 0.32745068 -0.47127545 0.63140179 0.52154318
1779472260.04462600 -1.72435800 2.54630129 0.56049361 0.32798671 -0.47024103 0.63076616 0.52290739
1779472260.05504417 -1.71935938 2.54694831 0.56141198 0.32887379 -0.46870453 0.63032643 0.52425822
1779472260.06543016 -1.71492096 2.54789075 0.56194171 0.32924665 -0.46815775 0.62986514 0.52506653
1779472260.07586241 -1.71169323 2.54737231 0.56237007 0.33007558 -0.46691408 0.62958447 0.52598930
1779472260.08619380 -1.70957617 2.54586858 0.56373347 0.33141455 -0.46490096 0.62943735 0.52710541
1779472260.09650779 -1.70734327 2.54634999 0.55739473 0.33151846 -0.46305500 0.62983794 0.52818533
1779472260.10687041 -1.70168096 2.54651093 0.56342243 0.33231765 -0.46333494 0.62874408 0.52874058
1779472260.11722922 -1.69881118 2.54852195 0.55315004 0.33195855 -0.46099451 0.62943405 0.53018899
1779472260.12754750 -1.69023933 2.54835896 0.56510659 0.33372053 -0.46095251 0.62760188 0.53129020
1779472260.13794041 -1.68528948 2.54963701 0.56259060 0.33406764 -0.45951118 0.62739099 0.53256816
1779472260.14832330 -1.68148720 2.55054859 0.56131636 0.33429355 -0.45873688 0.62713555 0.53339413
1779472260.15873694 -1.67621332 2.55143073 0.56068885 0.33465017 -0.45794666 0.62666341 0.53440350
1779472260.16914082 -1.67395977 2.55328182 0.54872467 0.33394194 -0.45596314 0.62748418 0.53557818
1779472260.17950392 -1.66463892 2.55491072 0.55802936 0.33500496 -0.45628760 0.62575455 0.53666055
1779472260.17970538 -1.66483387 2.55338769 0.56053915 0.33563284 -0.45603112 0.62558035 0.53668933
1779472260.18994474 -1.66425060 2.55543262 0.54654090 0.33440581 -0.45453549 0.62668215 0.53743812
1779472260.20028281 -1.65638694 2.55446412 0.55951007 0.33646561 -0.45430190 0.62483292 0.53850209
1779472260.21067548 -1.65022114 2.55434103 0.56464593 0.33751759 -0.45391813 0.62375881 0.53941186
1779472260.22099638 -1.64670928 2.55652644 0.55705646 0.33684473 -0.45306850 0.62399325 0.54027492
1779472260.22126555 -1.64736867 2.55620072 0.55408925 0.33681726 -0.45239009 0.62432004 0.54048297
1779472260.23133469 -1.64056202 2.55506904 0.56730803 0.33869518 -0.45265063 0.62250929 0.54117942
1779472260.24170065 -1.63122695 2.55883025 0.56563091 0.33854091 -0.45216005 0.62163101 0.54269349
1779472260.25204325 -1.62505850 2.56089614 0.56247479 0.33838223 -0.45166621 0.62117485 0.54372504
1779472260.26240158 -1.61657290 2.56158523 0.57217077 0.33955100 -0.45208479 0.61944624 0.54461989
1779472260.27274394 -1.61009706 2.56253844 0.57404506 0.34012007 -0.45164249 0.61855048 0.54564889
1779472260.28305173 -1.60218918 2.56416538 0.57641620 0.34059645 -0.45136524 0.61746952 0.54680423
1779472260.29329967 -1.59496490 2.56552083 0.58046623 0.34122913 -0.45113425 0.61634887 0.54786370
1779472260.30360627 -1.58651577 2.56699881 0.58431368 0.34154407 -0.45177568 0.61501443 0.54863799
1779472260.31393909 -1.57730220 2.56966210 0.58530934 0.34153684 -0.45195325 0.61386695 0.54978015
1779472260.32428122 -1.56812632 2.57110114 0.59053768 0.34198962 -0.45263649 0.61235681 0.55062005
1779472260.33457589 -1.56414935 2.57066533 0.59357307 0.34275600 -0.45212687 0.61166812 0.55132724
1779472260.34483624 -1.55602513 2.57244774 0.59538787 0.34313537 -0.45179521 0.61059809 0.55254789
1779472260.35509348 -1.54998028 2.57270169 0.59797358 0.34373279 -0.45150505 0.60968617 0.55342004
1779472260.36534119 -1.54235671 2.57471182 0.59991505 0.34383581 -0.45168300 0.60865167 0.55434876
1779472260.37560415 -1.53837480 2.57535578 0.59676979 0.34346878 -0.45180757 0.60838444 0.55476796
1779472260.38586664 -1.52970925 2.57622070 0.60253134 0.34422121 -0.45188830 0.60693024 0.55582767
1779472260.39611077 -1.52682901 2.57729249 0.59815512 0.34372946 -0.45177224 0.60690310 0.55625581
1779472260.39633060 -1.52150617 2.57830870 0.60324552 0.34418174 -0.45206805 0.60591083 0.55681727
1779472260.40642667 -1.51981021 2.57777109 0.60174860 0.34460692 -0.45095997 0.60584844 0.55752025
1779472260.41677356 -1.51211271 2.57905794 0.60415748 0.34460404 -0.45176686 0.60470521 0.55810964
1779472260.42708659 -1.51039159 2.57925114 0.59816123 0.34416872 -0.45127597 0.60493182 0.55852966
1779472260.43739128 -1.50920719 2.57868560 0.59627810 0.34468976 -0.44989331 0.60494994 0.55930363
1779472260.44772363 -1.50306651 2.57938136 0.59809371 0.34492443 -0.45016244 0.60402425 0.55994252
1779472260.45805955 -1.49367032 2.58039669 0.60565312 0.34560667 -0.45100693 0.60227328 0.56072780
1779472260.46863413 -1.48428322 2.58391535 0.60571972 0.34462097 -0.45282340 0.60109505 0.56113465
1779472260.46893072 -1.49183870 2.58149702 0.59732759 0.34477297 -0.45064755 0.60263162 0.56114483
1779472260.47925901 -1.48127671 2.58242503 0.60966403 0.34551591 -0.45275485 0.60033489 0.56145331
1779472260.48976517 -1.47937527 2.58380409 0.60156694 0.34453622 -0.45284803 0.60064082 0.56165297
1779472260.50037813 -1.47543823 2.58275098 0.60626528 0.34534822 -0.45318451 0.59968162 0.56190779
1779472260.51083231 -1.46900068 2.58351467 0.61012068 0.34566208 -0.45407154 0.59848346 0.56227600
1779472260.52123499 -1.46670673 2.58062832 0.62042384 0.34740608 -0.45425734 0.59727867 0.56233217
1779472260.52150202 -1.46460035 2.58113466 0.62113931 0.34730034 -0.45477247 0.59692692 0.56235463
1779472260.53182554 -1.46132199 2.58162548 0.62142120 0.34773134 -0.45415879 0.59647621 0.56306202
1779472260.54233813 -1.45320734 2.58179161 0.63106948 0.34871836 -0.45536907 0.59459825 0.56346024
1779472260.55273843 -1.44774788 2.58212077 0.63461770 0.34940781 -0.45535137 0.59356209 0.56413949
1779472260.56297040 -1.44090179 2.58179735 0.64406527 0.35059581 -0.45615986 0.59183573 0.56456287
1779472260.57322049 -1.43623597 2.58267164 0.64647838 0.35095606 -0.45628417 0.59100542 0.56510812
1779472260.58351350 -1.43081139 2.58224952 0.65312672 0.35195988 -0.45665813 0.58968157 0.56556454
1779472260.59375572 -1.42379698 2.58422735 0.65458529 0.35211741 -0.45682268 0.58863320 0.56642504
1779472260.60403872 -1.41774401 2.58565716 0.65718650 0.35243992 -0.45688313 0.58764089 0.56720552
1779472260.61431670 -1.41306024 2.58537670 0.66179289 0.35323728 -0.45700487 0.58658835 0.56770070
1779472260.62458897 -1.40708336 2.58643244 0.66433049 0.35374132 -0.45683325 0.58557766 0.56856772
1779472260.63492060 -1.40265691 2.58665669 0.66791480 0.35441971 -0.45660046 0.58470182 0.56923323
1779472260.63508081 -1.40088778 2.58740019 0.66734155 0.35439817 -0.45641087 0.58453008 0.56957496
1779472260.64518976 -1.39607212 2.58807514 0.66988923 0.35476316 -0.45647254 0.58367469 0.57017521
1779472260.65547943 -1.39034452 2.58931511 0.67067900 0.35515326 -0.45586230 0.58286530 0.57124755
1779472260.66578174 -1.38239105 2.59192847 0.67083170 0.35528551 -0.45534420 0.58185190 0.57261003
1779472260.67599916 -1.37965534 2.59180105 0.67219507 0.35569296 -0.45513599 0.58134523 0.57303706
1779472260.68632746 -1.37278429 2.59333537 0.67354726 0.35590004 -0.45503773 0.58032833 0.57401643
1779472260.69667935 -1.36933655 2.59079719 0.68320523 0.35801835 -0.45410088 0.57899606 0.57478588
1779472260.70706487 -1.36559214 2.59119083 0.68443515 0.35832883 -0.45397887 0.57835395 0.57533499
1779472260.70732975 -1.36393043 2.59140315 0.68500272 0.35844111 -0.45390615 0.57808902 0.57558863
1779472260.71742487 -1.35935977 2.59169454 0.68763109 0.35888843 -0.45389728 0.57723590 0.57617278
1779472260.72769570 -1.35205008 2.59225474 0.69314135 0.35965981 -0.45409264 0.57575798 0.57701599
1779472260.73799443 -1.34359452 2.59331117 0.69730518 0.36024635 -0.45401955 0.57430569 0.57815378
1779472260.74830103 -1.33983121 2.59169592 0.70530000 0.36180108 -0.45360091 0.57307204 0.57873537
1779472260.75861216 -1.33339775 2.59124475 0.71146044 0.36283851 -0.45356378 0.57164152 0.57952920
1779472260.76887679 -1.32669184 2.58998321 0.72096531 0.36444662 -0.45344623 0.56989062 0.58033599
1779472260.77922869 -1.31911636 2.59141240 0.72529919 0.36492554 -0.45371265 0.56850863 0.58118165
1779472260.77945971 -1.31513555 2.59269621 0.72610570 0.36486378 -0.45386266 0.56792949 0.58166932
1779472260.78960896 -1.31333737 2.58901453 0.73621548 0.36689810 -0.45340994 0.56673706 0.58190576
1779472260.79993057 -1.30246828 2.59171750 0.74010410 0.36708189 -0.45399143 0.56494167 0.58308111
1779472260.81027102 -1.29134574 2.59210155 0.75146103 0.36828878 -0.45502178 0.56245971 0.58391578
1779472260.82059884 -1.28534768 2.59258162 0.75506255 0.36916946 -0.45423648 0.56134355 0.58504406
1779472260.83098960 -1.27595102 2.59177423 0.76741295 0.37160108 -0.45287722 0.55907197 0.58673111
1779472260.84140992 -1.26626334 2.59177161 0.77680244 0.37278451 -0.45334771 0.55692144 0.58766153
1779472260.85179496 -1.25984098 2.59095849 0.78445094 0.37508685 -0.45083645 0.55542896 0.58953797
1779472260.86207390 -1.25483497 2.58753914 0.79933795 0.37833455 -0.44882579 0.55352100 0.59079004
1779472260.87239766 -1.24168224 2.59201372 0.79966993 0.37734008 -0.45057971 0.55165838 0.59183226
1779472260.88267517 -1.23240656 2.59103465 0.81206637 0.38049421 -0.44740071 0.54943029 0.59429211
1779472260.89300084 -1.22291769 2.59464470 0.81073662 0.37904924 -0.44987650 0.54815598 0.59452320
1779472260.90331316 -1.21375034 2.59468767 0.81948072 0.38188654 -0.44611235 0.54627577 0.59726813
1779472260.91364121 -1.20420689 2.59632317 0.82313703 0.38228965 -0.44621788 0.54459704 0.59846327
1779472260.92394710 -1.19096412 2.60047795 0.82502044 0.38246392 -0.44574251 0.54265897 0.60046333
1779472260.93419671 -1.18141867 2.60324334 0.82637650 0.38268455 -0.44513948 0.54125109 0.60203873
1779472260.94446230 -1.17319009 2.60406778 0.83099568 0.38393058 -0.44381392 0.53967232 0.60363922
1779472260.95468116 -1.16263103 2.60416200 0.84021732 0.38570639 -0.44265234 0.53742826 0.60535969
1779472260.96496749 -1.15580664 2.60658291 0.83922960 0.38606249 -0.44123888 0.53654126 0.60694932
1779472260.97526836 -1.14436193 2.60769267 0.84664870 0.38758660 -0.43991104 0.53431414 0.60890336
1779472260.98562026 -1.13237374 2.61147026 0.84681898 0.38790563 -0.43856855 0.53262356 0.61114564
1779472260.99594545 -1.12930527 2.61461375 0.83980035 0.38785937 -0.43622772 0.53265027 0.61282475
1779472260.99620795 -1.12633555 2.61263976 0.84724653 0.38924417 -0.43571777 0.53160015 0.61322123
1779472261.00636125 -1.11715936 2.61506054 0.84864756 0.38998478 -0.43400029 0.53018323 0.61519213
1779472261.01660371 -1.10698530 2.61926629 0.84513486 0.38980198 -0.43267209 0.52894821 0.61730307
1779472261.02683139 -1.09994258 2.61948955 0.84958901 0.39153239 -0.43025845 0.52741580 0.61920321
1779472261.03715634 -1.09244369 2.62098744 0.85159957 0.39203118 -0.42962418 0.52608703 0.62045713
1779472261.04746008 -1.08065850 2.62494356 0.85071644 0.39251059 -0.42762325 0.52439614 0.62296266
1779472261.05778742 -1.05296857 2.62407629 0.87978128 0.39793420 -0.42362198 0.51838725 0.62726984
1779472261.06811213 -1.04254261 2.62520948 0.88569806 0.39933895 -0.42209329 0.51634797 0.62908698
1779472261.07849932 -1.02999314 2.62813313 0.88754679 0.40016461 -0.42033783 0.51426687 0.63143803
1779472261.08882117 -1.01141721 2.63215841 0.89280786 0.40134519 -0.41846543 0.51114650 0.63445881
1779472261.09908295 -1.00020076 2.63313210 0.89801481 0.40266048 -0.41713010 0.50891033 0.63629969
1779472261.10944128 -0.98762456 2.63739170 0.89635421 0.40262415 -0.41593603 0.50715595 0.63850126
1779472261.11974692 -0.97416046 2.63795998 0.90431695 0.40411393 -0.41504993 0.50438585 0.64032835
1779472261.12998700 -0.95690801 2.63896150 0.91477435 0.40572741 -0.41439801 0.50093353 0.64243688
1779472261.14027667 -0.94440567 2.64232955 0.91506690 0.40596955 -0.41335252 0.49897929 0.64447505
1779472261.15060306 -0.92882573 2.64486758 0.91975211 0.40696843 -0.41218711 0.49615900 0.64676481
1779472261.16104984 -0.90956953 2.64746929 0.92754074 0.40838427 -0.41085898 0.49261470 0.64942124
1779472261.17143083 -0.89816271 2.64983073 0.92908531 0.40922213 -0.40909702 0.49065086 0.65148953
1779472261.18171859 -0.88101877 2.65351184 0.93157463 0.41015841 -0.40711737 0.48775251 0.65431110
1779472261.19202065 -0.87012522 2.65581088 0.93272997 0.41110729 -0.40506646 0.48583505 0.65641166
1779472261.20235825 -0.85114070 2.65877627 0.93726371 0.41356441 -0.40045114 0.48228665 0.66030520
1779472261.21272159 -0.84175932 2.65896844 0.94171404 0.41502157 -0.39859426 0.48028430 0.66197183
1779472261.21294498 -0.83790697 2.65986752 0.94187718 0.41515773 -0.39821359 0.47963975 0.66258260
1779472261.22315240 -0.82706933 2.66383154 0.93863409 0.41513930 -0.39677978 0.47803624 0.66461006
1779472261.23355627 -0.81176412 2.66538211 0.94386423 0.41652035 -0.39521362 0.47506107 0.66680879
1779472261.24390841 -0.79628865 2.66744986 0.94757651 0.41752451 -0.39393313 0.47217819 0.66898261
1779472261.25434065 -0.78566561 2.67032089 0.94571595 0.41747475 -0.39321041 0.47049853 0.67062027
1779472261.25458932 -0.78335526 2.66940215 0.94897850 0.41823127 -0.39274704 0.46979576 0.67091304
1779472261.26470184 -0.77346617 2.67223091 0.94700504 0.41884010 -0.39042086 0.46815143 0.67303697
1779472261.27500391 -0.76324525 2.67381507 0.94760445 0.42046450 -0.38698893 0.46605725 0.67545526
1779472261.28528118 -0.74864708 2.67635921 0.94821746 0.42073476 -0.38636633 0.46349551 0.67740330
1779472261.29560137 -0.74264156 2.67712631 0.94810028 0.42140132 -0.38507803 0.46223371 0.67858370
1779472261.30592418 -0.72920002 2.67867792 0.95030819 0.42213178 -0.38410150 0.45967488 0.68041884
1779472261.31616378 -0.72090705 2.68163250 0.94558400 0.42255193 -0.38171743 0.45824199 0.68246315
1779472261.32646227 -0.71419038 2.68223354 0.94592282 0.42317263 -0.38058368 0.45683964 0.68365088
1779472261.33672976 -0.70424693 2.68457356 0.94361680 0.42406272 -0.37784989 0.45494791 0.68587365
1779472261.34696913 -0.69713731 2.68300377 0.94900664 0.42583425 -0.37626332 0.45291509 0.68699274
1779472261.35729861 -0.69218788 2.68307711 0.94968123 0.42678896 -0.37468303 0.45167416 0.68808013
1779472261.35754442 -0.68895257 2.68511568 0.94571752 0.42649292 -0.37388707 0.45133849 0.68891641
1779472261.36770082 -0.68363007 2.68478928 0.94749963 0.42751056 -0.37254296 0.44995842 0.68991586
1779472261.37807274 -0.67309334 2.68619285 0.94686241 0.42805947 -0.37124186 0.44790986 0.69160778
1779472261.38836503 -0.66792766 2.68476592 0.95013117 0.42949766 -0.36978513 0.44627214 0.69255462
1779472261.39877748 -0.66139561 2.68626830 0.94764806 0.42983951 -0.36833484 0.44502676 0.69391543
1779472261.39894366 -0.66021845 2.68615745 0.94774712 0.42993643 -0.36830581 0.44470850 0.69407482
1779472261.40915298 -0.65438675 2.68796308 0.94431599 0.43019977 -0.36672302 0.44360411 0.69545508
1779472261.41952181 -0.64639316 2.68782382 0.94570309 0.43107076 -0.36570519 0.44172790 0.69664494
1779472261.42982888 -0.63357150 2.68972143 0.94456743 0.43138687 -0.36463592 0.43940259 0.69847790
1779472261.44020033 -0.62478566 2.69439210 0.93507730 0.43062893 -0.36293378 0.43831742 0.70051098
1779472261.45050359 -0.61570838 2.69830823 0.92642779 0.43013464 -0.36117823 0.43696736 0.70256246
1779472261.46080852 -0.61086705 2.69646680 0.93019123 0.43134801 -0.36048316 0.43537596 0.70316325
1779472261.47115898 -0.60490392 2.69644633 0.92987834 0.43198351 -0.35951940 0.43388568 0.70418695
1779472261.48147559 -0.60225694 2.69556792 0.93083579 0.43269060 -0.35887691 0.43293184 0.70466746
1779472261.49181914 -0.60090770 2.69308965 0.93438357 0.43406829 -0.35798833 0.43182069 0.70495387
1779472261.50216174 -0.59752646 2.69201987 0.93525277 0.43491703 -0.35717004 0.43060927 0.70558656
1779472261.51245570 -0.59642928 2.69021370 0.93789570 0.43593292 -0.35652690 0.42976287 0.70580092
1779472261.52274895 -0.59230191 2.68939889 0.93842367 0.43660715 -0.35588764 0.42849298 0.70647856
1779472261.53304577 -0.58802340 2.68878546 0.93793891 0.43717413 -0.35511693 0.42727948 0.70725030
1779472261.54339743 -0.58521188 2.68750484 0.93895545 0.43816455 -0.35403987 0.42612884 0.70787132
1779472261.55368805 -0.58549225 2.68519287 0.94119315 0.43920479 -0.35328355 0.42547216 0.70799953
1779472261.56406879 -0.58540093 2.68293242 0.94338882 0.44007008 -0.35303016 0.42471596 0.70804265
1779472261.57437587 -0.58135060 2.68329146 0.93988591 0.44028890 -0.35189582 0.42372554 0.70906395
1779472261.58475471 -0.57928939 2.68282703 0.93910637 0.44071516 -0.35117262 0.42300701 0.70958650
1779472261.59509826 -0.57771910 2.68138806 0.93932908 0.44147992 -0.35030905 0.42210478 0.71007507
1779472261.60539603 -0.57738852 2.68160011 0.93477016 0.44140063 -0.34962526 0.42178359 0.71065200
1779472261.61575460 -0.57587326 2.67898726 0.93779737 0.44236388 -0.34939435 0.42075476 0.71077649
1779472261.62606883 -0.57474400 2.67849610 0.93687840 0.44270802 -0.34884247 0.42020834 0.71115644
1779472261.63639569 -0.57354132 2.67769620 0.93496530 0.44322851 -0.34766620 0.41949343 0.71183001
1779472261.64673901 -0.57603335 2.67693903 0.93125782 0.44316033 -0.34746988 0.41957116 0.71192250
1779472261.65709639 -0.57628826 2.67534676 0.93203746 0.44374878 -0.34709946 0.41911336 0.71200631
1779472261.65727973 -0.57657279 2.67381134 0.93489233 0.44414577 -0.34751987 0.41886408 0.71170033
1779472261.66734934 -0.57712727 2.67423814 0.92976706 0.44409547 -0.34629363 0.41877088 0.71238395
1779472261.67769885 -0.57826253 2.67313930 0.92781275 0.44429047 -0.34604436 0.41853645 0.71252124
1779472261.68810201 -0.57975398 2.67174803 0.92636189 0.44472218 -0.34544538 0.41826267 0.71270332
1779472261.69840789 -0.58126705 2.67085631 0.92455414 0.44500042 -0.34481639 0.41815632 0.71289661
1779472261.70869970 -0.58198467 2.66969487 0.92289639 0.44495369 -0.34524570 0.41789074 0.71287373
1779472261.72003770 -0.58353480 2.66945016 0.91847218 0.44530476 -0.34364809 0.41775219 0.71350737
1779472261.73079109 -0.58190129 2.67024579 0.91340658 0.44500516 -0.34313628 0.41731042 0.71419879
1779472261.74104381 -0.58257688 2.66866002 0.91323708 0.44552612 -0.34278228 0.41684028 0.71431853
1779472261.75136805 -0.58390268 2.66821965 0.91047782 0.44539579 -0.34274490 0.41685929 0.71440664
1779472261.76168132 -0.58458352 2.66625126 0.91165790 0.44584119 -0.34314831 0.41640190 0.71420188
1779472261.77206063 -0.58684139 2.66441031 0.91096561 0.44644570 -0.34251843 0.41619275 0.71424853
1779472261.78241324 -0.58841875 2.66382117 0.90890857 0.44622703 -0.34307971 0.41624134 0.71408745
1779472261.79270840 -0.59097288 2.66045795 0.91218880 0.44739571 -0.34271005 0.41582836 0.71377425
1779472261.80304170 -0.59337614 2.65958746 0.90952013 0.44767327 -0.34204626 0.41580038 0.71393490
1779472261.81333637 -0.59437608 2.65819637 0.90890330 0.44784977 -0.34242563 0.41553890 0.71379458
1779472261.82367969 -0.59802167 2.65584239 0.90990251 0.44870361 -0.34168963 0.41555917 0.71359921
1779472261.83401275 -0.60034342 2.65335918 0.91178768 0.44964227 -0.34124276 0.41523356 0.71341173
1779472261.84439158 -0.60198368 2.65071283 0.91437915 0.45053569 -0.34106897 0.41482158 0.71317081
1779472261.85472822 -0.60625177 2.64951502 0.91166730 0.45121175 -0.33940385 0.41500581 0.71343056
1779472261.86499429 -0.60882155 2.64789233 0.91130471 0.45150931 -0.33938236 0.41508172 0.71320833
1779472261.87531328 -0.61048694 2.64899028 0.90451683 0.45132439 -0.33789258 0.41523364 0.71394392
1779472261.88556504 -0.61431722 2.64709318 0.90281036 0.45153631 -0.33782063 0.41548938 0.71369514
1779472261.89586115 -0.61392725 2.64732693 0.90037614 0.45154670 -0.33735213 0.41524728 0.71405099
1779472261.90616107 -0.61854727 2.64558259 0.89894090 0.45243175 -0.33569182 0.41541645 0.71417483
1779472261.91647315 -0.61963590 2.64373993 0.89962231 0.45287348 -0.33595000 0.41510702 0.71395334
1779472261.92673445 -0.62288787 2.64307928 0.89702843 0.45312860 -0.33507468 0.41537993 0.71404408
1779472261.92690539 -0.62049530 2.64309417 0.89774153 0.45340440 -0.33472446 0.41482701 0.71435463
1779472261.93703580 -0.62241823 2.64097243 0.89974848 0.45419172 -0.33456924 0.41457819 0.71407159
1779472261.94735622 -0.61983776 2.64139406 0.89688989 0.45473051 -0.33269283 0.41380367 0.71505396
1779472261.95773888 -0.62633555 2.63844276 0.89758115 0.45492456 -0.33405927 0.41443809 0.71392515
1779472261.96812558 -0.62553641 2.63682624 0.90044680 0.45602943 -0.33306961 0.41369615 0.71411294
1779472261.97847366 -0.62268486 2.63839720 0.89472337 0.45615886 -0.33128864 0.41303770 0.71523897
1779472261.98883295 -0.64219682 2.62996408 0.90249961 0.45767210 -0.33318617 0.41513305 0.71217117
1779472261.99915266 -0.62706323 2.63293885 0.90167552 0.45807112 -0.33175460 0.41239013 0.71417372
1779472262.00947571 -0.63015827 2.62961193 0.90703845 0.45913232 -0.33234782 0.41222273 0.71331260
1779472262.01973891 -0.63381108 2.63006383 0.90062023 0.45925195 -0.33057881 0.41259468 0.71384237
1779472262.02999258 -0.63635237 2.62879216 0.89985667 0.45929514 -0.33137761 0.41270141 0.71338236
1779472262.04028058 -0.63660792 2.62948254 0.89624829 0.45894140 -0.33156594 0.41270895 0.71351815
1779472262.05054426 -0.63410468 2.62982475 0.89381722 0.45913903 -0.33088522 0.41202770 0.71410049
1779472262.06081343 -0.63606930 2.62950717 0.89008811 0.45934473 -0.32994279 0.41206651 0.71438181
1779472262.07114911 -0.64119967 2.62903646 0.88568786 0.45853047 -0.33157610 0.41295395 0.71363585
1779472262.08144832 -0.63862917 2.63131665 0.87801514 0.45838803 -0.32919937 0.41256528 0.71505110
1779472262.09170675 -0.63851300 2.63154657 0.87443074 0.45797085 -0.32976930 0.41246334 0.71511461
1779472262.10201573 -0.64230903 2.63017523 0.87213948 0.45832467 -0.32910096 0.41274302 0.71503445
1779472262.11227632 -0.64608963 2.62906813 0.87088738 0.45781370 -0.33089545 0.41334265 0.71418672
1779472262.12253857 -0.64735372 2.62828261 0.86761523 0.45774266 -0.33077891 0.41338544 0.71426147
1779472262.13280368 -0.65006706 2.62840867 0.86121397 0.45715171 -0.33078449 0.41388300 0.71434922
1779472262.14302778 -0.64894758 2.62871282 0.85764242 0.45657301 -0.33149754 0.41378344 0.71444645
1779472262.15333319 -0.65404135 2.62772114 0.85219067 0.45656904 -0.33051764 0.41447579 0.71450166
1779472262.16370893 -0.65364130 2.62706266 0.84961089 0.45611896 -0.33172073 0.41435831 0.71429968
1779472262.17443061 -0.65726169 2.62554687 0.84597282 0.45655759 -0.33030248 0.41465941 0.71450194
1779472262.18476367 -0.65773595 2.62604621 0.84005509 0.45527828 -0.33202785 0.41510364 0.71426057
1779472262.19511628 -0.65526512 2.62644534 0.83491044 0.45576988 -0.32936932 0.41445140 0.71555552
1779472262.20541096 -0.65313832 2.62671530 0.82966216 0.45517463 -0.32965014 0.41419367 0.71595422
1779472262.21569157 -0.65424151 2.62585740 0.82674913 0.45528662 -0.32903509 0.41424754 0.71613475
1779472262.22597027 -0.65467051 2.62404761 0.82611122 0.45597059 -0.32801440 0.41388448 0.71637770
1779472262.23622799 -0.65210510 2.62358168 0.82313202 0.45597071 -0.32775230 0.41335086 0.71680556
1779472262.24646688 -0.65009504 2.62397603 0.81672229 0.45514456 -0.32831645 0.41326590 0.71712135
1779472262.25680923 -0.65787902 2.62106855 0.81366831 0.45590518 -0.32648905 0.41415812 0.71695775
1779472262.26710868 -0.65570165 2.61983776 0.81218531 0.45588189 -0.32704577 0.41368711 0.71699076
1779472262.27737427 -0.64300474 2.62079748 0.81345230 0.45578872 -0.32809840 0.41146570 0.71784682
1779472262.28767824 -0.64970117 2.61963851 0.80487394 0.45493551 -0.32823927 0.41292280 0.71748688
1779472262.29800916 -0.64374584 2.61934736 0.80391070 0.45544316 -0.32722210 0.41161300 0.71838149
1779472262.30828571 -0.63542438 2.61925057 0.80406462 0.45557401 -0.32758914 0.41010747 0.71899203
1779472262.31861234 -0.64052338 2.61941129 0.79089751 0.45440012 -0.32680848 0.41144881 0.71932372
1779472262.32894659 -0.62936102 2.61953654 0.79484727 0.45488575 -0.32728438 0.40929782 0.72002721
1779472262.33931017 -0.64320119 2.61638429 0.78417447 0.45461777 -0.32591181 0.41170508 0.71944638
1779472262.34965181 -0.63091170 2.61928501 0.77858899 0.45377211 -0.32600330 0.40997173 0.72092712
1779472262.35999417 -0.62979619 2.61720587 0.77929470 0.45421069 -0.32614805 0.40960491 0.72079395
1779472262.36016536 -0.63080336 2.61604990 0.77987922 0.45442135 -0.32630311 0.40966134 0.72055888
1779472262.37026048 -0.63069204 2.61704018 0.77052133 0.45295310 -0.32731388 0.41029367 0.72066512
1779472262.38052583 -0.62755670 2.61707104 0.76435970 0.45227061 -0.32762692 0.41006476 0.72108168
1779472262.39079452 -0.62855718 2.61710614 0.75482116 0.45143530 -0.32710425 0.41063102 0.72152002
1779472262.40109611 -0.62838910 2.61645060 0.75031415 0.45098748 -0.32742525 0.41079745 0.72155974
1779472262.41141796 -0.62638699 2.61468666 0.74911804 0.45116353 -0.32773072 0.41041046 0.72153122
1779472262.42169428 -0.63026881 2.61455092 0.73676982 0.44985615 -0.32759316 0.41168549 0.72168361
1779472262.43195271 -0.62875443 2.61396858 0.73347954 0.44957653 -0.32789139 0.41159383 0.72177469
1779472262.44219422 -0.62966053 2.61252787 0.72772950 0.44943654 -0.32735070 0.41186117 0.72195477
1779472262.45247126 -0.63149482 2.61113983 0.72121477 0.44901940 -0.32728190 0.41242258 0.72192503
1779472262.46278596 -0.62966861 2.61160252 0.71451174 0.44761676 -0.32906435 0.41278710 0.72177746
1779472262.46293044 -0.62865434 2.61391541 0.70520350 0.44582436 -0.32994978 0.41344232 0.72210749
1779472262.47311378 -0.63238568 2.60934345 0.71004557 0.44745435 -0.32931921 0.41340372 0.72140892
1779472262.48344398 -0.63197434 2.60975535 0.69919389 0.44654786 -0.32840333 0.41385687 0.72212793
1779472262.49375629 -0.63237539 2.60956815 0.68971693 0.44521538 -0.32953421 0.41464256 0.72198477
1779472262.50407815 -0.63558744 2.60874977 0.68184756 0.44498250 -0.32811776 0.41538366 0.72234737
1779472262.51438928 -0.63258897 2.60907483 0.67263465 0.44355153 -0.32925516 0.41565418 0.72255427
1779472262.52470517 -0.63607839 2.60825258 0.66212203 0.44289874 -0.32839898 0.41670675 0.72273806
1779472262.53498816 -0.63835429 2.60496443 0.66405654 0.44379782 -0.32844361 0.41678475 0.72212101
1779472262.53517294 -0.63798040 2.60540876 0.66015150 0.44328558 -0.32852949 0.41701444 0.72226396
1779472262.54531813 -0.63792290 2.60446411 0.65567092 0.44322938 -0.32808117 0.41715988 0.72241823
1779472262.55561495 -0.63756727 2.60372766 0.64806088 0.44246882 -0.32862195 0.41763841 0.72236218
1779472262.56594324 -0.64064298 2.60049717 0.64767376 0.44321291 -0.32857926 0.41804017 0.72169273
1779472262.57623982 -0.64213842 2.60109773 0.63416781 0.44257682 -0.32577007 0.41866696 0.72299212
1779472262.58653998 -0.64308005 2.59868033 0.63228429 0.44280615 -0.32633641 0.41895350 0.72243008
1779472262.59679461 -0.64384649 2.59737084 0.62488192 0.44284075 -0.32499257 0.41924648 0.72284458
1779472262.60710597 -0.64595942 2.59726184 0.61522316 0.44230508 -0.32365358 0.41998704 0.72334325
1779472262.60728550 -0.64410708 2.59738424 0.61414905 0.44225164 -0.32363376 0.41974756 0.72352378
1779472262.61748528 -0.64535063 2.59481797 0.61360822 0.44281843 -0.32354344 0.41985220 0.72315670
1779472262.62779903 -0.64321973 2.59418380 0.60655801 0.44243902 -0.32320244 0.41984529 0.72354532
1779472262.63811183 -0.64550976 2.59155993 0.60201693 0.44289349 -0.32210144 0.42021570 0.72354321
1779472262.64847422 -0.64629201 2.58942757 0.60063331 0.44353338 -0.32130710 0.42019458 0.72351669
1779472262.65878940 -0.64269772 2.58912695 0.59400709 0.44315283 -0.32095688 0.41992899 0.72405931
1779472262.66904902 -0.64350922 2.58649220 0.59049988 0.44366000 -0.32010008 0.42003578 0.72406607
1779472262.67935348 -0.64304261 2.58553145 0.58595484 0.44360804 -0.31948614 0.42010841 0.72432689
1779472262.67953086 -0.64371099 2.58465249 0.58583453 0.44384064 -0.31935333 0.42016900 0.72420780
1779472262.68967414 -0.64160018 2.58477373 0.57742526 0.44280026 -0.31972732 0.42042808 0.72452923
1779472262.70001268 -0.64672514 2.58146861 0.57325907 0.44376768 -0.31723539 0.42101122 0.72469408
1779472262.71029830 -0.64509245 2.58138398 0.56367985 0.44321064 -0.31595163 0.42115325 0.72551282
1779472262.72059321 -0.64617904 2.58010327 0.55820757 0.44308204 -0.31514952 0.42153094 0.72572085
1779472262.73093343 -0.64438049 2.58023172 0.54713949 0.44183695 -0.31512629 0.42199090 0.72622257
1779472262.74123168 -0.65018347 2.57700408 0.54222785 0.44273218 -0.31245957 0.42271276 0.72640977
1779472262.75158620 -0.65047242 2.57604799 0.53651449 0.44256133 -0.31158357 0.42296756 0.72674177
1779472262.75176358 -0.64916204 2.57660579 0.53264771 0.44198420 -0.31171302 0.42305850 0.72698450
1779472262.76194596 -0.65225280 2.57457377 0.52846164 0.44210026 -0.31093306 0.42369067 0.72687978
1779472262.77233529 -0.65857541 2.57145394 0.52121482 0.44227672 -0.30937771 0.42485674 0.72675545
1779472262.78277063 -0.65949558 2.56989015 0.51508696 0.44213746 -0.30872478 0.42526108 0.72688135
1779472262.79307818 -0.65974812 2.56916628 0.50837758 0.44135290 -0.30917351 0.42583842 0.72682941
1779472262.80339837 -0.65915187 2.56792959 0.50167428 0.44090030 -0.30908047 0.42612771 0.72697411
1779472262.81369257 -0.66519248 2.56408899 0.49923616 0.44195177 -0.30710704 0.42677420 0.72679274
1779472262.82403231 -0.66458478 2.56367075 0.48966284 0.44098433 -0.30697474 0.42727518 0.72714183
1779472262.83437800 -0.66374788 2.56295216 0.48457586 0.44040051 -0.30752642 0.42754184 0.72710581
1779472262.84471917 -0.66497385 2.56176814 0.47568213 0.43976234 -0.30685701 0.42816816 0.72740628
1779472262.85502529 -0.66505770 2.56152173 0.46548014 0.43876400 -0.30646664 0.42874612 0.72783317
1779472262.86532068 -0.66170047 2.56059612 0.46313480 0.43817758 -0.30823334 0.42862614 0.72751100
1779472262.87568307 -0.66305497 2.55885408 0.45671629 0.43798880 -0.30745777 0.42902287 0.72771898
1779472262.88599253 -0.65800184 2.55908054 0.44950603 0.43696363 -0.30814871 0.42875125 0.72820294
1779472262.89634776 -0.65449753 2.56005029 0.43770592 0.43522542 -0.30873253 0.42907676 0.72880463
1779472262.90668964 -0.65328624 2.55833262 0.43612957 0.43532648 -0.30890657 0.42886274 0.72879650
1779472262.91698980 -0.65033744 2.55832050 0.42814304 0.43438858 -0.30907248 0.42884860 0.72929393
1779472262.92729688 -0.64641283 2.55810970 0.42113339 0.43361331 -0.30910073 0.42853306 0.72992853
1779472262.93763208 -0.64670208 2.55684181 0.41810789 0.43371015 -0.30842912 0.42853280 0.73015521
1779472262.93783832 -0.64453914 2.55714659 0.41530039 0.43321276 -0.30876924 0.42841924 0.73037334
1779472262.94795632 -0.64246360 2.55718686 0.40792196 0.43215889 -0.30926609 0.42858642 0.73068931
1779472262.95824075 -0.63719821 2.55738082 0.40046201 0.43121961 -0.30947043 0.42812672 0.73142683
1779472262.96850824 -0.63642154 2.55579860 0.39747517 0.43138598 -0.30910701 0.42788496 0.73162385
1779472262.97883439 -0.63462098 2.55577397 0.39118193 0.43066506 -0.30916680 0.42791889 0.73200336
1779472262.98916817 -0.63429973 2.55354620 0.38907335 0.43084615 -0.30956012 0.42779240 0.73180448
1779472262.99954271 -0.62759341 2.55409617 0.38399785 0.42994661 -0.31083720 0.42711287 0.73218901
1779472263.00991416 -0.62808734 2.55232577 0.38361787 0.43041698 -0.31083120 0.42695894 0.73200496
1779472263.02023721 -0.62356338 2.55194078 0.38010108 0.42985288 -0.31241910 0.42653174 0.73190947
1779472263.03056979 -0.62155437 2.55107970 0.37572333 0.42948350 -0.31314098 0.42638294 0.73190453
1779472263.04097867 -0.62077088 2.54879439 0.37677288 0.43012162 -0.31375481 0.42595212 0.73151767
1779472263.05129123 -0.61811593 2.54797121 0.37701626 0.43044381 -0.31420223 0.42535115 0.73148580
1779472263.06162977 -0.61542568 2.54711019 0.37333264 0.43022087 -0.31486818 0.42498905 0.73154107
1779472263.07201099 -0.61315797 2.54573803 0.37249356 0.43030158 -0.31609226 0.42461083 0.73118525
1779472263.08232880 -0.61149302 2.54403719 0.37256852 0.43061652 -0.31713487 0.42419945 0.73078705
1779472263.09265375 -0.60965705 2.54412812 0.36678112 0.43015582 -0.31694314 0.42405865 0.73122313
1779472263.10302782 -0.60828089 2.54132481 0.37133513 0.43121988 -0.31817415 0.42335751 0.73046769
1779472263.11335945 -0.60837807 2.53942504 0.36987176 0.43154192 -0.31856137 0.42322031 0.73018819
1779472263.12365818 -0.60844000 2.53782555 0.37003629 0.43196228 -0.31897548 0.42304467 0.72986056
1779472263.13403893 -0.60959238 2.53533286 0.36993510 0.43245749 -0.31966330 0.42304029 0.72926868
1779472263.14428830 -0.60758155 2.53343011 0.37025406 0.43296830 -0.32018225 0.42241409 0.72910089
1779472263.15457344 -0.60490874 2.53210127 0.36990558 0.43321260 -0.32090332 0.42183592 0.72897350
1779472263.16483188 -0.60704856 2.52992041 0.37001354 0.43378922 -0.32094893 0.42190907 0.72856806
1779472263.17509770 -0.61073742 2.52730334 0.36527564 0.43370032 -0.32114050 0.42259178 0.72814078
1779472263.18538213 -0.60998754 2.52674852 0.35920799 0.43329838 -0.32110699 0.42258626 0.72839802
1779472263.19569612 -0.61732181 2.52184280 0.36780618 0.43541196 -0.32152233 0.42292172 0.72675789
1779472263.20605159 -0.60984379 2.52190974 0.36145927 0.43434647 -0.32260755 0.42205680 0.72741705
1779472263.21640134 -0.61137427 2.52008443 0.35733781 0.43415389 -0.32319918 0.42240103 0.72706950
1779472263.22672772 -0.60975204 2.51866950 0.35816697 0.43447270 -0.32403441 0.42195049 0.72676885
1779472263.22692657 -0.61101252 2.51756694 0.35882564 0.43470269 -0.32433479 0.42206807 0.72642898
1779472263.23705864 -0.61257025 2.51670597 0.35179125 0.43411459 -0.32415196 0.42255323 0.72658021
1779472263.24739099 -0.61391892 2.51373117 0.35383569 0.43479169 -0.32532883 0.42248998 0.72568558
1779472263.25770521 -0.61364193 2.51143099 0.35351802 0.43526481 -0.32579765 0.42212356 0.72540481
1779472263.26801062 -0.61557528 2.50921460 0.35444735 0.43574672 -0.32657026 0.42222845 0.72470670
1779472263.27832484 -0.61903825 2.50612003 0.35399191 0.43632198 -0.32702895 0.42250234 0.72399376
1779472263.28861833 -0.62054561 2.50486442 0.34693889 0.43579447 -0.32718382 0.42292248 0.72399620
1779472263.29898548 -0.62200780 2.50167360 0.35325706 0.43717063 -0.32802125 0.42246123 0.72305630
1779472263.29917240 -0.62187530 2.50125424 0.35283935 0.43719424 -0.32824750 0.42241747 0.72296490
1779472263.30933046 -0.62183475 2.49974916 0.35195725 0.43743548 -0.32862402 0.42219046 0.72278052
1779472263.31964207 -0.62359700 2.49809140 0.34748224 0.43740650 -0.32865062 0.42238076 0.72267477
1779472263.33003449 -0.62722077 2.49422357 0.35144517 0.43872163 -0.32928483 0.42226289 0.72165704
1779472263.34035945 -0.62595930 2.49283809 0.35187302 0.43914706 -0.32966694 0.42170366 0.72155082
1779472263.35071087 -0.62607958 2.49114980 0.34993164 0.43923244 -0.33045786 0.42153400 0.72123613
1779472263.36095715 -0.62894346 2.48853568 0.34896963 0.43983160 -0.33052665 0.42154577 0.72083248
1779472263.37121773 -0.62923656 2.48704071 0.34870611 0.44012007 -0.33104823 0.42131052 0.72055453
1779472263.38149929 -0.63008885 2.48556138 0.34427661 0.44008485 -0.33097706 0.42124192 0.72064884
1779472263.39177632 -0.63146682 2.48402794 0.33950330 0.44003416 -0.33077522 0.42122007 0.72078522
1779472263.40205717 -0.63030105 2.48215861 0.34311724 0.44081071 -0.33167264 0.42048229 0.72032896
1779472263.40223408 -0.62982053 2.48208328 0.34110198 0.44068537 -0.33144978 0.42036520 0.72057654
1779472263.41232729 -0.63179502 2.48110227 0.33577196 0.44032095 -0.33139964 0.42070297 0.72062525
1779472263.42265630 -0.63155197 2.47914274 0.33609128 0.44094348 -0.33157147 0.42000971 0.72056995
1779472263.43295646 -0.63210974 2.47744780 0.33313322 0.44107345 -0.33161439 0.41972224 0.72063816
1779472263.44325900 -0.63231775 2.47753232 0.32498756 0.44023955 -0.33123320 0.41988492 0.72122837
1779472263.45354176 -0.63356976 2.47535799 0.32391618 0.44078649 -0.33101666 0.41946691 0.72123696
1779472263.46382809 -0.63252614 2.47562543 0.31322949 0.43958166 -0.33072301 0.41944811 0.72211740
1779472263.47413707 -0.63009453 2.47429652 0.31303930 0.43990110 -0.33114667 0.41845850 0.72230284
1779472263.48442459 -0.62965111 2.47440023 0.30465334 0.43908353 -0.33052241 0.41840089 0.72311913
1779472263.49471378 -0.62860127 2.47261919 0.30412064 0.43934343 -0.33116244 0.41768729 0.72308099
1779472263.50497651 -0.62783635 2.47168664 0.30033089 0.43929244 -0.33095585 0.41708457 0.72355431
1779472263.51524758 -0.62475320 2.47162114 0.29589932 0.43879859 -0.33110346 0.41640984 0.72417480
1779472263.52552962 -0.62289634 2.47189870 0.28512193 0.43771054 -0.33028985 0.41604979 0.72541069
1779472263.53584790 -0.62253782 2.46989345 0.28640656 0.43838005 -0.33067086 0.41517709 0.72533282
1779472263.54614258 -0.62162980 2.46951148 0.28228800 0.43810729 -0.33055579 0.41476297 0.72578685
1779472263.54633236 -0.62014393 2.46936680 0.28291860 0.43834801 -0.33045001 0.41421019 0.72600532
1779472263.55643702 -0.61949018 2.46843145 0.28136609 0.43842707 -0.33063439 0.41367367 0.72617952
1779472263.56673050 -0.61586802 2.46843265 0.27642375 0.43819229 -0.33017396 0.41252589 0.72718296
1779472263.57700396 -0.61601157 2.46713379 0.27467420 0.43866064 -0.32967941 0.41171054 0.72758695
1779472263.58729649 -0.61397991 2.46666148 0.27373160 0.43890066 -0.32956269 0.41077905 0.72802144
1779472263.59760404 -0.61344487 2.46655991 0.26617118 0.43845998 -0.32861472 0.41024177 0.72901776
1779472263.60795045 -0.61067545 2.46603421 0.26400549 0.43862545 -0.32846041 0.40903786 0.72966396
1779472263.61828756 -0.60992645 2.46632646 0.25763495 0.43830463 -0.32729928 0.40849431 0.73068231
1779472263.61844373 -0.61006599 2.46572810 0.25744012 0.43849415 -0.32712661 0.40824681 0.73078424
1779472263.62855697 -0.61148078 2.46386191 0.26142115 0.43971902 -0.32707493 0.40746130 0.73050973
1779472263.63889956 -0.60892938 2.46474315 0.25310391 0.43907902 -0.32603141 0.40658192 0.73184990
1779472263.64923644 -0.60728581 2.46569623 0.24384226 0.43812479 -0.32515508 0.40621874 0.73301240
1779472263.65953255 -0.60500267 2.46513983 0.24344645 0.43860573 -0.32504766 0.40492098 0.73349031
1779472263.66987944 -0.60240585 2.46557204 0.23827663 0.43848458 -0.32412393 0.40375759 0.73461198
1779472263.68023467 -0.60126485 2.46543689 0.23326510 0.43843649 -0.32320507 0.40282818 0.73555515
1779472263.69052124 -0.60280991 2.46497634 0.22855361 0.43839429 -0.32223506 0.40256857 0.73614778
1779472263.70087481 -0.60251996 2.46559980 0.21700662 0.43731393 -0.32100057 0.40230311 0.73747364
1779472263.71118212 -0.60350723 2.46446302 0.21500181 0.43786270 -0.32005596 0.40145138 0.73802251
1779472263.72143936 -0.60475688 2.46374236 0.20847011 0.43769584 -0.31881950 0.40098930 0.73890734
1779472263.73168993 -0.60320138 2.46384472 0.20272153 0.43716193 -0.31842229 0.40044675 0.73968851
1779472263.74196148 -0.60535877 2.46328893 0.19287070 0.43639639 -0.31728855 0.40047026 0.74061443
1779472263.75222707 -0.60535010 2.46295884 0.18467803 0.43568125 -0.31670048 0.40013697 0.74146683
1779472263.76250362 -0.60720977 2.46176821 0.18025261 0.43549942 -0.31627138 0.40005606 0.74180040
1779472263.77281785 -0.60501008 2.46293387 0.16453645 0.43341010 -0.31545846 0.39996120 0.74341959
1779472263.78301573 -0.60761840 2.46099531 0.16221819 0.43375492 -0.31505538 0.39961743 0.74357427
1779472263.79335880 -0.60935048 2.46023411 0.15356979 0.43290367 -0.31436566 0.39982219 0.74425188
1779472263.80371094 -0.60999707 2.45961873 0.14597390 0.43215635 -0.31418580 0.39970230 0.74482632
1779472263.81404877 -0.61338469 2.45751777 0.14119610 0.43221713 -0.31344069 0.39962156 0.74514824
1779472263.82434464 -0.61592260 2.45634194 0.13222607 0.43135818 -0.31308490 0.39991880 0.74563592
1779472263.83470917 -0.61797804 2.45554781 0.12353774 0.43062945 -0.31201846 0.40008357 0.74641536
1779472263.84501505 -0.62041614 2.45328581 0.12267236 0.43116011 -0.31184120 0.39967235 0.74640340
1779472263.85534787 -0.61943877 2.45256054 0.11390474 0.43018817 -0.31173129 0.39938510 0.74716349
1779472263.86579680 -0.62396121 2.45000285 0.11258148 0.43081912 -0.31127832 0.39932058 0.74702328
1779472263.87605166 -0.62707514 2.44855928 0.10486963 0.43028400 -0.31031524 0.39962938 0.74756705
1779472263.88631988 -0.62827182 2.44615093 0.10678173 0.43121283 -0.31050439 0.39886495 0.74736154
1779472263.89659071 -0.63204893 2.44370141 0.10407346 0.43170916 -0.30949751 0.39861988 0.74762336
1779472263.90691018 -0.63158615 2.44227549 0.10456091 0.43217640 -0.30958140 0.39787983 0.74771288
1779472263.91722131 -0.63561184 2.43963504 0.10069396 0.43251585 -0.30847017 0.39777181 0.74803328
1779472263.92747140 -0.63635992 2.43837459 0.09233958 0.43195494 -0.30725032 0.39742472 0.74904323
1779472263.93776536 -0.63967490 2.43548281 0.09730360 0.43345731 -0.30701221 0.39686294 0.74857068
1779472263.93791914 -0.63851229 2.43547567 0.09417137 0.43299852 -0.30708230 0.39674543 0.74886968
1779472263.94798541 -0.64017141 2.43437951 0.08974746 0.43300044 -0.30594555 0.39646148 0.74948398
1779472263.95828867 -0.64031052 2.43201513 0.09358165 0.43435575 -0.30577380 0.39519346 0.74943952
1779472263.96859169 -0.64044133 2.43110299 0.08656806 0.43391212 -0.30507009 0.39477574 0.75020306
1779472263.97893500 -0.64005361 2.42990047 0.08978392 0.43496343 -0.30504816 0.39373540 0.75014990
1779472263.98927307 -0.63986564 2.42923192 0.08309373 0.43464706 -0.30437703 0.39318126 0.75089617
1779472263.99964643 -0.64087052 2.42673999 0.09462562 0.43718669 -0.30541747 0.39177592 0.74973302
1779472264.00994110 -0.64036356 2.42639545 0.09323464 0.43745238 -0.30545974 0.39113979 0.74989294
1779472264.02028489 -0.64349433 2.42326628 0.10561585 0.44042207 -0.30607709 0.38985390 0.74857141
1779472264.03069139 -0.63942467 2.42395633 0.10155633 0.44014393 -0.30676556 0.38880203 0.74900013
1779472264.04101562 -0.63685188 2.42336652 0.10930025 0.44181178 -0.30838764 0.38727036 0.74814510
1779472264.05138183 -0.63909352 2.42189260 0.11209847 0.44279900 -0.30912165 0.38703088 0.74738206
1779472264.06170154 -0.63833212 2.41978799 0.12648980 0.44572137 -0.31077372 0.38520482 0.74590174
1779472264.07203317 -0.63912576 2.41951207 0.12201611 0.44584013 -0.31054105 0.38482901 0.74612162
1779472264.08238244 -0.63885955 2.41831002 0.12931193 0.44732102 -0.31194747 0.38397191 0.74508943
1779472264.08256412 -0.63839136 2.41791376 0.13169502 0.44785983 -0.31219318 0.38351492 0.74489818
1779472264.09269786 -0.63925943 2.41760744 0.12660341 0.44757306 -0.31213740 0.38354747 0.74507713
1779472264.10302639 -0.64044264 2.41476795 0.13887009 0.45012730 -0.31378303 0.38233482 0.74346870
1779472264.11335444 -0.64176927 2.41514835 0.12405630 0.44860096 -0.31243783 0.38272410 0.74475636
1779472264.12375522 -0.64304229 2.41292071 0.13041070 0.45011922 -0.31323560 0.38204525 0.74385319
1779472264.12394190 -0.64478063 2.41238923 0.12939026 0.45022161 -0.31304072 0.38220443 0.74379149
1779472264.13405561 -0.64684381 2.41211431 0.12049484 0.44930646 -0.31267823 0.38279354 0.74419429
1779472264.14436412 -0.64681956 2.41160036 0.11317252 0.44849044 -0.31330301 0.38294334 0.74434666
1779472264.15466404 -0.64613657 2.41095375 0.11002226 0.44858559 -0.31346225 0.38239764 0.74450280
1779472264.16493058 -0.65041358 2.40853055 0.11149605 0.44946524 -0.31355195 0.38252916 0.74386666
1779472264.17522764 -0.64902268 2.40911355 0.09359030 0.44702862 -0.31311233 0.38308537 0.74523263
1779472264.18551636 -0.64941064 2.40620940 0.10703156 0.44953108 -0.31538911 0.38193822 0.74335370
1779472264.19580078 -0.65155418 2.40504305 0.10115386 0.44911476 -0.31533683 0.38233856 0.74342172
1779472264.20611787 -0.65549235 2.40275440 0.09689623 0.44925342 -0.31525395 0.38275604 0.74315821
1779472264.21642208 -0.65809108 2.40019733 0.09815320 0.44990436 -0.31686072 0.38297424 0.74196771
1779472264.22672367 -0.66025171 2.39815411 0.10151111 0.45100414 -0.31750367 0.38272009 0.74115587
1779472264.22691798 -0.66189693 2.39854779 0.08934477 0.44933432 -0.31651969 0.38369393 0.74208687
1779472264.23705268 -0.66305441 2.39646417 0.09389819 0.45055054 -0.31733796 0.38323131 0.74123856
1779472264.24748278 -0.66662412 2.39478494 0.08575209 0.44984789 -0.31790078 0.38422487 0.74090972
1779472264.25789309 -0.66936488 2.39240171 0.08430392 0.45032141 -0.31855099 0.38438852 0.74025763
1779472264.26825523 -0.67155384 2.39050741 0.08467317 0.45087354 -0.31925461 0.38453077 0.73954420
1779472264.27854395 -0.67335759 2.38848878 0.08087758 0.45090545 -0.31992321 0.38476993 0.73911130
1779472264.28882027 -0.67686538 2.38603447 0.07792786 0.45122297 -0.32038178 0.38522632 0.73848089
1779472264.29915667 -0.67472652 2.38470845 0.08232093 0.45201973 -0.32214960 0.38452138 0.73759142
1779472264.29936147 -0.67049751 2.38488378 0.08987737 0.45327038 -0.32241606 0.38297213 0.73751353
1779472264.30948853 -0.67048037 2.38360569 0.08652717 0.45318092 -0.32277230 0.38290383 0.73744814
1779472264.31977701 -0.67788249 2.37928820 0.09294007 0.45493818 -0.32490809 0.38375739 0.73498044
1779472264.33004713 -0.67801376 2.37771480 0.09191650 0.45529051 -0.32595372 0.38361701 0.73437232
1779472264.34036231 -0.68132039 2.37537315 0.09032899 0.45573674 -0.32608670 0.38396278 0.73385562
1779472264.35066748 -0.68004666 2.37417986 0.08782568 0.45579592 -0.32696996 0.38365844 0.73358498
1779472264.36101437 -0.67963037 2.37282068 0.08489880 0.45585789 -0.32773802 0.38354585 0.73326254
1779472264.37136579 -0.68308424 2.36988521 0.08489310 0.45667290 -0.32830756 0.38380886 0.73236246
1779472264.38169694 -0.68153094 2.36914608 0.08244192 0.45654367 -0.32912815 0.38362204 0.73217257
1779472264.39203191 -0.68760442 2.36759431 0.05862976 0.45384919 -0.32722054 0.38588913 0.73351020
1779472264.40235138 -0.68451322 2.36602836 0.06203867 0.45467700 -0.32862681 0.38491173 0.73288212
1779472264.41265154 -0.68332218 2.36355936 0.07540501 0.45718284 -0.33018781 0.38350515 0.73135741
1779472264.42296243 -0.68136524 2.36298929 0.06470650 0.45603341 -0.32967032 0.38345535 0.73233395
1779472264.43325233 -0.67779576 2.36224681 0.06038046 0.45569787 -0.33010706 0.38286710 0.73265378
1779472264.44355106 -0.67375823 2.36172485 0.05420126 0.45515227 -0.32983632 0.38212214 0.73350330
1779472264.45383382 -0.67540763 2.35952325 0.05250542 0.45547460 -0.32977325 0.38221378 0.73328379
1779472264.46413732 -0.67220387 2.35876037 0.04520803 0.45465704 -0.32992293 0.38192739 0.73387281
1779472264.47443748 -0.66738650 2.35837822 0.03526764 0.45329372 -0.32999014 0.38157966 0.73486616
1779472264.48471284 -0.66666596 2.35694404 0.03354982 0.45347423 -0.32994701 0.38126339 0.73493831
1779472264.49500918 -0.66412675 2.35562142 0.02556235 0.45241721 -0.33066007 0.38145425 0.73517021
1779472264.50527525 -0.66480323 2.35325252 0.02317090 0.45276701 -0.33039300 0.38132458 0.73514221
1779472264.51557994 -0.66649683 2.35271409 -0.00266171 0.44919706 -0.32839837 0.38324818 0.73722272
1779472264.52600026 -0.66004290 2.35112929 0.00968061 0.45139562 -0.32997553 0.38099400 0.73634347
1779472264.53631234 -0.66011295 2.34926265 -0.00172568 0.45030754 -0.32897400 0.38144627 0.73722315
1779472264.54669023 -0.66070613 2.34703791 -0.00559098 0.45038123 -0.32885864 0.38160090 0.73714957
1779472264.55705023 -0.66043527 2.34560686 -0.01115251 0.45005954 -0.32831998 0.38166959 0.73755048
1779472264.56739068 -0.66256589 2.34338257 -0.01761991 0.44992033 -0.32757931 0.38216332 0.73770908
1779472264.57778597 -0.66440149 2.34115659 -0.02776011 0.44905122 -0.32711542 0.38312462 0.73794582
1779472264.58810735 -0.66783919 2.33859753 -0.03495178 0.44906590 -0.32548542 0.38361901 0.73840064
1779472264.59846926 -0.66807767 2.33763163 -0.04485638 0.44774882 -0.32598564 0.38476436 0.73838387
1779472264.60898256 -0.67303970 2.33403069 -0.04364639 0.44944997 -0.32435367 0.38463552 0.73813612
1779472264.61938024 -0.67688270 2.33142372 -0.04843540 0.44985846 -0.32322747 0.38521399 0.73807964
1779472264.62968874 -0.67776567 2.32974262 -0.05884250 0.44899446 -0.32251317 0.38597077 0.73852272
1779472264.63997412 -0.68228299 2.32714992 -0.06319056 0.44933359 -0.32125943 0.38662452 0.73852094
1779472264.65027928 -0.68651339 2.32457609 -0.07024341 0.44927508 -0.32043935 0.38767469 0.73836228
1779472264.66056705 -0.68869683 2.32210563 -0.08072028 0.44858350 -0.31924832 0.38849140 0.73886926
1779472264.67087317 -0.69207505 2.32000293 -0.08889436 0.44808332 -0.31825138 0.38945962 0.73909309
1779472264.68119192 -0.69965419 2.31635362 -0.10906065 0.44610150 -0.31607892 0.39199998 0.73988079
1779472264.69145298 -0.70242875 2.31368824 -0.11485748 0.44621731 -0.31485701 0.39246222 0.74008687
1779472264.70176458 -0.70709142 2.31007048 -0.12183209 0.44622458 -0.31370721 0.39345106 0.74004573
1779472264.71204376 -0.71080756 2.30772231 -0.12304631 0.44688422 -0.31298623 0.39390143 0.73971330
1779472264.72234130 -0.71600391 2.30404137 -0.12637084 0.44757718 -0.31173656 0.39457268 0.73946425
1779472264.73258972 -0.72104635 2.30034045 -0.13164338 0.44787035 -0.31056819 0.39543938 0.73931539
1779472264.74283338 -0.72235230 2.29848847 -0.14467722 0.44639026 -0.30918217 0.39636524 0.74029502
1779472264.75313830 -0.72727620 2.29478337 -0.14910647 0.44676825 -0.30813657 0.39719248 0.74005954
1779472264.76338625 -0.72857613 2.29227198 -0.15770623 0.44615257 -0.30736586 0.39781930 0.74041469
1779472264.77362776 -0.72918627 2.29063309 -0.16413784 0.44565697 -0.30682258 0.39821911 0.74072350
1779472264.78390145 -0.73157378 2.28740565 -0.17153097 0.44522400 -0.30658931 0.39914377 0.74058277
1779472264.79413724 -0.73217635 2.28520105 -0.18165680 0.44416847 -0.30628949 0.40000210 0.74087748
1779472264.80460238 -0.73457752 2.28255869 -0.18885474 0.44365905 -0.30554307 0.40075094 0.74108620
1779472264.80493617 -0.73486629 2.28190133 -0.18769737 0.44401414 -0.30576460 0.40070897 0.74080481
1779472264.81502199 -0.73474442 2.27999628 -0.20034525 0.44228370 -0.30552960 0.40174664 0.74137469
1779472264.82536268 -0.73570859 2.27752611 -0.20326331 0.44233950 -0.30651509 0.40243650 0.74056001
1779472264.83565736 -0.73569473 2.27512119 -0.21229018 0.44137795 -0.30641195 0.40310450 0.74081305
1779472264.84599257 -0.73597836 2.27299861 -0.21903761 0.44062482 -0.30698436 0.40393076 0.74057432
1779472264.85633755 -0.73706957 2.27056904 -0.22464954 0.44038367 -0.30680473 0.40443594 0.74051648
1779472264.86667895 -0.73778662 2.26764382 -0.24482187 0.43752657 -0.30595823 0.40615484 0.74161870
1779472264.87699652 -0.73853866 2.26535024 -0.25008146 0.43718202 -0.30656542 0.40690336 0.74116070
1779472264.88729572 -0.73907144 2.26338965 -0.24979592 0.43755585 -0.30759981 0.40724988 0.74032072
1779472264.89758658 -0.73991039 2.25981825 -0.27014377 0.43473763 -0.30663248 0.40895347 0.74144236
1779472264.90789914 -0.73960401 2.25777780 -0.26719239 0.43556484 -0.30859715 0.40919019 0.74000977
1779472264.91818237 -0.74161572 2.25529553 -0.26832124 0.43593950 -0.30893842 0.40964300 0.73939598
1779472264.92848659 -0.74266416 2.25223488 -0.28070610 0.43430759 -0.30893768 0.41099101 0.73960856
1779472264.93878436 -0.74325225 2.24907527 -0.28948967 0.43337370 -0.30923752 0.41191935 0.73951460
1779472264.94906735 -0.74757626 2.24492329 -0.29848519 0.43264821 -0.30926848 0.41352037 0.73903277
1779472264.95935082 -0.75055336 2.24172678 -0.30861253 0.43148979 -0.30913353 0.41499278 0.73894114
1779472264.96962881 -0.75082314 2.23969302 -0.31220370 0.43141297 -0.30935746 0.41526620 0.73873865
1779472264.97988439 -0.75032786 2.23808421 -0.31866193 0.43067575 -0.30947684 0.41570267 0.73887332
1779472264.98004580 -0.74949965 2.23814882 -0.31879959 0.43066471 -0.30993026 0.41570466 0.73868855
1779472264.99017167 -0.75230804 2.23562898 -0.32425163 0.43046733 -0.30939058 0.41633930 0.73867241
1779472265.00051665 -0.75085183 2.23418818 -0.32932931 0.42990880 -0.31067726 0.41685100 0.73816889
1779472265.01079726 -0.75352436 2.23170473 -0.33317050 0.43020833 -0.31013905 0.41713559 0.73805993
1779472265.02104545 -0.75410112 2.23005635 -0.33742342 0.42989972 -0.31077313 0.41774384 0.73762889
1779472265.03131032 -0.75187100 2.22926723 -0.34041522 0.42965388 -0.31255497 0.41803099 0.73685618
1779472265.04157996 -0.75363011 2.22749172 -0.34431480 0.42970524 -0.31292009 0.41857941 0.73635976
1779472265.05193830 -0.75228035 2.22652247 -0.34828593 0.42940863 -0.31426504 0.41894036 0.73575450
1779472265.06222320 -0.75209718 2.22541354 -0.35307387 0.42901439 -0.31463081 0.41927091 0.73563986
1779472265.07251883 -0.74973654 2.22485798 -0.35855410 0.42833106 -0.31616950 0.41970678 0.73512963
1779472265.08280444 -0.74898012 2.22367020 -0.36354614 0.42805712 -0.31664475 0.41983843 0.73500945
1779472265.09305930 -0.74935418 2.22302352 -0.36163801 0.42884943 -0.31728185 0.41961851 0.73439819
1779472265.10347915 -0.75087924 2.22147386 -0.36511638 0.42893401 -0.31776348 0.42008952 0.73387109
1779472265.11375213 -0.74765763 2.22105460 -0.36995370 0.42825444 -0.31934573 0.42032040 0.73344884
1779472265.12416840 -0.74763109 2.22026364 -0.36938959 0.42876331 -0.31999869 0.42018126 0.73294650
1779472265.12438822 -0.74795062 2.21995879 -0.36900867 0.42902183 -0.32011624 0.42009862 0.73279125
1779472265.13444352 -0.74678096 2.21955047 -0.37078912 0.42901383 -0.32085102 0.42006889 0.73249156
1779472265.14474511 -0.74899870 2.21698505 -0.37662738 0.42867954 -0.32121023 0.42089296 0.73205666
1779472265.15505791 -0.75007852 2.21552717 -0.37925100 0.42878290 -0.32179129 0.42123470 0.73154420
1779472265.16531992 -0.74877202 2.21483366 -0.38055695 0.42885921 -0.32239059 0.42099870 0.73137144
1779472265.17568755 -0.74639508 2.21347469 -0.38828808 0.42756806 -0.32439082 0.42200632 0.73066190
1779472265.18600631 -0.74744228 2.21178042 -0.39414646 0.42698239 -0.32441244 0.42259236 0.73065608
1779472265.19630742 -0.74893352 2.21000181 -0.39688579 0.42718176 -0.32435251 0.42266959 0.73052147
1779472265.19650626 -0.74754226 2.21007206 -0.39755989 0.42704051 -0.32482090 0.42258390 0.73044551
1779472265.20666027 -0.74886764 2.20747071 -0.40722412 0.42577897 -0.32491906 0.42374148 0.73046768
1779472265.21696711 -0.74936119 2.20544529 -0.41384844 0.42501175 -0.32587861 0.42467752 0.72994325
1779472265.22730160 -0.74906260 2.20452238 -0.41400396 0.42537940 -0.32697822 0.42468739 0.72923126
1779472265.23757768 -0.75022642 2.20260868 -0.41925733 0.42483737 -0.32732410 0.42541837 0.72896595
1779472265.24783754 -0.75028380 2.20151069 -0.41928619 0.42519017 -0.32857813 0.42558582 0.72809782
1779472265.25817084 -0.75323216 2.19853626 -0.42554112 0.42476315 -0.32872556 0.42658898 0.72769336
1779472265.26850891 -0.75237967 2.19785226 -0.42670984 0.42470499 -0.32998458 0.42685019 0.72700397
1779472265.27885056 -0.75423934 2.19569719 -0.43153696 0.42447345 -0.33016322 0.42743036 0.72671716
1779472265.28920674 -0.75773163 2.19293729 -0.43519044 0.42452777 -0.33041341 0.42826566 0.72607966
1779472265.29952025 -0.75884501 2.19081882 -0.44022106 0.42411217 -0.33127886 0.42907314 0.72545118
1779472265.30982113 -0.75778031 2.19116708 -0.43810392 0.42472817 -0.33171187 0.42840034 0.72529054
1779472265.32010317 -0.76313619 2.18809264 -0.44191595 0.42490864 -0.33171535 0.42948691 0.72454024
1779472265.33040023 -0.75871226 2.18984123 -0.43439305 0.42646857 -0.33225584 0.42729866 0.72466991
1779472265.34070539 -0.75859539 2.18965436 -0.43266985 0.42718061 -0.33232356 0.42664404 0.72460516
1779472265.34088731 -0.75911403 2.18929265 -0.43278234 0.42721675 -0.33295253 0.42696169 0.72410785
1779472265.35099602 -0.76391532 2.18738741 -0.43067696 0.42818340 -0.33400166 0.42779166 0.72256222
1779472265.36128235 -0.76530654 2.18583894 -0.43368831 0.42825752 -0.33389313 0.42782090 0.72255114
1779472265.37154436 -0.76567551 2.18540225 -0.43390557 0.42868412 -0.33396857 0.42735488 0.72253908
1779472265.38177752 -0.76657928 2.18499368 -0.43207931 0.42935825 -0.33463961 0.42717866 0.72193228
1779472265.39217639 -0.76658089 2.18284483 -0.44293078 0.42796905 -0.33382726 0.42757621 0.72289725
1779472265.40248656 -0.76823967 2.18149157 -0.44686934 0.42781241 -0.33382758 0.42778902 0.72286392
1779472265.41276574 -0.77071757 2.18026585 -0.44714468 0.42831714 -0.33370811 0.42776046 0.72263706
1779472265.41299915 -0.77016358 2.18040101 -0.44705640 0.42840001 -0.33370175 0.42747736 0.72275838
1779472265.42313480 -0.77289296 2.17879719 -0.44981809 0.42848016 -0.33318836 0.42761834 0.72286432
1779472265.43355727 -0.77240260 2.17863296 -0.45104745 0.42865432 -0.33314592 0.42695198 0.72317445
1779472265.44393229 -0.77237616 2.17762157 -0.45499580 0.42829062 -0.33344295 0.42692737 0.72326756
1779472265.45428228 -0.77292504 2.17732627 -0.45581384 0.42857960 -0.33266753 0.42615408 0.72390921
1779472265.45467734 -0.77537749 2.17524897 -0.46410864 0.42727206 -0.33282250 0.42767062 0.72371652
1779472265.46475530 -0.77273898 2.17620736 -0.46235614 0.42777735 -0.33246632 0.42610085 0.72450724
1779472265.47513056 -0.77664473 2.17248528 -0.47612045 0.42593072 -0.33208694 0.42778166 0.72477868
1779472265.48550820 -0.77678348 2.17189868 -0.47868979 0.42585723 -0.33182450 0.42721353 0.72527700
1779472265.49588943 -0.77711048 2.17061975 -0.48533541 0.42495653 -0.33174064 0.42750292 0.72567303
1779472265.50619960 -0.77621840 2.17031422 -0.48824209 0.42474393 -0.33149245 0.42673373 0.72636332
1779472265.51655269 -0.77671240 2.16860692 -0.49702396 0.42354962 -0.33112504 0.42694233 0.72710534
1779472265.52691483 -0.77448581 2.16786997 -0.50459129 0.42234032 -0.33130313 0.42668765 0.72787673
1779472265.53719640 -0.77440786 2.16789627 -0.50495349 0.42252071 -0.33135791 0.42608261 0.72810150
1779472265.54751563 -0.77078795 2.16845929 -0.50916703 0.42178424 -0.33186835 0.42523592 0.72879069
1779472265.55781341 -0.77175004 2.16697199 -0.51591235 0.42098496 -0.33162631 0.42528441 0.72933451
1779472265.56805182 -0.77116064 2.16575886 -0.52330893 0.41987582 -0.33157314 0.42540373 0.72992822
1779472265.57831669 -0.77131428 2.16559084 -0.52542031 0.41983774 -0.33174400 0.42486694 0.73018509
1779472265.58865333 -0.76823887 2.16572544 -0.53191666 0.41875756 -0.33178873 0.42409175 0.73123494
1779472265.59911895 -0.76732559 2.16522446 -0.53696206 0.41804903 -0.33185106 0.42385546 0.73174888
1779472265.59931207 -0.76848112 2.16533099 -0.53544055 0.41849268 -0.33176577 0.42361126 0.73167537
1779472265.60949039 -0.76813647 2.16368730 -0.54412100 0.41717602 -0.33181324 0.42398142 0.73219116
1779472265.61982250 -0.76763317 2.16421913 -0.54652268 0.41707612 -0.33157598 0.42299631 0.73292496
1779472265.63010216 -0.77153867 2.16141992 -0.55411197 0.41636061 -0.33164892 0.42387100 0.73279343
1779472265.64041328 -0.77168033 2.16083325 -0.55821724 0.41587627 -0.33168330 0.42370175 0.73315070
1779472265.65072012 -0.77030978 2.16104109 -0.56180138 0.41549493 -0.33137338 0.42264659 0.73411546
1779472265.66099238 -0.76302255 2.16363332 -0.56646399 0.41441776 -0.33144098 0.42061649 0.73585771
1779472265.67131782 -0.76880712 2.16163008 -0.56797659 0.41485162 -0.33142164 0.42128756 0.73523780
1779472265.67148805 -0.76971473 2.16068640 -0.57134450 0.41439502 -0.33123457 0.42157496 0.73541483
1779472265.68164611 -0.76643542 2.16050614 -0.57911482 0.41302553 -0.33124927 0.42108304 0.73645971
1779472265.69194055 -0.76487602 2.16140658 -0.58231916 0.41271710 -0.33087506 0.41982182 0.73752012
1779472265.70217443 -0.76759569 2.15907500 -0.59056417 0.41182827 -0.33039128 0.42016392 0.73803886
1779472265.71246028 -0.76911900 2.15794404 -0.59528122 0.41140891 -0.32994947 0.42003384 0.73854427
1779472265.72279525 -0.76771364 2.15822483 -0.60000523 0.41086833 -0.32908644 0.41871746 0.73997636
1779472265.73301721 -0.77112170 2.15577315 -0.60781422 0.41014562 -0.32866508 0.41914598 0.74032188
1779472265.74325299 -0.77318001 2.15511262 -0.61030118 0.41014164 -0.32806651 0.41875894 0.74080844
1779472265.75348806 -0.77734959 2.15404313 -0.61251961 0.41045678 -0.32741238 0.41847165 0.74108558
1779472265.76377058 -0.78000815 2.15325646 -0.61586562 0.41044696 -0.32701090 0.41812465 0.74146405
1779472265.77409697 -0.78145834 2.15340376 -0.61742361 0.41065595 -0.32652227 0.41718904 0.74209043
1779472265.78441262 -0.79024110 2.14865286 -0.62493080 0.41029130 -0.32635921 0.41917013 0.74124700
1779472265.79472613 -0.79115328 2.14780489 -0.63033444 0.40977864 -0.32624756 0.41880986 0.74178319
1779472265.80502462 -0.78998233 2.14902336 -0.63167320 0.40981153 -0.32596374 0.41729873 0.74274082
1779472265.81534076 -0.78701461 2.15020190 -0.63397116 0.40939947 -0.32693092 0.41658381 0.74294426
1779472265.82563519 -0.79227110 2.14836969 -0.63712281 0.40961714 -0.32651334 0.41666927 0.74296000
1779472265.83597136 -0.78690202 2.15217487 -0.63549082 0.40979729 -0.32635192 0.41387138 0.74449384
1779472265.84629583 -0.78924853 2.15089407 -0.64050901 0.40941175 -0.32642328 0.41382119 0.74470255
1779472265.85669327 -0.79052628 2.15067109 -0.64229810 0.40943109 -0.32648612 0.41345916 0.74486543
1779472265.86702728 -0.79053344 2.15081809 -0.64601366 0.40907378 -0.32680719 0.41287167 0.74524673
1779472265.87742543 -0.79114690 2.15167600 -0.64609482 0.40940758 -0.32693375 0.41181602 0.74559193
1779472265.88773680 -0.79390352 2.15052837 -0.64918829 0.40929804 -0.32702862 0.41196530 0.74552799
1779472265.89806461 -0.79545341 2.15057399 -0.64989685 0.40959548 -0.32743204 0.41135409 0.74552506
1779472265.90838861 -0.79700679 2.15088931 -0.65060908 0.40986076 -0.32760483 0.41062252 0.74570663
1779472265.91866970 -0.79895687 2.14993186 -0.65548049 0.40940708 -0.32757070 0.41044783 0.74606693
1779472265.92895651 -0.80001381 2.14993796 -0.65645636 0.40950225 -0.32778218 0.41001703 0.74615868
1779472265.93928480 -0.80184515 2.14958631 -0.65877272 0.40946823 -0.32828534 0.40981180 0.74606889
1779472265.94958377 -0.80610485 2.14777811 -0.66271344 0.40935384 -0.32780718 0.40980002 0.74634833
1779472265.95988011 -0.80714085 2.14833125 -0.66235545 0.40970219 -0.32786352 0.40908619 0.74652403
1779472265.97016072 -0.80942284 2.14655255 -0.66867404 0.40899195 -0.32826296 0.40951148 0.74650476
1779472265.98047495 -0.81331610 2.14553994 -0.67023766 0.40922191 -0.32834524 0.40946477 0.74636816
1779472265.99077606 -0.81553091 2.14511650 -0.67208728 0.40928219 -0.32883782 0.40931942 0.74619795
1779472266.00110149 -0.81860224 2.14318005 -0.67712496 0.40877066 -0.32898955 0.40993199 0.74607519
1779472266.01141047 -0.81810662 2.14365742 -0.67897010 0.40858736 -0.32994389 0.40948189 0.74600132
1779472266.02178407 -0.82157047 2.14200197 -0.68301445 0.40834322 -0.32991472 0.40962717 0.74606814
1779472266.03201699 -0.82144971 2.14213057 -0.68454847 0.40813648 -0.33127796 0.40982354 0.74546911
1779472266.04238772 -0.82279872 2.14137913 -0.68813497 0.40779201 -0.33177528 0.40978505 0.74545761
1779472266.05272698 -0.82339629 2.14097288 -0.69118653 0.40749472 -0.33229454 0.40952841 0.74552993
1779472266.06306982 -0.82582358 2.13957514 -0.69413615 0.40727809 -0.33380879 0.41038947 0.74449764
1779472266.07337785 -0.82608310 2.13830527 -0.69940406 0.40651651 -0.33406082 0.41052613 0.74472544
1779472266.08367991 -0.82793103 2.13776413 -0.70051447 0.40664105 -0.33481114 0.41055820 0.74430271
1779472266.09394217 -0.83214233 2.13509961 -0.70487782 0.40644903 -0.33481478 0.41112181 0.74409482
1779472266.10421276 -0.83335722 2.13357722 -0.70935181 0.40584029 -0.33537965 0.41171974 0.74384205
1779472266.11448002 -0.83627521 2.12997034 -0.71835287 0.40466222 -0.33594446 0.41312432 0.74345014
1779472266.12476301 -0.83814088 2.12820268 -0.72236283 0.40432010 -0.33625187 0.41346215 0.74330948
1779472266.13506532 -0.84140326 2.12613712 -0.72519353 0.40422496 -0.33677216 0.41434481 0.74263387
1779472266.14532518 -0.84697761 2.12219221 -0.73111816 0.40387739 -0.33677816 0.41569487 0.74206557
1779472266.15566897 -0.85174127 2.11840083 -0.73798785 0.40325460 -0.33753281 0.41749743 0.74104874
1779472266.16601038 -0.85811659 2.11529016 -0.74005035 0.40365238 -0.33734192 0.41859979 0.74029683
1779472266.16619086 -0.85895961 2.11446627 -0.74173395 0.40348357 -0.33757315 0.41901143 0.74005054
1779472266.17635918 -0.86437321 2.11183621 -0.74430524 0.40369868 -0.33784980 0.42026792 0.73909388
1779472266.18666458 -0.86900029 2.10880458 -0.74915910 0.40357253 -0.33833550 0.42163558 0.73816106
1779472266.19699645 -0.87446783 2.10673616 -0.75044513 0.40413821 -0.33889315 0.42277834 0.73694113
1779472266.20734262 -0.87843974 2.10542468 -0.75076456 0.40474520 -0.33938540 0.42354784 0.73593893
1779472266.21765804 -0.88475475 2.10242030 -0.75448667 0.40507229 -0.33976371 0.42511124 0.73468190
1779472266.22797918 -0.89516269 2.09922460 -0.75329458 0.40657017 -0.33994165 0.42680965 0.73278503
1779472266.23829293 -0.89823039 2.09763114 -0.75640806 0.40678559 -0.34049983 0.42765992 0.73191007
1779472266.24860072 -0.90891622 2.09193059 -0.76173580 0.40715131 -0.34016183 0.43023607 0.73035242
1779472266.25890398 -0.91354944 2.09051489 -0.76264689 0.40787106 -0.34034304 0.43091119 0.72946786
1779472266.26919699 -0.92254342 2.08663365 -0.76498001 0.40874110 -0.34049081 0.43280029 0.72779161
1779472266.27957296 -0.92861274 2.08511721 -0.76336407 0.40990762 -0.34052575 0.43353238 0.72668262
1779472266.27978539 -0.93107627 2.08346041 -0.76602733 0.40976666 -0.34032901 0.43421204 0.72644846
1779472266.28992629 -0.93508273 2.08204016 -0.76640337 0.41041328 -0.34086028 0.43507666 0.72531614
1779472266.30021930 -0.94230191 2.07859458 -0.76944037 0.41100381 -0.34058517 0.43642374 0.72430100
1779472266.31051469 -0.95062026 2.07480979 -0.77089405 0.41194699 -0.34036002 0.43783399 0.72301877
1779472266.32080722 -0.95743795 2.07097366 -0.77431551 0.41228983 -0.34053334 0.43959862 0.72166973
1779472266.33110738 -0.96258936 2.06904482 -0.77438446 0.41320420 -0.34034262 0.44008791 0.72093816
1779472266.34141040 -0.97025469 2.06492523 -0.77691905 0.41389010 -0.34034825 0.44165840 0.71958037
1779472266.35171437 -0.97377391 2.06285508 -0.77899851 0.41416148 -0.34036309 0.44236810 0.71898102
1779472266.35191870 -0.97459874 2.06126802 -0.78271289 0.41372540 -0.34029997 0.44292444 0.71891944
1779472266.36203408 -0.98070983 2.05822212 -0.78379750 0.41438110 -0.34002022 0.44390224 0.71807058
1779472266.37234354 -0.98498085 2.05556357 -0.78536038 0.41493798 -0.34006952 0.44459186 0.71729860
1779472266.38264775 -0.99207141 2.05037221 -0.79095878 0.41505931 -0.33964813 0.44623796 0.71640533
1779472266.39294744 -0.99571811 2.04848588 -0.79154964 0.41557921 -0.33979947 0.44684274 0.71565481
1779472266.40325880 -1.00274306 2.04403047 -0.79422917 0.41617900 -0.33922347 0.44792140 0.71490482
1779472266.41357470 -1.00816744 2.04016561 -0.79730446 0.41654297 -0.33833850 0.44850167 0.71474839
1779472266.42427754 -1.01556747 2.03729191 -0.79539801 0.41795083 -0.33793943 0.44908387 0.71374906
1779472266.43465233 -1.02208059 2.03323243 -0.79734316 0.41854550 -0.33738307 0.45010067 0.71302294
1779472266.44501710 -1.02440212 2.03162253 -0.79791303 0.41900862 -0.33746742 0.45029302 0.71258944
1779472266.45533609 -1.03149636 2.02783014 -0.79876841 0.42007480 -0.33692512 0.45094893 0.71180312
1779472266.46562672 -1.03576351 2.02584347 -0.79865285 0.42084210 -0.33704845 0.45150525 0.71093831
1779472266.46581244 -1.03681337 2.02515631 -0.79874948 0.42104082 -0.33692604 0.45152781 0.71086434
1779472266.47597313 -1.04262719 2.02165463 -0.80094225 0.42156229 -0.33638861 0.45237464 0.71027117
1779472266.48627400 -1.04348842 2.02266013 -0.79720105 0.42286769 -0.33703995 0.45165132 0.70964644
1779472266.49658680 -1.04651525 2.02110277 -0.79751181 0.42364159 -0.33709927 0.45170763 0.70912065
1779472266.50693774 -1.04906213 2.02064656 -0.79549301 0.42460664 -0.33690087 0.45131923 0.70888501
1779472266.51727366 -1.05178926 2.01858345 -0.79812267 0.42497229 -0.33713494 0.45174743 0.70828161
1779472266.52757645 -1.05547261 2.01758480 -0.79665748 0.42610167 -0.33724765 0.45170112 0.70757861
1779472266.53792572 -1.05529344 2.01858065 -0.79431543 0.42698266 -0.33768531 0.45090372 0.70734735
1779472266.53810620 -1.05592334 2.01817767 -0.79452408 0.42716229 -0.33769597 0.45090561 0.70723260
1779472266.54823518 -1.05766314 2.01718565 -0.79576756 0.42748364 -0.33751217 0.45080699 0.70718904
1779472266.55854535 -1.06220192 2.01799630 -0.78791953 0.42991833 -0.33788701 0.45004992 0.70601535
1779472266.56885743 -1.08230433 2.01297810 -0.77411812 0.43468736 -0.33608332 0.45097370 0.70336166
1779472266.57912946 -1.08446680 2.01202196 -0.77410106 0.43533782 -0.33627020 0.45101316 0.70284455
1779472266.58944964 -1.08574375 2.01090962 -0.77602617 0.43571081 -0.33619634 0.45079714 0.70278734
1779472266.59977794 -1.08752804 2.01064708 -0.77450657 0.43669645 -0.33646727 0.45037355 0.70231734
1779472266.61005092 -1.09122841 2.00911947 -0.77355780 0.43759067 -0.33611185 0.45032958 0.70195904
1779472266.61023617 -1.09444794 2.00753449 -0.77299616 0.43810645 -0.33520223 0.45026934 0.70211090
1779472266.62035918 -1.09329092 2.00741184 -0.77532090 0.43806764 -0.33593849 0.45022561 0.70181121
1779472266.63067102 -1.09860645 2.00394420 -0.77720710 0.43874173 -0.33532268 0.45067560 0.70139568
1779472266.64100361 -1.09852579 2.00296385 -0.77918400 0.43882454 -0.33483704 0.45012559 0.70192887
1779472266.65130782 -1.10079431 1.99993855 -0.78429659 0.43872125 -0.33485115 0.45073510 0.70159549
1779472266.66161752 -1.10326997 1.99739847 -0.78665958 0.43905910 -0.33357490 0.45018819 0.70234286
1779472266.67193294 -1.10799049 1.99425117 -0.78736319 0.43989691 -0.33282860 0.45030036 0.70210072
1779472266.68224216 -1.10886082 1.99169893 -0.79251337 0.43950513 -0.33261002 0.45064215 0.70223036
1779472266.68243527 -1.10856319 1.99127509 -0.79379419 0.43939097 -0.33250648 0.45052359 0.70242687
1779472266.69254422 -1.10964459 1.98892283 -0.79759959 0.43928111 -0.33239558 0.45081847 0.70235888
1779472266.70285320 -1.11424264 1.98426340 -0.80192162 0.43946864 -0.33145672 0.45136490 0.70233431
1779472266.71317148 -1.10470443 1.98261559 -0.81829088 0.43629335 -0.33167772 0.45098735 0.70444901
1779472266.72347164 -1.09379065 1.98119458 -0.83582151 0.43265310 -0.33247421 0.45108829 0.70625176
1779472266.73377943 -1.09744851 1.97678054 -0.84079547 0.43267559 -0.33164905 0.45159909 0.70629951
1779472266.74409199 -1.10000669 1.97359146 -0.84398387 0.43292142 -0.33108482 0.45171734 0.70633797
1779472266.75439358 -1.10080870 1.97052617 -0.84943326 0.43250422 -0.33073762 0.45207997 0.70652419
1779472266.76474428 -1.10197194 1.96703363 -0.85525380 0.43225219 -0.33047723 0.45248916 0.70653832
1779472266.77509093 -1.10556700 1.96386627 -0.85722724 0.43289023 -0.32989674 0.45265934 0.70630993
1779472266.78543663 -1.10800362 1.95971192 -0.86312675 0.43277041 -0.32956751 0.45338657 0.70607057
1779472266.79572487 -1.11134008 1.95701271 -0.86478971 0.43318361 -0.32851226 0.45331363 0.70635572
1779472266.80609250 -1.11758090 1.95217709 -0.86730996 0.43392060 -0.32712067 0.45374478 0.70627237
1779472266.81643176 -1.11541648 1.94893628 -0.87755195 0.43262554 -0.32761112 0.45468679 0.70623368
1779472266.82673860 -1.12038942 1.94446748 -0.88174977 0.43312601 -0.32716942 0.45570016 0.70547813
1779472266.83709049 -1.12447766 1.93940924 -0.88773521 0.43312706 -0.32596593 0.45627473 0.70566319
1779472266.84743929 -1.13041425 1.93640266 -0.88699693 0.43448938 -0.32477908 0.45624540 0.70539186
1779472266.85774398 -1.13243248 1.93160369 -0.89564347 0.43401618 -0.32476289 0.45755636 0.70484126
1779472266.86800623 -1.13815769 1.92842437 -0.89617551 0.43493469 -0.32345175 0.45770029 0.70478452
1779472266.87830925 -1.14693169 1.92329456 -0.89699045 0.43613782 -0.32091323 0.45772980 0.70518219
1779472266.88860846 -1.14529876 1.92076321 -0.90645607 0.43540209 -0.32197226 0.45888424 0.70440339
1779472266.89894438 -1.15092970 1.91653178 -0.90955524 0.43580468 -0.32019468 0.45913271 0.70480267
1779472266.90933204 -1.15181237 1.91327316 -0.91680425 0.43559325 -0.32047113 0.46005645 0.70420511
1779472266.91974020 -1.16156409 1.90828215 -0.91648864 0.43706592 -0.31788045 0.46005738 0.70446619
1779472266.93004775 -1.15988098 1.90460091 -0.92827203 0.43593194 -0.31863673 0.46138856 0.70395637
1779472266.94037914 -1.16398596 1.90170678 -0.93024645 0.43650175 -0.31750880 0.46147087 0.70405896
1779472266.95070004 -1.16935947 1.89517992 -0.93896702 0.43628684 -0.31668995 0.46306394 0.70351479
1779472266.96095204 -1.17044276 1.89233362 -0.94489479 0.43618064 -0.31622006 0.46331001 0.70362998
1779472266.97130632 -1.17375546 1.89123993 -0.94343862 0.43720459 -0.31517824 0.46264597 0.70389881
1779472266.97151017 -1.17546401 1.88922916 -0.94606476 0.43705163 -0.31482228 0.46313198 0.70383348
1779472266.98161817 -1.17534573 1.88589220 -0.95386261 0.43639608 -0.31480263 0.46382107 0.70379527
1779472266.99192691 -1.18379561 1.88151252 -0.95356564 0.43773182 -0.31252804 0.46368670 0.70406798
1779472267.00224352 -1.18139618 1.87965492 -0.96187076 0.43696347 -0.31292752 0.46397846 0.70417560
1779472267.01263309 -1.18595078 1.87782608 -0.96061529 0.43796123 -0.31156791 0.46345484 0.70450338
1779472267.01289487 -1.18690691 1.87750224 -0.96034893 0.43823814 -0.31129012 0.46327749 0.70457062
1779472267.02297473 -1.18453319 1.87379426 -0.97181607 0.43697664 -0.31283133 0.46514116 0.70344273
1779472267.03336239 -1.18957919 1.87271827 -0.96844750 0.43833716 -0.31034845 0.46333660 0.70488550
1779472267.04374433 -1.18926192 1.87100577 -0.97328342 0.43827141 -0.31047560 0.46337750 0.70484351
1779472267.05404425 -1.19200092 1.86780691 -0.97704537 0.43827144 -0.30950465 0.46349449 0.70519350
1779472267.06432700 -1.19367851 1.86405934 -0.98318706 0.43795842 -0.30879559 0.46371875 0.70555129
1779472267.07460070 -1.19525520 1.86134658 -0.98744349 0.43789388 -0.30770781 0.46329233 0.70634628
1779472267.08488560 -1.19538476 1.86087012 -0.98848587 0.43803852 -0.30679463 0.46224308 0.70734054
1779472267.09515786 -1.19853775 1.85782945 -0.99144072 0.43821977 -0.30531018 0.46172620 0.70820763
1779472267.10542154 -1.19875437 1.85542428 -0.99653707 0.43786062 -0.30443005 0.46119576 0.70915365
1779472267.11574841 -1.20067137 1.85223225 -1.00084494 0.43775647 -0.30333958 0.46083233 0.70992108
1779472267.12601113 -1.19970400 1.85226477 -1.00229264 0.43776939 -0.30308112 0.46001989 0.71055014
1779472267.13632345 -1.20120146 1.84859559 -1.00823637 0.43748118 -0.30287144 0.46049561 0.71050890
1779472267.14664054 -1.19976025 1.84806328 -1.01162967 0.43715727 -0.30177039 0.45896474 0.71216538
1779472267.15693021 -1.20157854 1.84820136 -1.00947117 0.43806748 -0.30142404 0.45815818 0.71227208
1779472267.16719651 -1.20042973 1.84790826 -1.01228903 0.43799360 -0.30109460 0.45716119 0.71309698
1779472267.17744064 -1.20293483 1.84627662 -1.01311985 0.43845715 -0.30008007 0.45631052 0.71378427
1779472267.18777537 -1.20221294 1.84585058 -1.01507390 0.43839549 -0.29951792 0.45532429 0.71468748
1779472267.18794274 -1.20171145 1.84595315 -1.01569058 0.43839569 -0.29955079 0.45506156 0.71484091
1779472267.19809079 -1.19935726 1.84850841 -1.01382080 0.43895331 -0.30007274 0.45381337 0.71507326
1779472267.20845819 -1.20443291 1.84562510 -1.01404780 0.43976563 -0.29892175 0.45345791 0.71528169
1779472267.21872211 -1.20259532 1.84773320 -1.01244382 0.44026269 -0.29846836 0.45138596 0.71647478
1779472267.22906709 -1.20258779 1.84720548 -1.01391666 0.44035718 -0.29834144 0.45086638 0.71679666
1779472267.23934460 -1.20397667 1.84590824 -1.01539439 0.44077907 -0.29846713 0.45071175 0.71658223
1779472267.24962783 -1.20498094 1.84522082 -1.01616995 0.44103640 -0.29743837 0.44939796 0.71767596
1779472267.25995040 -1.20708884 1.84720803 -1.00989623 0.44248299 -0.29783121 0.44898555 0.71688029
1779472267.27020240 -1.21000699 1.84316685 -1.01531964 0.44238545 -0.29667377 0.44845806 0.71775006
1779472267.28054428 -1.21081296 1.84382743 -1.01425882 0.44298425 -0.29606523 0.44705037 0.71850978
1779472267.29081273 -1.21239896 1.84365692 -1.01345260 0.44355744 -0.29590265 0.44655121 0.71853353
1779472267.29099154 -1.21402726 1.84298380 -1.01305285 0.44389562 -0.29570554 0.44653110 0.71841833
1779472267.30120492 -1.21618968 1.84118300 -1.01532827 0.44383995 -0.29446859 0.44579097 0.71941974
1779472267.31155896 -1.21692516 1.84050411 -1.01761763 0.44398225 -0.29432265 0.44524445 0.71973003
1779472267.32187700 -1.21801115 1.84149825 -1.01669683 0.44478425 -0.29454545 0.44450136 0.71960301
1779472267.33218694 -1.21953640 1.84180139 -1.01641500 0.44526371 -0.29412897 0.44370061 0.71997093
1779472267.34248590 -1.21949463 1.84358614 -1.01618665 0.44589947 -0.29450037 0.44277083 0.71999805
1779472267.35276794 -1.21877994 1.84962951 -1.00878837 0.44747361 -0.29450063 0.44011981 0.72064645
1779472267.36308336 -1.21772322 1.84933571 -1.01441693 0.44715552 -0.29537854 0.44027354 0.72039063
1779472267.37343788 -1.21777586 1.85000175 -1.01634745 0.44723303 -0.29539308 0.43969867 0.72068761
1779472267.38374376 -1.21843174 1.85517957 -1.00993538 0.44900177 -0.29612852 0.43809779 0.72026081
1779472267.39401627 -1.21651305 1.85862590 -1.00996674 0.44940913 -0.29674019 0.43677411 0.72055886
1779472267.40430498 -1.21831134 1.86159378 -1.00533779 0.45068745 -0.29661562 0.43543542 0.72062195
1779472267.41459465 -1.21498997 1.86522361 -1.00700819 0.45057911 -0.29700436 0.43379165 0.72152040
1779472267.42490005 -1.21562160 1.86756497 -1.00606077 0.45129667 -0.29715959 0.43265779 0.72168881
1779472267.43525171 -1.21192792 1.86976330 -1.00954186 0.45074259 -0.29773426 0.43171146 0.72236462
1779472267.43543386 -1.21498683 1.87003650 -1.00640308 0.45164723 -0.29748473 0.43154691 0.72200061
1779472267.44555616 -1.21386525 1.87162139 -1.00781894 0.45159225 -0.29757966 0.43059518 0.72256390
1779472267.45585179 -1.21108626 1.87545112 -1.00784308 0.45177630 -0.29805263 0.42892634 0.72324616
1779472267.46614933 -1.21503972 1.87530230 -1.00748505 0.45251860 -0.29758752 0.42840001 0.72328557
1779472267.47645497 -1.21209850 1.87732030 -1.00991114 0.45212012 -0.29789974 0.42729023 0.72406229
1779472267.48675418 -1.21312898 1.87696273 -1.01327450 0.45193838 -0.29765658 0.42672568 0.72460848
1779472267.49707055 -1.21228897 1.87803727 -1.01568256 0.45174559 -0.29769937 0.42569003 0.72531993
1779472267.50737405 -1.21064026 1.87736784 -1.02161223 0.45081033 -0.29779275 0.42537855 0.72604587
1779472267.51765203 -1.21240729 1.87964994 -1.01873275 0.45170164 -0.29752096 0.42393672 0.72644654
1779472267.52792144 -1.20777627 1.87817844 -1.03048581 0.44969298 -0.29829290 0.42395316 0.72736599
1779472267.53826165 -1.20812295 1.87825334 -1.03265418 0.44948085 -0.29793491 0.42316526 0.72810227
1779472267.54855847 -1.20767300 1.88011405 -1.03265610 0.44965358 -0.29782178 0.42166088 0.72891422
1779472267.55886269 -1.20891584 1.87893480 -1.03715335 0.44926494 -0.29772439 0.42138881 0.72935086
1779472267.56916761 -1.20762895 1.88232699 -1.03565120 0.44969957 -0.29807468 0.41969401 0.72991693
1779472267.57941818 -1.20871811 1.88125852 -1.03928411 0.44937011 -0.29795833 0.41952574 0.73026399
1779472267.58978224 -1.20558167 1.88454540 -1.04044619 0.44923804 -0.29862620 0.41795776 0.73097119
1779472267.60004687 -1.20251959 1.88777886 -1.04171508 0.44914478 -0.29937660 0.41649437 0.73155659
1779472267.61030364 -1.20450875 1.88647660 -1.04628396 0.44887995 -0.29954077 0.41657346 0.73160691
1779472267.62059116 -1.20447139 1.88745620 -1.04725639 0.44900999 -0.29990183 0.41595639 0.73173028
1779472267.63090444 -1.20448613 1.89023657 -1.04636916 0.44938491 -0.29997834 0.41438358 0.73236087
1779472267.64122987 -1.20024594 1.89373793 -1.04853042 0.44911856 -0.30126030 0.41318310 0.73267624
1779472267.65154743 -1.20201598 1.89374284 -1.04980080 0.44922429 -0.30111220 0.41267382 0.73295927
1779472267.65177298 -1.20200541 1.89541944 -1.04753778 0.44961398 -0.30104690 0.41187069 0.73319886
1779472267.66193748 -1.20179332 1.89730568 -1.04745602 0.44982091 -0.30128632 0.41088668 0.73352563
1779472267.67223454 -1.20226939 1.89943154 -1.04759262 0.45015470 -0.30167837 0.40989239 0.73371598
1779472267.68257427 -1.20521650 1.89945016 -1.04820116 0.45048140 -0.30134839 0.40909232 0.73409749
1779472267.69292545 -1.20834054 1.90062402 -1.04554191 0.45125006 -0.30084874 0.40797810 0.73445033
1779472267.70318818 -1.20627413 1.90212731 -1.04965554 0.45071923 -0.30149460 0.40715293 0.73496917
1779472267.71348858 -1.21879714 1.90237303 -1.03823346 0.45378307 -0.29978788 0.40591847 0.73446467
1779472267.72382069 -1.23502957 1.90319343 -1.02063391 0.45831037 -0.29846379 0.40560634 0.73236225
1779472267.73415947 -1.23784278 1.90273900 -1.02254534 0.45822947 -0.29786577 0.40476087 0.73312371
1779472267.74446106 -1.23839606 1.90220384 -1.02740986 0.45756952 -0.29778835 0.40415939 0.73389878
1779472267.75480914 -1.24283363 1.90249521 -1.02593069 0.45813373 -0.29701002 0.40302425 0.73448620
1779472267.76514268 -1.24417710 1.90259579 -1.02745644 0.45811593 -0.29700478 0.40253310 0.73476871
1779472267.77545285 -1.24501665 1.90293616 -1.03056074 0.45774193 -0.29687856 0.40165639 0.73553219
1779472267.78572011 -1.24679976 1.90325913 -1.03263046 0.45752175 -0.29647863 0.40062089 0.73639471
1779472267.79599166 -1.24865733 1.90356507 -1.03347490 0.45749093 -0.29604373 0.39975840 0.73705724
1779472267.80628896 -1.24991785 1.90402364 -1.03616130 0.45714395 -0.29579645 0.39875402 0.73791537
1779472267.81657386 -1.25017227 1.90469544 -1.03962669 0.45652493 -0.29556414 0.39759070 0.73901858
1779472267.82696629 -1.25636191 1.90495534 -1.03696725 0.45750656 -0.29501412 0.39686746 0.73902006
1779472267.83727884 -1.25605647 1.90571629 -1.03975511 0.45717990 -0.29548136 0.39636141 0.73930706
1779472267.84754157 -1.24098377 1.90663370 -1.06174881 0.45178198 -0.29600479 0.39430479 0.74350383
1779472267.85777903 -1.25122629 1.90916063 -1.05010163 0.45467331 -0.29506266 0.39289388 0.74286244
1779472267.86804938 -1.26289816 1.90804864 -1.04220556 0.45687958 -0.29354682 0.39257619 0.74227707
1779472267.87832117 -1.24653387 1.90968352 -1.06472485 0.45157716 -0.29500050 0.39090908 0.74581691
1779472267.88868833 -1.24897598 1.90970575 -1.06749148 0.45122181 -0.29453965 0.39006315 0.74665656
1779472267.89900613 -1.25433434 1.91192750 -1.06300495 0.45228930 -0.29367221 0.38846097 0.74718746
1779472267.90924764 -1.25751665 1.91199640 -1.06371752 0.45221523 -0.29276807 0.38746294 0.74810474
1779472267.91954064 -1.26907694 1.91580426 -1.04862525 0.45519907 -0.29057434 0.38488748 0.74847978
1779472267.92984581 -1.26567656 1.91424666 -1.06123072 0.45271339 -0.29061181 0.38430742 0.75026873
1779472267.94011164 -1.27373408 1.91388389 -1.05646230 0.45378134 -0.28890304 0.38323878 0.75082992
1779472267.95038199 -1.28053243 1.91371384 -1.05424533 0.45435739 -0.28744065 0.38200283 0.75167218
1779472267.96066618 -1.28929566 1.91145562 -1.05390113 0.45462884 -0.28530043 0.38109349 0.75278419
1779472267.97095013 -1.29394744 1.91107554 -1.05366965 0.45478658 -0.28426439 0.38035263 0.75345524
1779472267.98123789 -1.30162758 1.90864998 -1.05521529 0.45469717 -0.28242843 0.37965421 0.75455108
1779472267.99152708 -1.31063502 1.90885499 -1.04987036 0.45555675 -0.27976494 0.37758262 0.75606282
1779472268.00181079 -1.31946727 1.90988924 -1.04327979 0.45658307 -0.27715149 0.37532574 0.75752857
1779472268.01208353 -1.32542032 1.90847964 -1.04359728 0.45657702 -0.27565410 0.37458761 0.75844338
1779472268.02243996 -1.33356708 1.90820059 -1.04055836 0.45706212 -0.27346021 0.37298308 0.75973506
1779472268.03268385 -1.34134606 1.90811163 -1.03761329 0.45751160 -0.27138706 0.37136619 0.76099892
1779472268.04300022 -1.34454841 1.90806948 -1.03917819 0.45707139 -0.27032421 0.37034174 0.76214012
1779472268.05349302 -1.35299317 1.90683313 -1.03779223 0.45742852 -0.26839689 0.36927137 0.76312575
1779472268.06379080 -1.35551122 1.90835694 -1.03940337 0.45679075 -0.26720173 0.36742703 0.76481555
1779472268.07405257 -1.35876708 1.91019668 -1.03758091 0.45702672 -0.26644909 0.36611119 0.76556780
1779472268.07422185 -1.35945423 1.91051770 -1.03805042 0.45694455 -0.26633201 0.36581949 0.76579700
1779472268.08432508 -1.36265894 1.91150879 -1.03789173 0.45693549 -0.26563227 0.36477225 0.76654463
1779472268.09459329 -1.36620552 1.91311843 -1.03823896 0.45671850 -0.26470382 0.36321980 0.76773138
1779472268.10485220 -1.36796628 1.91512055 -1.03979697 0.45648321 -0.26461603 0.36205907 0.76844952
1779472268.11511540 -1.37256881 1.91714082 -1.03569246 0.45697279 -0.26333221 0.36032824 0.76941249
1779472268.12536478 -1.37674969 1.91758587 -1.03697985 0.45672439 -0.26248821 0.35923418 0.77035938
1779472268.13563704 -1.38063266 1.91724582 -1.04032218 0.45620098 -0.26189968 0.35854913 0.77118852
1779472268.14600134 -1.38391353 1.91870769 -1.03853727 0.45655553 -0.26147093 0.35755816 0.77158419
1779472268.14622498 -1.38475603 1.91804130 -1.04079211 0.45613850 -0.26127545 0.35750311 0.77192249
1779472268.15631008 -1.38926925 1.91812191 -1.03991175 0.45632846 -0.26046661 0.35670587 0.77245220
1779472268.16658425 -1.39404882 1.91796710 -1.04102218 0.45608529 -0.25947818 0.35567375 0.77340382
1779472268.17688322 -1.39997342 1.91772659 -1.04059795 0.45627952 -0.25859725 0.35486550 0.77395538
1779472268.18721628 -1.40323056 1.91790508 -1.04107808 0.45620437 -0.25808806 0.35415568 0.77449460
1779472268.19757700 -1.40881488 1.91728146 -1.04141130 0.45621876 -0.25723588 0.35340107 0.77511407
1779472268.20788217 -1.41508072 1.91730026 -1.03948781 0.45648184 -0.25590974 0.35214971 0.77596721
1779472268.21817780 -1.41751583 1.91601310 -1.04374188 0.45586618 -0.25574435 0.35205316 0.77642735
1779472268.22845650 -1.42465204 1.91415835 -1.04359945 0.45615248 -0.25486789 0.35174497 0.77668703
1779472268.23870969 -1.43085741 1.91286555 -1.04372374 0.45620128 -0.25385139 0.35108498 0.77728965
1779472268.24901104 -1.43422639 1.91224561 -1.04488215 0.45611939 -0.25348156 0.35067962 0.77764131
1779472268.24918079 -1.43568848 1.91219571 -1.04439649 0.45628447 -0.25336242 0.35054555 0.77764374
1779472268.25927567 -1.44001839 1.91107213 -1.04505852 0.45620247 -0.25258761 0.35003417 0.77817407
1779472268.26953053 -1.44548844 1.90948765 -1.04653422 0.45614489 -0.25190232 0.34964800 0.77860345
1779472268.27982092 -1.45122783 1.90912359 -1.04521878 0.45632464 -0.25073984 0.34852574 0.77937614
1779472268.29002810 -1.45632414 1.90805327 -1.04454951 0.45696207 -0.25079405 0.34874772 0.77888577
1779472268.30030894 -1.45819434 1.90459002 -1.05525876 0.45449999 -0.24890627 0.34754620 0.78146469
1779472268.31061220 -1.46650776 1.90716214 -1.04434161 0.45764631 -0.25013595 0.34790851 0.77907094
1779472268.32097149 -1.46735679 1.90658751 -1.04944131 0.45607449 -0.24848297 0.34622493 0.78126857
1779472268.33130884 -1.47661487 1.90805883 -1.03913357 0.45899307 -0.24906133 0.34647284 0.77926272
1779472268.34162927 -1.47937659 1.90813268 -1.04142457 0.45862318 -0.24844057 0.34549149 0.78011389
1779472268.35193706 -1.48385459 1.90882297 -1.03833338 0.45935074 -0.24793413 0.34477540 0.78016376
1779472268.35212660 -1.48432896 1.90350621 -1.04988667 0.45703754 -0.24669393 0.34505154 0.78179167
1779472268.36220312 -1.49003136 1.90943285 -1.03396775 0.46059655 -0.24752829 0.34417561 0.77982287
1779472268.37250018 -1.49811175 1.91044525 -1.02585490 0.46230710 -0.24633262 0.34293522 0.77973574
1779472268.38284826 -1.50484480 1.90983754 -1.02301357 0.46310447 -0.24545568 0.34233081 0.77980470
1779472268.39319134 -1.51013833 1.90996880 -1.01905048 0.46395658 -0.24458552 0.34154188 0.77991753
1779472268.40348721 -1.51928243 1.90791786 -1.01479404 0.46491464 -0.24281506 0.34080582 0.78022216
1779472268.41377687 -1.52520275 1.90733130 -1.01289142 0.46519860 -0.24128206 0.33957462 0.78106486
1779472268.42408180 -1.53240852 1.90698952 -1.00859525 0.46617341 -0.24008387 0.33870969 0.78122841
1779472268.43441796 -1.53909444 1.91420310 -0.98741269 0.47087349 -0.24126806 0.33778640 0.77843962
1779472268.44467402 -1.54579753 1.91573266 -0.98002747 0.47238654 -0.24025425 0.33651812 0.77838577
1779472268.45493793 -1.55002631 1.91905373 -0.97289554 0.47354211 -0.23909301 0.33446729 0.77892492
1779472268.46518779 -1.55312263 1.92248735 -0.96574248 0.47481488 -0.23852835 0.33288154 0.77900253
1779472268.47549129 -1.55687766 1.92649501 -0.95820660 0.47612243 -0.23770104 0.33085004 0.77932272
1779472268.48573947 -1.55953023 1.93109513 -0.95119371 0.47751554 -0.23740708 0.32905296 0.77932082
1779472268.49602890 -1.56322936 1.93500770 -0.94167161 0.47927439 -0.23673664 0.32738651 0.77914690
1779472268.50628448 -1.56592954 1.93952985 -0.93448211 0.48073063 -0.23639783 0.32561470 0.77909512
1779472268.51655269 -1.57220034 1.94188743 -0.92581348 0.48262432 -0.23556950 0.32436528 0.77869631
1779472268.52692056 -1.57749344 1.94513772 -0.91663742 0.48448214 -0.23471305 0.32276346 0.77846682
1779472268.53722048 -1.57750501 1.95200458 -0.90681392 0.48600199 -0.23441006 0.32022634 0.77865852
1779472268.54753494 -1.58231155 1.95534851 -0.89776163 0.48798117 -0.23397285 0.31882158 0.77812845
1779472268.55784750 -1.58520416 1.95830658 -0.89239699 0.48926932 -0.23371024 0.31760886 0.77789438
1779472268.56809902 -1.58874357 1.95995581 -0.88715847 0.49032584 -0.23307305 0.31663584 0.77781699
1779472268.57836652 -1.59275894 1.96271329 -0.87987268 0.49170034 -0.23223967 0.31506746 0.77783547
1779472268.58860779 -1.59922968 1.96355905 -0.87233358 0.49310412 -0.23087224 0.31377529 0.77787621
1779472268.59891176 -1.60136240 1.96500523 -0.86959281 0.49357493 -0.23029409 0.31279564 0.77814350
1779472268.60920954 -1.60494408 1.96690019 -0.86384341 0.49445738 -0.22914121 0.31116996 0.77857528
1779472268.61950994 -1.60898241 1.96739115 -0.86009026 0.49497299 -0.22777599 0.30980574 0.77919204
1779472268.62982798 -1.61527305 1.96488374 -0.85883564 0.49528199 -0.22628485 0.30932650 0.77962044
1779472268.64012122 -1.61787131 1.96541507 -0.85617336 0.49559256 -0.22535697 0.30835649 0.78007597
1779472268.65047526 -1.62576109 1.96194483 -0.85346129 0.49599784 -0.22326460 0.30786522 0.78061391
1779472268.66077256 -1.62881624 1.96171976 -0.85226150 0.49603929 -0.22202919 0.30666763 0.78141092
1779472268.67105222 -1.63240505 1.96181881 -0.84798998 0.49673505 -0.22109648 0.30581138 0.78156896
1779472268.67120981 -1.63308758 1.96169682 -0.84792263 0.49670547 -0.22079026 0.30551271 0.78179110
1779472268.68131280 -1.63836767 1.95875768 -0.84744068 0.49640989 -0.21867261 0.30461498 0.78292351
1779472268.69160914 -1.64002883 1.96103233 -0.84224322 0.49738984 -0.21831919 0.30333704 0.78289636
1779472268.70194840 -1.64487930 1.95914900 -0.84099020 0.49738435 -0.21645785 0.30220480 0.78385398
1779472268.71219540 -1.64927883 1.95865136 -0.83634790 0.49796725 -0.21495219 0.30108516 0.78432895
1779472268.72249317 -1.64999935 1.96165312 -0.83111523 0.49898892 -0.21480335 0.29966828 0.78426303
1779472268.73276734 -1.65554452 1.96001639 -0.82766083 0.49937089 -0.21283885 0.29837721 0.78504737
1779472268.74302626 -1.65618840 1.96324379 -0.82105907 0.50064482 -0.21282199 0.29717687 0.78469578
1779472268.75334907 -1.65827197 1.96404166 -0.81879692 0.50101872 -0.21196688 0.29587473 0.78518051
1779472268.76359749 -1.65994434 1.96665254 -0.81280235 0.50177110 -0.21075614 0.29381671 0.78579855
1779472268.77386189 -1.65845830 1.97098778 -0.80808178 0.50256104 -0.21081268 0.29219353 0.78588381
1779472268.78417945 -1.66157386 1.97210993 -0.80269544 0.50359979 -0.20992318 0.29096674 0.78591212
1779472268.79451299 -1.66041532 1.97661782 -0.79795910 0.50412027 -0.20926837 0.28871513 0.78658317
1779472268.80482388 -1.65776533 1.98247828 -0.79236352 0.50543600 -0.21008481 0.28707471 0.78612145
1779472268.81515718 -1.65812176 1.98286487 -0.79387706 0.50536659 -0.20991021 0.28651320 0.78641751
1779472268.82543015 -1.65926164 1.98534445 -0.78846836 0.50614162 -0.20892094 0.28467010 0.78685172
1779472268.83568192 -1.65777052 1.98951809 -0.78427298 0.50700889 -0.20904817 0.28303925 0.78684791
1779472268.84598780 -1.65694643 1.99069334 -0.78571444 0.50668046 -0.20856932 0.28193874 0.78758129
1779472268.85629010 -1.65755548 1.99207489 -0.78405403 0.50721472 -0.20832716 0.28096632 0.78764900
1779472268.86653590 -1.65822592 1.99263231 -0.78423982 0.50743410 -0.20799602 0.28012814 0.78789373
1779472268.87682676 -1.65787377 1.99516706 -0.78030594 0.50822653 -0.20771354 0.27868111 0.78797063
1779472268.88713264 -1.65874415 1.99367113 -0.78391151 0.50780697 -0.20727438 0.27841681 0.78845006
1779472268.89744210 -1.65906345 1.99357082 -0.78508759 0.50766369 -0.20658999 0.27742401 0.78907165
1779472268.90773463 -1.66075962 1.99241088 -0.78588097 0.50785302 -0.20611440 0.27697483 0.78923197
1779472268.91803646 -1.65786516 1.99284709 -0.79196840 0.50728482 -0.20696889 0.27692961 0.78938962
1779472268.92830229 -1.65897303 1.99228226 -0.79164192 0.50784781 -0.20691581 0.27666099 0.78913569
1779472268.93858576 -1.65914672 1.99234974 -0.79119670 0.50825500 -0.20676626 0.27597678 0.78915232
1779472268.94895911 -1.66482564 1.98774493 -0.79097039 0.50845522 -0.20521110 0.27603776 0.78940791
1779472268.94914126 -1.66567598 1.98783348 -0.78874220 0.50867952 -0.20458074 0.27545380 0.78963097
1779472268.95925713 -1.66303357 1.98775857 -0.79452049 0.50825071 -0.20552593 0.27559942 0.78961083
1779472268.96956921 -1.66411879 1.98417190 -0.80140529 0.50731804 -0.20485745 0.27556380 0.79039637
1779472268.97993994 -1.66441389 1.98336536 -0.80180231 0.50771768 -0.20485983 0.27522951 0.79025561
1779472268.99021292 -1.66664304 1.98068647 -0.80322628 0.50771322 -0.20411378 0.27512176 0.79048901
1779472269.00051260 -1.66542156 1.97996803 -0.80704838 0.50739505 -0.20408592 0.27467724 0.79085499
1779472269.01080799 -1.66621716 1.97640198 -0.81391155 0.50697789 -0.20433100 0.27534670 0.79082644
1779472269.02111149 -1.66548088 1.97488494 -0.81877245 0.50664118 -0.20460462 0.27546256 0.79093112
1779472269.02131748 -1.66516677 1.97420445 -0.82086361 0.50636979 -0.20455859 0.27545050 0.79112100
1779472269.03145361 -1.66607000 1.97393088 -0.81921411 0.50683032 -0.20400360 0.27485897 0.79117515
1779472269.04174423 -1.66460678 1.97211644 -0.82603386 0.50633888 -0.20445715 0.27504386 0.79130847
1779472269.05198979 -1.66703721 1.96709476 -0.83299048 0.50584250 -0.20408081 0.27583938 0.79144616
1779472269.06228495 -1.66615753 1.96563133 -0.83814374 0.50555930 -0.20444040 0.27610798 0.79144065
1779472269.07260203 -1.66566883 1.96487953 -0.84047757 0.50555293 -0.20417565 0.27561841 0.79168367
1779472269.08289671 -1.66642749 1.96080275 -0.84889363 0.50512092 -0.20447950 0.27659252 0.79154126
1779472269.09315515 -1.66484419 1.96208597 -0.84920378 0.50554798 -0.20484461 0.27615285 0.79132770
1779472269.10351253 -1.66671984 1.95666337 -0.85872540 0.50470797 -0.20446523 0.27710815 0.79162801
1779472269.11378694 -1.66638181 1.95579162 -0.86149320 0.50498238 -0.20456996 0.27704229 0.79144898
1779472269.12405086 -1.66714937 1.95495259 -0.86265590 0.50542812 -0.20459388 0.27716351 0.79111576
1779472269.12421441 -1.66774355 1.95449063 -0.86247030 0.50564552 -0.20447853 0.27715657 0.79100908
1779472269.13433242 -1.66745123 1.95332333 -0.86620989 0.50547085 -0.20432777 0.27710320 0.79117836
1779472269.14463019 -1.66823034 1.95117176 -0.87051821 0.50539854 -0.20401919 0.27715959 0.79128443
1779472269.15487146 -1.67029406 1.94948575 -0.87088266 0.50604683 -0.20353079 0.27713377 0.79100486
1779472269.16514540 -1.67234029 1.94795489 -0.87039145 0.50638088 -0.20256883 0.27670109 0.79118947
1779472269.17548060 -1.67241946 1.94635260 -0.87473917 0.50625234 -0.20232745 0.27669172 0.79133675
1779472269.18574786 -1.67743463 1.94227476 -0.87441982 0.50670523 -0.20064966 0.27648658 0.79154576
1779472269.19602966 -1.68133762 1.93972420 -0.87263195 0.50724282 -0.19933362 0.27619245 0.79163663
1779472269.20638824 -1.68016442 1.94115520 -0.87165338 0.50762428 -0.19875494 0.27504410 0.79193738
1779472269.21665645 -1.68568698 1.93769672 -0.86870586 0.50846360 -0.19696978 0.27460573 0.79199707
1779472269.22700644 -1.68755191 1.93653487 -0.86813782 0.50870076 -0.19563731 0.27367278 0.79249782
1779472269.23734760 -1.68745642 1.93620701 -0.86924975 0.50888986 -0.19538289 0.27334844 0.79255112
1779472269.24764657 -1.69106551 1.93530471 -0.86364387 0.50957027 -0.19309302 0.27162613 0.79326696
1779472269.25797057 -1.69228355 1.93486656 -0.86280067 0.50981821 -0.19198028 0.27064666 0.79371239
1779472269.26832628 -1.69237967 1.93354432 -0.86556596 0.50983755 -0.19187511 0.27062638 0.79373231
1779472269.26852942 -1.69261164 1.93313283 -0.86596804 0.50981309 -0.19162527 0.27044108 0.79387152
1779472269.27866340 -1.69006745 1.93494494 -0.86704798 0.50948474 -0.19111989 0.26907211 0.79466892
1779472269.28898287 -1.69375866 1.93124288 -0.86772863 0.50966731 -0.18980311 0.26890289 0.79492468
1779472269.29925466 -1.69122480 1.93168454 -0.87134284 0.50921810 -0.18950079 0.26788925 0.79562662
1779472269.30957413 -1.69110314 1.93189322 -0.87087338 0.50924809 -0.18874155 0.26694256 0.79610595
1779472269.31986427 -1.69262218 1.92842343 -0.87569761 0.50879599 -0.18795234 0.26693528 0.79658403
1779472269.33045340 -1.69219336 1.93022063 -0.87163018 0.50980760 -0.18759743 0.26584618 0.79638510
1779472269.34074593 -1.69428257 1.92668544 -0.87470384 0.50937305 -0.18653893 0.26571706 0.79695468
1779472269.35100961 -1.69392756 1.92659566 -0.87489809 0.50955984 -0.18598050 0.26486943 0.79724789
1779472269.36127520 -1.69581859 1.92211750 -0.88043971 0.50873433 -0.18472762 0.26467264 0.79813125
1779472269.37151957 -1.69431320 1.92148376 -0.88411198 0.50816627 -0.18418498 0.26383211 0.79889646
1779472269.38180351 -1.69461916 1.92007584 -0.88633049 0.50813373 -0.18389706 0.26369987 0.79902713
1779472269.39208508 -1.69629994 1.92113244 -0.87930136 0.50964817 -0.18310793 0.26255193 0.79862176
1779472269.40239286 -1.69500102 1.92082682 -0.88210567 0.50942811 -0.18282377 0.26187219 0.79905033
1779472269.41262960 -1.69414061 1.92059066 -0.88386926 0.50932345 -0.18256724 0.26129789 0.79936365
1779472269.42295241 -1.69176479 1.92145526 -0.88590860 0.50898391 -0.18217935 0.26005791 0.80007246
1779472269.43320560 -1.68887388 1.92402011 -0.88508169 0.50937001 -0.18218701 0.25868121 0.80027128
1779472269.44345617 -1.68684244 1.92351624 -0.89000294 0.50883781 -0.18240203 0.25843749 0.80063953
1779472269.44360995 -1.68616762 1.92421670 -0.88954183 0.50888769 -0.18228636 0.25797229 0.80078417
1779472269.45374799 -1.68322239 1.92725759 -0.88775573 0.50936208 -0.18243333 0.25668899 0.80086148
1779472269.46398520 -1.68033267 1.93053774 -0.88543005 0.50994289 -0.18244008 0.25512378 0.80099046
1779472269.47427964 -1.67817786 1.93181172 -0.88600759 0.51032872 -0.18272778 0.25437579 0.80091704
1779472269.48454070 -1.67516362 1.93538726 -0.88301671 0.51097970 -0.18289218 0.25294151 0.80091871
1779472269.49480295 -1.67416805 1.93578434 -0.88280268 0.51141578 -0.18281759 0.25219213 0.80089373
1779472269.50499511 -1.66900094 1.93907370 -0.88465245 0.51141796 -0.18354172 0.25096098 0.80111341
1779472269.51521659 -1.66663894 1.94228244 -0.88081293 0.51217450 -0.18354795 0.24957284 0.80106231
1779472269.52554607 -1.66498804 1.94160636 -0.88426292 0.51154481 -0.18293954 0.24850569 0.80193513
1779472269.53580070 -1.66373282 1.94206921 -0.88516939 0.51133889 -0.18237129 0.24726268 0.80257985
1779472269.54603291 -1.66403046 1.94128052 -0.88551808 0.51134481 -0.18185748 0.24674455 0.80285209
1779472269.55643058 -1.66169397 1.94391656 -0.88237455 0.51154133 -0.18095070 0.24458333 0.80359275
1779472269.56673145 -1.66111541 1.94488636 -0.88040751 0.51198746 -0.18043917 0.24340736 0.80378069
1779472269.57701802 -1.65788894 1.94767634 -0.87942448 0.51230680 -0.18048676 0.24206234 0.80397269
1779472269.58734679 -1.65666220 1.94918916 -0.87847301 0.51250912 -0.18020831 0.24108553 0.80419968
1779472269.59768796 -1.65330351 1.95290536 -0.87643792 0.51250995 -0.17943707 0.23871816 0.80507735
1779472269.60798359 -1.65616991 1.95756683 -0.85985450 0.51564556 -0.17872933 0.23711158 0.80370615
1779472269.61827326 -1.65337051 1.95091611 -0.88306754 0.51016016 -0.17582859 0.23545646 0.80831997
1779472269.62856960 -1.65281873 1.96589018 -0.84840684 0.51740303 -0.17765416 0.23328483 0.80393488
1779472269.63895655 -1.65128136 1.97062827 -0.84147348 0.51877261 -0.17743252 0.23147630 0.80362391
1779472269.64923525 -1.64862561 1.97431850 -0.83942375 0.51888605 -0.17671916 0.22936901 0.80431180
1779472269.65950036 -1.65112049 1.97249073 -0.84101044 0.51926527 -0.17666721 0.22989568 0.80392802
1779472269.66986585 -1.64818367 1.97754086 -0.83623814 0.51926098 -0.17518614 0.22670822 0.80515913
1779472269.68017411 -1.64621301 1.98766049 -0.81629924 0.52275325 -0.17504822 0.22369549 0.80377079
1779472269.69044971 -1.64685254 1.98909444 -0.81272693 0.52334399 -0.17412237 0.22220441 0.80400104
1779472269.70074844 -1.64252816 1.99773604 -0.80143104 0.52468741 -0.17342619 0.21864692 0.80425120
1779472269.71102452 -1.64419625 2.00085400 -0.79160804 0.52518701 -0.17062048 0.21550791 0.80537172
1779472269.72129059 -1.63908208 2.00523426 -0.79259276 0.52449146 -0.17023776 0.21349314 0.80644187
1779472269.72147489 -1.63850906 2.00727335 -0.78837105 0.52484052 -0.16952828 0.21220608 0.80670389
1779472269.73157692 -1.63385822 2.01369385 -0.78205986 0.52540049 -0.16912230 0.20953480 0.80712276
1779472269.74187899 -1.63293498 2.02037145 -0.76887496 0.52574098 -0.16588631 0.20469752 0.80881214
1779472269.75220823 -1.63014573 2.02658976 -0.75921164 0.52673511 -0.16478982 0.20158312 0.80917161
1779472269.76248455 -1.62911211 2.02957809 -0.75440901 0.52694106 -0.16362684 0.19946460 0.80979828
1779472269.77276802 -1.62437068 2.03583394 -0.74893882 0.52738952 -0.16319054 0.19662372 0.81028899
1779472269.78303456 -1.62038197 2.03952170 -0.74921244 0.52675339 -0.16254305 0.19435326 0.81137996
1779472269.79331589 -1.61778823 2.04386541 -0.74364891 0.52703702 -0.16159233 0.19187069 0.81197631
1779472269.80362606 -1.61412100 2.04947010 -0.73675743 0.52744668 -0.16055855 0.18883213 0.81262745
1779472269.81400037 -1.60977782 2.05433248 -0.73398476 0.52753369 -0.16020306 0.18639895 0.81320269
1779472269.82425404 -1.60834662 2.05608681 -0.73331043 0.52705482 -0.15890711 0.18428924 0.81424764
1779472269.83457136 -1.60527712 2.06084753 -0.72700785 0.52780985 -0.15858500 0.18223220 0.81428434
1779472269.84490466 -1.60448001 2.06342354 -0.72199547 0.52810858 -0.15731259 0.18004083 0.81482476
1779472269.85516763 -1.60362134 2.06760516 -0.71256870 0.52945905 -0.15631522 0.17765461 0.81466404
1779472269.86543465 -1.60105885 2.06866577 -0.71590431 0.52868239 -0.15608477 0.17657967 0.81544595
1779472269.87577128 -1.59879158 2.07504538 -0.70214549 0.53062905 -0.15518485 0.17366038 0.81498009
1779472269.88604736 -1.59816362 2.07654058 -0.70015965 0.53096796 -0.15480565 0.17260250 0.81505620
1779472269.89638329 -1.59840939 2.07759441 -0.69807093 0.53111948 -0.15376962 0.17106301 0.81547805
1779472269.89667702 -1.59791983 2.07846641 -0.69681567 0.53124226 -0.15353977 0.17046892 0.81556578
1779472269.90673757 -1.59762568 2.08201858 -0.68694120 0.53277397 -0.15283955 0.16867576 0.81507083
1779472269.91705871 -1.59977225 2.08213800 -0.68316082 0.53315923 -0.15137394 0.16726978 0.81538211
1779472269.92734909 -1.59886209 2.08583590 -0.67494606 0.53456753 -0.15085916 0.16542448 0.81493178
1779472269.93763852 -1.59767608 2.08511826 -0.68131682 0.53288075 -0.14962593 0.16405149 0.81653983
1779472269.94795609 -1.59633681 2.08905878 -0.67330655 0.53407066 -0.14891509 0.16195280 0.81631128
1779472269.95818996 -1.59574063 2.09441917 -0.65849978 0.53574981 -0.14706590 0.15867461 0.81619001
1779472269.96848512 -1.58849943 2.10396239 -0.64579215 0.53799435 -0.14801149 0.15616060 0.81502672
1779472269.96864510 -1.58974667 2.10696539 -0.63246048 0.54032716 -0.14774373 0.15534043 0.81368772
1779472269.97879529 -1.58879224 2.11088401 -0.62281206 0.54164229 -0.14693024 0.15328841 0.81334974
1779472269.98909545 -1.58966916 2.11240586 -0.61735656 0.54232324 -0.14573970 0.15160557 0.81342559
1779472269.99944329 -1.59097730 2.11423232 -0.61003426 0.54365701 -0.14501595 0.15030509 0.81290578
1779472270.00973797 -1.58747328 2.12049599 -0.59764876 0.54473492 -0.14357449 0.14686633 0.81306858
1779472270.02001524 -1.58649600 2.12336381 -0.59239464 0.54563041 -0.14319134 0.14530828 0.81281560
1779472270.03030419 -1.58992860 2.12265404 -0.58756436 0.54551131 -0.14049109 0.14302353 0.81377143
1779472270.04058146 -1.58542770 2.12714962 -0.58502111 0.54528687 -0.13985329 0.14053837 0.81446439
1779472270.04075980 -1.58515453 2.12783877 -0.58372394 0.54531530 -0.13948154 0.13990663 0.81461786
1779472270.05089664 -1.58470580 2.12960745 -0.57995521 0.54505324 -0.13765740 0.13754853 0.81550463
1779472270.06126809 -1.58303549 2.13553173 -0.56381522 0.54748271 -0.13699855 0.13489149 0.81443132
1779472270.07155323 -1.58442700 2.13528672 -0.56427164 0.54672944 -0.13518636 0.13302380 0.81554659
1779472270.08189273 -1.58518328 2.13654160 -0.55917176 0.54681034 -0.13344079 0.13097749 0.81611084
1779472270.09215164 -1.58410266 2.14004992 -0.55155928 0.54741229 -0.13205167 0.12829554 0.81635923
1779472270.10247636 -1.58489931 2.14145824 -0.54757707 0.54729496 -0.13021085 0.12600313 0.81709031
1779472270.11277676 -1.58611262 2.14232151 -0.54359982 0.54730920 -0.12863284 0.12424474 0.81759983
1779472270.12302947 -1.58677641 2.14511280 -0.53382096 0.54840541 -0.12717640 0.12187472 0.81744983
1779472270.13337183 -1.58760586 2.14715191 -0.52674606 0.54876143 -0.12529152 0.11933863 0.81787604
1779472270.14370561 -1.59131218 2.14561427 -0.52806059 0.54858860 -0.12444533 0.11880507 0.81819879
1779472270.15400410 -1.58887522 2.15050435 -0.51718229 0.54905920 -0.12239679 0.11525429 0.81869987
1779472270.16429710 -1.59146400 2.15213382 -0.50736946 0.54972386 -0.11995401 0.11257795 0.81898774
1779472270.17456436 -1.59295693 2.15416267 -0.49884105 0.55011890 -0.11772855 0.10980761 0.81942142
1779472270.18483305 -1.59417204 2.15511078 -0.49599917 0.55064914 -0.11732569 0.10879597 0.81925798
1779472270.19514084 -1.58013164 2.17046113 -0.47756533 0.55231486 -0.11696878 0.10242190 0.81900937
1779472270.20541978 -1.58475269 2.17006343 -0.47072371 0.55209878 -0.11370745 0.09976007 0.81994236
1779472270.21569085 -1.58594219 2.17234204 -0.46081071 0.55294793 -0.11198667 0.09750137 0.81987868
1779472270.21590376 -1.58928210 2.17036567 -0.46128901 0.55242982 -0.11067561 0.09715861 0.82044647
1779472270.22603869 -1.58572327 2.17533914 -0.45535645 0.55256464 -0.10972641 0.09423724 0.82082384
1779472270.23629284 -1.58336117 2.17965773 -0.45138190 0.55155866 -0.10729518 0.09019571 0.82227460
1779472270.24655008 -1.57907003 2.18629076 -0.44326549 0.55125735 -0.10520694 0.08568693 0.82322815
1779472270.25687289 -1.57849218 2.18922584 -0.43770065 0.55098557 -0.10329069 0.08283933 0.82394392
1779472270.26719689 -1.57803683 2.19396311 -0.42638752 0.55107505 -0.10029985 0.07859877 0.82466870
1779472270.27752185 -1.57693283 2.19945432 -0.41403144 0.55131144 -0.09740358 0.07424447 0.82526117
1779472270.28788400 -1.57402230 2.20433145 -0.40895396 0.55130930 -0.09641561 0.07143643 0.82562638
1779472270.28807521 -1.57356984 2.20579013 -0.40645918 0.55117883 -0.09559159 0.07026098 0.82591013
1779472270.29818392 -1.57380905 2.20865161 -0.40096538 0.55093700 -0.09367542 0.06764177 0.82650949
1779472270.30844784 -1.56661856 2.21801138 -0.39283356 0.55059151 -0.09202423 0.06254527 0.82732619
1779472270.31870794 -1.56304110 2.22512067 -0.38312034 0.55062486 -0.08996958 0.05821799 0.82784564
1779472270.32902241 -1.56339886 2.22619685 -0.37948048 0.55087046 -0.08929919 0.05735454 0.82781510
1779472270.34955096 -1.55598986 2.24203954 -0.35858923 0.55017676 -0.08367787 0.04705066 0.82951177
1779472270.34975457 -1.55267560 2.24554279 -0.35485213 0.55026041 -0.08331387 0.04534890 0.82958770
1779472270.35985184 -1.55302707 2.24918830 -0.34663644 0.54999903 -0.08066800 0.04213440 0.83019181
1779472270.37013936 -1.56594598 2.24474500 -0.33920671 0.54916760 -0.07554098 0.04035772 0.83131208
1779472270.38045287 -1.56396321 2.25085592 -0.33145801 0.54883837 -0.07325077 0.03635769 0.83191880
1779472270.39072800 -1.55685221 2.25743431 -0.34139784 0.54673902 -0.07369480 0.03367523 0.83337356
1779472270.40103412 -1.55293681 2.26383709 -0.34012507 0.54659023 -0.07357160 0.03104992 0.83358397
1779472270.41128850 -1.54469082 2.27476329 -0.33057117 0.54638502 -0.07206647 0.02575105 0.83403041
1779472270.42163444 -1.53983562 2.28282284 -0.32092666 0.54613446 -0.06990160 0.02098314 0.83451221
1779472270.43193960 -1.53787047 2.28682058 -0.32229876 0.54545390 -0.06955730 0.01901538 0.83503308
1779472270.44222355 -1.53034125 2.29643926 -0.31358401 0.54563464 -0.06861486 0.01451337 0.83508335
1779472270.45249796 -1.52388378 2.30472730 -0.31004498 0.54523080 -0.06801876 0.01067755 0.83545366
1779472270.46280169 -1.52070519 2.31010569 -0.30275809 0.54531620 -0.06672022 0.00755621 0.83553669
1779472270.47304869 -1.51455232 2.31796875 -0.29843314 0.54495597 -0.06594118 0.00368044 0.83585956
1779472270.48338747 -1.51060626 2.32447778 -0.29364598 0.54442634 -0.06457205 -0.00002024 0.83631956
1779472270.49373913 -1.50768659 2.33047002 -0.28463462 0.54405612 -0.06221967 -0.00420766 0.83672812
1779472270.50407386 -1.50890181 2.33270404 -0.27807150 0.54365476 -0.05987286 -0.00686994 0.83714249
1779472270.51446176 -1.50741655 2.33738065 -0.27238157 0.54308294 -0.05789319 -0.01027712 0.83761786
1779472270.52476358 -1.50459973 2.34250628 -0.26646542 0.54277472 -0.05639509 -0.01363713 0.83787184
1779472270.53504682 -1.50648890 2.34359290 -0.26336313 0.54220514 -0.05462300 -0.01555197 0.83832455
1779472270.53522420 -1.50593864 2.34485245 -0.26182215 0.54209626 -0.05417045 -0.01639496 0.83840826
1779472270.54535818 -1.50664993 2.34710334 -0.25760470 0.54185691 -0.05273413 -0.01835604 0.83861389
1779472270.55561471 -1.50825150 2.34887304 -0.26117198 0.54042863 -0.05155126 -0.02026213 0.83956465
1779472270.56584144 -1.51288456 2.34899283 -0.25562682 0.53925208 -0.04782869 -0.02321897 0.84046445
1779472270.57615972 -1.51364596 2.35081580 -0.25351145 0.53862625 -0.04639424 -0.02515944 0.84089021
1779472270.58644414 -1.51462276 2.35314884 -0.25098644 0.53803908 -0.04489181 -0.02739836 0.84127760
1779472270.59671736 -1.51548985 2.35531368 -0.25104885 0.53739161 -0.04396445 -0.02924910 0.84167801
1779472270.60697865 -1.51289284 2.35906655 -0.25122321 0.53672272 -0.04347204 -0.03132215 0.84205572
1779472270.61725473 -1.51197192 2.36267640 -0.24427142 0.53721044 -0.04260305 -0.03358071 0.84170200
1779472270.62749934 -1.51592614 2.36361939 -0.23208059 0.53753770 -0.03951200 -0.03627446 0.84153205
1779472270.63783693 -1.51836344 2.36388735 -0.23462603 0.53663247 -0.03861592 -0.03729568 0.84210655
1779472270.63807130 -1.51894378 2.36421981 -0.23308573 0.53658783 -0.03810808 -0.03782503 0.84213452
1779472270.64818025 -1.51928769 2.36611179 -0.22987170 0.53649728 -0.03717302 -0.03943559 0.84216012
1779472270.65845799 -1.51363864 2.37228353 -0.23121636 0.53606981 -0.03764163 -0.04181932 0.84229651
1779472270.66876554 -1.51657898 2.37344011 -0.22401863 0.53640734 -0.03595940 -0.04359669 0.84206497
1779472270.67913651 -1.51676776 2.37531471 -0.22254408 0.53611317 -0.03522840 -0.04504320 0.84220706
1779472270.68939352 -1.51812379 2.37704045 -0.22161392 0.53551810 -0.03405982 -0.04683756 0.84253578
1779472270.69966388 -1.52052611 2.37828725 -0.21501512 0.53596497 -0.03276245 -0.04839831 0.84221480
1779472270.70995235 -1.52307714 2.37837679 -0.21881408 0.53482051 -0.03190917 -0.04931002 0.84292191
1779472270.72044778 -1.52572517 2.37922664 -0.21555624 0.53456716 -0.03048977 -0.05087345 0.84304224
1779472270.73084092 -1.52530915 2.38195269 -0.21403597 0.53432586 -0.02990204 -0.05264085 0.84310775
1779472270.74114037 -1.52658863 2.38353136 -0.21377372 0.53397549 -0.02927640 -0.05396952 0.84326767
1779472270.75148177 -1.52710525 2.38504299 -0.21340172 0.53382471 -0.02896206 -0.05497539 0.84330901
1779472270.76179838 -1.52967979 2.38568014 -0.21441891 0.53288989 -0.02768304 -0.05643512 0.84384661
1779472270.77208352 -1.53075217 2.38760755 -0.20709134 0.53396082 -0.02721829 -0.05764276 0.84310279
1779472270.78242445 -1.53205379 2.38861247 -0.20406773 0.53392499 -0.02628791 -0.05884759 0.84307177
1779472270.79275870 -1.53058646 2.39200294 -0.19687392 0.53433559 -0.02526119 -0.06109807 0.84268285
1779472270.80341125 -1.53161296 2.39305268 -0.20698428 0.53190279 -0.02437860 -0.06268979 0.84412978
1779472270.81371522 -1.53443233 2.39352388 -0.20087460 0.53189002 -0.02255754 -0.06435311 0.84406329
1779472270.82400513 -1.53339390 2.39555624 -0.20092957 0.53110807 -0.02163937 -0.06612470 0.84444271
1779472270.82418966 -1.53381531 2.39578620 -0.19903622 0.53132681 -0.02140118 -0.06644903 0.84428569
1779472270.83433557 -1.53550329 2.39616336 -0.19845860 0.53073506 -0.02026212 -0.06765720 0.84458998
1779472270.84466386 -1.53334123 2.39945547 -0.19682185 0.53014571 -0.01928471 -0.06996780 0.84479473
1779472270.85497522 -1.53522022 2.40023153 -0.18870993 0.53015454 -0.01697226 -0.07212670 0.84465723
1779472270.86531448 -1.53728286 2.40037903 -0.18646676 0.52964116 -0.01542867 -0.07350435 0.84489012
1779472270.87570095 -1.53603808 2.40316119 -0.17928187 0.52968917 -0.01371381 -0.07598634 0.84466999
1779472270.88599086 -1.53572423 2.40545132 -0.17172682 0.53002941 -0.01213301 -0.07812967 0.84428513
1779472270.89633918 -1.53226968 2.40990336 -0.15874376 0.53107062 -0.01048631 -0.08105088 0.84337701
1779472270.90668654 -1.52803819 2.41425030 -0.15157665 0.53137215 -0.00940311 -0.08354522 0.84295635
1779472270.91698527 -1.52312825 2.41942181 -0.13697928 0.53231378 -0.00729851 -0.08704942 0.84202801
1779472270.92728281 -1.51906888 2.42412458 -0.12029652 0.53402380 -0.00558081 -0.08999803 0.84064725
1779472270.93761182 -1.51776479 2.42665452 -0.11321080 0.53298237 -0.00235568 -0.09324291 0.84096968
1779472270.94805098 -1.51352554 2.43136878 -0.09641445 0.53474464 -0.00065142 -0.09615500 0.83952484
1779472270.95844269 -1.50831351 2.43644442 -0.08273328 0.53531832 0.00175773 -0.09975556 0.83873717
1779472270.96879601 -1.50759476 2.43859405 -0.06731881 0.53598740 0.00500779 -0.10277427 0.83793191
1779472270.97910976 -1.50132916 2.44370916 -0.05521557 0.53670327 0.00666890 -0.10585075 0.83707870
1779472270.98945165 -1.49834915 2.44698080 -0.04383748 0.53624912 0.01015016 -0.10950495 0.83686470
1779472270.99975586 -1.49092000 2.45267095 -0.02207988 0.53760213 0.01330702 -0.11381515 0.83537595
1779472271.01006579 -1.49264602 2.45257267 -0.01118179 0.53701810 0.01714198 -0.11635661 0.83533158
1779472271.02035880 -1.48754524 2.45665068 0.00016355 0.53690409 0.01991934 -0.11991334 0.83484011
1779472271.03076339 -1.48284000 2.46004626 0.01770111 0.53770791 0.02299774 -0.12337696 0.83373823
1779472271.04106188 -1.47833613 2.46358235 0.02489040 0.53681762 0.02577638 -0.12678382 0.83371954
1779472271.05131817 -1.47398827 2.46647753 0.03464903 0.53661781 0.02821803 -0.12971883 0.83331752
1779472271.06160235 -1.47001551 2.46931148 0.04226598 0.53588867 0.03094200 -0.13287609 0.83319258
1779472271.07187700 -1.46907845 2.47035034 0.04706054 0.53468803 0.03389247 -0.13552512 0.83342243
1779472271.08219218 -1.46577501 2.47234212 0.05639983 0.53440654 0.03644649 -0.13820435 0.83305514
1779472271.09254456 -1.46739515 2.47163344 0.05861873 0.53245772 0.03995127 -0.14064127 0.83373419
1779472271.10282326 -1.46684550 2.47180238 0.06685092 0.53306106 0.04150948 -0.14213031 0.83301971
1779472271.11314416 -1.46306490 2.47403130 0.07082883 0.53233301 0.04343544 -0.14466907 0.83295005
1779472271.12342715 -1.47845816 2.46389105 0.08643067 0.53487680 0.04573721 -0.14259446 0.83155381
1779472271.13373065 -1.47475269 2.46595867 0.08798789 0.53294355 0.04858488 -0.14577804 0.83208140
1779472271.14400244 -1.46837120 2.46912271 0.09770361 0.53040661 0.05385271 -0.15090215 0.83246456
1779472271.15428758 -1.46545020 2.47008447 0.10442240 0.53007653 0.05587861 -0.15311987 0.83213626
1779472271.16459179 -1.46593245 2.46918497 0.10971155 0.52759148 0.06062325 -0.15649090 0.83275606
1779472271.17493057 -1.46235245 2.47034428 0.11735014 0.52749449 0.06271829 -0.15890350 0.83220530
1779472271.18528390 -1.45325174 2.47496893 0.12024149 0.53099370 0.05895417 -0.15878597 0.83027532
1779472271.19560838 -1.45488565 2.47616463 0.07845548 0.52588417 0.05610006 -0.15823498 0.83382271
1779472271.20587873 -1.45119385 2.47463198 0.12772692 0.52951169 0.06327303 -0.16254072 0.83017733
1779472271.21613932 -1.45344819 2.47127021 0.14278415 0.52795506 0.06940134 -0.16596204 0.83000212
1779472271.22643161 -1.45221273 2.47420133 0.10966541 0.52458468 0.06613246 -0.16566689 0.83246135
1779472271.23669291 -1.44277009 2.47650036 0.13892660 0.52999931 0.06628261 -0.16702464 0.82874008
1779472271.24699450 -1.43768209 2.47788463 0.14719981 0.53222048 0.06566274 -0.16785772 0.82719620
1779472271.25733900 -1.43820053 2.47920716 0.11358753 0.52747178 0.06426293 -0.16823217 0.83026606
1779472271.26762319 -1.42666781 2.48205922 0.15286012 0.53178278 0.06768279 -0.17206015 0.82645110
1779472271.27793431 -1.42029124 2.48406798 0.15841334 0.53233660 0.06837871 -0.17403551 0.82562324
1779472271.28828955 -1.42071039 2.48580972 0.11787453 0.52745757 0.06559521 -0.17383767 0.82901522
1779472271.29863572 -1.41442715 2.48721234 0.13253534 0.52959119 0.06638570 -0.17541431 0.82725808
1779472271.30897379 -1.40285985 2.49011620 0.16079975 0.53275051 0.06871109 -0.17877822 0.82431428
1779472271.31927252 -1.40681078 2.48939861 0.12574206 0.52838893 0.06685977 -0.17816520 0.82740079
1779472271.32961416 -1.39240706 2.49386574 0.15501621 0.53047937 0.07030649 -0.18281118 0.82475979
1779472271.32980728 -1.39153720 2.49423392 0.15263189 0.52981933 0.07062335 -0.18336046 0.82503501
1779472271.33995271 -1.38854287 2.49470583 0.15260644 0.52948875 0.07126353 -0.18459169 0.82491762
1779472271.35029864 -1.38452446 2.49560399 0.15178097 0.52953760 0.07129792 -0.18574889 0.82462348
1779472271.36058807 -1.37844579 2.49667794 0.16139805 0.52949974 0.07379179 -0.18851183 0.82380100
1779472271.37093472 -1.37363790 2.49923969 0.15145051 0.52908452 0.07206411 -0.18897198 0.82411524
1779472271.38121891 -1.36332377 2.50349003 0.15127779 0.52837373 0.07279461 -0.19192384 0.82382485
1779472271.39150500 -1.36463546 2.50143403 0.15478964 0.52781142 0.07521974 -0.19306623 0.82370050
1779472271.40186024 -1.36025543 2.50250062 0.15737026 0.52843931 0.07534024 -0.19405553 0.82305419
1779472271.41219187 -1.35777692 2.50330826 0.15061479 0.52769953 0.07532956 -0.19486353 0.82333885
1779472271.42248201 -1.35317645 2.50417604 0.15447410 0.52732686 0.07721077 -0.19694545 0.82290787
1779472271.43274546 -1.35062490 2.50452518 0.15173949 0.52667695 0.07805069 -0.19812904 0.82296073
1779472271.44302440 -1.34554096 2.50556524 0.15747318 0.52743366 0.07875420 -0.19945958 0.82208722
1779472271.45331573 -1.34763116 2.50370649 0.15236405 0.52612817 0.08024222 -0.20005278 0.82263553
1779472271.46359706 -1.34385681 2.50356082 0.15794178 0.52633368 0.08194632 -0.20165365 0.82194493
1779472271.47392583 -1.34550309 2.50219154 0.15095418 0.52549284 0.08217657 -0.20165241 0.82246008
1779472271.48415518 -1.34473197 2.49984023 0.16073285 0.52557945 0.08529303 -0.20327433 0.82168783
1779472271.49443293 -1.34157432 2.50022455 0.15669803 0.52417744 0.08668255 -0.20491482 0.82203045
1779472271.50476861 -1.34136895 2.49866755 0.15933891 0.52372639 0.08851129 -0.20589510 0.82187811
1779472271.50493598 -1.34061425 2.49806493 0.16441424 0.52415615 0.08935904 -0.20636657 0.82139402
1779472271.51508474 -1.34175899 2.49567358 0.16535646 0.52399024 0.09060205 -0.20671068 0.82127717
1779472271.52542996 -1.34028943 2.49441791 0.16509972 0.52287428 0.09265993 -0.20822492 0.82137629
1779472271.53572464 -1.34131154 2.49107730 0.17111147 0.52256786 0.09546957 -0.20933350 0.82096764
1779472271.54602933 -1.34261283 2.48827276 0.17502199 0.52236604 0.09740026 -0.20997151 0.82070632
1779472271.55629730 -1.34372614 2.48530999 0.17594057 0.52182868 0.09925973 -0.21067100 0.82064612
1779472271.56659102 -1.34381107 2.48257307 0.17970622 0.52157822 0.10131882 -0.21163179 0.82030643
1779472271.57687426 -1.33964500 2.48200709 0.18758851 0.52238991 0.10253091 -0.21288418 0.81931466
1779472271.57704759 -1.34045760 2.48106490 0.18689193 0.52206701 0.10301893 -0.21300955 0.81942667
1779472271.58720684 -1.33974343 2.48021292 0.18369642 0.52075005 0.10435708 -0.21406694 0.81981969
1779472271.59749222 -1.33957563 2.47808319 0.18140128 0.51938329 0.10621665 -0.21527352 0.82013190
1779472271.60780096 -1.33824515 2.47558961 0.18962368 0.51891879 0.10934233 -0.21712860 0.81952591
1779472271.61803269 -1.34878880 2.46691652 0.20313351 0.51616566 0.11695485 -0.21894573 0.81973004
1779472271.62836885 -1.34622759 2.46614779 0.20190528 0.51457194 0.11906791 -0.22086542 0.81991281
1779472271.63867545 -1.34120813 2.46650166 0.20192540 0.51468244 0.11940835 -0.22210072 0.81946013
1779472271.64899087 -1.33703677 2.46639434 0.20682987 0.51425077 0.12140583 -0.22409032 0.81889578
1779472271.64914370 -1.33942365 2.46457891 0.20721816 0.51302965 0.12322749 -0.22469488 0.81922389
1779472271.65930080 -1.33233232 2.46664134 0.20634324 0.51335152 0.12276355 -0.22596228 0.81874317
1779472271.66961503 -1.32890993 2.46514426 0.21465458 0.51305190 0.12556522 -0.22800106 0.81794049
1779472271.67988896 -1.32034289 2.46691776 0.21806638 0.51360931 0.12593609 -0.22987302 0.81700916
1779472271.69014144 -1.32566970 2.46198655 0.21904680 0.51295199 0.12797892 -0.22982268 0.81711883
1779472271.70043731 -1.31738258 2.46421808 0.22028140 0.51184647 0.12967032 -0.23259515 0.81676085
1779472271.71070147 -1.31109733 2.46352109 0.23372375 0.51230520 0.13262303 -0.23503368 0.81529975
1779472271.72098875 -1.30395454 2.46600399 0.22954432 0.51360243 0.13031985 -0.23533110 0.81476902
1779472271.73127055 -1.29804515 2.46559400 0.23850633 0.51235377 0.13416430 -0.23850403 0.81400822
1779472271.74153709 -1.28869222 2.46753680 0.24459006 0.51576005 0.13174653 -0.23865733 0.81220508
1779472271.75186372 -1.28300523 2.46811417 0.24961873 0.51608122 0.13273241 -0.24024128 0.81137316
1779472271.75207138 -1.28046129 2.46852333 0.25207174 0.51612418 0.13327365 -0.24099819 0.81103258
1779472271.76217937 -1.27570443 2.46883269 0.25362892 0.51630137 0.13369289 -0.24217665 0.81049958
1779472271.77242994 -1.27053541 2.46881200 0.25756028 0.51383509 0.13765524 -0.24561908 0.81036770
1779472271.78269601 -1.26538239 2.46811707 0.26450547 0.51277387 0.14080859 -0.24828878 0.80968425
1779472271.79302168 -1.26033621 2.46809736 0.27071206 0.51171100 0.14357364 -0.25080347 0.80909584
1779472271.80334091 -1.25490067 2.46832550 0.27213142 0.51079446 0.14523268 -0.25292910 0.80871711
1779472271.81361246 -1.24912746 2.46879168 0.27302908 0.51041725 0.14616315 -0.25467553 0.80823940
1779472271.82396126 -1.24255711 2.47002093 0.27630264 0.50975924 0.14768539 -0.25692966 0.80766434
1779472271.82417011 -1.24092951 2.47011131 0.27732004 0.50912381 0.14866944 -0.25782632 0.80759887
1779472271.83427691 -1.23579515 2.47058797 0.28081001 0.50905397 0.14971513 -0.25938141 0.80695149
1779472271.84452319 -1.24093947 2.46518125 0.28465378 0.50847010 0.15231305 -0.25960454 0.80676166
1779472271.85481524 -1.22230170 2.47216704 0.28936604 0.50861500 0.15263090 -0.26369736 0.80528150
1779472271.86506677 -1.21737320 2.47290802 0.29135057 0.50837047 0.15358080 -0.26524707 0.80474617
1779472271.87532282 -1.20936844 2.47515303 0.29099470 0.50994511 0.15198639 -0.26601089 0.80379993
1779472271.88557577 -1.19959264 2.47772639 0.29593849 0.51050194 0.15261778 -0.26828722 0.80256935
1779472271.89590240 -1.19497752 2.47814745 0.30071396 0.51111689 0.15332117 -0.26944914 0.80165411
1779472271.90617585 -1.18411353 2.48126486 0.30633432 0.51213363 0.15354291 -0.27167816 0.80020916
1779472271.91649818 -1.19749676 2.47692061 0.28505999 0.51002806 0.15271563 -0.26963315 0.80240094
1779472271.92692780 -1.17656850 2.48169834 0.31226403 0.51309021 0.15477837 -0.27378857 0.79863753
1779472271.92714405 -1.17003508 2.48328902 0.32047012 0.51391610 0.15550619 -0.27514980 0.79749649
1779472271.93719435 -1.16170294 2.48632948 0.32189409 0.51346810 0.15634763 -0.27745268 0.79682240
1779472271.94747353 -1.15914016 2.48548962 0.32670207 0.51462109 0.15682182 -0.27800351 0.79579275
1779472271.95777869 -1.15575549 2.48568512 0.32887372 0.51415400 0.15838851 -0.27956122 0.79523850
1779472271.96804023 -1.14763200 2.48820692 0.33395100 0.51340442 0.16041694 -0.28225488 0.79436421
1779472271.97836089 -1.13984341 2.49027785 0.33666926 0.51323739 0.16142035 -0.28446921 0.79347850
1779472271.98868895 -1.14991010 2.48732526 0.31992251 0.51134189 0.16099846 -0.28316701 0.79525179
1779472271.99901867 -1.13703332 2.48928549 0.33895787 0.51233215 0.16395681 -0.28651985 0.79280534
1779472271.99922562 -1.13278993 2.49056991 0.34118017 0.51233488 0.16434927 -0.28756335 0.79234437
1779472272.00937629 -1.12247613 2.49493341 0.33885814 0.51134472 0.16468168 -0.29022414 0.79194474
1779472272.01965904 -1.11977992 2.49519403 0.33795854 0.51020725 0.16616245 -0.29182988 0.79177896
1779472272.02990818 -1.11534213 2.49639446 0.33647091 0.50937384 0.16703393 -0.29351143 0.79151058
1779472272.04017234 -1.11001330 2.49845695 0.33326029 0.50898288 0.16678273 -0.29483502 0.79132311
1779472272.05049849 -1.10422662 2.50020287 0.33139737 0.50825572 0.16732011 -0.29666863 0.79099167
1779472272.06075740 -1.09833249 2.50234937 0.32766314 0.50654667 0.16850014 -0.29910527 0.79091985
1779472272.07100558 -1.09853414 2.50182493 0.32547906 0.50592102 0.16910919 -0.29970191 0.79096445
1779472272.08130717 -1.09174295 2.50378235 0.32434557 0.50552144 0.16939005 -0.30156250 0.79045249
1779472272.09158063 -1.08705364 2.50546627 0.31835989 0.50512394 0.16869252 -0.30268601 0.79042636
1779472272.10186076 -1.08795023 2.50395630 0.32041785 0.50468152 0.17013453 -0.30334913 0.79014563
1779472272.10201836 -1.08630310 2.50443304 0.31984230 0.50459338 0.17014176 -0.30380568 0.79002494
1779472272.11211491 -1.07713060 2.50812785 0.31649950 0.50399317 0.16985089 -0.30596387 0.78963768
1779472272.12241077 -1.07926185 2.50587826 0.31658368 0.50410715 0.17048353 -0.30603552 0.78940079
1779472272.13273358 -1.07365516 2.50739957 0.31523721 0.50316472 0.17141896 -0.30805043 0.78901568
1779472272.14302039 -1.06591752 2.51043937 0.31128280 0.50282029 0.17082691 -0.30973710 0.78870327
1779472272.15339661 -1.06591004 2.50939328 0.31056161 0.50274369 0.17135560 -0.31032848 0.78840489
1779472272.16368318 -1.06118660 2.51001985 0.31385980 0.50253079 0.17249978 -0.31192836 0.78765940
1779472272.16388154 -1.06219298 2.50946262 0.31314934 0.50202198 0.17311260 -0.31217393 0.78775211
1779472272.17401719 -1.05683807 2.51077475 0.31325004 0.50105621 0.17446349 -0.31433813 0.78720817
1779472272.18430328 -1.04936377 2.51378252 0.30864972 0.50098652 0.17346855 -0.31575070 0.78690703
1779472272.19461989 -1.05237140 2.51164836 0.30808979 0.50005115 0.17515986 -0.31641119 0.78686201
1779472272.20498943 -1.03958245 2.51503374 0.31324576 0.50045932 0.17574833 -0.31932227 0.78529375
1779472272.21534109 -1.04295579 2.51262836 0.31532796 0.50027721 0.17713591 -0.31945830 0.78504266
1779472272.22569823 -1.03630580 2.51455996 0.31435531 0.49937243 0.17812603 -0.32174131 0.78446213
1779472272.23598886 -1.02978608 2.51561077 0.31848324 0.49971988 0.17895120 -0.32354868 0.78330886
1779472272.24632740 -1.02858438 2.51542385 0.31948384 0.49910294 0.18024569 -0.32470448 0.78292704
1779472272.24649215 -1.02292739 2.51701417 0.32131409 0.49937019 0.18019764 -0.32580267 0.78231122
1779472272.25658846 -1.01266938 2.51964285 0.32576346 0.49923568 0.18121521 -0.32844978 0.78105411
1779472272.26689672 -1.01080693 2.51882525 0.33009501 0.49905191 0.18293709 -0.32980120 0.78020022
1779472272.27722883 -1.00611326 2.51996967 0.32862023 0.49807765 0.18394756 -0.33177902 0.77974652
1779472272.28754640 -1.00254448 2.52110825 0.32673604 0.49715215 0.18471461 -0.33338381 0.77947128
1779472272.29780459 -0.99594975 2.52114510 0.33723383 0.49688531 0.18761518 -0.33609810 0.77778120
1779472272.30810356 -0.98874188 2.52380079 0.33198490 0.49568439 0.18778089 -0.33839858 0.77750995
1779472272.31838679 -0.99110589 2.52136951 0.33641023 0.49474747 0.19037495 -0.33935601 0.77705844
1779472272.32871246 -0.98652597 2.52240620 0.33489107 0.49182973 0.19332726 -0.34266500 0.77672955
1779472272.33904219 -0.97788841 2.52490409 0.33321319 0.49068735 0.19423688 -0.34545772 0.77598771
1779472272.34931588 -0.96687315 2.52618269 0.34478962 0.49266242 0.19458078 -0.34735045 0.77380212
1779472272.35959625 -0.96959052 2.52479973 0.34349692 0.49114141 0.19642187 -0.34825582 0.77389692
1779472272.36992502 -0.96038054 2.52686373 0.34637527 0.49061839 0.19760730 -0.35101575 0.77267903
1779472272.38014555 -0.95628100 2.52650915 0.35132165 0.49014422 0.19949842 -0.35290991 0.77163049
1779472272.39045358 -0.95002118 2.52825749 0.35052943 0.49020888 0.19928442 -0.35436266 0.77097865
1779472272.40087843 -0.94580091 2.52976147 0.34799189 0.48910331 0.20017485 -0.35630332 0.77055560
1779472272.41115952 -0.93403525 2.53371296 0.34609273 0.48852034 0.20018085 -0.35921982 0.76956912
1779472272.42142415 -0.93039919 2.53382407 0.34891989 0.48955291 0.19993978 -0.35980010 0.76870405
1779472272.42166042 -0.92657845 2.53465056 0.35143950 0.49029206 0.19963443 -0.36028249 0.76808614
1779472272.43176627 -0.92526872 2.53432776 0.35516398 0.48925415 0.20194938 -0.36190246 0.76738089
1779472272.44208026 -0.93269017 2.53341536 0.34350631 0.48632761 0.20327568 -0.36245827 0.76862765
1779472272.45239043 -0.93139841 2.53354090 0.34371656 0.48457286 0.20549723 -0.36435616 0.76824776
1779472272.46275163 -0.91394139 2.53715914 0.35721192 0.48448425 0.20834062 -0.36884057 0.76539260
1779472272.47304583 -0.91308144 2.53787500 0.35456412 0.48330600 0.20946056 -0.37016531 0.76519228
1779472272.48332214 -0.90348113 2.54075257 0.35850113 0.48282504 0.21089358 -0.37307140 0.76368947
1779472272.49364901 -0.89596767 2.54258393 0.36352467 0.48233491 0.21266933 -0.37560032 0.76226583
1779472272.50391865 -0.89172381 2.54465130 0.36081669 0.48124302 0.21335779 -0.37735772 0.76189551
1779472272.51419163 -0.88976810 2.54515075 0.36273724 0.48004859 0.21544966 -0.37918491 0.76115281
1779472272.52452016 -0.87737396 2.54987949 0.36124610 0.47925658 0.21576785 -0.38245202 0.75992619
1779472272.53482842 -0.87397923 2.55060529 0.36445935 0.47874821 0.21722565 -0.38402105 0.75903952
1779472272.54514146 -0.86906898 2.55276275 0.36248809 0.47716279 0.21861286 -0.38642643 0.75841855
1779472272.55540180 -0.86015101 2.55560213 0.36342473 0.47668794 0.21928175 -0.38895861 0.75722871
1779472272.56569386 -0.85583423 2.55685190 0.36444350 0.47605975 0.22027512 -0.39061280 0.75648373
1779472272.56585336 -0.85967060 2.55559221 0.36503174 0.47569842 0.22105854 -0.39037849 0.75660345
1779472272.57598424 -0.86589325 2.55604736 0.35142907 0.47329039 0.22099139 -0.39067791 0.75797743
1779472272.58628488 -0.86333540 2.55621132 0.35448716 0.47217398 0.22308971 -0.39258888 0.75707112
1779472272.59665513 -0.84595419 2.56072590 0.35921077 0.47120270 0.22474380 -0.39708545 0.75483865
1779472272.60697436 -0.84084168 2.56106471 0.36576263 0.47117901 0.22625519 -0.39878679 0.75350383
1779472272.61720014 -0.84024986 2.56156362 0.36198268 0.46918036 0.22781144 -0.40051266 0.75336668
1779472272.62750840 -0.83681186 2.56239521 0.36201584 0.46829734 0.22886194 -0.40231227 0.75263846
1779472272.63781261 -0.84310363 2.56118805 0.35634387 0.46643302 0.22999872 -0.40265387 0.75326668
1779472272.64810324 -0.82877345 2.56411954 0.36224703 0.46627562 0.23122509 -0.40610332 0.75113388
1779472272.65838647 -0.81902752 2.56625159 0.36503384 0.46569992 0.23234210 -0.40889846 0.74962843
1779472272.66863394 -0.82103486 2.56567081 0.36192894 0.46406012 0.23373493 -0.41011378 0.74954845
1779472272.67891908 -0.80369361 2.57196615 0.35499343 0.46182452 0.23390679 -0.41464135 0.74838378
1779472272.68919659 -0.80758453 2.56815625 0.36696035 0.46410874 0.23479860 -0.41377812 0.74716823
1779472272.69946289 -0.81372161 2.56632154 0.36374604 0.46183183 0.23701240 -0.41453872 0.74745845
1779472272.70976567 -0.79546046 2.57015323 0.37040185 0.46273104 0.23708883 -0.41788658 0.74500985
1779472272.72016048 -0.77848633 2.57358609 0.37705733 0.46592208 0.23479853 -0.41972190 0.74271111
1779472272.73043513 -0.78026276 2.57258870 0.37610816 0.46584985 0.23508088 -0.42017086 0.74241319
1779472272.74073362 -0.77502829 2.57273978 0.38136092 0.46466816 0.23757145 -0.42233391 0.74113250
1779472272.74095035 -0.78303355 2.57013606 0.38118034 0.46465784 0.23800721 -0.42109694 0.74170278
1779472272.75111699 -0.78321910 2.56951741 0.38091906 0.46399436 0.23888434 -0.42194166 0.74135602
1779472272.76143909 -0.78183453 2.57082946 0.37295279 0.46245552 0.23893371 -0.42338265 0.74148008
1779472272.77165699 -0.77568772 2.57014560 0.38219808 0.46219292 0.24146563 -0.42555624 0.73957687
1779472272.78198147 -0.77119587 2.57100991 0.38238736 0.46127737 0.24248876 -0.42727319 0.73882340
1779472272.79229212 -0.77531531 2.56936518 0.38052431 0.46062446 0.24327145 -0.42752007 0.73883063
1779472272.80256414 -0.77447607 2.56860505 0.38219043 0.45994317 0.24470491 -0.42866294 0.73811915
1779472272.81292200 -0.77122923 2.56860754 0.38429936 0.45927636 0.24601596 -0.43013963 0.73723895
1779472272.81315041 -0.77022543 2.56885407 0.38372136 0.45928297 0.24593126 -0.43043726 0.73708937
1779472272.82329273 -0.77283511 2.56863422 0.37819617 0.45883161 0.24549335 -0.43047393 0.73749493
1779472272.83358669 -0.78002470 2.56803619 0.36662986 0.45666354 0.24570492 -0.43069021 0.73864298
1779472272.84385061 -0.77612982 2.56724759 0.37215508 0.45440612 0.24950360 -0.43342013 0.73716350
1779472272.85419178 -0.77588193 2.56721182 0.36864652 0.45228444 0.25112176 -0.43495798 0.73701302
1779472272.86451006 -0.77549700 2.56715982 0.36440991 0.45099311 0.25175233 -0.43615840 0.73687979
1779472272.87480211 -0.76838089 2.56868729 0.36152903 0.45024441 0.25187059 -0.43826664 0.73604587
1779472272.88509822 -0.77128727 2.56718626 0.36143497 0.44886909 0.25356302 -0.43898721 0.73587537
1779472272.89542413 -0.77771922 2.56443922 0.35907434 0.44685211 0.25561736 -0.43938764 0.73615315
1779472272.90576172 -0.77583036 2.56448926 0.35459598 0.44575591 0.25595638 -0.44066550 0.73593608
1779472272.91605377 -0.77243485 2.56488954 0.35048701 0.44493121 0.25605423 -0.44204847 0.73557161
1779472272.92636895 -0.77444018 2.56398458 0.34704741 0.44354769 0.25696978 -0.44274216 0.73567068
1779472272.93667197 -0.76917584 2.56535835 0.34092283 0.44198079 0.25730763 -0.44475021 0.73528431
1779472272.94701695 -0.77095482 2.56352536 0.34120239 0.44096203 0.25885124 -0.44550784 0.73489542
1779472272.95731521 -0.77387274 2.56172511 0.34121124 0.44041141 0.25986107 -0.44563359 0.73479298
1779472272.95752859 -0.77299257 2.56160604 0.34143282 0.44035789 0.26004927 -0.44591317 0.73458883
1779472272.96768689 -0.77853095 2.56056139 0.33341929 0.43951507 0.25963085 -0.44558039 0.73544302
1779472272.97804523 -0.78042609 2.55895281 0.33298261 0.43900855 0.26062634 -0.44597118 0.73515652
1779472272.98835826 -0.76188125 2.56109346 0.34515252 0.44046040 0.26186036 -0.44910485 0.73193485
1779472272.99865842 -0.75899839 2.56058067 0.34847513 0.44069665 0.26273753 -0.44988224 0.73100029
1779472273.00900674 -0.76246331 2.55757005 0.35407646 0.44086049 0.26460286 -0.44975251 0.73030818
1779472273.01927900 -0.76797264 2.55479454 0.35566297 0.44156757 0.26516896 -0.44886651 0.73022076
1779472273.02954626 -0.76936417 2.55331290 0.35761694 0.44212097 0.26562788 -0.44869120 0.72982675
1779472273.02973223 -0.75858869 2.55455810 0.36617278 0.44316371 0.26633676 -0.45024625 0.72797594
1779472273.03987861 -0.74787050 2.55491744 0.37693790 0.44465094 0.26743444 -0.45180808 0.72569541
1779472273.05014968 -0.75007529 2.55263602 0.38060856 0.44490238 0.26879517 -0.45173380 0.72508455
1779472273.06038570 -0.75618731 2.55026899 0.37971460 0.44536694 0.26904335 -0.45082406 0.72527349
1779472273.07072067 -0.75556260 2.54849563 0.38582879 0.44551040 0.27072480 -0.45121204 0.72431778
1779472273.08103395 -0.74298692 2.54769438 0.40239380 0.44699170 0.27318799 -0.45321241 0.72122483
1779472273.09129095 -0.73288482 2.54905276 0.40444477 0.44777952 0.27306121 -0.45486131 0.71974458
1779472273.10163975 -0.72675784 2.54942550 0.40674753 0.45131069 0.27027387 -0.45415174 0.71903887
1779472273.11197376 -0.71787539 2.54967855 0.41054330 0.45064370 0.27196190 -0.45636545 0.71741728
1779472273.12226725 -0.72155764 2.54815373 0.40698648 0.44991034 0.27243900 -0.45632166 0.71772433
1779472273.13256526 -0.71840486 2.54643831 0.41194348 0.44789588 0.27576802 -0.45837737 0.71640175
1779472273.14289427 -0.71683131 2.54589663 0.41087568 0.44878630 0.27501233 -0.45809892 0.71631310
1779472273.15314794 -0.70569774 2.54766559 0.40973437 0.44750565 0.27596222 -0.46091329 0.71494229
1779472273.16340661 -0.71571078 2.54613382 0.39628665 0.44609457 0.27505815 -0.45984800 0.71685596
1779472273.17375135 -0.70273909 2.54658596 0.40406075 0.44597364 0.27678335 -0.46238324 0.71463293
1779472273.18406248 -0.72637191 2.53982203 0.39705367 0.44351828 0.27876583 -0.45973971 0.71709172
1779472273.19435239 -0.70654111 2.54270869 0.40076733 0.44295687 0.27986704 -0.46365276 0.71448567
1779472273.20463848 -0.69729590 2.54417103 0.39923315 0.44205535 0.28037886 -0.46577909 0.71345960
1779472273.20480084 -0.69538958 2.54411325 0.39984918 0.44177155 0.28082975 -0.46629452 0.71312128
1779472273.21494651 -0.69359449 2.54408037 0.39528044 0.44310573 0.27890177 -0.46573452 0.71341605
1779472273.22521138 -0.70522692 2.54008286 0.39060400 0.44145293 0.28029735 -0.46472934 0.71454835
1779472273.23551607 -0.69980484 2.54143304 0.38497540 0.44211659 0.27858911 -0.46523055 0.71447992
1779472273.23567891 -0.69183551 2.54171203 0.39130202 0.44134427 0.28063591 -0.46714191 0.71290754
1779472273.24577022 -0.69718603 2.53946601 0.38948102 0.44105108 0.28103890 -0.46643455 0.71339323
1779472273.25607157 -0.67858772 2.54129760 0.39568564 0.44183478 0.28167780 -0.46928917 0.71077937
1779472273.26634073 -0.67935818 2.54060892 0.38879210 0.44152406 0.28104004 -0.46927567 0.71123368
1779472273.27662516 -0.68212037 2.53897047 0.38961046 0.44122331 0.28186617 -0.46900336 0.71127302
1779472273.28689766 -0.66759160 2.53957716 0.39353258 0.43967558 0.28445248 -0.47249145 0.70888927
1779472273.29718709 -0.67351266 2.53706378 0.38999279 0.43974805 0.28441757 -0.47139914 0.70958519
1779472273.30752611 -0.66642686 2.53553750 0.39687230 0.43994843 0.28623187 -0.47255869 0.70795832
1779472273.31776547 -0.67042758 2.53434516 0.39138708 0.44079727 0.28478210 -0.47130580 0.70884961
1779472273.32808137 -0.66382526 2.53417960 0.38899193 0.44308425 0.28255770 -0.47096615 0.70853962
1779472273.33834934 -0.65933008 2.53294690 0.39020668 0.44337580 0.28306682 -0.47152384 0.70778270
1779472273.34863353 -0.64725229 2.53367848 0.39319102 0.44437661 0.28289091 -0.47298111 0.70625139
1779472273.35892797 -0.64303741 2.53219805 0.39433943 0.44396927 0.28406985 -0.47383412 0.70546214
1779472273.36921501 -0.64260265 2.53020149 0.39287747 0.44428722 0.28412265 -0.47353901 0.70543886
1779472273.37952781 -0.63549946 2.53046682 0.39079406 0.44545686 0.28278729 -0.47395418 0.70495884
1779472273.38983989 -0.61797605 2.53368539 0.38361292 0.44703086 0.27962618 -0.47582796 0.70396049
1779472273.40015793 -0.62353664 2.53018865 0.38105286 0.44680654 0.28012211 -0.47472526 0.70464987
1779472273.41045952 -0.61917708 2.52867851 0.38436429 0.44707710 0.28100412 -0.47523870 0.70378046
1779472273.41065145 -0.62679460 2.52638801 0.38345097 0.44655605 0.28171818 -0.47413758 0.70456804
1779472273.42075229 -0.61476507 2.52766169 0.38187072 0.44729348 0.28069045 -0.47561274 0.70351542
1779472273.43107367 -0.61290299 2.52846173 0.36677683 0.44918908 0.27598663 -0.47418700 0.70512924
1779472273.44139719 -0.60933403 2.52389988 0.38048600 0.44987631 0.27913028 -0.47440458 0.70330497
1779472273.45168400 -0.61528549 2.52227071 0.37818281 0.44959754 0.27927832 -0.47339766 0.70410250
1779472273.46202779 -0.60020776 2.52236754 0.37609098 0.45086431 0.27811008 -0.47479826 0.70281062
1779472273.47232223 -0.59216716 2.52294837 0.37001062 0.45184078 0.27617924 -0.47520955 0.70266693
1779472273.48268580 -0.58678256 2.52235971 0.36714616 0.45242542 0.27550003 -0.47541939 0.70241539
1779472273.49297476 -0.58580446 2.52146149 0.36434734 0.45240990 0.27545519 -0.47528583 0.70253334
1779472273.50326729 -0.57680106 2.52186988 0.36034132 0.45267067 0.27472979 -0.47627099 0.70198202
1779472273.51355481 -0.57458772 2.52019938 0.36070720 0.45081316 0.27733483 -0.47747275 0.70133634
1779472273.52390909 -0.57914517 2.51907906 0.35347781 0.45090051 0.27630272 -0.47622923 0.70253204
1779472273.52410460 -0.57233728 2.51940633 0.35587839 0.45084021 0.27691332 -0.47737300 0.70155337
1779472273.53424263 -0.57049061 2.51830580 0.35521902 0.45155517 0.27659626 -0.47696777 0.70149425
1779472273.54453254 -0.57149385 2.51740043 0.34636160 0.45143855 0.27550313 -0.47626543 0.70247598
1779472273.55490422 -0.56411993 2.51659126 0.34726139 0.45200888 0.27573943 -0.47680395 0.70165072
1779472273.56527376 -0.56741093 2.51576201 0.33890395 0.45214486 0.27439394 -0.47564006 0.70287945
1779472273.57557344 -0.55754939 2.51459244 0.34331697 0.45308696 0.27503621 -0.47644733 0.70147361
1779472273.58587050 -0.55909408 2.51297270 0.33802167 0.45278939 0.27495250 -0.47581727 0.70212593
1779472273.59622073 -0.55120841 2.51203377 0.34144653 0.45273851 0.27616555 -0.47692876 0.70092752
1779472273.60652924 -0.54717974 2.51059314 0.33975633 0.45243269 0.27674548 -0.47726441 0.70066774
1779472273.61682510 -0.54474594 2.50888491 0.33728670 0.45140075 0.27785273 -0.47774437 0.70056801
1779472273.62719345 -0.54050866 2.50740501 0.33527803 0.45075122 0.27866557 -0.47837012 0.70023629
1779472273.63748050 -0.54449507 2.50605074 0.32731412 0.45000470 0.27818059 -0.47757355 0.70145195
1779472273.64774990 -0.55237539 2.50147388 0.32793259 0.44949993 0.27991780 -0.47591797 0.70220932
1779472273.65802002 -0.53631015 2.50117414 0.33182353 0.44868370 0.28186208 -0.47884158 0.69996246
1779472273.66827226 -0.53373930 2.50005260 0.32957985 0.44812046 0.28233531 -0.47919115 0.69989333
1779472273.67860746 -0.52496040 2.50012052 0.32386553 0.44862875 0.28094529 -0.47983843 0.69968355
1779472273.68893957 -0.52468953 2.49835329 0.31907839 0.44735251 0.28179040 -0.48011753 0.69996932
1779472273.69924116 -0.50748098 2.49833247 0.32218894 0.44711982 0.28299331 -0.48288266 0.69772702
1779472273.70958281 -0.49918869 2.49837510 0.31904197 0.44702844 0.28263701 -0.48398294 0.69716741
1779472273.71989155 -0.49097603 2.49680260 0.32117646 0.44690176 0.28380826 -0.48509465 0.69599919
1779472273.73018599 -0.48759456 2.49512671 0.31926211 0.44675569 0.28418564 -0.48527665 0.69581208
1779472273.74049759 -0.48643064 2.49478239 0.31158365 0.44686038 0.28277810 -0.48494622 0.69654828
1779472273.75082397 -0.47381070 2.49362352 0.31528090 0.44723563 0.28374520 -0.48658183 0.69477124
1779472273.76104498 -0.46743920 2.49166015 0.31733018 0.44693205 0.28520769 -0.48747428 0.69374141
1779472273.77140450 -0.45778104 2.49148007 0.31562388 0.44891754 0.28313456 -0.48753637 0.69326485
1779472273.77160144 -0.45648274 2.49088060 0.31666890 0.44949806 0.28295762 -0.48733346 0.69310358
1779472273.78176856 -0.44456558 2.49038652 0.31909034 0.44949888 0.28382178 -0.48917551 0.69145013
1779472273.79212689 -0.44027621 2.48832880 0.31971397 0.45009525 0.28409413 -0.48916195 0.69095974
1779472273.80242682 -0.43079676 2.48688464 0.32155118 0.45045517 0.28475555 -0.49023958 0.68968802
1779472273.81271791 -0.42345950 2.48576038 0.32303960 0.45110636 0.28487009 -0.49086620 0.68876880
1779472273.82307577 -0.41340196 2.48365067 0.32903048 0.45243316 0.28551278 -0.49157166 0.68712735
1779472273.83337140 -0.41373557 2.48077028 0.32970902 0.45251011 0.28647769 -0.49107566 0.68702971
1779472273.84372687 -0.40445420 2.47893122 0.33157542 0.45350381 0.28645981 -0.49173859 0.68590687
1779472273.85401654 -0.39876622 2.47723141 0.33384307 0.45378937 0.28719802 -0.49228523 0.68501661
1779472273.86435032 -0.39934739 2.47404715 0.33549236 0.45407173 0.28816351 -0.49161542 0.68490506
1779472273.87464857 -0.38310967 2.47215913 0.34281445 0.45532410 0.28900040 -0.49348009 0.68237536
1779472273.88501263 -0.38605033 2.47015187 0.33967470 0.45484552 0.28945000 -0.49290461 0.68291968
1779472273.89533949 -0.38220920 2.46777484 0.33940859 0.45513729 0.28977464 -0.49301607 0.68250704
1779472273.90564108 -0.36895548 2.46561185 0.34525374 0.45575605 0.29099769 -0.49471094 0.68034392
1779472273.91596961 -0.36398352 2.46390848 0.34335841 0.45598813 0.29092229 -0.49502816 0.67998982
1779472273.92625213 -0.35614366 2.46162342 0.35034047 0.45673565 0.29223268 -0.49580207 0.67836046
1779472273.93666911 -0.35709126 2.45985827 0.34421477 0.45680405 0.29142793 -0.49517731 0.67911652
1779472273.94699287 -0.34497094 2.45788460 0.34810538 0.45760789 0.29197875 -0.49652564 0.67735199
1779472273.95726919 -0.34510287 2.45625935 0.34580354 0.45788497 0.29168708 -0.49599826 0.67767671
1779472273.96756959 -0.33069323 2.45508709 0.34682943 0.45841032 0.29178289 -0.49794739 0.67584845
1779472273.97779036 -0.32803788 2.45279065 0.34681837 0.45884522 0.29201608 -0.49782820 0.67554034
1779472273.98805046 -0.32840925 2.45085302 0.34723040 0.45992575 0.29151580 -0.49688261 0.67571777
1779472273.99835491 -0.31682769 2.45002275 0.34504535 0.46014606 0.29121808 -0.49840683 0.67457266
1779472274.00868535 -0.31388401 2.44823077 0.34342478 0.46107273 0.29050219 -0.49803683 0.67452185
1779472274.01901603 -0.31699989 2.44619522 0.34034410 0.46173181 0.28988142 -0.49671418 0.67531290
1779472274.02937984 -0.31101294 2.44551874 0.33873103 0.46204017 0.28957878 -0.49730140 0.67479947
1779472274.03968740 -0.29888933 2.44427559 0.34039245 0.46327173 0.28914591 -0.49842619 0.67330921
1779472274.04995441 -0.30461936 2.44267127 0.33499444 0.46339344 0.28862764 -0.49691647 0.67456254
1779472274.06028056 -0.30184634 2.44141045 0.33256854 0.46384126 0.28824036 -0.49676868 0.67452921
1779472274.07061243 -0.29570237 2.43981243 0.33633630 0.46439087 0.28909302 -0.49736055 0.67334896
1779472274.08087921 -0.29706258 2.43853321 0.33222271 0.46467397 0.28857119 -0.49654734 0.67397738
1779472274.09113026 -0.29815258 2.43885545 0.32240775 0.46458358 0.28678189 -0.49596201 0.67523325
1779472274.09133387 -0.29265493 2.43815494 0.32662164 0.46475671 0.28774336 -0.49684063 0.67405812
1779472274.10146260 -0.29067071 2.43742822 0.32437935 0.46518883 0.28723462 -0.49670405 0.67407768
1779472274.11181045 -0.29028249 2.43700170 0.31762884 0.46514666 0.28631359 -0.49634785 0.67476065
1779472274.12210870 -0.28978823 2.43588730 0.31444113 0.46539602 0.28601225 -0.49592426 0.67502790
1779472274.13237667 -0.28733736 2.43528567 0.31137108 0.46509653 0.28608547 -0.49627993 0.67494189
1779472274.13253856 -0.29228398 2.43548919 0.30519138 0.46542147 0.28443627 -0.49497736 0.67636992
1779472274.14270568 -0.28845813 2.43526578 0.30079679 0.46526371 0.28393357 -0.49544356 0.67634835
