1779396274.32720113 0.87554380 2.28353247 1.87372326 0.05455714 -0.64216597 0.72952754 0.22898897
1779396274.36058617 0.84922869 2.27134941 1.88916208 0.05139599 -0.64518556 0.72828559 0.22515361
1779396274.39397073 0.82848264 2.25818757 1.90696075 0.04896214 -0.64869020 0.72621445 0.22229780
1779396274.42735577 0.81668856 2.24719420 1.92299314 0.04674139 -0.65212991 0.72382772 0.22048868
1779396274.46074104 0.80683519 2.24021981 1.92936648 0.04506019 -0.65372656 0.72296773 0.21892653
1779396274.49412584 0.79097024 2.24205238 1.92776921 0.04406472 -0.65450563 0.72266059 0.21781265
1779396274.52751112 0.78033174 2.23975557 1.92872380 0.04240941 -0.65540965 0.72245593 0.21609502
1779396274.56089664 0.76834211 2.23468957 1.93058585 0.04059139 -0.65657364 0.72182209 0.21502618
1779396274.59428263 0.76105011 2.23369833 1.93661998 0.03941630 -0.65788786 0.72085633 0.21446696
1779396274.62766862 0.75347144 2.22870307 1.93347167 0.03882388 -0.65840605 0.72059313 0.21386846
1779396274.66100430 0.74561680 2.22971308 1.93021681 0.03853182 -0.65868999 0.72051139 0.21332166
1779396274.69430113 0.74156633 2.23482054 1.92787733 0.03774856 -0.65893870 0.72047933 0.21280125
1779396274.72759724 0.73568326 2.23031568 1.92095421 0.03622117 -0.65852629 0.72094831 0.21275498
1779396274.76089263 0.72188228 2.23465593 1.91425170 0.03523664 -0.65869670 0.72103097 0.21211170
1779396274.79418659 0.71576756 2.23349912 1.90943415 0.03292086 -0.65887968 0.72106503 0.21179945
1779396274.82748175 0.70800225 2.23645242 1.90537703 0.03123051 -0.65908199 0.72106249 0.21143434
1779396274.86077595 0.70178722 2.24163512 1.90230251 0.03000911 -0.65922014 0.72109812 0.21105866
1779396274.89407015 0.70300680 2.24220840 1.90163912 0.02827783 -0.65949792 0.72115181 0.21024492
1779396274.92736363 0.69987853 2.24455159 1.89726637 0.02725794 -0.65951227 0.72114971 0.21034178
1779396274.96065664 0.69917966 2.24527088 1.89038322 0.02634957 -0.65952135 0.72120137 0.21025193
1779396274.99394965 0.69814680 2.24192719 1.88196036 0.02638566 -0.65895331 0.72133981 0.21154954
1779396275.02724218 0.70273135 2.24457052 1.87029608 0.02846573 -0.65838144 0.72112573 0.21377855
1779396275.06053424 0.74352619 2.24792090 1.86534618 0.03006169 -0.65762667 0.72147127 0.21471531
1779396275.09382534 0.75677280 2.25222562 1.84470789 0.03537865 -0.65572316 0.72182612 0.21850066
1779396275.12711692 0.74175508 2.25509550 1.81441672 0.04384315 -0.65274692 0.72229483 0.22425302
1779396275.16040802 0.77916875 2.26195348 1.80098940 0.04859449 -0.65173977 0.72217262 0.22658453
1779396275.19369817 0.79968502 2.26204213 1.78637875 0.05452000 -0.65003047 0.72233772 0.22960003
1779396275.22698712 0.82090046 2.26411779 1.76882276 0.06016965 -0.64842708 0.72258702 0.23192657
1779396275.26027679 0.83047847 2.26400712 1.75101710 0.06649843 -0.64643809 0.72318646 0.23387411
1779396275.29356599 0.84691869 2.27455850 1.73380492 0.07225452 -0.64494901 0.72373940 0.23456628
1779396275.32685494 0.84971532 2.27895424 1.72017255 0.07892641 -0.64305789 0.72430553 0.23585732
1779396275.36014342 0.86278683 2.28077437 1.70407803 0.08498549 -0.64160567 0.72469250 0.23651726
1779396275.39343166 0.81457383 2.28638920 1.68782225 0.09585446 -0.63858390 0.72445416 0.24122334
1779396275.42671919 0.81556233 2.29214316 1.67050765 0.10402897 -0.63659710 0.72446509 0.24304822
1779396275.46000624 0.83598277 2.29202083 1.65230383 0.11065810 -0.63492355 0.72442258 0.24461968
1779396275.49329352 0.85155691 2.29451163 1.64013561 0.11776100 -0.63376178 0.72357036 0.24682847
1779396275.52658010 0.86693042 2.28864540 1.62690577 0.12420974 -0.63226827 0.72267058 0.25011199
1779396275.55986571 0.88957740 2.28418534 1.61018229 0.12985376 -0.63101531 0.72160449 0.25346525
1779396275.59315157 0.90814742 2.28411068 1.59255352 0.13532505 -0.62986148 0.72014481 0.25759093
1779396275.62643671 0.92962955 2.28476955 1.57455812 0.13944522 -0.62819997 0.71911061 0.26229707
1779396275.65976000 0.95182675 2.28786416 1.56415750 0.14190475 -0.62651109 0.71850000 0.26665455
1779396275.69313383 0.96977354 2.28864090 1.55139671 0.14376361 -0.62478849 0.71826825 0.27029998
1779396275.72650790 0.98704139 2.28992333 1.53684786 0.14440257 -0.62356413 0.71815043 0.27308540
1779396275.75988126 1.00732987 2.29148095 1.51441662 0.14349296 -0.62325853 0.71804417 0.27453806
1779396275.79325557 1.01634036 2.28284708 1.50282636 0.14243985 -0.62249251 0.71845838 0.27573815
1779396275.82662940 1.02519603 2.28815556 1.50149951 0.14119067 -0.62307582 0.71778445 0.27681619
1779396275.86000371 1.02879102 2.28357633 1.49091763 0.13936212 -0.62198246 0.71867240 0.27789567
1779396275.89337826 1.04568139 2.28576456 1.47933003 0.13574918 -0.62090334 0.72021340 0.27810764
1779396275.92675209 1.04595901 2.28301812 1.46896130 0.13239742 -0.61993539 0.72136282 0.27890268
1779396275.96012688 1.04539615 2.28659019 1.46324014 0.13013447 -0.61980304 0.72215085 0.27822177
1779396275.99350119 1.04106572 2.29264344 1.45458935 0.12859574 -0.61860997 0.72358184 0.27787436
1779396276.02687573 1.03734316 2.30550422 1.43733914 0.12703528 -0.61600465 0.72635080 0.27715486
1779396276.06025076 1.04507474 2.32210791 1.41601849 0.12422995 -0.61273230 0.73016265 0.27566020
1779396276.09362555 1.02892244 2.33878546 1.38495906 0.12367445 -0.60844383 0.73374091 0.27590761
1779396276.12699938 1.03643893 2.35537322 1.36449376 0.12059614 -0.60532564 0.73733737 0.27453788
1779396276.16037440 1.02035425 2.36446198 1.34499237 0.11931362 -0.60290931 0.73952833 0.27452227
1779396276.19374943 1.05177735 2.36065709 1.34300706 0.11395090 -0.60376883 0.74091008 0.27116533
1779396276.22712469 1.03987462 2.35379656 1.34667884 0.11288931 -0.60487255 0.74086068 0.26927801
1779396276.26050019 1.04207974 2.35224524 1.35442404 0.11164467 -0.60671665 0.74019831 0.26746372
1779396276.29387522 1.03463672 2.35285867 1.35610429 0.11095755 -0.60730279 0.74047947 0.26563490
1779396276.32725072 1.02963697 2.35262480 1.35542206 0.10984777 -0.60794989 0.74077314 0.26379075
1779396276.36062646 1.02244414 2.34936594 1.35914129 0.10909387 -0.60922552 0.74060474 0.26162456
1779396276.39400196 1.00118707 2.33862510 1.35774588 0.10851435 -0.61036512 0.74063325 0.25911666
1779396276.42737794 0.98746213 2.33034293 1.36627289 0.10805998 -0.61220471 0.74019202 0.25621127
1779396276.46075368 0.99960464 2.32979058 1.38430702 0.10540420 -0.61482402 0.73960331 0.25272183
1779396276.49412966 0.98890590 2.33006347 1.39169045 0.10419680 -0.61586966 0.73965556 0.25051395
1779396276.52750611 0.97649052 2.33655846 1.38867750 0.10290828 -0.61572691 0.74043149 0.24910133
1779396276.56088090 0.97233415 2.33976774 1.38396344 0.10072849 -0.61493301 0.74192331 0.24750953
1779396276.59425759 0.95922405 2.34717946 1.37707128 0.09943167 -0.61491100 0.74271725 0.24570082
1779396276.62763381 0.94429276 2.34777169 1.37156341 0.09881502 -0.61461532 0.74375532 0.24353976
1779396276.66099906 0.92671648 2.35570215 1.37623376 0.09898431 -0.61493092 0.74426687 0.24109935
1779396276.69432998 0.91601361 2.34928976 1.36739479 0.09825483 -0.61454333 0.74544955 0.23872044
1779396276.72766113 0.91822278 2.34959336 1.35213105 0.09744375 -0.61451218 0.74635960 0.23627705
1779396276.76099253 0.91613358 2.35820033 1.34447133 0.09794024 -0.61442893 0.74691694 0.23452057
1779396276.79432392 0.90076564 2.35613419 1.34269347 0.09998343 -0.61328377 0.74762409 0.23440255
1779396276.82765555 0.89628011 2.35912976 1.32842015 0.10090025 -0.61281573 0.74795055 0.23419221
1779396276.86098671 0.89250167 2.35910370 1.32082867 0.10167413 -0.61252509 0.74801471 0.23441283
1779396276.89431834 0.88703401 2.36057427 1.31066890 0.10272065 -0.61200785 0.74824614 0.23456892
1779396276.92765045 0.88284270 2.36285460 1.29763103 0.10405527 -0.61112595 0.74859729 0.23515881
1779396276.96098185 0.87971199 2.36440025 1.28429481 0.10531644 -0.61030296 0.74880054 0.23608578
1779396276.99431300 0.87913028 2.36402488 1.27097666 0.10651296 -0.60966185 0.74874911 0.23736511
1779396277.02764535 0.87819925 2.36390368 1.25740840 0.10799925 -0.60885523 0.74871160 0.23887737
1779396277.06097698 0.87747558 2.36298850 1.24192543 0.10951361 -0.60789637 0.74871313 0.24061883
1779396277.09430957 0.88078017 2.36789664 1.23353689 0.11045104 -0.60721142 0.74860079 0.24226373
1779396277.12764168 0.88057124 2.36671549 1.21614945 0.11167059 -0.60586168 0.74882159 0.24439216
1779396277.16097426 0.88011552 2.36042060 1.19179111 0.11275321 -0.60412670 0.74919184 0.24704093
1779396277.19430661 0.88118652 2.35892155 1.17567519 0.11386798 -0.60277869 0.74933076 0.24938993
1779396277.22763944 0.88119186 2.35872819 1.15971564 0.11527753 -0.60145954 0.74945699 0.25153875
1779396277.26097226 0.88125983 2.36399432 1.14671133 0.11635885 -0.60018343 0.74954931 0.25380366
1779396277.29430461 0.88771199 2.36448254 1.12911590 0.11660656 -0.59880800 0.75005204 0.25544827
1779396277.32763791 0.88696143 2.36428568 1.11003685 0.11729282 -0.59698854 0.75071467 0.25743847
1779396277.36097097 0.87862509 2.36179780 1.09263536 0.11845649 -0.59521505 0.75105161 0.26001651
1779396277.39430380 0.88009832 2.36063143 1.07567531 0.11924032 -0.59371917 0.75134088 0.26223307
1779396277.42763686 0.88508871 2.36118168 1.05454666 0.11923361 -0.59158816 0.75208808 0.26489680
1779396277.46096921 0.89254624 2.35780239 1.03263884 0.11896051 -0.58964928 0.75284548 0.26718121
1779396277.49430251 0.90311096 2.36236407 1.01954138 0.12001199 -0.58872776 0.75272457 0.26907709
1779396277.52763605 0.90848705 2.35851128 1.00904842 0.12165974 -0.58865866 0.75187210 0.27086571
1779396277.56096959 0.91336529 2.35321074 1.00180927 0.12440203 -0.58918851 0.75039975 0.27254588
1779396277.59430337 0.92037947 2.34791285 0.99125928 0.12753266 -0.58930616 0.74891822 0.27490940
1779396277.62763715 0.93115436 2.34030382 0.97263988 0.13010765 -0.58834052 0.74816073 0.27781822
1779396277.66095686 0.94159974 2.33828175 0.95054334 0.13301315 -0.58645115 0.74772761 0.28157765
1779396277.69425297 0.95117548 2.33925410 0.93009317 0.13625880 -0.58450890 0.74708772 0.28573207
1779396277.72754908 0.96298964 2.33381791 0.91036246 0.13930521 -0.58326481 0.74598865 0.28965007
1779396277.76084447 0.95262237 2.32797724 0.89365084 0.14377255 -0.58224472 0.74423908 0.29398764
1779396277.79413939 0.96695631 2.31653507 0.88099625 0.14541451 -0.58215894 0.74250500 0.29771111
1779396277.82743406 0.98224064 2.30977198 0.87286864 0.14636935 -0.58275117 0.74053813 0.30096571
1779396277.86072874 0.99487562 2.30143156 0.86263901 0.14689510 -0.58303218 0.73902861 0.30386184
1779396277.89402175 0.99855362 2.29573842 0.84900051 0.14801201 -0.58267185 0.73799669 0.30650749
1779396277.92731500 1.00465359 2.29076598 0.83423414 0.14889547 -0.58200411 0.73744270 0.30867397
1779396277.96060848 1.00821516 2.28728650 0.81916667 0.15002475 -0.58106044 0.73718137 0.31052371
1779396277.99390101 1.01754450 2.28337452 0.80714360 0.15044752 -0.58069652 0.73696093 0.31152158
1779396278.02719355 1.01836506 2.27815877 0.79934440 0.15087064 -0.58091998 0.73652602 0.31192860
1779396278.06048560 1.01617155 2.27194333 0.79816475 0.15086634 -0.58208610 0.73580033 0.31146909
1779396278.09377694 1.00966825 2.26898643 0.79634309 0.15070468 -0.58311734 0.73554822 0.31021136
1779396278.12706828 0.99848522 2.27224778 0.78649738 0.15047907 -0.58250587 0.73682968 0.30842339
1779396278.16035891 0.98620409 2.27907960 0.77301174 0.15014125 -0.58104837 0.73885179 0.30649375
1779396278.19364929 0.97854208 2.28217423 0.76695588 0.14938697 -0.58076731 0.73998851 0.30464713
1779396278.22693920 0.97206804 2.28323776 0.76481176 0.14756522 -0.58137313 0.74075712 0.30250402
1779396278.26022887 0.97829031 2.28643877 0.76367855 0.14372907 -0.58146084 0.74279757 0.29916051
1779396278.29351830 0.96954392 2.29674595 0.75601365 0.14073830 -0.58094798 0.74504665 0.29596902
1779396278.32680583 0.95570951 2.30462186 0.74590701 0.13853462 -0.57977864 0.74782284 0.29227709
1779396278.36009431 0.94390271 2.30574611 0.73042616 0.13613409 -0.57817745 0.75093218 0.28858136
1779396278.39338231 0.93076178 2.31308921 0.71517311 0.13347599 -0.57621408 0.75434620 0.28482153
1779396278.42666960 0.91932382 2.31905123 0.70170338 0.13043684 -0.57453833 0.75749522 0.28123465
1779396278.45995736 0.90795519 2.32262943 0.69132380 0.12793610 -0.57334105 0.76014998 0.27764078
1779396278.49324393 0.90484352 2.33383610 0.68271169 0.12450916 -0.57319836 0.76218747 0.27388202
1779396278.52653050 0.89601814 2.33622644 0.67363115 0.12157293 -0.57231212 0.76453981 0.27047687
1779396278.55981636 0.88767179 2.33625878 0.67137510 0.11940916 -0.57261861 0.76584466 0.26707926
1779396278.59310198 0.88202904 2.33276565 0.67061711 0.11727341 -0.57268443 0.76711588 0.26422097
1779396278.62638712 0.87764925 2.33020085 0.66743975 0.11652199 -0.57275926 0.76787865 0.26216756
1779396278.65969348 0.87429372 2.32764607 0.66174797 0.11647656 -0.57247439 0.76861641 0.26064363
1779396278.69303250 0.87080224 2.32611317 0.65186442 0.11615764 -0.57151123 0.76980338 0.25939365
1779396278.72637224 0.86386096 2.32654442 0.64401935 0.11711527 -0.57097565 0.77062040 0.25771112
1779396278.75971174 0.85563427 2.31220334 0.64621251 0.11843739 -0.57128747 0.77050621 0.25675551
1779396278.79305053 0.85422129 2.31855162 0.65320806 0.12049793 -0.57476449 0.76821758 0.25488778
1779396278.82639003 0.85491453 2.31174462 0.66462458 0.12188668 -0.57806957 0.76577137 0.25411300
1779396278.85973024 0.85476519 2.29326386 0.67230425 0.12255067 -0.57956938 0.76438089 0.25456341
1779396278.89307046 0.87937364 2.29073356 0.66927083 0.12134335 -0.58122021 0.76333550 0.25451477
1779396278.92641115 0.88754369 2.28689456 0.66449447 0.12207337 -0.58196946 0.76230143 0.25555072
1779396278.95975161 0.89644677 2.28289080 0.65734342 0.12378349 -0.58255998 0.76086773 0.25764669
1779396278.99309254 0.90705026 2.27170536 0.65366469 0.12614242 -0.58262429 0.75951221 0.26034254
1779396279.02643323 0.91929605 2.26511761 0.64241460 0.12926410 -0.58235412 0.75806179 0.26362246
1779396279.05977464 0.93147816 2.25954054 0.62698792 0.13269100 -0.58167039 0.75676727 0.26712533
1779396279.09311581 0.94320552 2.25441732 0.61115590 0.13632367 -0.58110253 0.75528031 0.27071638
1779396279.12645721 0.94530640 2.25003418 0.60132804 0.14046210 -0.58077961 0.75350638 0.27421447
1779396279.15979862 0.96422736 2.21894608 0.58153781 0.14247911 -0.57869160 0.75333593 0.27803006
1779396279.19314027 0.97534647 2.21281270 0.57202454 0.14614670 -0.57963044 0.75060237 0.28154177
1779396279.22648120 0.98682094 2.20259499 0.56888589 0.14961845 -0.58155235 0.74713676 0.28495235
1779396279.25982356 1.00553455 2.18666070 0.57410571 0.15182082 -0.58373052 0.74357255 0.28863296
1779396279.29316568 1.02161158 2.17540521 0.56894201 0.15283157 -0.58518786 0.74071655 0.29246653
1779396279.32650805 1.04378842 2.16379423 0.55408635 0.15181323 -0.58529698 0.73870542 0.29781621
1779396279.35985088 1.06915520 2.15805179 0.53289387 0.14962858 -0.58327932 0.73845810 0.30344052
1779396279.39319324 1.08915629 2.22328245 0.50555371 0.14826682 -0.58414638 0.73650037 0.30717611
1779396279.42653656 1.10125286 2.22275149 0.46949129 0.14593483 -0.57979392 0.73870581 0.31121660
1779396279.45987964 1.10694937 2.22200628 0.44128260 0.14527556 -0.57661522 0.74002885 0.31427249
1779396279.49322271 1.10923667 2.21855013 0.42338389 0.14598445 -0.57537184 0.73990828 0.31649886
1779396279.52656627 1.11690032 2.14519165 0.41580610 0.14444697 -0.56986734 0.74315324 0.31954585
1779396279.55990982 1.12535420 2.20897379 0.40081497 0.14571994 -0.57374762 0.73928586 0.32099188
1779396279.59325337 1.13052340 2.20300188 0.38526686 0.14503887 -0.57287010 0.73909026 0.32330971
1779396279.62659740 1.12983562 2.20009080 0.37821889 0.14505686 -0.57353219 0.73817246 0.32422330
1779396279.65993524 1.13083696 2.19418318 0.37451558 0.14417573 -0.57439802 0.73744376 0.32474140
1779396279.69331694 1.13140890 2.18817516 0.37030756 0.14271831 -0.57513688 0.73699259 0.32510150
1779396279.72669864 1.12889863 2.18166362 0.37146371 0.14189830 -0.57679704 0.73598269 0.32480692
1779396279.76008034 1.12841923 2.17906413 0.37458695 0.14183133 -0.57876584 0.73474165 0.32414301
1779396279.79346180 1.12571536 2.17497355 0.37106166 0.14199905 -0.57980580 0.73405129 0.32377494
1779396279.82684398 1.12167956 2.17067281 0.36602270 0.14253326 -0.58083371 0.73324066 0.32353453
1779396279.86022639 1.11985045 2.16650953 0.35888895 0.14220227 -0.58154228 0.73277687 0.32345810
1779396279.89360857 1.11720157 2.16476501 0.36203615 0.14150361 -0.58200665 0.73277223 0.32293938
1779396279.92699122 1.11269292 2.16262553 0.35501585 0.13978122 -0.58212515 0.73347454 0.32187981
1779396279.96037412 1.10920382 2.16410110 0.35421270 0.13764170 -0.58302205 0.73402973 0.31990688
1779396279.99375701 1.09947664 2.16422411 0.35095334 0.13568365 -0.58357174 0.73513692 0.31718715
1779396280.02714014 1.08675892 2.16485989 0.34839934 0.13372234 -0.58410499 0.73650661 0.31384346
1779396280.06052327 1.07419055 2.16644585 0.34539042 0.13229080 -0.58426794 0.73799865 0.31062535
1779396280.09390688 1.06652179 2.16724865 0.33795506 0.13109601 -0.58375300 0.73940001 0.30876188
1779396280.12728953 1.05876443 2.16147888 0.33365581 0.12937992 -0.58226261 0.74138420 0.30753952
1779396280.16067314 1.05312753 2.13185595 0.32013465 0.12614388 -0.57949911 0.74464925 0.30621235
1779396280.19405699 1.04621286 2.13030209 0.31707673 0.12208348 -0.57985558 0.74629084 0.30317175
1779396280.22744107 1.03546978 2.13140500 0.31589349 0.11706668 -0.58028094 0.74859328 0.29862604
1779396280.26082516 1.01889358 2.13571953 0.32067400 0.11214949 -0.58144729 0.75091359 0.29235308
1779396280.29420972 1.00073216 2.13757144 0.33574131 0.10715060 -0.58287491 0.75332557 0.28508977
1779396280.32759428 0.97920968 2.13772408 0.34339494 0.10135438 -0.58414172 0.75627972 0.27667079
1779396280.36097932 0.95588255 2.14422656 0.34728813 0.09575599 -0.58491135 0.75943483 0.26826899
1779396280.39436412 0.93247277 2.15057620 0.35067116 0.09091829 -0.58578532 0.76225502 0.25991673
1779396280.42774868 0.91126896 2.15568642 0.35547120 0.08680338 -0.58690690 0.76435602 0.25251800
1779396280.46113420 0.90033816 2.15863720 0.35924505 0.08227092 -0.58676538 0.76701095 0.24623583
1779396280.49451971 0.88845239 2.16307243 0.35473763 0.07819496 -0.58622552 0.76950146 0.24102424
1779396280.52790523 0.87663174 2.16734814 0.34881066 0.07524697 -0.58547024 0.77187000 0.23617619
1779396280.56128979 0.86185915 2.17202339 0.34959978 0.07502762 -0.58576954 0.77312255 0.23135780
1779396280.59467554 0.85564235 2.17998949 0.36028820 0.07539000 -0.58636722 0.77405856 0.22654619
1779396280.62806177 0.84103309 2.17962327 0.34147484 0.07609408 -0.58442246 0.77617887 0.22406794
1779396280.66145086 0.83204299 2.18221635 0.33552619 0.07711486 -0.58392235 0.77708328 0.22187736
1779396280.69479060 0.83093129 2.18144685 0.33267643 0.07667986 -0.58404117 0.77753402 0.22012940
1779396280.72812986 0.83177901 2.18029396 0.32937364 0.07487916 -0.58387381 0.77829726 0.21848995
1779396280.76147008 0.83833026 2.17680468 0.34788660 0.07343476 -0.58642427 0.77730018 0.21568112
1779396280.79480982 0.83885345 2.17324791 0.35746642 0.07216443 -0.58884143 0.77622452 0.21338593
1779396280.82814956 0.83124959 2.17158106 0.36405221 0.07272316 -0.59125522 0.77481392 0.21164120
1779396280.86149001 0.83436965 2.16727387 0.38981543 0.07537339 -0.59594710 0.77138728 0.21006565
1779396280.89483047 0.84192544 2.15821542 0.41020238 0.07928427 -0.60200996 0.76620590 0.21030106
1779396280.92817116 0.85099094 2.14988234 0.42272300 0.08310350 -0.60569353 0.76235705 0.21222838
1779396280.96151185 0.85719814 2.14624771 0.41541652 0.08648986 -0.60599231 0.76117417 0.21425850
1779396280.99485207 0.86531450 2.14431591 0.41051996 0.08895277 -0.60625698 0.76025436 0.21576186
1779396281.02819300 0.89005682 2.13757363 0.40992309 0.08840478 -0.60626070 0.75987102 0.21732140
1779396281.06153440 0.89954343 2.14151120 0.40129268 0.08857057 -0.60594515 0.76000251 0.21767388
1779396281.09487605 0.89381788 2.14494157 0.39801107 0.09052030 -0.60591140 0.75993208 0.21721117
1779396281.12821746 0.89617651 2.14593002 0.39508437 0.09205161 -0.60609505 0.75969523 0.21688350
1779396281.16155910 0.90476146 2.14565202 0.38461109 0.09223310 -0.60508714 0.76019750 0.21785858
1779396281.19490147 0.91968429 2.14340287 0.36935018 0.09166142 -0.60345789 0.76084085 0.22035870
1779396281.22824335 0.95115938 2.13204477 0.36335072 0.09003189 -0.60123248 0.76194689 0.22327269
1779396281.26158547 0.97062286 2.13134836 0.34741004 0.08990055 -0.60050541 0.76178211 0.22582992
1779396281.29492831 0.98712784 2.12126271 0.34195520 0.08933107 -0.59951535 0.76171987 0.22887581
1779396281.32827067 1.00325951 2.11956978 0.32369488 0.08877431 -0.59749188 0.76252499 0.23168557
1779396281.36161375 1.01697257 2.11491084 0.30776711 0.08650803 -0.59528293 0.76395732 0.23350333
1779396281.39495659 1.04385325 2.11993337 0.29652886 0.08278057 -0.59460715 0.76469115 0.23417335
1779396281.42829990 1.05328623 2.11602924 0.28566350 0.08065075 -0.59307598 0.76584442 0.23502907
1779396281.46164203 1.05261160 2.11620661 0.28197522 0.07997793 -0.59273519 0.76592994 0.23583861
1779396281.49498558 1.05675655 2.11334115 0.28669288 0.07948090 -0.59403338 0.76518899 0.23514449
1779396281.52832961 1.05733390 2.11147528 0.29272530 0.07944335 -0.59570207 0.76433772 0.23369991
1779396281.56167340 1.07832770 2.10598080 0.30295788 0.07791271 -0.59751723 0.76399157 0.23069382
1779396281.59501743 1.07322307 2.10731719 0.30541769 0.07832846 -0.59863877 0.76397499 0.22768068
1779396281.62836123 1.06986333 2.10873662 0.30220140 0.07800946 -0.59868813 0.76469418 0.22523289
1779396281.66170883 1.06699465 2.10970762 0.30091742 0.07706792 -0.59898477 0.76535942 0.22249213
1779396281.69501328 1.06714443 2.10785379 0.30592597 0.07552030 -0.60049731 0.76492650 0.22042485
1779396281.72831678 1.06983106 2.10538154 0.31582074 0.07398840 -0.60150104 0.76487412 0.21837992
1779396281.76162028 1.06462429 2.10568552 0.32266457 0.07389039 -0.60287348 0.76423852 0.21684847
1779396281.79492331 1.06145776 2.10507412 0.32905768 0.07451896 -0.60483785 0.76307552 0.21525300
1779396281.82822633 1.05971030 2.10305277 0.32978754 0.07584107 -0.60605070 0.76208379 0.21489296
1779396281.86152864 1.05946004 2.10275343 0.32255560 0.07765323 -0.60593836 0.76177845 0.21564385
1779396281.89482999 1.06609219 2.09949430 0.30804735 0.07900524 -0.60464569 0.76186589 0.21845392
1779396281.92813158 1.10135652 2.09404172 0.28742392 0.07916244 -0.60287742 0.76209065 0.22246341
1779396281.96143317 1.10201804 2.08355051 0.25866915 0.08313758 -0.59990952 0.76218789 0.22861830
1779396281.99473453 1.10923188 2.07797187 0.23184154 0.08811741 -0.59744742 0.76175359 0.23457060
1779396282.02803516 1.11631427 2.07240805 0.19927499 0.09418885 -0.59424950 0.76136727 0.24148680
1779396282.06133580 1.12577584 2.06600440 0.16479894 0.10063093 -0.59103121 0.76041805 0.24963957
1779396282.09463596 1.14840456 2.05903705 0.12585290 0.10744704 -0.58801471 0.75856801 0.25936155
1779396282.12793589 1.15882762 2.05265716 0.07892520 0.11604788 -0.58311532 0.75709123 0.27078088
1779396282.16123533 1.16758150 2.04691038 0.02166953 0.12527954 -0.57675113 0.75613193 0.28271483
1779396282.19453430 1.17293389 2.04401400 -0.03621244 0.13540766 -0.57016486 0.75475143 0.29483399
1779396282.22783351 1.17727907 2.03723629 -0.09249615 0.14548549 -0.56372955 0.75289510 0.30690703
1779396282.26113153 1.20548783 2.06180091 -0.14489478 0.15485977 -0.56097140 0.74842829 0.31809532
1779396282.29443002 1.21378063 2.04848128 -0.20322257 0.16458593 -0.55508964 0.74485629 0.33162640
1779396282.32772684 1.22367756 2.03514784 -0.25680325 0.17452238 -0.54995252 0.74005975 0.34555136
1779396282.36102438 1.23346826 2.01855318 -0.30812452 0.18494991 -0.54534300 0.73388418 0.36028954
1779396282.39432120 1.23965745 2.00164647 -0.36357839 0.19715032 -0.54017789 0.72658478 0.37605073
1779396282.42761850 1.23732686 1.97956171 -0.41481344 0.21091095 -0.53432480 0.71820568 0.39267566
1779396282.46091509 1.23779418 1.96201270 -0.46825815 0.22453131 -0.52884016 0.70878200 0.40931876
1779396282.49421120 1.23089821 1.94889370 -0.52064503 0.23839763 -0.52277264 0.69989398 0.42429207
1779396282.52750707 1.21679158 1.94026156 -0.56707077 0.25096593 -0.51695508 0.69246671 0.43619194
1779396282.56080270 1.19882391 1.93472481 -0.60405288 0.26208366 -0.51204473 0.68618155 0.44528331
1779396282.59409785 1.16889504 1.93747260 -0.62931566 0.27251035 -0.50738488 0.68125963 0.45186725
1779396282.62739253 1.15317858 1.93458704 -0.65366130 0.27978525 -0.50419056 0.67678160 0.45768850
1779396282.66068769 1.14056946 1.93120269 -0.67407128 0.28591627 -0.50168684 0.67242688 0.46303812
1779396282.69399095 1.13096540 1.92646432 -0.69434427 0.29107910 -0.49925468 0.66811321 0.46866029
1779396282.72729397 1.12251399 1.92078365 -0.71627523 0.29549798 -0.49644345 0.66418773 0.47442545
1779396282.76059675 1.11346379 1.91390730 -0.73486742 0.29957286 -0.49357301 0.66037740 0.48014942
1779396282.79389811 1.10414192 1.90916243 -0.75617463 0.30426589 -0.49061107 0.65643809 0.48560485
1779396282.82720017 1.09640621 1.90517112 -0.77396059 0.30928818 -0.48834432 0.65195405 0.49073064
1779396282.86050177 1.09044931 1.90347144 -0.78823937 0.31458873 -0.48671387 0.64704973 0.49544947
1779396282.89380312 1.08227791 1.90297720 -0.80359888 0.31995438 -0.48499062 0.64227333 0.49989825
1779396282.92710400 1.06584813 1.89952191 -0.82254543 0.32485551 -0.48176738 0.63783379 0.50550682
1779396282.96040487 1.06393849 1.88963341 -0.84944657 0.32743663 -0.47766310 0.63461499 0.51174899
1779396282.99370480 1.06315723 1.87557659 -0.88249504 0.32886067 -0.47293338 0.63164111 0.51885854
1779396283.02700496 1.06252448 1.86186133 -0.91182097 0.33120400 -0.46867859 0.62742104 0.52629567
1779396283.06030440 1.06084208 1.84902614 -0.93563450 0.33458656 -0.46536795 0.62199623 0.53348401
1779396283.09360385 1.05617156 1.83809177 -0.95991021 0.33815147 -0.46252539 0.61613253 0.54046697
1779396283.12690282 1.05781478 1.82689091 -0.98004247 0.34112894 -0.46024052 0.61025809 0.54716978
1779396283.16020131 1.05781121 1.81533778 -1.00457802 0.34389537 -0.45692690 0.60513795 0.55386085
1779396283.19350004 1.05499141 1.80355524 -1.03454587 0.34650480 -0.45237431 0.60079475 0.56065817
1779396283.22679663 1.05646962 1.79031163 -1.06665407 0.34847946 -0.44767561 0.59678137 0.56745098
1779396283.26009440 1.03842265 1.78236262 -1.09124776 0.35202445 -0.44254636 0.59228909 0.57395569
1779396283.29339170 1.03613734 1.77151165 -1.11488010 0.35457256 -0.43898491 0.58803980 0.57946504
1779396283.32668853 1.03323943 1.76568337 -1.13555467 0.35758233 -0.43601250 0.58373928 0.58418870
1779396283.35998535 1.02970969 1.75894146 -1.15540304 0.36032188 -0.43319560 0.57976810 0.58853944
1779396283.39328170 1.02730827 1.75018507 -1.17602889 0.36197735 -0.43025313 0.57669078 0.59269080
1779396283.42657757 0.99605150 1.68306456 -1.18528210 0.36364595 -0.42154144 0.57759707 0.59703104
1779396283.45987320 0.99240297 1.67051910 -1.20831836 0.36409697 -0.41808370 0.57585707 0.60085610
1779396283.49316835 0.99068704 1.65957768 -1.23021994 0.36448428 -0.41491817 0.57379619 0.60477439
1779396283.52646303 1.00457063 1.64460717 -1.25242206 0.36330737 -0.41278627 0.57225374 0.60839206
1779396283.55975795 1.00707378 1.63306885 -1.27394683 0.36334765 -0.41006903 0.57038545 0.61194960
1779396283.59305191 1.01993990 1.67726781 -1.27854447 0.36347730 -0.41265414 0.56520601 0.61493331
1779396283.62634611 1.01812982 1.66977899 -1.29843789 0.36369365 -0.41031622 0.56390874 0.61755523
1779396283.65964198 1.01849008 1.66188236 -1.31708571 0.36357621 -0.40826039 0.56289659 0.61990581
1779396283.69303155 1.01923119 1.65695066 -1.33061710 0.36399288 -0.40690471 0.56209614 0.62127745
1779396283.72645617 1.01072067 1.66164412 -1.33275347 0.36593799 -0.40610469 0.56030863 0.62227214
1779396283.75988150 1.02521724 1.65540079 -1.33980310 0.36564049 -0.40697140 0.55938416 0.62271235
1779396283.79330778 1.03144212 1.65309900 -1.34539017 0.36580139 -0.40768861 0.55833324 0.62309176
1779396283.82673478 1.03389294 1.65280243 -1.35070904 0.36662611 -0.40830383 0.55727244 0.62315383
1779396283.86016250 1.03976878 1.65201348 -1.35291232 0.36730946 -0.40941824 0.55589977 0.62324626
1779396283.89359093 1.04434900 1.65012190 -1.35616433 0.36827414 -0.41042322 0.55421272 0.62351841
1779396283.92701983 1.04040170 1.65216276 -1.35860632 0.36995171 -0.41090886 0.55156474 0.62455262
1779396283.96044970 1.04456447 1.65018915 -1.36323224 0.37141445 -0.41164859 0.54892545 0.62552185
1779396283.99388027 1.03233173 1.58283162 -1.36823883 0.37317930 -0.40691780 0.54952388 0.62703957
1779396284.02731156 1.02428018 1.58473273 -1.37097709 0.37707925 -0.40732373 0.54472364 0.62862928
1779396284.06074357 1.02311626 1.58892217 -1.37214062 0.38140928 -0.40867926 0.53879532 0.63024426
1779396284.09417605 1.02071715 1.59661666 -1.37154798 0.38665226 -0.41038690 0.53219462 0.63154692
1779396284.12760878 1.01907079 1.60396139 -1.37150769 0.39215997 -0.41212160 0.52457189 0.63339614
1779396284.16104269 1.02067453 1.61327953 -1.37573740 0.39745215 -0.41342286 0.51743738 0.63511564
1779396284.19447803 1.01208366 1.61447800 -1.38968919 0.40229080 -0.41245898 0.51121131 0.63773247
1779396284.22791362 1.00295441 1.61762739 -1.39980959 0.40709290 -0.41129499 0.50515400 0.64025872
1779396284.26134968 0.99122392 1.61802198 -1.41236306 0.41157415 -0.40953582 0.49942518 0.64300981
1779396284.29478693 0.97730544 1.62241344 -1.42313907 0.41668165 -0.40806475 0.49345903 0.64525789
1779396284.32822490 0.96276574 1.63050467 -1.42859707 0.42233691 -0.40738150 0.48701569 0.64690614
1779396284.36166334 0.94784915 1.64201450 -1.43098318 0.42894093 -0.40709089 0.48014737 0.64787745
1779396284.39510250 0.93233495 1.65743835 -1.43026119 0.43582411 -0.40725174 0.47294591 0.64847940
1779396284.42854261 0.91640040 1.66093853 -1.43513379 0.44146547 -0.40677100 0.46628412 0.64978820
1779396284.46198344 0.89766730 1.67123608 -1.43861258 0.44707963 -0.40594779 0.45941381 0.65135639
1779396284.49542499 0.88350274 1.67910475 -1.44008342 0.45226710 -0.40588948 0.45246326 0.65267542
1779396284.52886724 0.87210251 1.68702988 -1.43962415 0.45703055 -0.40630957 0.44554105 0.65385685
1779396284.56230903 0.85947610 1.69571709 -1.43959962 0.46180922 -0.40665200 0.43853925 0.65501887
1779396284.59575248 0.84532852 1.70005593 -1.45099663 0.46602410 -0.40609834 0.43242276 0.65644211
1779396284.62919688 0.83215326 1.70618425 -1.45739685 0.46968072 -0.40561246 0.42607333 0.65828571
1779396284.66264200 0.81767414 1.71008484 -1.46456506 0.47276004 -0.40467257 0.42030699 0.66036361
1779396284.69599962 0.80374073 1.71092425 -1.47451962 0.47494397 -0.40339958 0.41520696 0.66279724
1779396284.72930264 0.79265113 1.70817355 -1.48618189 0.47615028 -0.40189157 0.41081730 0.66557736
1779396284.76260543 0.77188380 1.70424138 -1.50363595 0.47725171 -0.40001796 0.40662823 0.66848330
1779396284.79590821 0.75574885 1.70136351 -1.51743866 0.47821197 -0.39826674 0.40312408 0.67096042
1779396284.82921052 0.74091225 1.69980195 -1.52940903 0.47915412 -0.39676419 0.40031981 0.67285478
1779396284.86251235 0.72658529 1.69697713 -1.54125086 0.47985777 -0.39511648 0.39796872 0.67471504
1779396284.89581370 0.71021656 1.69260414 -1.55500106 0.48032438 -0.39290570 0.39605704 0.67679570
1779396284.92911530 0.66921712 1.69039291 -1.56791984 0.48135113 -0.38959073 0.39285662 0.67984104
1779396284.96241593 0.67472443 1.68545789 -1.58152860 0.48121819 -0.38843887 0.39214042 0.68100675
1779396284.99571562 0.65685423 1.68549649 -1.59376896 0.48256094 -0.38635923 0.38969140 0.68264346
1779396285.02901602 0.63880995 1.68523100 -1.60442548 0.48412786 -0.38418814 0.38734797 0.68409154
1779396285.06231618 0.61833275 1.68525661 -1.61455671 0.48592766 -0.38174444 0.38502340 0.68549433
1779396285.09561563 0.59736722 1.68332216 -1.62505229 0.48736404 -0.37908354 0.38320556 0.68696831
1779396285.12891507 0.57407854 1.68000341 -1.63585893 0.48824002 -0.37629948 0.38143914 0.68885744
1779396285.16221380 0.55593591 1.67753305 -1.64660274 0.48909803 -0.37401853 0.37977179 0.69041049
1779396285.19551253 0.53810708 1.67558149 -1.65603213 0.49006778 -0.37195599 0.37852705 0.69151976
1779396285.22881055 0.52288120 1.67380632 -1.66343221 0.49088105 -0.37023820 0.37776843 0.69227919
1779396285.26210880 0.50725492 1.67060668 -1.67186932 0.49156349 -0.36843105 0.37772502 0.69278258
1779396285.29540634 0.48517127 1.66607026 -1.68482662 0.49222088 -0.36592617 0.37823585 0.69336447
1779396285.32870364 0.47165553 1.66198481 -1.69652014 0.49247512 -0.36355072 0.37919929 0.69390708
1779396285.36200023 0.45315647 1.65938118 -1.70766847 0.49336203 -0.36081523 0.37937625 0.69460776
1779396285.39529681 0.43617737 1.65696050 -1.71868371 0.49438787 -0.35803593 0.37933343 0.69533953
1779396285.42859316 0.41475628 1.65415087 -1.73163927 0.49570735 -0.35423095 0.37926589 0.69638498
1779396285.46188807 0.37149261 1.65502668 -1.74395487 0.49774463 -0.34951555 0.37732730 0.69836471
1779396285.49518394 0.35391863 1.65632529 -1.75527434 0.49964976 -0.34660711 0.37543087 0.69947501
1779396285.52847910 0.33799278 1.65853168 -1.76406424 0.50178204 -0.34423100 0.37255905 0.70065652
1779396285.56177425 0.32242564 1.66008871 -1.77241846 0.50389692 -0.34182479 0.36941615 0.70197964
1779396285.59506869 0.30540615 1.65876461 -1.78381458 0.50547311 -0.33888242 0.36637094 0.70386644
1779396285.62836313 0.27254400 1.65741679 -1.79480494 0.50724932 -0.33466763 0.36305492 0.70631921
1779396285.66165709 0.25490655 1.65228142 -1.80921351 0.50846574 -0.33122716 0.36060975 0.70831615
1779396285.69495797 0.24008041 1.64808147 -1.82142558 0.50953402 -0.32849726 0.35769252 0.71029621
1779396285.72826076 0.22869979 1.64648803 -1.83191819 0.51087689 -0.32667289 0.35439882 0.71182238
1779396285.76156354 0.22162475 1.64832022 -1.83931420 0.51250253 -0.32590785 0.35107346 0.71265185
1779396285.79486561 0.21346408 1.65268441 -1.84494373 0.51407729 -0.32550038 0.34824985 0.71308912
1779396285.82816744 0.21191568 1.65154740 -1.85521829 0.51481051 -0.32528138 0.34672994 0.71340067
1779396285.86146903 0.21136603 1.64938357 -1.86555392 0.51522200 -0.32518760 0.34631244 0.71334915
1779396285.89476919 0.20906542 1.64602736 -1.87599495 0.51565794 -0.32461236 0.34721816 0.71285571
1779396285.92807031 0.21003210 1.63960605 -1.88822323 0.51538223 -0.32444114 0.34893278 0.71229559
1779396285.96137071 0.19439589 1.63610183 -1.89872656 0.51531995 -0.32409071 0.34985512 0.71204773
1779396285.99467087 0.20075825 1.63097814 -1.91058373 0.51491448 -0.32472942 0.35243168 0.71077830
1779396286.02797127 0.20365993 1.63136188 -1.91847445 0.51510290 -0.32536908 0.35502441 0.70905686
1779396286.06127071 0.20986257 1.62819293 -1.92986808 0.51461112 -0.32576285 0.35819480 0.70763723
1779396286.09456992 0.21721980 1.62053943 -1.94495045 0.51314417 -0.32596851 0.36193128 0.70670598
1779396286.12786889 0.22503891 1.61036490 -1.96383674 0.51077421 -0.32596304 0.36594405 0.70635880
1779396286.16116714 0.23529447 1.59748644 -1.98492319 0.50785433 -0.32615941 0.37006282 0.70622768
1779396286.19446540 0.23256900 1.58269187 -2.00786533 0.50516961 -0.32517979 0.37431182 0.70636565
1779396286.22776341 0.23977192 1.56570352 -2.02990932 0.50200898 -0.32437593 0.37923042 0.70636501
1779396286.26106071 0.24820802 1.55013381 -2.04948211 0.49905606 -0.32398862 0.38377830 0.70617890
1779396286.29435849 0.25858034 1.53198268 -2.06970275 0.49562334 -0.32400631 0.38805400 0.70625173
1779396286.32765436 0.27062523 1.50846927 -2.09122874 0.49114587 -0.32411092 0.39210536 0.70709351
1779396286.36095071 0.28173772 1.49010869 -2.11286812 0.48702898 -0.32493087 0.39515838 0.70786479
1779396286.39424706 0.29985067 1.47297903 -2.12751780 0.48345632 -0.32673596 0.39750512 0.70816896
1779396286.42754292 0.31678615 1.45688653 -2.14084195 0.48006241 -0.32863976 0.39928805 0.70859371
1779396286.46083832 0.33018699 1.43817563 -2.15613205 0.47639382 -0.32979414 0.40146196 0.70930462
1779396286.49413347 0.34278946 1.42441134 -2.16837313 0.47357699 -0.33128717 0.40352747 0.70932308
1779396286.52742815 0.35627066 1.41965791 -2.17656237 0.47183282 -0.33356817 0.40449434 0.70886557
1779396286.56072307 0.37078892 1.42342251 -2.18322830 0.47090137 -0.33693148 0.40407771 0.70813154
1779396286.59401703 0.38711945 1.41750799 -2.19343667 0.46869305 -0.33987605 0.40352537 0.70850432
1779396286.62731099 0.39725918 1.40631151 -2.20630511 0.46605013 -0.34128119 0.40359287 0.70953310
1779396286.66060448 0.40206866 1.39328901 -2.21986999 0.46375481 -0.34168806 0.40396502 0.71062861
1779396286.69390845 0.40473722 1.38254912 -2.23166487 0.46199865 -0.34204345 0.40413832 0.71150245
1779396286.72721171 0.40664772 1.37499571 -2.24134854 0.46092922 -0.34264825 0.40382788 0.71208109
1779396286.76051474 0.40925681 1.37733348 -2.24588990 0.46077100 -0.34367449 0.40296802 0.71217604
1779396286.79381609 0.41184478 1.37432188 -2.25354535 0.46066388 -0.34480048 0.40155506 0.71249909
1779396286.82711840 0.40983139 1.37385402 -2.25989753 0.46105806 -0.34541746 0.39999261 0.71282407
1779396286.86042047 0.40330179 1.37652033 -2.26583832 0.46230563 -0.34554141 0.39809527 0.71301809
1779396286.89372206 0.39239625 1.38033475 -2.27163851 0.46393530 -0.34495649 0.39597706 0.71342219
1779396286.92702317 0.36279110 1.39193835 -2.27274698 0.46713302 -0.34267736 0.39265016 0.71427223
1779396286.96032453 0.33815515 1.39037829 -2.28585667 0.46947319 -0.34043645 0.38848372 0.71608543
1779396286.99362493 0.31299650 1.39114604 -2.29501806 0.47162156 -0.33795027 0.38346650 0.71855143
1779396287.02692533 0.28400111 1.39217652 -2.30443941 0.47391744 -0.33483704 0.37823609 0.72126547
1779396287.06022549 0.25128136 1.38863252 -2.31581533 0.47569999 -0.33078426 0.37351117 0.72441749
1779396287.09352517 0.21684344 1.38191992 -2.32847491 0.47692889 -0.32624052 0.36922211 0.72786056
1779396287.12682438 0.17795818 1.37408046 -2.34265288 0.47813960 -0.32086490 0.36524466 0.73145374
1779396287.16012359 0.13586603 1.36820364 -2.35219849 0.47965266 -0.31492445 0.36131907 0.73498602
1779396287.19342184 0.09485993 1.36114200 -2.36496552 0.48110325 -0.30912640 0.35688660 0.73865586
1779396287.22671938 0.05418476 1.35386472 -2.37724370 0.48224368 -0.30374370 0.35212033 0.74242311
1779396287.26001716 0.01774021 1.34906058 -2.38851098 0.48326295 -0.29937119 0.34704362 0.74591859
1779396287.29331493 -0.02035984 1.34550096 -2.39666121 0.48485067 -0.29492765 0.34231385 0.74883826
1779396287.32661200 -0.06198314 1.34825441 -2.39443855 0.48667964 -0.29057107 0.33701377 0.75175334
1779396287.35990953 -0.10144138 1.34724660 -2.40580375 0.48869553 -0.28633689 0.33230811 0.75416125
1779396287.39320588 -0.13373581 1.34868136 -2.41331481 0.49035484 -0.28270134 0.32817180 0.75626408
1779396287.42650199 -0.16595351 1.34648554 -2.41902682 0.49148200 -0.27938112 0.32458329 0.75831216
1779396287.45979810 -0.18969426 1.34400013 -2.42527277 0.49197613 -0.27695672 0.32154432 0.76017347
1779396287.49309373 -0.21352286 1.34144938 -2.43159067 0.49234216 -0.27494848 0.31845836 0.76196247
1779396287.52638912 -0.23557460 1.33755491 -2.43829618 0.49241016 -0.27324464 0.31565087 0.76369767
1779396287.55968428 -0.26288303 1.32985143 -2.43159458 0.49217200 -0.27125485 0.31311586 0.76560172
1779396287.59297848 -0.28250813 1.32331281 -2.43799550 0.49197094 -0.26966155 0.31143821 0.76697685
1779396287.62627316 -0.29827167 1.31696458 -2.44443016 0.49161060 -0.26877637 0.31037199 0.76795020
1779396287.65956616 -0.30997040 1.31114326 -2.45110564 0.49108334 -0.26854824 0.30978955 0.76860226
1779396287.69292760 -0.31570863 1.30324731 -2.45839970 0.48977992 -0.26906036 0.30964612 0.76931231
1779396287.72635126 -0.32189617 1.29184072 -2.46787146 0.48809433 -0.26914886 0.31009926 0.77016963
1779396287.75977564 -0.33549542 1.28075889 -2.45771275 0.48668214 -0.26807790 0.31033839 0.77133962
1779396287.79320049 -0.34630980 1.27493603 -2.47331802 0.48664333 -0.26670072 0.31087824 0.77162407
1779396287.82662630 -0.36354793 1.27079072 -2.47712848 0.48720098 -0.26485706 0.31037612 0.77210920
1779396287.86005306 -0.38639770 1.27636787 -2.47659477 0.48974803 -0.26250265 0.30856988 0.77202581
1779396287.89348030 -0.41352351 1.29073303 -2.47078608 0.49381971 -0.25996020 0.30549705 0.77151431
1779396287.92690825 -0.44329462 1.30499724 -2.46549462 0.49781523 -0.25696251 0.30188869 0.77137117
1779396287.96033692 -0.47626714 1.31375802 -2.46323871 0.50070965 -0.25325757 0.29816550 0.77217082
1779396287.99376655 -0.51287291 1.32079429 -2.44883179 0.50354948 -0.24923977 0.29475812 0.77293927
1779396288.02719688 -0.53955784 1.32657031 -2.44873836 0.50598417 -0.24587803 0.29167233 0.77359632
1779396288.06062746 -0.57061397 1.33010396 -2.44849208 0.50803787 -0.24193294 0.28793067 0.77489477
1779396288.09405923 -0.60134950 1.32819681 -2.44953195 0.50907804 -0.23762076 0.28404896 0.77697626
1779396288.12749076 -0.63223987 1.32375797 -2.45086937 0.50950223 -0.23318865 0.27986570 0.77955482
1779396288.16092348 -0.65606662 1.32234295 -2.45029222 0.50987872 -0.22992987 0.27506053 0.78198315
1779396288.19435763 -0.67630471 1.33852906 -2.41493902 0.51136001 -0.22752666 0.26960819 0.78361597
1779396288.22779226 -0.69593244 1.34193787 -2.42815725 0.51276354 -0.22564128 0.26422828 0.78507514
1779396288.26122713 -0.71649726 1.35610185 -2.42580438 0.51507112 -0.22392904 0.25868086 0.78590186
1779396288.29466319 -0.73801599 1.37181718 -2.42087828 0.51798974 -0.22205231 0.25336281 0.78624849
1779396288.32809997 -0.75891502 1.38597772 -2.41582812 0.52080099 -0.21992979 0.24836798 0.78658157
1779396288.36153769 -0.77609464 1.40014432 -2.41061324 0.52356302 -0.21834629 0.24364473 0.78666633
1779396288.39497590 -0.79349445 1.41427029 -2.40448460 0.52650387 -0.21681663 0.23917383 0.78649864
1779396288.42841458 -0.80444295 1.42342725 -2.38987484 0.52867333 -0.21562286 0.23500599 0.78662792
1779396288.46185398 -0.81763379 1.43338790 -2.39103200 0.53089241 -0.21435235 0.23146345 0.78653098
1779396288.49529433 -0.83098353 1.43807444 -2.39217628 0.53244196 -0.21283312 0.22857694 0.78674024
1779396288.52873564 -0.84521065 1.44263731 -2.39350336 0.53397702 -0.21099284 0.22604919 0.78692587
1779396288.56217623 -0.86260861 1.44667560 -2.39422901 0.53534300 -0.20864545 0.22348107 0.78735707
1779396288.59561896 -0.87963558 1.45186775 -2.38097002 0.53612750 -0.20595491 0.22087843 0.78826556
1779396288.62906170 -0.88942655 1.44646297 -2.38445735 0.53629614 -0.20402283 0.21900278 0.78917610
1779396288.66250610 -0.90282452 1.44701571 -2.38464408 0.53771152 -0.20201892 0.21729183 0.78920146
1779396288.69590378 -0.91869903 1.45434031 -2.38029808 0.54050374 -0.19981425 0.21566511 0.78830104
1779396288.72920799 -0.93050682 1.46099320 -2.37788323 0.54304303 -0.19802106 0.21435945 0.78736392
1779396288.76251149 -0.93652500 1.46101543 -2.38204408 0.54383581 -0.19696187 0.21321116 0.78739420
1779396288.79581475 -0.95184408 1.45950661 -2.38203875 0.54338274 -0.19525270 0.21103445 0.78871797
1779396288.82911777 -0.95107679 1.44833230 -2.39311586 0.54265191 -0.19425130 0.21039083 0.78963981
1779396288.86242008 -0.95925711 1.45040524 -2.39479623 0.54348080 -0.19270248 0.20831987 0.78999823
1779396288.89572263 -0.96948267 1.45386795 -2.39438396 0.54471519 -0.19080026 0.20582613 0.79026339
1779396288.92902470 -0.98606570 1.44954333 -2.39531257 0.54546643 -0.18767970 0.20394317 0.79098033
1779396288.96232581 -1.00077444 1.44166889 -2.39990939 0.54533870 -0.18453242 0.20229035 0.79223236
1779396288.99562645 -1.02292502 1.43679218 -2.39828938 0.54476058 -0.18120510 0.19997650 0.79398364
1779396289.02892733 -1.03820529 1.42777895 -2.40626366 0.54435823 -0.17804583 0.19780868 0.79551589
1779396289.06222796 -1.05330373 1.42160346 -2.40904115 0.54426001 -0.17491455 0.19530842 0.79689432
1779396289.09552860 -1.07085091 1.41585513 -2.41020776 0.54440240 -0.17149456 0.19222544 0.79828881
1779396289.12882829 -1.09110967 1.41182696 -2.41026817 0.54445209 -0.16757257 0.18886522 0.79988830
1779396289.16212797 -1.10885777 1.40547024 -2.41160858 0.54410197 -0.16396010 0.18582604 0.80158519
1779396289.19542718 -1.12346972 1.39898789 -2.41368525 0.54375431 -0.16096721 0.18332867 0.80300150
1779396289.22872639 -1.13510852 1.40839105 -2.40892120 0.54425935 -0.15934800 0.17997515 0.80374058
1779396289.26202488 -1.13983822 1.39607818 -2.41558424 0.54409784 -0.15794040 0.17848116 0.80446059
1779396289.29532290 -1.14621646 1.39682544 -2.41751521 0.54442151 -0.15694153 0.17588914 0.80500782
1779396289.32862115 -1.15188427 1.40016202 -2.41703344 0.54493040 -0.15628450 0.17241979 0.80554170
1779396289.36191893 -1.16057312 1.40836582 -2.41190127 0.54609999 -0.15532744 0.16794980 0.80587906
1779396289.39521599 -1.17503689 1.42660563 -2.40063173 0.54875973 -0.15358280 0.16247979 0.80552803
1779396289.42851305 -1.19108315 1.45455061 -2.38316118 0.55271382 -0.15187224 0.15597576 0.80443385
1779396289.46180868 -1.21042774 1.48824587 -2.36217861 0.55746764 -0.14983367 0.14877417 0.80289847
1779396289.49510503 -1.23030223 1.51857990 -2.34186162 0.56166675 -0.14726313 0.14131234 0.80179477
1779396289.52840090 -1.25396690 1.53877166 -2.32467941 0.56412858 -0.14387616 0.13392296 0.80194965
1779396289.56169653 -1.27497410 1.55409498 -2.31011050 0.56543378 -0.14074884 0.12640239 0.80280560
1779396289.59499192 -1.29665655 1.56719238 -2.29340279 0.56667962 -0.13733896 0.11880324 0.80367780
1779396289.62828684 -1.33063513 1.58806092 -2.26573109 0.56922954 -0.13314595 0.11043891 0.80377431
1779396289.66158175 -1.34128398 1.59990461 -2.24294728 0.57222857 -0.13019452 0.10227082 0.80320890
1779396289.69489646 -1.37555773 1.64199250 -2.19831559 0.57912999 -0.12506160 0.09257307 0.80024888
1779396289.72824287 -1.40921630 1.69653689 -2.14495625 0.58792665 -0.11981298 0.08213140 0.79576475
1779396289.76158905 -1.44466427 1.74139779 -2.09446844 0.59457325 -0.11376357 0.07097642 0.79278172
1779396289.79493570 -1.48136421 1.76710279 -2.05669911 0.59708679 -0.10708096 0.05957794 0.79276194
1779396289.82828259 -1.51426901 1.78035168 -2.02811868 0.59705694 -0.10045245 0.04892312 0.79437953
1779396289.86162972 -1.56196124 1.78251064 -1.99573844 0.59574819 -0.09260434 0.03825307 0.79689725
1779396289.89497614 -1.58785555 1.78638913 -1.98230102 0.59368814 -0.08641955 0.02918930 0.79950863
1779396289.92832351 -1.62315225 1.78776803 -1.95865138 0.59158536 -0.07905523 0.01957402 0.80211837
1779396289.96167135 -1.66152236 1.79286540 -1.92738237 0.59079551 -0.07103572 0.01037916 0.80362110
1779396289.99501920 -1.70667561 1.80710770 -1.88173031 0.59284500 -0.06190496 0.00178245 0.80293175
1779396290.02836752 -1.74816287 1.82898848 -1.83063577 0.59639304 -0.05314441 -0.00668731 0.80090342
1779396290.06171584 -1.79231831 1.84299226 -1.77943908 0.59874112 -0.04453835 -0.01542640 0.79955452
1779396290.09506440 -1.83354643 1.85098481 -1.74031229 0.59852002 -0.03598969 -0.02419147 0.79993331
1779396290.12841344 -1.87229967 1.85003988 -1.71015240 0.59603755 -0.02785843 -0.03258859 0.80181116
1779396290.16176271 -1.90519760 1.85162703 -1.68060272 0.59355710 -0.02050171 -0.04095677 0.80348752
1779396290.19511151 -1.93363089 1.85957945 -1.64909606 0.59181166 -0.01397493 -0.04978276 0.80441614
1779396290.22846150 -1.97388455 1.87475195 -1.60596440 0.59085741 -0.00712002 -0.05953860 0.80454458
1779396290.26181102 -1.99974351 1.89066728 -1.57237126 0.59008454 -0.00142692 -0.06817623 0.80445646
1779396290.29516149 -2.02232733 1.90318061 -1.54435047 0.58883194 0.00362500 -0.07591351 0.80467443
1779396290.32851028 -2.04412216 1.91330284 -1.51797062 0.58693183 0.00855601 -0.08372528 0.80525021
1779396290.36186099 -2.06743779 1.92012758 -1.49180824 0.58444966 0.01380104 -0.09157545 0.80612782
1779396290.39521170 -2.09028393 1.93065185 -1.46158843 0.58268855 0.01934216 -0.09925893 0.80637932
1779396290.42856264 -2.10846359 1.94197794 -1.43002107 0.58154791 0.02443679 -0.10674483 0.80610819
1779396290.46191382 -2.12620862 1.95924698 -1.39654432 0.58095331 0.02903194 -0.11447108 0.80532402
1779396290.49526548 -2.16197987 1.98284221 -1.33988450 0.58099584 0.03499274 -0.12305281 0.80378937
1779396290.52861691 -2.16317956 1.98810431 -1.33919862 0.58022381 0.03777518 -0.12807806 0.80343598
1779396290.56196880 -2.16615043 2.00442370 -1.30944808 0.58000985 0.04064118 -0.13462044 0.80238034
1779396290.59532070 -2.19920102 2.02281869 -1.28000932 0.57927047 0.04555747 -0.14181248 0.80141092
1779396290.62867284 -2.21224005 2.03862891 -1.25205843 0.57875564 0.04894289 -0.14808926 0.80044742
1779396290.66202569 -2.22694026 2.05490744 -1.22543283 0.57834292 0.05205880 -0.15413476 0.79940717
1779396290.69537973 -2.24097629 2.07159473 -1.19613807 0.57846654 0.05527670 -0.15987764 0.79797249
1779396290.72876811 -2.25265654 2.08682007 -1.17003334 0.57872942 0.05794088 -0.16482476 0.79658516
1779396290.76215696 -2.25939457 2.10323275 -1.15261256 0.57889548 0.05942807 -0.16930993 0.79541340
1779396290.79554439 -2.26927487 2.11662753 -1.13513952 0.57901960 0.06114751 -0.17330739 0.79433106
1779396290.82893348 -2.27555795 2.12827959 -1.12249027 0.57886649 0.06197833 -0.17668441 0.79363398
1779396290.86232281 -2.27900283 2.13829810 -1.11396069 0.57870215 0.06221731 -0.17919523 0.79317204
1779396290.89571238 -2.28137844 2.13560764 -1.11538439 0.57784977 0.06140011 -0.18127324 0.79338495
1779396290.92910194 -2.28609057 2.14430480 -1.11425549 0.57814231 0.06070668 -0.18261427 0.79291752
1779396290.96249199 -2.29025917 2.15026142 -1.11638698 0.57849844 0.05989121 -0.18307429 0.79261365
1779396290.99588227 -2.29559236 2.15115951 -1.11871968 0.57906012 0.05911672 -0.18255425 0.79238156
1779396291.02927303 -2.29824950 2.09408043 -1.11257903 0.57629076 0.05726376 -0.18232091 0.79458726
1779396291.06266356 -2.30765598 2.09509495 -1.11212174 0.57677001 0.05725091 -0.18215178 0.79427918
1779396291.09605432 -2.31765725 2.09437548 -1.11098626 0.57602027 0.05792493 -0.18284880 0.79461416
1779396291.12944555 -2.32853162 2.09007710 -1.11029685 0.57443060 0.05908699 -0.18370295 0.79548189
1779396291.16283655 -2.35369059 2.08182953 -1.10945222 0.57168489 0.06139584 -0.18465867 0.79706217
1779396291.19622850 -2.37177689 2.06942935 -1.11155485 0.56904594 0.06311792 -0.18458773 0.79883053
1779396291.22961903 -2.38888883 2.05611753 -1.11316600 0.56705309 0.06493103 -0.18388381 0.80026339
1779396291.26301122 -2.40470940 2.04410296 -1.10859418 0.56563012 0.06726422 -0.18327457 0.80121690
1779396291.29640365 -2.43059128 2.03697185 -1.09745015 0.56482037 0.07102484 -0.18349682 0.80141272
1779396291.32979584 -2.44929885 2.02883773 -1.08596788 0.56367216 0.07427898 -0.18402112 0.80180581
1779396291.36318851 -2.46690988 2.01973985 -1.07289251 0.56207133 0.07778122 -0.18512371 0.80234352
1779396291.39658165 -2.48146431 2.01434686 -1.05893660 0.56050526 0.08121449 -0.18694455 0.80267664
1779396291.42997456 -2.50123345 2.00282810 -1.03736587 0.55879701 0.08518192 -0.18915826 0.80293779
1779396291.46336842 -2.51688907 2.00419879 -1.01529300 0.55857105 0.08898556 -0.19124127 0.80218871
1779396291.49676204 -2.52578619 2.00863293 -0.99894573 0.55845965 0.09148480 -0.19324618 0.80150437
1779396291.53015566 -2.53191210 2.01318066 -0.98718701 0.55809274 0.09327542 -0.19534086 0.80104565
1779396291.56354952 -2.54824716 2.01225805 -0.97280492 0.55748313 0.09628247 -0.19718859 0.80066154
1779396291.59694409 -2.55858851 2.01753583 -0.94924712 0.55841752 0.09945520 -0.19918703 0.79912644
1779396291.63033867 -2.56480574 2.03085026 -0.91239268 0.56174529 0.10307840 -0.20167033 0.79570481
1779396291.66373229 -2.56963628 2.04368648 -0.87665768 0.56421201 0.10682787 -0.20504856 0.79259555
1779396291.69711924 -2.58216541 2.05013070 -0.85894662 0.56361879 0.11003077 -0.20835728 0.79171607
1779396291.73051786 -2.58856175 2.05116711 -0.85433988 0.56113052 0.11182852 -0.21165020 0.79235794
1779396291.76394200 -2.58728220 2.05837282 -0.85188247 0.55976451 0.11235737 -0.21469667 0.79242971
1779396291.79736662 -2.58508949 2.06259342 -0.85655974 0.55801279 0.11203666 -0.21716782 0.79303698
1779396291.83079195 -2.58192043 2.06933780 -0.85710012 0.55800810 0.11190262 -0.21889141 0.79258521
1779396291.86421824 -2.57757461 2.05669102 -0.86589351 0.55766359 0.11057627 -0.22005389 0.79269193
1779396291.89764547 -2.57267127 2.06493292 -0.87233315 0.55904475 0.10926142 -0.22059147 0.79175143
1779396291.93107319 -2.56330400 2.07224703 -0.88783904 0.55990106 0.10674235 -0.22077367 0.79143910
1779396291.96450162 -2.55355112 2.07912372 -0.90602717 0.56082279 0.10393550 -0.22068809 0.79118391
1779396291.99793053 -2.55258307 2.07720621 -0.92519709 0.56107940 0.10181702 -0.22034218 0.79137382
1779396292.03136063 -2.54890260 2.07633054 -0.94146052 0.56123747 0.10012964 -0.21983288 0.79161863
1779396292.06479120 -2.54746218 2.07281653 -0.95740484 0.56098903 0.09907746 -0.21896684 0.79216696
1779396292.09822273 -2.54720008 2.06727930 -0.97265819 0.56059427 0.09843935 -0.21801167 0.79278917
1779396292.13165355 -2.54595417 2.05353839 -0.99813699 0.55961394 0.09774348 -0.21700306 0.79384389
1779396292.16508627 -2.55061687 2.04395631 -1.01387088 0.55856614 0.09783170 -0.21575588 0.79491020
1779396292.19851971 -2.55414910 2.03333870 -1.02942508 0.55752421 0.09810902 -0.21467499 0.79589950
1779396292.23195410 -2.55821307 2.02209642 -1.04093272 0.55624345 0.09875819 -0.21401729 0.79689186
1779396292.26538897 -2.56291275 2.00945182 -1.05236408 0.55497434 0.10018014 -0.21380430 0.79765603
1779396292.29882455 -2.56363713 2.00092545 -1.05996577 0.55389580 0.10091852 -0.21433861 0.79816906
1779396292.33226109 -2.56540474 1.99579785 -1.06386071 0.55315654 0.10210788 -0.21495252 0.79836535
1779396292.36569810 -2.56721430 1.99036175 -1.06813942 0.55239463 0.10349403 -0.21569095 0.79851523
1779396292.39913583 -2.56962575 1.98490666 -1.06802581 0.55152864 0.10523639 -0.21679444 0.79858727
1779396292.43257427 -2.57697125 1.97843207 -1.06328822 0.55015322 0.10769961 -0.21867332 0.79869532
1779396292.46601391 -2.57782143 1.97689614 -1.06282464 0.54913217 0.10973408 -0.22119262 0.79842728
1779396292.49945354 -2.57721213 1.97965510 -1.05632807 0.54831318 0.11176115 -0.22399916 0.79792636
1779396292.53289461 -2.57217236 1.98937876 -1.04836966 0.54792999 0.11316158 -0.22718450 0.79709120
1779396292.56633472 -2.56728682 1.99887643 -1.04196047 0.54702981 0.11436076 -0.23112174 0.79640614
1779396292.59977722 -2.56653722 2.00471139 -1.02365733 0.54584450 0.11606347 -0.23568238 0.79563614
1779396292.63321996 -2.56572287 2.01548955 -1.01615710 0.54515678 0.11810765 -0.24076684 0.79428332
1779396292.66666389 -2.56176913 2.02551313 -1.00381372 0.54407568 0.11991516 -0.24539805 0.79333587
1779396292.70010781 -2.56132704 2.03175779 -0.99176524 0.54280705 0.12213022 -0.24941308 0.79261455
1779396292.73341227 -2.55915608 2.04095292 -0.97917626 0.54262223 0.12418724 -0.25288908 0.79131900
1779396292.76671576 -2.55909954 2.05087944 -0.95881268 0.54331970 0.12704034 -0.25622176 0.78931291
1779396292.80001926 -2.56627113 2.06503796 -0.93070562 0.54501916 0.13026373 -0.25990265 0.78640707
1779396292.83332253 -2.56371815 2.08184426 -0.90732985 0.54726957 0.13294650 -0.26306620 0.78333736
1779396292.86662531 -2.56241504 2.09621205 -0.88568952 0.54861263 0.13578787 -0.26664990 0.78069435
1779396292.89992762 -2.56282508 2.10654705 -0.86824989 0.54837007 0.13848918 -0.27051744 0.77905797
1779396292.93322992 -2.55843263 2.12019181 -0.85422701 0.54820695 0.14031115 -0.27471943 0.77737453
1779396292.96653199 -2.56056542 2.13029587 -0.83629047 0.54775208 0.14217547 -0.27882236 0.77589425
1779396292.99983239 -2.55705952 2.12914032 -0.83159552 0.54649997 0.14344159 -0.28262409 0.77516832
1779396293.03313351 -2.55829033 2.13988979 -0.81753769 0.54627760 0.14531564 -0.28629174 0.77362858
1779396293.06643414 -2.55901679 2.15336753 -0.80337417 0.54639230 0.14688421 -0.28988297 0.77191214
1779396293.09973454 -2.55992238 2.16611285 -0.78935814 0.54665334 0.14859504 -0.29321039 0.77014110
1779396293.13303518 -2.56148078 2.17801776 -0.77589759 0.54685331 0.15026790 -0.29670951 0.76833227
1779396293.16633487 -2.55456686 2.18031304 -0.77067592 0.54612812 0.15114704 -0.29972788 0.76750364
1779396293.19963455 -2.55180795 2.19057108 -0.75847010 0.54538862 0.15248306 -0.30366983 0.76621459
1779396293.23293352 -2.55321569 2.20061962 -0.74505366 0.54432060 0.15418855 -0.30766346 0.76503867
1779396293.26623273 -2.55533946 2.20938666 -0.72902635 0.54348468 0.15615577 -0.31149285 0.76368317
1779396293.29953074 -2.55386934 2.21999545 -0.71760474 0.54277391 0.15761524 -0.31518524 0.76237273
1779396293.33282900 -2.56795830 2.21792875 -0.71353784 0.53991963 0.15988023 -0.31867738 0.76247612
1779396293.36612725 -2.57299781 2.22211519 -0.71018215 0.53709187 0.16131457 -0.32222348 0.76268077
1779396293.39942455 -2.57722513 2.22464008 -0.71169285 0.53329420 0.16230429 -0.32620990 0.76344071
1779396293.43272185 -2.58518806 2.21976330 -0.71460015 0.52873895 0.16372900 -0.32976914 0.76477464
1779396293.46601772 -2.59014974 2.22043311 -0.71913388 0.52477761 0.16446696 -0.33330389 0.76581172
1779396293.49931455 -2.60469339 2.22347156 -0.71446296 0.52198638 0.16623094 -0.33693113 0.76575120
1779396293.53261065 -2.60917708 2.22967652 -0.71037528 0.52086805 0.16738017 -0.33960163 0.76508240
1779396293.56590652 -2.61245160 2.23558929 -0.70971300 0.52057453 0.16799119 -0.34134287 0.76437306
1779396293.59920192 -2.61372273 2.24065714 -0.71921706 0.52019761 0.16730507 -0.34260378 0.76421601
1779396293.63249755 -2.62341669 2.24757060 -0.72822669 0.51922781 0.16665899 -0.34440447 0.76420731
1779396293.66579247 -2.62712310 2.25233660 -0.73516752 0.51830721 0.16628127 -0.34624268 0.76408388
1779396293.69908738 -2.63875973 2.24890682 -0.73842810 0.51717879 0.16661388 -0.34821965 0.76387760
1779396293.73240590 -2.64095729 2.25698458 -0.73427076 0.51724296 0.16711777 -0.35049589 0.76268211
1779396293.76570988 -2.64262079 2.26779538 -0.72686498 0.51752188 0.16793045 -0.35296928 0.76117222
1779396293.79901409 -2.64429733 2.27356496 -0.72497269 0.51736962 0.16817040 -0.35493962 0.76030603
1779396293.83231759 -2.66011041 2.27669687 -0.72749205 0.51693999 0.16903666 -0.35606815 0.75987836
1779396293.86562085 -2.67425579 2.27081270 -0.73532623 0.51680695 0.16887321 -0.35632043 0.75988694
1779396293.89892292 -2.67948504 2.27040424 -0.74432386 0.51773256 0.16810633 -0.35577331 0.75968323
1779396293.93222547 -2.68501495 2.27010123 -0.75373805 0.51898086 0.16739228 -0.35503367 0.75933510
1779396293.96552777 -2.69397892 2.26623309 -0.76064765 0.52015076 0.16724376 -0.35398082 0.75905882
1779396293.99882960 -2.70907371 2.26166539 -0.76629436 0.52115876 0.16797863 -0.35280377 0.75875307
1779396294.03213120 -2.72947731 2.24902383 -0.76978020 0.52096184 0.16909745 -0.35224291 0.75890035
1779396294.06543279 -2.74242614 2.23920192 -0.77124117 0.52035912 0.17026570 -0.35180538 0.75925552
1779396294.09873366 -2.75544743 2.22949690 -0.77279129 0.51958091 0.17166629 -0.35147813 0.75962457
1779396294.13203406 -2.76516055 2.22274669 -0.77059679 0.51929482 0.17304290 -0.35165371 0.75942657
1779396294.16533470 -2.78059230 2.21952160 -0.75837173 0.52012046 0.17586097 -0.35145867 0.75830366
1779396294.19863486 -2.78887174 2.22325688 -0.74038788 0.52239845 0.17858377 -0.35154624 0.75605750
1779396294.23193431 -2.79651744 2.22768534 -0.72531588 0.52443776 0.18116400 -0.35158343 0.75401176
1779396294.26523376 -2.80848956 2.22840966 -0.70849363 0.52568553 0.18440210 -0.35164677 0.75232648
1779396294.29853272 -2.83644990 2.21277066 -0.69464934 0.52461765 0.18860538 -0.35238955 0.75168207
1779396294.33183050 -2.85137002 2.20740891 -0.67671960 0.52395090 0.19232451 -0.35320474 0.75082165
1779396294.36512876 -2.86052821 2.20763004 -0.65348646 0.52331416 0.19595385 -0.35544178 0.74926999
1779396294.39842701 -2.86647207 2.21384707 -0.61459912 0.52297270 0.20088872 -0.35930897 0.74635136
1779396294.43172455 -2.86766073 2.23289531 -0.55982833 0.52299559 0.20709382 -0.36514308 0.74179397
1779396294.46502233 -2.86975288 2.24885605 -0.50030432 0.52194905 0.21384528 -0.37262333 0.73687939
1779396294.49831915 -2.86261639 2.27402302 -0.43501196 0.52103839 0.22055378 -0.38093006 0.73127787
1779396294.53161597 -2.85588132 2.29672801 -0.36958891 0.51957573 0.22752494 -0.38916327 0.72582740
1779396294.56491256 -2.84910086 2.31621581 -0.30897241 0.51739495 0.23423560 -0.39706107 0.72095676
1779396294.59820867 -2.84128414 2.33176235 -0.24995020 0.51453773 0.24092026 -0.40486701 0.71644334
1779396294.63150430 -2.84193771 2.34185910 -0.19594624 0.51061890 0.24741892 -0.41229197 0.71278857
1779396294.66479969 -2.83081035 2.35642982 -0.14696990 0.50707366 0.25293709 -0.41949111 0.70917300
1779396294.69809484 -2.82187739 2.36903635 -0.10298162 0.50329350 0.25817235 -0.42647274 0.70580712
1779396294.73139620 -2.81292381 2.38053986 -0.06112268 0.49979283 0.26324205 -0.43302106 0.70242688
1779396294.76469970 -2.80438139 2.39003722 -0.02738233 0.49626230 0.26758697 -0.43901149 0.69956405
1779396294.79800200 -2.80480102 2.39634466 -0.00322150 0.49230369 0.27178104 -0.44448773 0.69728244
1779396294.83130479 -2.80090733 2.39565566 0.01950973 0.48804019 0.27500780 -0.44963348 0.69571346
1779396294.86460710 -2.79200775 2.40232213 0.04317146 0.48544547 0.27819546 -0.45354028 0.69372271
1779396294.89790964 -2.78775233 2.40342307 0.06356641 0.48282896 0.28175772 -0.45682467 0.69195376
1779396294.93121147 -2.79088924 2.39781594 0.08072749 0.47988261 0.28563609 -0.45899497 0.69097635
1779396294.96451259 -2.80102183 2.39649425 0.09569900 0.47672001 0.28974560 -0.46151465 0.68977514
1779396294.99781394 -2.80023703 2.39123757 0.10842349 0.47334016 0.29253208 -0.46473070 0.68876661
1779396295.03111458 -2.80257449 2.37985155 0.12474987 0.47006544 0.29596345 -0.46739194 0.68774188
1779396295.06441498 -2.79661126 2.38226107 0.14706450 0.46733138 0.29958807 -0.47091477 0.68562938
1779396295.09771538 -2.78339164 2.39025557 0.17348876 0.46485169 0.30305939 -0.47508814 0.68290495
1779396295.13101506 -2.77127834 2.39926541 0.19724173 0.46252532 0.30622295 -0.47949237 0.67998890
1779396295.16431475 -2.75280307 2.43571785 0.22722910 0.46186434 0.30963942 -0.48475425 0.67514301
1779396295.19761372 -2.74236717 2.42664870 0.25950169 0.45750635 0.31308831 -0.49183503 0.67138807
1779396295.23091149 -2.71129342 2.45413017 0.31061946 0.45613835 0.31777011 -0.49913785 0.66469645
1779396295.26420999 -2.67654226 2.48309918 0.37141724 0.45401228 0.32337571 -0.50761471 0.65698425
1779396295.29750824 -2.64216420 2.50741898 0.43706735 0.44992563 0.33001204 -0.51674532 0.64933293
1779396295.33080602 -2.60193235 2.53562968 0.50538658 0.44555714 0.33671215 -0.52654247 0.64098112
1779396295.36410356 -2.56609380 2.55440881 0.57919746 0.44106753 0.34392708 -0.53629041 0.63211248
1779396295.39740062 -2.51486644 2.58907332 0.65097778 0.43885091 0.35006474 -0.54553034 0.62230315
1779396295.43069744 -2.46106857 2.62719335 0.71357647 0.43744448 0.35500115 -0.55459885 0.61240234
1779396295.46399403 -2.41367072 2.65896897 0.76410079 0.43505028 0.35915290 -0.56292598 0.60403211
1779396295.49729037 -2.37025798 2.71325686 0.80832962 0.43340317 0.36376995 -0.56985028 0.59590585
1779396295.53058624 -2.35396457 2.69738688 0.83863902 0.42525043 0.36677933 -0.57792149 0.59215010
1779396295.56388164 -2.30734200 2.72427315 0.88093131 -0.42074216 -0.37010730 0.58590646 -0.58541459
1779396295.59717679 -2.25826015 2.75322148 0.92324376 -0.41752940 -0.37307679 0.59350813 -0.57812715
1779396295.63047147 -2.21257133 2.77531152 0.96285417 -0.41517737 -0.37572836 0.59984158 -0.57152955
1779396295.66376519 -2.20405146 2.78786780 0.99287489 -0.41154281 -0.38092050 0.60497896 -0.56527210
1779396295.69705915 -2.17348711 2.80111519 1.03390499 -0.40993899 -0.38504535 0.60949518 -0.55875372
1779396295.73042893 -2.14266560 2.80891144 1.07159441 -0.40759434 -0.38824513 0.61471032 -0.55250683
1779396295.76385331 -2.11551002 2.81867353 1.11273162 -0.40443221 -0.39266949 0.61933246 -0.54650944
1779396295.79727864 -2.08788160 2.83074480 1.14806095 -0.40065990 -0.39653191 0.62421397 -0.54091682
1779396295.83070421 -2.06265279 2.84306197 1.17750932 -0.39683615 -0.39965017 0.62889998 -0.53599033
1779396295.86413050 -2.03722389 2.85195579 1.20733833 -0.39383640 -0.40314020 0.63228714 -0.53158616
1779396295.89755797 -2.02565666 2.85167989 1.23514361 -0.38926166 -0.40680620 0.63606877 -0.52763681
1779396295.93098593 -2.01325077 2.85166713 1.26632972 -0.38508345 -0.41108771 0.63874276 -0.52414245
1779396295.96441460 -1.99830947 2.85250959 1.29592768 -0.38084006 -0.41510084 0.64150476 -0.52069547
1779396295.99784350 -1.98340834 2.85384562 1.32599189 -0.37716294 -0.41895212 0.64410882 -0.51706003
1779396296.03127384 -1.97256783 2.85973073 1.34970346 -0.37375245 -0.42168844 0.64742616 -0.51315429
1779396296.06470490 -1.95842308 2.86762998 1.36795733 -0.37105217 -0.42361154 0.65019828 -0.51001544
1779396296.09813619 -1.94440618 2.87797793 1.38156762 -0.36868868 -0.42474145 0.65309201 -0.50708400
1779396296.13156748 -1.92735456 2.89032030 1.39422593 -0.36632177 -0.42563208 0.65627825 -0.50392911
1779396296.16500068 -1.91496887 2.90195772 1.41265524 -0.36362116 -0.42762062 0.65902493 -0.50060603
1779396296.19843411 -1.90615663 2.90096051 1.43133014 -0.36079406 -0.42985038 0.66143030 -0.49756030
1779396296.23186874 -1.88576437 2.90741537 1.45589725 -0.35884081 -0.43222244 0.66393202 -0.49356996
1779396296.26530385 -1.86381134 2.91417159 1.48198037 -0.35708931 -0.43459460 0.66651851 -0.48925232
1779396296.29873991 -1.84065969 2.92258441 1.50553980 -0.35549293 -0.43665967 0.66917218 -0.48493475
1779396296.33217645 -1.83363530 2.92547406 1.52841435 -0.35359244 -0.43916530 0.67129737 -0.48110920
1779396296.36561394 -1.81731041 2.92918639 1.54655003 -0.35245089 -0.44075665 0.67316259 -0.47787454
1779396296.39905214 -1.80548369 2.93366490 1.56090854 -0.35128372 -0.44206274 0.67480842 -0.47519877
1779396296.43249083 -1.79444301 2.93734712 1.57467738 -0.35001899 -0.44327015 0.67646264 -0.47264848
1779396296.46593070 -1.79704171 2.94026496 1.59204534 -0.34852427 -0.44494392 0.67772190 -0.47037088
1779396296.49937057 -1.78435220 2.94672311 1.60235378 -0.34828256 -0.44546071 0.67925885 -0.46783697
1779396296.53281188 -1.77394591 2.95153207 1.60878869 -0.34852925 -0.44561042 0.68041242 -0.46583008
1779396296.56625271 -1.76867311 2.95427161 1.61717004 -0.34876808 -0.44600638 0.68122058 -0.46408799
1779396296.59969497 -1.76813112 2.95640281 1.62063724 -0.34910535 -0.44597531 0.68173359 -0.46310991
1779396296.63313818 -1.78276040 2.95822621 1.62620885 -0.34886502 -0.44664658 0.68152680 -0.46294844
1779396296.66658235 -1.80631411 2.95171590 1.62726381 -0.34877230 -0.44671507 0.68098931 -0.46374248
1779396296.70002675 -1.81776599 2.95100442 1.61766108 -0.34936119 -0.44558690 0.68050180 -0.46509824
1779396296.73340058 -1.83409774 2.94773445 1.60829920 -0.34945170 -0.44477858 0.67986424 -0.46673347
1779396296.76670480 -1.85324580 2.93940143 1.60482441 -0.35005221 -0.44492689 0.67844159 -0.46820991
1779396296.80000806 -1.87931920 2.93117818 1.61133120 -0.35169551 -0.44627513 0.67670130 -0.46821376
1779396296.83331132 -1.89156560 2.92358058 1.61597882 -0.35497229 -0.44691096 0.67467910 -0.46805275
1779396296.86661434 -1.90591980 2.91654036 1.61767486 -0.35817891 -0.44732876 0.67269316 -0.46806918
1779396296.89991665 -1.92333891 2.91168683 1.61130148 -0.36111736 -0.44682917 0.67089274 -0.46887192
1779396296.93321919 -1.94575069 2.91144586 1.59262565 -0.36351842 -0.44527817 0.66960881 -0.47032515
1779396296.96652126 -1.96414106 2.91431539 1.56715563 -0.36542221 -0.44261910 0.66867828 -0.47267779
1779396296.99982142 -1.98620198 2.91709154 1.53836881 -0.36709670 -0.43977991 0.66764238 -0.47548637
1779396297.03312302 -2.00846394 2.91802115 1.50736853 -0.36906143 -0.43685451 0.66643466 -0.47834784
1779396297.06642389 -2.02855889 2.91902227 1.47760393 -0.37132968 -0.43393117 0.66522079 -0.48093587
1779396297.09972429 -2.04368069 2.92859439 1.44629814 -0.37370127 -0.43131986 0.66415385 -0.48291843
1779396297.13302493 -2.06787189 2.92574933 1.42168278 -0.37576221 -0.42899811 0.66290258 -0.48510159
1779396297.16632462 -2.08583744 2.92278203 1.39867325 -0.37869228 -0.42690040 0.66128923 -0.48687242
1779396297.19962406 -2.08168666 2.93671141 1.37528098 -0.38348593 -0.42584146 0.65807853 -0.48839558
1779396297.23292351 -2.14796673 2.90335821 1.34060827 -0.38321050 -0.42321102 0.65651558 -0.49298016
1779396297.26622272 -2.18360297 2.89014137 1.30748591 -0.38489341 -0.42132218 0.65361646 -0.49712193
1779396297.29952121 -2.21781260 2.87595878 1.27255160 -0.38738507 -0.41918636 0.65007994 -0.50160908
1779396297.33281922 -2.25707166 2.85819921 1.23154228 -0.39023287 -0.41654385 0.64605577 -0.50677557
1779396297.36611724 -2.29491073 2.83925063 1.18450681 -0.39327278 -0.41366746 0.64146883 -0.51257536
1779396297.39941478 -2.33744244 2.82235551 1.13663358 -0.39633489 -0.41071090 0.63704766 -0.51807865
1779396297.43271232 -2.37148010 2.80950425 1.08926783 -0.39941036 -0.40753322 0.63319398 -0.52292774
1779396297.46600819 -2.40284254 2.79558664 1.04834083 -0.40156019 -0.40484325 0.62964779 -0.52763151
1779396297.49930477 -2.43497191 2.77639447 1.01357149 -0.40310242 -0.40337016 0.62592652 -0.53199337
1779396297.53260112 -2.46333308 2.75897517 0.98272255 -0.40418773 -0.40201780 0.62282182 -0.53582362
1779396297.56589723 -2.48655272 2.74323658 0.94428957 -0.40483001 -0.40073988 0.61987501 -0.53969916
1779396297.59919286 -2.50379860 2.73607957 0.90783476 -0.40497924 -0.39817815 0.61854255 -0.54300192
1779396297.63248801 -2.51463977 2.73437101 0.87262217 -0.40532613 -0.39509931 0.61808759 -0.54550435
1779396297.66578317 -2.52370924 2.73229019 0.84090251 -0.40521265 -0.39256255 0.61805157 -0.54745740
1779396297.69907808 -2.53159581 2.72822066 0.81304459 -0.40433106 -0.39036349 0.61799289 -0.54974315
1779396297.73239779 -2.54184976 2.71982557 0.79141420 -0.40303288 -0.38916010 0.61786367 -0.55169140
1779396297.76577926 -2.54479343 2.71631421 0.77740218 -0.40324796 -0.38820677 0.61785654 -0.55221362
1779396297.79916167 -2.54061443 2.71627755 0.76841395 -0.40499662 -0.38792470 0.61766130 -0.55134987
1779396297.83254385 -2.53443411 2.71696655 0.76908765 -0.40661596 -0.38823131 0.61764865 -0.54995461
1779396297.86592650 -2.52743851 2.71893728 0.77636907 -0.40800144 -0.38924566 0.61781612 -0.54801997
1779396297.89930844 -2.52287855 2.71982044 0.78557972 -0.40859315 -0.39062466 0.61821447 -0.54614548
1779396297.93269110 -2.51802144 2.72086582 0.79031544 -0.40792787 -0.39174280 0.61914727 -0.54478352
1779396297.96607423 -2.51537675 2.72081698 0.79921545 -0.40662098 -0.39329833 0.62031267 -0.54331205
1779396297.99945736 -2.50465368 2.72748220 0.81405559 -0.40630408 -0.39461012 0.62169549 -0.54101254
1779396298.03284049 -2.49609638 2.73050159 0.81958382 -0.40575955 -0.39546951 0.62306121 -0.53921961
1779396298.06622434 -2.49097280 2.73078193 0.82158235 -0.40500475 -0.39624279 0.62433136 -0.53774823
1779396298.09960818 -2.48325397 2.73198977 0.82895095 -0.40435354 -0.39748660 0.62577720 -0.53563562
1779396298.13299179 -2.47352478 2.73531704 0.83868841 -0.40381642 -0.39879065 0.62744824 -0.53311070
1779396298.16637611 -2.46035197 2.74011994 0.85359702 -0.40308922 -0.40044357 0.62966918 -0.52979312
1779396298.19975996 -2.44799389 2.74707494 0.86438411 -0.40277842 -0.40230472 0.63196984 -0.52586555
1779396298.23314476 -2.42996593 2.75637768 0.88159755 -0.40243787 -0.40390919 0.63468692 -0.52160679
1779396298.26652908 -2.41134273 2.76619428 0.89898446 -0.40149302 -0.40551773 0.63761047 -0.51750518
1779396298.29991412 -2.39216077 2.77446620 0.91562098 -0.39988359 -0.40721301 0.64091279 -0.51332394
1779396298.33329797 -2.36989435 2.78972762 0.92909568 -0.39847728 -0.40833424 0.64475627 -0.50869280
1779396298.36668301 -2.34530005 2.80711499 0.94456639 -0.39684256 -0.40931652 0.64895492 -0.50381889
1779396298.40006828 -2.32430948 2.82215928 0.96187394 -0.39428694 -0.41040129 0.65290550 -0.49982296
1779396298.43345356 -2.30784949 2.82840321 0.96795414 -0.39128101 -0.41149861 0.65693930 -0.49598269
1779396298.46683908 -2.29535780 2.83632984 0.98002952 -0.38722806 -0.41310249 0.66125258 -0.49208311
1779396298.50022507 -2.27717812 2.84585430 0.99408254 -0.38255975 -0.41466812 0.66602283 -0.48796718
1779396298.53361082 -2.25477999 2.85863322 1.01160902 -0.37783295 -0.41652697 0.67102135 -0.48319550
1779396298.56699705 -2.23070138 2.87383166 1.02833527 -0.37328498 -0.41815712 0.67624246 -0.47801577
1779396298.60038328 -2.20916367 2.89086560 1.04210331 -0.36871520 -0.41964411 0.68124635 -0.47312930
1779396298.63376975 -2.19461170 2.90067468 1.04415843 -0.36368520 -0.42031306 0.68593328 -0.46964405
1779396298.66715670 -2.18049712 2.91584669 1.04262236 -0.35909988 -0.42053334 0.69043684 -0.46636461
1779396298.70054340 -2.16713779 2.93261207 1.03456465 -0.35511702 -0.41977730 0.69486449 -0.46351080
1779396298.73391032 -2.15655623 2.94852311 1.01671240 -0.35169002 -0.41802035 0.69893802 -0.46158289
1779396298.76720619 -2.15230791 2.96413111 1.00089999 -0.34885322 -0.41634255 0.70271153 -0.45951802
1779396298.80050087 -2.14234943 2.97747921 0.98131778 -0.34794697 -0.41405294 0.70579603 -0.45754239
1779396298.83379602 -2.13834266 2.98471004 0.96725026 -0.34761270 -0.41286153 0.70783419 -0.45572088
1779396298.86709046 -2.13399505 2.99147369 0.95508258 -0.34839888 -0.41186530 0.70922450 -0.45385659
1779396298.90038514 -2.13314995 2.99502490 0.94508904 -0.34919461 -0.41132572 0.71021946 -0.45217541
1779396298.93367863 -2.13461833 2.99675552 0.93835032 -0.34919057 -0.41122391 0.71118131 -0.45075712
1779396298.96697259 -2.14308012 2.99714233 0.93722590 -0.34945826 -0.41206277 0.71111060 -0.44989433
1779396299.00026560 -2.15233461 2.99215306 0.93460844 -0.34979247 -0.41304010 0.71075602 -0.44929833
1779396299.03355813 -2.16304598 2.98468431 0.93071262 -0.35037095 -0.41386087 0.71012588 -0.44908864
1779396299.06685066 -2.17511993 2.97490754 0.92708160 -0.35049981 -0.41489003 0.70940883 -0.44917174
1779396299.10014248 -2.18336622 2.96604434 0.92768545 -0.35007415 -0.41608482 0.70914019 -0.44882258
1779396299.13343406 -2.18983856 2.96035587 0.93333279 -0.34897117 -0.41744792 0.70935456 -0.44807641
1779396299.16672516 -2.19088447 2.95513494 0.93145747 -0.34816636 -0.41818956 0.70999123 -0.44700126
1779396299.20001602 -2.18949554 2.95347521 0.92893963 -0.34801253 -0.41851266 0.71047179 -0.44605410
1779396299.23330522 -2.19233860 2.94904372 0.92641884 -0.34854936 -0.41918365 0.71008213 -0.44562515
1779396299.26659489 -2.19802264 2.94214872 0.92652880 -0.34990239 -0.42014348 0.70887727 -0.44557916
1779396299.29988456 -2.20483165 2.93523217 0.92263671 -0.35142916 -0.42064982 0.70767292 -0.44581421
1779396299.33317375 -2.21890204 2.93207661 0.91743024 -0.35187895 -0.42148497 0.70652057 -0.44649783
1779396299.36646247 -2.22854126 2.92484301 0.90660670 -0.35199443 -0.42140008 0.70575960 -0.44768883
1779396299.39975071 -2.23729266 2.91834899 0.89420570 -0.35190310 -0.42115802 0.70524092 -0.44880438
1779396299.43303871 -2.24550820 2.90958994 0.88733028 -0.35094083 -0.42146285 0.70497834 -0.44968337
1779396299.46632671 -2.25220825 2.90088115 0.87868497 -0.34980719 -0.42146900 0.70486789 -0.45073281
1779396299.49961352 -2.26117580 2.89233673 0.87281863 -0.34915477 -0.42190205 0.70423420 -0.45182275
1779396299.53290009 -2.27344614 2.87865216 0.86652113 -0.34924731 -0.42259953 0.70274046 -0.45342231
1779396299.56618667 -2.28908865 2.86446681 0.85317530 -0.34922814 -0.42276914 0.70109987 -0.45581240
1779396299.59947276 -2.30589268 2.85512016 0.83822379 -0.34943737 -0.42245301 0.69906656 -0.45905655
1779396299.63275814 -2.33019517 2.83027250 0.81281452 -0.34917812 -0.42174417 0.69697450 -0.46306916
1779396299.66604257 -2.34991095 2.81271020 0.78773324 -0.34913651 -0.42072028 0.69487910 -0.46716290
1779396299.69932699 -2.36121075 2.80957063 0.75659473 -0.35006234 -0.41906429 0.69303778 -0.47068048
1779396299.73260689 -2.37485776 2.79785652 0.72667827 -0.34984050 -0.41698350 0.69185830 -0.47441383
1779396299.76602435 -2.38634889 2.78887962 0.69683886 -0.34982403 -0.41494094 0.69072802 -0.47785140
1779396299.79944229 -2.39478824 2.78137020 0.66971474 -0.35010787 -0.41302487 0.68953889 -0.48101045
1779396299.83286071 -2.40360874 2.77218608 0.64361272 -0.35063491 -0.41136014 0.68811565 -0.48408144
1779396299.86628032 -2.41366770 2.75942876 0.60841022 -0.35120157 -0.40928348 0.68623964 -0.48807750
1779396299.89970016 -2.42546670 2.74981927 0.56891840 -0.35239721 -0.40635071 0.68420557 -0.49250182
1779396299.93312073 -2.43361038 2.74484637 0.52434175 -0.35386964 -0.40256934 0.68259868 -0.49676276
1779396299.96654224 -2.43973852 2.74209462 0.47535790 -0.35591177 -0.39818296 0.68112976 -0.50083869
1779396299.99996400 -2.44238610 2.73679986 0.42903090 -0.35798353 -0.39399517 0.67965546 -0.50466232
1779396300.03338695 -2.43913004 2.73235892 0.38954639 -0.35980138 -0.39068133 0.67826620 -0.50780510
1779396300.06681013 -2.44243191 2.72251082 0.36887797 -0.36041539 -0.38953494 0.67673242 -0.51029061
1779396300.10023403 -2.44419500 2.71316885 0.34991980 -0.36043646 -0.38855561 0.67557756 -0.51254761
1779396300.13365793 -2.44148362 2.70732963 0.32889585 -0.36015458 -0.38696202 0.67522933 -0.51440687
1779396300.16708326 -2.43195909 2.70574547 0.31166071 -0.35991106 -0.38528540 0.67555604 -0.51540589
1779396300.20050931 -2.41957406 2.70784607 0.30461061 -0.36027565 -0.38443215 0.67578979 -0.51548185
1779396300.23393631 -2.40498656 2.70829864 0.30147581 -0.36035951 -0.38443926 0.67626964 -0.51478816
1779396300.26736355 -2.39287154 2.70784665 0.30761963 -0.35952004 -0.38555985 0.67684307 -0.51378245
1779396300.30079174 -2.37820323 2.71003111 0.31304528 -0.35864263 -0.38632668 0.67788434 -0.51244510
1779396300.33422041 -2.36379321 2.71155029 0.31563517 -0.35742958 -0.38667680 0.67914576 -0.51135720
1779396300.36764956 -2.34958262 2.71593460 0.31749632 -0.35651573 -0.38705086 0.68041396 -0.51002452
1779396300.40107965 -2.33442512 2.71964978 0.32183507 -0.35548956 -0.38756795 0.68166124 -0.50868085
1779396300.43451047 -2.31836528 2.72145474 0.32829549 -0.35425446 -0.38823604 0.68301190 -0.50721918
1779396300.46794200 -2.30414688 2.72731978 0.34490098 -0.35312525 -0.38948068 0.68449991 -0.50504181
1779396300.50137377 -2.27781024 2.72831102 0.35245167 -0.35182358 -0.39024181 0.68641897 -0.50275292
1779396300.53480697 -2.26360121 2.73419518 0.36722007 -0.35049146 -0.39153368 0.68831953 -0.50007333
1779396300.56823897 -2.24265952 2.74273747 0.38207205 -0.34959973 -0.39279051 0.69028250 -0.49699669
1779396300.60167336 -2.22182085 2.74965343 0.40003884 -0.34854080 -0.39439403 0.69222333 -0.49376058
1779396300.63510823 -2.20042721 2.75564780 0.41986156 -0.34788664 -0.39617004 0.69396141 -0.49034859
1779396300.66854310 -2.17093248 2.76549883 0.43951917 -0.34817972 -0.39741240 0.69583629 -0.48646287
1779396300.70197940 -2.14847008 2.77353869 0.45958175 -0.34850663 -0.39918070 0.69729201 -0.48268184
1779396300.73542881 -2.12748558 2.77909839 0.48144809 -0.34904408 -0.40145863 0.69830094 -0.47893110
1779396300.76872516 -2.10707200 2.78613993 0.50400274 -0.34963035 -0.40372636 0.69927279 -0.47516440
1779396300.80202127 -2.08807878 2.79043071 0.53013023 -0.34930429 -0.40672287 0.70035236 -0.47124259
1779396300.83531690 -2.07082152 2.79306006 0.55568217 -0.34815712 -0.40961006 0.70173711 -0.46751604
1779396300.86861205 -2.06415953 2.80172211 0.58390953 -0.34624099 -0.41197521 0.70364820 -0.46397503
1779396300.90190673 -2.05076688 2.80198906 0.60016811 -0.34357938 -0.41383482 0.70558547 -0.46134921
1779396300.93520141 -2.03151899 2.79348381 0.60784902 -0.34023658 -0.41579466 0.70736165 -0.45934013
1779396300.96849537 -2.02911717 2.79705013 0.64614295 -0.33718069 -0.41898963 0.70901958 -0.45612292
1779396301.00178790 -2.00149020 2.79053106 0.65344762 -0.33461431 -0.42146296 0.71061473 -0.45324270
1779396301.03508162 -1.98870695 2.79139460 0.67945711 -0.33218341 -0.42455348 0.71222085 -0.44961092
1779396301.06837416 -1.97094491 2.79494492 0.70442464 -0.33042025 -0.42760127 0.71389120 -0.44535263
1779396301.10166669 -1.94896256 2.80176676 0.72742081 -0.32909443 -0.43014291 0.71591680 -0.44060988
1779396301.13495898 -1.92705161 2.80722288 0.74839856 -0.32730670 -0.43239811 0.71814443 -0.43608574
1779396301.16825056 -1.90565859 2.81618620 0.76800590 -0.32519857 -0.43412448 0.72096984 -0.43125899
1779396301.20154166 -1.88133799 2.82665565 0.78193250 -0.32351086 -0.43527865 0.72381413 -0.42657512
1779396301.23483276 -1.85658131 2.83373679 0.79693075 -0.32194522 -0.43662116 0.72644590 -0.42188812
1779396301.26812315 -1.83491513 2.84140072 0.81254997 -0.31999443 -0.43836240 0.72890979 -0.41729185
1779396301.30141330 -1.81045885 2.85261894 0.82675861 -0.31825527 -0.43978682 0.73163405 -0.41232602
1779396301.33470297 -1.78609907 2.86368072 0.83949124 -0.31631569 -0.44119019 0.73435296 -0.40745717
1779396301.36799216 -1.76565612 2.87195314 0.84849832 -0.31465833 -0.44231708 0.73669974 -0.40326074
1779396301.40128136 -1.75180000 2.87541441 0.85559740 -0.31267508 -0.44253954 0.73922145 -0.39993085
1779396301.43456960 -1.73783864 2.88273943 0.85280562 -0.31153913 -0.44259368 0.74117969 -0.39712325
1779396301.46785665 -1.72292883 2.89053254 0.85059079 -0.31122307 -0.44254939 0.74276564 -0.39444827
1779396301.50114465 -1.71076241 2.89823082 0.84620592 -0.31082790 -0.44228774 0.74424432 -0.39226006
1779396301.53443217 -1.70293110 2.90535183 0.83861895 -0.31013075 -0.44183671 0.74567854 -0.39059283
1779396301.56771874 -1.70276019 2.90658820 0.84237767 -0.30840354 -0.44222276 0.74701709 -0.38896241
1779396301.60100532 -1.70012767 2.90736022 0.83926589 -0.30711594 -0.44253940 0.74795837 -0.38781047
1779396301.63429165 -1.69745915 2.90744275 0.83707496 -0.30569229 -0.44289511 0.74901544 -0.38648677
1779396301.66757774 -1.69503674 2.90954718 0.83103154 -0.30411650 -0.44277258 0.75030131 -0.38537455
1779396301.70086288 -1.69233290 2.91140686 0.82483815 -0.30227257 -0.44260024 0.75175907 -0.38418045
1779396301.73414803 -1.68749751 2.91308828 0.81716203 -0.30063939 -0.44204976 0.75329990 -0.38307601
1779396301.76750112 -1.67996124 2.91789314 0.80704533 -0.29942830 -0.44093131 0.75508571 -0.38179556
1779396301.80087471 -1.68425589 2.91733814 0.79327004 -0.29751376 -0.43981496 0.75701474 -0.38075851
1779396301.83424830 -1.67737051 2.92408425 0.78638835 -0.29665070 -0.43923617 0.75835793 -0.37942482
1779396301.86762166 -1.67005269 2.92788911 0.78175123 -0.29579732 -0.43883606 0.75976640 -0.37773254
1779396301.90099406 -1.66344138 2.93019241 0.78076127 -0.29500290 -0.43902960 0.76094352 -0.37575426
1779396301.93436813 -1.65851273 2.93101320 0.78465834 -0.29408434 -0.43997889 0.76167640 -0.37387435
1779396301.96774197 -1.65739505 2.92372849 0.79299822 -0.29202848 -0.44145145 0.76254591 -0.37197273
1779396302.00111604 -1.65066490 2.92221551 0.80266454 -0.29063684 -0.44297846 0.76343229 -0.36942042
1779396302.03448963 -1.64508854 2.91751937 0.81453316 -0.28943340 -0.44523087 0.76411461 -0.36623304
1779396302.06786418 -1.63103266 2.91569540 0.83869007 -0.28874198 -0.44843540 0.76449568 -0.36204988
1779396302.10123849 -1.61212034 2.91392068 0.86923553 -0.28770667 -0.45235921 0.76495039 -0.35699708
1779396302.13461256 -1.59229938 2.91087464 0.90265650 -0.28538614 -0.45667924 0.76574579 -0.35161371
1779396302.16798735 -1.57288725 2.90570879 0.93974914 -0.28222744 -0.46160366 0.76650529 -0.34603378
1779396302.20136166 -1.55280137 2.89785134 0.98404209 -0.27896441 -0.46744385 0.76681886 -0.34009402
1779396302.23473597 -1.53112983 2.88903311 1.02304776 -0.27656160 -0.47295147 0.76710646 -0.33373381
1779396302.26811099 -1.50789800 2.88395909 1.06292629 -0.27436829 -0.47807905 0.76724722 -0.32786305
1779396302.30148578 -1.48853330 2.87857479 1.09579787 -0.27221600 -0.48262214 0.76731620 -0.32280053
1779396302.33485937 -1.46741989 2.87532178 1.12062917 -0.26974281 -0.48607467 0.76798571 -0.31806946
1779396302.36823463 -1.44857977 2.87669736 1.13395103 -0.26616341 -0.48814230 0.76967785 -0.31379952
1779396302.40160990 -1.42643418 2.87731058 1.14719915 -0.26285366 -0.48983231 0.77137190 -0.30977032
1779396302.43498516 -1.40317159 2.87857839 1.16786872 -0.25991995 -0.49244176 0.77268608 -0.30479330
1779396302.46836019 -1.37483837 2.88031496 1.18869300 -0.25720203 -0.49473533 0.77416126 -0.29959708
1779396302.50173545 -1.34600672 2.88147947 1.20971445 -0.25473564 -0.49720714 0.77539190 -0.29438448
1779396302.53511095 -1.32161233 2.87953640 1.23098797 -0.25270975 -0.50002697 0.77600757 -0.28969479
1779396302.56848621 -1.29593820 2.87826300 1.24410438 -0.25106938 -0.50266204 0.77636046 -0.28558620
1779396302.60186195 -1.27537602 2.87158531 1.25690726 -0.24869283 -0.50447977 0.77742346 -0.28154004
1779396302.63523769 -1.25605988 2.86880122 1.26710946 -0.24641462 -0.50611669 0.77829988 -0.27816367
1779396302.66861367 -1.23489248 2.86993250 1.27323109 -0.24382122 -0.50714711 0.77961766 -0.27486238
1779396302.70198965 -1.21319469 2.87170530 1.27466773 -0.24112721 -0.50761734 0.78123122 -0.27177212
1779396302.73536563 -1.18540120 2.87662824 1.27139790 -0.23844287 -0.50746030 0.78350464 -0.26786103
1779396302.76868916 -1.15727754 2.88460840 1.27699271 -0.23561057 -0.50813936 0.78529325 -0.26381161
1779396302.80197740 -1.12659907 2.88705917 1.28893993 -0.23303811 -0.50959755 0.78676449 -0.25885365
1779396302.83526564 -1.09836586 2.88481443 1.30448605 -0.23036321 -0.51185125 0.78761669 -0.25416733
1779396302.86855388 -1.06979583 2.88176130 1.31811292 -0.22792027 -0.51391476 0.78841537 -0.24969015
1779396302.90184188 -1.04293998 2.88260408 1.32079986 -0.22602521 -0.51465710 0.78970057 -0.24579193
1779396302.93512869 -1.01373803 2.90094897 1.33525592 -0.22436908 -0.51549235 0.79081730 -0.24193832
1779396302.96841526 -0.98756468 2.89371093 1.31604121 -0.22281321 -0.51473003 0.79280264 -0.23847694
1779396303.00170183 -0.95910515 2.89719665 1.32060742 -0.22098111 -0.51533314 0.79414950 -0.23436228
1779396303.03498745 -0.92968193 2.89870769 1.32832561 -0.21760138 -0.51637945 0.79574540 -0.22976328
1779396303.06827283 -0.89891949 2.90253757 1.33306556 -0.21326326 -0.51707301 0.79783023 -0.22499157
1779396303.10155797 -0.86490791 2.90725814 1.33372599 -0.20928178 -0.51715772 0.80018914 -0.22010536
1779396303.13484216 -0.82443158 2.91600337 1.33245764 -0.20652871 -0.51724972 0.80209020 -0.21552247
1779396303.16812611 -0.79702154 2.91512477 1.32345303 -0.20309299 -0.51679417 0.80424861 -0.21180461
1779396303.20140934 -0.77362941 2.91884362 1.31960012 -0.19988628 -0.51631468 0.80628368 -0.20825766
1779396303.23469138 -0.74752027 2.92466956 1.31167924 -0.19791648 -0.51533295 0.80830245 -0.20471481
1779396303.26797414 -0.72267739 2.93051868 1.30333926 -0.19643309 -0.51417930 0.81024871 -0.20132240
1779396303.30125642 -0.69831953 2.93409535 1.29664142 -0.19474828 -0.51333085 0.81203350 -0.19790436
1779396303.33453774 -0.66678249 2.93641478 1.29013256 -0.19405529 -0.51270333 0.81339363 -0.19459868
1779396303.36781907 -0.63807675 2.93369177 1.28813308 -0.19322129 -0.51240474 0.81463575 -0.19098565
1779396303.40109992 -0.61570576 2.93369215 1.28660554 -0.19250703 -0.51262573 0.81548510 -0.18745654
1779396303.43437982 -0.59337199 2.93230264 1.28998529 -0.19225683 -0.51342050 0.81585385 -0.18389994
1779396303.46766019 -0.57160826 2.92759138 1.29839678 -0.19166103 -0.51524594 0.81568787 -0.18011377
1779396303.50093913 -0.54823451 2.92164802 1.31038277 -0.19051349 -0.51765941 0.81536912 -0.17580255
1779396303.53421807 -0.51460617 2.91544466 1.32067155 -0.18912550 -0.51884872 0.81581609 -0.17167312
1779396303.56749654 -0.49409073 2.91398599 1.31893438 -0.18595737 -0.51930176 0.81697931 -0.16819731
1779396303.60077453 -0.47469294 2.91403634 1.31386474 -0.18263464 -0.51918747 0.81840852 -0.16521637
1779396303.63405228 -0.45664867 2.91387307 1.30712085 -0.17982637 -0.51888889 0.81977823 -0.16242059
1779396303.66732812 -0.43659698 2.91486610 1.30051517 -0.17770184 -0.51846040 0.82112511 -0.15929351
1779396303.70060468 -0.41225331 2.91611327 1.29460192 -0.17699449 -0.51848696 0.82187336 -0.15610382
1779396303.73388100 -0.39944373 2.91388665 1.29551752 -0.17528648 -0.51929114 0.82219474 -0.15364625
1779396303.76720667 -0.38626813 2.91126293 1.29719605 -0.17345815 -0.52035163 0.82239835 -0.15102124
1779396303.80061698 -0.37395886 2.90719334 1.30040343 -0.17097594 -0.52174164 0.82250361 -0.14846112
1779396303.83402753 -0.35910414 2.90367114 1.30076418 -0.16836262 -0.52286686 0.82285947 -0.14548734
1779396303.86743903 -0.34469361 2.89907040 1.30207072 -0.16549716 -0.52388730 0.82327066 -0.14275222
1779396303.90085053 -0.32029204 2.89080445 1.28978588 -0.16358544 -0.52390558 0.82421056 -0.13942634
1779396303.93426347 -0.31395832 2.88520006 1.29200918 -0.16024094 -0.52509441 0.82453039 -0.13692458
1779396303.96767616 -0.30293035 2.87936120 1.29459122 -0.15760172 -0.52640196 0.82462190 -0.13439270
1779396304.00108981 -0.29758423 2.87367534 1.29481378 -0.15569789 -0.52755131 0.82449558 -0.13287146
1779396304.03450441 -0.30129435 2.86736489 1.29362693 -0.15419453 -0.52866767 0.82407471 -0.13279838
1779396304.06791925 -0.29902777 2.86215995 1.28054979 -0.15366972 -0.52853566 0.82419810 -0.13316592
1779396304.10133457 -0.30832840 2.86197445 1.27480602 -0.15219968 -0.52862159 0.82425421 -0.13416205
1779396304.13474965 -0.31412166 2.86319660 1.26702806 -0.15120017 -0.52854140 0.82444558 -0.13443207
1779396304.16816616 -0.31628929 2.86434775 1.26021389 -0.14968695 -0.52839262 0.82485469 -0.13420059
1779396304.20158339 -0.31910940 2.86155180 1.24330615 -0.14849066 -0.52773243 0.82558112 -0.13365930
1779396304.23500156 -0.30888847 2.85943090 1.22687137 -0.14785988 -0.52660023 0.82661651 -0.13241903
1779396304.26841998 -0.30288375 2.86062650 1.21531050 -0.14679154 -0.52576955 0.82757905 -0.13088752
1779396304.30183887 -0.29219880 2.86246471 1.20212244 -0.14613161 -0.52467114 0.82872063 -0.12879386
1779396304.33525848 -0.28095498 2.86530615 1.19047518 -0.14541645 -0.52379962 0.82971363 -0.12674107
1779396304.36867905 -0.27371359 2.86649066 1.17853261 -0.14512606 -0.52289666 0.83055571 -0.12527859
1779396304.40209985 -0.28343494 2.86643353 1.17579222 -0.14318246 -0.52310219 0.83085520 -0.12466967
1779396304.43552089 -0.27923028 2.86815904 1.16484722 -0.14283523 -0.52220524 0.83164359 -0.12356664
1779396304.46894312 -0.27027825 2.86805111 1.15545222 -0.14247293 -0.52151003 0.83238927 -0.12188870
1779396304.50236607 -0.25811519 2.86835509 1.14642856 -0.14208493 -0.52089653 0.83315464 -0.11971640
1779396304.53578925 -0.24385271 2.86410628 1.12947212 -0.14128113 -0.52004017 0.83427971 -0.11651278
1779396304.56921196 -0.23009287 2.86191651 1.12459625 -0.14016451 -0.52010522 0.83477916 -0.11396590
1779396304.60263658 -0.21811874 2.85661761 1.12450770 -0.13835830 -0.52077785 0.83499073 -0.11152532
1779396304.63606167 -0.20562608 2.85111501 1.12953922 -0.13576947 -0.52232565 0.83482731 -0.10865510
1779396304.66948724 -0.19045676 2.84621347 1.13191651 -0.13290704 -0.52366636 0.83486470 -0.10540492
1779396304.70291328 -0.18533930 2.84452955 1.13865146 -0.12854041 -0.52585686 0.83462196 -0.10177483
1779396304.73634028 -0.17646852 2.83811684 1.13397939 -0.12508964 -0.52678897 0.83496797 -0.09835883
1779396304.76974607 -0.15982710 2.83466678 1.14033207 -0.12193805 -0.52828451 0.83490482 -0.09476568
1779396304.80303502 -0.14382722 2.83080513 1.14158045 -0.11926560 -0.52918436 0.83512208 -0.09116326
1779396304.83632326 -0.12886219 2.82724581 1.13954539 -0.11642427 -0.52975642 0.83552857 -0.08772418
1779396304.86961079 -0.11599720 2.82402614 1.13933108 -0.11385911 -0.53027731 0.83589239 -0.08441558
1779396304.90289855 -0.10749485 2.81864814 1.13099402 -0.11088698 -0.53053075 0.83645962 -0.08109562
1779396304.93618512 -0.09082126 2.81681727 1.13130107 -0.10896544 -0.53117020 0.83661961 -0.07779707
1779396304.96947193 -0.07798352 2.81494188 1.12857301 -0.10700272 -0.53147867 0.83693427 -0.07497917
1779396305.00275683 -0.06559559 2.81481604 1.12368093 -0.10465304 -0.53138100 0.83753519 -0.07222731
1779396305.03604245 -0.05327563 2.81297868 1.11909139 -0.10226076 -0.53143463 0.83804808 -0.06924874
1779396305.06932735 -0.04833640 2.80591975 1.11476819 -0.09974456 -0.53137605 0.83862573 -0.06631284
1779396305.10261178 -0.03046763 2.80462773 1.11282298 -0.09843196 -0.53164724 0.83886173 -0.06303451
1779396305.13589621 -0.01274503 2.80242439 1.11008970 -0.09664848 -0.53195782 0.83913305 -0.05946155
1779396305.16917968 0.00415912 2.79892201 1.10944695 -0.09459891 -0.53261857 0.83919800 -0.05581408
1779396305.20246339 0.02235240 2.79636243 1.12157265 -0.09231189 -0.53412029 0.83873211 -0.05217744
1779396305.23574591 0.03431356 2.78800150 1.11869947 -0.08977946 -0.53469885 0.83888052 -0.04812751
1779396305.26902819 0.05120921 2.78294581 1.12152181 -0.08771950 -0.53589575 0.83853077 -0.04457769
1779396305.30230999 0.06348066 2.77670326 1.13019559 -0.08528921 -0.53780423 0.83772392 -0.04136423
1779396305.33559179 0.07419143 2.77067958 1.13708746 -0.08302878 -0.53960359 0.83691242 -0.03888180
1779396305.36887264 0.08239679 2.76644859 1.14432875 -0.08106434 -0.54123148 0.83612556 -0.03729746
1779396305.40215278 0.08877897 2.76330317 1.14944208 -0.07871963 -0.54245433 0.83562268 -0.03579458
1779396305.43543315 0.09321489 2.76044512 1.15343130 -0.07688892 -0.54352788 0.83513651 -0.03482172
1779396305.46871161 0.09710589 2.75869236 1.15430725 -0.07569602 -0.54399988 0.83497051 -0.03403670
1779396305.50199080 0.09743793 2.75704240 1.15609399 -0.07504384 -0.54462821 0.83461904 -0.03405287
1779396305.53526950 0.09856849 2.75496899 1.15888972 -0.07484108 -0.54582387 0.83383851 -0.03447403
1779396305.56854749 0.09359070 2.75158917 1.16350620 -0.07484883 -0.54697945 0.83303618 -0.03552266
1779396305.60182548 0.08734506 2.74873798 1.16888629 -0.07478781 -0.54817578 0.83220355 -0.03670625
1779396305.63510227 0.07711114 2.74586181 1.17357043 -0.07442397 -0.54942163 0.83132826 -0.03860388
1779396305.66837931 0.06773925 2.74325758 1.17649987 -0.07487757 -0.55044244 0.83051520 -0.04063217
1779396305.70165563 0.05252733 2.74112605 1.17718232 -0.07567704 -0.55113311 0.82983786 -0.04352478
1779396305.73493147 0.03455965 2.73908723 1.17482991 -0.07684481 -0.55154091 0.82927284 -0.04694742
1779396305.76821113 0.01435736 2.73624240 1.17150673 -0.07834717 -0.55183545 0.82870070 -0.05093622
1779396305.80150032 -0.00572651 2.73779019 1.17487353 -0.08066761 -0.55247581 0.82775973 -0.05547115
1779396305.83478880 -0.03523154 2.72312292 1.16212492 -0.08214557 -0.55133031 0.82805739 -0.06006619
1779396305.86807680 -0.05912970 2.72107791 1.16244593 -0.08435134 -0.55171330 0.82723253 -0.06468095
1779396305.90136385 -0.07820094 2.71872467 1.15981912 -0.08653402 -0.55185969 0.82659105 -0.06862937
1779396305.93465066 -0.09651432 2.71815922 1.15345687 -0.08877846 -0.55152213 0.82624270 -0.07255843
1779396305.96793771 -0.10884083 2.71987445 1.14912492 -0.09108848 -0.55126252 0.82586873 -0.07585093
1779396306.00122380 -0.12198460 2.72237739 1.14028611 -0.09329499 -0.55040706 0.82590020 -0.07897450
1779396306.03450942 -0.13439108 2.72458936 1.12868906 -0.09495727 -0.54911057 0.82629834 -0.08180310
1779396306.06779504 -0.14468508 2.72471396 1.11996005 -0.09555579 -0.54838025 0.82647921 -0.08414456
1779396306.10108018 -0.15391019 2.72183974 1.11555996 -0.09584677 -0.54846529 0.82619196 -0.08605845
1779396306.13436460 -0.16261745 2.71861486 1.11345873 -0.09600815 -0.54882160 0.82574708 -0.08785810
1779396306.16764808 -0.16771175 2.71563215 1.10958144 -0.09640338 -0.54898125 0.82545254 -0.08918564
1779396306.20093203 -0.16928537 2.71450777 1.10354383 -0.09635453 -0.54860335 0.82564412 -0.08978843
1779396306.23421478 -0.15374688 2.71080960 1.08992391 -0.09655529 -0.54771095 0.82622838 -0.08964626
1779396306.26749730 -0.14461163 2.71066541 1.08751209 -0.09556704 -0.54778588 0.82645327 -0.08816215
1779396306.30077958 -0.13268908 2.70884679 1.08778796 -0.09337578 -0.54861785 0.82637592 -0.08603640
1779396306.33406043 -0.11712374 2.70651218 1.08748069 -0.09072381 -0.54950735 0.82635821 -0.08332451
1779396306.36734176 -0.09745083 2.70761208 1.08030688 -0.08865500 -0.54939491 0.82692459 -0.08063033
1779396306.40062237 -0.08132501 2.70814638 1.07207552 -0.08625966 -0.54880262 0.82783721 -0.07784929
1779396306.43390274 -0.06735028 2.70952499 1.05987976 -0.08459969 -0.54786514 0.82884604 -0.07550449
1779396306.46718240 -0.05393545 2.71056771 1.04907885 -0.08335830 -0.54693487 0.82979068 -0.07321929
1779396306.50046158 -0.04211786 2.71218142 1.03884511 -0.08190153 -0.54594000 0.83075672 -0.07130863
1779396306.53374076 -0.03119404 2.71340193 1.02814660 -0.08030847 -0.54495612 0.83170786 -0.06953712
1779396306.56701922 -0.01575165 2.71397127 1.01741923 -0.07871333 -0.54406786 0.83265149 -0.06697670
1779396306.60029721 -0.00040037 2.71273412 1.00785812 -0.07652350 -0.54329303 0.83359612 -0.06398701
1779396306.63357449 0.01659848 2.70973287 1.00057783 -0.07466672 -0.54267325 0.83440291 -0.06084745
1779396306.66685176 0.02820995 2.71312173 1.00315948 -0.07289457 -0.54315364 0.83447461 -0.05764218
1779396306.70012808 0.07499945 2.70529968 0.98851043 -0.07341370 -0.54319356 0.83457144 -0.05515153
1779396306.73340464 0.08893157 2.70010122 0.98746627 -0.07205715 -0.54350158 0.83465447 -0.05259014
1779396306.76669788 0.10197831 2.69542820 0.98601891 -0.07076607 -0.54389073 0.83465835 -0.05020441
1779396306.80002880 0.11284522 2.69158379 0.98575538 -0.07018790 -0.54457623 0.83437493 -0.04825824
1779396306.83336067 0.12535899 2.68345068 0.98462100 -0.07012271 -0.54496732 0.83425221 -0.04600725
1779396306.86669278 0.13361228 2.67648090 0.99096581 -0.07027626 -0.54666687 0.83321356 -0.04440420
1779396306.90002465 0.14308405 2.66960845 0.99995065 -0.07067433 -0.54862003 0.83198687 -0.04265045
1779396306.93335724 0.15737310 2.66168775 1.00374879 -0.07146109 -0.55070126 0.83063087 -0.04091203
1779396306.96668911 0.16777060 2.65609652 1.01116213 -0.07190753 -0.55233970 0.82958625 -0.03920221
1779396307.00002170 0.17504309 2.65330333 1.01281044 -0.07244703 -0.55300874 0.82914795 -0.03803205
1779396307.03335404 0.17801539 2.65040741 1.01182908 -0.07296245 -0.55357757 0.82874201 -0.03761684
1779396307.06668711 0.16933570 2.64492260 1.01393470 -0.07192369 -0.55470003 0.82810005 -0.03721787
1779396307.10001922 0.16767769 2.64056804 1.01722369 -0.07242964 -0.55582239 0.82730059 -0.03727128
1779396307.13335228 0.16654230 2.63581437 1.02044192 -0.07276877 -0.55699657 0.82648089 -0.03726747
1779396307.16668534 0.16579389 2.63087812 1.02224960 -0.07347489 -0.55804756 0.82570803 -0.03729088
1779396307.20001841 0.16519685 2.62519308 1.02700836 -0.07470706 -0.55948437 0.82462342 -0.03731378
1779396307.23335028 0.16337899 2.62002800 1.03036403 -0.07577040 -0.56063251 0.82374285 -0.03738650
1779396307.26668358 0.16078241 2.61555797 1.03124062 -0.07691471 -0.56143682 0.82308491 -0.03747081
1779396307.30001664 0.15826592 2.61153824 1.03124664 -0.07804170 -0.56205854 0.82254641 -0.03764432
1779396307.33335018 0.15573643 2.60629877 1.03248406 -0.07863486 -0.56308201 0.82178905 -0.03765586
1779396307.36668348 0.15296323 2.60219862 1.03325698 -0.07875996 -0.56414727 0.82104786 -0.03761830
1779396307.40001702 0.14293415 2.60221843 1.03764114 -0.07746357 -0.56465321 0.82084525 -0.03713795
1779396307.43335104 0.14729525 2.59981178 1.02529264 -0.07759195 -0.56496890 0.82060198 -0.03744367
1779396307.46668482 0.14594753 2.59820963 1.01293249 -0.07686879 -0.56489422 0.82077120 -0.03633665
1779396307.50001884 0.14816344 2.59774527 1.00740015 -0.07606683 -0.56472660 0.82099843 -0.03548641
1779396307.53335285 0.15159978 2.59696603 1.00287588 -0.07516648 -0.56461064 0.82120649 -0.03441988
1779396307.56668711 0.15538723 2.59634731 0.99775102 -0.07457213 -0.56454667 0.82136496 -0.03294920
1779396307.60002089 0.16057083 2.59515960 0.99273541 -0.07402876 -0.56448389 0.82152287 -0.03127057
1779396307.63335538 0.15028031 2.59538354 0.98554089 -0.07158736 -0.56437102 0.82186109 -0.03008228
1779396307.66668868 0.15229625 2.59504615 0.97858749 -0.07054818 -0.56427654 0.82206968 -0.02857227
1779396307.70002317 0.15788596 2.59400480 0.97387551 -0.06957649 -0.56432447 0.82218898 -0.02650065
1779396307.73335767 0.16354636 2.59353841 0.96745280 -0.06841140 -0.56405892 0.82253796 -0.02426348
1779396307.76668024 0.16827544 2.59236351 0.95857048 -0.06710031 -0.56356486 0.82304405 -0.02215139
1779396307.80009604 0.17393061 2.59196060 0.94985069 -0.06514319 -0.56298635 0.82365910 -0.01970858
1779396307.83351278 0.18075246 2.59166278 0.93989227 -0.06306557 -0.56231998 0.82433615 -0.01699678
1779396307.86693001 0.18733453 2.59022578 0.93174321 -0.06102036 -0.56181894 0.82488752 -0.01402016
1779396307.90034795 0.19319991 2.58888999 0.92267738 -0.05892761 -0.56124081 0.82547605 -0.01120656
1779396307.93376660 0.19908102 2.58774963 0.91490740 -0.05687751 -0.56085911 0.82590962 -0.00867786
1779396307.96718574 0.18743442 2.59137831 0.91213268 -0.05386759 -0.56111664 0.82595723 -0.00640716
1779396308.00060582 0.19558865 2.58997467 0.90688159 -0.05163660 -0.56083122 0.82631085 -0.00351859
1779396308.03402638 0.20252379 2.58843853 0.90104609 -0.04909182 -0.56077517 0.82651122 -0.00064695
1779396308.06744742 0.20882905 2.58716888 0.89526239 -0.04612290 -0.56065245 0.82676187 0.00251321
1779396308.10086918 0.21334669 2.58303881 0.88890366 -0.04260111 -0.56057020 0.82698683 0.00624357
1779396308.13429070 0.22089238 2.58085926 0.88320021 -0.03922405 -0.56063994 0.82707195 0.00981429
1779396308.16771388 0.22863554 2.57915211 0.87805927 -0.03576195 -0.56068542 0.82714918 0.01331113
1779396308.20113802 0.23625624 2.57758837 0.87508529 -0.03206434 -0.56102894 0.82700731 0.01665303
1779396308.23456216 0.23101228 2.57333704 0.86695209 -0.02694356 -0.56131653 0.82692888 0.01965778
1779396308.26798749 0.23664860 2.57341297 0.86239785 -0.02127559 -0.56180561 0.82665728 0.02365471
1779396308.30141354 0.24650185 2.57266162 0.85645229 -0.01431862 -0.56212769 0.82644222 0.02829661
1779396308.33483982 0.26020782 2.57255566 0.84974690 -0.00690599 -0.56229285 0.82622011 0.03375492
1779396308.36826682 0.27355263 2.56618920 0.84325752 0.00035587 -0.56257342 0.82579796 0.03960756
1779396308.40169454 0.29256638 2.56309299 0.84006870 0.00800779 -0.56337949 0.82485802 0.04635384
1779396308.43512297 0.31385085 2.55924545 0.83792561 0.01596595 -0.56441812 0.82359769 0.05351745
1779396308.46855259 0.34149082 2.55337238 0.83776516 0.02359270 -0.56585201 0.82186932 0.06152812
1779396308.50198197 0.36952292 2.54527558 0.84166570 0.03048044 -0.56774549 0.81964535 0.07012490
1779396308.53541231 0.40529735 2.53689173 0.84169983 0.03699692 -0.56936525 0.81737919 0.07965990
1779396308.56884265 0.43833546 2.52842912 0.84352994 0.04311853 -0.57136841 0.81475981 0.08857417
1779396308.60227442 0.46255032 2.51697865 0.84160748 0.05006355 -0.57315501 0.81214150 0.09702142
1779396308.63570642 0.48660127 2.51224748 0.83593469 0.05787140 -0.57372160 0.81033325 0.10418468
1779396308.66913986 0.50539640 2.51310167 0.81695163 0.06576270 -0.57214158 0.81002095 0.11043249
1779396308.70257354 0.52882191 2.51318948 0.79659540 0.07154363 -0.57031406 0.80990198 0.11697076
1779396308.73600745 0.54582132 2.51232468 0.78099273 0.07669767 -0.56911186 0.80936657 0.12310534
1779396308.76946425 0.57268555 2.50855097 0.77009245 0.07929506 -0.56860487 0.80850928 0.12928086
1779396308.80276084 0.60102382 2.50263667 0.76032406 0.08009481 -0.56851798 0.80749397 0.13537216
1779396308.83605695 0.62803090 2.49833792 0.75093935 0.08046398 -0.56884557 0.80627464 0.14093071
1779396308.86935258 0.65129495 2.49317152 0.74168181 0.08031860 -0.56898410 0.80540411 0.14536243
1779396308.90264773 0.66930338 2.48818927 0.73478221 0.07959674 -0.56938814 0.80464225 0.14836561
1779396308.93594241 0.66570967 2.47329246 0.73360360 0.07964646 -0.56884448 0.80471927 0.14999765
1779396308.96923685 0.67200391 2.47250707 0.73065202 0.07903201 -0.56898633 0.80450765 0.15091702
1779396309.00253010 0.67481733 2.47507998 0.71762493 0.07964327 -0.56793898 0.80515918 0.15106610
1779396309.03582406 0.67407040 2.47961417 0.70253421 0.08102817 -0.56639787 0.80619742 0.15057759
1779396309.06911707 0.69223007 2.49526993 0.68721670 0.08130719 -0.56593028 0.80659613 0.15004911
1779396309.10240984 0.68960061 2.50067613 0.67256381 0.08288998 -0.56450608 0.80765390 0.14885333
1779396309.13570237 0.68736564 2.50463861 0.66026409 0.08399394 -0.56344240 0.80851818 0.14756705
1779396309.16899443 0.68240389 2.50894069 0.64758909 0.08537331 -0.56222501 0.80951932 0.14592090
1779396309.20228648 0.68068836 2.51134557 0.63505626 0.08630025 -0.56095564 0.81052383 0.14467947
1779396309.23557734 0.68045950 2.51395043 0.62115083 0.08707909 -0.55959522 0.81155448 0.14370021
1779396309.26886845 0.68156259 2.51576630 0.60810972 0.08788701 -0.55854352 0.81231446 0.14300427
1779396309.30215907 0.64346543 2.49377167 0.59461688 0.09395417 -0.55517518 0.81396817 0.14285989
1779396309.33544922 0.64118318 2.49522569 0.58464229 0.09776013 -0.55443189 0.81395930 0.14324275
1779396309.36873865 0.64401388 2.49559410 0.57012200 0.10149158 -0.55346448 0.81389382 0.14475279
1779396309.40202808 0.65176635 2.49412118 0.55747760 0.10476376 -0.55247611 0.81364472 0.14757020
1779396309.43531680 0.68135229 2.49063323 0.54056009 0.10557558 -0.55168409 0.81353164 0.15054808
1779396309.46860480 0.69693829 2.48724639 0.52565383 0.10719025 -0.55066005 0.81339265 0.15387058
1779396309.50189281 0.74434669 2.50651646 0.51272289 0.10530738 -0.55216617 0.81195779 0.15731313
1779396309.53518009 0.72513060 2.47882739 0.49501556 0.11183236 -0.54843748 0.81290048 0.16094307
1779396309.56846786 0.76066400 2.48507314 0.47895162 0.11208762 -0.54838434 0.81207828 0.16504499
1779396309.60175467 0.76718866 2.46016278 0.45671165 0.11783825 -0.54473167 0.81243596 0.17125817
1779396309.63504124 0.78554300 2.45704206 0.43704116 0.12180211 -0.54317096 0.81153154 0.17761225
1779396309.66832733 0.81112925 2.45003289 0.41976226 0.12424523 -0.54149124 0.81078760 0.18431993
1779396309.70161295 0.83456858 2.44354322 0.39621294 0.12650994 -0.53909199 0.81051230 0.19090541
1779396309.73489833 0.86093713 2.43334082 0.36506591 0.12747075 -0.53593622 0.81104843 0.19678420
1779396309.76818180 0.88293958 2.42677597 0.34194802 0.12888605 -0.53356581 0.81088697 0.20287494
1779396309.80147862 0.90413144 2.42003117 0.32406524 0.13005963 -0.53205024 0.81023100 0.20864505
1779396309.83477449 0.92435257 2.41234527 0.31366884 0.13055147 -0.53200800 0.80888210 0.21362013
1779396309.86806965 0.94526614 2.40312231 0.30409761 0.13018990 -0.53202075 0.80762913 0.21849415
1779396309.90136409 0.96327148 2.39533760 0.29104706 0.12925995 -0.53112980 0.80719904 0.22276156
1779396309.93465877 0.99202484 2.38374427 0.27128100 0.12598213 -0.52877024 0.80843458 0.22575222
1779396309.96795273 1.00404491 2.37926298 0.25427981 0.12376754 -0.52661805 0.80951897 0.22810974
1779396310.00124693 1.01020647 2.37531004 0.23987914 0.12119078 -0.52468659 0.81080209 0.22938341
1779396310.03454018 1.01748486 2.37174215 0.23203925 0.11816376 -0.52367641 0.81163833 0.23031186
1779396310.06783295 1.01878690 2.36793393 0.22793657 0.11584807 -0.52348021 0.81208428 0.23036235
1779396310.10112572 1.01913490 2.38943038 0.23189773 0.11345974 -0.52506640 0.81152217 0.22992156
1779396310.13441825 1.01861756 2.36454118 0.22511597 0.11279030 -0.52388044 0.81252720 0.22940614
1779396310.16771007 1.01794253 2.36317550 0.22529367 0.11180989 -0.52423097 0.81255537 0.22898517
1779396310.20100164 1.01490547 2.36212247 0.22470486 0.11143174 -0.52456521 0.81255330 0.22841070
1779396310.23429275 1.02698541 2.35589193 0.20805547 0.10927079 -0.52405638 0.81322212 0.22824240
1779396310.26758361 1.02715731 2.35566986 0.20780394 0.10849127 -0.52414655 0.81341551 0.22771749
1779396310.30087376 1.02275434 2.35598373 0.20469382 0.10818062 -0.52409986 0.81378005 0.22666784
1779396310.33416271 1.01666946 2.35648105 0.20442747 0.10823424 -0.52453207 0.81391703 0.22514557
1779396310.36745238 1.00309441 2.35827488 0.20570788 0.10943273 -0.52533960 0.81370778 0.22343329
1779396310.40074134 0.99918382 2.35770681 0.20825040 0.10967941 -0.52640005 0.81327265 0.22239829
1779396310.43403029 0.99782203 2.35802012 0.21141562 0.10983019 -0.52792239 0.81250117 0.22153358
1779396310.46731830 0.99768841 2.35622100 0.21066763 0.10997140 -0.52890502 0.81186241 0.22146149
1779396310.50060630 1.00129809 2.35456007 0.20630710 0.10978557 -0.52963412 0.81127047 0.22197984
1779396310.53389406 1.00932214 2.35116663 0.19779647 0.10895059 -0.52959962 0.81098615 0.22350724
1779396310.56718087 1.01600292 2.34899585 0.18113231 0.10883736 -0.52832242 0.81133110 0.22532577
1779396310.60046792 1.02104475 2.34686752 0.16204202 0.10929127 -0.52627299 0.81199099 0.22751438
1779396310.63375449 1.02923835 2.34233090 0.14277669 0.10925011 -0.52442210 0.81242286 0.23024980
1779396310.66704011 1.03807512 2.33633621 0.12567663 0.10890414 -0.52290283 0.81264131 0.23308073
1779396310.70032549 1.04694542 2.32842503 0.11419424 0.10872237 -0.52246942 0.81214669 0.23584508
1779396310.73361087 1.05330159 2.32144045 0.10779646 0.10897582 -0.52281916 0.81121325 0.23815428
1779396310.76689553 1.03984582 2.29994024 0.10594540 0.11137213 -0.52209686 0.81061500 0.24065418
1779396310.80018997 1.04867584 2.29442025 0.10564587 0.11189484 -0.52275290 0.80938765 0.24310614
1779396310.83348513 1.05365614 2.28942013 0.09729030 0.11266939 -0.52245256 0.80878167 0.24539995
1779396310.86678028 1.05830307 2.28425499 0.08733203 0.11349217 -0.52194990 0.80827653 0.24774358
1779396310.90007424 1.06187458 2.27938979 0.06484800 0.11437780 -0.52128788 0.80760205 0.25090955
1779396310.93336844 1.06759128 2.27292977 0.04922583 0.11494761 -0.51991473 0.80740958 0.25409742
1779396310.96666193 1.07285922 2.26721958 0.03204060 0.11590863 -0.51836173 0.80725620 0.25730086
1779396310.99995542 1.07705433 2.25825139 0.01413517 0.11679497 -0.51633684 0.80723174 0.26102130
1779396311.03324795 1.07516508 2.25307903 -0.00046825 0.11797763 -0.51469476 0.80706517 0.26422791
1779396311.06654048 1.08493156 2.24462012 -0.01361382 0.11818186 -0.51358537 0.80651184 0.26795850
1779396311.09983253 1.09217456 2.23645286 -0.02886665 0.11871529 -0.51241786 0.80595977 0.27159430
1779396311.13312387 1.10176146 2.22752653 -0.04495994 0.11875303 -0.51096679 0.80547876 0.27570751
1779396311.16641521 1.10748952 2.21935995 -0.06132309 0.11931544 -0.50962287 0.80485002 0.27975849
1779396311.19970608 1.10617898 2.21349335 -0.07984011 0.12058690 -0.50795445 0.80481190 0.28234533
1779396311.23299527 1.11074831 2.20644421 -0.09310570 0.12139572 -0.50674091 0.80448591 0.28509498
1779396311.26628518 1.11264028 2.20033581 -0.10640130 0.12240540 -0.50561181 0.80416032 0.28757573
1779396311.29957461 1.11325199 2.19627707 -0.11795430 0.12336728 -0.50490537 0.80378440 0.28945073
1779396311.33286381 1.11016632 2.19117088 -0.12708281 0.12455967 -0.50449659 0.80318984 0.29129738
1779396311.36615252 1.11150748 2.17765855 -0.13667165 0.12468876 -0.50386509 0.80290563 0.29311301
1779396311.39944100 1.10840575 2.17449924 -0.14153360 0.12575214 -0.50404071 0.80234327 0.29389564
1779396311.43272924 1.10384730 2.17262240 -0.14381192 0.12733783 -0.50460452 0.80163940 0.29416599
1779396311.46601629 1.09780818 2.17117487 -0.14605852 0.12914495 -0.50527268 0.80086672 0.29433586
1779396311.49930382 1.09061699 2.17033728 -0.15102649 0.13157217 -0.50535875 0.80033200 0.29456745
1779396311.53259039 1.07526963 2.16684002 -0.15970711 0.13466687 -0.50441284 0.80009935 0.29542097
1779396311.56587696 1.07386731 2.16434563 -0.16891309 0.13673480 -0.50353036 0.79977119 0.29686162
1779396311.59916282 1.07380744 2.15928429 -0.17908349 0.13943734 -0.50298735 0.79869286 0.29941721
1779396311.63244820 1.07402136 2.15499089 -0.19392663 0.14203439 -0.50145167 0.79812610 0.30227006
1779396311.66573215 1.07339913 2.15100541 -0.21217570 0.14526843 -0.49934499 0.79754737 0.30572841
1779396311.69901681 1.07347283 2.14751269 -0.23229044 0.14892146 -0.49704599 0.79664860 0.31003014
1779396311.73230147 1.07388542 2.14535272 -0.25100019 0.15269325 -0.49533641 0.79534867 0.31424051
1779396311.76558447 1.07353156 2.14446893 -0.26608855 0.15700657 -0.49449546 0.79338555 0.31837486
1779396311.79892302 1.07477603 2.14329278 -0.27782383 0.16103799 -0.49409552 0.79127375 0.32221459
1779396311.83226228 1.07260089 2.14346117 -0.28547539 0.16566773 -0.49425620 0.78894293 0.32532148
1779396311.86560082 1.08320217 2.12347377 -0.31163190 0.16759103 -0.49123790 0.78887194 0.32905873
1779396311.89894009 1.07771011 2.12521911 -0.32388116 0.17232935 -0.49043819 0.78732634 0.33149693
1779396311.93227935 1.06969890 2.12615379 -0.33433904 0.17716289 -0.48938284 0.78602634 0.33358709
1779396311.96561885 1.06669074 2.12603003 -0.34583529 0.18070071 -0.48830095 0.78482433 0.33609553
1779396311.99895835 1.07026079 2.12083539 -0.35749593 0.18265960 -0.48751029 0.78365726 0.33889600
1779396312.03229809 1.07368659 2.11669015 -0.36936206 0.18366645 -0.48663367 0.78288168 0.34139505
1779396312.06563807 1.08032748 2.11145561 -0.37955582 0.18398387 -0.48591437 0.78226411 0.34365684
1779396312.09897804 1.08782028 2.10633322 -0.38839396 0.18377701 -0.48572732 0.78136020 0.34607979
1779396312.13231730 1.12498656 2.09038364 -0.39920192 0.18111472 -0.48561709 0.78055807 0.34943184
1779396312.16565800 1.13047265 2.08021405 -0.41123185 0.18188588 -0.48424380 0.77998783 0.35219945
1779396312.19899845 1.13783721 2.07347001 -0.42618014 0.18353210 -0.48284756 0.77903079 0.35536634
1779396312.23233938 1.14538466 2.06666003 -0.44095020 0.18598278 -0.48157834 0.77751183 0.35912124
1779396312.26568007 1.15326894 2.05816720 -0.45512862 0.18842008 -0.48036892 0.77589609 0.36294467
1779396312.29902124 1.15941147 2.05233011 -0.47092862 0.19123562 -0.47904514 0.77439616 0.36640864
1779396312.33236241 1.17199526 2.04541396 -0.48279989 0.19283113 -0.47857428 0.77253432 0.37009936
1779396312.36570382 1.18588149 2.03644420 -0.49502282 0.19411056 -0.47788870 0.77064476 0.37423272
1779396312.39904523 1.21671661 2.02908219 -0.50643851 0.19333927 -0.47790360 0.76876864 0.37844795
1779396312.43238664 1.22570468 2.02161414 -0.51746827 0.19456383 -0.47688384 0.76747734 0.38171358
1779396312.46572876 1.23221147 2.01458758 -0.53250817 0.19618680 -0.47531759 0.76670846 0.38437230
1779396312.49907112 1.23897290 2.00736102 -0.54537278 0.19732419 -0.47389444 0.76602202 0.38690759
1779396312.53241277 1.25021248 1.99954325 -0.55439098 0.19734185 -0.47333584 0.76519329 0.38921537
1779396312.56575418 1.26384269 1.99030816 -0.56178143 0.19702223 -0.47324881 0.76405343 0.39171438
1779396312.59909701 1.27752984 1.98107250 -0.57157997 0.19683921 -0.47288444 0.76284488 0.39459134
1779396312.63243937 1.31392468 1.97704849 -0.58219167 0.19592527 -0.47372231 0.76135945 0.39690333
1779396312.66578245 1.32700636 1.95730095 -0.59378625 0.19722024 -0.47240323 0.76024440 0.39995977
1779396312.69912529 1.33344275 1.95142629 -0.60610552 0.20007470 -0.47161238 0.75843279 0.40290394
1779396312.73246861 1.33871405 1.94428357 -0.61981611 0.20261797 -0.47038799 0.75704146 0.40567145
1779396312.76581192 1.34336160 1.93797378 -0.63502243 0.20459246 -0.46881778 0.75622664 0.40801114
1779396312.79916930 1.35328796 1.92864982 -0.64986007 0.20569440 -0.46742114 0.75524719 0.41086370
1779396312.83255029 1.35913182 1.92153919 -0.66055673 0.20774417 -0.46678077 0.75366212 0.41346279
1779396312.86593103 1.36456741 1.91423425 -0.67085274 0.21063060 -0.46642034 0.75148069 0.41636954
1779396312.89931250 1.38977121 1.91140896 -0.67983167 0.21227221 -0.46719431 0.74894204 0.41923240
1779396312.93269444 1.39621176 1.89435286 -0.69537461 0.21489748 -0.46605985 0.74671552 0.42311135
1779396312.96607566 1.40565920 1.88475703 -0.70427685 0.21741998 -0.46627758 0.74374387 0.42680069
1779396312.99945688 1.41395708 1.87530512 -0.71249826 0.22033994 -0.46686894 0.74047475 0.43032644
1779396313.03283858 1.41897754 1.86533406 -0.72080986 0.22350907 -0.46718772 0.73736286 0.43367654
1779396313.06622076 1.42406017 1.85697925 -0.73074742 0.22661901 -0.46720679 0.73445767 0.43695945
1779396313.09960270 1.43028674 1.84767906 -0.73981137 0.22899016 -0.46738238 0.73164547 0.44024098
1779396313.13298535 1.43921319 1.83835323 -0.74669289 0.23062771 -0.46786359 0.72901713 0.44322517
1779396313.16636801 1.46583082 1.83053226 -0.74752154 0.23044479 -0.46972076 0.72642619 0.44560363
1779396313.19975066 1.47071066 1.82477123 -0.75014230 0.23136349 -0.47056513 0.72440936 0.44751589
1779396313.23313379 1.47762003 1.82179276 -0.75315681 0.23235971 -0.47175965 0.72250124 0.44882486
1779396313.26651716 1.48295326 1.81992127 -0.75424905 0.23387830 -0.47318140 0.72038487 0.44993994
1779396313.29990005 1.48719755 1.81931354 -0.75569761 0.23566713 -0.47460909 0.71824083 0.45092940
1779396313.33328342 1.48724708 1.81877585 -0.75991316 0.23761778 -0.47512175 0.71691276 0.45147891
1779396313.36666703 1.48827419 1.81831662 -0.76673253 0.23965095 -0.47504121 0.71584109 0.45218891
1779396313.40005112 1.49676301 1.81278380 -0.77360376 0.24103198 -0.47479532 0.71485892 0.45326560
1779396313.43343449 1.49369109 1.81493271 -0.77922106 0.24346129 -0.47465868 0.71373842 0.45387576
1779396313.50020218 1.49132792 1.81363541 -0.79710444 0.24803355 -0.47424624 0.71187920 0.45475033
1779396313.53358650 1.48974915 1.81447054 -0.80160412 0.25029752 -0.47476525 0.71054143 0.45506043
1779396313.56697130 1.48988452 1.81477630 -0.80325685 0.25235003 -0.47610944 0.70874054 0.45533076
1779396313.60035563 1.48913427 1.81540061 -0.80836191 0.25454346 -0.47678865 0.70717806 0.45582825
1779396313.63374066 1.48832938 1.81388503 -0.81763799 0.25620776 -0.47698641 0.70548621 0.45730816
1779396313.66712570 1.48989444 1.80596276 -0.82969351 0.25758907 -0.47678150 0.70360402 0.45963972
1779396313.70051074 1.48806496 1.79517180 -0.84486452 0.25970169 -0.47575938 0.70168113 0.46244095
1779396313.73389626 1.48244557 1.78635964 -0.86135371 0.26192429 -0.47473770 0.69954642 0.46546170
1779396313.76728177 1.47758020 1.77744902 -0.87618476 0.26431730 -0.47363047 0.69730633 0.46858768
1779396313.80063653 1.47433812 1.76936305 -0.89129506 0.26650061 -0.47283281 0.69499327 0.47158342
1779396313.83397555 1.47216238 1.76139469 -0.90608663 0.26834943 -0.47250729 0.69245576 0.47458452
1779396313.86731529 1.46904084 1.75252379 -0.91975246 0.27032754 -0.47197874 0.68987593 0.47773454
1779396313.90065384 1.46674043 1.74521783 -0.93627136 0.27180368 -0.47129175 0.68747655 0.48102270
1779396313.93399382 1.47841153 1.73503961 -0.95785584 0.27245407 -0.47051405 0.68505548 0.48485492
1779396313.96733403 1.47789544 1.72584066 -0.98367540 0.27330534 -0.46845037 0.68342672 0.48865772
1779396314.00067425 1.47497042 1.71405048 -1.00961909 0.27395006 -0.46573889 0.68195638 0.49292408
1779396314.03401446 1.47258841 1.69762041 -1.03876751 0.27379419 -0.46267423 0.68073516 0.49756301
1779396314.06735492 1.47318863 1.68186889 -1.06565806 0.27290716 -0.45969325 0.67988200 0.50196042
1779396314.10069585 1.47037540 1.66710786 -1.08911458 0.27199387 -0.45682783 0.67965829 0.50536352
1779396314.13403654 1.46937744 1.65315466 -1.11051313 0.27050387 -0.45434403 0.67998956 0.50795015
1779396314.16737771 1.46054401 1.63413132 -1.13197021 0.26907804 -0.45146559 0.68050595 0.51057564
1779396314.20071888 1.45925493 1.61757883 -1.15141783 0.26739235 -0.44930692 0.68170010 0.51177104
1779396314.23406076 1.45820297 1.60765213 -1.16415901 0.26576359 -0.44816587 0.68242152 0.51265773
1779396314.26740241 1.46117340 1.59932387 -1.17296253 0.26405339 -0.44785464 0.68315980 0.51283011
1779396314.30074406 1.46110972 1.59107426 -1.18245351 0.26217327 -0.44710418 0.68423629 0.51301436
1779396314.33408499 1.46113967 1.58246981 -1.19207254 0.25998826 -0.44618221 0.68585795 0.51276350
1779396314.36742687 1.46140040 1.57488355 -1.19852702 0.25759718 -0.44563179 0.68774868 0.51191577
1779396314.40076923 1.45973138 1.57142818 -1.20385640 0.25581930 -0.44537703 0.68958054 0.51056289
1779396314.43411136 1.45410723 1.57166783 -1.20973545 0.25486088 -0.44447729 0.69193029 0.50864363
1779396314.46745443 1.44237348 1.56916748 -1.21602253 0.25458755 -0.44304019 0.69408940 0.50709021
1779396314.50079679 1.43713959 1.57111317 -1.22482719 0.25492563 -0.44194374 0.69594200 0.50533493
1779396314.53413987 1.42572827 1.57059631 -1.24115244 0.25636801 -0.43918872 0.69785320 0.50437052
1779396314.56748271 1.41166401 1.57468213 -1.26002803 0.25882688 -0.43611734 0.69952821 0.50345864
1779396314.60082626 1.40409637 1.57102217 -1.27656729 0.26033157 -0.43380155 0.70037825 0.50350174
1779396314.63416934 1.40248252 1.57251073 -1.28294034 0.26192404 -0.43411028 0.69963481 0.50344334
1779396314.66751289 1.40195498 1.57420201 -1.28686826 0.26302269 -0.43516928 0.69856418 0.50344299
1779396314.70085669 1.39211362 1.57962353 -1.28873215 0.26486695 -0.43586327 0.69789393 0.50280490
1779396314.73420095 1.39451980 1.58171152 -1.28836124 0.26571715 -0.43732335 0.69751884 0.50160756
1779396314.76754522 1.39916608 1.58427822 -1.28883231 0.26608303 -0.43855670 0.69750525 0.50035415
1779396314.80089259 1.40379358 1.58361861 -1.29214106 0.26620471 -0.43928223 0.69764524 0.49945699
1779396314.83427405 1.40929045 1.58245356 -1.29486530 0.26644160 -0.44006866 0.69758957 0.49871559
1779396314.86765623 1.41692983 1.58270376 -1.29594687 0.26659141 -0.44125434 0.69766458 0.49748142
1779396314.90103865 1.41956393 1.58668103 -1.29353803 0.26644172 -0.44256788 0.69761340 0.49646553
1779396314.93442082 1.43152033 1.58466148 -1.29061815 0.26499791 -0.44441767 0.69850178 0.49433217
1779396314.96780348 1.44588207 1.58918811 -1.28365174 0.26346098 -0.44675515 0.69975147 0.49126981
1779396315.00118613 1.46093092 1.59476162 -1.27510526 0.26185389 -0.44917305 0.70091491 0.48825649
1779396315.03456879 1.47452550 1.60320935 -1.26803969 0.26076142 -0.45151747 0.70211425 0.48494437
1779396315.06795192 1.48773000 1.60928874 -1.26302643 0.25971465 -0.45322302 0.70338223 0.48206912
1779396315.10133553 1.49977658 1.61352910 -1.26043522 0.25904109 -0.45456879 0.70436955 0.47971708
1779396315.13471866 1.50608370 1.61480567 -1.25987748 0.25862152 -0.45488634 0.70529680 0.47827790
1779396315.16810226 1.51400466 1.60695975 -1.26250281 0.25739268 -0.45477929 0.70663255 0.47706943
1779396315.20148587 1.52916413 1.60072555 -1.26466525 0.25537004 -0.45534761 0.70729924 0.47662615
1779396315.23486876 1.54751250 1.58926411 -1.27027297 0.25288413 -0.45554238 0.70756304 0.47737334
1779396315.26825285 1.56522305 1.57572830 -1.27690544 0.25070280 -0.45560113 0.70737554 0.47874373
1779396315.30163670 1.58034781 1.56510880 -1.28172494 0.24949421 -0.45594221 0.70666123 0.48010338
1779396315.33502150 1.59369868 1.55533484 -1.28583422 0.24862045 -0.45645645 0.70584392 0.48126889
1779396315.36840582 1.60680261 1.54888037 -1.28938643 0.24771664 -0.45657699 0.70526734 0.48246439
1779396315.40179086 1.62099243 1.53477531 -1.29731121 0.24649626 -0.45637672 0.70491409 0.48379336
1779396315.43517518 1.63198303 1.52370996 -1.30159031 0.24585796 -0.45684239 0.70381555 0.48527577
1779396315.46856022 1.64155332 1.51850817 -1.30274194 0.24603941 -0.45788390 0.70245306 0.48617553
1779396315.50194573 1.65102448 1.51088333 -1.30493005 0.24591740 -0.45881769 0.70126773 0.48706728
1779396315.53533101 1.66223779 1.50129433 -1.30682751 0.24522077 -0.45972030 0.70020309 0.48809799
1779396315.56871629 1.67325836 1.49570018 -1.30365020 0.24435570 -0.46117610 0.69949017 0.48818071
1779396315.60210204 1.68519680 1.49236655 -1.29758291 0.24335171 -0.46349214 0.69882029 0.48744762
1779396315.63548803 1.70592547 1.48581463 -1.29019796 0.24224538 -0.46611029 0.69858130 0.48584209
1779396315.66887307 1.71242898 1.49023261 -1.28494373 0.24283039 -0.46848058 0.69767376 0.48457267
1779396315.70225930 1.71689912 1.49404959 -1.28431470 0.24368400 -0.47016938 0.69650582 0.48418850
1779396315.73564553 1.72124756 1.49137986 -1.28658229 0.24409612 -0.47110193 0.69537317 0.48470218
1779396315.76903224 1.72645024 1.48909228 -1.28853159 0.24451809 -0.47214408 0.69395198 0.48551160
1779396315.80240798 1.73004854 1.48614548 -1.29046030 0.24479828 -0.47280335 0.69298564 0.48610873
1779396315.83574748 1.73356205 1.48416313 -1.29141876 0.24445621 -0.47293672 0.69312123 0.48595780
1779396315.86908698 1.74362412 1.47258394 -1.28778939 0.24226861 -0.47263633 0.69441630 0.48549647
1779396315.90242672 1.74663943 1.47365283 -1.28535585 0.24043284 -0.47235522 0.69682403 0.48322756
1779396315.93576694 1.74847272 1.47757596 -1.28159491 0.23851470 -0.47191912 0.69984536 0.48022866
1779396315.96910691 1.75034397 1.48231887 -1.27699729 0.23630037 -0.47164495 0.70310619 0.47681744
1779396316.00244689 1.75253709 1.48538310 -1.27435018 0.23403859 -0.47130032 0.70606474 0.47389295
1779396316.03578734 1.75419839 1.48725760 -1.27275249 0.23173873 -0.47084095 0.70889083 0.47125338
1779396316.06912804 1.75886508 1.48772327 -1.27118144 0.22915284 -0.47057885 0.71167415 0.46857703
1779396316.10246873 1.76557293 1.47217566 -1.27091271 0.22538070 -0.46951710 0.71490694 0.46654614
1779396316.13580894 1.76653033 1.47416212 -1.26788762 0.22280238 -0.46927927 0.71784939 0.46349576
1779396316.16914988 1.76957412 1.47451977 -1.26312920 0.21949936 -0.46932405 0.72097499 0.46016305
1779396316.20249128 1.77117075 1.47902479 -1.25521637 0.21669386 -0.46984866 0.72397755 0.45622638
1779396316.23583245 1.77280234 1.48174601 -1.24806887 0.21377427 -0.47042221 0.72692706 0.45230583
1779396316.26917386 1.77220535 1.48646249 -1.24392127 0.21209589 -0.47102066 0.72934571 0.44856404
1779396316.30251551 1.76855249 1.49056299 -1.24263547 0.21081944 -0.47111549 0.73128879 0.44589467
1779396316.33585787 1.75947727 1.49823171 -1.24548469 0.21087407 -0.47094257 0.73276302 0.44362548
1779396316.36919999 1.75712707 1.49936650 -1.24897841 0.21054983 -0.47114601 0.73366469 0.44207050
1779396316.40254188 1.75275821 1.50412344 -1.25212699 0.21103908 -0.47178255 0.73409331 0.44044381
1779396316.43588448 1.74420440 1.51049604 -1.25434482 0.21227065 -0.47250757 0.73417552 0.43893515
1779396316.46922708 1.73640739 1.51469461 -1.25818411 0.21349262 -0.47324996 0.73386173 0.43806659
1779396316.50257015 1.72770687 1.51878491 -1.26316330 0.21529304 -0.47407908 0.73297058 0.43778084
1779396316.53591251 1.71726214 1.52077605 -1.27207144 0.21712587 -0.47405402 0.73251594 0.43766374
1779396316.56925511 1.70063409 1.52441666 -1.28263350 0.21909826 -0.47331204 0.73219201 0.43802571
1779396316.60259819 1.69168068 1.52571106 -1.29184223 0.22019464 -0.47318019 0.73189100 0.43812144
1779396316.63594174 1.68338169 1.52688614 -1.29714672 0.22111436 -0.47346371 0.73151081 0.43798685
1779396316.66928530 1.67766257 1.52674167 -1.30473150 0.22149971 -0.47346286 0.73136506 0.43803648
1779396316.70262909 1.66947553 1.52645988 -1.31359045 0.22201896 -0.47304254 0.73139953 0.43817013
1779396316.73597288 1.65947853 1.52455552 -1.32217917 0.22280800 -0.47208293 0.73166827 0.43835584
1779396316.76931715 1.65143337 1.52078860 -1.33073675 0.22317098 -0.47117401 0.73174360 0.43902286
1779396316.80265212 1.64297712 1.51627150 -1.33964127 0.22395275 -0.47051074 0.73122901 0.44019194
1779396316.83595562 1.63172101 1.51078272 -1.34877204 0.22493860 -0.47030236 0.73029444 0.44146160
1779396316.86925888 1.62890451 1.50788498 -1.35239861 0.22561068 -0.47104044 0.72912103 0.44227056
1779396316.90256143 1.62240702 1.50559683 -1.35723408 0.22671763 -0.47125325 0.72825445 0.44290513
1779396316.93586421 1.61161461 1.50530852 -1.36321021 0.22824803 -0.47088243 0.72784835 0.44318096
1779396316.96916628 1.60537497 1.50601705 -1.36576088 0.22944024 -0.47135338 0.72708143 0.44332354
1779396317.00246716 1.60006082 1.51024179 -1.36291084 0.23049689 -0.47249533 0.72648325 0.44253976
1779396317.03576875 1.59479763 1.51373750 -1.35854583 0.23151291 -0.47365869 0.72609253 0.44140554
1779396317.06906962 1.58702510 1.51658226 -1.35304814 0.23220565 -0.47553676 0.72545204 0.44007348
1779396317.10237074 1.59315348 1.52295227 -1.34002844 0.23143952 -0.47903303 0.72466469 0.43797739
1779396317.13567114 1.60039944 1.52971658 -1.32291759 0.23023212 -0.48314328 0.72418700 0.43487807
1779396317.16897130 1.60458366 1.54281724 -1.30399285 0.22908342 -0.48686418 0.72460926 0.43061059
1779396317.20227146 1.61054667 1.55342295 -1.28589797 0.22690358 -0.48994074 0.72591662 0.42604917
1779396317.23557091 1.62127759 1.55752030 -1.26820441 0.22360339 -0.49285851 0.72708713 0.42241723
1779396317.26887012 1.63321867 1.55622793 -1.25257359 0.21954521 -0.49518774 0.72824784 0.41981435
1779396317.30216861 1.63658639 1.56123776 -1.23632782 0.21684487 -0.49698924 0.72910782 0.41759045
1779396317.33546734 1.64795312 1.56009733 -1.22418441 0.21350221 -0.49860106 0.73036971 0.41517932
1779396317.36876559 1.65813379 1.56106784 -1.21143320 0.21024651 -0.50015926 0.73180524 0.41242964
1779396317.40206313 1.66823393 1.56393341 -1.19564758 0.20682485 -0.50202675 0.73344665 0.40896043
1779396317.43536115 1.67997132 1.57172428 -1.17384255 0.20289507 -0.50479061 0.73530495 0.40416168
1779396317.46865702 1.69268926 1.58410571 -1.14454905 0.19889005 -0.50856270 0.73716560 0.39798694
1779396317.50195384 1.70670430 1.59773325 -1.11097422 0.19436965 -0.51275086 0.73946034 0.39051940
1779396317.53525019 1.71178641 1.60555118 -1.08825009 0.18958406 -0.51522458 0.74318531 0.38246190
1779396317.56854677 1.72884813 1.61272446 -1.05381931 0.18343460 -0.51762032 0.74738330 0.37395073
1779396317.60184264 1.74046449 1.62500370 -1.01826660 0.17742621 -0.51988277 0.75193938 0.36445714
1779396317.63513827 1.75356881 1.63750245 -0.98406473 0.17066052 -0.52185908 0.75679087 0.35469096
1779396317.66843319 1.76781982 1.64946568 -0.94982964 0.16343453 -0.52351903 0.76186830 0.34463558
1779396317.70172811 1.77955373 1.65936749 -0.92038093 0.15603685 -0.52421787 0.76707358 0.33533008
1779396317.73502278 1.79452496 1.66388492 -0.89488712 0.14729135 -0.52401885 0.77276600 0.32640804
1779396317.76831675 1.81375522 1.66538560 -0.86666960 0.13793808 -0.52391607 0.77812805 0.31780776
1779396317.80162311 1.81507204 1.69143394 -0.84349207 0.13238209 -0.52508855 0.78194140 0.30874689
1779396317.83496976 1.81810991 1.70149216 -0.81660764 0.12741317 -0.52611750 0.78540173 0.30018392
1779396317.86831617 1.82305884 1.71354399 -0.79365309 0.12244041 -0.52655042 0.78923625 0.29130593
1779396317.90166259 1.82652830 1.72534352 -0.77238683 0.11744871 -0.52634815 0.79315041 0.28297675
1779396317.93500972 1.82957457 1.73551665 -0.75638228 0.11332812 -0.52590674 0.79658289 0.27574360
1779396317.96835709 1.83146300 1.74657796 -0.74164294 0.11045336 -0.52590418 0.79926297 0.26907909
1779396318.00170493 1.83146280 1.75740547 -0.73026198 0.10834825 -0.52617005 0.80122651 0.26351817
1779396318.03505254 1.83307866 1.76691711 -0.71873565 0.10644201 -0.52653600 0.80300414 0.25809743
1779396318.06840086 1.84006912 1.79636215 -0.70325167 0.10440573 -0.52840755 0.80387255 0.25233672
1779396318.10174894 1.83922960 1.79632609 -0.70021104 0.10254972 -0.52773707 0.80590998 0.24796420
1779396318.13509774 1.84204074 1.80235957 -0.68912389 0.10017478 -0.52801587 0.80745690 0.24326446
1779396318.16844630 1.84606019 1.80655786 -0.67728956 0.09777877 -0.52846497 0.80871600 0.23904499
1779396318.20179534 1.84678314 1.81478229 -0.66310331 0.09544267 -0.52951848 0.80961479 0.23457359
1779396318.23514485 1.84873565 1.82124560 -0.64871125 0.09319540 -0.53058655 0.81041523 0.23026006
1779396318.26849413 1.85066876 1.82732108 -0.63397275 0.09124383 -0.53152527 0.81125381 0.22588207
1779396318.30184388 1.85281208 1.83357611 -0.62042283 0.08909372 -0.53204991 0.81242787 0.22123780
1779396318.33519292 1.85301059 1.83953655 -0.61029739 0.08687598 -0.53193599 0.81393363 0.21681492
1779396318.36854315 1.86594748 1.86027854 -0.58979959 0.08366253 -0.53357814 0.81474749 0.21090631
1779396318.40189338 1.86899029 1.86591917 -0.57337224 0.08042200 -0.53415604 0.81597314 0.20590641
1779396318.43524384 1.87085018 1.87585027 -0.55386274 0.07682088 -0.53462380 0.81726861 0.20086802
1779396318.46859503 1.87282016 1.88200116 -0.53128686 0.07221337 -0.53494575 0.81893791 0.19483063
1779396318.50194597 1.87338832 1.88964172 -0.50388335 0.06668351 -0.53532831 0.82087931 0.18744085
1779396318.53529739 1.87146438 1.89996303 -0.47033083 0.06019091 -0.53591575 0.82300333 0.17842892
1779396318.56864882 1.86977246 1.90970890 -0.43364019 0.05281662 -0.53633363 0.82525458 0.16885357
1779396318.60200071 1.86520061 1.92058503 -0.39418552 0.04587798 -0.53745215 0.82686654 0.15916069
1779396318.63535285 1.85892027 1.93745056 -0.35271092 0.03984541 -0.53931445 0.82775687 0.14956880
1779396318.66870499 1.85242329 1.95175135 -0.31588438 0.03404586 -0.54124006 0.82827742 0.14091346
1779396318.70205760 1.84311504 1.96703507 -0.28466950 0.02962719 -0.54273670 0.82879411 0.13288878
1779396318.73541021 1.83364830 1.97942124 -0.25772744 0.02545243 -0.54401357 0.82920542 0.12577672
1779396318.76876330 1.82598817 1.99177909 -0.23577006 0.02168818 -0.54494463 0.82958435 0.11981141
1779396318.80210257 1.81772103 2.00133542 -0.21642853 0.01761025 -0.54488756 0.83058622 0.11363956
1779396318.83541441 1.80866907 2.01219694 -0.19574119 0.01320881 -0.54434958 0.83190075 0.10700566
1779396318.86872530 1.79614572 2.02249109 -0.17928083 0.00894103 -0.54304691 0.83366693 0.10009780
1779396318.90203643 1.78147959 2.03885180 -0.15984066 0.00502608 -0.54283711 0.83464057 0.09315436
1779396318.93534684 1.77377238 2.04454727 -0.13694802 0.00064064 -0.54211916 0.83576598 0.08718734
1779396318.96865726 1.76042008 2.05552353 -0.12174497 -0.00284170 -0.54152322 0.83675272 0.08117520
1779396319.00196719 1.74882344 2.06803390 -0.10357447 -0.00623096 -0.54190822 0.83706359 0.07497465
1779396319.03527713 1.73438774 2.08013653 -0.08619253 -0.00916030 -0.54244803 0.83718622 0.06917692
1779396319.06858659 1.72105145 2.09110451 -0.06946560 -0.01241406 -0.54256427 0.83752003 0.06348304
1779396319.10189605 1.70947546 2.09885063 -0.05631298 -0.01591122 -0.54216604 0.83807851 0.05854250
1779396319.13520527 1.69855889 2.10679232 -0.04034533 -0.01937102 -0.54229740 0.83823629 0.05383512
1779396319.16851401 1.68159559 2.12059237 -0.02687879 -0.02193462 -0.54333852 0.83775547 0.04967797
1779396319.20182228 1.68487850 2.11402446 -0.01035386 -0.02694169 -0.54283639 0.83814560 0.04598654
1779396319.23512959 1.67663974 2.11802642 0.00498000 -0.03117472 -0.54265935 0.83834950 0.04146183
1779396319.26843762 1.66305550 2.12657526 0.02442418 -0.03532046 -0.54284288 0.83835602 0.03511770
1779396319.30174541 1.64500449 2.13769009 0.04986684 -0.03962900 -0.54392915 0.83771482 0.02836359
1779396319.33505297 1.62969938 2.14642657 0.07302852 -0.04387904 -0.54471430 0.83717770 0.02223667
1779396319.36835980 1.61811288 2.15363711 0.08694052 -0.04770563 -0.54416541 0.83744089 0.01734762
1779396319.40166664 1.60811534 2.15818399 0.09306277 -0.05094839 -0.54277012 0.83822534 0.01353271
1779396319.43497372 1.59047646 2.16596725 0.09183992 -0.05343232 -0.54125101 0.83910438 0.00980631
1779396319.46828008 1.57958123 2.17624782 0.09711572 -0.05610804 -0.53951949 0.84008876 0.00463495
1779396319.50158620 1.56347239 2.18479281 0.10537526 -0.05885604 -0.53821241 0.84075136 -0.00072341
1779396319.53489208 1.54872223 2.19167971 0.11856349 -0.06227948 -0.53734572 0.84103491 -0.00641303
1779396319.56819749 1.53801557 2.19875408 0.13150126 -0.06610470 -0.53650350 0.84122021 -0.01194682
1779396319.60150313 1.52410666 2.20558456 0.14390439 -0.06952054 -0.53564145 0.84140162 -0.01727553
1779396319.63480806 1.51252013 2.21157626 0.15834795 -0.07312033 -0.53528144 0.84120345 -0.02244891
1779396319.66811204 1.49894091 2.22043461 0.17061274 -0.07627298 -0.53492859 0.84098279 -0.02796038
1779396319.70141649 1.46560027 2.22844488 0.16723676 -0.07746342 -0.53435286 0.84106549 -0.03279155
1779396319.73472095 1.45064651 2.24231359 0.18177586 -0.07991875 -0.53442544 0.84054577 -0.03853901
1779396319.76802468 1.43037928 2.24992429 0.19279158 -0.08171007 -0.53425245 0.84021674 -0.04397296
1779396319.80134678 1.41195885 2.25829222 0.20297766 -0.08353442 -0.53419395 0.83977353 -0.04938874
1779396319.83470082 1.39483544 2.26620544 0.21190528 -0.08561441 -0.53369405 0.83955095 -0.05472701
1779396319.86805558 1.37820917 2.27505301 0.22201639 -0.08764196 -0.53329436 0.83922520 -0.06014211
1779396319.90141058 1.36334181 2.28224538 0.23634613 -0.08996160 -0.53348894 0.83848760 -0.06507696
1779396319.93476629 1.35385113 2.29034207 0.24826065 -0.09262175 -0.53305186 0.83813097 -0.06937869
1779396319.96812177 1.34347321 2.29050727 0.23960382 -0.09396837 -0.53092385 0.83906136 -0.07256623
1779396320.00147772 1.33540958 2.29806445 0.23455959 -0.09524129 -0.52870625 0.84005545 -0.07553570
1779396320.03483415 1.33278208 2.30581558 0.23019544 -0.09754788 -0.52613698 0.84111159 -0.07871202
1779396320.06819057 1.32783244 2.31102917 0.22974156 -0.10033373 -0.52436932 0.84159390 -0.08179043
1779396320.10154772 1.32066644 2.31861538 0.22810792 -0.10291405 -0.52239570 0.84214767 -0.08543261
1779396320.13490367 1.31240977 2.32659794 0.22300285 -0.10553979 -0.51940954 0.84325139 -0.08945491
1779396320.16826153 1.30240736 2.33343607 0.22232881 -0.10885182 -0.51652372 0.84406631 -0.09437476
1779396320.20161915 1.29183696 2.33875849 0.22575882 -0.11352789 -0.51382386 0.84443855 -0.10009990
1779396320.23497725 1.26968702 2.32574814 0.22122243 -0.11829040 -0.51032866 0.84521480 -0.10575440
1779396320.26833558 1.25602459 2.33224941 0.23207535 -0.12500080 -0.50749234 0.84501633 -0.11302091
1779396320.30169439 1.24294130 2.33978798 0.24919622 -0.13231658 -0.50557160 0.84405910 -0.12022443
1779396320.33505344 1.23162913 2.34593220 0.26598413 -0.13967983 -0.50384422 0.84290181 -0.12707119
1779396320.36841249 1.21665831 2.35582209 0.27210125 -0.14542634 -0.50086699 0.84252211 -0.13468454
1779396320.40177250 1.19870939 2.36636664 0.28033363 -0.15048556 -0.49873494 0.84158019 -0.14268967
1779396320.43513203 1.17830059 2.37584819 0.29441962 -0.15455389 -0.49826074 0.83976704 -0.15046809
1779396320.46849251 1.16726300 2.39340954 0.30976168 -0.15913763 -0.49842031 0.83733304 -0.15851117
1779396320.50185275 1.14322839 2.39527149 0.32320451 -0.16199318 -0.49728998 0.83615396 -0.16524965
1779396320.53521395 1.12570586 2.40364432 0.33470955 -0.16538381 -0.49673483 0.83443845 -0.17209060
1779396320.56857371 1.10215379 2.41270689 0.34953323 -0.16784653 -0.49735127 0.83237306 -0.17783236
1779396320.60193539 1.08559867 2.41943347 0.36489144 -0.17013853 -0.49829495 0.83025147 -0.18285930
1779396320.63529682 1.06767940 2.42659737 0.37922119 -0.17194926 -0.49933108 0.82805420 -0.18822371
1779396320.66865897 1.04999533 2.43358771 0.39236515 -0.17384742 -0.49988429 0.82609797 -0.19353271
1779396320.70202184 1.03234593 2.43970826 0.40820841 -0.17634251 -0.50049475 0.82390997 -0.19894898
1779396320.73538423 1.02888214 2.44550341 0.41883596 -0.18058753 -0.49993979 0.82169013 -0.20560563
1779396320.76874709 1.01096303 2.44860841 0.43256503 -0.18363985 -0.49926717 0.81970114 -0.21236464
1779396320.80209565 0.98878601 2.45650438 0.44730726 -0.18704610 -0.49842608 0.81756222 -0.21949311
1779396320.83549309 0.96851920 2.46352209 0.45967084 -0.19016152 -0.49753730 0.81556582 -0.22615840
1779396320.86889076 0.94807799 2.46939466 0.47294372 -0.19302722 -0.49673401 0.81361482 -0.23243654
1779396320.90228844 0.92877894 2.47427927 0.48295101 -0.19552993 -0.49576463 0.81190103 -0.23833210
1779396320.93568683 0.91398680 2.47660768 0.49027015 -0.19841672 -0.49416347 0.81045920 -0.24410890
1779396320.96908498 0.89958576 2.48141331 0.49823736 -0.20152194 -0.49257776 0.80904599 -0.24940055
1779396321.00248289 0.88176419 2.49622531 0.50318437 -0.20518230 -0.49209222 0.80677454 -0.25467687
1779396321.03588152 0.86735169 2.49900649 0.51390065 -0.20907057 -0.49079775 0.80482953 -0.26010862
1779396321.06928110 0.85440983 2.50589941 0.52872054 -0.21318893 -0.48958349 0.80250073 -0.26617865
1779396321.10268068 0.83571329 2.50915914 0.54120746 -0.21698401 -0.48829142 0.80032980 -0.27195888
1779396321.13608050 0.81826153 2.51154847 0.55651115 -0.22154431 -0.48719225 0.79780493 -0.27761327
1779396321.16948104 0.79867340 2.51336805 0.57464947 -0.22600301 -0.48655325 0.79485364 -0.28354235
1779396321.20288134 0.77460043 2.51424853 0.59200178 -0.23098396 -0.48538129 0.79174584 -0.29015503
1779396321.23628211 0.75170495 2.51608975 0.60858396 -0.23628761 -0.48384819 0.78863706 -0.29683443
1779396321.26968360 0.72350736 2.51900122 0.62787879 -0.24159461 -0.48247136 0.78501874 -0.30430084
1779396321.30308485 0.69259382 2.52065228 0.64835211 -0.24719784 -0.48111162 0.78101023 -0.31216639
1779396321.33648682 0.66379263 2.52802264 0.66452693 -0.25327271 -0.48030839 0.77636848 -0.32001370
1779396321.36988878 0.63518773 2.52832369 0.69057740 -0.25863576 -0.48050303 0.77187297 -0.32624607
1779396321.40329099 0.60839542 2.52851205 0.71487115 -0.26316169 -0.48098172 0.76743655 -0.33233064
1779396321.47009563 0.55910744 2.53358051 0.74818413 -0.26964493 -0.48171928 0.76024309 -0.34244503
1779396321.50349903 0.53650396 2.53646061 0.75989926 -0.27173978 -0.48197713 0.75723482 -0.34706046
1779396321.53690267 0.51691171 2.54064135 0.76883112 -0.27355632 -0.48159753 0.75479683 -0.35144347
1779396321.57030678 0.49464653 2.54473870 0.77328362 -0.27494839 -0.48033724 0.75292406 -0.35606865
1779396321.60371089 0.48152911 2.54735999 0.76509432 -0.27665711 -0.47782544 0.75142554 -0.36125247
1779396321.63711524 0.45534496 2.55776653 0.76405849 -0.27853199 -0.47601362 0.74930842 -0.36656221
1779396321.67052007 0.42982491 2.56258256 0.76208095 -0.28069584 -0.47350135 0.74732150 -0.37217856
1779396321.70392537 0.40729784 2.56655871 0.76518723 -0.28386612 -0.47113688 0.74486324 -0.37766231
1779396321.73733091 0.38184782 2.57110036 0.76398661 -0.28684203 -0.46870681 0.74234771 -0.38334769
1779396321.77073598 0.35191961 2.57659461 0.75937063 -0.28864187 -0.46633396 0.73984186 -0.38968260
1779396321.80415130 0.32457737 2.58250202 0.75378969 -0.28954159 -0.46418780 0.73778904 -0.39542722
1779396321.83746290 0.29896043 2.58795116 0.74734678 -0.28952961 -0.46261025 0.73601595 -0.40055572
1779396321.87077403 0.27633506 2.59211999 0.74216937 -0.29007766 -0.46103558 0.73426681 -0.40515848
1779396321.90408373 0.24758344 2.58255239 0.74540024 -0.28937357 -0.45942633 0.73299003 -0.40977554
1779396321.93739462 0.21841951 2.59853415 0.74750912 -0.29088113 -0.45990869 0.73042797 -0.41273132
1779396321.97070479 0.19498172 2.60232658 0.74381293 -0.29187878 -0.45837053 0.72867150 -0.41682260
1779396322.00401473 0.17210604 2.60733008 0.73845736 -0.29357830 -0.45595740 0.72707393 -0.42104411
1779396322.03732443 0.14801942 2.61196245 0.73149977 -0.29624591 -0.45269024 0.72545725 -0.42546643
1779396322.07063413 0.12452210 2.61711570 0.72155341 -0.29924431 -0.44888068 0.72389107 -0.43004732
1779396322.10394311 0.09888037 2.62170167 0.71340753 -0.30248459 -0.44526165 0.72190340 -0.43485702
1779396322.13725185 0.07279150 2.62481757 0.70910181 -0.30618032 -0.44228793 0.71937286 -0.43947433
1779396322.17056060 0.04832917 2.62727325 0.70889524 -0.31025699 -0.43990050 0.71660707 -0.44351151
1779396322.20386934 0.02758371 2.62224914 0.71164413 -0.31406449 -0.43696416 0.71395512 -0.44798873
1779396322.23717713 0.00500644 2.62484334 0.70985266 -0.31716932 -0.43516284 0.71148583 -0.45146963
1779396322.27048540 -0.01554472 2.62881517 0.70880077 -0.32053317 -0.43322160 0.70934145 -0.45432614
1779396322.30379272 -0.03230125 2.63202891 0.70417924 -0.32400371 -0.43135819 0.70752329 -0.45646742
1779396322.33709908 -0.04892474 2.63603855 0.70118799 -0.32771727 -0.42892845 0.70553726 -0.45917204
1779396322.37040615 -0.07051330 2.63461985 0.69689163 -0.33121739 -0.42642889 0.70331927 -0.46238020
1779396322.40371346 -0.09407875 2.63499411 0.69431628 -0.33560411 -0.42347789 0.70045101 -0.46626681
1779396322.43702006 -0.11917791 2.63493029 0.69278797 -0.34015068 -0.42091415 0.69719155 -0.47016246
1779396322.47032619 -0.14217495 2.63534584 0.68999035 -0.34442861 -0.41822065 0.69424094 -0.47380369
1779396322.50363231 -0.16463966 2.63539880 0.68601612 -0.34851168 -0.41554143 0.69134856 -0.47739092
1779396322.53693795 -0.18578723 2.63616775 0.68121742 -0.35223003 -0.41262226 0.68887664 -0.48075550
1779396322.57024336 -0.20469536 2.62967689 0.67797433 -0.35583535 -0.40919961 0.68650708 -0.48440160
1779396322.60354853 -0.22346154 2.62947070 0.66932099 -0.35986510 -0.40728507 0.68293104 -0.48807906
1779396322.63685369 -0.25026716 2.62566000 0.66809712 -0.36378844 -0.40499749 0.67936083 -0.49204051
1779396322.67015839 -0.28157581 2.62197279 0.66442159 -0.36745903 -0.40300402 0.67510646 -0.49678254
1779396322.70346308 -0.31478350 2.61910065 0.66058811 -0.37152017 -0.40057610 0.67049903 -0.50193885
1779396322.73676705 -0.35398020 2.61517582 0.64980968 -0.37483765 -0.39745904 0.66567171 -0.50833475
1779396322.77007127 -0.39363644 2.60890095 0.63747699 -0.37895121 -0.39366842 0.66022032 -0.51529631
1779396322.80337334 -0.43554670 2.60187528 0.63029545 -0.38384749 -0.39085864 0.65381718 -0.52193268
1779396322.83668494 -0.47605889 2.58950888 0.62581864 -0.38882060 -0.38839801 0.64719519 -0.52830286
1779396322.86999631 -0.52208769 2.58057581 0.61705192 -0.39316661 -0.38567231 0.64044302 -0.53526594
1779396322.90330768 -0.56535702 2.57172145 0.60147698 -0.39629655 -0.38257674 0.63420688 -0.54255480
1779396322.93661809 -0.60489492 2.56405272 0.58846748 -0.40080126 -0.37954980 0.62777727 -0.54881326
1779396322.96992874 -0.64932994 2.55469195 0.57983603 -0.40643114 -0.37665082 0.62014878 -0.55530476
1779396323.00323892 -0.69212613 2.54628394 0.56771591 -0.41262114 -0.37348458 0.61199302 -0.56188754
1779396323.03654933 -0.73827925 2.53727713 0.55393201 -0.41903315 -0.37000043 0.60302248 -0.56909998
1779396323.06985903 -0.78434371 2.52755583 0.53756109 -0.42528425 -0.36646875 0.59393222 -0.57626251
1779396323.10316873 -0.83408603 2.51544016 0.51940770 0.43106494 0.36303327 -0.58405284 0.58418503
1779396323.13647771 -0.88481152 2.50245986 0.49588206 0.43600877 0.35922854 -0.57404222 0.59272822
1779396323.16978669 -0.93301959 2.48917201 0.47007657 0.44045816 0.35488728 -0.56443500 0.60121939
1779396323.20309567 -0.97617895 2.47650501 0.44139080 0.44509890 0.34997417 -0.55503083 0.60938152
1779396323.23640275 -1.01129672 2.45977835 0.42008384 0.45028741 0.34462325 -0.54627940 0.61648591
1779396323.26971149 -1.04230515 2.44061445 0.39119504 0.45528547 0.33899990 -0.53805753 0.62312784
1779396323.30301905 -1.07518209 2.43041626 0.36790149 0.46154605 0.33377039 -0.52882198 0.62922165
1779396323.33632684 -1.10385467 2.42000535 0.34147549 0.46821180 0.32820437 -0.51983000 0.63469392
1779396323.36963439 -1.13120860 2.40712684 0.31389725 0.47507509 0.32256085 -0.51028169 0.64021149
1779396323.40294147 -1.15674671 2.39511206 0.28710033 0.48199299 0.31694298 -0.50104639 0.64512202
1779396323.43624854 -1.17823680 2.38454791 0.26314419 0.48824932 0.31209030 -0.49248629 0.64936084
1779396323.46955514 -1.19451662 2.37553517 0.23986686 0.49448841 0.30753271 -0.48439447 0.65289114
1779396323.50286150 -1.21548100 2.36610602 0.21713196 0.50024097 0.30347464 -0.47619972 0.65642664
1779396323.53616762 -1.23789087 2.35163785 0.20203249 0.50506758 0.29924043 -0.46931911 0.65962222
1779396323.56947303 -1.25412694 2.33903720 0.17666211 0.50955684 0.29433145 -0.46172857 0.66372250
1779396323.60277891 -1.27313740 2.32792915 0.14457906 0.51318639 0.28984431 -0.45414459 0.66811878
1779396323.63608432 -1.29250811 2.31854088 0.11083972 0.51616915 0.28552742 -0.44720058 0.67235047
1779396323.66938829 -1.30468798 2.31104046 0.07079904 0.51844223 0.27989294 -0.44103089 0.67702980
1779396323.70269322 -1.31492643 2.30466319 0.03413301 0.52102301 0.27432446 -0.43510416 0.68115011
1779396323.73599792 -1.32436481 2.29765652 -0.00039050 0.52342324 0.26939894 -0.42920989 0.68500453
1779396323.76930189 -1.33440177 2.28908287 -0.03366905 0.52530793 0.26494012 -0.42343760 0.68888236
1779396323.80260825 -1.34459311 2.28075853 -0.06656990 0.52632214 0.26110809 -0.41786937 0.69295942
1779396323.83596206 -1.34366595 2.27043354 -0.08857697 0.52691614 0.25655472 -0.41386325 0.69660337
1779396323.86931610 -1.35339229 2.26283659 -0.10720872 0.52675592 0.25316742 -0.41130259 0.69947454
1779396323.90267086 -1.35431793 2.25819589 -0.12941982 0.52721925 0.24980167 -0.40892593 0.70172542
1779396323.93602586 -1.35269811 2.25479784 -0.15099109 0.52733629 0.24697680 -0.40692288 0.70379874
1779396323.96938133 -1.34985877 2.25149391 -0.17240129 0.52767266 0.24424766 -0.40494261 0.70563881
1779396324.00273681 -1.34754382 2.24778807 -0.19398229 0.52820377 0.24155652 -0.40264300 0.70748133
1779396324.03609228 -1.34624525 2.24413522 -0.21412655 0.52854103 0.23930992 -0.40021555 0.70936779
1779396324.06944847 -1.34436504 2.23996079 -0.24084918 0.52809293 0.23647483 -0.39789699 0.71195189
1779396324.10280514 -1.34624493 2.23236867 -0.26637247 0.52715683 0.23414612 -0.39515731 0.71493494
1779396324.13616061 -1.34894909 2.22399912 -0.28546014 0.52699001 0.23225056 -0.39155676 0.71765208
1779396324.16951776 -1.35249119 2.21736019 -0.30400848 0.52730839 0.23047989 -0.38829959 0.71975573
1779396324.20287490 -1.35272020 2.21196346 -0.32222328 0.52754279 0.22827309 -0.38560653 0.72173236
1779396324.23623252 -1.35113531 2.20699783 -0.34476762 0.52698764 0.22560537 -0.38356905 0.72405872
1779396324.26959038 -1.34960443 2.19866569 -0.36671864 0.52582116 0.22332019 -0.38177640 0.72655831
1779396324.30294871 -1.35063375 2.19267521 -0.38562262 0.52489326 0.22147692 -0.38033672 0.72854583
1779396324.33630705 -1.35370368 2.18492170 -0.40439999 0.52440329 0.22038187 -0.37847226 0.73019982
1779396324.36966610 -1.35237581 2.18000417 -0.41363313 0.52506684 0.21937136 -0.37634016 0.73112865
1779396324.40302491 -1.35780680 2.17820411 -0.41925657 0.52611511 0.21938714 -0.37408492 0.73152761
1779396324.43638468 -1.36185134 2.17488708 -0.42333164 0.52711683 0.21951665 -0.37235270 0.73165139
1779396324.46974421 -1.36080516 2.17424532 -0.42640763 0.52822095 0.21926519 -0.37155082 0.73133809
1779396324.50310421 -1.35866696 2.17331298 -0.42930467 0.52884148 0.21879949 -0.37115049 0.73123237
1779396324.53646445 -1.35540541 2.17475626 -0.43586772 0.52923067 0.21790695 -0.37105604 0.73126525
1779396324.56982422 -1.35413270 2.17377898 -0.44558008 0.52894442 0.21699833 -0.37066974 0.73193816
1779396324.60318470 -1.34478265 2.16374185 -0.46247125 0.52757571 0.21438534 -0.37023677 0.73391248
1779396324.63654590 -1.34985044 2.16016956 -0.47773743 0.52607364 0.21341835 -0.36904125 0.73587206
1779396324.66990757 -1.35467122 2.15694780 -0.49398293 0.52498140 0.21251363 -0.36800961 0.73742892
1779396324.70326924 -1.35807275 2.15404706 -0.50728195 0.52421486 0.21140353 -0.36710453 0.73874325
1779396324.73663139 -1.36000252 2.15183661 -0.51852120 0.52396425 0.21040105 -0.36601291 0.73974821
1779396324.76999354 -1.36399904 2.14931156 -0.52612303 0.52417095 0.20991598 -0.36521928 0.74013173
1779396324.80335784 -1.36575033 2.14799008 -0.53372894 0.52450247 0.20907991 -0.36482385 0.74032851
1779396324.83667731 -1.36920695 2.14708545 -0.53887187 0.52464990 0.20885492 -0.36492137 0.74023949
1779396324.86999607 -1.37065679 2.14621737 -0.53953452 0.52499169 0.20918198 -0.36529139 0.73972212
1779396324.90331507 -1.37431451 2.14722766 -0.53167779 0.52560178 0.21099174 -0.36595242 0.73844708
1779396324.93663406 -1.38328156 2.14291703 -0.52028771 0.52532507 0.21424463 -0.36781479 0.73678022
1779396324.96995211 -1.38639562 2.14449696 -0.50749085 0.52451550 0.21704214 -0.37051764 0.73518220
1779396325.00326943 -1.39189553 2.14643324 -0.49782622 0.52296349 0.22015018 -0.37341580 0.73389626
1779396325.03658795 -1.39687477 2.14738031 -0.49215211 0.52090211 0.22246969 -0.37623676 0.73322174
1779396325.06990552 -1.40117734 2.14913103 -0.49467471 0.51809782 0.22369359 -0.37941062 0.73320080
1779396325.10322332 -1.41633616 2.14213534 -0.51245270 0.51342219 0.22422860 -0.38322436 0.73434208
1779396325.13654137 -1.42082710 2.14261295 -0.52461022 0.50892630 0.22426107 -0.38756618 0.73518260
1779396325.16985846 -1.41800394 2.14549596 -0.53508089 0.50465254 0.22395754 -0.39229545 0.73571266
1779396325.20317554 -1.41951448 2.14848173 -0.54266481 0.50096472 0.22404619 -0.39682528 0.73577670
1779396325.23649240 -1.42164696 2.14833076 -0.54746156 0.49809218 0.22413772 -0.40085345 0.73551545
1779396325.26980901 -1.42398505 2.14992093 -0.55418386 0.49591068 0.22400619 -0.40419323 0.73520178
1779396325.30312562 -1.42816463 2.15005852 -0.56308635 0.49363910 0.22371452 -0.40690761 0.73532200
1779396325.33644223 -1.43355962 2.14990684 -0.57203010 0.49155314 0.22335331 -0.40931420 0.73549351
1779396325.36975861 -1.44343321 2.15054791 -0.58120886 0.48945337 0.22322388 -0.41209050 0.73538284
1779396325.40307450 -1.44453659 2.15110461 -0.58907160 0.48743623 0.22257950 -0.41495535 0.73530697
1779396325.43638992 -1.44862662 2.15102722 -0.59603305 0.48519653 0.22228518 -0.41799958 0.73515303
1779396325.46970487 -1.45400777 2.14824918 -0.59980755 0.48293152 0.22258273 -0.42100829 0.73483746
1779396325.50302005 -1.45361241 2.15316331 -0.59916671 0.48191070 0.22315811 -0.42383018 0.73371010
1779396325.53633523 -1.45899218 2.15258015 -0.59429636 0.48133644 0.22455423 -0.42605757 0.73236983
1779396325.56965017 -1.47461863 2.14153405 -0.58528666 0.47993510 0.22642653 -0.42846619 0.73130708
1779396325.60296512 -1.47773975 2.14497281 -0.57340837 0.48077786 0.22817107 -0.43040530 0.72906919
1779396325.63627958 -1.48061968 2.14888717 -0.55901506 0.48218131 0.23005310 -0.43221319 0.72647678
1779396325.66959429 -1.48667857 2.15131510 -0.54413672 0.48349853 0.23257247 -0.43338059 0.72409977
1779396325.70290828 -1.49292561 2.15564004 -0.52437445 0.48526342 0.23592195 -0.43452470 0.72114390
1779396325.73622227 -1.50119107 2.16143577 -0.49897179 0.48827943 0.24024193 -0.43464049 0.71760342
1779396325.76953602 -1.50895942 2.16726401 -0.47156599 0.49157701 0.24492147 -0.43418722 0.71403570
1779396325.80284929 -1.52009859 2.16922185 -0.45082541 0.49336808 0.24931253 -0.43379360 0.71151550
1779396325.83616853 -1.52201836 2.17232692 -0.44813770 0.49381244 0.25208318 -0.43282626 0.71081979
1779396325.86948752 -1.54383079 2.16007651 -0.44617473 0.49179357 0.25490997 -0.43306464 0.71106611
1779396325.90280485 -1.55496002 2.15501894 -0.44552638 0.49046767 0.25700703 -0.43287470 0.71134264
1779396325.93612361 -1.56186338 2.15094733 -0.44765462 0.48958481 0.25810002 -0.43301353 0.71147058
1779396325.96944165 -1.56584116 2.14934622 -0.44623147 0.48941588 0.25918556 -0.43326375 0.71103971
1779396326.00275946 -1.56691243 2.15204440 -0.44068696 0.49021920 0.26024012 -0.43381706 0.70976261
1779396326.03607774 -1.56719497 2.15501958 -0.43625284 0.49127135 0.26122836 -0.43441521 0.70830476
1779396326.06939507 -1.57668156 2.15140506 -0.43693969 0.49157197 0.26238036 -0.43480518 0.70743056
1779396326.10271239 -1.58027567 2.14948229 -0.44061812 0.49187171 0.26267808 -0.43487090 0.70707125
1779396326.13602972 -1.58140437 2.15039024 -0.44496920 0.49246245 0.26266330 -0.43471681 0.70676023
1779396326.16934657 -1.58642218 2.14446506 -0.45216877 0.49255428 0.26228967 -0.43435675 0.70705631
1779396326.20266390 -1.59062182 2.14089359 -0.46423108 0.49242969 0.26141499 -0.43375039 0.70783882
1779396326.23598051 -1.59379227 2.13686002 -0.48067478 0.49221872 0.25989472 -0.43306507 0.70896411
1779396326.26929665 -1.59954035 2.13105024 -0.49790727 0.49192463 0.25834181 -0.43189295 0.71044926
1779396326.30261278 -1.60527072 2.12427525 -0.51788020 0.49136131 0.25661911 -0.43057138 0.71226328
1779396326.33592820 -1.60515245 2.12257269 -0.54257202 0.49152497 0.25431400 -0.42871257 0.71409602
1779396326.36924410 -1.60964859 2.11552807 -0.56662558 0.49125661 0.25156795 -0.42696620 0.71629629
1779396326.40255928 -1.61699372 2.10336298 -0.58961057 0.49081457 0.24897566 -0.42506466 0.71863218
1779396326.43587494 -1.62263991 2.09575415 -0.61335033 0.49080725 0.24684074 -0.42229794 0.72100093
1779396326.46919036 -1.62663631 2.08798346 -0.63497132 0.49078429 0.24494549 -0.42012130 0.72293193
1779396326.50250506 -1.63157826 2.07970531 -0.65605335 0.49056869 0.24348797 -0.41806511 0.72476032
1779396326.53582025 -1.63585373 2.07240742 -0.67795310 0.48999490 0.24189629 -0.41660706 0.72651892
1779396326.56913471 -1.63999151 2.06462554 -0.69732803 0.48906530 0.24074595 -0.41567613 0.72805898
1779396326.60244894 -1.64465772 2.05704820 -0.71144571 0.48845343 0.24025389 -0.41477595 0.72914486
1779396326.63576341 -1.64938755 2.05103975 -0.72436944 0.48817662 0.23987210 -0.41388088 0.72996410
1779396326.66907763 -1.65548765 2.04514010 -0.73773544 0.48841307 0.23932410 -0.41276510 0.73061728
1779396326.70239115 -1.66006468 2.03825219 -0.75248000 0.48898788 0.23821464 -0.41111513 0.73152511
1779396326.73570490 -1.66025894 2.03077768 -0.77158790 0.48921838 0.23617290 -0.40930488 0.73304655
1779396326.76901841 -1.66088842 2.02319600 -0.79423394 0.48952908 0.23358990 -0.40751291 0.73466337
1779396326.80233049 -1.66127690 2.01698276 -0.81331390 0.49014189 0.23135478 -0.40560135 0.73601864
1779396326.83564949 -1.65846930 2.01167610 -0.83098005 0.49077865 0.22920712 -0.40390743 0.73719685
1779396326.86896729 -1.65870187 2.00595115 -0.84771161 0.49110401 0.22741358 -0.40249447 0.73830761
1779396326.90228534 -1.65902673 1.99863032 -0.86760670 0.49102248 0.22553157 -0.40097185 0.73976619
1779396326.93560338 -1.65912617 1.99173426 -0.88961187 0.49072668 0.22329558 -0.39964436 0.74135740
1779396326.96892095 -1.65694588 1.98621123 -0.91507211 0.49059490 0.22109997 -0.39798077 0.74299579
1779396327.00223827 -1.65685701 1.98097501 -0.93369369 0.49017640 0.21906536 -0.39716896 0.74430792
1779396327.03555536 -1.65721784 1.97429292 -0.94810347 0.48970249 0.21778809 -0.39631258 0.74545030
1779396327.06887221 -1.65937969 1.96881006 -0.96063203 0.48909230 0.21696451 -0.39584019 0.74634152
1779396327.10218954 -1.65938230 1.96375177 -0.97082991 0.48833688 0.21625609 -0.39616518 0.74686916
1779396327.13550591 -1.66084987 1.95758843 -0.98228535 0.48695060 0.21554259 -0.39685042 0.74761638
1779396327.16882229 -1.66058293 1.95079988 -0.99490311 0.48513439 0.21454594 -0.39796184 0.74849251
1779396327.20213842 -1.66046399 1.94202325 -1.00777933 0.48301660 0.21362101 -0.39914646 0.74949525
1779396327.23545361 -1.66232902 1.93424069 -1.01749066 0.48118405 0.21313947 -0.40040467 0.75013971
1779396327.26876903 -1.64665282 1.93478187 -1.03286210 0.48106018 0.21114093 -0.40094402 0.75049617
1779396327.30208468 -1.64540956 1.92623155 -1.04773952 0.47943710 0.20970634 -0.40146623 0.75165696
1779396327.36871505 -1.65145791 1.91505988 -1.07410401 0.47641290 0.20774383 -0.40206910 0.75379950
1779396327.40203023 -1.64997161 1.90602970 -1.09200008 0.47471207 0.20591170 -0.40229685 0.75525232
1779396327.43534493 -1.64719108 1.89956820 -1.10761453 0.47370796 0.20410514 -0.40226720 0.75638810
1779396327.46865964 -1.64680038 1.89334309 -1.12050985 0.47350139 0.20303321 -0.40141248 0.75725951
1779396327.50197363 -1.64361237 1.89139865 -1.13025053 0.47422458 0.20214731 -0.40056293 0.75749380
1779396327.53528786 -1.64071165 1.89101811 -1.13780089 0.47542024 0.20161521 -0.39972984 0.75732619
1779396327.56860209 -1.63298905 1.88698954 -1.14531354 0.47647067 0.20066195 -0.39872968 0.75744645
1779396327.60191584 -1.63019088 1.88499581 -1.14872323 0.47770243 0.20046151 -0.39806896 0.75707112
1779396327.63522935 -1.62710354 1.88757394 -1.14839586 0.47936768 0.20084884 -0.39770505 0.75610652
1779396327.66854119 -1.62299277 1.89233999 -1.14820194 0.48107550 0.20094499 -0.39776875 0.75496192
1779396327.70185447 -1.61918396 1.89773392 -1.15079411 0.48282254 0.20078841 -0.39784629 0.75384662
1779396327.73516750 -1.61601642 1.90073714 -1.15079669 0.48457005 0.20090729 -0.39786504 0.75268289
1779396327.76848006 -1.61259470 1.90606064 -1.15019462 0.48652544 0.20116898 -0.39765033 0.75146407
1779396327.80179524 -1.61202589 1.91010719 -1.14857645 0.48827317 0.20182446 -0.39755018 0.75020668
1779396327.83511305 -1.61412203 1.91408969 -1.14408010 0.48944687 0.20317236 -0.39807593 0.74879791
1779396327.86843061 -1.61881960 1.91085084 -1.13855709 0.48963123 0.20493355 -0.39906744 0.74766883
1779396327.90174842 -1.62176136 1.91548257 -1.12985790 0.48998405 0.20680612 -0.40086009 0.74596116
1779396327.93506598 -1.62739421 1.92018874 -1.12139952 0.48998452 0.20905772 -0.40305876 0.74414627
1779396327.96838284 -1.63289658 1.92282597 -1.11189257 0.48925951 0.21144842 -0.40557850 0.74257712
1779396328.00169969 -1.64027733 1.92966374 -1.10250619 0.48840478 0.21428215 -0.40828970 0.74083970
1779396328.03501630 -1.64783661 1.93291765 -1.09021071 0.48681088 0.21749230 -0.41163333 0.73910098
1779396328.06833291 -1.65372035 1.93688952 -1.07802888 0.48547379 0.22057750 -0.41503958 0.73715867
1779396328.10164952 -1.66194396 1.93600889 -1.07138569 0.48338572 0.22327923 -0.41793963 0.73607819
1779396328.13496470 -1.66695360 1.91809749 -1.07692843 0.48031885 0.22498259 -0.41906899 0.73692457
1779396328.16828036 -1.68389108 1.91088364 -1.07569390 0.47699808 0.22744178 -0.42163619 0.73686226
1779396328.20159602 -1.69494655 1.90349096 -1.07821128 0.47358701 0.22941474 -0.42385878 0.73717566
1779396328.23491168 -1.70337097 1.89691335 -1.08147379 0.47019858 0.23083819 -0.42660806 0.73731444
1779396328.26822662 -1.70986657 1.89434953 -1.08088964 0.46741396 0.23252642 -0.42977786 0.73671340
1779396328.30154204 -1.71883382 1.89614863 -1.07673565 0.46482360 0.23456365 -0.43356907 0.73548404
1779396328.33485651 -1.71933572 1.90067844 -1.07171094 0.46304685 0.23599293 -0.43789182 0.73358415
1779396328.36817145 -1.72007053 1.90755818 -1.06940363 0.46142934 0.23697429 -0.44246937 0.73153743
1779396328.40148568 -1.72406056 1.91470878 -1.06433503 0.46033222 0.23870076 -0.44619189 0.72940317
1779396328.43479991 -1.71829986 1.91997444 -1.06031016 0.46039841 0.23972133 -0.44977270 0.72682288
1779396328.46811414 -1.71290276 1.92952183 -1.05319949 0.46077708 0.24090690 -0.45306317 0.72414233
1779396328.50142789 -1.71067607 1.93907398 -1.04881998 0.46062076 0.24224853 -0.45638804 0.72170224
1779396328.53474164 -1.71271268 1.94602864 -1.04065227 0.45998555 0.24423115 -0.45979691 0.71927133
1779396328.56805396 -1.71663876 1.95189613 -1.03124533 0.45910667 0.24659438 -0.46316144 0.71686384
1779396328.60136724 -1.72280218 1.95662871 -1.02024094 0.45851106 0.24934685 -0.46592002 0.71450143
1779396328.63468027 -1.72828791 1.96186740 -1.00933562 0.45813792 0.25200499 -0.46851678 0.71210615
1779396328.66799259 -1.73313445 1.96783298 -0.99766841 0.45781713 0.25467229 -0.47127089 0.70954157
1779396328.70130539 -1.75098368 1.96881591 -0.98823482 0.45627293 0.25763761 -0.47436725 0.70739917
1779396328.73461771 -1.75924511 1.97104544 -0.97893183 0.45527537 0.26023317 -0.47679902 0.70545427
1779396328.76793027 -1.76397974 1.97351088 -0.97344938 0.45418417 0.26197173 -0.47953272 0.70365895
1779396328.80124187 -1.76944884 1.97502452 -0.96928454 0.45280816 0.26360662 -0.48207857 0.70219412
1779396328.83463264 -1.77406170 1.97568849 -0.96482842 0.45133417 0.26513458 -0.48479783 0.70069407
1779396328.86807227 -1.77846395 1.97549841 -0.96189021 0.44979428 0.26645517 -0.48741323 0.69936763
1779396328.90151286 -1.78310960 1.97547540 -0.95968704 0.44834571 0.26758530 -0.48997667 0.69807385
1779396328.93495464 -1.78737140 1.97540962 -0.95746501 0.44731227 0.26866781 -0.49236221 0.69664109
1779396328.96839666 -1.79873678 1.98085868 -0.94883742 0.44649182 0.27078323 -0.49435128 0.69493763
1779396329.00183892 -1.80278149 1.98121266 -0.94288006 0.44602768 0.27199888 -0.49603631 0.69355886
1779396329.03528309 -1.80829202 1.97814152 -0.93666598 0.44533128 0.27377593 -0.49720875 0.69246679
1779396329.06872821 -1.81307158 1.97412732 -0.93359805 0.44468871 0.27496277 -0.49841456 0.69154201
1779396329.10217381 -1.82099665 1.96966641 -0.92920128 0.44386835 0.27702380 -0.49922143 0.69066393
1779396329.13562083 -1.83194003 1.96370531 -0.92221437 0.44343361 0.27931389 -0.49928207 0.68997667
1779396329.16906810 -1.84139444 1.95885365 -0.91442020 0.44298837 0.28174471 -0.49946468 0.68914168
1779396329.20251632 -1.85523353 1.95182514 -0.90140853 0.44184738 0.28495447 -0.50022351 0.68800311
1779396329.23596573 -1.86673897 1.96053489 -0.88978750 0.44112237 0.28876678 -0.50179579 0.68573011
1779396329.26941609 -1.86983783 1.96641427 -0.86978532 0.44052461 0.29244417 -0.50438957 0.68264606
1779396329.30286694 -1.87571468 1.97772967 -0.84282883 0.43977150 0.29704878 -0.50781050 0.67859528
1779396329.33631849 -1.87727403 1.99184763 -0.81320479 0.43917615 0.30166403 -0.51204548 0.67374517
1779396329.36977172 -1.87896918 2.00526360 -0.78302667 0.43821594 0.30652347 -0.51633229 0.66888797
1779396329.40322518 -1.87986704 2.01718550 -0.75652277 0.43747385 0.31087870 -0.52005981 0.66446133
1779396329.43667960 -1.87866797 2.03330757 -0.72630510 0.43705427 0.31431417 -0.52428636 0.65978328
1779396329.47013378 -1.87390155 2.04567765 -0.71084313 0.43682941 0.31675829 -0.52755698 0.65614623
1779396329.50359011 -1.87362378 2.05059708 -0.70216409 0.43548941 0.31846128 -0.53060212 0.65375284
1779396329.53704691 -1.86825280 2.05757523 -0.69708690 0.43540458 0.31940838 -0.53284746 0.65151724
1779396329.57050514 -1.85792175 2.06791065 -0.69252767 0.43620371 0.31990786 -0.53522023 0.64878701
1779396329.60396385 -1.84929534 2.07695990 -0.69044511 0.43749618 0.32020748 -0.53696301 0.64632422
1779396329.63742328 -1.83765027 2.08514884 -0.68951307 0.43870256 0.32018162 -0.53859785 0.64415538
1779396329.67088389 -1.81899600 2.09694909 -0.69137187 0.44030430 0.31961603 -0.53967146 0.64244255
1779396329.70434523 -1.80643062 2.10376548 -0.69790793 0.44131414 0.31885390 -0.54110560 0.64092024
1779396329.73780727 -1.79482354 2.11029341 -0.70460133 0.44201705 0.31820750 -0.54249762 0.63957896
1779396329.77127051 -1.78299390 2.11702056 -0.70855873 0.44336146 0.31775296 -0.54355942 0.63797087
1779396329.80473423 -1.77160397 2.12038730 -0.71132930 0.44416363 0.31756837 -0.54426835 0.63689949
1779396329.83809352 -1.76472539 2.12087559 -0.71887138 0.44379661 0.31732106 -0.54525577 0.63643386
1779396329.87141156 -1.75641901 2.12040434 -0.73038845 0.44294502 0.31610578 -0.54660482 0.63647467
1779396329.90472865 -1.75001210 2.11905041 -0.74139295 0.44180633 0.31500380 -0.54807431 0.63654876
1779396329.93804693 -1.75503617 2.11570274 -0.73942342 0.44058541 0.31525621 -0.55021503 0.63542225
1779396329.97136450 -1.74349531 2.12080660 -0.74059789 0.44092815 0.31506345 -0.55198568 0.63374222
1779396330.00468183 -1.72944512 2.12595179 -0.74364431 0.44119122 0.31421355 -0.55411357 0.63212206
1779396330.03799915 -1.71747310 2.13136696 -0.74646557 0.44095431 0.31383704 -0.55595815 0.63085350
1779396330.07131624 -1.71108583 2.13119026 -0.74884495 0.44028140 0.31364169 -0.55757835 0.62999013
1779396330.10463309 -1.70291827 2.13295944 -0.74839647 0.43984073 0.31378259 -0.55933858 0.62866603
1779396330.13795018 -1.69510897 2.13438927 -0.74713863 0.43915481 0.31414635 -0.56123990 0.62726781
1779396330.17126632 -1.68681390 2.13724827 -0.74467142 0.43878561 0.31460385 -0.56302758 0.62569286
1779396330.20458269 -1.67250040 2.14060345 -0.74394398 0.43943776 0.31493211 -0.56420523 0.62400696
1779396330.23789859 -1.66017476 2.14154835 -0.73743850 0.44010905 0.31559879 -0.56541014 0.62210353
1779396330.27121472 -1.65141330 2.14351897 -0.73096385 0.44073130 0.31642512 -0.56651367 0.62023651
1779396330.30453062 -1.64716152 2.15156924 -0.72536479 0.44119422 0.31821072 -0.56718545 0.61837711
1779396330.33784485 -1.64084502 2.15394036 -0.72004960 0.44169404 0.31923891 -0.56782287 0.61690362
1779396330.37116051 -1.63287452 2.15832079 -0.71737600 0.44247298 0.31956563 -0.56850058 0.61555062
1779396330.40447521 -1.62366767 2.16612341 -0.71443178 0.44351680 0.31965179 -0.56942686 0.61389628
1779396330.43779039 -1.61450834 2.17300031 -0.70990651 0.44445035 0.31996617 -0.57071460 0.61185814
1779396330.47110462 -1.60548671 2.18039689 -0.70531015 0.44528566 0.32033476 -0.57212145 0.60974040
1779396330.50441909 -1.60155579 2.18683211 -0.69901855 0.44532824 0.32113238 -0.57374870 0.60775750
1779396330.53773355 -1.59987864 2.18940464 -0.69362348 0.44505064 0.32229661 -0.57493972 0.60621708
1779396330.57104754 -1.59301247 2.18060719 -0.69520514 0.44436982 0.32235119 -0.57618818 0.60550174
1779396330.60436130 -1.59383199 2.18148864 -0.68899768 0.44386498 0.32347302 -0.57732451 0.60418995
1779396330.63767505 -1.59130828 2.18449709 -0.68677692 0.44362388 0.32414804 -0.57851995 0.60286033
1779396330.67098856 -1.58841750 2.18728465 -0.68382335 0.44331082 0.32487337 -0.57993596 0.60133775
1779396330.70430183 -1.58695279 2.18952915 -0.68201169 0.44337600 0.32563931 -0.58084060 0.60000080
1779396330.73761463 -1.58546589 2.19131952 -0.68140871 0.44365427 0.32622359 -0.58136844 0.59896560
1779396330.77092767 -1.58697041 2.19030288 -0.68053380 0.44379098 0.32757935 -0.58125177 0.59823718
1779396330.80423951 -1.59057436 2.19068751 -0.67826542 0.44414747 0.32924493 -0.58092942 0.59737074
1779396330.83759832 -1.58519379 2.18997182 -0.67516891 0.44476657 0.33087225 -0.58085782 0.59607923
1779396330.87103915 -1.58539305 2.19281161 -0.66914431 0.44492294 0.33264698 -0.58163207 0.59421688
1779396330.90448046 -1.58678308 2.19594977 -0.66100708 0.44479471 0.33470715 -0.58261693 0.59218773
1779396330.93792272 -1.58672600 2.19870200 -0.65933296 0.44494579 0.33557626 -0.58351133 0.59069988
1779396330.97136545 -1.58627678 2.20021720 -0.66228231 0.44422237 0.33580258 -0.58495144 0.58969054
1779396331.00480986 -1.58876414 2.19927727 -0.67056501 0.44300716 0.33566627 -0.58598833 0.58965285
1779396331.03825474 -1.58935487 2.19995279 -0.68072259 0.44128530 0.33491334 -0.58788262 0.58948652
1779396331.07170010 -1.58995048 2.19904996 -0.69238908 -0.43895258 -0.33405664 0.58996088 -0.58963798
1779396331.10514665 -1.59785726 2.18966945 -0.70684794 -0.43608843 -0.33338413 0.59234326 -0.58975534
1779396331.13859391 -1.60109299 2.18835597 -0.71407147 -0.43465074 -0.33323096 0.59407570 -0.58916036
1779396331.17204261 -1.60281949 2.18748552 -0.72149265 -0.43339363 -0.33325728 0.59573811 -0.58839244
1779396331.20549178 -1.60264731 2.18542842 -0.72981687 -0.43245895 -0.33277590 0.59735649 -0.58771139
1779396331.23894072 -1.60427594 2.18690847 -0.73433160 -0.43142157 -0.33261038 0.59937607 -0.58651010
1779396331.27239180 -1.60619033 2.18783942 -0.73772894 -0.43033996 -0.33281391 0.60134756 -0.58516967
1779396331.30584383 -1.60878894 2.18703889 -0.73979705 -0.42929418 -0.33292130 0.60338644 -0.58377626
1779396331.33929610 -1.60195618 2.19384462 -0.73909026 -0.42960138 -0.33290432 0.60508473 -0.58179880
1779396331.37275004 -1.60020383 2.19776110 -0.74246864 -0.42982169 -0.33303049 0.60659911 -0.57998408
1779396331.40620399 -1.59901999 2.20275597 -0.74414083 -0.43016472 -0.33323475 0.60807011 -0.57806891
1779396331.43965936 -1.59639492 2.20838599 -0.74486703 -0.43057791 -0.33349880 0.60984671 -0.57573275
1779396331.50657296 -1.59061679 2.22327548 -0.74192298 -0.43143461 -0.33448396 0.61327588 -0.57085669
1779396331.54003048 -1.58973511 2.22894898 -0.73936198 -0.43106197 -0.33511899 0.61548119 -0.56838698
1779396331.57348943 -1.59033192 2.23401590 -0.73457074 -0.42991766 -0.33595810 0.61817065 -0.56583390
1779396331.60694933 -1.59384516 2.23402686 -0.72690053 -0.42746956 -0.33710859 0.62160048 -0.56324100
1779396331.64040971 -1.59926101 2.23465062 -0.72891266 -0.42508859 -0.33779694 0.62468350 -0.56121605
1779396331.67387009 -1.59667349 2.23979844 -0.72636265 -0.42283050 -0.33826338 0.62802883 -0.55890254
1779396331.70733237 -1.59950908 2.24090485 -0.72772485 -0.42073704 -0.33857285 0.63079526 -0.55717691
1779396331.74079561 -1.60198274 2.24191974 -0.72948714 -0.41907975 -0.33878904 0.63316095 -0.55560900
1779396331.77425957 -1.60531852 2.24242840 -0.73282824 -0.41782912 -0.33879836 0.63504221 -0.55439687
1779396331.80772471 -1.61248462 2.24012600 -0.73353002 -0.41635892 -0.33939974 0.63635912 -0.55362455
1779396331.84114957 -1.61886625 2.23891629 -0.73647848 -0.41490408 -0.33976987 0.63777519 -0.55285970
1779396331.87446809 -1.62274240 2.23524835 -0.73201122 -0.41284481 -0.34010213 0.63992828 -0.55170780
1779396331.90778661 -1.63046286 2.23348096 -0.72892745 -0.41041039 -0.34130679 0.64210214 -0.55025251
1779396331.94110441 -1.63593462 2.23447814 -0.72029408 -0.40884757 -0.34314120 0.64406980 -0.54797069
1779396331.97442293 -1.64385339 2.24377151 -0.69604775 -0.40841320 -0.34615445 0.64566331 -0.54451321
1779396332.00774026 -1.64824772 2.24901289 -0.67867447 -0.40840677 -0.34951829 0.64639698 -0.54149037
1779396332.04105783 -1.65173412 2.25432748 -0.66601342 -0.40916442 -0.35226233 0.64642136 -0.53910588
1779396332.07437539 -1.65972332 2.25507175 -0.65800841 -0.40924600 -0.35468998 0.64603506 -0.53791396
1779396332.10769272 -1.66944698 2.25260789 -0.65649037 -0.40825045 -0.35613206 0.64606540 -0.53768116
1779396332.14100838 -1.67701536 2.25130103 -0.65644026 -0.40697791 -0.35698919 0.64662023 -0.53741044
1779396332.17432547 -1.68228896 2.24950508 -0.65418010 -0.40617150 -0.35816676 0.64716529 -0.53658026
1779396332.20764160 -1.68601774 2.25048658 -0.65203091 -0.40613768 -0.35924049 0.64747840 -0.53550927
1779396332.24095798 -1.68802161 2.24928952 -0.65020427 -0.40674795 -0.35990562 0.64748213 -0.53459419
1779396332.27427411 -1.68862638 2.25256692 -0.64798282 -0.40795200 -0.36079979 0.64728770 -0.53330789
1779396332.30759001 -1.68788865 2.25690269 -0.64917789 -0.40959762 -0.36124576 0.64679170 -0.53234556
1779396332.34090590 -1.68925809 2.25807341 -0.65298473 -0.41100869 -0.36158336 0.64599437 -0.53199681
1779396332.37422132 -1.68961341 2.25640130 -0.66311603 -0.41249031 -0.36094196 0.64491685 -0.53259263
1779396332.40753698 -1.69438115 2.25606175 -0.67320843 -0.41340681 -0.36070780 0.64373443 -0.53347041
1779396332.44085193 -1.69546661 2.25264001 -0.68928309 -0.41404806 -0.35963120 0.64264433 -0.53501202
1779396332.47416663 -1.69698048 2.24755869 -0.70620854 -0.41468448 -0.35831921 0.64170837 -0.53652072
1779396332.50748181 -1.69673263 2.23794534 -0.72312302 -0.41504219 -0.35631920 0.64116872 -0.53821861
1779396332.54079628 -1.70406552 2.23086075 -0.74436518 -0.41511348 -0.35495239 0.63991832 -0.54054985
1779396332.57410955 -1.70979132 2.22184137 -0.76660371 -0.41534534 -0.35319048 0.63822006 -0.54352542
1779396332.60742354 -1.71503639 2.21129106 -0.79027779 -0.41557419 -0.35146944 0.63641767 -0.54657101
1779396332.64073753 -1.72091138 2.19842129 -0.81378746 -0.41566320 -0.35010117 0.63419783 -0.54995126
1779396332.67405152 -1.73024104 2.18384343 -0.83686260 -0.41554777 -0.34908063 0.63162059 -0.55364085
1779396332.70736527 -1.73859041 2.17041461 -0.85880718 -0.41583691 -0.34822649 0.62892513 -0.55701989
1779396332.74067855 -1.74639062 2.14841753 -0.88238863 -0.41571739 -0.34686423 0.62670069 -0.56045561
1779396332.77399158 -1.75093459 2.13356383 -0.90290075 -0.41594132 -0.34555946 0.62459513 -0.56343802
1779396332.80730462 -1.75150546 2.12253780 -0.92746385 -0.41683825 -0.34355685 0.62264956 -0.56614670
1779396332.84061909 -1.75373616 2.11130893 -0.95415836 -0.41779473 -0.34161412 0.62036220 -0.56912045
1779396332.87393832 -1.75466543 2.09798414 -0.98172937 -0.41872551 -0.33946956 0.61793218 -0.57235407
1779396332.90725684 -1.75788613 2.08311898 -1.00627048 -0.41940306 -0.33782424 0.61546301 -0.57548340
1779396332.94057536 -1.76216092 2.06888245 -1.02808886 -0.41984783 -0.33667443 0.61315669 -0.57828798
1779396332.97389364 -1.76369405 2.05969940 -1.04485360 -0.42097507 -0.33624012 0.61064689 -0.58037311
1779396333.00721097 -1.76783158 2.05027004 -1.06143648 -0.42192365 -0.33594334 0.60793576 -0.58269770
1779396333.04052877 -1.77074921 2.03859639 -1.08224552 -0.42281071 -0.33493588 0.60511485 -0.58556390
1779396333.07384610 -1.77007702 2.01955848 -1.10994494 -0.42336399 -0.33334496 0.60220384 -0.58906248
1779396333.10716391 -1.77719798 2.00893697 -1.12365550 -0.42326390 -0.33268871 0.59988359 -0.59186618
1779396333.14048123 -1.77826940 1.99842352 -1.14042466 -0.42318649 -0.33194925 0.59826322 -0.59397307
1779396333.17379832 -1.78307951 1.99078690 -1.14894855 -0.42267330 -0.33190624 0.59757068 -0.59505866
1779396333.20711517 -1.78577225 1.98384144 -1.15579228 -0.42177235 -0.33198451 0.59760831 -0.59561622
1779396333.24043202 -1.78888866 1.97308825 -1.16322662 -0.42027135 -0.33191506 0.59781038 -0.59651247
1779396333.27374864 -1.79197897 1.96513298 -1.17070412 -0.41831642 -0.33168098 0.59881286 -0.59701110
1779396333.30706501 -1.79483349 1.95686910 -1.17698307 -0.41594718 -0.33147709 0.60030367 -0.59728250
1779396333.34038067 -1.79686885 1.95099779 -1.17776155 -0.41305561 -0.33164786 0.60263643 -0.59684512
1779396333.37369657 -1.79591674 1.94261464 -1.18313026 -0.41014836 -0.33180734 0.60566968 -0.59568990
1779396333.40701246 -1.79800830 1.94144700 -1.17626787 -0.40748998 -0.33299602 0.60890960 -0.59354416
1779396333.44032812 -1.79558922 1.94014409 -1.16901717 -0.40539513 -0.33392053 0.61194192 -0.59133658
1779396333.47364211 -1.79586313 1.94193595 -1.15948401 -0.40344597 -0.33531112 0.61488378 -0.58882572
1779396333.50695753 -1.79639142 1.94187404 -1.15363640 -0.40082808 -0.33621701 0.61808875 -0.58673782
1779396333.54027224 -1.79682170 1.94376099 -1.14555187 -0.39819627 -0.33732573 0.62163300 -0.58414339
1779396333.57358694 -1.79686841 1.94950485 -1.13297649 -0.39578320 -0.33896520 0.62538962 -0.58081501
1779396333.60690165 -1.79771319 1.95893951 -1.11520798 -0.39364173 -0.34153242 0.62925109 -0.57658032
1779396333.64021564 -1.80997694 1.96706051 -1.09110585 -0.39049790 -0.34575725 0.63292716 -0.57215953
1779396333.67352986 -1.81653881 1.97944184 -1.06284342 -0.38779357 -0.35094979 0.63654645 -0.56679715
1779396333.70684409 -1.82323036 1.99397145 -1.03113161 -0.38393968 -0.35573944 0.64139708 -0.56093632
1779396333.74015760 -1.82888644 2.00560322 -1.00126056 -0.37857005 -0.36019298 0.64749577 -0.55470259
1779396333.77347112 -1.83439551 2.01781053 -0.97020008 -0.37276022 -0.36436397 0.65387235 -0.54839736
1779396333.80678439 -1.83681541 2.03279945 -0.93721063 -0.36763544 -0.36843825 0.66016330 -0.54155504
1779396333.84009933 -1.83689825 2.04942326 -0.90660086 -0.36325956 -0.37215240 0.66601492 -0.53476089
1779396333.87341785 -1.83185415 2.06082893 -0.86881335 -0.35910034 -0.37534374 0.67140240 -0.52856678
1779396333.90673566 -1.83604432 2.07401269 -0.83988109 -0.35505950 -0.37917257 0.67648803 -0.52203915
1779396333.94005418 -1.83374858 2.09259093 -0.81194322 -0.35203332 -0.38274025 0.68120786 -0.51530408
1779396333.97337198 -1.82702320 2.11595160 -0.78173244 -0.34949838 -0.38653791 0.68589869 -0.50791959
1779396334.00669026 -1.82205351 2.13602695 -0.75120083 -0.34619553 -0.38998805 0.69092670 -0.50067781
1779396334.04000783 -1.81641127 2.15455807 -0.71931774 -0.34226274 -0.39323087 0.69633709 -0.49329540
1779396334.07332516 -1.81216837 2.17105946 -0.68838951 -0.33750210 -0.39625020 0.70218666 -0.48581066
1779396334.10664248 -1.80780607 2.18738394 -0.66030138 -0.33284176 -0.39894069 0.70769909 -0.47877415
1779396334.13995981 -1.79858985 2.19635398 -0.63676913 -0.32851886 -0.40127327 0.71245891 -0.47271284
1779396334.17327690 -1.79798954 2.20708117 -0.61438412 -0.32386080 -0.40352550 0.71674384 -0.46750361
1779396334.20659328 -1.81438471 2.20741108 -0.59191798 -0.31769783 -0.40554476 0.72061350 -0.46402340
1779396334.23990989 -1.82127527 2.20971803 -0.57837198 -0.31207225 -0.40696606 0.72448629 -0.46055310
1779396334.27322602 -1.82511887 2.21768660 -0.56278904 -0.30674479 -0.40849264 0.72849240 -0.45644301
1779396334.30654216 -1.82387775 2.22694624 -0.55085521 -0.30226801 -0.40905232 0.73268885 -0.45219165
1779396334.33985734 -1.82096175 2.23845344 -0.53977340 -0.29873551 -0.40926660 0.73660131 -0.44796925
1779396334.37317276 -1.81825812 2.24742462 -0.53608434 -0.29562165 -0.40872508 0.74027469 -0.44446038
1779396334.40648842 -1.81978340 2.25247154 -0.53656568 -0.29261802 -0.40794931 0.74347121 -0.44181739
1779396334.43980384 -1.82230779 2.25599085 -0.53528229 -0.28916798 -0.40742748 0.74658882 -0.43930611
1779396334.47311878 -1.80735936 2.25959361 -0.54493845 -0.28760020 -0.40587639 0.74966066 -0.43653107
1779396334.50643396 -1.80629612 2.26872426 -0.54255487 -0.28530505 -0.40581640 0.75271428 -0.43282247
1779396334.53974843 -1.80000041 2.27896143 -0.53694362 -0.28412647 -0.40568013 0.75539909 -0.42903146
1779396334.57306337 -1.79576455 2.28918595 -0.53209865 -0.28298304 -0.40602268 0.75782010 -0.42517629
1779396334.60637760 -1.79305438 2.29802221 -0.52691562 -0.28234318 -0.40659019 0.75962088 -0.42183274
1779396334.63969159 -1.79086557 2.30623057 -0.52108563 -0.28199359 -0.40698767 0.76132903 -0.41859140
1779396334.67300558 -1.79058095 2.31212762 -0.51595449 -0.28099228 -0.40767146 0.76292797 -0.41567804
1779396334.70631957 -1.79110617 2.31938092 -0.50780838 -0.27990733 -0.40884418 0.76438120 -0.41257690
1779396334.73963308 -1.79157637 2.32693464 -0.49992883 -0.27890113 -0.40995128 0.76576911 -0.40957512
1779396334.77294660 -1.77610728 2.34380030 -0.48997891 -0.27927390 -0.41138413 0.76668735 -0.40615230
1779396334.80625820 -1.77466581 2.34993568 -0.47823246 -0.27832441 -0.41258083 0.76806082 -0.40298283
1779396334.83957362 -1.77081646 2.36074989 -0.46395325 -0.27728864 -0.41420441 0.76957434 -0.39912536
1779396334.87289190 -1.76776229 2.37078961 -0.44854406 -0.27581912 -0.41600960 0.77110917 -0.39528531
1779396334.90621018 -1.76316122 2.38112697 -0.43238626 -0.27411331 -0.41757603 0.77307608 -0.39095463
1779396334.93952799 -1.75978651 2.39038193 -0.41674322 -0.27207550 -0.41928754 0.77495180 -0.38681080
1779396334.97284603 -1.75857346 2.39573749 -0.39992605 -0.27005816 -0.42144007 0.77628429 -0.38319650
1779396335.00616360 -1.75487116 2.40517634 -0.38012928 -0.26793689 -0.42374591 0.77793833 -0.37876269
1779396335.03948069 -1.75444849 2.41177947 -0.35824126 -0.26510514 -0.42653999 0.77947596 -0.37443309
1779396335.07279778 -1.75553757 2.41990682 -0.33977680 -0.26182684 -0.42933753 0.78113383 -0.37006207
1779396335.10611486 -1.74940739 2.42540193 -0.31715072 -0.25879102 -0.43180398 0.78307360 -0.36519621
1779396335.13943172 -1.74828058 2.43155871 -0.29478829 -0.25535963 -0.43442592 0.78476982 -0.36083502
1779396335.17274809 -1.74387576 2.43882096 -0.27337618 -0.25215633 -0.43675495 0.78665452 -0.35614178
1779396335.20606446 -1.73844227 2.44708522 -0.24862197 -0.24874010 -0.43945525 0.78853104 -0.35103597
1779396335.23937988 -1.73769633 2.44251930 -0.22118631 -0.24438918 -0.44117739 0.79144751 -0.34532199
1779396335.27269578 -1.72903026 2.45179149 -0.19150180 -0.24078669 -0.44450266 0.79332829 -0.33921878
1779396335.30601120 -1.71824587 2.46308503 -0.15652418 -0.23746155 -0.44841060 0.79495555 -0.33254416
1779396335.33932686 -1.70406981 2.47566594 -0.11530766 -0.23414860 -0.45312896 0.79637442 -0.32501748
1779396335.37264204 -1.68802349 2.48805131 -0.07061491 -0.22947788 -0.45779286 0.79839757 -0.31674426
1779396335.40595722 -1.66913269 2.50098040 -0.02030128 -0.22352416 -0.46292596 0.80076415 -0.30743013
1779396335.43927240 -1.64860115 2.51291982 0.03468154 -0.21608422 -0.46835233 0.80349740 -0.29722992
1779396335.47258687 -1.62377838 2.52538900 0.09391034 -0.20771502 -0.47422171 0.80640568 -0.28579384
1779396335.50590134 -1.59273526 2.54235614 0.15235514 -0.20013952 -0.48009192 0.80904452 -0.27368392
1779396335.53921580 -1.55876671 2.55846294 0.20971167 -0.19345849 -0.48562021 0.81127544 -0.26187591
1779396335.57253003 -1.52525056 2.57286682 0.26059732 -0.18780922 -0.49062355 0.81303914 -0.25096529
1779396335.60584378 -1.49375539 2.58593740 0.30449123 -0.18297683 -0.49488695 0.81447623 -0.24131900
1779396335.63915753 -1.46366815 2.59722564 0.34655355 -0.17821798 -0.49882123 0.81577664 -0.23221587
1779396335.67246985 -1.43843406 2.60567223 0.38231438 -0.17350902 -0.50198660 0.81704514 -0.22436868
1779396335.70578313 -1.41352672 2.61285605 0.41544738 -0.16836873 -0.50469308 0.81850264 -0.21677245
1779396335.73909640 -1.38842737 2.61914287 0.45081520 -0.16280240 -0.50719162 0.82011176 -0.20897065
1779396335.77240920 -1.37335980 2.61860755 0.49021420 -0.15694072 -0.50868304 0.82242286 -0.20057870
1779396335.80572224 -1.34173428 2.62792185 0.51894659 -0.15266804 -0.51008576 0.82434807 -0.19223749
1779396335.83904600 -1.30816020 2.63798334 0.53967298 -0.14890382 -0.51069337 0.82657673 -0.18382287
1779396335.87239242 -1.27329706 2.64742388 0.55459888 -0.14519337 -0.51068796 0.82897775 -0.17581972
1779396335.90574193 -1.23498760 2.66009709 0.56726242 -0.14131908 -0.51019075 0.83168290 -0.16744513
1779396335.93909192 -1.19617533 2.67136871 0.58325246 -0.13709545 -0.51016413 0.83408173 -0.15888696
1779396335.97244167 -1.15776437 2.68004090 0.60149316 -0.13225830 -0.51050749 0.83625751 -0.15021063
1779396336.00579166 -1.12107238 2.68884437 0.61512354 -0.12739090 -0.51049821 0.83842351 -0.14215888
1779396336.03914142 -1.07844863 2.70380944 0.61103864 -0.12423960 -0.51062514 0.83979788 -0.13625715
1779396336.07249141 -1.05621350 2.70747608 0.61402668 -0.12017267 -0.51021473 0.84145466 -0.13112402
1779396336.10584116 -1.03341534 2.71025784 0.61431491 -0.11787291 -0.50996350 0.84260824 -0.12670657
1779396336.13919020 -1.01228792 2.71227339 0.61695176 -0.11613405 -0.51012710 0.84336373 -0.12255956
1779396336.17253971 -0.98777996 2.71423150 0.62154880 -0.11463101 -0.51044430 0.84399284 -0.11824734
1779396336.20588994 -0.96726782 2.71458194 0.63149287 -0.11202850 -0.51158879 0.84425305 -0.11385655
1779396336.23923945 -0.94812037 2.71522391 0.64239522 -0.10851510 -0.51275489 0.84458776 -0.10944594
1779396336.30593920 -0.89110621 2.73522073 0.65520999 -0.10219290 -0.51448345 0.84543602 -0.10050537
1779396336.33928895 -0.87321837 2.74000398 0.65249872 -0.09862407 -0.51361372 0.84681538 -0.09683984
1779396336.37263918 -0.85458116 2.74472003 0.64721875 -0.09514275 -0.51227113 0.84844902 -0.09306128
1779396336.40598869 -0.83454788 2.74804118 0.64321614 -0.09219516 -0.51135636 0.84972152 -0.08937595
1779396336.43933892 -0.80893288 2.75248400 0.64136859 -0.08988464 -0.51051732 0.85094014 -0.08481564
1779396336.47268844 -0.78269925 2.75726068 0.63989958 -0.08739838 -0.50988089 0.85205541 -0.07990360
1779396336.50603867 -0.75559779 2.75963576 0.64054434 -0.08467105 -0.50957473 0.85297059 -0.07487036
1779396336.53938818 -0.72649963 2.76358892 0.64570289 -0.08191162 -0.50996089 0.85348533 -0.06923268
1779396336.57273722 -0.69589969 2.75848201 0.64959786 -0.07943923 -0.51021023 0.85397152 -0.06409034
1779396336.60608697 -0.66684737 2.75763731 0.65896721 -0.07664106 -0.51140232 0.85390479 -0.05865515
1779396336.63943696 -0.63772951 2.75749761 0.66638169 -0.07372005 -0.51222537 0.85401692 -0.05334445
1779396336.67278647 -0.60701798 2.75747733 0.67123819 -0.07036569 -0.51277786 0.85430577 -0.04763590
1779396336.70613647 -0.57303320 2.75709103 0.67349257 -0.06729237 -0.51302029 0.85472698 -0.04151748
1779396336.73948598 -0.53878099 2.75710458 0.67787557 -0.06399630 -0.51327196 0.85511522 -0.03513316
1779396336.77283621 -0.51116948 2.76178020 0.68701892 -0.06052939 -0.51466015 0.85476692 -0.02889005
1779396336.80618572 -0.47918671 2.75980643 0.69534844 -0.05806886 -0.51580322 0.85442959 -0.02291555
1779396336.83953571 -0.44860119 2.75924666 0.70493482 -0.05586388 -0.51738882 0.85375597 -0.01699324
1779396336.87289095 -0.41924547 2.75681744 0.71144151 -0.05407564 -0.51843480 0.85332714 -0.01157445
1779396336.90624928 -0.39090216 2.75467306 0.71933023 -0.05241111 -0.51981818 0.85264449 -0.00628557
1779396336.93960786 -0.36300164 2.75184123 0.72914781 -0.05063206 -0.52141617 0.85179821 -0.00117794
1779396336.97296739 -0.33797321 2.75021476 0.73992897 -0.04953976 -0.52353692 0.85055341 0.00371614
1779396337.00632596 -0.31306117 2.74704297 0.75604607 -0.04851026 -0.52650192 0.84874723 0.00840319
1779396337.03968549 -0.29007245 2.74202290 0.77438693 -0.04771022 -0.52989242 0.84662553 0.01276610
1779396337.07304573 -0.27844795 2.72550333 0.78944293 -0.04634999 -0.53205773 0.84527311 0.01672152
1779396337.10640597 -0.25706903 2.72346558 0.79573320 -0.04557140 -0.53385846 0.84410302 0.02021092
1779396337.13976717 -0.24306091 2.72211587 0.79558298 -0.04388807 -0.53443200 0.84376144 0.02286704
1779396337.17312813 -0.22717263 2.72152405 0.79449175 -0.04218133 -0.53459558 0.84365994 0.02581118
1779396337.20648980 -0.21286005 2.71928508 0.79185161 -0.04016653 -0.53484208 0.84351140 0.02862022
1779396337.23985147 -0.20104468 2.71296425 0.79572426 -0.03782057 -0.53510123 0.84334375 0.03174274
1779396337.27321362 -0.18711364 2.70473776 0.80205907 -0.03502867 -0.53647507 0.84249167 0.03428225
1779396337.30657625 -0.17502526 2.70140039 0.81151496 -0.03221357 -0.53869379 0.84104677 0.03757145
1779396337.33993864 -0.15607659 2.69286285 0.81912248 -0.03048008 -0.54046449 0.83981129 0.04106217
1779396337.37330222 -0.13938492 2.68844157 0.82509990 -0.02868778 -0.54208147 0.83865480 0.04452886
1779396337.40666556 -0.12325328 2.68427293 0.82885498 -0.02690843 -0.54329696 0.83773610 0.04798515
1779396337.44002962 -0.10730319 2.67944918 0.83164507 -0.02530131 -0.54419430 0.83700536 0.05132685
1779396337.47339249 -0.09451422 2.67416632 0.83308265 -0.02403773 -0.54473899 0.83648997 0.05446234
1779396337.50675726 -0.08027605 2.67024784 0.83295564 -0.02292312 -0.54522979 0.83597367 0.05785346
1779396337.54012227 -0.06608272 2.66803538 0.82930141 -0.02156256 -0.54523281 0.83577587 0.06111407
1779396337.57348752 -0.05367513 2.66694562 0.82383558 -0.01999313 -0.54500073 0.83571969 0.06439785
1779396337.60685301 -0.04743262 2.67513639 0.81548787 -0.01751090 -0.54429307 0.83595082 0.06800487
1779396337.64021873 -0.03352219 2.67683808 0.80080740 -0.01602984 -0.54271389 0.83673966 0.07121394
1779396337.67358494 -0.02111735 2.67702050 0.78494291 -0.01568294 -0.54077938 0.83775619 0.07400184
1779396337.70695162 -0.01321425 2.67779811 0.77111066 -0.01605521 -0.53906768 0.83866418 0.07609637
1779396337.74031830 -0.01022146 2.67616302 0.76279608 -0.01707124 -0.53747101 0.83951507 0.07776844
1779396337.77368569 -0.00431326 2.67487547 0.75116292 -0.01807697 -0.53640863 0.84003113 0.07928869
1779396337.80705333 0.00158819 2.67407166 0.74180804 -0.01850855 -0.53592546 0.84018839 0.08077622
1779396337.84042120 0.00639582 2.67169295 0.73613500 -0.01827031 -0.53565127 0.84020622 0.08244648
1779396337.87375951 0.01185778 2.66847886 0.72955547 -0.01764658 -0.53535511 0.84022525 0.08429135
1779396337.90708113 0.01547273 2.66684269 0.72270767 -0.01672805 -0.53472789 0.84047028 0.08599979
1779396337.94040298 0.02255502 2.66691856 0.71320729 -0.01605947 -0.53395669 0.84075282 0.08813082
1779396337.97372532 0.02733486 2.66485029 0.70472336 -0.01509473 -0.53337128 0.84091483 0.09027438
1779396338.00704718 0.03523539 2.66205843 0.69765083 -0.01429359 -0.53286309 0.84095093 0.09302769
1779396338.04036903 0.04374893 2.66354928 0.68689737 -0.01338374 -0.53292821 0.84061953 0.09574554
1779396338.07369041 0.05171972 2.65895757 0.68065491 -0.01279241 -0.53283424 0.84041601 0.09810683
1779396338.10701203 0.05884051 2.65388843 0.67775115 -0.01232862 -0.53310846 0.83996475 0.10051161
1779396338.14033318 0.06472338 2.65052232 0.67567331 -0.01183571 -0.53370315 0.83927911 0.10310885
1779396338.17365408 0.07474959 2.64600980 0.67353992 -0.01134830 -0.53423154 0.83858723 0.10601568
1779396338.20697498 0.08724890 2.64379392 0.66974737 -0.01112742 -0.53463273 0.83788688 0.10949700
1779396338.24029589 0.09963928 2.63972327 0.66699328 -0.01081381 -0.53500205 0.83720352 0.11289880
1779396338.27361679 0.11183624 2.63839611 0.66175983 -0.01045469 -0.53559505 0.83644442 0.11571249
1779396338.30693698 0.12336185 2.63481813 0.65832239 -0.01026375 -0.53588251 0.83581242 0.11892092
1779396338.34025645 0.13418219 2.63153797 0.65502287 -0.00989347 -0.53590352 0.83535863 0.12200613
1779396338.37357640 0.14216190 2.62830624 0.64887930 -0.00957306 -0.53560859 0.83514114 0.12478411
1779396338.40689635 0.14858138 2.62484072 0.64204455 -0.00898567 -0.53534469 0.83492602 0.12737292
1779396338.44021583 0.15202509 2.62282254 0.63372440 -0.00811318 -0.53498082 0.83484557 0.12947033
1779396338.47353530 0.15972880 2.62073551 0.62422234 -0.00767804 -0.53426359 0.83493094 0.13188548
1779396338.50685477 0.16203650 2.61858508 0.61417447 -0.00688200 -0.53358443 0.83504677 0.13392977
1779396338.54017425 0.16383464 2.61710141 0.60561796 -0.00591988 -0.53288941 0.83521766 0.13566607
1779396338.57349324 0.16194488 2.61369112 0.59359201 -0.00489038 -0.53219963 0.83542825 0.13711047
1779396338.60681200 0.15894574 2.61149113 0.58472308 -0.00365110 -0.53146597 0.83564453 0.13866797
1779396338.64013100 0.15686970 2.60881318 0.57757027 -0.00226227 -0.53104029 0.83571125 0.13992070
1779396338.67344952 0.15405769 2.60616324 0.57069730 -0.00057108 -0.53067165 0.83582583 0.14065010
1779396338.70676804 0.15120814 2.60224124 0.56536854 0.00158061 -0.53028620 0.83588609 0.14173385
1779396338.74008608 0.14645756 2.60022520 0.55959809 0.00450709 -0.52993525 0.83588693 0.14297327
1779396338.77340460 0.14366739 2.59753223 0.55250738 0.00925802 -0.52924201 0.83597370 0.14479352
1779396338.80672145 0.14771382 2.59752657 0.54242525 0.01572757 -0.52761601 0.83645842 0.14734755
1779396338.84003878 0.15217177 2.59649428 0.52598337 0.02333664 -0.52453017 0.83746771 0.15156297
1779396338.87336040 0.16402854 2.59483179 0.50872480 0.03089932 -0.52154462 0.83800835 0.15741173
1779396338.90668344 0.18502123 2.59033830 0.50293318 0.03805213 -0.52087191 0.83673038 0.16470202
1779396338.94000626 0.21643425 2.58289262 0.50951324 0.04382572 -0.52263918 0.83360493 0.17329286
1779396338.97332883 0.24361611 2.57586158 0.51779973 0.05070024 -0.52474753 0.83022977 0.18107470
1779396339.00665116 0.26379815 2.57024134 0.51776108 0.05939906 -0.52508428 0.82785311 0.18819534
1779396339.03997350 0.28089250 2.56606504 0.50638707 0.06877352 -0.52347416 0.82656432 0.19502929
1779396339.07329583 0.30517257 2.56304548 0.49023761 0.07600402 -0.52144354 0.82536471 0.20271436
1779396339.10661745 0.33276264 2.55650396 0.48042075 0.08141874 -0.52052264 0.82343044 0.21068813
1779396339.13993955 0.35604681 2.54928700 0.47496455 0.08683741 -0.52011685 0.82127035 0.21783651
1779396339.17326093 0.38258277 2.54047444 0.46937361 0.09092865 -0.52076609 0.81870701 0.22417292
1779396339.20658255 0.40266917 2.53829678 0.46756769 0.09488215 -0.52211789 0.81593417 0.22943781
1779396339.23990273 0.42004964 2.52948019 0.46616385 0.09815621 -0.52317974 0.81370420 0.23352473
1779396339.27322412 0.43517951 2.52197276 0.46255325 0.10108234 -0.52398490 0.81179905 0.23707484
1779396339.30654502 0.44937613 2.51614612 0.46132791 0.10389524 -0.52507135 0.80981744 0.24021151
1779396339.33986568 0.45969289 2.50953005 0.45713593 0.10683310 -0.52582440 0.80821457 0.24266150
1779396339.37318659 0.46556230 2.50470481 0.44974555 0.10989125 -0.52576185 0.80732386 0.24439022
1779396339.40650702 0.47306940 2.50102418 0.43982397 0.11212125 -0.52531548 0.80681806 0.24600222
1779396339.43982768 0.47816401 2.49784134 0.43078954 0.11452088 -0.52499690 0.80628514 0.24732065
1779396339.47314739 0.48079315 2.49564275 0.41836034 0.11714623 -0.52406787 0.80613628 0.24854361
1779396339.50646758 0.48410802 2.49519649 0.40302573 0.12020191 -0.52229536 0.80644546 0.24980947
1779396339.53978753 0.48843049 2.49524533 0.39005079 0.12315025 -0.52102193 0.80641075 0.25114113
1779396339.57310724 0.49303417 2.49232673 0.37844800 0.12513750 -0.51984583 0.80648369 0.25235882
1779396339.60642672 0.49855028 2.48916389 0.36641377 0.12576162 -0.51834488 0.80709977 0.25316510
1779396339.63974643 0.50349188 2.48878947 0.34877387 0.12583332 -0.51722559 0.80755165 0.25397637
1779396339.67306447 0.50871970 2.48465266 0.33693630 0.12602191 -0.51621148 0.80805257 0.25435258
1779396339.70638347 0.51191609 2.48134669 0.32855605 0.12700107 -0.51522264 0.80842080 0.25470017
1779396339.73970270 0.51305677 2.47563634 0.32043223 0.12898386 -0.51394509 0.80865411 0.25554284
1779396339.77302098 0.51730030 2.47360655 0.30853035 0.13127549 -0.51269884 0.80862043 0.25698181
1779396339.80633974 0.52402346 2.47015042 0.29656058 0.13279498 -0.51156120 0.80860212 0.25852127
1779396339.83965826 0.53188531 2.46725753 0.28419967 0.13396637 -0.51032723 0.80863018 0.26026211
1779396339.87298059 0.53977394 2.46383937 0.27279346 0.13507850 -0.50924434 0.80863382 0.26179255
1779396339.90630364 0.54474307 2.46285492 0.26112901 0.13667039 -0.50822426 0.80855902 0.26317602
1779396339.93962574 0.55259350 2.46029896 0.24683608 0.13805014 -0.50676275 0.80864036 0.26501782
1779396339.97294807 0.56461588 2.45557790 0.23127780 0.13892231 -0.50505696 0.80865053 0.26777300
1779396340.00627017 0.57624081 2.45032128 0.21628466 0.14060685 -0.50341805 0.80836851 0.27081419
1779396340.03959179 0.59199091 2.44456789 0.20699641 0.14225062 -0.50247836 0.80763511 0.27387185
1779396340.07291389 0.61084910 2.43661421 0.19911706 0.14391248 -0.50182155 0.80629119 0.27813460
1779396340.10623527 0.63485708 2.42760158 0.18602585 0.14519112 -0.50136282 0.80469646 0.28287537
1779396340.13955545 0.65549095 2.41568091 0.17785061 0.14705066 -0.50053198 0.80306295 0.28798218
1779396340.17287660 0.67905838 2.40277251 0.16957792 0.14865102 -0.49997858 0.80104505 0.29368543
1779396340.20619798 0.70238205 2.39220537 0.15839679 0.15019929 -0.49919787 0.79907136 0.29954401
1779396340.23951912 0.72610093 2.38259403 0.14777718 0.15143753 -0.49861049 0.79697108 0.30543633
1779396340.27283955 0.74908029 2.37254636 0.14082568 0.15264570 -0.49865486 0.79467858 0.31069047
1779396340.30615997 0.76889423 2.36212462 0.14035676 0.15480921 -0.49990351 0.79163834 0.31534003
1779396340.33948040 0.78895967 2.35152447 0.14387021 0.15682665 -0.50187561 0.78822164 0.31973883
1779396340.37280083 0.80681625 2.34353674 0.14398193 0.15922313 -0.50348543 0.78496996 0.32399473
1779396340.40612078 0.82386059 2.33543006 0.13853627 0.16171482 -0.50393484 0.78246501 0.32809528
1779396340.43944073 0.83926997 2.32672721 0.12972218 0.16458677 -0.50363742 0.78009784 0.33272797
1779396340.47276044 0.85525150 2.31859210 0.12283156 0.16766104 -0.50385580 0.77721202 0.33758048
1779396340.50608039 0.87496052 2.31436894 0.11825624 0.17050012 -0.50491688 0.77405133 0.34180872
1779396340.53939962 0.89266537 2.30398686 0.11788952 0.17302333 -0.50588407 0.77080935 0.34640610
1779396340.57271767 0.90518671 2.29634571 0.11721724 0.17641266 -0.50683718 0.76780497 0.34995739
1779396340.60603714 0.91856282 2.28884745 0.11728129 0.17993162 -0.50778058 0.76474087 0.35348960
1779396340.63935566 0.93046732 2.28131780 0.11617751 0.18377055 -0.50864489 0.76154737 0.35714754
1779396340.67267466 0.94095468 2.27333960 0.11502846 0.18790117 -0.50926385 0.75824415 0.36112226
1779396340.70599341 0.95219855 2.26583857 0.10791366 0.19178529 -0.50897194 0.75535704 0.36551568
1779396340.73931146 0.96276920 2.25920085 0.09356109 0.19518131 -0.50748054 0.75318056 0.37025235
1779396340.77263021 0.97338713 2.25056606 0.07730363 0.19783957 -0.50556392 0.75135890 0.37513255
1779396340.80594802 0.98086071 2.24569245 0.05808884 0.20083884 -0.50326079 0.74994875 0.37943275
1779396340.83926606 0.98820879 2.23892219 0.03933344 0.20413917 -0.50082063 0.74839543 0.38394033
1779396340.87259507 1.00081607 2.23067205 0.02041957 0.20700273 -0.49861838 0.74637033 0.38917979
1779396340.90591836 1.01209133 2.22532970 -0.00587115 0.21078649 -0.49650117 0.74388974 0.39456773
1779396340.93924165 1.02925841 2.21256408 -0.02159460 0.21457542 -0.49475662 0.74033086 0.40135208
1779396340.97256470 1.04722852 2.20115737 -0.03968856 0.21849671 -0.49309753 0.73650670 0.40825470
1779396341.00588655 1.06192977 2.19087222 -0.06390836 0.22234721 -0.49040995 0.73315110 0.41539049
1779396341.03920937 1.07250507 2.18188735 -0.09316380 0.22664975 -0.48664347 0.73035561 0.42236088
1779396341.07253194 1.08163047 2.17213966 -0.12619432 0.23155748 -0.48212805 0.72751998 0.42970729
1779396341.10585427 1.09490058 2.15864517 -0.15940946 0.23635009 -0.47774486 0.72385934 0.43809376
1779396341.13917685 1.10860861 2.14395069 -0.18614652 0.24078385 -0.47497024 0.71930960 0.44611670
1779396341.17249870 1.12331887 2.12998312 -0.21001962 0.24489355 -0.47282826 0.71466382 0.45355948
1779396341.20582080 1.13369390 2.11766032 -0.23140135 0.24924512 -0.47104291 0.70984569 0.46055895
1779396341.23914266 1.14620148 2.10393837 -0.25036265 0.25338822 -0.46966070 0.70476938 0.46745412
1779396341.27246451 1.15265065 2.09402833 -0.27242915 0.25788195 -0.46857998 0.69925693 0.47430945
1779396341.30578589 1.16459698 2.08704157 -0.28836659 0.26180483 -0.46815459 0.69383798 0.48049803
1779396341.33910751 1.17082504 2.07856728 -0.30754804 0.26591518 -0.46693663 0.68881866 0.48660882
1779396341.37242842 1.18341128 2.06118286 -0.32653980 0.26892972 -0.46547367 0.68392187 0.49321592
1779396341.40574932 1.19276565 2.04867283 -0.34186804 0.27245533 -0.46485503 0.67858553 0.49919893
1779396341.43907022 1.19974753 2.03720342 -0.35579929 0.27616150 -0.46432842 0.67345136 0.50457627
1779396341.47238994 1.20512630 2.02709487 -0.36992661 0.27992328 -0.46354597 0.66860352 0.50964441
1779396341.53903127 1.20641394 2.00987534 -0.40171466 0.28596031 -0.46080327 0.66160650 0.51784543
1779396341.57235146 1.20514743 2.00337531 -0.41672468 0.28763247 -0.45951161 0.65944956 0.52080987
1779396341.60567164 1.20207452 1.99875450 -0.42909747 0.28825798 -0.45828241 0.65842721 0.52283667
1779396341.63899112 1.19769969 1.99427622 -0.44373049 0.28764781 -0.45718497 0.65830456 0.52428594
1779396341.67231107 1.19422080 1.98743659 -0.45671490 0.28606096 -0.45609727 0.65925963 0.52490108
1779396341.70563054 1.19226507 1.98630021 -0.46684983 0.28458040 -0.45499412 0.66087305 0.52463431
1779396341.73895025 1.18591762 1.98280246 -0.47935336 0.28283212 -0.45366989 0.66270599 0.52441434
1779396341.77226973 1.18289145 1.97989077 -0.48694923 0.28074736 -0.45335922 0.66421691 0.52389143
1779396341.80558896 1.17623491 1.97790674 -0.49230175 0.27883967 -0.45331790 0.66591668 0.52278705
1779396341.83890772 1.16870565 1.97845133 -0.49462538 0.27695719 -0.45375921 0.66790323 0.52086713
1779396341.87226558 1.16197377 1.97907872 -0.49602400 0.27467047 -0.45448920 0.67015218 0.51854775
1779396341.90566468 1.15299610 1.97801125 -0.49817452 0.27222323 -0.45489396 0.67262140 0.51628137
1779396341.93906498 1.14529352 1.97715819 -0.50016788 0.26965805 -0.45539579 0.67514240 0.51388904
1779396341.97246528 1.13184831 1.97688936 -0.50460479 0.26760065 -0.45612479 0.67727521 0.51150597
1779396342.00586629 1.13094906 1.97881998 -0.49906652 0.26482857 -0.45829784 0.67915593 0.50850382
1779396342.03926754 1.12757970 1.97928534 -0.49204846 0.26206237 -0.46069521 0.68101526 0.50527364
1779396342.07266903 1.11794443 1.98314518 -0.48553083 0.26043590 -0.46294083 0.68251595 0.50202679
1779396342.10607100 1.11301263 1.98757943 -0.48255453 0.25971243 -0.46420109 0.68411899 0.49904711
1779396342.13947320 1.11221710 1.98896358 -0.48542437 0.25999038 -0.46372570 0.68559461 0.49731631
1779396342.17287564 1.10184169 1.98372482 -0.49980546 0.26144504 -0.46186132 0.68609817 0.49759413
1779396342.20627880 1.09875255 1.98137568 -0.51071413 0.26278110 -0.46044411 0.68582584 0.49857822
1779396342.23968196 1.10000788 1.97745858 -0.52246814 0.26395358 -0.45912698 0.68485835 0.50049971
1779396342.27308536 1.10299267 1.97320794 -0.53151822 0.26514337 -0.45840036 0.68350467 0.50238379
1779396342.30648923 1.10689974 1.97054933 -0.53584052 0.26657115 -0.45866439 0.68192934 0.50352673
1779396342.33989263 1.11053806 1.96898986 -0.53468600 0.26824935 -0.45977677 0.68006971 0.50413570
1779396342.37329698 1.11408860 1.96750713 -0.53357821 0.26984825 -0.46107670 0.67824804 0.50454910
1779396342.40670156 1.12043705 1.96441157 -0.53547325 0.27080740 -0.46192784 0.67681060 0.50518653
1779396342.44010687 1.12693268 1.95980249 -0.53924915 0.27155138 -0.46206679 0.67573715 0.50609627
1779396342.47351265 1.13659636 1.95368346 -0.54367190 0.27174476 -0.46208841 0.67440413 0.50774812
1779396342.50691819 1.15906127 1.94719273 -0.54921558 0.27041904 -0.46247705 0.67360241 0.50916434
1779396342.54032445 1.16596142 1.93562446 -0.55425960 0.26909236 -0.46230389 0.67309718 0.51069033
1779396342.57373118 1.18077573 1.92848361 -0.55789773 0.26729304 -0.46304884 0.67232157 0.51198037
1779396342.60713792 1.19780627 1.92186100 -0.56149329 0.26563821 -0.46397092 0.67118669 0.51349367
1779396342.64054489 1.21422332 1.91661335 -0.56223239 0.26389680 -0.46512259 0.67022256 0.51460779
1779396342.67395258 1.22698680 1.91169556 -0.56873914 0.26277264 -0.46480880 0.67015896 0.51554852
1779396342.70736027 1.23133469 1.91166547 -0.58022321 0.26325824 -0.46334271 0.67056231 0.51609574
1779396342.74076891 1.23754624 1.90879008 -0.59248924 0.26373806 -0.46153447 0.67096811 0.51694290
1779396342.77417707 1.24538027 1.90487916 -0.60258783 0.26463635 -0.46001053 0.67040146 0.51857477
1779396342.80758524 1.25711935 1.89537814 -0.61771936 0.26483085 -0.45804846 0.66929195 0.52163638
1779396342.84099412 1.27172334 1.88506630 -0.63049756 0.26544440 -0.45639319 0.66729745 0.52531766
1779396342.87435865 1.29038959 1.87654975 -0.64406032 0.26676962 -0.45534882 0.66496812 0.52849676
1779396342.90767527 1.30503478 1.86487348 -0.64758967 0.26878835 -0.45477494 0.66196980 0.53172226
1779396342.94099116 1.31331223 1.85841601 -0.65216516 0.27119385 -0.45416935 0.65958698 0.53397483
1779396342.97430658 1.31950997 1.85053829 -0.66354583 0.27282953 -0.45170315 0.65896564 0.53599683
1779396343.00762200 1.32170855 1.84286476 -0.67914592 0.27363231 -0.44848302 0.65955478 0.53756472
1779396343.04093766 1.32334307 1.83735194 -0.68922358 0.27455787 -0.44642177 0.66002729 0.53822817
1779396343.07425237 1.32909755 1.83213544 -0.69187777 0.27536156 -0.44586014 0.65959625 0.53881123
1779396343.10756755 1.33711132 1.83003990 -0.69291066 0.27661972 -0.44616394 0.65849271 0.53926490
1779396343.14088202 1.34563744 1.82768837 -0.69307506 0.27797326 -0.44696706 0.65667874 0.54011512
1779396343.17419624 1.35317245 1.82889085 -0.69150113 0.28007747 -0.44829249 0.65437104 0.54073006
1779396343.20751071 1.36005704 1.82885724 -0.69132884 0.28223239 -0.44944278 0.65176291 0.54180362
1779396343.24082375 1.36132044 1.82715072 -0.69040192 0.28368347 -0.44912216 0.65008817 0.54332159
1779396343.27413750 1.35991005 1.81666376 -0.70532729 0.28350501 -0.44755178 0.64998963 0.54482639
1779396343.30745101 1.35905943 1.81202624 -0.71777886 0.28249989 -0.44564535 0.65141766 0.54520553
1779396343.34076428 1.35888170 1.81019607 -0.72896576 0.28134972 -0.44332776 0.65353903 0.54515095
1779396343.37407732 1.35650544 1.80818784 -0.74238966 0.28024246 -0.44090160 0.65535655 0.54550686
1779396343.40739012 1.35364352 1.80655746 -0.75367347 0.28021633 -0.43888307 0.65621611 0.54611435
1779396343.44070292 1.35003885 1.80440744 -0.76339301 0.28096344 -0.43760869 0.65585236 0.54718905
1779396343.47401500 1.34743305 1.80355112 -0.77173915 0.28295495 -0.43683804 0.65453238 0.54835790
1779396343.50732708 1.34433497 1.80041472 -0.77892777 0.28517511 -0.43639676 0.65237105 0.55013183
1779396343.54063940 1.34329963 1.79484014 -0.78925122 0.28688967 -0.43577471 0.64997432 0.55256502
1779396343.57395101 1.34093387 1.79063950 -0.79967668 0.28847867 -0.43510625 0.64784697 0.55475842
1779396343.60726261 1.34419706 1.78359150 -0.80680209 0.28868180 -0.43478210 0.64707488 0.55580703
1779396343.64057374 1.34306154 1.77945752 -0.81207543 0.28903916 -0.43473591 0.64661689 0.55619031
1779396343.67388368 1.33711875 1.78082784 -0.81548261 0.28963226 -0.43523236 0.64602778 0.55617808
1779396343.70719481 1.33170162 1.78027189 -0.81901567 0.29012952 -0.43573262 0.64530783 0.55636297
1779396343.74050546 1.32643143 1.77937070 -0.82380144 0.29086009 -0.43602534 0.64433798 0.55687600
1779396343.77381563 1.32409891 1.77560752 -0.82894279 0.29101658 -0.43649088 0.64330698 0.55762101
1779396343.80712581 1.32336013 1.77156078 -0.83536462 0.29094773 -0.43704511 0.64204613 0.55867500
1779396343.84043574 1.31949822 1.76570941 -0.84727577 0.29124717 -0.43631753 0.64100185 0.56028451
1779396343.87376070 1.31163167 1.76208115 -0.86400700 0.29172027 -0.43448761 0.64044293 0.56209666
1779396343.90715480 1.30009516 1.75924823 -0.88007843 0.29230652 -0.43246005 0.64068768 0.56307593
1779396343.94054914 1.28907627 1.75704916 -0.88753927 0.29325846 -0.43141202 0.64099533 0.56303476
1779396343.97394395 1.28084205 1.75020686 -0.89476547 0.29443477 -0.43098055 0.64052207 0.56328981
1779396344.00733852 1.27438858 1.75129810 -0.89933368 0.29611418 -0.43159316 0.63878956 0.56390746
1779396344.04073381 1.26871521 1.74886466 -0.90623698 0.29747769 -0.43188968 0.63683245 0.56517499
1779396344.07412934 1.25815774 1.74725464 -0.91716595 0.29864291 -0.43094892 0.63580779 0.56643083
1779396344.10752487 1.24363514 1.74616732 -0.93032935 0.29929044 -0.42900851 0.63623217 0.56708514
1779396344.14091992 1.22997520 1.74711796 -0.93919243 0.29952013 -0.42802216 0.63715355 0.56667458
1779396344.17431641 1.21700443 1.74639738 -0.94575029 0.29895715 -0.42754370 0.63857873 0.56572804
1779396344.20771289 1.20470906 1.74613109 -0.94840904 0.29815749 -0.42766268 0.64018721 0.56424027
1779396344.24110961 1.19245587 1.74736819 -0.94802603 0.29749004 -0.42842334 0.64155986 0.56245361
1779396344.27450681 1.17884938 1.75128194 -0.94690761 0.29710661 -0.42999911 0.64256970 0.56029689
1779396344.30790448 1.17355323 1.75330028 -0.94000202 0.29628026 -0.43220753 0.64326035 0.55823900
1779396344.34130216 1.17033599 1.75512071 -0.93155897 0.29463923 -0.43508120 0.64380947 0.55623865
1779396344.37470007 1.16662838 1.75295387 -0.92430092 0.29225364 -0.43761391 0.64488786 0.55425764
1779396344.40809846 1.15949425 1.75248716 -0.91876884 0.28999738 -0.43925011 0.64677161 0.55194868
1779396344.44149661 1.15133664 1.75008881 -0.91641639 0.28726655 -0.44021717 0.64907740 0.54989572
1779396344.47489548 1.14188222 1.74507894 -0.91706359 0.28476745 -0.44005380 0.65154863 0.54840180
1779396344.50829458 1.13440023 1.73994206 -0.92229449 0.28230724 -0.43947346 0.65385743 0.54739032
1779396344.54169393 1.12728525 1.73231470 -0.92598318 0.27999833 -0.43890882 0.65553912 0.54701778
1779396344.57509232 1.12300041 1.72421817 -0.92931726 0.27767174 -0.43882110 0.65691541 0.54662289
1779396344.60849214 1.12419209 1.72033231 -0.92739343 0.27560948 -0.43990536 0.65772705 0.54581848
1779396344.64189243 1.12226499 1.71797796 -0.92932471 0.27402205 -0.44164534 0.65777177 0.54515833
1779396344.67529273 1.12113694 1.71802856 -0.92559399 0.27278006 -0.44350858 0.65783081 0.54419648
1779396344.70869327 1.12315726 1.72283735 -0.91526670 0.27211709 -0.44662456 0.65749937 0.54237752
1779396344.74209452 1.12173128 1.72752254 -0.90615536 0.27153268 -0.44975017 0.65746458 0.54012509
1779396344.77549553 1.11883841 1.73114502 -0.90222996 0.27090427 -0.45140270 0.65797068 0.53844319
1779396344.80889702 1.11660131 1.73095336 -0.90169870 0.26971086 -0.45208188 0.65902921 0.53717644
1779396344.84229875 1.11356409 1.73036146 -0.90377927 0.26905832 -0.45218675 0.65971056 0.53657874
1779396344.87569189 1.11085374 1.72572934 -0.90747951 0.26809142 -0.45192765 0.66041860 0.53640997
1779396344.90904331 1.11156744 1.72079339 -0.91252054 0.26656301 -0.45167824 0.66075599 0.53696596
1779396344.94239473 1.11319982 1.71444235 -0.91682364 0.26466330 -0.45155928 0.66067159 0.53810835
1779396344.97574639 1.11693996 1.70397019 -0.92175920 0.26254115 -0.45157378 0.66040418 0.53946231
1779396345.00909734 1.11677884 1.69806523 -0.92519321 0.26139467 -0.45155410 0.66003319 0.54048858
1779396345.04244971 1.11760899 1.69687366 -0.92878092 0.26088773 -0.45166027 0.65997021 0.54072166
1779396345.07580256 1.11324084 1.69990160 -0.93218599 0.26163007 -0.45159951 0.66012576 0.54022364
1779396345.10915518 1.10737733 1.70447704 -0.93301103 0.26306779 -0.45190937 0.66032055 0.53902693
1779396345.14250851 1.10067392 1.70940017 -0.93443643 0.26490806 -0.45201379 0.66064832 0.53763469
1779396345.17586184 1.09468643 1.71439575 -0.93547569 0.26653336 -0.45213635 0.66076618 0.53658246
1779396345.20921564 1.08903051 1.71861876 -0.93633417 0.26835739 -0.45275440 0.66046387 0.53552333
1779396345.24256968 1.08164745 1.72474281 -0.93503074 0.27069050 -0.45371035 0.65990321 0.53422965
1779396345.27592349 1.07883057 1.73035050 -0.92949944 0.27269208 -0.45575704 0.65881853 0.53280643
1779396345.30927801 1.08031881 1.73265213 -0.92386971 0.27428394 -0.45821930 0.65763629 0.53133596
1779396345.34263277 1.08000211 1.73216143 -0.91887703 0.27522960 -0.46046721 0.65685928 0.52986272
1779396345.37598777 1.08251148 1.73463887 -0.91685823 0.27554451 -0.46235107 0.65618320 0.52889537
1779396345.40934324 1.09061688 1.73257294 -0.91918300 0.27451758 -0.46322645 0.65622278 0.52861424
1779396345.44269896 1.09138449 1.72872397 -0.92590984 0.27422527 -0.46284510 0.65595762 0.52942847
1779396345.47605395 1.08837025 1.72688998 -0.93315688 0.27550821 -0.46212627 0.65525538 0.53025929
1779396345.50940990 1.08414151 1.72668764 -0.93876560 0.27824676 -0.46180494 0.65336079 0.53144577
1779396345.54276633 1.08453320 1.73003526 -0.94028004 0.28126869 -0.46264292 0.65074188 0.53233866
1779396345.57612300 1.08286703 1.73216145 -0.94011904 0.28379692 -0.46354167 0.64865784 0.53275832
1779396345.60948014 1.08330318 1.73083543 -0.94354331 0.28466445 -0.46386094 0.64741396 0.53353008
1779396345.64283705 1.08789954 1.72515615 -0.95240189 0.28348872 -0.46350413 0.64698598 0.53498338
1779396345.67619491 1.08686947 1.70918294 -0.96989109 0.28147954 -0.46172184 0.64721367 0.53730501
1779396345.70955276 1.08998676 1.69732632 -0.98336211 0.28043269 -0.46053352 0.64619764 0.54008795
1779396345.74291086 1.09323367 1.68855361 -0.99539055 0.28059136 -0.45975000 0.64452229 0.54266882
1779396345.77626920 1.09463774 1.68191454 -1.00654415 0.28123008 -0.45871013 0.64331290 0.54464959
1779396345.80962777 1.09355727 1.67701080 -1.01760788 0.28185736 -0.45741558 0.64286983 0.54593571
1779396345.84298658 1.09425393 1.67052792 -1.03019045 0.28142366 -0.45587554 0.64321999 0.54703406
1779396345.87634254 1.09802403 1.66408375 -1.04240979 0.28044296 -0.45460557 0.64376622 0.54795125
1779396345.90965748 1.10101491 1.65924906 -1.05301232 0.27990794 -0.45367301 0.64395186 0.54877895
1779396345.94297314 1.10208073 1.65511382 -1.06232100 0.27996434 -0.45288356 0.64383644 0.54953716
1779396345.97628808 1.10355449 1.65332573 -1.07081833 0.28080807 -0.45207227 0.64351001 0.55015666
1779396346.00960350 1.10108513 1.64778510 -1.07839131 0.28183965 -0.45126452 0.64291347 0.55098913
1779396346.04291821 1.10219449 1.65098123 -1.08583965 0.28426530 -0.45180273 0.64120562 0.55129201
1779396346.07623315 1.09914078 1.65603539 -1.09242807 0.28738265 -0.45151543 0.64041136 0.55083420
1779396346.10954738 1.09275879 1.65883060 -1.10356402 0.29011032 -0.44996681 0.64048253 0.55058877
1779396346.14286160 1.08847974 1.65890015 -1.11583986 0.29202568 -0.44783890 0.64088374 0.55084423
1779396346.17617583 1.08512775 1.65697655 -1.13035636 0.29357503 -0.44566753 0.64107459 0.55155917
1779396346.20948958 1.08059658 1.65462834 -1.14431801 0.29522749 -0.44358009 0.64105613 0.55238073
1779396346.24280334 1.07784367 1.65204944 -1.15587808 0.29685850 -0.44181131 0.64078332 0.55324003
1779396346.27611637 1.07606003 1.64688747 -1.17053652 0.29769308 -0.43975257 0.64074487 0.55447500
1779396346.30942941 1.07671630 1.64023689 -1.18520803 0.29826731 -0.43776245 0.64049409 0.55602875
1779396346.34274125 1.07521316 1.63267016 -1.20095429 0.29922902 -0.43563701 0.63995486 0.55779940
1779396346.37605381 1.07437034 1.62336196 -1.22178389 0.30027682 -0.43300791 0.63968734 0.55958743
1779396346.40936613 1.07183228 1.62081192 -1.23448664 0.30176077 -0.43108001 0.63813686 0.56204254
1779396346.44267869 1.07377303 1.61497778 -1.24925002 0.30217445 -0.42950297 0.63734756 0.56392012
1779396346.47599030 1.07435356 1.60760718 -1.26136322 0.30239151 -0.42784345 0.63701235 0.56544198
1779396346.50930214 1.07920774 1.60225995 -1.26940090 0.30216290 -0.42736171 0.63702627 0.56591262
1779396346.54261351 1.08491656 1.59774309 -1.27495663 0.30147590 -0.42745588 0.63726150 0.56594304
1779396346.57592511 1.09306046 1.59448925 -1.27726311 0.30066520 -0.42861746 0.63732446 0.56542466
1779396346.60923576 1.10041434 1.59176715 -1.27894053 0.29957189 -0.42975057 0.63772008 0.56469835
1779396346.64254689 1.10940868 1.58841794 -1.27886293 0.29826313 -0.43121687 0.63803973 0.56391170
1779396346.67585754 1.11674282 1.58619486 -1.27817929 0.29695679 -0.43252963 0.63855544 0.56301131
1779396346.70916772 1.13083628 1.58315295 -1.27941527 0.29506608 -0.43453673 0.63902780 0.56192286
1779396346.74247789 1.14036298 1.58215719 -1.27736358 0.29357999 -0.43585778 0.64026784 0.56026411
1779396346.77578783 1.14759786 1.58101737 -1.27526632 0.29215796 -0.43702674 0.64150581 0.55867848
1779396346.80909657 1.15359004 1.58123126 -1.27343884 0.29101834 -0.43843039 0.64260827 0.55690370
1779396346.84240603 1.16104838 1.58293922 -1.26943842 0.28997248 -0.44039275 0.64333782 0.55505553
1779396346.87571645 1.16941695 1.58885599 -1.26058173 0.28963089 -0.44350987 0.64332009 0.55276777
1779396346.90907574 1.17551397 1.59563437 -1.25201724 0.29002313 -0.44633310 0.64300584 0.55065128
1779396346.94243526 1.18011688 1.59893155 -1.24778484 0.28974749 -0.44813453 0.64347310 0.54878429
1779396346.97579503 1.18203908 1.59799561 -1.25057418 0.28882995 -0.44834559 0.64489513 0.54742467
1779396347.00915527 1.18909901 1.58582546 -1.25564544 0.28654215 -0.44753900 0.64727959 0.54647193
1779396347.04251552 1.18635999 1.58519275 -1.25946215 0.28503243 -0.44784346 0.64905097 0.54490879
1779396347.07587647 1.18890287 1.58568261 -1.25783448 0.28348224 -0.44878262 0.65100329 0.54261100
1779396347.10923767 1.19103656 1.58952090 -1.25361075 0.28268340 -0.45049326 0.65240896 0.53991524
1779396347.14259934 1.19139712 1.59538201 -1.24842049 0.28280739 -0.45262380 0.65311637 0.53720636
1779396347.17596149 1.19301292 1.60598872 -1.24210171 0.28363402 -0.45540796 0.65312471 0.53440008
1779396347.20932364 1.19439078 1.61149189 -1.23861688 0.28461851 -0.45775916 0.65248158 0.53265059
1779396347.24268532 1.19458452 1.61502293 -1.23789041 0.28570297 -0.45934584 0.65154245 0.53185303
1779396347.27604795 1.19408819 1.61468468 -1.24175986 0.28638756 -0.46012953 0.65060784 0.53195151
1779396347.30941129 1.19556599 1.60680938 -1.25056716 0.28639040 -0.46006799 0.64982500 0.53295915
1779396347.34277487 1.19553809 1.59281746 -1.26117407 0.28681635 -0.45936528 0.64875791 0.53463362
1779396347.37613916 1.19010483 1.58905476 -1.27194476 0.28848112 -0.45866471 0.64696966 0.53650310
1779396347.40950346 1.18624964 1.58403522 -1.28393728 0.29017863 -0.45768436 0.64480591 0.53902386
1779396347.44286799 1.18144975 1.57860636 -1.29934313 0.29143984 -0.45632555 0.64268789 0.54201669
1779396347.47623301 1.17554156 1.56718833 -1.31808481 0.29213040 -0.45397760 0.64099065 0.54561447
1779396347.50959826 1.16943043 1.55529796 -1.34011895 0.29235212 -0.45090189 0.64024667 0.54890976
1779396347.54296398 1.16383150 1.54012383 -1.36358904 0.29184189 -0.44783129 0.63949176 0.55256288
1779396347.57633018 1.16064899 1.52790937 -1.38214739 0.29163627 -0.44605638 0.63801241 0.55580767
1779396347.60969663 1.15718055 1.51773694 -1.39734798 0.29197341 -0.44479766 0.63628618 0.55861119
1779396347.64306307 1.14980520 1.52246024 -1.40940034 0.29353797 -0.44421795 0.63386222 0.56100316
1779396347.67642951 1.14132223 1.50430583 -1.43176985 0.29469481 -0.44191156 0.63239183 0.56387030
1779396347.70979667 1.13363394 1.49690058 -1.44674726 0.29577496 -0.44059781 0.63013372 0.56685293
1779396347.74316454 1.12846099 1.48465539 -1.46464345 0.29568735 -0.43885773 0.62852615 0.57002435
1779396347.77653265 1.12223427 1.47345693 -1.48313041 0.29580747 -0.43684281 0.62717393 0.57299141
1779396347.80990148 1.11674840 1.46339765 -1.49924748 0.29578189 -0.43545511 0.62585781 0.57549450
1779396347.84327006 1.11349420 1.45132294 -1.51314102 0.29547919 -0.43456781 0.62418938 0.57812670
1779396347.87663150 1.11042248 1.44144436 -1.52573891 0.29514564 -0.43379190 0.62278595 0.58038891
1779396347.90995502 1.10470058 1.43360444 -1.53925196 0.29489774 -0.43241273 0.62256703 0.58177732
1779396347.94327807 1.09071060 1.43396891 -1.54889204 0.29521455 -0.43029190 0.62314898 0.58256552
1779396347.97660136 1.07954051 1.42327778 -1.56780748 0.29484200 -0.42781974 0.62445766 0.58317330
1779396348.00992441 1.07540597 1.41499694 -1.57974859 0.29389012 -0.42655524 0.62575893 0.58318521
1779396348.04324722 1.06989669 1.40997417 -1.58837586 0.29313621 -0.42556881 0.62721956 0.58271603
1779396348.07656980 1.06851714 1.40454639 -1.59610925 0.29192480 -0.42545313 0.62843786 0.58209569
1779396348.10989213 1.06575781 1.39917754 -1.60372920 0.29072760 -0.42499766 0.62992982 0.58141454
1779396348.14321375 1.06685296 1.39259446 -1.61009588 0.28875968 -0.42512494 0.63145858 0.58064335
1779396348.17653561 1.06813505 1.38932650 -1.61385670 0.28702080 -0.42569458 0.63310175 0.57929730
1779396348.20985794 1.07258044 1.38680625 -1.61583314 0.28492318 -0.42690526 0.63478028 0.57760253
1779396348.24317980 1.07367827 1.37830880 -1.61299519 0.28266676 -0.42781603 0.63687189 0.57573183
1779396348.27650142 1.07545511 1.37409830 -1.61466411 0.28096178 -0.42890817 0.63908201 0.57329961
1779396348.30982280 1.08190342 1.37671434 -1.61223611 0.27943619 -0.43071379 0.64104681 0.57049105
1779396348.34314442 1.08410282 1.37712701 -1.61293559 0.27824936 -0.43205022 0.64282846 0.56805058
1779396348.37646580 1.08402892 1.37551936 -1.61614407 0.27712367 -0.43237021 0.64498903 0.56590426
1779396348.40978670 1.08205084 1.37583723 -1.61982345 0.27658970 -0.43258370 0.64698276 0.56372226
1779396348.44310737 1.08028466 1.37549053 -1.62281460 0.27664839 -0.43263739 0.64883280 0.56152164
1779396348.47642851 1.07284154 1.37933725 -1.62813917 0.27788106 -0.43240743 0.64994063 0.55980632
1779396348.50974894 1.06483784 1.38294222 -1.63508531 0.27986124 -0.43181060 0.65065712 0.55844660
1779396348.54306960 1.05174692 1.37601289 -1.65044781 0.28133211 -0.42976944 0.65098447 0.55890043
1779396348.57638884 1.04189819 1.37288253 -1.66437477 0.28320775 -0.42809716 0.65108059 0.55912455
1779396348.60970902 1.02996491 1.37797825 -1.67302788 0.28643435 -0.42726186 0.65012691 0.55922953
1779396348.64302874 1.02125394 1.38667839 -1.67784804 0.28999676 -0.42758682 0.64888080 0.55859206
1779396348.67634869 1.01481335 1.39785369 -1.68032794 0.29334493 -0.42869188 0.64757304 0.55751339
1779396348.70966816 1.01248700 1.41343431 -1.67821530 0.29621440 -0.43093124 0.64647045 0.55554590
1779396348.74298787 1.01080107 1.42344099 -1.67738637 0.29846268 -0.43245210 0.64635788 0.55328717
1779396348.77630734 1.01190377 1.42931781 -1.67828091 0.29995814 -0.43351060 0.64668837 0.55126022
1779396348.80962682 1.01060937 1.43487078 -1.68205684 0.30165861 -0.43385692 0.64700318 0.54968822
1779396348.84294534 1.01023619 1.43150555 -1.69288668 0.30290232 -0.43318246 0.64725660 0.54923768
1779396348.87626886 1.00453448 1.43177663 -1.69982727 0.30497080 -0.43256773 0.64609429 0.54994558
1779396348.90965414 0.99875747 1.42904322 -1.71199657 0.30777891 -0.43134144 0.64393325 0.55187560
1779396348.94305634 0.99023201 1.42908118 -1.72481506 0.31160732 -0.43001053 0.64070141 0.55452099
1779396348.97645879 0.98103755 1.43027006 -1.73617669 0.31597173 -0.42914500 0.63664635 0.55738485
1779396349.00986075 0.97186113 1.43808402 -1.74697967 0.32057823 -0.42879880 0.63250752 0.55972799
1779396349.04326391 0.96852227 1.44510967 -1.75343074 0.32470665 -0.42922518 0.62839786 0.56164711
1779396349.07666755 0.97005043 1.44992734 -1.75808099 0.32735526 -0.42999087 0.62482318 0.56350899
1779396349.11007118 0.97246135 1.44937677 -1.76484968 0.32910878 -0.43005896 0.62246756 0.56504057
1779396349.14347529 0.97850660 1.44662545 -1.77200781 0.33051470 -0.42989382 0.62087460 0.56609722
1779396349.17687988 0.97570130 1.44271775 -1.78285357 0.33199129 -0.42821973 0.62074754 0.56664110
1779396349.21028495 0.97686463 1.43920720 -1.79285859 0.33264360 -0.42656069 0.62123418 0.56697646
1779396349.24369001 0.98849384 1.42467341 -1.80645909 0.33044494 -0.42473598 0.62289411 0.56781019
1779396349.27709579 1.00241151 1.40334852 -1.82293064 0.32668994 -0.42268173 0.62475471 0.56946939
1779396349.31050181 1.01747914 1.38367240 -1.83626563 0.32281589 -0.42120028 0.62632854 0.57104534
1779396349.34390783 1.03159562 1.36746872 -1.84487221 0.31954976 -0.42037743 0.62745569 0.57225006
1779396349.37731457 1.04640169 1.35034901 -1.85553607 0.31618938 -0.41911880 0.62926619 0.57305129
1779396349.41072154 1.05147605 1.33542656 -1.86862954 0.31321772 -0.41717172 0.63134720 0.57381454
1779396349.44412899 1.06244943 1.31470653 -1.87914565 0.30985846 -0.41497641 0.63407029 0.57422747
1779396349.47753549 1.06978859 1.29833321 -1.89044229 0.30691736 -0.41290663 0.63683479 0.57423976
1779396349.51094365 1.08573660 1.27769469 -1.90142347 0.30255463 -0.41119295 0.63990780 0.57436840
1779396349.54435182 1.09848149 1.25705803 -1.91227756 0.29849466 -0.40904020 0.64301639 0.57455807
1779396349.57776070 1.10814386 1.23914715 -1.92359480 0.29541345 -0.40651894 0.64606380 0.57452138
1779396349.61116958 1.11787219 1.22185960 -1.93179562 0.29242726 -0.40421831 0.64891091 0.57446366
1779396349.64457893 1.12365744 1.21011292 -1.93991745 0.29031832 -0.40239209 0.65129987 0.57411180
1779396349.67798901 1.13975263 1.20559548 -1.94352969 0.28809379 -0.40188791 0.65351971 0.57306201
1779396349.71139908 1.14994040 1.18475879 -1.94748220 0.28541877 -0.40055001 0.65554896 0.57301953
1779396349.74480963 1.15649302 1.17956340 -1.94943370 0.28419987 -0.40034200 0.65675317 0.57239146
1779396349.77822018 1.16403848 1.17854314 -1.95001366 0.28366439 -0.40082035 0.65743349 0.57154070
1779396349.81163120 1.17148299 1.18163803 -1.94863636 0.28379853 -0.40190681 0.65760450 0.57051348
1779396349.84504271 1.17787615 1.18557740 -1.94829376 0.28438456 -0.40318257 0.65727181 0.56970432
1779396349.87845492 1.17720920 1.19292719 -1.94916488 0.28604458 -0.40401765 0.65695227 0.56864923
1779396349.91176963 1.17754071 1.19942952 -1.95130571 0.28764213 -0.40460122 0.65656867 0.56787097
1779396349.94508553 1.18369438 1.20593571 -1.95293874 0.28916849 -0.40563589 0.65529576 0.56782795
1779396349.97840142 1.18358691 1.19473360 -1.95880440 0.28985368 -0.40528794 0.65417196 0.56902159
1779396350.01171660 1.18430628 1.19098466 -1.96586960 0.29074268 -0.40515675 0.65258063 0.57048683
1779396350.04503179 1.18327457 1.18414972 -1.97691385 0.29166791 -0.40463786 0.65053053 0.57271988
1779396350.07834697 1.17676522 1.17826591 -1.99021101 0.29327333 -0.40364863 0.64830496 0.57511670
1779396350.11166143 1.16640961 1.17125272 -2.00600426 0.29538859 -0.40147839 0.64666660 0.57739328
1779396350.14497590 1.15270211 1.16868389 -2.02179785 0.29854894 -0.39938978 0.64445187 0.57968795
1779396350.17829037 1.13350436 1.16280816 -2.04243324 0.30207532 -0.39645299 0.64185459 0.58275056
1779396350.21160460 1.10627853 1.16624413 -2.06304886 0.30666785 -0.39333451 0.63850590 0.58613396
1779396350.24491787 1.07783868 1.15771195 -2.08544472 0.31116010 -0.38987568 0.63419902 0.59073509
1779396350.27823162 1.05490845 1.14868777 -2.10560625 0.31485655 -0.38749626 0.62886315 0.59602277
1779396350.31154490 1.03063755 1.14388627 -2.12502367 0.31894564 -0.38545236 0.62232661 0.60200477
1779396350.34485722 1.00128538 1.13250106 -2.15091512 0.32316522 -0.38224453 0.61518832 0.60909498
1779396350.37817049 0.96768503 1.11951114 -2.17902446 0.32728201 -0.37815899 0.60730814 0.61729983
1779396350.41148305 0.93079956 1.09753758 -2.21119522 0.33054154 -0.37282485 0.59904573 0.62680789
1779396350.44479561 0.88336743 1.07456435 -2.24652545 0.33466998 -0.36602823 0.59055401 0.63660451
1779396350.47810769 0.82512090 1.02724157 -2.28505924 0.33809920 -0.35711622 0.58223894 0.64742162
1779396350.51141977 0.76973435 1.01059165 -2.31712927 0.34343967 -0.34999033 0.57275618 0.65689140
1779396350.54473162 0.71145679 1.00018371 -2.34401723 0.34972858 -0.34298492 0.56278652 0.66582475
1779396350.57804322 0.65355180 0.99094250 -2.36857777 0.35597726 -0.33637926 0.55289772 0.67411667
1779396350.61135483 0.59301174 0.98243399 -2.39022733 0.36225936 -0.32942839 0.54282265 0.68234058
1779396350.64466572 0.52857536 0.97918905 -2.40817612 0.36933027 -0.32262844 0.53235539 0.69000274
1779396350.67797661 0.46944726 0.97579245 -2.42406065 0.37534915 -0.31641554 0.52206322 0.69745553
1779396350.71128750 0.41699721 0.95879203 -2.44800310 0.37961102 -0.30962164 0.51336628 0.70461690
1779396350.74459815 0.35317247 0.95803106 -2.46257374 0.38538299 -0.30306015 0.50352655 0.71140390
1779396350.77790809 0.29985898 0.96184262 -2.47237597 0.39078791 -0.29796319 0.49358825 0.71754678
1779396350.81121755 0.24910016 0.96206065 -2.48170018 0.39535703 -0.29325453 0.48259307 0.72442979
1779396350.84452724 0.19972453 0.95766585 -2.49110059 0.39893886 -0.28822093 0.47132523 0.73186679
1779396350.87783718 0.15179283 0.95651416 -2.49621807 0.40262008 -0.28375221 0.45901328 0.73938391
1779396350.91115308 0.11748145 0.95609903 -2.49986048 0.40626599 -0.28060917 0.44561509 0.74674871
1779396350.94446826 0.05909384 0.94404778 -2.50691953 0.40947099 -0.27487394 0.43091317 0.75570607
1779396350.97778368 -0.00026314 0.95316802 -2.50841026 0.41454019 -0.26932398 0.41581000 0.76336300
1779396351.01109910 -0.06001205 0.96261791 -2.50710858 0.41933554 -0.26368132 0.39976611 0.77124375
1779396351.04441381 -0.12472689 0.97731474 -2.50316871 0.42501921 -0.25708044 0.38361807 0.77852777
1779396351.07772851 -0.19558028 0.99570665 -2.49552905 0.43154052 -0.24906994 0.36701299 0.78551793
1779396351.11104321 -0.26729517 1.01227217 -2.48663518 0.43771100 -0.24030849 0.35093062 0.79215441
1779396351.14435720 -0.33474196 1.02822029 -2.47888172 0.44287972 -0.23201358 0.33482570 0.79869832
1779396351.17767119 -0.40089929 1.03567120 -2.46472422 0.44758604 -0.22313998 0.32009570 0.80462042
1779396351.21098542 -0.47746084 1.05562096 -2.44736932 0.45377729 -0.21317965 0.30553966 0.80949745
1779396351.24429750 -0.54304957 1.07532532 -2.42863007 0.45936400 -0.20420998 0.29124893 0.81391465
1779396351.27761078 -0.60094857 1.09358105 -2.40937725 0.46389080 -0.19630487 0.27706968 0.81823109
1779396351.31092405 -0.65430907 1.11243150 -2.38874020 0.46818372 -0.18829265 0.26359445 0.82211182
1779396351.34423709 -0.70347298 1.13032606 -2.36900959 0.47227303 -0.18089880 0.25160146 0.82518514
1779396351.37754965 -0.73162466 1.14722974 -2.35305566 0.47544170 -0.17576933 0.24029005 0.82784118
1779396351.41086221 -0.77239448 1.16523912 -2.33209156 0.47902440 -0.16975360 0.23031310 0.82986458
1779396351.44417453 -0.80060362 1.17902447 -2.31548329 0.48158772 -0.16496116 0.22135434 0.83178323
1779396351.47748637 -0.82247550 1.19045668 -2.30216765 0.48336356 -0.16101670 0.21289843 0.83373110
1779396351.51079822 -0.83579078 1.19748034 -2.29328481 0.48365205 -0.15849737 0.20506255 0.83600756
1779396351.54410958 -0.83817934 1.20599376 -2.28810290 0.48306063 -0.15790047 0.19715990 0.83836021
1779396351.57742119 -0.82642679 1.22155128 -2.28395268 0.48248862 -0.15892672 0.18962249 0.84023231
1779396351.61073184 -0.82568566 1.23634613 -2.27627406 0.48322502 -0.15856765 0.18319661 0.84130190
1779396351.64404321 -0.82544568 1.25132701 -2.26866747 0.48465937 -0.15801120 0.17737010 0.84182991
1779396351.67735267 -0.82952353 1.25985183 -2.26174771 0.48525721 -0.15651625 0.17183196 0.84291273
1779396351.71066308 -0.83141413 1.26247623 -2.25955936 0.48471269 -0.15489417 0.16696634 0.84450201
1779396351.74397349 -0.83000121 1.26389423 -2.25743245 0.48402994 -0.15408671 0.16287797 0.84583868
1779396351.77728319 -0.82939591 1.27160191 -2.25272530 0.48445346 -0.15337508 0.15874388 0.84651126
1779396351.81059289 -0.82736207 1.28010722 -2.24795648 0.48513667 -0.15280262 0.15516629 0.84688677
1779396351.84390259 -0.82652972 1.28669020 -2.24144970 0.48585939 -0.15159939 0.15208654 0.84724728
1779396351.87721205 -0.83023750 1.29195206 -2.23149944 0.48669205 -0.14978266 0.14910679 0.84762207
1779396351.91058230 -0.83165873 1.29675016 -2.22520797 0.48742397 -0.14850236 0.14599600 0.84796822
1779396351.94399405 -0.83387445 1.30177587 -2.22067808 0.48779086 -0.14741894 0.14246451 0.84854675
1779396351.97740602 -0.83383797 1.30259621 -2.21686602 0.48764927 -0.14645574 0.13888525 0.84938790
1779396352.01081896 -0.83358481 1.30351210 -2.21259198 0.48755160 -0.14547967 0.13549108 0.85015956
1779396352.04423165 -0.83599752 1.30862400 -2.20584969 0.48831878 -0.14421489 0.13204850 0.85047635
1779396352.07764506 -0.82367296 1.31702130 -2.20139202 0.48927590 -0.14342502 0.12923483 0.85049204
1779396352.11105943 -0.82439242 1.32381973 -2.19330287 0.49009174 -0.14221796 0.12585990 0.85073111
1779396352.14447260 -0.82449063 1.32920025 -2.18676749 0.49055530 -0.14138267 0.12229610 0.85112285
1779396352.17788792 -0.81871245 1.33528435 -2.18225586 0.49100422 -0.14152376 0.11863732 0.85135837
1779396352.21130323 -0.80996531 1.34003025 -2.17849496 0.49104302 -0.14231290 0.11528655 0.85166473
1779396352.24471974 -0.80046200 1.34320750 -2.17717449 0.49071732 -0.14342866 0.11245482 0.85204380
1779396352.27813625 -0.79365496 1.34813871 -2.17393402 0.49092638 -0.14424878 0.11017750 0.85208244
1779396352.31155324 -0.78574852 1.34767938 -2.16651209 0.49126490 -0.14459792 0.10935011 0.85193474
1779396352.34497094 -0.78444975 1.35018412 -2.16385786 0.49174922 -0.14434046 0.10813937 0.85185351
1779396352.37838888 -0.79115992 1.35501001 -2.15805654 0.49274445 -0.14290761 0.10713029 0.85164748
1779396352.41180730 -0.79552809 1.36047887 -2.15226169 0.49381634 -0.14176938 0.10583431 0.85137886
1779396352.44522667 -0.80095894 1.36312644 -2.14900194 0.49442598 -0.14071686 0.10451866 0.85136218
1779396352.47864604 -0.80430141 1.36527534 -2.14583724 0.49512219 -0.14005249 0.10336330 0.85120817
1779396352.51206613 -0.77462139 1.36640757 -2.14996252 0.49504255 -0.14227590 0.10281210 0.85095247
1779396352.54548669 -0.77635289 1.36575843 -2.14678262 0.49528000 -0.14243154 0.10244781 0.85083219
1779396352.57890701 -0.77589038 1.36773571 -2.14705735 0.49571488 -0.14272351 0.10214563 0.85056630
1779396352.61232829 -0.77933935 1.36780378 -2.14557764 0.49624289 -0.14210864 0.10145739 0.85044372
1779396352.64575052 -0.78534562 1.36993433 -2.14229765 0.49718954 -0.14084782 0.10009186 0.85026235
1779396352.67917323 -0.79468926 1.37628948 -2.13626458 0.49888241 -0.13911921 0.09794502 0.84980525
1779396352.71259642 -0.80454084 1.38538888 -2.12857928 0.50079604 -0.13734386 0.09470338 0.84933577
1779396352.74601984 -0.79821323 1.39740318 -2.12340614 0.50254590 -0.13697533 0.09168187 0.84869300
1779396352.77944398 -0.80675665 1.40768916 -2.11752419 0.50455656 -0.13582622 0.08852813 0.84801927
1779396352.81286883 -0.81050759 1.41759319 -2.11323962 0.50641869 -0.13559101 0.08560114 0.84724709
1779396352.84629393 -0.81836946 1.43029447 -2.10576633 0.50895648 -0.13471917 0.08281545 0.84614162
1779396352.87971950 -0.82269836 1.44510010 -2.09835956 0.51201479 -0.13429573 0.07993867 0.84463917
1779396352.91308236 -0.83116308 1.46444878 -2.08617047 0.51606466 -0.13329545 0.07630207 0.84266695
1779396352.94639325 -0.84102349 1.48728754 -2.07275448 0.52038679 -0.13224356 0.07184668 0.84056367
1779396352.97970366 -0.84686500 1.51908815 -2.05230199 0.52572749 -0.13093491 0.06696917 0.83784354
1779396353.01301312 -0.85883661 1.54477781 -2.03486665 0.53094519 -0.12937164 0.06285080 0.83511075
1779396353.04632306 -0.86606513 1.56722393 -2.02163767 0.53556059 -0.12877231 0.05953432 0.83249518
1779396353.07963276 -0.87490543 1.58927885 -2.00651660 0.54055720 -0.12774762 0.05681988 0.82960832
1779396353.11294246 -0.88055079 1.60984144 -1.99478634 0.54512329 -0.12745389 0.05489965 0.82679026
1779396353.14625144 -0.88050373 1.62830833 -1.98587941 0.54912090 -0.12826890 0.05355780 0.82410248
1779396353.17956018 -0.86281333 1.63333066 -1.98794487 0.55198853 -0.13014707 0.05406277 0.82185620
1779396353.21286893 -0.87085661 1.65045194 -1.97631837 0.55555958 -0.12993188 0.05394324 0.81948849
1779396353.24617743 -0.87491637 1.66402983 -1.96900855 0.55846368 -0.12972961 0.05396284 0.81754300
1779396353.27948546 -0.87647417 1.67065587 -1.96798431 0.56006953 -0.12967050 0.05391209 0.81645647
1779396353.31279349 -0.87957501 1.67428021 -1.96755832 0.56093335 -0.12934008 0.05367630 0.81593123
1779396353.34610081 -0.88121386 1.67874369 -1.96808453 0.56146150 -0.12908405 0.05333709 0.81563071
1779396353.37940812 -0.88229900 1.67879962 -1.96939555 0.56154055 -0.12868514 0.05285475 0.81567072
1779396353.41271567 -0.88223564 1.66663236 -1.97512018 0.56072627 -0.12823668 0.05245031 0.81632737
1779396353.44602227 -0.88448873 1.66714138 -1.97639118 0.56049079 -0.12781260 0.05140369 0.81662212
1779396353.47932792 -0.88794393 1.66974435 -1.97618609 0.56037193 -0.12715229 0.05022614 0.81688000
1779396353.51263404 -0.89520928 1.66854060 -1.97620611 0.56023809 -0.12588906 0.04946029 0.81721411
1779396353.54594016 -0.90178562 1.66696480 -1.97525836 0.55984343 -0.12451046 0.04845759 0.81775568
1779396353.57924557 -0.90854548 1.66833999 -1.97358816 0.55983116 -0.12302303 0.04722846 0.81806105
1779396353.61255097 -0.90115227 1.65165524 -1.97651256 0.55789836 -0.12233168 0.04592301 0.81955808
1779396353.64585638 -0.90638191 1.65169313 -1.97731779 0.55722956 -0.12091484 0.04350781 0.82035474
1779396353.67916131 -0.91137839 1.65223544 -1.97477074 0.55635562 -0.11950219 0.04021023 0.82132258
1779396353.71246576 -0.91397018 1.65352877 -1.97353434 0.55517706 -0.11837331 0.03630863 0.82246451
1779396353.74576998 -0.92214700 1.65343841 -1.96980296 0.55375863 -0.11622459 0.03163058 0.82391913
1779396353.77907443 -0.93320337 1.65300748 -1.96478280 0.55218344 -0.11346999 0.02645762 0.82554104
1779396353.81237793 -0.94572219 1.65309200 -1.95779589 0.55101540 -0.11029200 0.02146706 0.82689592
1779396353.84568167 -0.94009281 1.63983900 -1.95192585 0.54913330 -0.10831916 0.01732475 0.82850433
1779396353.87898517 -0.96357966 1.64505219 -1.94497375 0.54913754 -0.10404473 0.01238340 0.82913769
1779396353.91229582 -0.98158539 1.64970474 -1.93444613 0.54928135 -0.10002291 0.00742327 0.82959647
1779396353.94560623 -0.99683396 1.65602261 -1.92252955 0.54954546 -0.09617866 0.00194616 0.82990702
1779396353.97891665 -1.01392727 1.65889205 -1.91456436 0.54875483 -0.09210846 -0.00405304 0.83088371
1779396354.01222730 -1.03390837 1.65983574 -1.90668482 0.54756639 -0.08747170 -0.00972415 0.83212090
1779396354.04553699 -1.05488503 1.65783816 -1.89915460 0.54612138 -0.08281174 -0.01514865 0.83346516
1779396354.07884693 -1.06392955 1.64772076 -1.89769666 0.54374249 -0.07908639 -0.01997285 0.83527871
1779396354.11215591 -1.08269823 1.64454126 -1.89314264 0.54181890 -0.07485546 -0.02574399 0.83675934
1779396354.14546514 -1.10242120 1.64314078 -1.88699365 0.53996081 -0.07053874 -0.03234253 0.83810535
1779396354.17877412 -1.12123375 1.64710730 -1.87613189 0.53865584 -0.06612745 -0.03979584 0.83898352
1779396354.21208310 -1.14167386 1.65202743 -1.86469772 0.53726971 -0.06163497 -0.04783219 0.83979430
1779396354.24539089 -1.16503425 1.66165178 -1.84845729 0.53652713 -0.05661505 -0.05647716 0.84008554
1779396354.27869916 -1.16554181 1.66401423 -1.84227860 0.53514631 -0.05332097 -0.06446145 0.84060694
1779396354.31200695 -1.18598666 1.67351583 -1.82909922 0.53400020 -0.04908046 -0.07339371 0.84086162
1779396354.34531355 -1.19281376 1.67808967 -1.82361309 0.53233232 -0.04673451 -0.08125669 0.84132962
1779396354.37862086 -1.19895189 1.68520036 -1.81942863 0.53072474 -0.04489945 -0.08868385 0.84169500
1779396354.41192770 -1.20553224 1.69294177 -1.81460075 0.52933423 -0.04297378 -0.09588373 0.84188172
1779396354.44523430 -1.21362564 1.69792086 -1.81114526 0.52712882 -0.04092068 -0.10334473 0.84248476
1779396354.47854066 -1.22596750 1.70151248 -1.80599007 0.52454016 -0.03782854 -0.11089572 0.84328451
1779396354.51184702 -1.24171375 1.70831894 -1.79749311 0.52266793 -0.03413111 -0.11860574 0.84355556
1779396354.54515314 -1.25252824 1.70847215 -1.79080370 0.52120484 -0.03069339 -0.12528562 0.84362726
1779396354.57845879 -1.26713819 1.72722499 -1.77674404 0.52062546 -0.02728599 -0.13477926 0.84263821
1779396354.61176419 -1.27769492 1.74652776 -1.76073822 0.52042867 -0.02384026 -0.14360067 0.84140626
1779396354.64506888 -1.29373150 1.75854568 -1.74212097 0.52019779 -0.01901657 -0.15100537 0.84037492
1779396354.67837405 -1.30678847 1.77403721 -1.72331725 0.51999374 -0.01449904 -0.15898366 0.83911887
1779396354.71167827 -1.32246705 1.78712891 -1.70441826 0.51956950 -0.00949282 -0.16653813 0.83798715
1779396354.74498296 -1.33986416 1.79950383 -1.68276466 0.51950496 -0.00380591 -0.17375344 0.83660615
1779396354.77828670 -1.36729083 1.79217001 -1.66120122 0.51807440 0.00297738 -0.18178072 0.83579053
1779396354.81158924 -1.39616902 1.81356485 -1.62597932 0.51876367 0.01178846 -0.19088293 0.83325206
1779396354.84489274 -1.42879880 1.83439462 -1.57224748 0.51816957 0.02352805 -0.20388879 0.83028675
1779396354.87819600 -1.46402007 1.86324771 -1.50980183 0.51680540 0.03695068 -0.22032351 0.82644079
1779396354.91152763 -1.49345266 1.89680164 -1.44084336 0.51535574 0.05028194 -0.23827103 0.82164902
1779396354.94491506 -1.52292933 1.93146187 -1.36610173 0.51384691 0.06426894 -0.25626757 0.81618490
1779396354.97830272 -1.54583855 1.96549826 -1.29239006 0.51209964 0.07738965 -0.27369133 0.81046768
1779396355.01169062 -1.56475317 1.99750150 -1.22162956 0.51004767 0.08970157 -0.29018412 0.80473485
1779396355.04507899 -1.59035862 2.01546999 -1.16609813 0.50685901 0.10201133 -0.30486758 0.79983960
1779396355.07846737 -1.60425627 2.04084520 -1.10371570 0.50449102 0.11315518 -0.31846384 0.79452218
1779396355.11185598 -1.61259814 2.06646699 -1.04410311 0.50190017 0.12356462 -0.33143239 0.78929118
1779396355.14524484 -1.62989582 2.08114518 -0.98723071 0.49820019 0.13404948 -0.34392451 0.78456564
1779396355.17863369 -1.63299494 2.10128025 -0.94700122 0.49521129 0.14301621 -0.35562434 0.77964317
1779396355.21202326 -1.63057519 2.12494005 -0.90297328 0.49245201 0.15087273 -0.36729865 0.77448056
1779396355.24541140 -1.62713732 2.14726204 -0.85983991 0.48939049 0.15849295 -0.37881740 0.76933368
1779396355.27880120 -1.62208054 2.16951990 -0.81515299 0.48676337 0.16573858 -0.38987611 0.76392981
1779396355.31219125 -1.61730410 2.19194259 -0.76657203 0.48459701 0.17389517 -0.40048649 0.75798204
1779396355.34558153 -1.61250301 2.21500493 -0.71722134 0.48276447 0.18211452 -0.41067768 0.75174238
1779396355.37897182 -1.60655419 2.23712509 -0.66934002 0.48111047 0.18978699 -0.42032411 0.74554762
1779396355.41236234 -1.59793472 2.25593071 -0.62777647 0.47900507 0.19628390 -0.42966622 0.73987412
1779396355.44575310 -1.59624097 2.26401016 -0.58578741 0.47546661 0.20211918 -0.43800050 0.73568668
1779396355.47914457 -1.58755330 2.28027351 -0.55995036 0.47295798 0.20648908 -0.44556505 0.73153592
1779396355.51253533 -1.57497746 2.29353307 -0.54283233 0.47043519 0.20954159 -0.45214496 0.72824995
1779396355.54592729 -1.56772010 2.30183214 -0.52915466 0.46761024 0.21236085 -0.45782139 0.72570181
1779396355.57931852 -1.55925940 2.31014313 -0.51698574 0.46479313 0.21491282 -0.46321965 0.72333076
1779396355.61271071 -1.55165810 2.31804490 -0.50565062 0.46168049 0.21767544 -0.46857250 0.72104670
1779396355.64610291 -1.54377665 2.32443911 -0.49346383 0.45887108 0.22045276 -0.47347835 0.71878799
1779396355.67949414 -1.53202854 2.33290823 -0.47850209 0.45684745 0.22297185 -0.47852165 0.71595460
1779396355.71288681 -1.51825354 2.34130039 -0.47015737 0.45490155 0.22439721 -0.48325892 0.71356239
1779396355.74627948 -1.49986633 2.35179638 -0.46774638 0.45342493 0.22436137 -0.48820555 0.71114215
1779396355.77967262 -1.48774541 2.35941437 -0.46642140 0.45154419 0.22404445 -0.49317058 0.70900966
1779396355.81306601 -1.47285518 2.37402902 -0.46013701 0.45039186 0.22449335 -0.49712435 0.70683612
1779396355.84645939 -1.45679749 2.38394720 -0.45483815 0.45015475 0.22474727 -0.50059395 0.70445374
1779396355.87985349 -1.44330832 2.39140727 -0.44732251 0.45034884 0.22567949 -0.50328925 0.70210727
1779396355.91322780 -1.43535626 2.39338351 -0.44255813 0.44969923 0.22681052 -0.50514706 0.70082383
1779396355.94660902 -1.42908649 2.39429812 -0.44606898 0.44838087 0.22688136 -0.50685945 0.70040912
1779396355.97999072 -1.42071285 2.39566867 -0.45447211 0.44694099 0.22601006 -0.50854064 0.70039248
1779396356.01337194 -1.41923171 2.39404019 -0.46196920 0.44517621 0.22576341 -0.51001364 0.70052488
1779396356.04675364 -1.41179103 2.39432114 -0.46235070 0.44441889 0.22621927 -0.51134891 0.69988497
1779396356.08013582 -1.40228635 2.39620836 -0.45403654 0.44402606 0.22744653 -0.51327958 0.69832156
1779396356.11351776 -1.39000301 2.40284439 -0.44337778 0.44336375 0.22931079 -0.51591490 0.69618745
1779396356.14689875 -1.38148198 2.40317908 -0.43234432 0.44215304 0.23146917 -0.51889802 0.69402274
1779396356.18028092 -1.36962693 2.40834351 -0.42323360 0.44100597 0.23314997 -0.52205320 0.69182027
1779396356.21366358 -1.35708848 2.41320337 -0.41755775 0.43923745 0.23462638 -0.52553920 0.68980394
1779396356.24704623 -1.34727996 2.41511080 -0.41440445 0.43696539 0.23579733 -0.52873540 0.68840377
1779396356.28042889 -1.33759336 2.41711162 -0.41073843 0.43503027 0.23723385 -0.53162541 0.68690843
1779396356.31381202 -1.32758521 2.42002693 -0.40503953 0.43318266 0.23885633 -0.53462810 0.68518116
1779396356.34719539 -1.31717280 2.42187505 -0.39819485 0.43167404 0.24056706 -0.53737987 0.68337976
1779396356.38057876 -1.30538983 2.42515681 -0.39201812 0.43048674 0.24208970 -0.54015676 0.68139887
1779396356.41396236 -1.29277569 2.43091788 -0.38173146 0.42963452 0.24390402 -0.54300944 0.67901823
1779396356.44734573 -1.28708363 2.42811601 -0.37468625 0.42813629 0.24612133 -0.54513326 0.67746094
1779396356.48072982 -1.27397247 2.43161601 -0.36500413 0.42706084 0.24797347 -0.54814218 0.67503210
1779396356.51411366 -1.26113667 2.43487850 -0.35422601 0.42596746 0.25030918 -0.55095439 0.67256695
1779396356.54749751 -1.25110731 2.43627544 -0.34048586 0.42459314 0.25341901 -0.55375011 0.66997037
1779396356.58088112 -1.23801520 2.43792423 -0.32568298 0.42330284 0.25646490 -0.55684684 0.66705477
1779396356.61426544 -1.22129154 2.44277622 -0.31271197 0.42270624 0.25891204 -0.56017443 0.66369315
1779396356.64765048 -1.21280434 2.45013627 -0.29563033 0.42168334 0.26217728 -0.56353273 0.66020989
