1779396274.33694839 0.73759356 2.41979022 1.78746064 0.04190389 -0.62281445 0.75299275 0.20820216
1779396274.34729600 0.73087558 2.41710205 1.79174133 0.04014253 -0.62365258 0.75267081 0.20720204
1779396274.35763121 0.71511228 2.41312780 1.80058991 0.03905804 -0.62522313 0.75207910 0.20481100
1779396274.36792970 0.71840915 2.40436878 1.80775564 0.03551628 -0.62669361 0.75087976 0.20536137
1779396274.37821245 0.71082910 2.40358414 1.80980244 0.03541985 -0.62721463 0.75074313 0.20428413
1779396274.37839508 0.70650104 2.40425028 1.80999453 0.03562592 -0.62729485 0.75083974 0.20364588
1779396274.38848996 0.69864416 2.40352788 1.81192414 0.03606629 -0.62780625 0.75068917 0.20254456
1779396274.39876032 0.69541144 2.39859668 1.81677646 0.03374224 -0.62888718 0.75000586 0.20212270
1779396274.40903425 0.69021234 2.39442453 1.82161288 0.03345855 -0.62994341 0.74931400 0.20144564
1779396274.41928387 0.68807964 2.39183049 1.82361652 0.03249619 -0.63051528 0.74892904 0.20124556
1779396274.42960024 0.68513056 2.38767760 1.82769216 0.03156320 -0.63145757 0.74825987 0.20092854
1779396274.43991256 0.67446092 2.38594715 1.83144324 0.03173413 -0.63230360 0.74794087 0.19942304
1779396274.45018625 0.62792840 2.37756350 1.85603122 0.03226097 -0.63611217 0.74660467 0.19209895
1779396274.45033312 0.62646275 2.37633533 1.85742221 0.03204014 -0.63640866 0.74641158 0.19190413
1779396274.46044683 0.62225252 2.37650355 1.85729937 0.03186926 -0.63657526 0.74641065 0.19138291
1779396274.47071934 0.63833666 2.37471425 1.85201821 0.03146352 -0.63613629 0.74608664 0.19415300
1779396274.48101139 0.64822091 2.37552559 1.84550494 0.03095812 -0.63545560 0.74622108 0.19593846
1779396274.49129319 0.63578450 2.37523891 1.84855384 0.03097015 -0.63609502 0.74615382 0.19410938
1779396274.50163913 0.59723371 2.37816762 1.85598727 0.03147335 -0.63732659 0.74659802 0.18819046
1779396274.51195812 0.61318458 2.37373223 1.85353572 0.02969434 -0.63735981 0.74595572 0.19089469
1779396274.52223921 0.59380177 2.37562360 1.85591750 0.02989809 -0.63787154 0.74625190 0.18797366
1779396274.53254843 0.58304406 2.37370486 1.85950756 0.02913431 -0.63869960 0.74594702 0.18648610
1779396274.54283094 0.58292636 2.37096770 1.86062206 0.02840485 -0.63919449 0.74550805 0.18665830
1779396274.55307722 0.57685036 2.37113903 1.86062527 0.02807778 -0.63941640 0.74553157 0.18585207
1779396274.55327916 0.57845428 2.37115750 1.85952013 0.02811759 -0.63932942 0.74552558 0.18616900
1779396274.56343317 0.57139570 2.36976874 1.86141525 0.02764729 -0.63986124 0.74532876 0.18519791
1779396274.57374477 0.59368393 2.37058830 1.85159154 0.02731446 -0.63870792 0.74537683 0.18899604
1779396274.58399749 0.57049954 2.36445722 1.86354200 0.02617801 -0.64085488 0.74445674 0.18548288
1779396274.59432149 0.55838661 2.36736597 1.86220774 0.02725310 -0.64082389 0.74487799 0.18373564
1779396274.60460782 0.56193324 2.36379698 1.86312113 0.02645507 -0.64131442 0.74429821 0.18448879
1779396274.61490035 0.56045196 2.36307207 1.86226811 0.02593170 -0.64149515 0.74416103 0.18448815
1779396274.62518358 0.57059434 2.36401944 1.85661419 0.02610091 -0.64086226 0.74424931 0.18629886
1779396274.63555741 0.55641584 2.36238606 1.86046206 0.02591161 -0.64174452 0.74400651 0.18424676
1779396274.64589739 0.56022398 2.36287810 1.85685148 0.02596025 -0.64148174 0.74402298 0.18508657
1779396274.65623450 0.54922763 2.36314096 1.85748422 0.02570042 -0.64186497 0.74407908 0.18356242
1779396274.66660428 0.54994038 2.36338005 1.85537974 0.02532480 -0.64176749 0.74410112 0.18386590
1779396274.67691755 0.54297841 2.36260178 1.85623125 0.02578531 -0.64216694 0.74395316 0.18300394
1779396274.68720889 0.54860631 2.36331039 1.85138379 0.02509986 -0.64176151 0.74404759 0.18413406
1779396274.69750714 0.55535123 2.36555733 1.84541810 0.02528489 -0.64103472 0.74434631 0.18542848
1779396274.70776510 0.57955910 2.36642306 1.83469884 0.02470000 -0.63975169 0.74442909 0.18956008
1779396274.71808505 0.58051314 2.36552044 1.83343765 0.02477085 -0.63984864 0.74424205 0.18995760
1779396274.72842050 0.56951745 2.36786873 1.83180307 0.02550001 -0.63985136 0.74458443 0.18850466
1779396274.73874807 0.56512337 2.36648175 1.83298093 0.02422611 -0.64027719 0.74440207 0.18794620
1779396274.74904513 0.57130477 2.36678931 1.82846127 0.02352430 -0.63990727 0.74442243 0.18921030
1779396274.75936770 0.55313224 2.36789448 1.83058309 0.02373041 -0.64049464 0.74457252 0.18658845
1779396274.76965714 0.56378647 2.36830141 1.82512377 0.02304582 -0.63990415 0.74462662 0.18847485
1779396274.76984048 0.55668354 2.36838268 1.82653748 0.02284886 -0.64018942 0.74465701 0.18740698
1779396274.78001261 0.56090700 2.36577775 1.82650699 0.02164065 -0.64046672 0.74424008 0.18825717
1779396274.79032111 0.56057613 2.36813729 1.82169114 0.02152890 -0.64001396 0.74457786 0.18847400
1779396274.80064178 0.55143390 2.36657121 1.82378153 0.02090231 -0.64065757 0.74434160 0.18728737
1779396274.81089735 0.55582665 2.36207623 1.82592983 0.01964603 -0.64126766 0.74363140 0.18815463
1779396274.82119441 0.56379482 2.36357530 1.82009094 0.02027396 -0.64063487 0.74375613 0.18974390
1779396274.83152294 0.54535195 2.36985152 1.81518493 0.01986898 -0.64017942 0.74482213 0.18712435
1779396274.84178710 0.54477837 2.36905343 1.81458387 0.01985118 -0.64031763 0.74467642 0.18723327
1779396274.85211945 0.55121095 2.36363722 1.81644134 0.01785334 -0.64098907 0.74383620 0.18847276
1779396274.86245584 0.55481655 2.36451672 1.81188470 0.01663490 -0.64062132 0.74396940 0.18930702
1779396274.87275577 0.54235084 2.36391301 1.81378877 0.01682859 -0.64121464 0.74388936 0.18758784
1779396274.88307714 0.55464908 2.36455393 1.80765679 0.01582213 -0.64052090 0.74396034 0.18975157
1779396274.89336777 0.53821863 2.36441760 1.80991026 0.01588947 -0.64118760 0.74398050 0.18740065
1779396274.90367222 0.55344277 2.36361901 1.80458283 0.01609623 -0.64065031 0.74375264 0.19010551
1779396274.91397548 0.54598116 2.36569833 1.80235117 0.01698636 -0.64052113 0.74408327 0.18916721
1779396274.92427421 0.55164102 2.36317700 1.80098823 0.01472936 -0.64067380 0.74372116 0.19026028
1779396274.93452740 0.55067930 2.36239824 1.79949265 0.01451512 -0.64076946 0.74361069 0.19038632
1779396274.94479465 0.53853014 2.36685221 1.79482285 0.01427852 -0.64036791 0.74438772 0.18871138
1779396274.95516610 0.53154487 2.36519855 1.79680677 0.01464960 -0.64091312 0.74414182 0.18779966
1779396274.96553588 0.54228922 2.36249601 1.79482752 0.01435323 -0.64091935 0.74364379 0.18976376
1779396274.97581387 0.54531775 2.36404680 1.78972966 0.01438422 -0.64042007 0.74388241 0.19051034
1779396274.98610330 0.54746777 2.36293146 1.78836968 0.01451158 -0.64045404 0.74371108 0.19105461
1779396274.99644327 0.53423235 2.36457304 1.78743373 0.01438207 -0.64062663 0.74404325 0.18918330
1779396275.00674582 0.53274051 2.36815313 1.78120454 0.01593775 -0.63991901 0.74459140 0.18929684
1779396275.01704073 0.53733462 2.36669303 1.77849006 0.01458145 -0.63984454 0.74444398 0.19023540
1779396275.02738667 0.54511747 2.36286217 1.77943050 0.01538380 -0.64019268 0.74376519 0.19165077
1779396275.03768945 0.53714688 2.36848318 1.77204691 0.01647361 -0.63931396 0.74474469 0.19068724
1779396275.04798508 0.54346506 2.36940983 1.76672415 0.01780865 -0.63872413 0.74488983 0.19197258
1779396275.05828285 0.54507282 2.36913862 1.76459479 0.01865081 -0.63860232 0.74485216 0.19244346
1779396275.06866717 0.56152867 2.37111157 1.75478597 0.01963659 -0.63731548 0.74517002 0.19535872
1779396275.07898569 0.55648414 2.37093041 1.75391862 0.02145365 -0.63742494 0.74515994 0.19484828
1779396275.08930516 0.56411505 2.37239566 1.74804771 0.02261504 -0.63667542 0.74539251 0.19627273
1779396275.08948898 0.56564635 2.37317979 1.74593775 0.02310536 -0.63640525 0.74552193 0.19659999
1779396275.09965062 0.57573353 2.37425386 1.73940642 0.02442792 -0.63558506 0.74568767 0.19845608
1779396275.10999513 0.57707231 2.37478539 1.73587369 0.02645015 -0.63523589 0.74578381 0.19895292
1779396275.12031078 0.58122580 2.37617946 1.73015160 0.02841414 -0.63458940 0.74600140 0.19992710
1779396275.13060093 0.59438657 2.37726827 1.72270256 0.02979741 -0.63360574 0.74615370 0.20226356
1779396275.14096498 0.60001648 2.37775236 1.71766214 0.03205141 -0.63305091 0.74620217 0.20347376
1779396275.15128326 0.60668043 2.37908082 1.71122843 0.03400150 -0.63227156 0.74640287 0.20483979
1779396275.16157246 0.62257573 2.37742967 1.70559020 0.03578091 -0.63166066 0.74605391 0.20767307
1779396275.17187476 0.62682804 2.37788508 1.70153101 0.03747224 -0.63119654 0.74610914 0.20858549
1779396275.18216062 0.63346147 2.37921700 1.69491290 0.03937114 -0.63040775 0.74629959 0.20993549
1779396275.19247270 0.63158357 2.38118165 1.69059926 0.04238934 -0.62989696 0.74655945 0.20995704
1779396275.20290565 0.63157197 2.38383291 1.68513380 0.04449125 -0.62917571 0.74697351 0.21021187
1779396275.21327996 0.63488028 2.38334237 1.68206513 0.04663391 -0.62890901 0.74684630 0.21099605
1779396275.22364187 0.64486265 2.38302270 1.67606287 0.04688997 -0.62827506 0.74686334 0.21276028
1779396275.23398399 0.64957017 2.38343566 1.67178604 0.04875544 -0.62775513 0.74689998 0.21374477
1779396275.24436355 0.64765604 2.38598435 1.66687314 0.05126135 -0.62714435 0.74726320 0.21368189
1779396275.25474524 0.66817467 2.38396148 1.65936579 0.05286121 -0.62627531 0.74685692 0.21723185
1779396275.26510835 0.67452600 2.38864955 1.64848960 0.05758196 -0.62462771 0.74744295 0.21875460
1779396275.27541614 0.67293992 2.38583761 1.65074482 0.05690609 -0.62526005 0.74705977 0.21843368
1779396275.28573656 0.67686493 2.38689654 1.64614357 0.06068937 -0.62457026 0.74705999 0.21938589
1779396275.29607701 0.67378363 2.39385865 1.63522796 0.06343283 -0.62302859 0.74816834 0.21921631
1779396275.30637741 0.67334296 2.39845533 1.62675997 0.06575926 -0.62184736 0.74889747 0.21939501
1779396275.31671810 0.67642057 2.39934426 1.62253263 0.06739886 -0.62132902 0.74898440 0.22006819
1779396275.32700062 0.67756922 2.39884383 1.62063668 0.06949145 -0.62119295 0.74880680 0.22040563
1779396275.33732772 0.68023707 2.40166806 1.61348636 0.07159605 -0.62024359 0.74920217 0.22106110
1779396275.34764552 0.68089113 2.40196087 1.61122469 0.07337269 -0.62000569 0.74915870 0.22129309
1779396275.35803556 0.68249539 2.40242837 1.60781912 0.07556294 -0.61962920 0.74912979 0.22170804
1779396275.36839008 0.67564259 2.40584095 1.60346930 0.07790132 -0.61902092 0.74966112 0.22080013
1779396275.37871027 0.68640535 2.40572599 1.59742887 0.08077236 -0.61826882 0.74939651 0.22276527
1779396275.38905406 0.68812085 2.40775020 1.59211590 0.08243302 -0.61756538 0.74966735 0.22319649
1779396275.39932656 0.68805876 2.40858054 1.58917808 0.08506052 -0.61721161 0.74962740 0.22332329
1779396275.40959096 0.69229701 2.41044372 1.58263873 0.08719937 -0.61636190 0.74982088 0.22419394
1779396275.41984344 0.69688571 2.41075056 1.57816313 0.08967703 -0.61583379 0.74968446 0.22512216
1779396275.43017077 0.69869719 2.41067331 1.57602898 0.09119489 -0.61562609 0.74955981 0.22549524
1779396275.44044805 0.69995748 2.41362418 1.56918624 0.09393385 -0.61465798 0.74988661 0.22592493
1779396275.45070100 0.70371932 2.41324400 1.56599507 0.09595005 -0.61435842 0.74966361 0.22663140
1779396275.46103096 0.70628462 2.41432611 1.56170002 0.09830830 -0.61377481 0.74965970 0.22721419
1779396275.47129369 0.71177614 2.41430125 1.55741487 0.10084303 -0.61328609 0.74940410 0.22826376
1779396275.48155117 0.71607638 2.41337470 1.55462376 0.10272231 -0.61306093 0.74909077 0.22905774
1779396275.49190688 0.72027561 2.41480547 1.54893747 0.10449087 -0.61232816 0.74918460 0.22990936
1779396275.50226784 0.72621587 2.41345693 1.54631037 0.10708123 -0.61211113 0.74866040 0.23100041
1779396275.51252675 0.73067389 2.41322037 1.54236432 0.10909826 -0.61173086 0.74841855 0.23184607
1779396275.52284408 0.73621933 2.41284939 1.53820413 0.11118500 -0.61132038 0.74812625 0.23287850
1779396275.53314209 0.74324028 2.41194166 1.53498472 0.11378682 -0.61095110 0.74762580 0.23419431
1779396275.54343462 0.74874278 2.41084105 1.53161745 0.11489683 -0.61076955 0.74730934 0.23513405
1779396275.55378056 0.75454026 2.41040098 1.52808647 0.11617872 -0.61043189 0.74706084 0.23616839
1779396275.56407547 0.75966911 2.41140210 1.52213016 0.11891520 -0.60968974 0.74690546 0.23721264
1779396275.57432318 0.76704466 2.41076254 1.51748587 0.12107158 -0.60923227 0.74650081 0.23856707
1779396275.58459640 0.77572748 2.40865818 1.51427587 0.12240072 -0.60909647 0.74591090 0.24007598
1779396275.59490061 0.78738647 2.40626890 1.50986191 0.12369362 -0.60883226 0.74526485 0.24208156
1779396275.60514712 0.79170565 2.40809557 1.50374899 0.12601263 -0.60794993 0.74528468 0.24304000
1779396275.61546254 0.79357237 2.40919142 1.49907365 0.12942544 -0.60730019 0.74504132 0.24361644
1779396275.62572718 0.78933191 2.41161269 1.49563020 0.13065016 -0.60687154 0.74536950 0.24302631
1779396275.63597345 0.79337109 2.41080616 1.49319442 0.13141832 -0.60672077 0.74513283 0.24371335
1779396275.64623451 0.82364648 2.41011542 1.47651069 0.13222232 -0.60490239 0.74471254 0.24902528
1779396275.65655422 0.81766446 2.41049175 1.47721490 0.13202432 -0.60512895 0.74491447 0.24797372
1779396275.66680455 0.81579366 2.40767348 1.48002615 0.13018391 -0.60596722 0.74477115 0.24732936
1779396275.67711473 0.84877973 2.40753199 1.46094640 0.13214567 -0.60374419 0.74425297 0.25321532
1779396275.68744349 0.83053294 2.41084126 1.46323730 0.13089007 -0.60410638 0.74527513 0.24997651
1779396275.69770885 0.85546147 2.40887557 1.45060423 0.13265273 -0.60278152 0.74456496 0.25432403
1779396275.70801377 0.84137843 2.40903911 1.45606609 0.13143750 -0.60364394 0.74496248 0.25173217
1779396275.71831179 0.85062161 2.40903225 1.44884987 0.13140058 -0.60295488 0.74499566 0.25329974
1779396275.72858477 0.85331498 2.40519559 1.45068860 0.13129675 -0.60359665 0.74443381 0.25347693
1779396275.73884511 0.85402535 2.40703316 1.44600641 0.13108445 -0.60306888 0.74486784 0.25356793
1779396275.74912071 0.87039482 2.40832933 1.43245579 0.13106535 -0.60153981 0.74513132 0.25641968
1779396275.75942850 0.86852265 2.40608418 1.43473644 0.13145884 -0.60209565 0.74479661 0.25588556
1779396275.76969647 0.86373498 2.40687125 1.43437523 0.12985698 -0.60222530 0.74533263 0.25483548
1779396275.76990128 0.86377313 2.40619038 1.43499487 0.13014156 -0.60237272 0.74518246 0.25478104
1779396275.78004980 0.87507701 2.40641195 1.42651028 0.12975390 -0.60147178 0.74532727 0.25667663
1779396275.79036617 0.87189398 2.40367124 1.43028030 0.12973269 -0.60227546 0.74498564 0.25579307
1779396275.80062866 0.87379216 2.40370052 1.42700652 0.12940326 -0.60205398 0.74516801 0.25595006
1779396275.81095815 0.87630270 2.40199627 1.42670729 0.12851979 -0.60228061 0.74509418 0.25607692
1779396275.82125711 0.88134789 2.39928176 1.42580594 0.12790593 -0.60250218 0.74483365 0.25662041
1779396275.83155131 0.90795938 2.39801482 1.40987392 0.12780947 -0.60077224 0.74469796 0.26107930
1779396275.84186411 0.89204709 2.39883437 1.41668213 0.12758578 -0.60168045 0.74504889 0.25807878
1779396275.85222030 0.88705174 2.39891157 1.41769931 0.12577890 -0.60199236 0.74553586 0.25682903
1779396275.86255383 0.90441845 2.39972338 1.40420270 0.12568003 -0.60043045 0.74581064 0.25971963
1779396275.87284398 0.89828219 2.39920235 1.40699692 0.12451611 -0.60095569 0.74610143 0.25822595
1779396275.88316989 0.90043934 2.39971309 1.40400081 0.12306308 -0.60071533 0.74650319 0.25832064
1779396275.89341855 0.91728565 2.40079012 1.39068138 0.12319918 -0.59914245 0.74677333 0.26111276
1779396275.90373611 0.93202314 2.39878326 1.38405768 0.12264416 -0.59859016 0.74654155 0.26329440
1779396275.91400456 0.92527401 2.40054074 1.38442515 0.12014782 -0.59875608 0.74737116 0.26170978
1779396275.92426467 0.93785803 2.39763065 1.38071503 0.12000014 -0.59862421 0.74688508 0.26346101
1779396275.93452668 0.92743590 2.40132002 1.38065161 0.11868638 -0.59865306 0.74785348 0.26123405
1779396275.94477487 0.92721600 2.40029238 1.38205306 0.11812186 -0.59906402 0.74776869 0.26079017
1779396275.95509958 0.93375997 2.40477094 1.37066833 0.11577886 -0.59762317 0.74901668 0.26156417
1779396275.96552777 0.92472220 2.41440712 1.36076204 0.11384286 -0.59606152 0.75119631 0.25972020
1779396275.97583890 0.93377870 2.41442897 1.35508951 0.11374224 -0.59555949 0.75122159 0.26084041
1779396275.98614359 0.93200303 2.41595191 1.35383291 0.11278509 -0.59548529 0.75166632 0.26014330
1779396275.99644852 0.91975615 2.42377631 1.34909069 0.11212664 -0.59467215 0.75324390 0.25771355
1779396276.00675464 0.92976557 2.42348008 1.34340992 0.11181295 -0.59414640 0.75326814 0.25898848
1779396276.01704621 0.92333535 2.42773229 1.34048262 0.11070585 -0.59371271 0.75426953 0.25754011
1779396276.02734399 0.94234253 2.42558925 1.33239889 0.11114929 -0.59294548 0.75382725 0.26039579
1779396276.03771043 0.94598594 2.42096749 1.33758682 0.11116386 -0.59408681 0.75293070 0.26038207
1779396276.04804373 0.94092435 2.43788172 1.31307669 0.10987556 -0.59014566 0.75649110 0.25957018
1779396276.05832815 0.93143443 2.44616175 1.30538133 0.10936138 -0.58883729 0.75818226 0.25781852
1779396276.06868649 0.94148986 2.44713443 1.29683996 0.10804591 -0.58783419 0.75873292 0.25903937
1779396276.07898092 0.93514474 2.45726150 1.28326856 0.10771516 -0.58571319 0.76082461 0.25784380
1779396276.08923793 0.94246963 2.45650332 1.28020380 0.10869591 -0.58535426 0.76060742 0.25888594
1779396276.08942699 0.94639407 2.45774243 1.27536965 0.11089044 -0.58462936 0.76052083 0.25984590
1779396276.09953094 0.94751377 2.46137795 1.26776042 0.11039359 -0.58354767 0.76142853 0.25983064
1779396276.10986137 0.94797850 2.46560276 1.25926791 0.10937747 -0.58236082 0.76257721 0.25955432
1779396276.12015533 0.95073647 2.47078323 1.24655944 0.11052502 -0.58055399 0.76361392 0.26006742
1779396276.13044310 0.95101318 2.47366521 1.24032066 0.11045159 -0.57968124 0.76432843 0.25994646
1779396276.14083958 0.94765936 2.47697613 1.23572753 0.10878525 -0.57907225 0.76540770 0.25882843
1779396276.15120029 0.94687805 2.47939422 1.23069130 0.10708577 -0.57844008 0.76634598 0.25817350
1779396276.16155100 0.94961019 2.48135294 1.22319952 0.10673786 -0.57751603 0.76702880 0.25835843
1779396276.17185140 0.94847004 2.48353401 1.21873028 0.10622857 -0.57691597 0.76770563 0.25789828
1779396276.18214512 0.94726610 2.48139521 1.22178237 0.10493651 -0.57761773 0.76765409 0.25700833
1779396276.19246697 0.94621187 2.48242025 1.21848177 0.10504733 -0.57728069 0.76806132 0.25650315
1779396276.20277929 0.94529638 2.48178309 1.21872486 0.10430452 -0.57748188 0.76820153 0.25593292
1779396276.21311903 0.94206896 2.47980022 1.22303363 0.10217191 -0.57830353 0.76833570 0.25453128
1779396276.22343040 0.94063617 2.47951935 1.22184105 0.10357397 -0.57833899 0.76825494 0.25412750
1779396276.23378229 0.94086915 2.47489177 1.22755985 0.10281087 -0.57952715 0.76767761 0.25347444
1779396276.24416733 0.94363106 2.47394787 1.22545451 0.10210707 -0.57940313 0.76780337 0.25366148
1779396276.25447679 0.93117186 2.47413740 1.23132473 0.09997472 -0.58036002 0.76832534 0.25072588
1779396276.26477194 0.93526565 2.45885655 1.25347333 0.09923379 -0.58432955 0.76554999 0.25028952
1779396276.27507210 0.93314362 2.45735361 1.25608347 0.09761872 -0.58488640 0.76564041 0.24934565
1779396276.28537917 0.93229599 2.45622875 1.25621604 0.09742991 -0.58511875 0.76566098 0.24881062
1779396276.29568505 0.92828203 2.45707698 1.25495006 0.09738790 -0.58505670 0.76604276 0.24779578
1779396276.30597448 0.92904188 2.45871573 1.24903425 0.09826793 -0.58433967 0.76645802 0.24785616
1779396276.31624246 0.92722835 2.45807339 1.24969820 0.10136928 -0.58453084 0.76594710 0.24773575
1779396276.32654953 0.93135945 2.45756712 1.24530725 0.10231355 -0.58412726 0.76594063 0.24831882
1779396276.33682847 0.93049173 2.45646597 1.24545603 0.10126814 -0.58437998 0.76607719 0.24773078
1779396276.34709644 0.92442910 2.45462736 1.25077506 0.09792357 -0.58537208 0.76635871 0.24585530
1779396276.35736680 0.91971970 2.45369380 1.25392873 0.09601184 -0.58602655 0.76657027 0.24438622
1779396276.36763883 0.91637671 2.45243139 1.25610791 0.09567485 -0.58657631 0.76650168 0.24341268
1779396276.37791681 0.91515776 2.45111175 1.25745959 0.09535587 -0.58697777 0.76639121 0.24291740
1779396276.38828826 0.91176640 2.44953976 1.26030408 0.09484471 -0.58762840 0.76627340 0.24191407
1779396276.39858198 0.90833612 2.44821321 1.26265397 0.09460080 -0.58822821 0.76614429 0.24095891
1779396276.40879726 0.90348958 2.44738103 1.26560695 0.09531190 -0.58881335 0.76593062 0.23992659
1779396276.41912007 0.89939822 2.44558873 1.26927321 0.09481751 -0.58960674 0.76573184 0.23880594
1779396276.42937708 0.89041045 2.44504044 1.27400382 0.09431859 -0.59048081 0.76573066 0.23683957
1779396276.43963671 0.89007586 2.44341336 1.27512867 0.09463144 -0.59094016 0.76542766 0.23654835
1779396276.45007539 0.88328666 2.44362370 1.27749057 0.09472685 -0.59141209 0.76547699 0.23516704
1779396276.46039104 0.88849270 2.43960685 1.27934501 0.09357604 -0.59208290 0.76497308 0.23557917
1779396276.47070813 0.88355827 2.43816960 1.28245883 0.09337736 -0.59278445 0.76480459 0.23443808
1779396276.48101854 0.88062788 2.43792358 1.28285113 0.09284482 -0.59304928 0.76490555 0.23364908
1779396276.49136567 0.87791094 2.43927700 1.28093345 0.09363411 -0.59288725 0.76508144 0.23316894
1779396276.50165963 0.87631178 2.43826703 1.28159584 0.09223232 -0.59322225 0.76519356 0.23250671
1779396276.51197553 0.87693215 2.43670504 1.28155466 0.09127168 -0.59350153 0.76514019 0.23234865
1779396276.52233362 0.87597271 2.43738230 1.27955019 0.09020500 -0.59334268 0.76549760 0.23199344
1779396276.53262949 0.87275235 2.43775416 1.27872268 0.08952258 -0.59340623 0.76576365 0.23121589
1779396276.54293418 0.86863609 2.43969991 1.27577801 0.08914207 -0.59309626 0.76630925 0.23034896
1779396276.55328679 0.86692409 2.44167086 1.27094571 0.08904643 -0.59255690 0.76683649 0.23001925
1779396276.56359172 0.86457311 2.44378385 1.26723838 0.08814174 -0.59208837 0.76746250 0.22948573
1779396276.57389569 0.85846011 2.44255146 1.27056896 0.08674603 -0.59279107 0.76749703 0.22808373
1779396276.58418560 0.85371533 2.44401920 1.26841017 0.08611884 -0.59263493 0.76796834 0.22713877
1779396276.59441924 0.85498370 2.44434275 1.26545938 0.08611941 -0.59238394 0.76811532 0.22729622
1779396276.60477519 0.85005347 2.44592801 1.26314575 0.08604711 -0.59221579 0.76853076 0.22635554
1779396276.61511993 0.84980428 2.44500997 1.26239174 0.08572708 -0.59236608 0.76850982 0.22615469
1779396276.62541533 0.84764100 2.44438702 1.26294053 0.08503452 -0.59263236 0.76854510 0.22559795
1779396276.62559938 0.84753941 2.44504429 1.26123747 0.08508218 -0.59243348 0.76869490 0.22559201
1779396276.63578272 0.84351108 2.44626433 1.25946721 0.08507784 -0.59231971 0.76900256 0.22484259
1779396276.64612246 0.83892072 2.44722223 1.25790109 0.08517408 -0.59228246 0.76926885 0.22399175
1779396276.65647984 0.83386422 2.44847698 1.25608432 0.08541966 -0.59221985 0.76955699 0.22307212
1779396276.66676664 0.83077871 2.44847780 1.25567341 0.08492351 -0.59235020 0.76969299 0.22244536
1779396276.67711544 0.82515613 2.44974280 1.25412212 0.08527991 -0.59231105 0.76996742 0.22146134
1779396276.68741488 0.82458008 2.44882884 1.25330866 0.08471168 -0.59249093 0.76994835 0.22126448
1779396276.69771504 0.81834520 2.45034132 1.25123745 0.08491250 -0.59240163 0.77030351 0.22018781
1779396276.70805645 0.81464712 2.45096522 1.25030993 0.08524434 -0.59241304 0.77043610 0.21956412
1779396276.71839523 0.80843372 2.45253940 1.24802628 0.08503005 -0.59226934 0.77087861 0.21847904
1779396276.72873950 0.80543396 2.45300964 1.24599585 0.08551743 -0.59222770 0.77098080 0.21804067
1779396276.73903871 0.80223711 2.45316306 1.24519066 0.08490104 -0.59228947 0.77117474 0.21742705
1779396276.74939299 0.79943019 2.45478842 1.24084757 0.08581770 -0.59187676 0.77146497 0.21716128
1779396276.75969720 0.79763348 2.45426130 1.23953159 0.08547696 -0.59197422 0.77151028 0.21686885
1779396276.76998448 0.79432196 2.45572859 1.23621827 0.08608788 -0.59163814 0.77180569 0.21649288
1779396276.77017379 0.79470661 2.45644390 1.23382150 0.08633553 -0.59134995 0.77195195 0.21666012
1779396276.78033924 0.79146052 2.45636365 1.23317535 0.08646627 -0.59144825 0.77199824 0.21617416
1779396276.79064202 0.79019638 2.45801206 1.22728593 0.08753751 -0.59083070 0.77231044 0.21631654
1779396276.80097628 0.78528990 2.45782443 1.22717023 0.08781081 -0.59106440 0.77230508 0.21558524
1779396276.81133556 0.78544330 2.45848385 1.22299191 0.08756227 -0.59066116 0.77259611 0.21574867
1779396276.81151557 0.78541490 2.45862325 1.22174821 0.08763578 -0.59054752 0.77265609 0.21581511
1779396276.82168722 0.78332841 2.45868580 1.21988731 0.08805735 -0.59048349 0.77269821 0.21566786
1779396276.83194470 0.78378110 2.45824625 1.21659631 0.08833541 -0.59031872 0.77269607 0.21601260
1779396276.84227395 0.77216604 2.46032208 1.21584237 0.08937442 -0.59037462 0.77299545 0.21435498
1779396276.85263872 0.77190475 2.46048762 1.21269465 0.08980616 -0.59013496 0.77306836 0.21457140
1779396276.86293197 0.77384601 2.45819693 1.21167686 0.08893650 -0.59039492 0.77285236 0.21499622
1779396276.87325644 0.77724492 2.45751907 1.20693028 0.08895838 -0.59008804 0.77283496 0.21589033
1779396276.88360071 0.78011078 2.45761668 1.20211227 0.08912267 -0.58964005 0.77293970 0.21667019
1779396276.88377905 0.77774443 2.45769476 1.20220190 0.08950109 -0.58971983 0.77291941 0.21636929
1779396276.89394140 0.77699755 2.45919779 1.19681243 0.08992081 -0.58914938 0.77324682 0.21657937
1779396276.90423989 0.77519074 2.45920743 1.19405850 0.09018699 -0.58908343 0.77326600 0.21657956
1779396276.91453671 0.77360501 2.45904976 1.19141507 0.09092723 -0.58903836 0.77317669 0.21671144
1779396276.92486620 0.76475723 2.46275516 1.18681480 0.09140243 -0.58845071 0.77388553 0.21557492
1779396276.93519688 0.77037245 2.46058745 1.18367991 0.09149508 -0.58846767 0.77350497 0.21685137
1779396276.94551802 0.77052381 2.46023107 1.18013999 0.09231071 -0.58833044 0.77336602 0.21737299
1779396276.95577741 0.77065874 2.46146056 1.17487372 0.09298130 -0.58780654 0.77355511 0.21783123
1779396276.95596457 0.77021563 2.46113559 1.17473642 0.09274588 -0.58789180 0.77352731 0.21780022
1779396276.96607995 0.76858979 2.46172646 1.17159727 0.09332630 -0.58768283 0.77358865 0.21789838
1779396276.97639108 0.76986860 2.46139459 1.16739978 0.09345088 -0.58747331 0.77354940 0.21854831
1779396276.98677611 0.76681371 2.46233054 1.16302314 0.09369243 -0.58717227 0.77375980 0.21850908
1779396276.99712443 0.76893580 2.46095783 1.16128983 0.09442051 -0.58724614 0.77340246 0.21926095
1779396277.00748563 0.76915621 2.46114974 1.15667890 0.09452813 -0.58694217 0.77347663 0.21976629
1779396277.01779175 0.77033364 2.46062151 1.15252048 0.09454292 -0.58673541 0.77343997 0.22044003
1779396277.02813745 0.76915831 2.46075070 1.14959464 0.09510291 -0.58656864 0.77343467 0.22066148
1779396277.02832580 0.76945540 2.46072634 1.14836630 0.09537012 -0.58647642 0.77340945 0.22087953
1779396277.03847814 0.76960934 2.46100717 1.14407252 0.09567063 -0.58612088 0.77350806 0.22134751
1779396277.04878187 0.76606482 2.46193424 1.13967941 0.09664099 -0.58577477 0.77364051 0.22137931
1779396277.05909157 0.76951311 2.45933752 1.13774676 0.09665011 -0.58594352 0.77321019 0.22242964
1779396277.06939530 0.76560824 2.46107863 1.13313861 0.09678659 -0.58545382 0.77363155 0.22219451
1779396277.07970619 0.77024933 2.46017978 1.12710798 0.09733954 -0.58497626 0.77350019 0.22366325
1779396277.09002876 0.76888575 2.46130584 1.12057040 0.09836466 -0.58431449 0.77371494 0.22420117
1779396277.10034251 0.77282477 2.45876719 1.11912994 0.09769093 -0.58447271 0.77340645 0.22514572
1779396277.10053372 0.77227181 2.45915479 1.11733482 0.09783183 -0.58428148 0.77350657 0.22523694
1779396277.11070800 0.77353051 2.45869988 1.11362291 0.09824346 -0.58401246 0.77345235 0.22594054
1779396277.12100720 0.77327610 2.45843815 1.10892654 0.09830869 -0.58367564 0.77353750 0.22649036
1779396277.13130808 0.77303525 2.45776243 1.10490867 0.09874260 -0.58343771 0.77348679 0.22708704
1779396277.14164400 0.77107147 2.45875878 1.09998429 0.09936506 -0.58291170 0.77372840 0.22734313
1779396277.15200710 0.77466291 2.45774556 1.09402377 0.09944300 -0.58244680 0.77369529 0.22860975
1779396277.16233063 0.77514394 2.45777683 1.08813477 0.10004607 -0.58191465 0.77377799 0.22942045
1779396277.17264628 0.77164378 2.45807369 1.08382569 0.09984823 -0.58159712 0.77405219 0.22938684
1779396277.18299055 0.77604454 2.45629095 1.08051642 0.10033987 -0.58144417 0.77371971 0.23067815
1779396277.19330168 0.77732373 2.45584714 1.07466288 0.10051397 -0.58096087 0.77378560 0.23159717
1779396277.20361137 0.77686634 2.45549005 1.06934872 0.10132317 -0.58051995 0.77379675 0.23231186
1779396277.21391511 0.77679413 2.45581445 1.06448563 0.10154485 -0.58004761 0.77396828 0.23282293
1779396277.22425365 0.77810760 2.45480349 1.05948122 0.10175987 -0.57969978 0.77392439 0.23373945
1779396277.23456454 0.76910939 2.45726910 1.05415351 0.10294631 -0.57908957 0.77444167 0.23301809
1779396277.24483800 0.77758542 2.45432754 1.04993810 0.10240821 -0.57889106 0.77409439 0.23489482
1779396277.24503899 0.77708844 2.45439433 1.04865618 0.10259933 -0.57877828 0.77412237 0.23499709
1779396277.25513935 0.77731907 2.45357955 1.04523438 0.10289622 -0.57854501 0.77408006 0.23558035
1779396277.26546216 0.76759068 2.45676703 1.03863536 0.10379210 -0.57772306 0.77483521 0.23472040
1779396277.27578020 0.77794381 2.45354858 1.03187969 0.10330758 -0.57725855 0.77450948 0.23713958
1779396277.28616071 0.77870261 2.45369254 1.02581252 0.10371521 -0.57661121 0.77469814 0.23791900
1779396277.29652214 0.77881400 2.45334193 1.02181887 0.10394041 -0.57628018 0.77475090 0.23845039
1779396277.30689454 0.77634045 2.45309741 1.01515543 0.10433658 -0.57570147 0.77499134 0.23889354
1779396277.31726456 0.77886660 2.45243315 1.00796439 0.10436283 -0.57501896 0.77513046 0.24007159
1779396277.32759881 0.77742479 2.45255713 1.00364253 0.10448672 -0.57461999 0.77533726 0.24030507
1779396277.33793879 0.77650076 2.45252067 0.99736173 0.10481138 -0.57403124 0.77555552 0.24086582
1779396277.34831166 0.77163222 2.45319680 0.99237218 0.10505675 -0.57358127 0.77591247 0.24068121
1779396277.35865879 0.77456307 2.45126209 0.98938827 0.10492597 -0.57350217 0.77570689 0.24158772
1779396277.35890627 0.77633463 2.45106045 0.98684098 0.10495461 -0.57323308 0.77574122 0.24210313
1779396277.36904192 0.77722523 2.45033434 0.98258759 0.10528085 -0.57289932 0.77572621 0.24279859
1779396277.37941837 0.77454529 2.44966083 0.97904424 0.10526913 -0.57274721 0.77581759 0.24287055
1779396277.38978529 0.76907865 2.45112932 0.97461460 0.10626320 -0.57225380 0.77614018 0.24256988
1779396277.38998294 0.77548087 2.45051793 0.96956298 0.10632569 -0.57167610 0.77611852 0.24396993
1779396277.40012383 0.77900860 2.44832676 0.96682865 0.10567320 -0.57165216 0.77593609 0.24488806
1779396277.40032101 0.77670270 2.44839267 0.96632107 0.10564853 -0.57165796 0.77602298 0.24460967
1779396277.41046953 0.77857384 2.44853174 0.95977930 0.10614408 -0.57096332 0.77617164 0.24554411
1779396277.42077565 0.77684125 2.44898339 0.95315957 0.10616866 -0.57032052 0.77652623 0.24590595
1779396277.43105721 0.78283184 2.44785031 0.94432345 0.10572063 -0.56947715 0.77667988 0.24756270
1779396277.44141650 0.78577269 2.44665104 0.93946081 0.10551522 -0.56909822 0.77667515 0.24853465
1779396277.45179605 0.78609678 2.44717058 0.93140887 0.10568955 -0.56825567 0.77703755 0.24925461
1779396277.46210313 0.78433117 2.44688701 0.92633849 0.10605604 -0.56787271 0.77717416 0.24954564
1779396277.47243094 0.78776584 2.44683363 0.91879635 0.10660312 -0.56705361 0.77730341 0.25076960
1779396277.47266817 0.78619669 2.44605072 0.92013042 0.10628578 -0.56736809 0.77721207 0.25047591
1779396277.48280573 0.78977648 2.44549101 0.91340743 0.10645589 -0.56671770 0.77729091 0.25162876
1779396277.49309802 0.78954644 2.44458980 0.90906824 0.10738822 -0.56648202 0.77714146 0.25222419
1779396277.50340295 0.79082473 2.44346423 0.90373933 0.10760143 -0.56616299 0.77710152 0.25297159
1779396277.51376510 0.78903033 2.44181579 0.90404339 0.10819275 -0.56654655 0.77673614 0.25298281
1779396277.52413082 0.78931212 2.44029245 0.90092594 0.10879427 -0.56657055 0.77646278 0.25350969
1779396277.53444839 0.79026344 2.43868016 0.89740462 0.10937425 -0.56655169 0.77617678 0.25417721
1779396277.54479790 0.79316563 2.43639443 0.89599739 0.10981591 -0.56677617 0.77567796 0.25500772
1779396277.55510592 0.79114286 2.43551163 0.89356564 0.11149997 -0.56684668 0.77529401 0.25528765
1779396277.56540680 0.78567402 2.43602007 0.89053188 0.11315557 -0.56675940 0.77522488 0.25496273
1779396277.57570672 0.79467239 2.43263077 0.88534036 0.11378303 -0.56663606 0.77452884 0.25706434
1779396277.58607554 0.79867306 2.42995830 0.88413302 0.11399818 -0.56692184 0.77396764 0.25802740
1779396277.59639907 0.79941103 2.42824102 0.88149134 0.11507529 -0.56702555 0.77351642 0.25867363
1779396277.60674930 0.79979234 2.42734565 0.87710143 0.11599371 -0.56684072 0.77331498 0.25927012
1779396277.61710215 0.79446602 2.42882982 0.87177508 0.11785772 -0.56633706 0.77346062 0.25909566
1779396277.62745690 0.79945862 2.42813672 0.86483718 0.11824450 -0.56568548 0.77342141 0.26045631
1779396277.63790512 0.80286103 2.42625466 0.86039308 0.11922263 -0.56550673 0.77300740 0.26162503
1779396277.64819479 0.81104730 2.42409106 0.85227082 0.11963908 -0.56485025 0.77272992 0.26366485
1779396277.65854263 0.81013441 2.42452833 0.84708015 0.11988830 -0.56436203 0.77296889 0.26389654
1779396277.66888523 0.81410693 2.42334938 0.84016772 0.12094431 -0.56377471 0.77276592 0.26526098
1779396277.67916155 0.81658315 2.42280143 0.83284164 0.12265609 -0.56305834 0.77257717 0.26654325
1779396277.68944550 0.81880260 2.42207571 0.82605862 0.12352829 -0.56245713 0.77252432 0.26756105
1779396277.69983125 0.82877793 2.41882307 0.82013032 0.12376620 -0.56208090 0.77200153 0.26974177
1779396277.71017361 0.83293890 2.41732395 0.81320099 0.12504547 -0.56149169 0.77170886 0.27121238
1779396277.72052908 0.83728377 2.41519638 0.80769141 0.12552886 -0.56117676 0.77141401 0.27247675
1779396277.73091197 0.84405195 2.41312064 0.80194661 0.12575867 -0.56074575 0.77112911 0.27405995
1779396277.73109436 0.84288355 2.41284050 0.80169999 0.12650708 -0.56079098 0.77096543 0.27408345
1779396277.74120617 0.84932399 2.40961965 0.79914737 0.12653767 -0.56089108 0.77039662 0.27546046
1779396277.75170326 0.85232188 2.40743599 0.79508205 0.12747752 -0.56078497 0.76994667 0.27649924
1779396277.76200294 0.85434703 2.40443546 0.79393494 0.12821452 -0.56114382 0.76930467 0.27721646
1779396277.77229261 0.85094417 2.40449530 0.79160757 0.12946106 -0.56105559 0.76920760 0.27708506
1779396277.78262544 0.85092154 2.40398982 0.78581319 0.13027756 -0.56062065 0.76919033 0.27763012
1779396277.79291964 0.86274733 2.39864143 0.78185085 0.13092749 -0.56073939 0.76806175 0.28019720
1779396277.80326104 0.86212062 2.39657002 0.78268043 0.12952625 -0.56132006 0.76801041 0.27982631
1779396277.80343914 0.86607404 2.39530065 0.78052481 0.12960836 -0.56119194 0.76777799 0.28068173
1779396277.81359315 0.86400439 2.39364454 0.78189584 0.13019986 -0.56175504 0.76734610 0.28046252
1779396277.82389569 0.86773511 2.39050384 0.78038090 0.13002884 -0.56212014 0.76681446 0.28126328
1779396277.83419609 0.88034443 2.38610647 0.77323992 0.13042892 -0.56177072 0.76597791 0.28404188
1779396277.84448218 0.88392492 2.38357873 0.77200731 0.13038021 -0.56204165 0.76551252 0.28478196
1779396277.85480428 0.88990024 2.38112584 0.76597552 0.13121169 -0.56170055 0.76503797 0.28634401
1779396277.86510992 0.88810667 2.37970485 0.76569173 0.13149774 -0.56210511 0.76476239 0.28615499
1779396277.87540555 0.89412388 2.37704244 0.76050312 0.13183744 -0.56190698 0.76431126 0.28758952
1779396277.88569307 0.89818294 2.37436116 0.75910868 0.13156127 -0.56216229 0.76388563 0.28834692
1779396277.89602494 0.90147456 2.37243417 0.75473442 0.13140886 -0.56204000 0.76371416 0.28910801
1779396277.90635514 0.90295912 2.37113598 0.75063909 0.13184203 -0.56187631 0.76355927 0.28963759
1779396277.91671062 0.89983063 2.37076679 0.75014971 0.13225276 -0.56207087 0.76351571 0.28918733
1779396277.92702389 0.90446393 2.36891712 0.74413643 0.13285567 -0.56165321 0.76325868 0.29039840
1779396277.93731761 0.91114366 2.36645206 0.73815002 0.13279417 -0.56128919 0.76300131 0.29180328
1779396277.94767809 0.91455929 2.36437755 0.73564766 0.13252426 -0.56131309 0.76277876 0.29246110
1779396277.95797515 0.90647562 2.36701641 0.73065391 0.13378830 -0.56072538 0.76339420 0.29140528
1779396277.96828508 0.90869008 2.36609880 0.72434948 0.13401720 -0.56018673 0.76349367 0.29207470
1779396277.97861481 0.92029543 2.36021491 0.72206684 0.13355712 -0.56053330 0.76252910 0.29413312
1779396277.98895526 0.91377022 2.36247041 0.71791562 0.13402496 -0.56001363 0.76320853 0.29314637
1779396277.99926972 0.91989936 2.35894803 0.71525478 0.13385599 -0.56015399 0.76270312 0.29426864
1779396278.00953174 0.91671635 2.35957368 0.71109531 0.13473943 -0.55979849 0.76294026 0.29392703
1779396278.01982784 0.92361055 2.35502463 0.71151562 0.13401690 -0.56038123 0.76225841 0.29491433
1779396278.01997948 0.92511988 2.35352009 0.71272426 0.13393947 -0.56072130 0.76195413 0.29508938
1779396278.03009105 0.92420840 2.35271999 0.71137323 0.13414884 -0.56079830 0.76192165 0.29493179
1779396278.04034424 0.92491491 2.35015394 0.71198655 0.13365465 -0.56135882 0.76165848 0.29476953
1779396278.05066252 0.92198383 2.34989346 0.71059278 0.13432759 -0.56147585 0.76166892 0.29421321
1779396278.06103611 0.92124821 2.34797879 0.71261061 0.13477495 -0.56210014 0.76123466 0.29394035
1779396278.07137966 0.91650775 2.34867859 0.71058057 0.13541195 -0.56205397 0.76149138 0.29306966
1779396278.08167911 0.92386591 2.34329437 0.71224466 0.13381276 -0.56295422 0.76083118 0.29379006
1779396278.09203577 0.92103946 2.34275841 0.71191735 0.13417290 -0.56322475 0.76083776 0.29308943
1779396278.10240865 0.91518358 2.34340994 0.71298992 0.13379145 -0.56354486 0.76120508 0.29169140
1779396278.11276722 0.91804282 2.34235432 0.70874068 0.13377237 -0.56327442 0.76125627 0.29208864
1779396278.12306976 0.91654792 2.34272276 0.70607031 0.13355366 -0.56307989 0.76159550 0.29167919
1779396278.12325644 0.91389944 2.34352184 0.70558884 0.13330347 -0.56302590 0.76190162 0.29109782
1779396278.13338351 0.91018040 2.34627794 0.69943989 0.13413681 -0.56215765 0.76258367 0.29060666
1779396278.14373350 0.90251928 2.34825597 0.69895523 0.13346129 -0.56225504 0.76336609 0.28866861
1779396278.15412736 0.90798830 2.34794923 0.69037260 0.13239856 -0.56132676 0.76390963 0.28952541
1779396278.16448975 0.89910156 2.35227459 0.68491568 0.13457580 -0.56051312 0.76460215 0.28826716
1779396278.17483568 0.90157552 2.35144580 0.68209956 0.13237492 -0.56041993 0.76513220 0.28806094
1779396278.18519998 0.89991786 2.35171002 0.68063968 0.13363754 -0.56047978 0.76497225 0.28778616
1779396278.19549584 0.89512626 2.35357928 0.67785265 0.13382468 -0.56029222 0.76549345 0.28667642
1779396278.20583653 0.89407597 2.35132642 0.68412489 0.13132123 -0.56163307 0.76546028 0.28529562
1779396278.20601988 0.89767080 2.35076152 0.68112792 0.13130035 -0.56132315 0.76542574 0.28600695
1779396278.21614027 0.89237924 2.35431043 0.67466218 0.13258656 -0.56041626 0.76611994 0.28533254
1779396278.22643661 0.89128243 2.35462962 0.67254287 0.13152431 -0.56047480 0.76654062 0.28457835
1779396278.23667240 0.89280423 2.35296396 0.67366103 0.13074061 -0.56108117 0.76635220 0.28425186
1779396278.24698138 0.88789607 2.35621641 0.66759998 0.13049555 -0.56027148 0.76735809 0.28324608
1779396278.25727153 0.88513091 2.35481611 0.67309085 0.12768015 -0.56152447 0.76760006 0.28138620
1779396278.26753688 0.88733497 2.35693783 0.66198125 0.12801815 -0.56013413 0.76837483 0.28188870
1779396278.27785563 0.88500001 2.35727523 0.66173254 0.12671661 -0.56032781 0.76881886 0.28087936
1779396278.28812528 0.87747969 2.35872913 0.66419795 0.12484955 -0.56092893 0.76959903 0.27836785
1779396278.29839396 0.87545775 2.36161325 0.65515852 0.12523143 -0.55975019 0.77051684 0.27802989
1779396278.30872917 0.87511542 2.36149165 0.65398980 0.12417330 -0.55981854 0.77086261 0.27740770
1779396278.31900334 0.87009582 2.36302381 0.65199773 0.12295178 -0.55974519 0.77169425 0.27578284
1779396278.32929683 0.87207099 2.36407946 0.64418576 0.12273017 -0.55882972 0.77234151 0.27592615
1779396278.33961415 0.86657559 2.36614209 0.64098173 0.12105933 -0.55853660 0.77345832 0.27412358
1779396278.34986305 0.85826551 2.37065060 0.63443315 0.12226912 -0.55749312 0.77450397 0.27275499
1779396278.36016297 0.85939252 2.36898582 0.63556571 0.12009548 -0.55804022 0.77476014 0.27187298
1779396278.37042642 0.85651363 2.37215335 0.62670179 0.12038445 -0.55674629 0.77582600 0.27135800
1779396278.38073206 0.85100523 2.37392632 0.62412480 0.11915569 -0.55650645 0.77679275 0.26962105
1779396278.39103103 0.84702875 2.37750909 0.61349610 0.11965494 -0.55494357 0.77806374 0.26895564
1779396278.40131021 0.84102346 2.38069589 0.60651471 0.11842011 -0.55398232 0.77951456 0.26727760
1779396278.41162634 0.84055208 2.38005443 0.60715459 0.11680774 -0.55430115 0.77985147 0.26634165
1779396278.41180563 0.84004597 2.38064950 0.60529065 0.11683003 -0.55404273 0.78007935 0.26620219
1779396278.42190719 0.83317651 2.38460598 0.59711940 0.11733280 -0.55277433 0.78131195 0.26500036
1779396278.43220520 0.83169084 2.38432728 0.59663357 0.11537015 -0.55296248 0.78191886 0.26367618
1779396278.44251966 0.82551549 2.38817152 0.58749304 0.11516594 -0.55164145 0.78334811 0.26228661
1779396278.45282602 0.82478941 2.38716618 0.58934870 0.11382534 -0.55215862 0.78350652 0.26130858
1779396278.46313167 0.82086234 2.38920013 0.58357384 0.11352031 -0.55142804 0.78444073 0.26017876
1779396278.47342181 0.82070232 2.38938656 0.57857797 0.11270271 -0.55092228 0.78509206 0.25964052
1779396278.48370528 0.81370212 2.39145693 0.57708879 0.11225007 -0.55080964 0.78587612 0.25769629
1779396278.49398685 0.81577895 2.39115757 0.57232359 0.11079957 -0.55031175 0.78649876 0.25748812
1779396278.50427580 0.81318256 2.39169960 0.56929909 0.10995053 -0.55005412 0.78716849 0.25635351
1779396278.51452255 0.81102815 2.39193662 0.56704570 0.10845474 -0.54993448 0.78786504 0.25510453
1779396278.52472615 0.81159025 2.39247865 0.56189465 0.10808767 -0.54931473 0.78841393 0.25489968
1779396278.53500223 0.80476981 2.39346366 0.56232104 0.10667845 -0.54955632 0.78916630 0.25263433
1779396278.54527187 0.80142018 2.39391511 0.56062441 0.10633247 -0.54950842 0.78963132 0.25142846
1779396278.55555415 0.80093984 2.39343657 0.55997877 0.10620381 -0.54961982 0.78972438 0.25094661
1779396278.56587434 0.80019383 2.39357405 0.55595856 0.10523275 -0.54924840 0.79036106 0.25016326
1779396278.57622313 0.78988713 2.39599008 0.55520021 0.10559745 -0.54922498 0.79106889 0.24781266
1779396278.58662868 0.79677205 2.39154402 0.55827516 0.10389514 -0.55016547 0.79056231 0.24806248
1779396278.59702015 0.78786646 2.39453622 0.55545214 0.10458793 -0.54972433 0.79134288 0.24625386
1779396278.60738897 0.79527733 2.39083874 0.55461303 0.10287628 -0.55003308 0.79119501 0.24676009
1779396278.61776423 0.79226378 2.39075173 0.55338524 0.10272339 -0.55004903 0.79152374 0.24573185
1779396278.62816238 0.79052403 2.39091281 0.55103395 0.10322775 -0.54983954 0.79174624 0.24527210
1779396278.62842703 0.79073575 2.39011813 0.55260315 0.10282846 -0.55016253 0.79164663 0.24503694
1779396278.63852382 0.78638564 2.39049202 0.55269915 0.10280612 -0.55028944 0.79193561 0.24382457
1779396278.64889121 0.78911063 2.38834168 0.55128315 0.10224969 -0.55037769 0.79194623 0.24382486
1779396278.65927768 0.78685507 2.38768867 0.55104885 0.10215763 -0.55053195 0.79212432 0.24293510
1779396278.66965795 0.78854157 2.38759984 0.54447339 0.10236717 -0.54967486 0.79259185 0.24326253
1779396278.67999673 0.78268904 2.38895191 0.53949064 0.10271877 -0.54899311 0.79339869 0.24202051
1779396278.69039512 0.78468542 2.38747348 0.53786773 0.10277692 -0.54897035 0.79339048 0.24207438
1779396278.70075655 0.78201168 2.38726970 0.53624958 0.10266032 -0.54888269 0.79373836 0.24118056
1779396278.71108675 0.77888473 2.38773772 0.53356804 0.10309479 -0.54857284 0.79409816 0.24051488
1779396278.72139788 0.78167094 2.38526679 0.53349750 0.10260418 -0.54888128 0.79394279 0.24053391
1779396278.73172355 0.77988647 2.38550952 0.52878789 0.10329175 -0.54835362 0.79433805 0.24013785
1779396278.74202466 0.77997386 2.38429716 0.52888565 0.10326026 -0.54859926 0.79425483 0.23986543
1779396278.74217129 0.78099519 2.38437628 0.52562861 0.10382422 -0.54816375 0.79435869 0.24027340
1779396278.75232196 0.77577406 2.38394819 0.52966745 0.10399437 -0.54895520 0.79421671 0.23885809
1779396278.76266384 0.77113370 2.38471714 0.52650078 0.10512853 -0.54871124 0.79447868 0.23804957
1779396278.77304816 0.77435802 2.38037250 0.53413886 0.10469208 -0.55039891 0.79342069 0.23787437
1779396278.78345823 0.77125529 2.37984249 0.53565830 0.10466889 -0.55089464 0.79336410 0.23692387
1779396278.79384661 0.77324951 2.37758718 0.53657644 0.10561910 -0.55151824 0.79271093 0.23723746
1779396278.80414081 0.76897952 2.37615623 0.54240251 0.10651169 -0.55284559 0.79201742 0.23606231
1779396278.81446671 0.77296149 2.37351728 0.54316956 0.10674257 -0.55348871 0.79138140 0.23658350
1779396278.82476854 0.77356763 2.37073920 0.54895819 0.10677323 -0.55481881 0.79054791 0.23624049
1779396278.83506536 0.76541540 2.37199393 0.55012749 0.10828202 -0.55529312 0.79045667 0.23473987
1779396278.84536624 0.76930673 2.36835491 0.55485937 0.10839614 -0.55659287 0.78943092 0.23506057
1779396278.85588288 0.77626701 2.36506411 0.55515304 0.10784077 -0.55715065 0.78882377 0.23603089
1779396278.85623813 0.77319375 2.36524841 0.55736908 0.10793252 -0.55755833 0.78874486 0.23528881
1779396278.86630487 0.77127607 2.36549294 0.55561420 0.10885199 -0.55754340 0.78869562 0.23506557
1779396278.87666512 0.77494005 2.36245171 0.55756695 0.10876772 -0.55839643 0.78799571 0.23542679
1779396278.88697886 0.77917033 2.35965891 0.55829135 0.10827400 -0.55900527 0.78750681 0.23584501
1779396278.89732504 0.78468279 2.35715627 0.55740750 0.10783464 -0.55930088 0.78711800 0.23664210
1779396278.90764189 0.78503037 2.35607198 0.55607326 0.10842801 -0.55950176 0.78687197 0.23671428
1779396278.91795826 0.78658402 2.35451051 0.55496863 0.10854380 -0.55977442 0.78661522 0.23686989
1779396278.92831659 0.78770067 2.35295011 0.55457472 0.10856669 -0.56013495 0.78635096 0.23688455
1779396278.93868876 0.79094219 2.35240807 0.54862899 0.10935750 -0.55955437 0.78636746 0.23783623
1779396278.94898129 0.79333760 2.34988391 0.55006547 0.10957351 -0.56023893 0.78578299 0.23805689
1779396278.95931196 0.79337814 2.34892363 0.54797963 0.11077276 -0.56031999 0.78547728 0.23831986
1779396278.96960235 0.79943150 2.34615133 0.54685036 0.11067528 -0.56058905 0.78497601 0.23938165
1779396278.97986102 0.80358385 2.34311408 0.54699304 0.11131854 -0.56113653 0.78424869 0.24018318
1779396278.99015832 0.80904008 2.34226756 0.53686461 0.11212931 -0.56003418 0.78444614 0.24172915
1779396279.00049591 0.81296012 2.33878453 0.53908535 0.11313590 -0.56091764 0.78341800 0.24254466
1779396279.01080418 0.81730203 2.33605882 0.53931914 0.11330974 -0.56138267 0.78281366 0.24333756
1779396279.02109241 0.81605016 2.33689889 0.53208138 0.11512919 -0.56058647 0.78300097 0.24371614
1779396279.03139496 0.82537097 2.33234747 0.53065686 0.11588782 -0.56101901 0.78195662 0.24570620
1779396279.04174399 0.83116259 2.33109823 0.52295250 0.11616925 -0.56021443 0.78204425 0.24712605
1779396279.05207419 0.83301426 2.32889700 0.52326346 0.11716737 -0.56073179 0.78137583 0.24759538
1779396279.06244731 0.83800359 2.32694767 0.51754323 0.11874147 -0.56037834 0.78089577 0.24915532
1779396279.07277036 0.83935895 2.32624368 0.51236678 0.12003048 -0.56000088 0.78073805 0.24987955
1779396279.08314157 0.83898626 2.32629724 0.50832134 0.12119629 -0.55966284 0.78069684 0.25020273
1779396279.09347248 0.84920641 2.32205045 0.50391966 0.12249408 -0.55966251 0.77968381 0.25271770
1779396279.10378098 0.85364502 2.31897561 0.50377525 0.12272495 -0.56019203 0.77900829 0.25351443
1779396279.11407447 0.85403740 2.32056200 0.49165352 0.12506287 -0.55856452 0.77938688 0.25479609
1779396279.12436652 0.86020767 2.31633611 0.49253250 0.12550337 -0.55933690 0.77837074 0.25598854
1779396279.13467026 0.86525003 2.31393331 0.48798432 0.12653691 -0.55917275 0.77785726 0.25739527
1779396279.14493155 0.86475582 2.31330352 0.48436623 0.12829893 -0.55902764 0.77750008 0.25791686
1779396279.15522814 0.87218153 2.30988796 0.48083651 0.12891241 -0.55900903 0.77681812 0.25970003
1779396279.16553211 0.87868620 2.30615813 0.47857967 0.12935091 -0.55928014 0.77605804 0.26116658
1779396279.17581773 0.88510057 2.30331033 0.47296441 0.13023350 -0.55901333 0.77552251 0.26288432
1779396279.18620420 0.88493941 2.30150902 0.47473962 0.13158253 -0.55968514 0.77471946 0.26315078
1779396279.19655132 0.88987783 2.29744739 0.47647404 0.13112101 -0.56058318 0.77392429 0.26380858
1779396279.20691800 0.88675853 2.29770817 0.47251461 0.13363885 -0.56038916 0.77353688 0.26409344
1779396279.21726751 0.89589787 2.29192017 0.47329020 0.13437749 -0.56131319 0.77205495 0.26608523
1779396279.22764301 0.89825651 2.28914089 0.47452203 0.13515231 -0.56200393 0.77119480 0.26672834
1779396279.23800135 0.90585317 2.28378165 0.47557833 0.13551592 -0.56294791 0.76988535 0.26833119
1779396279.24831676 0.90834726 2.28103419 0.47478292 0.13672265 -0.56345656 0.76898446 0.26923322
1779396279.25861835 0.91774961 2.27745751 0.46768891 0.13705350 -0.56297855 0.76844898 0.27158361
1779396279.26890898 0.91914122 2.27259762 0.47673701 0.13758002 -0.56509880 0.76679065 0.27160112
1779396279.27928805 0.92400730 2.26962079 0.47305170 0.13835324 -0.56521175 0.76605686 0.27304018
1779396279.28962922 0.92491519 2.26849155 0.46887005 0.13946914 -0.56510584 0.76565239 0.27382507
1779396279.29988694 0.92988840 2.26515815 0.46844619 0.13942970 -0.56561290 0.76489662 0.27490829
1779396279.31019211 0.93447859 2.26239882 0.46523162 0.13934018 -0.56573197 0.76441057 0.27605820
1779396279.32048631 0.94732229 2.25627460 0.46107718 0.13817161 -0.56596255 0.76350963 0.27865397
1779396279.33079410 0.94829047 2.25566895 0.45748804 0.13797226 -0.56576006 0.76354665 0.27906222
1779396279.33098245 0.95024020 2.25466828 0.45663748 0.13794952 -0.56580741 0.76334188 0.27953726
1779396279.34114099 0.96078537 2.25042676 0.45031862 0.13755449 -0.56545784 0.76276243 0.28201005
1779396279.35149312 0.96431694 2.24838672 0.44709945 0.13615141 -0.56544629 0.76280416 0.28260060
1779396279.36181784 0.96876749 2.24827341 0.43323340 0.13759147 -0.56374231 0.76294791 0.28490995
1779396279.37218189 0.97311390 2.24741894 0.42467700 0.13656241 -0.56272859 0.76346232 0.28602890
1779396279.38255167 0.97823012 2.24570028 0.41692501 0.13550196 -0.56195666 0.76373584 0.28731776
1779396279.39287281 0.98640455 2.24443487 0.40065307 0.13496427 -0.55986224 0.76441282 0.28984817
1779396279.40322685 0.99124597 2.24312269 0.39254935 0.13363745 -0.55890097 0.76492891 0.29095446
1779396279.40343523 0.99303431 2.24267356 0.38934334 0.13343486 -0.55851044 0.76505175 0.29147392
1779396279.41354871 0.99529353 2.24253710 0.38124226 0.13305961 -0.55747367 0.76553702 0.29235480
1779396279.42382765 0.99902381 2.24203044 0.36929253 0.13149580 -0.55590277 0.76656344 0.29336234
1779396279.43415260 1.00562296 2.23984255 0.35892310 0.13061162 -0.55470305 0.76691623 0.29510104
1779396279.44450545 1.00997684 2.23852929 0.34964992 0.13032214 -0.55358414 0.76723688 0.29649335
1779396279.45483589 1.00711867 2.24022706 0.34059203 0.13031397 -0.55233160 0.76815372 0.29645900
1779396279.46520495 1.00803711 2.23920690 0.33520595 0.13003332 -0.55185697 0.76834521 0.29696945
1779396279.47551346 1.01413993 2.23608867 0.32815384 0.12981736 -0.55128563 0.76815032 0.29862468
1779396279.48580599 1.01176878 2.23656257 0.32503949 0.13019851 -0.55100713 0.76833272 0.29850346
1779396279.49611425 1.01244902 2.23535258 0.32087290 0.13071323 -0.55079693 0.76815105 0.29913335
1779396279.50642943 1.01273013 2.23426809 0.31670731 0.13127048 -0.55058044 0.76799417 0.29969017
1779396279.51675248 1.01767505 2.23158486 0.31159036 0.13084983 -0.55020461 0.76785777 0.30091137
1779396279.52705741 1.02039465 2.22923873 0.30753464 0.13125799 -0.55009247 0.76746557 0.30193742
1779396279.53735876 1.02361869 2.22661177 0.30339347 0.13094418 -0.54994380 0.76726978 0.30284074
1779396279.54771757 1.02435375 2.22560665 0.29852699 0.13113546 -0.54949786 0.76731833 0.30344385
1779396279.55803657 1.02335918 2.22451978 0.29638137 0.13077225 -0.54953258 0.76739981 0.30333164
1779396279.56843042 1.02950006 2.22154242 0.28687222 0.13005997 -0.54852271 0.76758699 0.30498763
1779396279.57874274 1.02890625 2.22061036 0.28319377 0.13053737 -0.54834179 0.76747788 0.30538332
1779396279.58904719 1.02819415 2.22009078 0.27957985 0.13037845 -0.54804617 0.76767096 0.30549658
1779396279.59934020 1.03182119 2.21718156 0.27564514 0.13037723 -0.54794368 0.76730995 0.30658596
1779396279.60965848 1.03230531 2.21556049 0.27308013 0.13011128 -0.54799466 0.76721428 0.30684711
1779396279.62001872 1.03499300 2.21283448 0.27017364 0.12963210 -0.54806130 0.76698493 0.30750356
1779396279.63036156 1.03181046 2.21276861 0.27169601 0.12993354 -0.54858470 0.76679436 0.30691774
1779396279.64066958 1.03980259 2.20731278 0.26986828 0.12901225 -0.54901540 0.76600815 0.30849547
1779396279.65101123 1.03691764 2.20610924 0.27328217 0.12852061 -0.54997318 0.76575293 0.30762707
1779396279.66136765 1.04315156 2.20263049 0.26827723 0.12799850 -0.54967320 0.76546240 0.30910042
1779396279.67168355 1.03977935 2.20231669 0.26809930 0.12798926 -0.55001837 0.76546322 0.30848761
1779396279.68201876 1.03543322 2.20267066 0.26673565 0.12786350 -0.55011788 0.76574349 0.30766563
1779396279.69237566 1.03714514 2.20081585 0.26422387 0.12790910 -0.55012150 0.76549956 0.30824671
1779396279.69255519 1.03809456 2.19967673 0.26560185 0.12762762 -0.55049632 0.76525784 0.30829438
1779396279.70272803 1.03593195 2.19964186 0.26321879 0.12758804 -0.55039557 0.76546555 0.30797482
1779396279.71303415 1.03958102 2.19614820 0.26114368 0.12664072 -0.55064697 0.76519024 0.30859996
1779396279.72335577 1.04000419 2.19388520 0.26173915 0.12655518 -0.55127232 0.76472054 0.30868286
1779396279.73368692 1.03954633 2.19222992 0.26460644 0.12615732 -0.55211619 0.76433100 0.30830206
1779396279.74402332 1.04104644 2.18925721 0.26674098 0.12568224 -0.55304185 0.76371303 0.30836844
1779396279.75437212 1.03975990 2.18796121 0.26583947 0.12617010 -0.55338819 0.76339108 0.30834504
1779396279.76473069 1.03447479 2.18812418 0.26784123 0.12619193 -0.55408689 0.76337135 0.30712781
1779396279.77498269 1.03182661 2.18803738 0.26704744 0.12701395 -0.55428872 0.76317308 0.30691746
1779396279.78533053 1.02871891 2.18736314 0.26771597 0.12682709 -0.55481422 0.76312976 0.30615197
1779396279.79562736 1.03493544 2.18264283 0.26580245 0.12608865 -0.55518463 0.76248896 0.30737969
1779396279.80588603 1.03089294 2.18311860 0.26508540 0.12700673 -0.55536372 0.76239198 0.30691840
1779396279.80608010 1.02963320 2.18325550 0.26490817 0.12670818 -0.55540937 0.76256283 0.30653451
1779396279.81622553 1.03288329 2.18026042 0.26507088 0.12676690 -0.55593635 0.76189146 0.30722358
1779396279.82650590 1.02816406 2.18068879 0.26475642 0.12751689 -0.55627166 0.76181463 0.30649593
1779396279.83683109 1.02407789 2.18081916 0.26420923 0.12779084 -0.55656255 0.76185815 0.30574466
1779396279.84710574 1.02886612 2.17755104 0.26067255 0.12702640 -0.55648138 0.76165630 0.30671232
1779396279.85735750 1.03020448 2.17505340 0.25986991 0.12676458 -0.55688948 0.76128997 0.30698929
1779396279.86767888 1.03198832 2.17287172 0.25641505 0.12691644 -0.55683786 0.76103913 0.30764143
1779396279.87802982 1.03034269 2.17258557 0.25465905 0.12674058 -0.55682672 0.76120559 0.30732211
1779396279.87821293 1.03078220 2.17207006 0.25310372 0.12666025 -0.55670211 0.76124269 0.30748904
1779396279.88832021 1.02627781 2.17224500 0.25732084 0.12630139 -0.55760838 0.76118688 0.30612967
1779396279.89865351 1.02552036 2.17116156 0.25457615 0.12612024 -0.55756691 0.76126400 0.30608815
1779396279.90894127 1.02385585 2.17061024 0.25135466 0.12576661 -0.55741025 0.76155148 0.30580372
1779396279.91930437 1.02003179 2.17128542 0.24974183 0.12573366 -0.55734778 0.76189909 0.30506440
1779396279.92965627 1.02320228 2.16828638 0.24849320 0.12424318 -0.55761553 0.76187539 0.30524489
1779396279.93996596 1.01884457 2.16888029 0.24735247 0.12394068 -0.55770393 0.76227249 0.30421322
1779396279.95026374 1.01905166 2.16764746 0.24594399 0.12364196 -0.55778677 0.76225492 0.30422693
1779396279.96052885 1.01851024 2.16624984 0.24577931 0.12247138 -0.55811549 0.76244757 0.30361416
1779396279.97082639 1.01385538 2.16684607 0.24498427 0.12227523 -0.55823958 0.76282480 0.30251557
1779396279.98113489 1.00889141 2.16760297 0.24347870 0.12166849 -0.55820148 0.76345445 0.30123944
1779396279.99142647 1.01172662 2.16455680 0.24628730 0.11992367 -0.55900703 0.76324657 0.30097196
1779396280.00176358 1.00347892 2.16693089 0.24449912 0.12036755 -0.55886124 0.76391009 0.29937794
1779396280.01207209 0.99843055 2.16764655 0.24347530 0.11992079 -0.55887685 0.76448633 0.29805422
1779396280.02233624 0.99659214 2.16730115 0.24245968 0.11964457 -0.55892311 0.76470246 0.29752358
1779396280.03268576 0.99407413 2.16650554 0.24345638 0.11917179 -0.55935419 0.76479619 0.29666102
1779396280.04295850 0.99250305 2.16559094 0.24205984 0.11777308 -0.55937193 0.76534797 0.29576177
1779396280.05324149 0.98585216 2.16744416 0.24055041 0.11801332 -0.55917710 0.76598088 0.29439280
1779396280.05339193 0.98472263 2.16753855 0.24010045 0.11804865 -0.55915192 0.76608074 0.29416653
1779396280.06353951 0.97893965 2.16861164 0.24159831 0.11776685 -0.55945967 0.76649604 0.29260839
1779396280.07381606 0.97770537 2.16775683 0.23887757 0.11755509 -0.55928376 0.76676772 0.29231787
1779396280.08406973 0.98050466 2.16470037 0.23803000 0.11573329 -0.55946968 0.76695057 0.29220936
1779396280.09435296 0.97649842 2.16612203 0.23112160 0.11712519 -0.55845945 0.76746371 0.29223995
1779396280.10461402 0.97872724 2.16336293 0.23032606 0.11545316 -0.55862876 0.76767177 0.29203516
1779396280.11486626 0.97602626 2.16321943 0.22690607 0.11516494 -0.55825912 0.76819407 0.29148183
1779396280.12512994 0.97025950 2.16491819 0.22352298 0.11513947 -0.55772001 0.76902458 0.29033168
1779396280.13545465 0.96701018 2.16497803 0.21965248 0.11467636 -0.55725513 0.76969723 0.28962428
1779396280.14576721 0.96400332 2.16466049 0.21865821 0.11399152 -0.55727831 0.77013379 0.28868801
1779396280.15615630 0.97222273 2.15922735 0.21816655 0.11157012 -0.55764424 0.76989596 0.28956040
1779396280.16650820 0.96780257 2.15973997 0.21898666 0.11096156 -0.55787466 0.77030513 0.28825928
1779396280.17678213 0.96107600 2.16196478 0.21299092 0.11114153 -0.55697449 0.77137028 0.28707990
1779396280.18709159 0.96529669 2.15852897 0.21263109 0.10913239 -0.55729018 0.77140884 0.28713443
1779396280.19738150 0.96502276 2.15755469 0.21243492 0.10775818 -0.55743928 0.77175269 0.28643918
1779396280.20771384 0.95824418 2.15888287 0.21494681 0.10653122 -0.55793434 0.77240575 0.28416497
1779396280.21804500 0.95422635 2.15901621 0.21606365 0.10445641 -0.55824692 0.77315658 0.28227317
1779396280.22831059 0.94850870 2.16043406 0.21441976 0.10317701 -0.55804528 0.77416734 0.28036564
1779396280.23861670 0.94362227 2.16200930 0.21240412 0.10274868 -0.55778100 0.77489632 0.27903182
1779396280.24895382 0.93800619 2.16306848 0.21406016 0.10112166 -0.55815090 0.77565322 0.27677440
1779396280.25930762 0.93722023 2.16184078 0.21737956 0.09912797 -0.55894578 0.77583524 0.27537780
1779396280.26967120 0.93107828 2.16334006 0.21994793 0.09776990 -0.55939955 0.77648749 0.27309408
1779396280.27996707 0.92561696 2.16409102 0.22448187 0.09556798 -0.56027485 0.77706685 0.27041813
1779396280.29023075 0.92280126 2.16428200 0.22451006 0.09461855 -0.56050964 0.77746304 0.26912357
1779396280.30049944 0.91848304 2.16490830 0.22753576 0.09204432 -0.56110509 0.77821328 0.26659522
1779396280.31089950 0.90694651 2.16903801 0.22883105 0.09195498 -0.56128015 0.77912109 0.26358908
1779396280.32125139 0.90399253 2.16838075 0.23599358 0.08861616 -0.56259076 0.77948291 0.26085475
1779396280.33153558 0.89813483 2.16973648 0.23813785 0.08648457 -0.56301787 0.78030025 0.25819145
1779396280.34184146 0.89183940 2.17150225 0.23981232 0.08577067 -0.56336023 0.78081986 0.25610347
1779396280.35220623 0.88517367 2.17317729 0.24299902 0.08355017 -0.56392899 0.78162006 0.25312752
1779396280.36253357 0.87946920 2.17477628 0.24350574 0.08239148 -0.56412292 0.78230954 0.25093577
1779396280.37284732 0.87233376 2.17649777 0.24660195 0.08080513 -0.56470650 0.78295731 0.24810270
1779396280.38319850 0.86550285 2.17847192 0.24924636 0.07937296 -0.56514227 0.78360322 0.24552016
1779396280.39354992 0.85615733 2.18147663 0.25039438 0.07824530 -0.56536245 0.78452288 0.24241871
1779396280.40381598 0.84937218 2.18304402 0.25428445 0.07667262 -0.56609316 0.78501120 0.23961898
1779396280.41410208 0.84565704 2.18387316 0.25579152 0.07574669 -0.56644851 0.78534023 0.23799001
1779396280.42438865 0.83667535 2.18623460 0.26019006 0.07477760 -0.56724042 0.78579110 0.23490202
1779396280.43465304 0.83301990 2.18725486 0.25991635 0.07358620 -0.56733813 0.78635349 0.23315383
1779396280.44518113 0.82557821 2.18950403 0.26125858 0.07268559 -0.56764330 0.78697213 0.23059217
1779396280.45594144 0.82249132 2.19012763 0.26395219 0.07118588 -0.56814304 0.78727982 0.22877181
1779396280.45677352 0.82256079 2.18989664 0.26444022 0.07065227 -0.56827318 0.78732130 0.22847105
1779396280.46630216 0.81763259 2.19130951 0.26589864 0.06992648 -0.56856071 0.78770209 0.22665928
1779396280.47664165 0.81463386 2.19259820 0.26359970 0.06882246 -0.56826133 0.78845216 0.22513490
1779396280.48693538 0.81327740 2.19314398 0.26155252 0.06814924 -0.56802992 0.78891076 0.22431564
1779396280.48747659 0.81207253 2.19349331 0.26177125 0.06767994 -0.56807375 0.78908843 0.22372102
1779396280.49724412 0.80936316 2.19437231 0.26163492 0.06617641 -0.56804620 0.78968779 0.22212023
1779396280.50758862 0.80396205 2.19611563 0.26208815 0.06574630 -0.56819719 0.79014596 0.22022429
1779396280.51790094 0.80282280 2.19697281 0.25844704 0.06489842 -0.56768079 0.79085223 0.21927031
1779396280.52827382 0.79708469 2.19895888 0.25827664 0.06432668 -0.56768845 0.79146378 0.21720263
1779396280.53861022 0.79270042 2.20032284 0.25868895 0.06355798 -0.56776468 0.79194190 0.21548012
1779396280.54892492 0.78784340 2.20192736 0.25801910 0.06330836 -0.56772939 0.79245101 0.21376807
1779396280.55922890 0.78494721 2.20299083 0.25779614 0.06318433 -0.56780321 0.79274709 0.21250720
1779396280.56953645 0.77967031 2.20441113 0.25988637 0.06334991 -0.56820473 0.79288142 0.21087729
1779396280.57989717 0.77400740 2.20683586 0.25563482 0.06385346 -0.56754809 0.79370190 0.20940200
1779396280.59024429 0.77023659 2.20812964 0.25468952 0.06397628 -0.56748361 0.79408972 0.20806468
1779396280.60053277 0.76871557 2.20926418 0.24954404 0.06413241 -0.56671307 0.79479213 0.20743385
1779396280.61082911 0.76524619 2.21005267 0.25055087 0.06419669 -0.56694241 0.79492631 0.20626982
1779396280.62114668 0.76084856 2.21214997 0.24480457 0.06439846 -0.56598999 0.79591408 0.20500963
1779396280.63144422 0.76017316 2.21245613 0.24214181 0.06426599 -0.56565351 0.79632227 0.20439383
1779396280.64176464 0.75796668 2.21349415 0.23918301 0.06483715 -0.56524561 0.79670384 0.20385422
1779396280.65211844 0.75700245 2.21353063 0.23830707 0.06451924 -0.56523919 0.79693931 0.20305090
1779396280.66246581 0.75467758 2.21444096 0.23595463 0.06517437 -0.56498099 0.79725071 0.20233658
1779396280.67281723 0.75497955 2.21405635 0.23500144 0.06481775 -0.56501024 0.79738182 0.20185222
1779396280.68317413 0.75455101 2.21420730 0.23402736 0.06486128 -0.56496436 0.79752683 0.20139324
1779396280.69350147 0.75348990 2.21436799 0.23295392 0.06476444 -0.56494866 0.79772575 0.20067937
1779396280.70385361 0.75028720 2.21538465 0.23130161 0.06438753 -0.56473520 0.79824143 0.19934649
1779396280.71419334 0.75567715 2.21378203 0.22776074 0.06413921 -0.56435689 0.79829842 0.20026756
1779396280.72448015 0.75464719 2.21382714 0.22829792 0.06327825 -0.56454314 0.79851528 0.19914880
1779396280.73477888 0.75338890 2.21356640 0.23188699 0.06305027 -0.56532422 0.79823901 0.19811023
1779396280.74510384 0.75513717 2.21267487 0.23161204 0.06230434 -0.56551896 0.79825752 0.19771548
1779396280.75544930 0.75254096 2.21278779 0.23561157 0.06231712 -0.56634783 0.79795101 0.19657287
1779396280.76575422 0.75497308 2.21105171 0.24101029 0.06138592 -0.56752519 0.79732492 0.19600995
1779396280.77603078 0.75281392 2.21171512 0.24004914 0.06242934 -0.56756640 0.79731433 0.19560373
1779396280.78634953 0.75366469 2.21068497 0.24303092 0.06193300 -0.56832353 0.79697362 0.19495055
1779396280.79665685 0.75318500 2.21014513 0.24787732 0.06133304 -0.56933267 0.79658358 0.19378640
1779396280.80697370 0.75624083 2.20851954 0.25045689 0.06081039 -0.57005509 0.79614284 0.19363848
1779396280.81737638 0.75554342 2.20806034 0.25423672 0.06068275 -0.57092238 0.79575754 0.19270489
1779396280.82773638 0.75532110 2.20788377 0.25481370 0.06183803 -0.57130656 0.79539077 0.19271324
1779396280.83810210 0.75412337 2.20732829 0.26054450 0.06213381 -0.57256435 0.79470256 0.19172192
1779396280.84840703 0.75157386 2.20654248 0.26997127 0.06264912 -0.57446734 0.79360490 0.19040383
1779396280.85875082 0.75469535 2.20494847 0.27215121 0.06372711 -0.57525219 0.79279608 0.19104486
1779396280.85893369 0.75376478 2.20499911 0.27346960 0.06456040 -0.57560722 0.79248126 0.19100193
1779396280.86910486 0.75755630 2.20225144 0.28067290 0.06522360 -0.57725578 0.79111805 0.19145204
1779396280.87947750 0.75896241 2.20040500 0.28769212 0.06575124 -0.57881426 0.78997357 0.19129188
1779396280.88993049 0.76155305 2.19722352 0.29892624 0.06741614 -0.58137706 0.78791757 0.19142016
1779396280.90027928 0.76438799 2.19546699 0.30218785 0.06880323 -0.58237584 0.78690133 0.19206977
1779396280.90046358 0.76587131 2.19460777 0.30364647 0.06917857 -0.58277513 0.78649972 0.19236853
1779396280.91066337 0.76911094 2.19236429 0.30860077 0.06995238 -0.58401461 0.78540106 0.19281800
1779396280.92093801 0.77186576 2.19015359 0.31491821 0.07066216 -0.58549232 0.78421647 0.19289929
1779396280.93125463 0.77553168 2.18877770 0.31402959 0.07221164 -0.58581327 0.78361505 0.19379303
1779396280.94155431 0.77711964 2.18793284 0.31592658 0.07289840 -0.58639874 0.78308867 0.19389295
1779396280.95195866 0.78043389 2.18639216 0.31902575 0.07253270 -0.58717747 0.78258931 0.19368942
1779396280.96226883 0.78289922 2.18626827 0.31614961 0.07369484 -0.58700821 0.78249911 0.19412775
1779396280.97257042 0.78522023 2.18577913 0.31576538 0.07441632 -0.58721768 0.78218983 0.19446514
1779396280.97275996 0.78466099 2.18658897 0.31274145 0.07532765 -0.58680350 0.78236355 0.19466554
1779396280.98287821 0.78690638 2.18573096 0.31417832 0.07494974 -0.58721717 0.78213737 0.19447278
1779396280.99316597 0.79175528 2.18447680 0.31325768 0.07578815 -0.58745209 0.78166151 0.19534965
1779396281.00347447 0.80148032 2.18247075 0.30733820 0.07646109 -0.58693272 0.78146430 0.19742651
1779396281.01376510 0.80185215 2.18342590 0.30299237 0.07740786 -0.58640361 0.78171217 0.19764845
1779396281.02408266 0.80697094 2.18308246 0.29869973 0.07708317 -0.58589953 0.78200235 0.19812183
1779396281.03437233 0.80877277 2.18326984 0.29676676 0.07745628 -0.58577438 0.78206499 0.19809911
1779396281.04473519 0.81203608 2.18294155 0.29540080 0.07725018 -0.58567570 0.78210963 0.19829499
1779396281.04497266 0.81265842 2.18303236 0.29469495 0.07705643 -0.58558386 0.78222354 0.19819227
1779396281.05507946 0.81407797 2.18416666 0.28841265 0.07804637 -0.58469506 0.78267248 0.19865608
1779396281.06540823 0.81767525 2.18328261 0.28965933 0.07705916 -0.58503301 0.78261250 0.19828246
1779396281.07572842 0.81775523 2.18482409 0.28529736 0.07815915 -0.58448647 0.78293190 0.19820279
1779396281.08600521 0.81537026 2.18649303 0.28423314 0.07908145 -0.58441450 0.78306612 0.19751776
1779396281.09629941 0.81913172 2.18561927 0.28620005 0.07836264 -0.58488405 0.78286299 0.19721937
1779396281.10662460 0.81911576 2.18684407 0.28310577 0.07908011 -0.58454756 0.78312215 0.19690146
1779396281.11694241 0.81923042 2.18725842 0.28442840 0.07955036 -0.58489798 0.78291318 0.19650204
1779396281.11718416 0.82264816 2.18629891 0.28333956 0.07966294 -0.58485545 0.78275691 0.19720431
1779396281.12727833 0.82220830 2.18731251 0.28160814 0.08004193 -0.58465267 0.78297211 0.19679742
1779396281.13755560 0.82365907 2.18740406 0.28251712 0.07999309 -0.58493733 0.78287273 0.19636628
1779396281.14779425 0.82259940 2.18985576 0.27479183 0.08153452 -0.58380556 0.78355607 0.19637481
1779396281.15804791 0.83193995 2.18695926 0.27356093 0.08060616 -0.58384290 0.78329132 0.19769884
1779396281.16830444 0.83298907 2.18681402 0.27711628 0.07909977 -0.58438259 0.78335782 0.19644525
1779396281.17855263 0.84093264 2.18604702 0.26624167 0.08002630 -0.58294458 0.78381254 0.19851779
1779396281.18888187 0.84646555 2.18472284 0.26425566 0.07976387 -0.58279725 0.78375280 0.19929034
1779396281.19913054 0.85206703 2.18375562 0.26047127 0.07888779 -0.58229693 0.78409409 0.19975849
1779396281.20947790 0.85708897 2.18339941 0.25371086 0.07904775 -0.58137099 0.78453466 0.20066040
1779396281.21975517 0.86431487 2.18144493 0.25178363 0.07839901 -0.58122976 0.78444221 0.20168290
1779396281.21994424 0.86501012 2.18096941 0.25394500 0.07789947 -0.58158855 0.78430020 0.20139419
1779396281.23008847 0.87207015 2.18013940 0.24369115 0.07863040 -0.58018851 0.78476789 0.20331727
1779396281.24046969 0.87811836 2.17893520 0.23932211 0.07853228 -0.57970509 0.78488849 0.20426635
1779396281.25078225 0.88183591 2.17834973 0.23771184 0.07814280 -0.57958949 0.78498122 0.20438740
1779396281.26116633 0.88990489 2.17596003 0.23426987 0.07815207 -0.57934111 0.78474445 0.20599095
1779396281.27147794 0.89159262 2.17590379 0.23496428 0.07787309 -0.57957740 0.78470235 0.20559194
1779396281.28174520 0.89939920 2.17415364 0.22896187 0.07809266 -0.57892659 0.78474829 0.20716095
1779396281.29204154 0.90360949 2.17303819 0.22795729 0.07799422 -0.57894051 0.78461224 0.20767386
1779396281.29223323 0.90662023 2.17225328 0.22626470 0.07787111 -0.57874536 0.78461900 0.20823767
1779396281.30237460 0.90992180 2.17105757 0.22856887 0.07681095 -0.57917476 0.78446791 0.20800667
1779396281.31268644 0.91365586 2.17157989 0.21818776 0.07789434 -0.57770193 0.78513771 0.20916913
1779396281.32303429 0.92101784 2.16919815 0.21780045 0.07673099 -0.57777321 0.78502105 0.20983904
1779396281.33332229 0.92624821 2.16822533 0.21306064 0.07620957 -0.57706447 0.78540167 0.21055382
1779396281.34368348 0.93279454 2.16742944 0.20170573 0.07644468 -0.57540800 0.78617381 0.21211456
1779396281.35399437 0.93660193 2.16687143 0.19829416 0.07567703 -0.57485932 0.78662346 0.21221045
1779396281.36434889 0.94421341 2.16394440 0.20001660 0.07350376 -0.57514856 0.78656263 0.21241601
1779396281.37461591 0.94650700 2.16432189 0.19177482 0.07388844 -0.57389825 0.78727419 0.21302735
1779396281.38492727 0.95163519 2.16288579 0.18891644 0.07258504 -0.57342832 0.78768477 0.21322307
1779396281.39523339 0.95459101 2.16197414 0.19029816 0.07099752 -0.57356379 0.78791070 0.21255744
1779396281.40552974 0.95990495 2.16054877 0.18546265 0.07039541 -0.57285233 0.78827493 0.21332449
1779396281.41580200 0.96439008 2.15947557 0.18039892 0.06983702 -0.57209295 0.78875677 0.21376436
1779396281.42609906 0.97021397 2.15794260 0.17468115 0.06918096 -0.57124704 0.78923078 0.21448911
1779396281.43643332 0.97096005 2.15767623 0.17629262 0.06831804 -0.57145490 0.78934782 0.21378016
1779396281.43662786 0.97285252 2.15691554 0.17697319 0.06778531 -0.57156169 0.78931461 0.21378688
1779396281.44673371 0.97434200 2.15699365 0.17160999 0.06832043 -0.57084295 0.78969096 0.21414675
1779396281.45704222 0.97850387 2.15561986 0.16923006 0.06769022 -0.57057539 0.78988818 0.21433251
1779396281.46734977 0.98012942 2.15449387 0.17391139 0.06690474 -0.57142518 0.78954258 0.21358730
1779396281.47768927 0.98324542 2.15380979 0.16873849 0.06754532 -0.57084439 0.78970872 0.21432323
1779396281.48808074 0.98581716 2.15233108 0.17396918 0.06671159 -0.57184010 0.78922871 0.21369722
1779396281.49848533 0.98515271 2.15256685 0.17448403 0.06678054 -0.57207355 0.78927587 0.21287514
1779396281.50889277 0.98811774 2.15119766 0.17529904 0.06676849 -0.57247639 0.78897468 0.21291243
1779396281.51922703 0.98945077 2.15052155 0.17686504 0.06687530 -0.57292678 0.78869605 0.21269965
1779396281.52954173 0.99103714 2.14944269 0.18172600 0.06624788 -0.57386170 0.78828020 0.21191578
1779396281.53987646 0.99460723 2.14778489 0.18082035 0.06673234 -0.57410137 0.78793438 0.21240014
1779396281.55023861 0.99184982 2.14935881 0.17879086 0.06663886 -0.57374468 0.78852003 0.21121666
1779396281.55047894 0.98708188 2.15082004 0.18406391 0.06657195 -0.57453035 0.78836662 0.20966909
1779396281.56058669 0.97499079 2.15455643 0.19851276 0.06516785 -0.57649422 0.78825506 0.20508907
1779396281.57106376 0.99083423 2.14911629 0.18518524 0.06640389 -0.57508066 0.78808870 0.20925813
1779396281.58135366 0.98712415 2.15064977 0.18637085 0.06693956 -0.57539088 0.78818296 0.20787510
1779396281.59164762 0.98938687 2.14937023 0.18868455 0.06681113 -0.57595786 0.78780319 0.20778583
1779396281.60190225 0.98876468 2.14881711 0.19655507 0.06710426 -0.57743076 0.78696520 0.20677646
1779396281.61220884 0.98575824 2.15061985 0.19107549 0.06677298 -0.57647142 0.78802388 0.20552479
1779396281.62247133 0.98762953 2.15032062 0.18657006 0.06749576 -0.57594710 0.78822233 0.20599715
1779396281.63268471 0.98652388 2.15104355 0.18419683 0.06687994 -0.57549415 0.78888123 0.20493894
1779396281.64301872 0.98579374 2.15100783 0.18598357 0.06655406 -0.57582876 0.78892091 0.20394999
1779396281.65331078 0.98294147 2.15167766 0.19018769 0.06567967 -0.57641900 0.78903330 0.20212315
1779396281.66359019 0.97832185 2.15319575 0.19349100 0.06558742 -0.57690793 0.78911305 0.20043984
1779396281.67387080 0.96301109 2.15813667 0.20516698 0.06430172 -0.57832271 0.78949106 0.19522294
1779396281.68412900 0.97451150 2.15328678 0.20102073 0.06423804 -0.57816165 0.78902623 0.19758590
1779396281.69440269 0.98638410 2.14837019 0.19539334 0.06493196 -0.57786943 0.78841990 0.20061113
1779396281.70475340 0.98383003 2.14942706 0.19451927 0.06446770 -0.57771038 0.78890919 0.19929106
1779396281.71506357 0.98442902 2.14839347 0.19753266 0.06393926 -0.57835474 0.78864411 0.19864046
1779396281.72536087 0.98286242 2.14880468 0.19921477 0.06349159 -0.57864581 0.78872025 0.19763151
1779396281.72560120 0.98044595 2.14913541 0.20476447 0.06289455 -0.57945758 0.78846630 0.19645375
1779396281.73567343 0.96621167 2.15369151 0.21628832 0.06183403 -0.58092870 0.78860714 0.19182593
1779396281.74593973 0.96611924 2.15359953 0.21640361 0.06146127 -0.58108903 0.78867905 0.19116329
1779396281.75621104 0.96287834 2.15459930 0.21728391 0.06172784 -0.58140615 0.78868979 0.19006572
1779396281.76649618 0.98270798 2.14728767 0.20543028 0.06279056 -0.58042265 0.78802453 0.19540785
1779396281.77675414 0.98183122 2.14737069 0.20606397 0.06384098 -0.58093027 0.78761403 0.19521395
1779396281.78703713 0.98256124 2.14626539 0.20923856 0.06338510 -0.58169424 0.78721043 0.19471487
1779396281.79732943 0.98462010 2.14462635 0.21417660 0.06272419 -0.58268083 0.78660438 0.19442808
1779396281.80761576 0.98176128 2.14534540 0.21629569 0.06320714 -0.58329576 0.78633592 0.19351159
1779396281.81790161 0.98047712 2.14540772 0.21682029 0.06394067 -0.58374182 0.78601503 0.19322902
1779396281.82819891 0.98361275 2.14434255 0.21293339 0.06466974 -0.58348653 0.78589891 0.19422716
1779396281.82835054 0.98300957 2.14476544 0.21081224 0.06509594 -0.58323936 0.78603491 0.19427683
1779396281.83845472 0.98178307 2.14495862 0.21115301 0.06565616 -0.58353014 0.78583716 0.19401496
1779396281.84869885 0.98291373 2.14380506 0.21200058 0.06553048 -0.58392146 0.78556347 0.19398845
1779396281.85895777 0.98509583 2.14208545 0.21349247 0.06513914 -0.58442186 0.78520258 0.19407445
1779396281.86923432 0.98319579 2.14302293 0.20935459 0.06574597 -0.58389873 0.78557902 0.19392096
1779396281.87949491 0.98734620 2.14101393 0.20590314 0.06637540 -0.58377824 0.78530569 0.19517233
1779396281.88976622 0.99039780 2.14011472 0.19521518 0.06785657 -0.58252861 0.78566773 0.19693177
1779396281.90004301 0.99364386 2.13781594 0.19706960 0.06678320 -0.58292471 0.78542591 0.19709115
1779396281.91029263 0.99676689 2.13653122 0.18730298 0.06773812 -0.58175927 0.78581855 0.19863762
1779396281.92055368 1.00151079 2.13432052 0.17891810 0.06848312 -0.58084079 0.78596888 0.20046686
1779396281.93083763 1.00796873 2.13102054 0.17561898 0.06842553 -0.58066329 0.78568280 0.20211539
1779396281.94109392 1.01046079 2.12975801 0.16577538 0.06984700 -0.57954491 0.78593818 0.20383884
1779396281.95135784 1.01596251 2.12684624 0.15870161 0.07037569 -0.57886193 0.78589724 0.20574658
1779396281.96166110 1.01844765 2.12542061 0.14881326 0.07246862 -0.57788698 0.78588015 0.20781561
1779396281.97193432 1.02393277 2.12227111 0.14537371 0.07271119 -0.57773033 0.78554084 0.20944292
1779396281.98225021 1.02773934 2.12021994 0.13327523 0.07458237 -0.57642417 0.78567421 0.21186948
1779396281.99253964 1.02809468 2.11936090 0.12678253 0.07600339 -0.57583654 0.78567292 0.21296438
1779396282.00274587 1.03128642 2.11759763 0.11829422 0.07787516 -0.57502681 0.78550768 0.21507511
1779396282.01303267 1.03602970 2.11481642 0.10713495 0.07960336 -0.57388443 0.78544924 0.21769122
1779396282.02330828 1.03987750 2.11227798 0.09797955 0.08106623 -0.57301458 0.78531827 0.21990403
1779396282.03354335 1.04290365 2.11022040 0.09372092 0.08200747 -0.57279062 0.78495903 0.22141589
1779396282.04384446 1.04512314 2.10870611 0.07931311 0.08432068 -0.57113248 0.78519768 0.22396944
1779396282.05412936 1.05244922 2.10460627 0.06925758 0.08580903 -0.57029606 0.78472572 0.22716681
1779396282.06436992 1.05667354 2.10202493 0.06283032 0.08740352 -0.56990016 0.78416271 0.22948482
1779396282.06451964 1.05769938 2.10157879 0.05613842 0.08860655 -0.56910062 0.78424743 0.23071484
1779396282.07465172 1.06151972 2.09914592 0.04879785 0.09000597 -0.56855045 0.78383988 0.23290416
1779396282.08493066 1.06588297 2.09634618 0.03712188 0.09179308 -0.56743029 0.78359861 0.23573316
1779396282.09523511 1.07374453 2.09193059 0.02337626 0.09420144 -0.56622797 0.78291892 0.23989568
1779396282.10549378 1.07392079 2.09125647 0.01440418 0.09671096 -0.56543379 0.78256328 0.24192219
1779396282.11573505 1.08074027 2.08739000 -0.00324704 0.09937235 -0.56354830 0.78224858 0.24622269
1779396282.12608242 1.08706654 2.08333705 -0.01948149 0.10189726 -0.56187448 0.78181460 0.25035966
1779396282.13649058 1.08624735 2.08326289 -0.03392361 0.10464611 -0.56009857 0.78198731 0.25265518
1779396282.13667870 1.08780600 2.08240838 -0.04019719 0.10530719 -0.55928193 0.78210843 0.25381198
1779396282.14678693 1.09731035 2.07665501 -0.05168116 0.10622756 -0.55819931 0.78150837 0.25763134
1779396282.15707231 1.10024430 2.07405468 -0.06870370 0.10947692 -0.55634655 0.78110648 0.26146891
1779396282.16733408 1.10335375 2.07113321 -0.08883240 0.11277143 -0.55392248 0.78097137 0.26558653
1779396282.17764425 1.10530056 2.06900209 -0.10265126 0.11491513 -0.55228907 0.78085522 0.26839603
1779396282.18795228 1.10773042 2.06625445 -0.12179246 0.11781717 -0.54995808 0.78077018 0.27214545
1779396282.19825768 1.10903822 2.06375073 -0.14000993 0.12129797 -0.54784082 0.78039266 0.27594300
1779396282.20855021 1.11120714 2.06110519 -0.15206030 0.12354649 -0.54653080 0.77993080 0.27883380
1779396282.21885872 1.11690125 2.05594615 -0.16892154 0.12622954 -0.54474221 0.77911414 0.28337817
1779396282.22915053 1.12176519 2.05085899 -0.18794845 0.12914189 -0.54257398 0.77844568 0.28802459
1779396282.23944092 1.12316279 2.04808791 -0.20114956 0.13184283 -0.54111523 0.77781708 0.29122563
1779396282.24975443 1.12410202 2.04438074 -0.22087521 0.13552185 -0.53878402 0.77718958 0.29550290
1779396282.25997734 1.12632250 2.03969607 -0.24173641 0.13904188 -0.53629865 0.77648519 0.30020304
1779396282.27035713 1.12524285 2.03689099 -0.25954912 0.14264769 -0.53413602 0.77586010 0.30395962
1779396282.28067183 1.13165844 2.03061432 -0.27399887 0.14538132 -0.53274177 0.77440343 0.30878764
1779396282.29096222 1.13929819 2.02282343 -0.28942258 0.14666347 -0.53119443 0.77337985 0.31337822
1779396282.30139136 1.13903482 2.01869925 -0.30916176 0.15035191 -0.52880275 0.77254430 0.31770626
1779396282.31171513 1.14229780 2.01394479 -0.32016401 0.15249738 -0.52779308 0.77134478 0.32125729
1779396282.32199502 1.14508692 2.00803004 -0.33761622 0.15653855 -0.52603993 0.76951514 0.32653351
1779396282.33234358 1.15218393 1.99963821 -0.35284624 0.15894670 -0.52471676 0.76762226 0.33191014
1779396282.34268856 1.15346848 1.99395969 -0.37126996 0.16290784 -0.52270820 0.76594552 0.33699351
1779396282.35295630 1.15676935 1.98849941 -0.38381761 0.16540107 -0.52150850 0.76442648 0.34106234
1779396282.36328197 1.15670385 1.98354730 -0.40030090 0.16832083 -0.51963117 0.76327078 0.34506413
1779396282.37363887 1.16517621 1.97379230 -0.41388875 0.17115478 -0.51878499 0.76045084 0.35111636
1779396282.38392043 1.16475004 1.96860940 -0.43053181 0.17499498 -0.51700361 0.75863715 0.35574387
1779396282.39429355 1.16838739 1.96181132 -0.44559257 0.17857788 -0.51553402 0.75631060 0.36101092
1779396282.40471244 1.17256478 1.95395581 -0.46044365 0.18143571 -0.51422132 0.75404674 0.36615711
1779396282.41496587 1.17275967 1.94965222 -0.47162463 0.18463948 -0.51317561 0.75211666 0.36997241
1779396282.43558168 1.17236255 1.93625001 -0.51078147 0.19523413 -0.50886687 0.74618365 0.38229321
1779396282.44588661 1.16747720 1.93229382 -0.52864587 0.20054932 -0.50666771 0.74375345 0.38716741
1779396282.45613265 1.17044889 1.92441309 -0.54208843 0.20398550 -0.50557231 0.74074200 0.39254024
1779396282.46638560 1.17412434 1.91665729 -0.55605918 0.20743039 -0.50423287 0.73779231 0.39797531
1779396282.47670984 1.17178475 1.91133329 -0.57192941 0.21231824 -0.50248666 0.73475874 0.40318448
1779396282.48702407 1.17133422 1.90604093 -0.58512684 0.21549193 -0.50094875 0.73260693 0.40730904
1779396282.48718929 1.16941444 1.90454085 -0.59244634 0.21720177 -0.49986488 0.73189298 0.40901241
1779396282.49730277 1.16963245 1.89982376 -0.60193325 0.21942594 -0.49891943 0.73003381 0.41228909
1779396282.50758910 1.16560257 1.89462349 -0.61914653 0.22427503 -0.49670083 0.72722669 0.41728928
1779396282.51784515 1.16115424 1.89169378 -0.63144676 0.22774145 -0.49498748 0.72544933 0.42052884
1779396282.52813911 1.16127256 1.88537878 -0.64402083 0.23033362 -0.49364409 0.72315509 0.42462766
1779396282.52833533 1.16069133 1.88401101 -0.64755084 0.23123822 -0.49321383 0.72251986 0.42571593
1779396282.53843999 1.15399269 1.88304802 -0.65780690 0.23428567 -0.49161269 0.72140558 0.42778636
1779396282.54871655 1.15303324 1.87778757 -0.66804983 0.23742258 -0.49061585 0.71872788 0.43169067
1779396282.55897641 1.14526122 1.87719728 -0.67728280 0.24088803 -0.48925263 0.71723882 0.43378945
1779396282.56923985 1.14011113 1.87515229 -0.68792510 0.24371222 -0.48763625 0.71591093 0.43621873
1779396282.57947397 1.13634314 1.87146933 -0.69878252 0.24666226 -0.48620661 0.71396480 0.43933487
1779396282.58976889 1.12915664 1.87015572 -0.70891616 0.25006902 -0.48465528 0.71234215 0.44175039
1779396282.60004282 1.12347108 1.87005460 -0.71434850 0.25200738 -0.48378890 0.71163167 0.44274253
1779396282.61031079 1.11876809 1.86838471 -0.72096883 0.25432141 -0.48293933 0.71022522 0.44460135
1779396282.62061930 1.11500374 1.86497071 -0.73129501 0.25654603 -0.48149622 0.70875668 0.44722421
1779396282.63092518 1.11101632 1.86380431 -0.73723740 0.25819634 -0.48063967 0.70789441 0.44855953
1779396282.64120913 1.10818573 1.86127300 -0.74347196 0.26014424 -0.47996611 0.70629760 0.45066751
1779396282.65152335 1.10404545 1.85984731 -0.74902853 0.26205846 -0.47931162 0.70502665 0.45224236
1779396282.66186118 1.09976486 1.85866822 -0.75571654 0.26386579 -0.47829008 0.70405587 0.45378274
1779396282.66204381 1.09872602 1.85836161 -0.75715045 0.26426430 -0.47811385 0.70381070 0.45411675
1779396282.67214870 1.09393038 1.85771561 -0.76272233 0.26630382 -0.47725465 0.70271511 0.45552359
1779396282.68244243 1.09300383 1.85511488 -0.76637257 0.26732841 -0.47711924 0.70136258 0.45714690
1779396282.69272017 1.08821507 1.85394577 -0.77282933 0.26976460 -0.47624124 0.69975500 0.45909070
1779396282.70294309 1.08860862 1.84981001 -0.77983416 0.27039748 -0.47543921 0.69869932 0.46115292
1779396282.71326685 1.08134687 1.84875967 -0.78932251 0.27242877 -0.47372612 0.69809535 0.46263269
1779396282.72363138 1.08002833 1.84477152 -0.79717857 0.27378333 -0.47277521 0.69659111 0.46506679
1779396282.73391867 1.07903854 1.84190852 -0.80233089 0.27450852 -0.47225958 0.69560007 0.46664387
1779396282.74416852 1.07881895 1.83840853 -0.80858222 0.27530302 -0.47151635 0.69450769 0.46855059
1779396282.75442195 1.07358614 1.83724810 -0.81500948 0.27738712 -0.47051596 0.69328520 0.47013481
1779396282.76468205 1.07300952 1.83352206 -0.82150241 0.27821869 -0.46981375 0.69206660 0.47213686
1779396282.77493072 1.06950703 1.83209971 -0.82773618 0.27948848 -0.46878136 0.69138322 0.47341258
1779396282.78520536 1.06708321 1.82933603 -0.83447516 0.28078799 -0.46791555 0.69015477 0.47528889
1779396282.79552889 1.06779547 1.82489019 -0.84132927 0.28190455 -0.46728144 0.68833471 0.47788408
1779396282.80584598 1.06476178 1.82362391 -0.84671286 0.28324504 -0.46645553 0.68741978 0.47921346
1779396282.80601668 1.06450833 1.82316595 -0.84754125 0.28352397 -0.46641827 0.68708370 0.47956662
1779396282.81612492 1.06417715 1.82127015 -0.85072266 0.28444209 -0.46620903 0.68587707 0.48095164
1779396282.82638693 1.06052808 1.82020763 -0.85615530 0.28645035 -0.46550792 0.68431261 0.48266430
1779396282.83665848 1.05837988 1.81722798 -0.86427056 0.28797641 -0.46442397 0.68280853 0.48492523
1779396282.84691691 1.05518879 1.81751001 -0.86702528 0.28958980 -0.46410248 0.68167526 0.48586570
1779396282.85720277 1.05402082 1.81580231 -0.87137839 0.29096074 -0.46374498 0.68013045 0.48755001
1779396282.86747813 1.05222935 1.81392779 -0.87743347 0.29233533 -0.46307397 0.67871145 0.48933968
1779396282.87774301 1.05171367 1.81235564 -0.88128802 0.29353237 -0.46275865 0.67726984 0.49091624
1779396282.88802028 1.04622335 1.81385918 -0.88499862 0.29585643 -0.46218315 0.67591980 0.49192290
1779396282.89827871 1.04583986 1.81200852 -0.88933066 0.29697034 -0.46187174 0.67445713 0.49354907
1779396282.90861297 1.04490182 1.81051856 -0.89368705 0.29796154 -0.46137368 0.67334677 0.49493169
1779396282.90882802 1.04509661 1.80964280 -0.89529589 0.29834310 -0.46122823 0.67277848 0.49560976
1779396282.91894197 1.04282187 1.80873310 -0.89995782 0.29948279 -0.46055204 0.67184488 0.49681619
1779396282.92921472 1.04201894 1.80582851 -0.90658242 0.30043198 -0.45973396 0.67056869 0.49872131
1779396282.93954802 1.03911813 1.80347102 -0.91461458 0.30170338 -0.45844178 0.66953002 0.50053548
1779396282.94983029 1.03827769 1.80109633 -0.92014861 0.30238043 -0.45766566 0.66865288 0.50200751
1779396282.96008682 1.03559281 1.79737755 -0.93026758 0.30334093 -0.45595939 0.66778358 0.50413333
1779396282.97040391 1.03687783 1.79091876 -0.94098615 0.30357496 -0.45446749 0.66656493 0.50694451
1779396282.98077750 1.03497444 1.78792906 -0.94843065 0.30425159 -0.45319831 0.66590449 0.50854053
1779396282.99111772 1.03783498 1.78203685 -0.95548917 0.30420198 -0.45245690 0.66463456 0.51088631
1779396283.00138950 1.03366980 1.77907549 -0.96541831 0.30509205 -0.45057818 0.66424298 0.51252259
1779396283.01164103 1.03494994 1.77161328 -0.97692276 0.30561030 -0.44900384 0.66253070 0.51580129
1779396283.02195311 1.03307120 1.76792021 -0.98538689 0.30627831 -0.44756921 0.66177119 0.51762369
1779396283.03223181 1.03404477 1.76225157 -0.99388374 0.30680670 -0.44644657 0.66028219 0.52017549
1779396283.04252005 1.03580241 1.75629528 -1.00199938 0.30763024 -0.44550057 0.65821698 0.52310924
1779396283.05281043 1.03302173 1.75464222 -1.00753744 0.30878329 -0.44455679 0.65724462 0.52445367
1779396283.06308889 1.03570276 1.74840648 -1.01501055 0.30945140 -0.44380123 0.65510357 0.52737047
1779396283.07340574 1.03433575 1.74448782 -1.02287811 0.31087158 -0.44268884 0.65318173 0.52984816
1779396283.08377528 1.03586903 1.73964262 -1.02934179 0.31114976 -0.44191319 0.65194977 0.53184589
1779396283.08397341 1.03746999 1.73796063 -1.03043749 0.31119347 -0.44196346 0.65128260 0.53259544
1779396283.09413743 1.04136473 1.73487167 -1.03121370 0.31145753 -0.44244274 0.64963127 0.53405790
1779396283.10453534 1.04208822 1.73011625 -1.03828804 0.31257640 -0.44161931 0.64750022 0.53666735
1779396283.11494398 1.03781664 1.72848476 -1.04541244 0.31475858 -0.44038984 0.64556584 0.53872866
1779396283.12529421 1.03836175 1.72557577 -1.04979505 0.31524490 -0.43990359 0.64445769 0.54016643
1779396283.12559533 1.03759711 1.72489956 -1.05175136 0.31568594 -0.43958965 0.64400002 0.54071000
1779396283.13569140 1.04048544 1.71959654 -1.05757437 0.31586578 -0.43903736 0.64245501 0.54288725
1779396283.14606309 1.04191350 1.71489690 -1.06427394 0.31642438 -0.43831366 0.64077482 0.54512786
1779396283.15645480 1.04189978 1.71072369 -1.07178924 0.31757656 -0.43731421 0.63880778 0.54756371
1779396283.16681314 1.04623180 1.70578966 -1.07579445 0.31772050 -0.43724438 0.63695673 0.54968824
1779396283.17722917 1.04180184 1.70193462 -1.08750672 0.31873479 -0.43504543 0.63619138 0.55172831
1779396283.18762040 1.04346145 1.69608069 -1.09609921 0.31905081 -0.43396000 0.63462393 0.55420011
1779396283.19801426 1.03895188 1.69250138 -1.10752313 0.32062074 -0.43178925 0.63323582 0.55657235
1779396283.20841599 1.03946810 1.68796221 -1.11488792 0.32090611 -0.43073906 0.63208794 0.55852302
1779396283.21880817 1.03937660 1.68171312 -1.12575662 0.32117456 -0.42905556 0.63088603 0.56101787
1779396283.22915578 1.04330889 1.67457051 -1.13369802 0.32144096 -0.42828187 0.62861531 0.56399746
1779396283.23946619 1.03580743 1.67388880 -1.14322658 0.32293154 -0.42614421 0.62836706 0.56504086
1779396283.24977255 1.04102623 1.66621869 -1.15036567 0.32280331 -0.42557683 0.62621589 0.56792257
1779396283.26009369 1.03552868 1.66451539 -1.15909434 0.32372786 -0.42372383 0.62608948 0.56892034
1779396283.27046347 1.03511256 1.65870519 -1.16901841 0.32462911 -0.42221767 0.62416206 0.57163791
1779396283.28069139 1.03412203 1.65526294 -1.17559113 0.32542402 -0.42115121 0.62287134 0.57337785
1779396283.29100394 1.03463188 1.65090154 -1.18243612 0.32577543 -0.42024156 0.62168850 0.57512678
1779396283.30139923 1.03317634 1.64733840 -1.18988137 0.32690051 -0.41907751 0.62007750 0.57707365
1779396283.31174016 1.03319731 1.64372069 -1.19583819 0.32753095 -0.41828594 0.61875473 0.57870798
1779396283.32201004 1.03235656 1.64117769 -1.20073852 0.32832919 -0.41755853 0.61752718 0.58009051
1779396283.33230686 1.03120862 1.63778271 -1.20773264 0.32929194 -0.41647820 0.61610487 0.58183118
1779396283.34256721 1.03222438 1.63471682 -1.21195206 0.32980462 -0.41608285 0.61481212 0.58318954
1779396283.35286546 1.03039604 1.63236963 -1.21753203 0.33076963 -0.41513343 0.61362219 0.58457120
1779396283.36332130 1.02946157 1.62951686 -1.22329425 0.33175577 -0.41428210 0.61215047 0.58615720
1779396283.37362409 1.03352148 1.62448022 -1.22751182 0.33121082 -0.41414151 0.61130689 0.58744369
1779396283.38391948 1.02847395 1.62438936 -1.23307584 0.33276220 -0.41292100 0.61048257 0.58828275
1779396283.39430046 1.03037945 1.61852068 -1.24027746 0.33257475 -0.41199932 0.60938937 0.59016540
1779396283.40460968 1.02754150 1.61638529 -1.24673471 0.33328032 -0.41080154 0.60885418 0.59115388
1779396283.41494727 1.02925631 1.61125738 -1.25355266 0.33344286 -0.40999901 0.60751760 0.59299160
1779396283.42522931 1.03077088 1.60873595 -1.25646224 0.33330889 -0.40978724 0.60703757 0.59370446
1779396283.43558598 1.02783717 1.60558795 -1.26460769 0.33380773 -0.40825102 0.60666384 0.59486342
1779396283.44583535 1.03126955 1.60054637 -1.26955922 0.33342740 -0.40791875 0.60572328 0.59626150
1779396283.45614648 1.03025618 1.59572840 -1.27824679 0.33344227 -0.40646376 0.60523888 0.59773686
1779396283.46648002 1.03009189 1.59259266 -1.28359331 0.33378564 -0.40567661 0.60435840 0.59896958
1779396283.47675848 1.02841039 1.59103831 -1.28847778 0.33385212 -0.40482054 0.60460756 0.59926020
1779396283.48711896 1.03034322 1.58366572 -1.29790118 0.33373705 -0.40358355 0.60311575 0.60165712
1779396283.49739003 1.02963701 1.58147860 -1.30240583 0.33382621 -0.40286126 0.60289956 0.60230805
1779396283.50771356 1.03047938 1.57724405 -1.30861715 0.33373501 -0.40206085 0.60225775 0.60353427
1779396283.51803970 1.03143481 1.57205623 -1.31600653 0.33347694 -0.40106095 0.60161255 0.60498395
1779396283.52838492 1.03080518 1.56764145 -1.32383700 0.33344405 -0.39982914 0.60113477 0.60629095
1779396283.53864241 1.03059549 1.56691540 -1.32623082 0.33353064 -0.39953762 0.60112220 0.60644794
1779396283.54896069 1.03046795 1.56203319 -1.33411365 0.33341897 -0.39834610 0.60056455 0.60784406
1779396283.55928230 1.03339875 1.55829669 -1.33805080 0.33324463 -0.39820243 0.59961259 0.60897257
1779396283.56964445 1.03266378 1.55494941 -1.34407757 0.33313513 -0.39721712 0.59946560 0.60982008
1779396283.56993270 1.03267441 1.55355229 -1.34621869 0.33305869 -0.39689082 0.59934925 0.61018855
1779396283.57993674 1.03125647 1.55192112 -1.35077947 0.33347920 -0.39612533 0.59890790 0.61088925
1779396283.59019756 1.03124728 1.54684053 -1.35864106 0.33354186 -0.39499022 0.59802100 0.61245688
1779396283.60044885 1.03188828 1.54484264 -1.36175925 0.33359696 -0.39468513 0.59758371 0.61305010
1779396283.60074353 1.03267595 1.54374196 -1.36284238 0.33344249 -0.39462454 0.59748303 0.61327123
1779396283.61081600 1.03113128 1.54146925 -1.36808548 0.33364548 -0.39371198 0.59728050 0.61394427
1779396283.62109375 1.03162261 1.53858381 -1.37292043 0.33368043 -0.39315312 0.59682866 0.61472234
1779396283.63138342 1.03388120 1.53325401 -1.37906043 0.33313432 -0.39250881 0.59631477 0.61592779
1779396283.64167523 1.03311719 1.53085860 -1.38374348 0.33338026 -0.39178613 0.59584824 0.61670585
1779396283.65190506 1.03488015 1.52668832 -1.38890682 0.33301767 -0.39127151 0.59546141 0.61760144
1779396283.66221642 1.03557157 1.52508077 -1.39194290 0.33308614 -0.39103931 0.59523549 0.61792928
1779396283.67247725 1.03676716 1.52194546 -1.39589232 0.33284585 -0.39063117 0.59491017 0.61862978
1779396283.68275523 1.03337066 1.52111635 -1.40147220 0.33344834 -0.38954915 0.59501080 0.61889079
1779396283.69306731 1.03588843 1.51651612 -1.40635858 0.33318229 -0.38920725 0.59419570 0.62003125
1779396283.70337772 1.03527451 1.51509771 -1.41028519 0.33359678 -0.38873646 0.59377996 0.62050183
1779396283.71364164 1.03530850 1.51367830 -1.41331975 0.33372248 -0.38841459 0.59356693 0.62083953
1779396283.72409034 1.03554838 1.51250191 -1.41635120 0.33397420 -0.38819357 0.59330391 0.62109376
1779396283.73437977 1.03661407 1.51175167 -1.41826651 0.33435906 -0.38829369 0.59270090 0.62139976
1779396283.74473715 1.03918767 1.51166702 -1.41773813 0.33429026 -0.38886666 0.59253481 0.62123687
1779396283.75509620 1.04133790 1.51011552 -1.41976119 0.33412540 -0.38902370 0.59239267 0.62136278
1779396283.76538897 1.04194996 1.50953909 -1.42173972 0.33459878 -0.38907680 0.59179719 0.62164216
1779396283.77567863 1.04238908 1.50793137 -1.42496505 0.33487534 -0.38888070 0.59134260 0.62204842
1779396283.78598380 1.04454364 1.50811717 -1.42436604 0.33495111 -0.38944111 0.59110877 0.62187925
1779396283.79631853 1.04505209 1.50604008 -1.42806041 0.33504626 -0.38914564 0.59082607 0.62228147
1779396283.80663371 1.04652249 1.50432009 -1.43034379 0.33528773 -0.38921252 0.59016158 0.62273997
1779396283.81690884 1.04647695 1.50514537 -1.43078987 0.33568477 -0.38937274 0.59008994 0.62249375
1779396283.82714915 1.04864371 1.50478207 -1.43113882 0.33562847 -0.38982239 0.59009432 0.62223849
1779396283.83744693 1.05043661 1.50458586 -1.43164194 0.33585520 -0.39023565 0.58977408 0.62216071
1779396283.84779668 1.05150857 1.50424654 -1.43261587 0.33637674 -0.39053469 0.58905034 0.62237694
1779396283.85813975 1.04926394 1.50503158 -1.43457504 0.33717363 -0.39021938 0.58882729 0.62235456
1779396283.86849022 1.04994604 1.50470591 -1.43584468 0.33758609 -0.39040791 0.58839828 0.62241848
1779396283.87878275 1.05294585 1.50333175 -1.43631236 0.33760036 -0.39097066 0.58782051 0.62260340
1779396283.88910866 1.05430703 1.50295158 -1.43655593 0.33776822 -0.39131549 0.58749442 0.62260350
1779396283.89942360 1.05597829 1.50238481 -1.43710976 0.33802176 -0.39171495 0.58703941 0.62264390
1779396283.90975070 1.05950468 1.50027824 -1.43774361 0.33816611 -0.39233418 0.58593371 0.62321686
1779396283.92006063 1.06258605 1.49899566 -1.43783368 0.33804388 -0.39294553 0.58560668 0.62320539
1779396283.93032527 1.06055565 1.49855658 -1.44059977 0.33900539 -0.39257065 0.58467959 0.62378955
1779396283.94068551 1.06203821 1.49824800 -1.44083706 0.33939142 -0.39305421 0.58408339 0.62383367
1779396283.95105076 1.06241597 1.49580153 -1.44393999 0.33958443 -0.39283493 0.58340109 0.62450484
1779396283.95125437 1.06627955 1.49464027 -1.44240294 0.33903494 -0.39356605 0.58325478 0.62447972
1779396283.96132445 1.06529764 1.49429560 -1.44437847 0.33987662 -0.39344794 0.58233011 0.62495939
1779396283.97169185 1.06907963 1.49180421 -1.44503074 0.33984392 -0.39411346 0.58131608 0.62550165
1779396283.98195100 1.06532979 1.49319766 -1.44751347 0.34138546 -0.39375503 0.58037779 0.62575919
1779396283.99220586 1.06800423 1.49171788 -1.44804848 0.34156309 -0.39435659 0.57947978 0.62611558
1779396284.00257111 1.06449257 1.49295519 -1.45024840 0.34319135 -0.39407403 0.57810615 0.62667267
1779396284.01290727 1.06288603 1.49398053 -1.45161041 0.34425631 -0.39415849 0.57728169 0.62679545
1779396284.02319503 1.06447436 1.49240282 -1.45314357 0.34514898 -0.39464388 0.57530518 0.62781553
1779396284.03353906 1.06016690 1.49486223 -1.45489951 0.34667138 -0.39431838 0.57454576 0.62787668
1779396284.04388261 1.06214562 1.49513294 -1.45447322 0.34793086 -0.39526357 0.57224636 0.62868509
1779396284.05421185 1.05998502 1.49638630 -1.45643173 0.34944355 -0.39534148 0.57071858 0.62918568
1779396284.06449676 1.06174236 1.49668422 -1.45633380 0.35092954 -0.39627120 0.56799255 0.63023968
1779396284.07473969 1.05962152 1.49979278 -1.45599915 0.35260046 -0.39663828 0.56653967 0.63038385
1779396284.08504534 1.05909423 1.50106716 -1.45696679 0.35418186 -0.39715184 0.56438982 0.63110202
1779396284.09531045 1.05641558 1.50396922 -1.45769961 0.35649300 -0.39751699 0.56181322 0.63186936
1779396284.10560274 1.05464160 1.50648453 -1.45782337 0.35822138 -0.39789810 0.55991077 0.63234048
1779396284.11589074 1.05460961 1.50908943 -1.45695457 0.35984421 -0.39879719 0.55782469 0.63269626
1779396284.12617779 1.05510047 1.50962903 -1.45788880 0.36156595 -0.39951185 0.55478019 0.63393949
1779396284.13654947 1.05341133 1.51123025 -1.45880738 0.36287924 -0.39971288 0.55332187 0.63433681
1779396284.13671589 1.05334900 1.51100884 -1.45954829 0.36329995 -0.39979238 0.55251086 0.63475267
1779396284.14686775 1.05403595 1.51318980 -1.45807820 0.36436131 -0.40065954 0.55108144 0.63484015
1779396284.15716529 1.04936146 1.51589152 -1.46072534 0.36654456 -0.40046242 0.54898366 0.63552488
1779396284.16750884 1.04721090 1.51581825 -1.46425783 0.36833527 -0.40039380 0.54625951 0.63687870
1779396284.17776656 1.04636897 1.51706643 -1.46469982 0.36923871 -0.40072147 0.54522441 0.63703644
1779396284.18806195 1.04669516 1.51636675 -1.46679113 0.37032023 -0.40109129 0.54306732 0.63801770
1779396284.19837141 1.04445148 1.51532886 -1.47106445 0.37188501 -0.40085734 0.54051031 0.63942438
1779396284.20863819 1.04064922 1.51641833 -1.47375256 0.37315466 -0.40047568 0.53942622 0.63983919
1779396284.21892810 1.03878511 1.51532563 -1.47755534 0.37431388 -0.40029893 0.53748463 0.64090573
1779396284.22920847 1.03639758 1.51438652 -1.48155847 0.37562523 -0.40004999 0.53539277 0.64204382
1779396284.23948336 1.03442019 1.51301819 -1.48541214 0.37644437 -0.39968493 0.53397203 0.64297392
1779396284.23964024 1.03149834 1.51423035 -1.48658491 0.37726765 -0.39933984 0.53344890 0.64314002
1779396284.24973154 1.03110170 1.51261225 -1.48938918 0.37792811 -0.39933573 0.53187922 0.64405420
1779396284.26004648 1.02476545 1.51308464 -1.49460359 0.37972638 -0.39843134 0.53013140 0.64499693
1779396284.27030134 1.02128861 1.51136662 -1.50012314 0.38102009 -0.39782356 0.52797850 0.64637359
1779396284.28058434 1.01585845 1.51194105 -1.50428866 0.38246115 -0.39703533 0.52671258 0.64703962
1779396284.29091978 1.00955361 1.51395177 -1.50768220 0.38450372 -0.39644097 0.52488728 0.64767646
1779396284.30124855 1.00291394 1.51605259 -1.51137905 0.38663930 -0.39579612 0.52293161 0.64838107
1779396284.31163073 1.00034482 1.51818108 -1.51233328 0.38829769 -0.39609183 0.52095729 0.64879864
1779396284.32192445 0.99861503 1.51696116 -1.51574688 0.38933648 -0.39594332 0.51887008 0.64993833
1779396284.33220768 0.99079684 1.51963456 -1.51968464 0.39173523 -0.39518519 0.51676672 0.65063379
1779396284.34251857 0.98907208 1.52260945 -1.51905460 0.39349570 -0.39588301 0.51450707 0.65093798
1779396284.35278320 0.98260721 1.52522126 -1.52184843 0.39535322 -0.39526364 0.51312318 0.65128111
1779396284.36305451 0.97833476 1.52766986 -1.52368557 0.39739160 -0.39529413 0.51067438 0.65194642
1779396284.37334776 0.97349091 1.53104725 -1.52477631 0.39943715 -0.39535646 0.50864831 0.65224239
1779396284.38376141 0.97259982 1.53454349 -1.52269465 0.40094802 -0.39618732 0.50679171 0.65225643
1779396284.38406920 0.97009276 1.53630634 -1.52300465 0.40179415 -0.39604903 0.50624159 0.65224694
1779396284.39416504 0.96845287 1.53786537 -1.52328955 0.40299502 -0.39643258 0.50453335 0.65259659
1779396284.40447092 0.96282913 1.54236581 -1.52356357 0.40523312 -0.39653691 0.50261935 0.65262423
1779396284.41480112 0.95738868 1.54488801 -1.52547989 0.40737664 -0.39641356 0.50009409 0.65330426
1779396284.42508340 0.95218373 1.54748531 -1.52703154 0.40910018 -0.39615204 0.49844355 0.65364718
1779396284.43540621 0.95240736 1.54737692 -1.52789105 0.41006210 -0.39686443 0.49612530 0.65437557
1779396284.44571090 0.94670352 1.55011000 -1.52969235 0.41215635 -0.39670821 0.49368619 0.65499900
1779396284.45607042 0.93954466 1.55288472 -1.53208005 0.41429300 -0.39627362 0.49149116 0.65556462
1779396284.46636772 0.93203891 1.55480333 -1.53528551 0.41612567 -0.39544461 0.48982652 0.65615011
1779396284.47671413 0.92589040 1.55638809 -1.53815640 0.41793976 -0.39507767 0.48754139 0.65691962
1779396284.48706651 0.92541198 1.55554116 -1.53988658 0.41856055 -0.39540062 0.48575346 0.65765416
1779396284.49743342 0.91592185 1.56265979 -1.53925191 0.42142203 -0.39510677 0.48400256 0.65729418
1779396284.50779510 0.91052288 1.56446294 -1.54144601 0.42316150 -0.39493927 0.48163271 0.65801767
1779396284.51811123 0.90845452 1.56691178 -1.54101943 0.42455031 -0.39560211 0.47944738 0.65832075
1779396284.52845836 0.90323051 1.56997224 -1.54171241 0.42620579 -0.39548389 0.47769349 0.65859703
1779396284.52864695 0.90288811 1.57019424 -1.54187539 0.42639405 -0.39562758 0.47732079 0.65865909
1779396284.53871417 0.90048871 1.57312013 -1.54116479 0.42772961 -0.39606805 0.47552399 0.65882806
1779396284.54908109 0.89712770 1.57491038 -1.54243717 0.42917718 -0.39632950 0.47311451 0.65946383
1779396284.55940127 0.89308215 1.57614879 -1.54477317 0.43051934 -0.39635316 0.47085844 0.66018907
1779396284.56969428 0.88668399 1.58171110 -1.54365281 0.43253429 -0.39629772 0.46933546 0.65998972
1779396284.58003330 0.88363692 1.58279207 -1.54561779 0.43369952 -0.39651671 0.46700738 0.66074453
1779396284.59036160 0.87651918 1.58555188 -1.54814889 0.43550581 -0.39607692 0.46480680 0.66137161
1779396284.60065508 0.87397412 1.58659502 -1.54975725 0.43639797 -0.39636274 0.46290712 0.66194440
1779396284.61093736 0.87206015 1.58746753 -1.55092084 0.43717126 -0.39660715 0.46123500 0.66245478
1779396284.62124348 0.86684196 1.58920914 -1.55321444 0.43855383 -0.39643672 0.45901571 0.66318402
1779396284.63155150 0.86342155 1.58868749 -1.55694026 0.43928907 -0.39631030 0.45693205 0.66421108
1779396284.64185500 0.85916233 1.58892494 -1.56001210 0.44011950 -0.39594381 0.45538966 0.66493878
1779396284.65216732 0.85583824 1.59025754 -1.56153790 0.44101185 -0.39611030 0.45370016 0.66540314
1779396284.66247439 0.84990907 1.59212533 -1.56391328 0.44240409 -0.39579579 0.45161719 0.66608274
1779396284.67282271 0.84427887 1.59209149 -1.56805184 0.44328798 -0.39527049 0.44987260 0.66698700
1779396284.68320084 0.84368760 1.59260570 -1.56838790 0.44361268 -0.39575231 0.44873897 0.66724901
1779396284.69351768 0.83482226 1.59358667 -1.57297454 0.44505532 -0.39468896 0.44684203 0.66819053
1779396284.70381045 0.83074323 1.59009010 -1.57954195 0.44503386 -0.39401608 0.44541463 0.66955358
1779396284.71410728 0.82627645 1.58813844 -1.58451145 0.44525214 -0.39329710 0.44438176 0.67051680
1779396284.72444868 0.82271521 1.58644635 -1.58878981 0.44565195 -0.39299532 0.44254131 0.67164440
1779396284.73487496 0.82019159 1.58614607 -1.59077459 0.44600986 -0.39314864 0.44121758 0.67218777
1779396284.74524450 0.81485638 1.58336047 -1.59689443 0.44616131 -0.39234472 0.44006311 0.67331283
1779396284.75560045 0.80974252 1.58214010 -1.60107734 0.44657026 -0.39160877 0.43895802 0.67419094
1779396284.76600146 0.80544705 1.58185169 -1.60402280 0.44711006 -0.39137492 0.43762404 0.67483588
1779396284.77629757 0.80062214 1.57843411 -1.61043623 0.44705732 -0.39057010 0.43652647 0.67604688
1779396284.78666854 0.79629919 1.57689397 -1.61465993 0.44727675 -0.39014780 0.43546659 0.67682868
1779396284.79702401 0.79383483 1.57402489 -1.61898566 0.44707081 -0.38977252 0.43461448 0.67772807
1779396284.80740356 0.78732438 1.57541008 -1.62129834 0.44809181 -0.38927855 0.43327318 0.67819635
1779396284.81770158 0.78489698 1.57321241 -1.62514288 0.44782109 -0.38918098 0.43284642 0.67870348
1779396284.82799101 0.78091966 1.57304867 -1.62771338 0.44816189 -0.38880859 0.43222484 0.67908798
1779396284.83829284 0.77581330 1.57161201 -1.63211789 0.44844172 -0.38822491 0.43119262 0.67989291
1779396284.84856105 0.77399797 1.57117872 -1.63379082 0.44842119 -0.38847495 0.43073766 0.68005200
1779396284.85882568 0.76775474 1.56834879 -1.64001063 0.44855362 -0.38726878 0.42997144 0.68113663
1779396284.85901570 0.76612613 1.56858294 -1.64059450 0.44873368 -0.38713957 0.42979980 0.68119981
1779396284.86912465 0.76612773 1.56790816 -1.64160228 0.44863705 -0.38754234 0.42909576 0.68147822
1779396284.87942410 0.75749739 1.56595908 -1.64815682 0.44904976 -0.38612901 0.42836196 0.68246958
1779396284.88972616 0.75203669 1.56456141 -1.65250620 0.44919299 -0.38546024 0.42799280 0.68298479
1779396284.90006185 0.74886099 1.56217524 -1.65672287 0.44910810 -0.38494455 0.42721118 0.68382030
1779396284.91037250 0.74389304 1.56076660 -1.66052580 0.44919125 -0.38441534 0.42680096 0.68431938
1779396284.92064428 0.73712944 1.55773751 -1.66707499 0.44919843 -0.38323022 0.42625340 0.68531994
1779396284.93097711 0.73581011 1.55703179 -1.66837711 0.44921999 -0.38339098 0.42558345 0.68563217
1779396284.93115187 0.73478734 1.55622339 -1.66965780 0.44913186 -0.38323767 0.42547478 0.68584304
1779396284.94131231 0.73106640 1.55545164 -1.67243749 0.44925848 -0.38285169 0.42521458 0.68613698
1779396284.95158339 0.72568335 1.55463193 -1.67613100 0.44949732 -0.38225509 0.42496263 0.68646920
1779396284.96187854 0.71932728 1.55090881 -1.68272455 0.44950408 -0.38116074 0.42370822 0.68784731
1779396284.97218132 0.71303914 1.55200515 -1.68475386 0.45026158 -0.38046691 0.42324189 0.68802307
1779396284.98246217 0.70954895 1.54914830 -1.68933158 0.45004899 -0.38006999 0.42253015 0.68881854
1779396284.99277949 0.70284724 1.54904380 -1.69293577 0.45055430 -0.37930359 0.42224273 0.68908685
1779396285.00310946 0.69621884 1.54989681 -1.69543892 0.45126549 -0.37844405 0.42195925 0.68926769
1779396285.01343679 0.69245695 1.54772738 -1.69927636 0.45135237 -0.37815261 0.42058461 0.69021028
1779396285.02379155 0.68190819 1.54937503 -1.70271716 0.45261008 -0.37678453 0.42013956 0.69040588
1779396285.03411531 0.68292026 1.54624439 -1.70573903 0.45165968 -0.37719341 0.42091923 0.69033012
1779396285.04446340 0.67137157 1.54933916 -1.70804820 0.45342901 -0.37570647 0.41964278 0.69075807
1779396285.05477571 0.67031833 1.54827966 -1.70975343 0.45338662 -0.37603850 0.41847469 0.69131364
1779396285.06510234 0.66538275 1.54621795 -1.71410361 0.45337643 -0.37541363 0.41834377 0.69173905
1779396285.07545781 0.65459704 1.54985042 -1.71541795 0.45536386 -0.37415618 0.41611401 0.69245942
1779396285.08580256 0.64626736 1.54814270 -1.72069335 0.45566771 -0.37286932 0.41637572 0.69279627
1779396285.09609342 0.63976793 1.54581671 -1.72580675 0.45584961 -0.37192791 0.41559412 0.69365141
1779396285.10637093 0.63416384 1.54522058 -1.72884431 0.45626337 -0.37135353 0.41480864 0.69415710
1779396285.11668897 0.62834057 1.54343838 -1.73296002 0.45649895 -0.37044811 0.41417897 0.69486163
1779396285.12704825 0.62263925 1.54350464 -1.73528038 0.45702587 -0.36995448 0.41348395 0.69519210
1779396285.13733935 0.62073058 1.54059132 -1.73894062 0.45654661 -0.36983011 0.41360048 0.69550379
1779396285.14762568 0.61152105 1.53886577 -1.74403708 0.45710625 -0.36821971 0.41307010 0.69630540
1779396285.14781737 0.61087288 1.53841537 -1.74483098 0.45699356 -0.36818815 0.41344913 0.69617109
1779396285.15792346 0.60393283 1.53812752 -1.74782588 0.45756392 -0.36723533 0.41313811 0.69648429
1779396285.16822553 0.60268354 1.53650889 -1.74990095 0.45741787 -0.36744138 0.41222454 0.69701267
1779396285.17856312 0.59431097 1.53566125 -1.75373149 0.45813598 -0.36630914 0.41097747 0.69787288
1779396285.18888974 0.59187753 1.53327792 -1.75679903 0.45782027 -0.36603575 0.41128491 0.69804237
1779396285.19924664 0.58551471 1.53210728 -1.76018383 0.45825556 -0.36524486 0.41032951 0.69873294
1779396285.20953584 0.58158833 1.53030673 -1.76331440 0.45827010 -0.36487111 0.41005496 0.69907976
1779396285.21984124 0.57782033 1.52959287 -1.76540269 0.45841372 -0.36449367 0.41023177 0.69907876
1779396285.21999717 0.57665807 1.52933271 -1.76603841 0.45851038 -0.36439347 0.40984139 0.69929656
1779396285.23019147 0.57215482 1.52750824 -1.76931646 0.45855261 -0.36373162 0.40975926 0.69966146
1779396285.24046564 0.56629166 1.52612411 -1.77278220 0.45882616 -0.36297757 0.40947341 0.70004098
1779396285.25076079 0.56094927 1.52553822 -1.77527366 0.45915731 -0.36243501 0.40939540 0.70015058
1779396285.26109648 0.55872843 1.52354167 -1.77786811 0.45890463 -0.36220329 0.40960773 0.70031195
1779396285.27138948 0.55101699 1.52350961 -1.78082136 0.45961597 -0.36120224 0.40923824 0.70057845
1779396285.28177118 0.54849368 1.52163030 -1.78351586 0.45942439 -0.36089863 0.40940200 0.70076488
1779396285.29209161 0.54183092 1.51956892 -1.78795949 0.45959961 -0.35985441 0.40942442 0.70117377
1779396285.29226828 0.53840171 1.51985333 -1.78890758 0.45995470 -0.35935283 0.40939455 0.70121560
1779396285.30240202 0.52851293 1.51938867 -1.79277869 0.46079951 -0.35774059 0.40906558 0.70167715
1779396285.31272078 0.52361508 1.51771548 -1.79625543 0.46083844 -0.35706390 0.40932426 0.70184539
1779396285.32300472 0.52003956 1.51663568 -1.79900665 0.46086275 -0.35670620 0.40957105 0.70186734
1779396285.33326435 0.51778174 1.51218388 -1.80388896 0.46020720 -0.35612606 0.40957155 0.70259143
1779396285.34356093 0.51298532 1.50936558 -1.80859131 0.46004043 -0.35531603 0.40977492 0.70299206
1779396285.35384178 0.50668175 1.50736758 -1.81320158 0.46020786 -0.35427906 0.40976585 0.70341098
1779396285.36413908 0.50018382 1.50795032 -1.81530258 0.46088437 -0.35339519 0.40965001 0.70348014
1779396285.37442803 0.49621502 1.50726991 -1.81819152 0.46106344 -0.35296690 0.40968061 0.70355999
1779396285.38472605 0.48698940 1.50647298 -1.82270995 0.46174143 -0.35146813 0.40948652 0.70397855
1779396285.39502931 0.48183429 1.50431885 -1.82732105 0.46174769 -0.35060436 0.40966172 0.70430315
1779396285.40537834 0.47645280 1.50448539 -1.82968153 0.46224227 -0.34984580 0.40957797 0.70440464
1779396285.41579390 0.46971542 1.50272815 -1.83444970 0.46249970 -0.34869355 0.40953458 0.70483208
1779396285.42609859 0.46135776 1.50058426 -1.84009772 0.46283279 -0.34716991 0.40947895 0.70539766
1779396285.43644190 0.45721569 1.49917397 -1.84353622 0.46292173 -0.34645437 0.40945273 0.70570625
1779396285.43674660 0.45561070 1.49832573 -1.84503601 0.46291376 -0.34612802 0.40939773 0.70590350
1779396285.44682217 0.44903380 1.49875484 -1.84765892 0.46359462 -0.34515818 0.40908158 0.70611481
1779396285.45709538 0.44189526 1.49712691 -1.85255813 0.46390547 -0.34390260 0.40895405 0.70659698
1779396285.46740341 0.43575063 1.49542073 -1.85741635 0.46410082 -0.34282880 0.40899226 0.70696830
1779396285.47773695 0.43070246 1.49679961 -1.85889611 0.46486640 -0.34226763 0.40816565 0.70721489
1779396285.48802590 0.42128775 1.49739287 -1.86275280 0.46586584 -0.34082817 0.40743926 0.70767113
1779396285.49830079 0.41556595 1.49763626 -1.86599868 0.46641835 -0.34006772 0.40705205 0.70789582
1779396285.50864697 0.41107126 1.49828952 -1.86809631 0.46699181 -0.33952092 0.40627694 0.70822542
1779396285.51897812 0.40367821 1.49910159 -1.87132014 0.46787872 -0.33851570 0.40527453 0.70869541
1779396285.52937341 0.39760796 1.50052931 -1.87375155 0.46872012 -0.33780524 0.40458360 0.70887317
1779396285.53978992 0.39486057 1.50078900 -1.87621432 0.46909950 -0.33762872 0.40356476 0.70928696
1779396285.55014253 0.38959641 1.50019417 -1.87944662 0.46954809 -0.33681188 0.40280268 0.70981149
1779396285.56046915 0.38281898 1.50042290 -1.88274309 0.47033415 -0.33587715 0.40133282 0.71056618
1779396285.57076526 0.37690386 1.50072111 -1.88562415 0.47104777 -0.33513242 0.40006896 0.71115757
1779396285.58110380 0.37100907 1.50046452 -1.88840312 0.47163449 -0.33422917 0.39916540 0.71170131
1779396285.58128190 0.36907070 1.50029616 -1.88948552 0.47179082 -0.33392676 0.39902618 0.71181771
1779396285.59138966 0.36468988 1.49999729 -1.89208618 0.47222898 -0.33330560 0.39822094 0.71226908
1779396285.60172868 0.35973509 1.49872933 -1.89612739 0.47254118 -0.33253457 0.39744700 0.71285446
1779396285.61202717 0.35091674 1.49656751 -1.90130140 0.47311357 -0.33095166 0.39621632 0.71389577
1779396285.62233210 0.34687141 1.49582313 -1.90416426 0.47343559 -0.33035246 0.39544677 0.71438634
1779396285.63268185 0.33700530 1.49346212 -1.90969203 0.47403202 -0.32855341 0.39457420 0.71530238
1779396285.64297104 0.33383368 1.49050952 -1.91444294 0.47390276 -0.32794767 0.39380699 0.71608837
1779396285.65326762 0.32934566 1.48993625 -1.91711079 0.47431735 -0.32728502 0.39311332 0.71649807
1779396285.65344572 0.32647867 1.48884581 -1.91892558 0.47440775 -0.32671113 0.39291319 0.71680984
1779396285.66359758 0.32126361 1.48714664 -1.92273456 0.47471965 -0.32577682 0.39183341 0.71761919
1779396285.67389870 0.31506350 1.48480589 -1.92760444 0.47499513 -0.32466790 0.39100243 0.71839229
1779396285.68422389 0.30967349 1.48343460 -1.93157145 0.47538963 -0.32383722 0.39003155 0.71903376
1779396285.69458628 0.30665114 1.48220432 -1.93467290 0.47553348 -0.32334595 0.38957771 0.71940567
1779396285.70492363 0.29925126 1.48137019 -1.93877043 0.47622708 -0.32216622 0.38838117 0.72012274
1779396285.71521378 0.29535010 1.48007639 -1.94269285 0.47651186 -0.32160265 0.38731052 0.72076261
1779396285.72554207 0.28987269 1.47936068 -1.94636406 0.47706153 -0.32081875 0.38597516 0.72146434
1779396285.73590589 0.28788713 1.48027753 -1.94789227 0.47752079 -0.32073387 0.38537491 0.72151913
1779396285.74623418 0.28521493 1.47996413 -1.95107681 0.47785509 -0.32050237 0.38443540 0.72190177
1779396285.75654960 0.28125478 1.48158065 -1.95302549 0.47868835 -0.32021548 0.38322379 0.72212121
1779396285.76691365 0.27810910 1.48237116 -1.95490389 0.47927496 -0.31991114 0.38206856 0.72247906
1779396285.77725863 0.27606841 1.48321987 -1.95727129 0.47978244 -0.31990100 0.38112743 0.72264378
1779396285.78755045 0.27463012 1.48272737 -1.96056767 0.48000599 -0.31986283 0.38016097 0.72302120
1779396285.79789186 0.27382334 1.48263921 -1.96342755 0.48024463 -0.31995396 0.37954977 0.72314350
1779396285.80823493 0.26988373 1.48353365 -1.96527806 0.48089793 -0.31950143 0.37929507 0.72304306
1779396285.81859016 0.26827409 1.48301821 -1.96851695 0.48115235 -0.31941888 0.37827137 0.72344645
1779396285.82888818 0.26740351 1.48425421 -1.97029011 0.48163984 -0.31960373 0.37866418 0.72283466
1779396285.83924150 0.26650835 1.48371947 -1.97279384 0.48177730 -0.31957071 0.37812457 0.72304011
1779396285.83942485 0.26570141 1.48321909 -1.97389424 0.48183130 -0.31943823 0.37781863 0.72322258
1779396285.84955764 0.26566171 1.48218411 -1.97654812 0.48182539 -0.31949710 0.37735473 0.72344268
1779396285.85986376 0.26315607 1.48102585 -1.98036770 0.48205150 -0.31913396 0.37755358 0.72334857
1779396285.87016702 0.26201835 1.48040411 -1.98331766 0.48228013 -0.31911022 0.37722586 0.72337763
1779396285.88048291 0.26033396 1.47968366 -1.98579625 0.48249494 -0.31888666 0.37767357 0.72309930
1779396285.89081669 0.26132364 1.47833941 -1.98886148 0.48242019 -0.31915985 0.37779799 0.72296364
1779396285.90110898 0.25954420 1.47559714 -1.99339474 0.48238230 -0.31877243 0.37781764 0.72314956
1779396285.91144729 0.25620798 1.47373551 -1.99672620 0.48257127 -0.31816697 0.37748662 0.72346293
1779396285.92179918 0.25589250 1.47201264 -2.00026593 0.48254567 -0.31811155 0.37841005 0.72302182
1779396285.93210864 0.25521904 1.47020397 -2.00390627 0.48258303 -0.31799207 0.37905034 0.72271398
1779396285.94244051 0.25708448 1.46824667 -2.00726599 0.48234634 -0.31832849 0.37966952 0.72239881
1779396285.95279360 0.25886149 1.46659708 -2.00983480 0.48211634 -0.31860516 0.38033740 0.72207897
1779396285.96310091 0.26074244 1.46159228 -2.01560810 0.48134689 -0.31861370 0.38109260 0.72219036
1779396285.97340083 0.25935699 1.46192507 -2.01789670 0.48181413 -0.31855389 0.38171193 0.72157783
1779396285.98369479 0.26246063 1.45909450 -2.02148123 0.48126006 -0.31888593 0.38249615 0.72138562
1779396285.99404144 0.26192460 1.45916245 -2.02388899 0.48158595 -0.31894272 0.38307873 0.72083368
1779396286.00437021 0.26147758 1.45709598 -2.02815340 0.48154203 -0.31874684 0.38377305 0.72058030
1779396286.01470208 0.26409524 1.45562539 -2.03171462 0.48131869 -0.31914364 0.38435116 0.72024568
1779396286.02499008 0.26107841 1.45669380 -2.03344421 0.48195711 -0.31876233 0.38489104 0.71969911
1779396286.03530931 0.26583312 1.45582415 -2.03639102 0.48163501 -0.31958997 0.38538379 0.71928388
1779396286.04561043 0.26821316 1.45660285 -2.03867871 0.48175661 -0.32005664 0.38708742 0.71807914
1779396286.05587840 0.26598480 1.45465240 -2.04274643 0.48177535 -0.31951767 0.38697950 0.71836469
1779396286.06617093 0.26802554 1.44946247 -2.04962159 0.48087084 -0.31934636 0.38812935 0.71842658
1779396286.07647657 0.26789235 1.44934108 -2.05308307 0.48103840 -0.31929227 0.38916151 0.71777979
1779396286.08682036 0.27908507 1.44631355 -2.05722887 0.47961358 -0.32091230 0.39105555 0.71698094
1779396286.09722090 0.27329518 1.44173381 -2.06403720 0.47946679 -0.31937065 0.39171304 0.71740845
1779396286.10753751 0.27526470 1.43962194 -2.06875922 0.47905404 -0.31944487 0.39317472 0.71685134
1779396286.11784410 0.28025844 1.43613991 -2.07411924 0.47811007 -0.31994068 0.39449025 0.71653762
1779396286.12815046 0.28272362 1.43335081 -2.07848470 0.47748338 -0.32006551 0.39493140 0.71665674
1779396286.12831402 0.28525153 1.43500167 -2.07769472 0.47756090 -0.32065883 0.39562157 0.71595885
1779396286.13842487 0.28350305 1.43085523 -2.08361779 0.47711580 -0.31987579 0.39652899 0.71610387
1779396286.14871073 0.28560342 1.42460733 -2.09133280 0.47596036 -0.31961647 0.39745058 0.71647755
1779396286.15902305 0.29091502 1.42225708 -2.09564318 0.47517106 -0.32021092 0.39919158 0.71576777
1779396286.16933036 0.29281784 1.41797858 -2.10097251 0.47436107 -0.32011293 0.39959705 0.71612254
1779396286.17974877 0.29393094 1.41223913 -2.10820178 0.47339059 -0.31963368 0.40171002 0.71579656
1779396286.19003057 0.29839694 1.40712878 -2.11448448 0.47223193 -0.31982780 0.40321260 0.71563034
1779396286.20027781 0.29646225 1.40342852 -2.11997388 0.47189465 -0.31903636 0.40399430 0.71576522
1779396286.20050931 0.29498301 1.40082233 -2.12290888 0.47161753 -0.31848127 0.40467679 0.71580953
1779396286.21064401 0.29429268 1.39764798 -2.12758839 0.47124685 -0.31795407 0.40607910 0.71549380
1779396286.22099066 0.29645113 1.39215531 -2.13411286 0.47027350 -0.31777944 0.40703550 0.71566833
1779396286.23124313 0.29947458 1.38549601 -2.14140134 0.46905473 -0.31754180 0.40878418 0.71557694
1779396286.24161005 0.30047165 1.37993578 -2.14736636 0.46814535 -0.31712230 0.40974327 0.71580991
1779396286.25198531 0.30162575 1.37523465 -2.15317918 0.46742462 -0.31684306 0.41109684 0.71562845
1779396286.26222658 0.30644026 1.37112947 -2.15826851 0.46648394 -0.31718369 0.41286513 0.71507316
1779396286.27250409 0.30463115 1.36480923 -2.16495968 0.46574438 -0.31624672 0.41350194 0.71560207
1779396286.28276706 0.31029025 1.35989568 -2.17000389 0.46461339 -0.31674806 0.41478144 0.71537502
1779396286.29304957 0.31409767 1.35355760 -2.17629198 0.46339011 -0.31672599 0.41662457 0.71510714
1779396286.30336118 0.31528815 1.34884003 -2.18100230 0.46264410 -0.31647090 0.41754535 0.71516605
1779396286.31367755 0.31852832 1.34174951 -2.18751310 0.46140483 -0.31631227 0.41902267 0.71517280
1779396286.32396269 0.32870251 1.33531222 -2.19211051 0.45960350 -0.31741685 0.42098384 0.71469139
1779396286.33425713 0.32695324 1.32591155 -2.20067054 0.45843288 -0.31624146 0.42201642 0.71535499
1779396286.34462786 0.33937011 1.31854734 -2.20457530 0.45622924 -0.31781484 0.42270957 0.71565720
1779396286.35491705 0.33450863 1.31023863 -2.21304649 0.45555727 -0.31598987 0.42507551 0.71549199
1779396286.36526012 0.34483503 1.30294287 -2.21757839 0.45363107 -0.31728550 0.42550135 0.71588921
1779396286.37560844 0.35236248 1.29756841 -2.22179440 0.45228009 -0.31802224 0.42723214 0.71538610
1779396286.38591862 0.35993336 1.29603338 -2.22293774 0.45152328 -0.31924471 0.42782708 0.71496400
1779396286.39628768 0.36422038 1.28970882 -2.22805198 0.45032971 -0.31958887 0.42787642 0.71553328
1779396286.40658832 0.35785226 1.28509724 -2.23411625 0.45040855 -0.31802168 0.42938535 0.71527797
1779396286.41686702 0.36635109 1.27801031 -2.23836462 0.44868824 -0.31900808 0.42939924 0.71591131
1779396286.42718029 0.37413681 1.27549821 -2.24018137 0.44778513 -0.32032266 0.42964537 0.71574208
1779396286.43749237 0.38079020 1.27088091 -2.24351224 0.44665991 -0.32123214 0.43001644 0.71581471
1779396286.44772673 0.38480387 1.26513384 -2.24795731 0.44557302 -0.32134786 0.43167525 0.71544162
1779396286.45801401 0.38930435 1.26505246 -2.24850875 0.44530303 -0.32235564 0.43138085 0.71533392
1779396286.46831656 0.39646861 1.25656372 -2.25390654 0.44347315 -0.32288320 0.43244085 0.71559270
1779396286.47859287 0.39561133 1.25209159 -2.25867524 0.44302265 -0.32244562 0.43297426 0.71574649
1779396286.48886943 0.39898341 1.24304060 -2.26476002 0.44141372 -0.32227637 0.43347645 0.71651241
1779396286.49927187 0.39875397 1.23767142 -2.27037361 0.44075881 -0.32174636 0.43444306 0.71656834
1779396286.50955844 0.41169212 1.24082755 -2.26823162 0.44018432 -0.32434987 0.43536139 0.71518905
1779396286.51988673 0.41262535 1.23879280 -2.27167812 0.43989203 -0.32439647 0.43595547 0.71498585
1779396286.53016067 0.41165949 1.23105452 -2.27836496 0.43885547 -0.32361071 0.43613855 0.71586671
1779396286.54051161 0.42316441 1.23266601 -2.27757332 0.43812558 -0.32591029 0.43638082 0.71512253
1779396286.55075455 0.42663926 1.23707178 -2.27656279 0.43857241 -0.32709896 0.43599330 0.71454205
1779396286.55092502 0.42942422 1.23187982 -2.27955626 0.43752203 -0.32712347 0.43623035 0.71502992
1779396286.56103325 0.42992605 1.23136343 -2.28208459 0.43745944 -0.32732377 0.43588918 0.71518460
1779396286.57132602 0.44365249 1.23149757 -2.28179259 0.43626911 -0.33002857 0.43538206 0.71497753
1779396286.58160782 0.43887018 1.22999451 -2.28639242 0.43654842 -0.32935426 0.43500368 0.71534820
1779396286.59191322 0.44995678 1.22818437 -2.28701284 0.43526837 -0.33126722 0.43500602 0.71524348
1779396286.60230517 0.45197079 1.22805659 -2.28927446 0.43512340 -0.33180491 0.43487938 0.71515946
1779396286.61258578 0.45591194 1.22345698 -2.29358279 0.43410105 -0.33229192 0.43467608 0.71567805
1779396286.62296200 0.45943676 1.22069428 -2.29662022 0.43340963 -0.33279608 0.43482639 0.71577152
1779396286.63334179 0.45950372 1.21948877 -2.29927425 0.43326861 -0.33277651 0.43486357 0.71584341
1779396286.64368320 0.46442060 1.21489943 -2.30275666 0.43214463 -0.33354278 0.43485763 0.71616972
1779396286.65399933 0.46379368 1.20703863 -2.30928589 0.43105286 -0.33295157 0.43517077 0.71691218
1779396286.66427350 0.47495663 1.20704065 -2.30879569 0.43012953 -0.33495901 0.43532881 0.71643553
1779396286.67452836 0.46836023 1.20207354 -2.31441745 0.43004177 -0.33347316 0.43589732 0.71683559
1779396286.68482280 0.46613646 1.19705872 -2.31968789 0.42955018 -0.33291549 0.43578395 0.71745820
1779396286.69510126 0.48252411 1.19419705 -2.31947008 0.42768950 -0.33582195 0.43548620 0.71739604
1779396286.70542908 0.47208271 1.19039407 -2.32522998 0.42815195 -0.33398841 0.43512851 0.71819275
1779396286.71573472 0.47506236 1.18968789 -2.32654810 0.42791794 -0.33461628 0.43545340 0.71784296
1779396286.72601438 0.48144561 1.18554350 -2.32904066 0.42681319 -0.33583799 0.43459806 0.71844824
1779396286.73629618 0.47060803 1.18441390 -2.33351750 0.42773045 -0.33401485 0.43480602 0.71862679
1779396286.74660087 0.47262318 1.17957044 -2.33746452 0.42690804 -0.33427606 0.43477797 0.71901124
1779396286.75693512 0.46554459 1.18082808 -2.34007362 0.42790009 -0.33333207 0.43542918 0.71846551
1779396286.76725459 0.47186474 1.18197720 -2.33947606 0.42758667 -0.33485014 0.43474318 0.71836160
1779396286.77755165 0.47621385 1.17935334 -2.34185384 0.42690410 -0.33584646 0.43381372 0.71886418
1779396286.78784251 0.48405906 1.17966802 -2.34186693 0.42635424 -0.33749501 0.43385126 0.71839562
1779396286.79814363 0.47298560 1.17699161 -2.34758148 0.42705510 -0.33590314 0.43287650 0.71931284
1779396286.80842853 0.46932081 1.17403605 -2.35154100 0.42700910 -0.33530780 0.43254035 0.71981995
1779396286.81880045 0.47234832 1.17971520 -2.34999227 0.42770805 -0.33655046 0.43261498 0.71877945
1779396286.82911944 0.47872026 1.18125796 -2.34986435 0.42744120 -0.33827884 0.43145834 0.71882205
1779396286.83938050 0.47471834 1.17994080 -2.35292236 0.42767992 -0.33780874 0.43110507 0.71911303
1779396286.84970403 0.46935277 1.18135925 -2.35559300 0.42846045 -0.33741651 0.43045829 0.71922000
1779396286.85997987 0.46702835 1.18231432 -2.35753932 0.42890610 -0.33751775 0.42981824 0.71928966
1779396286.87031770 0.46024587 1.17996944 -2.36227069 0.42924391 -0.33664718 0.42894429 0.72001746
1779396286.88072920 0.46191283 1.18153741 -2.36262082 0.42937437 -0.33733309 0.42871433 0.71975556
1779396286.89102125 0.45745683 1.18221979 -2.36519509 0.42995469 -0.33704485 0.42806489 0.71993068
1779396286.90127063 0.45305975 1.18321354 -2.36756877 0.43055921 -0.33684214 0.42724840 0.72014925
1779396286.91158581 0.44720951 1.18481506 -2.36933785 0.43137949 -0.33633852 0.42655688 0.72030366
1779396286.91176724 0.44267113 1.18364461 -2.37149885 0.43161225 -0.33557618 0.42643751 0.72059041
1779396286.92188954 0.43830086 1.18473338 -2.37316653 0.43220420 -0.33534977 0.42543321 0.72093456
1779396286.93215466 0.43339822 1.18711677 -2.37476742 0.43305466 -0.33525639 0.42421010 0.72118833
1779396286.94239783 0.42643425 1.18839102 -2.37733560 0.43391448 -0.33471520 0.42307742 0.72158815
1779396286.95275497 0.41791485 1.19022090 -2.37938032 0.43495314 -0.33389510 0.42184335 0.72206510
1779396286.96310592 0.40817792 1.19315405 -2.38120379 0.43629101 -0.33319445 0.41988103 0.72272507
1779396286.97337532 0.40379325 1.19268635 -2.38417565 0.43660908 -0.33301365 0.41858857 0.72336576
1779396286.98370504 0.39200922 1.19240876 -2.38745232 0.43759281 -0.33156029 0.41699266 0.72436001
1779396286.99397898 0.38347687 1.19149996 -2.39114144 0.43818709 -0.33070593 0.41536867 0.72532374
1779396287.00424838 0.37318485 1.19349312 -2.39332251 0.43936978 -0.32983754 0.41341120 0.72612159
1779396287.01456332 0.36478696 1.19150498 -2.39728775 0.43975476 -0.32893285 0.41179581 0.72721602
1779396287.02479625 0.35810025 1.19163855 -2.39939512 0.44030829 -0.32833589 0.41040981 0.72793402
1779396287.03509665 0.35208617 1.19186085 -2.40176064 0.44080377 -0.32795708 0.40903908 0.72857616
1779396287.04541922 0.34145318 1.19107188 -2.40538460 0.44151940 -0.32678695 0.40731989 0.72963102
1779396287.05573559 0.33667865 1.18870408 -2.40828086 0.44147317 -0.32642888 0.40543203 0.73086968
1779396287.06598973 0.31970315 1.18586590 -2.41390197 0.44239975 -0.32391444 0.40439018 0.73200442
1779396287.07629442 0.30848938 1.18255230 -2.41878511 0.44271670 -0.32248011 0.40250874 0.73348157
1779396287.08665466 0.30304244 1.18267994 -2.42071106 0.44304359 -0.32225773 0.40087206 0.73427783
1779396287.09693670 0.28983428 1.17398934 -2.42798660 0.44271198 -0.31982789 0.39996760 0.73603134
1779396287.10726428 0.28035454 1.17189830 -2.43173860 0.44303768 -0.31869554 0.39870102 0.73701307
1779396287.11755538 0.27186898 1.16864781 -2.43606767 0.44306390 -0.31765562 0.39731503 0.73819378
1779396287.12805653 0.26051038 1.16807021 -2.43894689 0.44378499 -0.31621726 0.39598237 0.73909370
1779396287.13834834 0.24846408 1.16211882 -2.44525390 0.44372908 -0.31427521 0.39531635 0.74031114
1779396287.14863181 0.23740516 1.16048484 -2.44905984 0.44415582 -0.31295315 0.39374732 0.74145059
1779396287.15890622 0.21895724 1.15627374 -2.45478712 0.44479068 -0.31022119 0.39211100 0.74308346
1779396287.16915345 0.21134272 1.15150872 -2.45941066 0.44453547 -0.30901897 0.39139782 0.74411239
1779396287.17943931 0.19950595 1.15208793 -2.46242879 0.44541519 -0.30766388 0.39031929 0.74471411
1779396287.18969226 0.18448799 1.14958345 -2.46689130 0.44599461 -0.30569883 0.38843583 0.74615993
1779396287.19997120 0.17623233 1.14496935 -2.47100711 0.44572696 -0.30451360 0.38726656 0.74741123
1779396287.21030521 0.16034771 1.14609453 -2.47362753 0.44695825 -0.30263970 0.38558171 0.74830761
1779396287.22060108 0.14975737 1.13737585 -2.48036168 0.44620640 -0.30093579 0.38423590 0.75013350
1779396287.23085451 0.13639839 1.13970844 -2.48163384 0.44745409 -0.29947077 0.38271357 0.75075457
1779396287.23103380 0.13150171 1.13321272 -2.48546207 0.44678368 -0.29835969 0.38252552 0.75169146
1779396287.24113965 0.12655630 1.13395488 -2.48663883 0.44705688 -0.29818882 0.38105184 0.75234505
1779396287.25143576 0.11592844 1.13132281 -2.49031907 0.44723758 -0.29698154 0.37940044 0.75354881
1779396287.26169586 0.09599059 1.12753410 -2.49521300 0.44803463 -0.29413715 0.37787098 0.75495816
1779396287.27200174 0.09355531 1.12581867 -2.49708684 0.44772370 -0.29417271 0.37685734 0.75563514
1779396287.28232932 0.08190837 1.12492611 -2.49984456 0.44824106 -0.29298325 0.37501762 0.75670506
1779396287.29262710 0.06852335 1.12124758 -2.50371021 0.44846098 -0.29129542 0.37341780 0.75801641
1779396287.30291796 0.05408187 1.11857742 -2.50677860 0.44901718 -0.28930023 0.37222704 0.75903622
1779396287.31324673 0.04388621 1.11980745 -2.50813848 0.44974021 -0.28850263 0.37039819 0.75980600
1779396287.32351327 0.02256021 1.12357140 -2.50895423 0.45189048 -0.28592486 0.36922822 0.76007400
1779396287.33384824 0.01584424 1.12121659 -2.51130099 0.45182013 -0.28526241 0.36796350 0.76097753
1779396287.33403707 0.01153502 1.12127794 -2.51172047 0.45210068 -0.28476258 0.36747519 0.76123402
1779396287.34414649 0.00278091 1.11964795 -2.51376523 0.45234070 -0.28377923 0.36650749 0.76192487
1779396287.35441589 -0.01257966 1.11929630 -2.51566867 0.45320192 -0.28205097 0.36455482 0.76299086
1779396287.36470652 -0.01890370 1.11769242 -2.51791106 0.45313861 -0.28171886 0.36301960 0.76388262
1779396287.37500000 -0.02824559 1.11776298 -2.51888009 0.45368005 -0.28078122 0.36189276 0.76444094
1779396287.38533545 -0.04404379 1.11489683 -2.52183782 0.45419908 -0.27876982 0.36030985 0.76561570
1779396287.39565134 -0.05251820 1.11656901 -2.52255895 0.45485915 -0.27825217 0.35904985 0.76600397
1779396287.40591764 -0.06458544 1.11382195 -2.52479279 0.45518197 -0.27665366 0.35811540 0.76682819
1779396287.41617632 -0.07329499 1.10943327 -2.52820621 0.45492826 -0.27566219 0.35712144 0.76779874
1779396287.42643738 -0.08211886 1.10777650 -2.53001926 0.45505469 -0.27491528 0.35574903 0.76862829
1779396287.43674278 -0.09106338 1.10833341 -2.53112550 0.45557652 -0.27421668 0.35473321 0.76903810
1779396287.44700813 -0.09715609 1.10678793 -2.53259075 0.45560373 -0.27370244 0.35396811 0.76955753
1779396287.45727444 -0.10383964 1.10213778 -2.53565378 0.45511780 -0.27304245 0.35313866 0.77046005
1779396287.46757936 -0.11545979 1.09905763 -2.53811656 0.45522538 -0.27173741 0.35176187 0.77148702
1779396287.47784042 -0.12135427 1.09916733 -2.53878455 0.45550896 -0.27132149 0.35102543 0.77180139
1779396287.48811007 -0.11929434 1.10073285 -2.53970347 0.45522714 -0.27253011 0.35000258 0.77200634
1779396287.49836111 -0.14055455 1.09688772 -2.54200491 0.45604627 -0.26957853 0.34877013 0.77311617
1779396287.50866580 -0.14073520 1.09634408 -2.54306034 0.45582900 -0.26999245 0.34853401 0.77320634
1779396287.51893950 -0.14848089 1.10054744 -2.54223339 0.45667674 -0.26988891 0.34667310 0.77357876
1779396287.52922916 -0.14963282 1.09945235 -2.54394587 0.45637872 -0.27028797 0.34637605 0.77374835
1779396287.53958535 -0.16285195 1.09788167 -2.54516063 0.45689210 -0.26881914 0.34538402 0.77440025
1779396287.54987717 -0.16960589 1.09422014 -2.54727617 0.45663017 -0.26804783 0.34458078 0.77517955
1779396287.56015825 -0.16637603 1.09065153 -2.55031722 0.45549843 -0.26905140 0.34404016 0.77573765
1779396287.57042503 -0.17584167 1.08756069 -2.55215486 0.45548889 -0.26805305 0.34317177 0.77647316
1779396287.58075237 -0.18535833 1.08660151 -2.55279122 0.45591738 -0.26700544 0.34248907 0.77688395
1779396287.59108233 -0.19085052 1.08660696 -2.55361970 0.45618609 -0.26675608 0.34217818 0.77694887
1779396287.60141373 -0.19202651 1.08359721 -2.55589803 0.45558460 -0.26703657 0.34181107 0.77736692
1779396287.61178589 -0.20179221 1.08053881 -2.55773625 0.45569480 -0.26593915 0.34129670 0.77790435
1779396287.62218022 -0.20744716 1.07963532 -2.55844874 0.45584802 -0.26546275 0.34095161 0.77812860
1779396287.63254523 -0.20979263 1.07962583 -2.55948745 0.45592657 -0.26567598 0.34094737 0.77801165
1779396287.64288974 -0.21292053 1.07913197 -2.56058241 0.45592732 -0.26579787 0.34055924 0.77813956
1779396287.65318584 -0.21747343 1.07672231 -2.56207764 0.45578263 -0.26538500 0.34028188 0.77848651
1779396287.65357327 -0.21801644 1.07631952 -2.56249456 0.45572019 -0.26543997 0.34023469 0.77852494
1779396287.66366744 -0.22008770 1.07257362 -2.56477116 0.45519976 -0.26531185 0.34020416 0.77888634
1779396287.67399406 -0.22216993 1.07301363 -2.56543836 0.45530703 -0.26560477 0.34010550 0.77876689
1779396287.68434930 -0.22071207 1.06630878 -2.56928247 0.45390098 -0.26608117 0.33984622 0.77953785
1779396287.69466496 -0.22665503 1.06561400 -2.57004463 0.45422237 -0.26547935 0.33985795 0.77955072
1779396287.70497322 -0.22571064 1.06428689 -2.57166876 0.45386912 -0.26609765 0.34018546 0.77940279
1779396287.71531558 -0.22387442 1.06016833 -2.57443195 0.45291374 -0.26672729 0.34012868 0.77976803
1779396287.72563124 -0.23123524 1.05824355 -2.57575705 0.45322633 -0.26588723 0.34056891 0.77968115
1779396287.73590708 -0.22648887 1.05208665 -2.57928316 0.45173424 -0.26667868 0.34069813 0.78022013
1779396287.74619484 -0.23000346 1.04893571 -2.58124403 0.45149738 -0.26638829 0.34099500 0.78032673
1779396287.75655651 -0.23372991 1.04408642 -2.58384655 0.45092215 -0.26598627 0.34098796 0.78079942
1779396287.76698804 -0.24014574 1.04168531 -2.58498797 0.45105384 -0.26514557 0.34107949 0.78096930
1779396287.77729297 -0.24327695 1.03763270 -2.58711810 0.45058742 -0.26486360 0.34109911 0.78132557
1779396287.78760123 -0.25175681 1.03097155 -2.59004252 0.45022845 -0.26347111 0.34142988 0.78185865
1779396287.79786754 -0.24923569 1.02937843 -2.59134673 0.44969819 -0.26413553 0.34144709 0.78193212
1779396287.79808784 -0.25073588 1.02880361 -2.59167566 0.44975197 -0.26395210 0.34160469 0.78189430
1779396287.80820131 -0.25614008 1.02709473 -2.59250311 0.44984459 -0.26333249 0.34139871 0.78213986
1779396287.81849217 -0.26285942 1.02551270 -2.59340895 0.45009605 -0.26257717 0.34131516 0.78228559
1779396287.82886004 -0.26745720 1.02377469 -2.59457694 0.45010798 -0.26217011 0.34110458 0.78250707
1779396287.83918977 -0.27441602 1.02333312 -2.59487041 0.45055054 -0.26134043 0.34084350 0.78264366
1779396287.84949303 -0.28136675 1.02665383 -2.59397153 0.45157921 -0.26084939 0.34043466 0.78239252
1779396287.85976171 -0.29216000 1.02806648 -2.59354651 0.45254362 -0.25965281 0.33962655 0.78258450
1779396287.87007093 -0.29734505 1.03008112 -2.59335871 0.45310728 -0.25940925 0.33882317 0.78268735
1779396287.88040161 -0.30493327 1.03413903 -2.59199827 0.45424950 -0.25879158 0.33801251 0.78258026
1779396287.89069939 -0.31844204 1.03654382 -2.59112782 0.45549561 -0.25720740 0.33673315 0.78292968
1779396287.90098810 -0.32503921 1.04509267 -2.58835876 0.45725172 -0.25712187 0.33576393 0.78235017
1779396287.91129518 -0.33167085 1.04766570 -2.58768366 0.45808962 -0.25651816 0.33515721 0.78231834
1779396287.92165446 -0.34371733 1.04983967 -2.58714500 0.45907808 -0.25516421 0.33351910 0.78288157
1779396287.93197608 -0.35546508 1.05604771 -2.58488530 0.46077565 -0.25409143 0.33219848 0.78279468
1779396287.94233727 -0.36159951 1.06076697 -2.58354685 0.46177876 -0.25370499 0.33106081 0.78281089
1779396287.95273614 -0.37182207 1.06372187 -2.58279480 0.46267847 -0.25270599 0.32938629 0.78330900
1779396287.96306109 -0.38478851 1.06468592 -2.58254411 0.46372124 -0.25095875 0.32881127 0.78349567
1779396287.97336507 -0.39366479 1.06552572 -2.58276527 0.46424519 -0.24994717 0.32759779 0.78401690
1779396287.98369551 -0.40117656 1.06979312 -2.58141471 0.46528118 -0.24929860 0.32646608 0.78408133
1779396287.98385954 -0.40354537 1.06870285 -2.58192678 0.46523106 -0.24892252 0.32631901 0.78429175
1779396287.99396205 -0.41105406 1.07112680 -2.58123859 0.46616078 -0.24802147 0.32612766 0.78410473
1779396288.00427437 -0.42935613 1.07032152 -2.58078615 0.46712750 -0.24539355 0.32449450 0.78503327
1779396288.01455450 -0.43178708 1.07554263 -2.58011438 0.46789452 -0.24564685 0.32355895 0.78488340
1779396288.02479625 -0.43809934 1.07622394 -2.58016816 0.46830361 -0.24491340 0.32282767 0.78516969
1779396288.03511190 -0.45092554 1.07949676 -2.57848772 0.46952843 -0.24338414 0.32149566 0.78546022
1779396288.04540992 -0.46266434 1.08024313 -2.57792159 0.47026326 -0.24186567 0.32019497 0.78602077
1779396288.05567312 -0.46881479 1.07828233 -2.57886964 0.47018059 -0.24100900 0.31936856 0.78666931
1779396288.06594563 -0.48189346 1.07781931 -2.57843084 0.47068056 -0.23925290 0.31750217 0.78766124
1779396288.07625365 -0.48802658 1.07607971 -2.57952369 0.47071369 -0.23842471 0.31689765 0.78813588
1779396288.08657432 -0.50540896 1.07864679 -2.57666718 0.47223450 -0.23610285 0.31544551 0.78850754
1779396288.09696794 -0.51182706 1.07371643 -2.57848188 0.47167836 -0.23503381 0.31456676 0.78951022
1779396288.10726309 -0.53016758 1.07072513 -2.57771789 0.47238863 -0.23223518 0.31308795 0.79050094
1779396288.11752248 -0.53019226 1.07215702 -2.57836022 0.47224165 -0.23268504 0.31180346 0.79096403
1779396288.12773728 -0.53887737 1.06846640 -2.57908028 0.47194704 -0.23138275 0.31035430 0.79209104
1779396288.13804340 -0.55010242 1.06655534 -2.57889762 0.47219556 -0.22980510 0.30900225 0.79293038
1779396288.14836311 -0.55524661 1.06474740 -2.57990873 0.47184220 -0.22927310 0.30733498 0.79394206
1779396288.15866780 -0.56364282 1.06244212 -2.58014125 0.47193436 -0.22802528 0.30653349 0.79455626
1779396288.16898012 -0.57273699 1.06546413 -2.57858135 0.47277102 -0.22709778 0.30486400 0.79496673
1779396288.17924833 -0.58215545 1.06762226 -2.57728997 0.47343931 -0.22607652 0.30311201 0.79552985
1779396288.18951869 -0.59003823 1.06637084 -2.57767792 0.47339200 -0.22513474 0.30136810 0.79648705
1779396288.19981861 -0.59808281 1.06759677 -2.57669776 0.47382709 -0.22419349 0.29972349 0.79711417
1779396288.21011424 -0.60313727 1.07076125 -2.57594588 0.47427628 -0.22394579 0.29794804 0.79758214
1779396288.22039962 -0.61139858 1.07240981 -2.57528277 0.47478628 -0.22305321 0.29623967 0.79816496
1779396288.23069119 -0.61177143 1.07391840 -2.57585710 0.47468172 -0.22338494 0.29492132 0.79862247
1779396288.24098778 -0.62299125 1.08008217 -2.57267133 0.47607767 -0.22228532 0.29277400 0.79888840
1779396288.25127220 -0.62448452 1.08319965 -2.57240226 0.47630968 -0.22249693 0.29126905 0.79924123
1779396288.26162863 -0.63920563 1.08743331 -2.56990099 0.47759240 -0.22075034 0.28881290 0.79985117
1779396288.27186656 -0.64582948 1.09038227 -2.56861847 0.47850742 -0.21999571 0.28821185 0.79972900
1779396288.28217149 -0.65056644 1.09491595 -2.56774552 0.47903129 -0.21985804 0.28594708 0.80026604
1779396288.29251313 -0.65530794 1.10219540 -2.56552448 0.48028020 -0.21974445 0.28453078 0.80005346
1779396288.30280018 -0.65785762 1.10548702 -2.56506725 0.48045214 -0.21984853 0.28238898 0.80068023
1779396288.31309223 -0.66159325 1.10709090 -2.56540425 0.48068254 -0.21959579 0.28101386 0.80109500
1779396288.32341647 -0.67587071 1.11424941 -2.56090154 0.48291511 -0.21782633 0.28002294 0.80058219
1779396288.33367634 -0.67859604 1.11539890 -2.56129204 0.48310515 -0.21764001 0.27908126 0.80084698
1779396288.34395838 -0.68914786 1.11739406 -2.55972114 0.48376642 -0.21631351 0.27699010 0.80153291
1779396288.35428309 -0.69395177 1.12451292 -2.55738864 0.48508137 -0.21616521 0.27563173 0.80124642
1779396288.36457253 -0.70039061 1.13053100 -2.55513694 0.48620792 -0.21567258 0.27389071 0.80129338
1779396288.37493277 -0.70470037 1.13192099 -2.55485455 0.48655062 -0.21523110 0.27282580 0.80156731
1779396288.38518620 -0.71040441 1.14151149 -2.55120173 0.48833977 -0.21504163 0.27128691 0.80105229
1779396288.39546227 -0.71326372 1.14508846 -2.55078726 0.48884227 -0.21500038 0.26981982 0.80125236
1779396288.40574908 -0.72203310 1.14810421 -2.54849494 0.48992568 -0.21389586 0.26886194 0.80120824
1779396288.41601586 -0.72642830 1.15318460 -2.54697701 0.49084449 -0.21365778 0.26734397 0.80121735
1779396288.42630410 -0.73348818 1.15254146 -2.54716717 0.49091036 -0.21269064 0.26567455 0.80198924
1779396288.43660760 -0.74046068 1.15772554 -2.54471016 0.49213026 -0.21202334 0.26429477 0.80187417
1779396288.44686747 -0.74366949 1.15886362 -2.54468305 0.49249176 -0.21170668 0.26359719 0.80196551
1779396288.45716310 -0.74630395 1.16035364 -2.54489975 0.49273086 -0.21154135 0.26239317 0.80225706
1779396288.46744680 -0.75327964 1.16559331 -2.54236498 0.49396603 -0.21085313 0.26105642 0.80211474
1779396288.47772193 -0.75745068 1.16620980 -2.54229438 0.49435257 -0.21032542 0.26051908 0.80218985
1779396288.48801470 -0.75753963 1.16930953 -2.54281771 0.49463565 -0.21061899 0.25933463 0.80232211
1779396288.49826455 -0.76101668 1.17241979 -2.54238454 0.49522577 -0.21034159 0.25831954 0.80235832
1779396288.50853395 -0.76564686 1.17430504 -2.54181371 0.49592692 -0.20975321 0.25795611 0.80219619
1779396288.51882792 -0.77156018 1.17526404 -2.54182404 0.49644184 -0.20892772 0.25722771 0.80232700
1779396288.52908182 -0.77958983 1.17890429 -2.53999992 0.49741209 -0.20789586 0.25593560 0.80240731
1779396288.53938007 -0.78059034 1.18009240 -2.54091656 0.49758430 -0.20785642 0.25538600 0.80248587
1779396288.53958297 -0.78232514 1.18057570 -2.54073519 0.49779819 -0.20761764 0.25527075 0.80245169
1779396288.54970360 -0.78521545 1.18105760 -2.54126395 0.49791840 -0.20723970 0.25446841 0.80272959
1779396288.56001878 -0.79105980 1.18153856 -2.54155746 0.49835180 -0.20638661 0.25378872 0.80289560
1779396288.57025456 -0.79640256 1.17971753 -2.54297117 0.49844143 -0.20549449 0.25333826 0.80321098
1779396288.58055830 -0.80266492 1.17929640 -2.54275144 0.49869616 -0.20450931 0.25249210 0.80357067
1779396288.59083223 -0.80570174 1.18051567 -2.54328662 0.49902716 -0.20415611 0.25171048 0.80370020
1779396288.60112739 -0.80667963 1.17962657 -2.54533386 0.49893176 -0.20404411 0.25125740 0.80392961
1779396288.61143565 -0.81053944 1.17828214 -2.54620030 0.49884517 -0.20342464 0.25040706 0.80440550
1779396288.61161733 -0.81231239 1.17695160 -2.54673596 0.49875706 -0.20309121 0.25028359 0.80458280
1779396288.62168527 -0.81623824 1.17590206 -2.54732844 0.49886739 -0.20246877 0.24979758 0.80482228
1779396288.63205552 -0.82027891 1.17565218 -2.54802736 0.49903516 -0.20189875 0.24887882 0.80514604
1779396288.64237738 -0.82579280 1.17465791 -2.54842183 0.49933636 -0.20102089 0.24831885 0.80535182
1779396288.65273666 -0.82889263 1.17565200 -2.54824530 0.49974003 -0.20062512 0.24776373 0.80537109
1779396288.66307402 -0.83149462 1.17631649 -2.54881402 0.50010928 -0.20030373 0.24720174 0.80539458
1779396288.67337132 -0.83924628 1.17861291 -2.54691630 0.50106817 -0.19921379 0.24626164 0.80535692
1779396288.68371010 -0.84197094 1.17973622 -2.54684790 0.50153210 -0.19887723 0.24585247 0.80527633
1779396288.69397902 -0.84842715 1.18226360 -2.54537981 0.50264411 -0.19797921 0.24548952 0.80491492
1779396288.70428205 -0.85359996 1.18575430 -2.54387185 0.50371424 -0.19735239 0.24483258 0.80459990
1779396288.71460414 -0.85879649 1.18659975 -2.54353084 0.50442706 -0.19658886 0.24449719 0.80444222
1779396288.72485209 -0.86139132 1.18987737 -2.54257225 0.50519520 -0.19637022 0.24391047 0.80419166
1779396288.73514485 -0.86554592 1.19064464 -2.54264800 0.50582402 -0.19576626 0.24372574 0.80399962
1779396288.74547553 -0.86847921 1.19227207 -2.54270753 0.50635408 -0.19541737 0.24307844 0.80394681
1779396288.75578308 -0.87154281 1.19257607 -2.54290254 0.50664593 -0.19497340 0.24258596 0.80401948
1779396288.76610160 -0.87294015 1.19151596 -2.54471700 0.50665312 -0.19472758 0.24222537 0.80418323
1779396288.77640748 -0.87497193 1.19038543 -2.54641394 0.50663099 -0.19439156 0.24171971 0.80443057
1779396288.78673530 -0.87646489 1.18736856 -2.54918296 0.50640722 -0.19402254 0.24167654 0.80467349
1779396288.79702449 -0.87673585 1.18637010 -2.55078615 0.50621512 -0.19395682 0.24118019 0.80495908
1779396288.80768132 -0.87798260 1.18341263 -2.55355950 0.50588129 -0.19365135 0.24086822 0.80533581
1779396288.81796336 -0.88020242 1.18120491 -2.55560708 0.50564582 -0.19319633 0.24023991 0.80578053
1779396288.82823586 -0.88189004 1.18001302 -2.55697347 0.50558700 -0.19286984 0.23990236 0.80599620
1779396288.83855152 -0.88559193 1.17911964 -2.55804131 0.50568185 -0.19224222 0.23917369 0.80630313
1779396288.84881377 -0.88881207 1.17897898 -2.55881000 0.50590690 -0.19171684 0.23856128 0.80646846
1779396288.85908866 -0.89144924 1.17909546 -2.55979964 0.50604663 -0.19130140 0.23771647 0.80672887
1779396288.86937356 -0.89380616 1.18074240 -2.55968458 0.50645196 -0.19100201 0.23708753 0.80673053
1779396288.87966537 -0.89981071 1.18140651 -2.55924986 0.50696757 -0.19004104 0.23626195 0.80687581
1779396288.88993883 -0.90275158 1.18204749 -2.55983970 0.50722919 -0.18959281 0.23542676 0.80706094
1779396288.90023565 -0.90574245 1.18367691 -2.55948646 0.50770489 -0.18917268 0.23484778 0.80702909
1779396288.91048932 -0.91151897 1.18254924 -2.55979851 0.50797672 -0.18814606 0.23422551 0.80727884
1779396288.92070842 -0.91649384 1.18144079 -2.56032789 0.50814283 -0.18726132 0.23348221 0.80759527
1779396288.93101740 -0.91985867 1.18079625 -2.56078468 0.50822742 -0.18666405 0.23283723 0.80786648
1779396288.93119907 -0.92032027 1.18131989 -2.56082770 0.50839685 -0.18659654 0.23280872 0.80778368
1779396288.94132495 -0.92694664 1.17987724 -2.56038967 0.50852429 -0.18544205 0.23191317 0.80822681
1779396288.95162392 -0.93342039 1.17686669 -2.56111885 0.50859479 -0.18419581 0.23147393 0.80859326
1779396288.96189141 -0.93895477 1.17236872 -2.56295931 0.50827692 -0.18304886 0.23098279 0.80919382
1779396288.97221518 -0.94221310 1.17025902 -2.56403394 0.50807282 -0.18241238 0.23028958 0.80966317
1779396288.98251581 -0.94671021 1.16713344 -2.56555908 0.50784830 -0.18150844 0.22965006 0.81018864
1779396288.99272299 -0.95292399 1.16384437 -2.56658442 0.50774201 -0.18030304 0.22903436 0.81069854
1779396289.00299430 -0.95610490 1.16011429 -2.56843231 0.50721820 -0.17960336 0.22832190 0.81138242
1779396289.01327443 -0.95945499 1.15620821 -2.57082126 0.50679400 -0.17884304 0.22780712 0.81195993
1779396289.02353454 -0.96491215 1.15377390 -2.57178935 0.50674538 -0.17779428 0.22712084 0.81241272
1779396289.03378677 -0.96893206 1.15242355 -2.57237368 0.50672793 -0.17704617 0.22648232 0.81276517
1779396289.03398323 -0.96982296 1.15157008 -2.57291406 0.50660832 -0.17685357 0.22625708 0.81294438
1779396289.04412580 -0.97387830 1.14972487 -2.57366699 0.50651856 -0.17607540 0.22567096 0.81333205
1779396289.05440784 -0.97914942 1.14894147 -2.57411172 0.50657500 -0.17514416 0.22462538 0.81378728
1779396289.06472206 -0.98585788 1.14892545 -2.57378347 0.50689218 -0.17399704 0.22359616 0.81411922
1779396289.07501721 -0.99102604 1.14647506 -2.57442747 0.50680636 -0.17299872 0.22307314 0.81452878
1779396289.08534575 -0.99637723 1.14525608 -2.57499836 0.50676386 -0.17203405 0.22197557 0.81505922
1779396289.09564734 -1.00312648 1.14504168 -2.57466358 0.50695745 -0.17087375 0.22073168 0.81552059
1779396289.10596323 -1.00821948 1.14599140 -2.57385894 0.50731570 -0.17004662 0.21984100 0.81571126
1779396289.10612154 -1.00973132 1.14557047 -2.57397157 0.50736492 -0.16975965 0.21974294 0.81576684
1779396289.11633706 -1.01617364 1.14284680 -2.57413524 0.50723928 -0.16855561 0.21897381 0.81630129
1779396289.12671757 -1.02262603 1.14000659 -2.57484919 0.50688262 -0.16735033 0.21758272 0.81714236
1779396289.13705397 -1.02764667 1.13874563 -2.57543693 0.50690173 -0.16642242 0.21674277 0.81754314
1779396289.14734197 -1.03485937 1.13702204 -2.57482999 0.50705887 -0.16511978 0.21608629 0.81788353
1779396289.15767002 -1.04330885 1.13329064 -2.57495901 0.50677075 -0.16355673 0.21481778 0.81870992
1779396289.16793609 -1.04893998 1.13077700 -2.57556145 0.50666321 -0.16248856 0.21402822 0.81919581
1779396289.17822599 -1.05362662 1.12959501 -2.57561471 0.50670477 -0.16164271 0.21334641 0.81951523
1779396289.17840934 -1.05529431 1.12845989 -2.57591073 0.50655345 -0.16132267 0.21300846 0.81975972
1779396289.18850708 -1.05631683 1.12827537 -2.57694935 0.50647589 -0.16114962 0.21233737 0.82001574
1779396289.19875956 -1.06208542 1.12578208 -2.57750135 0.50631567 -0.16009343 0.21135293 0.82057570
1779396289.20906353 -1.06716907 1.12443014 -2.57760337 0.50643322 -0.15919004 0.21062794 0.82086527
1779396289.21938372 -1.07120055 1.12306452 -2.57772790 0.50642767 -0.15847963 0.20994790 0.82118031
1779396289.22964787 -1.07345436 1.12126895 -2.57911265 0.50621983 -0.15805998 0.20915523 0.82159152
1779396289.23990393 -1.07835090 1.11928605 -2.57944655 0.50617667 -0.15719170 0.20830372 0.82200091
1779396289.25018287 -1.07980619 1.11930035 -2.57987842 0.50615514 -0.15699600 0.20744155 0.82226956
1779396289.26046801 -1.07930406 1.11918367 -2.58156197 0.50610015 -0.15711513 0.20681501 0.82243846
1779396289.27086616 -1.08092062 1.11975123 -2.58198922 0.50630826 -0.15693230 0.20605463 0.82253613
1779396289.28113270 -1.08311715 1.11866801 -2.58252323 0.50624589 -0.15657078 0.20539298 0.82280886
1779396289.28135037 -1.08435320 1.11882591 -2.58225621 0.50635082 -0.15638945 0.20515630 0.82283782
1779396289.29145193 -1.08680249 1.11982126 -2.58174787 0.50665914 -0.15608246 0.20445007 0.82288210
1779396289.30166984 -1.08900895 1.11968720 -2.58213089 0.50669700 -0.15580036 0.20345320 0.82315928
1779396289.31196904 -1.08980192 1.12035498 -2.58269939 0.50675506 -0.15580232 0.20243300 0.82337466
1779396289.32231331 -1.09118225 1.12104232 -2.58282002 0.50684129 -0.15568299 0.20157329 0.82355505
1779396289.33257079 -1.09303053 1.12345765 -2.58236896 0.50714634 -0.15559948 0.20025156 0.82370547
1779396289.34286356 -1.09615528 1.12411652 -2.58217191 0.50720417 -0.15523113 0.19888119 0.82407129
1779396289.35316706 -1.09893810 1.12632828 -2.58114641 0.50760962 -0.15493844 0.19790685 0.82411130
1779396289.36340284 -1.10475537 1.12813914 -2.57950925 0.50791279 -0.15419509 0.19618376 0.82447583
1779396289.37370825 -1.10991235 1.13035781 -2.57812009 0.50830032 -0.15353781 0.19468275 0.82471544
1779396289.38402295 -1.11718897 1.13540289 -2.57470989 0.50899175 -0.15268463 0.19232987 0.82499941
1779396289.39430761 -1.12114906 1.14037530 -2.57230561 0.50983151 -0.15229809 0.19118776 0.82481777
1779396289.40458512 -1.12346394 1.14686689 -2.57054786 0.51050913 -0.15230890 0.18928570 0.82483535
1779396289.41483378 -1.13144036 1.15542960 -2.56548894 0.51200333 -0.15142759 0.18734945 0.82451347
1779396289.42510462 -1.13614076 1.16103825 -2.56259908 0.51278831 -0.15096005 0.18575356 0.82447246
1779396289.43537688 -1.14416038 1.17189780 -2.55644766 0.51450840 -0.15015062 0.18350189 0.82405276
1779396289.44563770 -1.14699110 1.18414054 -2.55210702 0.51605053 -0.15027380 0.18126549 0.82356084
1779396289.45592761 -1.15080618 1.19153203 -2.54881064 0.51697596 -0.15002312 0.17949424 0.82341408
1779396289.45609879 -1.15168593 1.19581588 -2.54701962 0.51753873 -0.15007328 0.17880889 0.82320050
1779396289.46617460 -1.15882373 1.20422729 -2.54170728 0.51889979 -0.14928042 0.17698375 0.82288220
1779396289.47646499 -1.16720482 1.21565098 -2.53489087 0.52057746 -0.14842142 0.17440187 0.82252913
1779396289.48673797 -1.17209267 1.22364788 -2.53053526 0.52163016 -0.14799527 0.17244420 0.82235174
1779396289.49697065 -1.17876125 1.23357713 -2.52493933 0.52293533 -0.14736290 0.16992571 0.82216061
1779396289.50725508 -1.18561285 1.24270295 -2.51937981 0.52420503 -0.14665746 0.16761268 0.82195296
1779396289.51752925 -1.19757164 1.24933807 -2.51243467 0.52519844 -0.14502960 0.16472931 0.82219053
1779396289.52774882 -1.20594298 1.25135077 -2.50889982 0.52530020 -0.14379349 0.16245950 0.82279405
1779396289.53815389 -1.21356026 1.25763050 -2.50386950 0.52604934 -0.14286964 0.15998378 0.82296145
1779396289.54847908 -1.22294194 1.26266615 -2.49842350 0.52659782 -0.14160758 0.15721579 0.82336215
1779396289.55880809 -1.22833455 1.26509892 -2.49579955 0.52670215 -0.14089644 0.15533328 0.82377461
1779396289.55902958 -1.22950130 1.26621290 -2.49507229 0.52680073 -0.14077253 0.15483000 0.82382750
1779396289.56918931 -1.23327342 1.27166489 -2.49154702 0.52753347 -0.14042870 0.15339654 0.82368545
1779396289.57951713 -1.24200262 1.27668241 -2.48622335 0.52796019 -0.13927725 0.15049314 0.82414301
1779396289.58973765 -1.25014229 1.28145611 -2.48119390 0.52876265 -0.13819887 0.14863360 0.82414755
1779396289.60009193 -1.25553662 1.28534573 -2.47762093 0.52903069 -0.13751542 0.14647564 0.82447615
1779396289.61040425 -1.26338187 1.29103453 -2.47223720 0.52976379 -0.13650817 0.14413067 0.82458608
1779396289.62072563 -1.27178089 1.29880498 -2.46549037 0.53099531 -0.13547643 0.14195018 0.82434232
1779396289.63098192 -1.27802326 1.30305556 -2.46125944 0.53115613 -0.13463541 0.13928893 0.82483033
1779396289.64130402 -1.28386093 1.31399125 -2.45402179 0.53302379 -0.13412691 0.13765654 0.82398197
1779396289.65157413 -1.28982923 1.32624347 -2.44613328 0.53468691 -0.13360240 0.13503053 0.82342399
1779396289.66189599 -1.30276505 1.33408959 -2.43696568 0.53528393 -0.13169453 0.13070237 0.82404160
1779396289.67218304 -1.31069758 1.34377847 -2.42883709 0.53709215 -0.13070144 0.12912944 0.82327076
1779396289.68252349 -1.32354340 1.35605584 -2.41709023 0.53879665 -0.12891075 0.12542080 0.82301264
1779396289.69289422 -1.33369103 1.37368870 -2.40366554 0.54210061 -0.12775319 0.12338567 0.82132942
1779396289.70325255 -1.34012560 1.38653647 -2.39436242 0.54445888 -0.12708079 0.12193715 0.82008922
1779396289.70343733 -1.34331067 1.38983198 -2.39125576 0.54525262 -0.12664734 0.12167695 0.81966746
1779396289.71354866 -1.35392408 1.40428037 -2.37862157 0.54740707 -0.12520843 0.11846842 0.81892221
1779396289.72381949 -1.36720593 1.42320831 -2.36224510 0.55051916 -0.12344399 0.11495804 0.81760313
1779396289.73412967 -1.38127339 1.44107676 -2.34555072 0.55302704 -0.12145203 0.11048952 0.81682468
1779396289.74439764 -1.39016462 1.45287772 -2.33489550 0.55430569 -0.12016396 0.10682917 0.81663539
1779396289.75466752 -1.40989831 1.46449925 -2.31811985 0.55568321 -0.11692911 0.10160164 0.81683588
1779396289.76491404 -1.42050025 1.48255891 -2.30234774 0.55882248 -0.11557073 0.09898187 0.81520760
1779396289.77518797 -1.42962866 1.49044848 -2.29331084 0.55938179 -0.11411024 0.09543734 0.81545238
1779396289.78547907 -1.44364254 1.49766571 -2.28188962 0.55982156 -0.11176678 0.09114464 0.81596609
1779396289.79578590 -1.45469408 1.50467439 -2.27204597 0.56028622 -0.10995126 0.08749006 0.81629379
1779396289.80604315 -1.46379340 1.51073876 -2.26344667 0.56095250 -0.10848057 0.08493360 0.81630297
1779396289.80619478 -1.46583151 1.51318949 -2.26087683 0.56123536 -0.10818396 0.08420184 0.81622372
1779396289.81626701 -1.47520509 1.51513937 -2.25481822 0.56091657 -0.10653267 0.08131139 0.81695278
1779396289.82659650 -1.48774497 1.51635526 -2.24736420 0.56015061 -0.10427323 0.07736543 0.81815217
1779396289.83690572 -1.50023939 1.51883342 -2.23889365 0.55974798 -0.10206741 0.07366506 0.81904695
1779396289.84721565 -1.50765306 1.52042015 -2.23391957 0.55937180 -0.10076621 0.07119022 0.81968366
1779396289.85755396 -1.51783686 1.52146969 -2.22771074 0.55845264 -0.09893803 0.06748713 0.82084554
1779396289.86788511 -1.52976301 1.52112338 -2.22106100 0.55773278 -0.09676604 0.06442873 0.82183905
1779396289.87817383 -1.53915688 1.52089696 -2.21568434 0.55710569 -0.09504009 0.06190980 0.82265899
1779396289.87836623 -1.54203449 1.52030158 -2.21440484 0.55683595 -0.09450942 0.06119823 0.82295593
1779396289.88847208 -1.55091204 1.51950910 -2.20967999 0.55612112 -0.09288494 0.05884894 0.82379517
1779396289.89868689 -1.56556441 1.52388586 -2.19790548 0.55637530 -0.09024702 0.05546546 0.82415143
1779396289.90893269 -1.57590796 1.52427410 -2.19124807 0.55596856 -0.08834599 0.05303129 0.82479187
1779396289.90908813 -1.57890397 1.52414221 -2.18952092 0.55576807 -0.08779713 0.05227460 0.82503387
1779396289.91918445 -1.59061626 1.52489293 -2.18151466 0.55549378 -0.08562332 0.04973189 0.82560405
1779396289.92948151 -1.60276972 1.52438137 -2.17424109 0.55466289 -0.08336377 0.04664851 0.82657333
1779396289.93971324 -1.61640045 1.52369210 -2.16599299 0.55385974 -0.08081031 0.04347851 0.82753773
1779396289.94999552 -1.62878276 1.52380572 -2.15769481 0.55350913 -0.07848471 0.04101295 0.82812181
1779396289.96036410 -1.64137099 1.52578297 -2.14827671 0.55312843 -0.07612685 0.03783590 0.82874730
1779396289.97063780 -1.65834928 1.52739690 -2.13578627 0.55310057 -0.07292125 0.03474033 0.82918958
1779396289.98095655 -1.66860168 1.53208171 -2.12574978 0.55365805 -0.07099752 0.03253216 0.82907404
1779396289.98112440 -1.67284511 1.53234917 -2.12267524 0.55365362 -0.07018456 0.03181854 0.82917391
1779396289.99125767 -1.68439141 1.53570355 -2.11254045 0.55407637 -0.06800462 0.02968059 0.82915246
1779396290.00148106 -1.70174895 1.54346432 -2.09508627 0.55540806 -0.06470858 0.02667123 0.82862737
1779396290.01178813 -1.71132146 1.54941684 -2.08456615 0.55619982 -0.06289706 0.02451528 0.82830231
1779396290.01194215 -1.71506862 1.55174532 -2.08026463 0.55658514 -0.06218473 0.02378470 0.82811855
1779396290.02204967 -1.72903872 1.55765927 -2.06579037 0.55782836 -0.05951466 0.02171760 0.82753482
1779396290.03233171 -1.74313359 1.56436811 -2.05132684 0.55858377 -0.05679009 0.01859509 0.82729274
1779396290.04265118 -1.75740216 1.57117486 -2.03629865 0.55948306 -0.05403783 0.01566077 0.82693008
1779396290.05294037 -1.76793871 1.57822499 -2.02372450 0.56062446 -0.05202907 0.01353931 0.82632311
1779396290.06320071 -1.78210686 1.58339257 -2.00939902 0.56123532 -0.04927439 0.01072387 0.82611860
1779396290.07347298 -1.79802509 1.58952197 -1.99270752 0.56186933 -0.04612355 0.00737143 0.82590625
1779396290.08378100 -1.80387674 1.59048997 -1.98851786 0.56110874 -0.04497592 0.00510315 0.82650355
1779396290.08393741 -1.80754705 1.59108041 -1.98534607 0.56109770 -0.04425590 0.00438361 0.82655403
1779396290.09403133 -1.81735957 1.59373915 -1.97591502 0.56122982 -0.04232530 0.00234573 0.82657374
1779396290.10425210 -1.83182844 1.59297193 -1.96529350 0.56047117 -0.03944874 -0.00052853 0.82723369
1779396290.11451030 -1.84433382 1.59406318 -1.95508227 0.55986219 -0.03698304 -0.00345550 0.82775276
1779396290.12472081 -1.85273650 1.59382226 -1.94892943 0.55902300 -0.03531449 -0.00572998 0.82837995
1779396290.13497424 -1.86755694 1.59221619 -1.93825809 0.55794570 -0.03235340 -0.00875852 0.82920030
1779396290.14524555 -1.87401371 1.59303674 -1.93402495 0.55692173 -0.03116424 -0.01126074 0.82990371
1779396290.15552998 -1.88628954 1.59323713 -1.92368881 0.55644347 -0.02868502 -0.01362444 0.83027839
1779396290.16571617 -1.89626190 1.59398297 -1.91597260 0.55522072 -0.02671992 -0.01683500 0.83110323
1779396290.17599511 -1.91053403 1.59421710 -1.90425170 0.55467618 -0.02387796 -0.01946977 0.83149570
1779396290.18627667 -1.91765837 1.59679623 -1.89713463 0.55414589 -0.02247101 -0.02187825 0.83182854
1779396290.19652867 -1.92829283 1.59967074 -1.88700536 0.55355881 -0.02036360 -0.02486732 0.83218964
1779396290.20674801 -1.93897838 1.60387777 -1.87563444 0.55325772 -0.01822428 -0.02785942 0.83234466
1779396290.21706152 -1.94438088 1.60701251 -1.86990276 0.55272606 -0.01719536 -0.03015429 0.83263974
1779396290.22739267 -1.95426698 1.61251208 -1.85826585 0.55273697 -0.01522051 -0.03296898 0.83256425
1779396290.23768640 -1.95940442 1.61906785 -1.85060214 0.55243771 -0.01425425 -0.03591939 0.83265791
1779396290.24798560 -1.97055337 1.62380889 -1.83822606 0.55236546 -0.01201231 -0.03875274 0.83261415
1779396290.25830460 -1.97322175 1.62636281 -1.83591342 0.55143954 -0.01155474 -0.04096168 0.83312848
1779396290.26864481 -1.98496933 1.63070945 -1.82314815 0.55130025 -0.00917954 -0.04379455 0.83310612
1779396290.27894115 -1.99434128 1.63357498 -1.81405981 0.55101389 -0.00736533 -0.04602734 0.83319321
1779396290.28923464 -2.00037987 1.63833115 -1.80609715 0.55100157 -0.00615774 -0.04810706 0.83309367
1779396290.28941917 -2.00110118 1.63929858 -1.80536567 0.55073365 -0.00604837 -0.04878601 0.83323214
1779396290.29953098 -2.01025399 1.64059162 -1.79690099 0.55040921 -0.00422241 -0.05060065 0.83334954
1779396290.30988336 -2.01396082 1.64606152 -1.79170273 0.54990719 -0.00358821 -0.05312987 0.83352650
1779396290.32020020 -2.02282826 1.64878128 -1.78323080 0.54918193 -0.00186138 -0.05578824 0.83383656
1779396290.33046675 -2.03362732 1.64882088 -1.77359939 0.54854230 0.00035659 -0.05783807 0.83411988
1779396290.34073663 -2.03551657 1.65427556 -1.77050146 0.54770036 0.00058656 -0.06056102 0.83447968
1779396290.35103512 -2.04472623 1.65618551 -1.76201097 0.54674645 0.00239830 -0.06329212 0.83489920
1779396290.36138654 -2.05027356 1.65931026 -1.75556034 0.54652446 0.00347942 -0.06502754 0.83490738
1779396290.37167907 -2.05790239 1.66160207 -1.74871422 0.54531725 0.00496516 -0.06795417 0.83545597
1779396290.38197637 -2.06376621 1.66640588 -1.74142827 0.54486021 0.00610490 -0.07046735 0.83553841
1779396290.39221764 -2.07269101 1.66980414 -1.73163029 0.54423206 0.00791343 -0.07317583 0.83569979
1779396290.40254521 -2.08105264 1.67251884 -1.72209889 0.54390989 0.00966825 -0.07529715 0.83570264
1779396290.41275883 -2.08875491 1.67771432 -1.71194836 0.54370067 0.01124518 -0.07785432 0.83558472
1779396290.42302132 -2.10061358 1.68122191 -1.69802387 0.54348193 0.01373355 -0.08046625 0.83544238
1779396290.43335795 -2.10237065 1.68769946 -1.69287313 0.54338060 0.01408190 -0.08256773 0.83529743
1779396290.44365859 -2.11672522 1.68752356 -1.67936495 0.54266881 0.01703175 -0.08496556 0.83546474
1779396290.45402694 -2.12289436 1.69296208 -1.67071713 0.54202182 0.01831888 -0.08792147 0.83555166
1779396290.46433449 -2.12515807 1.69889512 -1.66545391 0.54208597 0.01875249 -0.08969635 0.83531175
1779396290.46456409 -2.12718377 1.70047853 -1.66244795 0.54206573 0.01918592 -0.09038924 0.83524035
1779396290.47467566 -2.13362081 1.70382405 -1.65406253 0.54174614 0.02053852 -0.09240807 0.83519461
1779396290.48500371 -2.13494481 1.71295678 -1.64805861 0.54181985 0.02076257 -0.09491671 0.83485986
1779396290.49534988 -2.14457466 1.71734543 -1.63577531 0.54147349 0.02283860 -0.09758843 0.83472232
1779396290.50569534 -2.14975330 1.72306525 -1.62670085 0.54171597 0.02397809 -0.09946672 0.83431123
1779396290.51598024 -2.15529978 1.72981698 -1.61719085 0.54184007 0.02511580 -0.10173961 0.83392301
1779396290.52627373 -2.16627159 1.73333432 -1.60352257 0.54171696 0.02746130 -0.10405800 0.83364294
1779396290.53660655 -2.16939184 1.74040413 -1.59683682 0.54155883 0.02804892 -0.10644908 0.83342419
1779396290.54685259 -2.17775037 1.74372274 -1.58546509 0.54166703 0.02986632 -0.10815992 0.83307038
1779396290.55714345 -2.18068815 1.75012811 -1.57946006 0.54142179 0.03039822 -0.11041629 0.83291454
1779396290.56742859 -2.18521028 1.75715334 -1.57053044 0.54142429 0.03134839 -0.11280505 0.83255753
1779396290.57774234 -2.19470472 1.76043047 -1.55744838 0.54111271 0.03358029 -0.11514350 0.83235291
1779396290.58802938 -2.19990805 1.76537248 -1.54964371 0.54098745 0.03456987 -0.11708871 0.83212243
1779396290.59832096 -2.20324754 1.77048161 -1.54428194 0.54046309 0.03514860 -0.11931278 0.83212300
1779396290.60860682 -2.20635263 1.77546040 -1.53819815 0.54029937 0.03582167 -0.12112723 0.83193845
1779396290.61890292 -2.20835443 1.78256415 -1.53238019 0.54044848 0.03611207 -0.12299604 0.83155477
1779396290.62921095 -2.21616439 1.78640090 -1.52182535 0.54027360 0.03773183 -0.12501124 0.83129594
1779396290.63952661 -2.22013965 1.79169609 -1.51383022 0.54026085 0.03864148 -0.12687113 0.83098060
1779396290.63965392 -2.22231805 1.79242580 -1.51106218 0.54019686 0.03910058 -0.12736204 0.83092563
1779396290.64976358 -2.22468915 1.79845053 -1.50444487 0.54034390 0.03962731 -0.12906084 0.83054286
1779396290.66003346 -2.23079755 1.80366626 -1.49439410 0.54029786 0.04093355 -0.13114378 0.83018310
1779396290.67026401 -2.23564600 1.80804662 -1.48737137 0.53993519 0.04186817 -0.13313460 0.83005555
1779396290.68056154 -2.23793811 1.81157885 -1.48380016 0.53979096 0.04219545 -0.13438261 0.82993167
1779396290.69090390 -2.24299363 1.81696897 -1.47502491 0.53936235 0.04332846 -0.13680030 0.82975694
1779396290.70123219 -2.24447081 1.82361685 -1.47009297 0.53991869 0.04339739 -0.13800682 0.82919153
1779396290.71155310 -2.24918976 1.82669403 -1.46304553 0.53974148 0.04438403 -0.13949472 0.82900568
1779396290.71175098 -2.24906333 1.82879070 -1.46194265 0.53981464 0.04433514 -0.13994597 0.82888460
1779396290.72182703 -2.25282059 1.83239190 -1.45591335 0.54004143 0.04501869 -0.14099498 0.82852217
1779396290.73212743 -2.25304576 1.83912021 -1.45284809 0.54007822 0.04486192 -0.14262144 0.82822826
1779396290.74247408 -2.25922165 1.84324058 -1.44352372 0.54012820 0.04611580 -0.14426100 0.82784275
1779396290.75289726 -2.26045717 1.84844833 -1.43920250 0.54048021 0.04625096 -0.14532238 0.82741972
1779396290.76318264 -2.26690096 1.85198525 -1.43013439 0.53997972 0.04763606 -0.14741470 0.82729778
1779396290.77354646 -2.26940241 1.85645771 -1.42621259 0.54017627 0.04783239 -0.14846265 0.82697068
1779396290.78389549 -2.27418197 1.85871102 -1.42003942 0.53989613 0.04880069 -0.14977597 0.82686022
1779396290.78407907 -2.27608297 1.85938390 -1.41754388 0.53979848 0.04920742 -0.15024234 0.82681526
1779396290.79420090 -2.27840412 1.86349479 -1.41275539 0.54006784 0.04956600 -0.15120315 0.82644270
1779396290.80451012 -2.28167709 1.86711794 -1.40845329 0.53983603 0.05000230 -0.15257861 0.82631508
1779396290.81472492 -2.28239621 1.87080542 -1.40695852 0.53987355 0.04988966 -0.15341951 0.82614165
1779396290.81490088 -2.28260169 1.87190644 -1.40660682 0.53991262 0.04982769 -0.15363262 0.82608025
1779396290.82496357 -2.28663977 1.87362790 -1.40211903 0.53975056 0.05048994 -0.15454708 0.82597536
1779396290.83521962 -2.28814378 1.87817950 -1.39943112 0.53971537 0.05049634 -0.15573822 0.82577421
1779396290.84545422 -2.29105580 1.88187019 -1.39556985 0.53992666 0.05075791 -0.15659736 0.82545751
1779396290.85574961 -2.29379453 1.88243326 -1.39468411 0.53961890 0.05093926 -0.15713974 0.82554451
1779396290.86603594 -2.29567869 1.88685992 -1.39151607 0.53983061 0.05098729 -0.15807785 0.82522397
1779396290.87635040 -2.29709354 1.88961180 -1.39136674 0.53974465 0.05076382 -0.15876071 0.82516288
1779396290.88666725 -2.29905854 1.89125371 -1.39012537 0.53970968 0.05081569 -0.15924100 0.82509002
1779396290.88682437 -2.29970633 1.89187372 -1.38969277 0.53959832 0.05085397 -0.15952082 0.82510644
1779396290.89688635 -2.30304409 1.89353090 -1.38630791 0.53975018 0.05125767 -0.15999713 0.82488988
1779396290.90714002 -2.30315018 1.89660213 -1.38776719 0.53975272 0.05068547 -0.16051084 0.82482377
1779396290.91742921 -2.30478372 1.89855487 -1.38809088 0.53969443 0.05044140 -0.16096985 0.82478742
1779396290.92772412 -2.30513149 1.89988000 -1.39001568 0.53960889 0.05000473 -0.16119444 0.82482612
1779396290.93795609 -2.30818840 1.90217485 -1.38744487 0.54007691 0.05012445 -0.16140194 0.82447188
1779396290.94823122 -2.30946818 1.90317824 -1.38958296 0.53989700 0.04970557 -0.16167571 0.82456143
1779396290.95851517 -2.31063855 1.90414025 -1.39031724 0.53994095 0.04947395 -0.16179661 0.82452286
1779396290.96879721 -2.31341366 1.90461242 -1.39048072 0.53999063 0.04940592 -0.16188110 0.82447783
1779396290.97911334 -2.31441831 1.90630776 -1.39194765 0.54036506 0.04891417 -0.16175220 0.82428710
1779396290.98940325 -2.31602079 1.90708692 -1.39207173 0.54049107 0.04878978 -0.16180648 0.82420120
1779396290.98955393 -2.31747779 1.90672813 -1.39142131 0.54052642 0.04894218 -0.16177106 0.82417594
1779396290.99965739 -2.31906300 1.90800602 -1.39090326 0.54084525 0.04883764 -0.16177028 0.82397311
1779396291.00992084 -2.32226669 1.90789707 -1.39087334 0.54107790 0.04883708 -0.16158072 0.82385758
1779396291.02018166 -2.32549552 1.90780584 -1.39077852 0.54143241 0.04882656 -0.16127546 0.82368510
1779396291.03044176 -2.32702399 1.90778869 -1.39185973 0.54162921 0.04860709 -0.16102705 0.82361729
1779396291.04077101 -2.33087249 1.90789566 -1.39022148 0.54192166 0.04884550 -0.16094469 0.82342689
1779396291.05102253 -2.33372490 1.90711513 -1.39142705 0.54208771 0.04870857 -0.16061271 0.82339052
1779396291.06127238 -2.33790863 1.90622742 -1.38923353 0.54216717 0.04918247 -0.16058430 0.82331557
1779396291.07156181 -2.33898722 1.90677898 -1.39163383 0.54218127 0.04872414 -0.16053557 0.82334304
1779396291.08189845 -2.34459114 1.90532408 -1.38896824 0.54175390 0.04943984 -0.16097750 0.82349539
1779396291.09221482 -2.34592210 1.90578570 -1.38960632 0.54171875 0.04928001 -0.16108487 0.82350710
1779396291.09236932 -2.34732811 1.90537893 -1.38896405 0.54152020 0.04947861 -0.16127845 0.82358788
1779396291.10252404 -2.35126444 1.90435392 -1.38711060 0.54123710 0.04995183 -0.16155649 0.82369091
1779396291.11289978 -2.35422694 1.90399990 -1.38707963 0.54083537 0.05005989 -0.16193143 0.82387458
1779396291.12323284 -2.36082418 1.90037962 -1.38544313 0.54014085 0.05089136 -0.16212349 0.82424141
1779396291.13354802 -2.36479702 1.89927562 -1.38352005 0.53980998 0.05139854 -0.16241808 0.82436869
1779396291.14382195 -2.36795627 1.89679785 -1.38598105 0.53897688 0.05141490 -0.16263786 0.82486930
1779396291.15409255 -2.36265571 1.90076098 -1.39373294 0.53917361 0.04953121 -0.16255438 0.82487244
1779396291.16437769 -2.36643389 1.89719170 -1.39526860 0.53833859 0.04982271 -0.16261923 0.82538733
1779396291.16456079 -2.36799969 1.89634915 -1.39492797 0.53808180 0.05003445 -0.16274549 0.82551707
1779396291.17473459 -2.37065038 1.89374689 -1.39710828 0.53735433 0.05009191 -0.16282969 0.82597071
1779396291.18503571 -2.37652026 1.88824702 -1.39864891 0.53638279 0.05062252 -0.16266331 0.82660239
1779396291.19530511 -2.38218944 1.88322116 -1.40006152 0.53544142 0.05114453 -0.16257190 0.82719835
1779396291.20569634 -2.38581589 1.87976995 -1.40157543 0.53467235 0.05142611 -0.16259365 0.82767393
1779396291.21594238 -2.39175364 1.87492333 -1.40209346 0.53396506 0.05204361 -0.16237502 0.82813473
1779396291.22624040 -2.39684699 1.87125230 -1.40237733 0.53330636 0.05254997 -0.16233368 0.82853521
1779396291.23657894 -2.40218372 1.86762881 -1.40114687 0.53295445 0.05325522 -0.16211391 0.82875962
1779396291.23674369 -2.40401972 1.86725537 -1.39940267 0.53322431 0.05353473 -0.16190576 0.82860871
1779396291.24680662 -2.40868846 1.86354183 -1.39961737 0.53234489 0.05413602 -0.16210044 0.82909689
1779396291.25705934 -2.41451131 1.85971188 -1.39873307 0.53190668 0.05483310 -0.16191462 0.82936860
1779396291.26733994 -2.42099289 1.85589230 -1.39652637 0.53151513 0.05574840 -0.16179447 0.82958202
1779396291.27763438 -2.42646834 1.85275988 -1.39416669 0.53124649 0.05658173 -0.16168993 0.82971805
1779396291.28801513 -2.43346851 1.85038081 -1.38893838 0.53104841 0.05780155 -0.16188063 0.82972359
1779396291.29832006 -2.43980497 1.84666843 -1.38654791 0.53067199 0.05871506 -0.16179924 0.82991613
1779396291.30895138 -2.44488687 1.84511593 -1.38244616 0.53036891 0.05966590 -0.16216226 0.82997121
1779396291.30911922 -2.44676798 1.84434223 -1.38110907 0.53051326 0.05995756 -0.16198609 0.82989233
1779396291.31923580 -2.44920308 1.84337154 -1.38078730 0.53017815 0.06019989 -0.16220391 0.83004638
1779396291.32948899 -2.45685170 1.83887757 -1.37664984 0.52967837 0.06148640 -0.16224785 0.83026254
1779396291.33975124 -2.46412938 1.83533761 -1.37189703 0.52905848 0.06280647 -0.16263022 0.83048412
1779396291.35008311 -2.46697427 1.83435222 -1.37069782 0.52872106 0.06319471 -0.16291828 0.83061309
1779396291.36034870 -2.47443204 1.83133595 -1.36477026 0.52829077 0.06460649 -0.16329698 0.83070389
1779396291.37099886 -2.50500116 1.80836818 -1.34356285 0.52446568 0.07130148 -0.16449211 0.83234259
1779396291.38132453 -2.50667259 1.80762241 -1.34504798 0.52382681 0.07130681 -0.16493110 0.83265752
1779396291.39162254 -2.51591350 1.80274706 -1.33710326 0.52286571 0.07329601 -0.16560350 0.83295536
1779396291.40188074 -2.52364072 1.80027700 -1.32940681 0.52238290 0.07493809 -0.16624175 0.83298503
1779396291.41217589 -2.52881544 1.79985252 -1.32385951 0.52198031 0.07602651 -0.16701650 0.83298380
1779396291.42245650 -2.53300052 1.79926769 -1.31954415 0.52134708 0.07696775 -0.16787134 0.83312208
1779396291.43279386 -2.54054683 1.79780182 -1.31089364 0.52137380 0.07859798 -0.16825834 0.83287505
1779396291.44305015 -2.54574006 1.79845618 -1.30403358 0.52127183 0.07977798 -0.16901270 0.83267392
1779396291.45331383 -2.54979679 1.79828084 -1.29954134 0.52106564 0.08066003 -0.16953683 0.83261145
1779396291.46360278 -2.55315615 1.79968311 -1.29508198 0.52131972 0.08133575 -0.16989248 0.83231412
1779396291.47408891 -2.56239421 1.79953099 -1.28145177 0.52126029 0.08367162 -0.17095080 0.83190300
1779396291.48440981 -2.56366732 1.80194893 -1.28007856 0.52108323 0.08383737 -0.17169787 0.83184338
1779396291.49476671 -2.56667230 1.80309959 -1.27602723 0.52131868 0.08445928 -0.17199944 0.83157060
1779396291.50508261 -2.56365037 1.80743272 -1.28056646 0.52192654 0.08339074 -0.17189070 0.83131959
1779396291.51540565 -2.57269588 1.80567692 -1.26945126 0.52113974 0.08561188 -0.17316596 0.83132276
1779396291.52571201 -2.57245687 1.81172395 -1.26506800 0.52155422 0.08568701 -0.17422399 0.83083388
1779396291.53598857 -2.58681245 1.79384821 -1.26603400 0.51688067 0.08837003 -0.17535653 0.83323178
1779396291.54631591 -2.58112182 1.80581320 -1.26426039 0.51948623 0.08710324 -0.17524199 0.83176759
1779396291.55662918 -2.57031217 1.82440750 -1.26240434 0.52279176 0.08495169 -0.17567070 0.82982636
1779396291.56706524 -2.56871313 1.82883440 -1.26210401 0.52334174 0.08452529 -0.17604583 0.82944365
1779396291.56724954 -2.57269116 1.82702457 -1.25765368 0.52274898 0.08554601 -0.17662927 0.82958875
1779396291.57744861 -2.57876752 1.82424779 -1.25196380 0.52235057 0.08689138 -0.17695421 0.82963063
1779396291.58781505 -2.56443394 1.84161387 -1.25924191 0.52476885 0.08364378 -0.17740943 0.82834007
1779396291.59816670 -2.58499579 1.83049973 -1.23679834 0.52349882 0.08867440 -0.17833888 0.82842083
1779396291.60848689 -2.57670234 1.84450181 -1.23575276 0.52531539 0.08716667 -0.17938035 0.82720518
1779396291.61883473 -2.58287384 1.84422029 -1.22717499 0.52630182 0.08855398 -0.17919308 0.82647107
1779396291.62922955 -2.58828306 1.84669943 -1.21472190 0.52732471 0.09018596 -0.17973762 0.82552379
1779396291.62942171 -2.59209889 1.84709461 -1.20662264 0.52748132 0.09140200 -0.18028731 0.82517005
1779396291.63954735 -2.59333608 1.85327884 -1.19796187 0.52848740 0.09211901 -0.18128833 0.82422672
1779396291.64989138 -2.59529210 1.85648969 -1.19152305 0.52923521 0.09280071 -0.18180085 0.82355727
1779396291.66018891 -2.60362334 1.85937029 -1.17155887 0.53006012 0.09557619 -0.18317606 0.82240379
1779396291.67051840 -2.60433116 1.86415318 -1.16610137 0.53050478 0.09604911 -0.18423506 0.82182522
1779396291.68086290 -2.61027244 1.86403917 -1.15519984 0.53005072 0.09791037 -0.18556212 0.82159996
1779396291.69117093 -2.61214004 1.86642563 -1.15041551 0.53011318 0.09855487 -0.18646799 0.82127745
1779396291.70147634 -2.61298726 1.86826529 -1.14902306 0.52985006 0.09880583 -0.18733732 0.82121925
1779396291.71173739 -2.61543972 1.86766251 -1.14724930 0.52904061 0.09940942 -0.18823164 0.82146372
1779396291.71190476 -2.61721489 1.86665280 -1.14568303 0.52864587 0.09985031 -0.18857731 0.82158509
1779396291.72199988 -2.61779921 1.86598813 -1.14843780 0.52764182 0.09981913 -0.18934840 0.82205683
1779396291.73227429 -2.61655886 1.86948477 -1.14877980 0.52736862 0.09962744 -0.19035767 0.82202231
1779396291.74254036 -2.61415204 1.87054649 -1.15705552 0.52657465 0.09865621 -0.19089884 0.82252278
1779396291.75281334 -2.61731871 1.87070783 -1.15230483 0.52616349 0.09958548 -0.19180255 0.82246367
1779396291.76309085 -2.61639875 1.87292954 -1.15438545 0.52588065 0.09928916 -0.19251014 0.82251508
1779396291.77335835 -2.61629141 1.87544839 -1.15418907 0.52558329 0.09932114 -0.19343985 0.82248315
1779396291.78366327 -2.61623373 1.87835507 -1.15253491 0.52500639 0.09955103 -0.19476503 0.82251108
1779396291.79393530 -2.61641584 1.88046256 -1.15213908 0.52444151 0.09969554 -0.19590859 0.82258235
1779396291.80423665 -2.61289698 1.88422106 -1.15724914 0.52441732 0.09874944 -0.19646448 0.82257931
1779396291.81454158 -2.61543038 1.88243586 -1.15794209 0.52372644 0.09916815 -0.19699731 0.82284163
1779396291.82478023 -2.61584906 1.88489039 -1.15521992 0.52382541 0.09948727 -0.19771887 0.82256700
1779396291.83504963 -2.61833488 1.88737125 -1.14796594 0.52454911 0.10039475 -0.19827092 0.82186238
1779396291.84530687 -2.61784597 1.88923193 -1.14917973 0.52479155 0.10022411 -0.19862152 0.82164375
1779396291.85557818 -2.61439748 1.89070827 -1.15687487 0.52475286 0.09908555 -0.19860792 0.82180982
1779396291.86588717 -2.61340268 1.89400144 -1.15673584 0.52514832 0.09893787 -0.19918309 0.82143572
1779396291.87623310 -2.61500575 1.89320499 -1.15752625 0.52504286 0.09918640 -0.19940639 0.82141898
1779396291.88652778 -2.61367975 1.89620526 -1.15722904 0.52601764 0.09889755 -0.19932785 0.82084903
1779396291.89674687 -2.61416503 1.89744064 -1.15672791 0.52642623 0.09903431 -0.19957099 0.82051146
1779396291.90701151 -2.60857858 1.90149431 -1.16494570 0.52610293 0.09762926 -0.20038069 0.82068984
1779396291.91730952 -2.60945848 1.90141079 -1.16458046 0.52693682 0.09772220 -0.20001128 0.82023378
1779396291.92756248 -2.60184360 1.90431591 -1.17877103 0.52718892 0.09542357 -0.19961919 0.82043791
1779396291.93783617 -2.59725281 1.90907759 -1.18345527 0.52655526 0.09456274 -0.20110989 0.82058044
1779396291.94816256 -2.59979179 1.90536350 -1.18530695 0.52638377 0.09488614 -0.20085647 0.82071519
1779396291.95851707 -2.59647596 1.90941528 -1.18709237 0.52711156 0.09423334 -0.20108395 0.82026747
1779396291.96885777 -2.59287308 1.90858797 -1.19775718 0.52720403 0.09288457 -0.20053085 0.82049725
1779396291.97921729 -2.59000152 1.90958082 -1.20383194 0.52761733 0.09201595 -0.20032606 0.82037948
1779396291.98950195 -2.58698122 1.91010117 -1.21015089 0.52767019 0.09112539 -0.20024054 0.82046576
1779396291.98966122 -2.58592112 1.91009633 -1.21269532 0.52770898 0.09077756 -0.20012684 0.82050711
1779396291.99975419 -2.58268067 1.91056159 -1.21973291 0.52811537 0.08975775 -0.19966562 0.82047020
1779396292.01004863 -2.58437490 1.90834662 -1.22022163 0.52785065 0.09017271 -0.19987779 0.82054338
1779396292.02028513 -2.57911735 1.90891070 -1.23175030 0.52779305 0.08861420 -0.19963357 0.82080964
1779396292.03055358 -2.58356447 1.90424644 -1.22979166 0.52792730 0.08954562 -0.19908725 0.82075491
1779396292.04087925 -2.58028764 1.90534017 -1.23603129 0.52814959 0.08874022 -0.19904984 0.82070844
1779396292.05119658 -2.58033201 1.90298231 -1.24007861 0.52809674 0.08863241 -0.19878614 0.82081801
1779396292.06150484 -2.58003755 1.89996169 -1.24597020 0.52783697 0.08829250 -0.19838223 0.82111939
1779396292.06166792 -2.57980829 1.90020622 -1.24616264 0.52808473 0.08826627 -0.19827013 0.82098998
1779396292.07176900 -2.57881427 1.89808928 -1.25199992 0.52783192 0.08784543 -0.19803058 0.82125546
1779396292.08207989 -2.57677673 1.89505506 -1.26144075 0.52782984 0.08699346 -0.19722268 0.82154185
1779396292.09242606 -2.57718983 1.89268780 -1.26480840 0.52758493 0.08710454 -0.19717574 0.82169865
1779396292.10275722 -2.57632929 1.89089240 -1.26975762 0.52775086 0.08674646 -0.19663538 0.82175946
1779396292.11302996 -2.57791004 1.88738560 -1.27224944 0.52744139 0.08711451 -0.19651662 0.82194760
1779396292.12335658 -2.57731664 1.88201914 -1.28200530 0.52695319 0.08657451 -0.19571994 0.82250768
1779396292.13377023 -2.57846312 1.88030825 -1.28255322 0.52684763 0.08695693 -0.19576314 0.82252469
1779396292.13399220 -2.57816768 1.87959555 -1.28426292 0.52687424 0.08684536 -0.19558713 0.82256130
1779396292.14413214 -2.57789271 1.87614291 -1.29016324 0.52656030 0.08659269 -0.19516131 0.82289004
1779396292.15447116 -2.57641818 1.87132956 -1.30081005 0.52599068 0.08588504 -0.19449522 0.82348599
1779396292.16475368 -2.57851269 1.86751266 -1.30194931 0.52574191 0.08645700 -0.19437468 0.82361345
1779396292.17504740 -2.58030047 1.86282982 -1.30538912 0.52508971 0.08676249 -0.19424030 0.82402899
1779396292.18537545 -2.57961311 1.85926789 -1.31191004 0.52485593 0.08649578 -0.19378319 0.82431354
1779396292.19570875 -2.57937203 1.85460950 -1.31914214 0.52458106 0.08623269 -0.19315173 0.82466420
1779396292.20600724 -2.58351448 1.84927443 -1.31841153 0.52366569 0.08726745 -0.19344574 0.82506811
1779396292.20620990 -2.58442050 1.84732958 -1.31941821 0.52336256 0.08743551 -0.19343346 0.82524552
1779396292.21645546 -2.58514212 1.84366619 -1.32306388 0.52295776 0.08754198 -0.19324106 0.82553587
1779396292.22677946 -2.58563425 1.83913701 -1.32820862 0.52267204 0.08757997 -0.19280878 0.82581382
1779396292.23704457 -2.58509749 1.83674888 -1.33236038 0.52276912 0.08749817 -0.19245188 0.82584429
1779396292.24730849 -2.58833422 1.83093700 -1.33386731 0.52192921 0.08820011 -0.19245191 0.82630074
1779396292.25763106 -2.58559770 1.82973249 -1.34030671 0.52175161 0.08767125 -0.19244238 0.82647138
1779396292.26791835 -2.58893984 1.82446379 -1.34053341 0.52140495 0.08852722 -0.19228488 0.82663555
1779396292.27825451 -2.58879441 1.82430035 -1.34079203 0.52139889 0.08876062 -0.19259860 0.82654131
1779396292.28859091 -2.58927495 1.82115492 -1.34382435 0.52113236 0.08897480 -0.19255725 0.82669599
1779396292.29890680 -2.59023758 1.81729689 -1.34690848 0.52047084 0.08930586 -0.19275935 0.82702986
1779396292.30918789 -2.59295040 1.81446034 -1.34501177 0.52018143 0.09025151 -0.19314294 0.82701980
1779396292.31950998 -2.59128098 1.81393231 -1.34854459 0.52018351 0.08999245 -0.19315253 0.82704448
1779396292.32981277 -2.59295149 1.81028192 -1.34993006 0.51968735 0.09054649 -0.19335650 0.82724824
1779396292.34010148 -2.59406401 1.80861462 -1.34953302 0.51963439 0.09113235 -0.19359368 0.82716170
1779396292.35036755 -2.59422842 1.80660256 -1.35143998 0.51914419 0.09133701 -0.19393563 0.82736681
1779396292.36069894 -2.59502700 1.80438469 -1.35229883 0.51890168 0.09179077 -0.19418727 0.82740969
1779396292.37098789 -2.59684713 1.80287323 -1.35025720 0.51883274 0.09260097 -0.19456865 0.82727304
1779396292.38131833 -2.59872112 1.79811565 -1.35262991 0.51868000 0.09305010 -0.19417618 0.82741062
1779396292.39161634 -2.59916829 1.79783840 -1.35164516 0.51826279 0.09354136 -0.19494540 0.82743579
1779396292.40188575 -2.60094505 1.79595908 -1.35000664 0.51795472 0.09434112 -0.19547249 0.82741354
1779396292.41216183 -2.59600582 1.79744408 -1.35764696 0.51778146 0.09339260 -0.19586819 0.82753600
1779396292.42242551 -2.59783149 1.79572225 -1.35570857 0.51760389 0.09411062 -0.19620173 0.82748673
1779396292.43276453 -2.59939064 1.79455839 -1.35367306 0.51729642 0.09489615 -0.19687165 0.82743017
1779396292.44312096 -2.60160697 1.79402904 -1.34945779 0.51720107 0.09593232 -0.19758541 0.82720012
1779396292.45343423 -2.60396765 1.79309563 -1.34537915 0.51648846 0.09704797 -0.19880920 0.82722201
1779396292.46374416 -2.60185429 1.79368866 -1.34838501 0.51628559 0.09678504 -0.19926371 0.82727010
1779396292.47405601 -2.60334030 1.79342161 -1.34557214 0.51611516 0.09757997 -0.19999790 0.82710588
1779396292.48437834 -2.60547390 1.79530112 -1.33768827 0.51580042 0.09895492 -0.20158135 0.82675438
1779396292.49472833 -2.60321592 1.79878560 -1.33695868 0.51585846 0.09892454 -0.20252577 0.82649096
1779396292.50509548 -2.60162439 1.80493969 -1.33134791 0.51634604 0.09944815 -0.20397399 0.82576718
1779396292.51540446 -2.60464046 1.80196325 -1.32922334 0.51521902 0.10050494 -0.20508111 0.82606892
1779396292.52570677 -2.60238287 1.80500059 -1.32917060 0.51495464 0.10054552 -0.20632143 0.82591996
1779396292.53598738 -2.60551739 1.80423063 -1.32359212 0.51488736 0.10168825 -0.20692835 0.82567013
1779396292.54629350 -2.60525569 1.80892928 -1.31688546 0.51479211 0.10255094 -0.20872318 0.82517091
1779396292.55662847 -2.60365511 1.80976620 -1.31907470 0.51428292 0.10248680 -0.20964852 0.82526180
1779396292.56690574 -2.60827860 1.81210643 -1.30574283 0.51442439 0.10446313 -0.21108452 0.82455948
1779396292.57718277 -2.60267348 1.81436010 -1.31381412 0.51366909 0.10338050 -0.21215323 0.82489245
1779396292.58748889 -2.60453277 1.81833260 -1.30396656 0.51346281 0.10478278 -0.21410605 0.82433920
1779396292.59781384 -2.60280938 1.81846437 -1.30733421 0.51265441 0.10456314 -0.21501038 0.82463479
1779396292.60817552 -2.60205420 1.82356000 -1.30105741 0.51291255 0.10523786 -0.21651875 0.82399353
1779396292.61847115 -2.60183080 1.82755255 -1.29534777 0.51275985 0.10598823 -0.21816645 0.82355767
1779396292.62879562 -2.60575841 1.82848186 -1.28494674 0.51243499 0.10774056 -0.21972863 0.82311705
1779396292.63908148 -2.60282585 1.83289454 -1.28476420 0.51222759 0.10754889 -0.22104668 0.82291828
1779396292.64936972 -2.60318029 1.83711396 -1.27704846 0.51196366 0.10856188 -0.22297778 0.82242838
1779396292.65966916 -2.60264964 1.83827567 -1.27589108 0.51140575 0.10889336 -0.22422934 0.82239139
1779396292.66997147 -2.60373144 1.84032467 -1.26999441 0.51111553 0.10977558 -0.22555098 0.82209306
1779396292.67016411 -2.60390132 1.83923940 -1.27090778 0.51063713 0.10983037 -0.22586506 0.82229678
1779396292.68026185 -2.60302296 1.84187229 -1.26843932 0.51036680 0.11013264 -0.22707422 0.82209113
1779396292.69052434 -2.60666704 1.84122031 -1.26102379 0.50979115 0.11158765 -0.22836557 0.82189437
1779396292.70084071 -2.60601642 1.84378607 -1.25812957 0.50960318 0.11202099 -0.22962690 0.82160050
1779396292.71111727 -2.60566756 1.84391889 -1.25815977 0.50902952 0.11222072 -0.23051131 0.82168120
1779396292.72138786 -2.60936712 1.84503494 -1.24859596 0.50891074 0.11382310 -0.23180587 0.82117002
1779396292.73166466 -2.61000467 1.84692007 -1.24448350 0.50861890 0.11455763 -0.23306955 0.82089095
1779396292.74199438 -2.60958345 1.84966210 -1.24149116 0.50883900 0.11495180 -0.23384890 0.82047769
1779396292.75229740 -2.61185163 1.84974134 -1.23712867 0.50859215 0.11593648 -0.23474129 0.82023733
1779396292.76251698 -2.61134837 1.85271908 -1.23400031 0.50884740 0.11618263 -0.23530938 0.81988134
1779396292.77280664 -2.61232935 1.86078465 -1.22098306 0.50963270 0.11780271 -0.23736424 0.81856903
1779396292.77297997 -2.61180876 1.86253913 -1.21968751 0.50976836 0.11790452 -0.23772094 0.81836636
1779396292.78311086 -2.61201280 1.86587965 -1.21531803 0.51023557 0.11847613 -0.23841106 0.81779168
1779396292.79340291 -2.61211125 1.86952518 -1.21082900 0.51051476 0.11914413 -0.23943144 0.81722209
1779396292.80371594 -2.61373228 1.87696745 -1.19771498 0.51180397 0.12067210 -0.24066834 0.81582699
1779396292.81398392 -2.61316655 1.88338092 -1.18993401 0.51262077 0.12142372 -0.24178442 0.81487209
1779396292.82427764 -2.61309887 1.88784790 -1.18479131 0.51316497 0.12207988 -0.24271210 0.81415542
1779396292.83457184 -2.61329661 1.89289433 -1.17812265 0.51371855 0.12292376 -0.24383246 0.81334417
1779396292.84486151 -2.61262968 1.89685210 -1.17459612 0.51403726 0.12331086 -0.24469781 0.81282416
1779396292.85513091 -2.61396435 1.90186553 -1.16526097 0.51470326 0.12451414 -0.24584347 0.81187300
1779396292.86543679 -2.61433199 1.90715977 -1.15710277 0.51484318 0.12554185 -0.24745238 0.81113690
1779396292.87569189 -2.61545881 1.91031480 -1.15118439 0.51511101 0.12643061 -0.24842598 0.81053098
1779396292.88596535 -2.61507857 1.91407283 -1.14700904 0.51489453 0.12694816 -0.24976966 0.81017461
1779396292.89626503 -2.61681943 1.91570450 -1.14190396 0.51482274 0.12786584 -0.25073608 0.80977731
1779396292.90659237 -2.61555028 1.92009613 -1.13908550 0.51445209 0.12818557 -0.25234120 0.80946367
1779396292.91680789 -2.61776929 1.92198690 -1.13191351 0.51453908 0.12927930 -0.25324955 0.80895059
1779396292.92712831 -2.61544198 1.92809106 -1.12848305 0.51448036 0.12946530 -0.25491838 0.80843386
1779396292.93742013 -2.61692172 1.93086478 -1.12216403 0.51445338 0.13041645 -0.25611606 0.80791945
1779396292.94775200 -2.61574335 1.93536281 -1.11845234 0.51456896 0.13071625 -0.25727267 0.80742976
1779396292.94792962 -2.61644845 1.93552346 -1.11694784 0.51437688 0.13101128 -0.25763912 0.80738748
1779396292.95804691 -2.61625698 1.93816499 -1.11418221 0.51422981 0.13137156 -0.25865298 0.80709842
1779396292.96833849 -2.61659931 1.94114189 -1.11022625 0.51399174 0.13195904 -0.25994445 0.80673923
1779396292.97867680 -2.61635382 1.94500591 -1.10611711 0.51386607 0.13246810 -0.26130689 0.80629559
1779396292.98900938 -2.61591861 1.94759892 -1.10429682 0.51368661 0.13270251 -0.26227173 0.80605810
1779396292.99934292 -2.61565457 1.95199778 -1.09930217 0.51381402 0.13325450 -0.26354067 0.80547173
1779396293.00960660 -2.61387082 1.95633538 -1.09854824 0.51355902 0.13324798 -0.26490485 0.80518789
1779396293.01983571 -2.61493018 1.95848302 -1.09387298 0.51374370 0.13390135 -0.26562423 0.80472456
1779396293.03013229 -2.61475955 1.96186812 -1.09088168 0.51346871 0.13431847 -0.26694949 0.80439195
1779396293.04039717 -2.61547682 1.96392506 -1.08828429 0.51344876 0.13478323 -0.26779275 0.80404658
1779396293.05071878 -2.61587241 1.96816084 -1.08266337 0.51360732 0.13545982 -0.26900867 0.80342548
1779396293.06101322 -2.61546339 1.97154817 -1.07979216 0.51361787 0.13576423 -0.26999822 0.80303531
1779396293.07127953 -2.61583128 1.97599198 -1.07369521 0.51376762 0.13648333 -0.27128631 0.80238325
1779396293.08167267 -2.61513673 1.97968522 -1.07208680 0.51394664 0.13662608 -0.27218424 0.80194009
1779396293.09196949 -2.61665822 1.97999690 -1.07059684 0.51365571 0.13706188 -0.27279329 0.80184517
1779396293.10234261 -2.61299689 1.98707094 -1.07010914 0.51389012 0.13670459 -0.27418836 0.80127994
1779396293.11268711 -2.61333440 1.99101258 -1.06538996 0.51376842 0.13729558 -0.27555102 0.80078934
1779396293.12298298 -2.61514011 1.99461789 -1.05808094 0.51420371 0.13825384 -0.27648578 0.80002252
1779396293.13327861 -2.61404845 1.99701940 -1.05909427 0.51397922 0.13808807 -0.27729187 0.79991641
1779396293.14356756 -2.61365989 2.00107026 -1.05639794 0.51383315 0.13837421 -0.27858299 0.79951210
1779396293.15383959 -2.61468963 2.00470267 -1.05064771 0.51381330 0.13911713 -0.27985412 0.79895181
1779396293.16414165 -2.61403337 2.00841104 -1.04813348 0.51386747 0.13930102 -0.28081784 0.79854667
1779396293.17449069 -2.61426358 2.01121142 -1.04631627 0.51358295 0.13956290 -0.28195998 0.79828148
1779396293.18488073 -2.61606186 2.01315949 -1.04218501 0.51296727 0.14028417 -0.28335293 0.79805767
1779396293.19522619 -2.61580332 2.01819195 -1.03720379 0.51294680 0.14075262 -0.28482123 0.79746545
1779396293.20552111 -2.61661370 2.02110180 -1.03258792 0.51271020 0.14133643 -0.28600211 0.79709162
1779396293.21584511 -2.61585472 2.02600156 -1.02928717 0.51258286 0.14157390 -0.28744344 0.79661277
1779396293.22614765 -2.61839840 2.02725790 -1.02473109 0.51203701 0.14240034 -0.28867272 0.79637196
1779396293.23644543 -2.61797351 2.03095518 -1.02211998 0.51191407 0.14260488 -0.28977040 0.79601567
1779396293.23664784 -2.61856274 2.03138462 -1.02088471 0.51187883 0.14280399 -0.29001387 0.79591397
1779396293.24675059 -2.61986734 2.03334786 -1.01725277 0.51165466 0.14333968 -0.29096014 0.79561639
1779396293.25704980 -2.62173269 2.03549967 -1.01276009 0.51122442 0.14404169 -0.29221937 0.79530461
1779396293.26734257 -2.62080774 2.03906809 -1.01182951 0.51124338 0.14399839 -0.29309991 0.79497617
1779396293.27768087 -2.62345401 2.04117689 -1.00543260 0.51092729 0.14497137 -0.29434562 0.79454217
1779396293.28802037 -2.62296290 2.04596106 -1.00244409 0.51082346 0.14518923 -0.29568860 0.79407035
1779396293.29835606 -2.62317108 2.04847696 -1.00263230 0.51018490 0.14522887 -0.29692764 0.79401129
1779396293.30883574 -2.62521977 2.05056288 -0.99721569 0.50990695 0.14601960 -0.29797657 0.79365178
1779396293.30902481 -2.62541185 2.05128275 -0.99665784 0.50984230 0.14609451 -0.29824485 0.79357875
1779396293.31917071 -2.62761030 2.05145988 -0.99508396 0.50911311 0.14657712 -0.29914665 0.79361847
1779396293.32947612 -2.62904981 2.05454503 -0.99063188 0.50874268 0.14719227 -0.30045479 0.79324791
1779396293.33978152 -2.63115421 2.05529210 -0.98989504 0.50774622 0.14759556 -0.30168334 0.79334513
1779396293.35007381 -2.63386299 2.05453776 -0.98906438 0.50685441 0.14806986 -0.30250989 0.79351225
1779396293.36038065 -2.63508130 2.05581001 -0.98950283 0.50579012 0.14823611 -0.30382027 0.79365966
1779396293.37068987 -2.63602791 2.05662397 -0.99041475 0.50493629 0.14830805 -0.30480015 0.79381416
1779396293.38104057 -2.63888207 2.05686941 -0.98897014 0.50380205 0.14885517 -0.30606139 0.79394714
1779396293.38122034 -2.63976852 2.05729170 -0.98740222 0.50358477 0.14912711 -0.30644850 0.79388463
1779396293.39133096 -2.64246274 2.05601147 -0.98815645 0.50245912 0.14944804 -0.30727140 0.79421937
1779396293.40159774 -2.64508413 2.05550102 -0.98924302 0.50100686 0.14974753 -0.30853619 0.79458997
1779396293.41189551 -2.64835570 2.05506180 -0.98855719 0.49963464 0.15029041 -0.30982672 0.79484931
1779396293.42218447 -2.65028834 2.05406432 -0.99086200 0.49839114 0.15037487 -0.31073406 0.79525971
1779396293.43260765 -2.65332796 2.05348056 -0.99170156 0.49685673 0.15075064 -0.31204431 0.79563559
1779396293.44291234 -2.65670952 2.05314026 -0.99088406 0.49553326 0.15130518 -0.31330936 0.79585852
1779396293.45324612 -2.65853334 2.05312686 -0.99176674 0.49459715 0.15147710 -0.31418651 0.79606230
1779396293.45342636 -2.65892622 2.05385928 -0.99110376 0.49438545 0.15159096 -0.31456849 0.79602128
1779396293.46353793 -2.66470327 2.04991691 -0.99027866 0.49263921 0.15250724 -0.31548775 0.79656489
1779396293.47380066 -2.66570137 2.05027936 -0.99547513 0.49140393 0.15215242 -0.31653523 0.79698009
1779396293.48415613 -2.67021127 2.05051542 -0.99105374 0.49050626 0.15315152 -0.31770698 0.79687546
1779396293.49449515 -2.67220302 2.05092283 -0.99118149 0.48993747 0.15337561 -0.31839919 0.79690599
1779396293.50477529 -2.67457419 2.05194719 -0.99148914 0.48925026 0.15361921 -0.31934320 0.79690353
1779396293.51502943 -2.67493490 2.05571388 -0.99144330 0.48898703 0.15362009 -0.32044287 0.79662345
1779396293.52532840 -2.67949341 2.05466171 -0.98778051 0.48845229 0.15452847 -0.32102993 0.79653945
1779396293.53569174 -2.68136800 2.05636894 -0.98816346 0.48813373 0.15465979 -0.32180592 0.79639611
1779396293.54602528 -2.68371906 2.05786450 -0.98752646 0.48790893 0.15494254 -0.32252249 0.79618900
1779396293.55633926 -2.68487292 2.05980831 -0.98718458 0.48807955 0.15503255 -0.32291311 0.79590853
1779396293.55652952 -2.68560292 2.06055800 -0.98578460 0.48809191 0.15523303 -0.32315441 0.79576392
1779396293.56670928 -2.68795935 2.06059768 -0.98618373 0.48794277 0.15540639 -0.32345493 0.79569945
1779396293.57702565 -2.69008666 2.06150520 -0.98787207 0.48761843 0.15540847 -0.32405434 0.79565398
1779396293.58734798 -2.69063852 2.06302167 -0.99273956 0.48771007 0.15487612 -0.32430329 0.79560018
1779396293.59771013 -2.69059917 2.06502992 -0.99573500 0.48727682 0.15451820 -0.32506800 0.79562317
1779396293.59789371 -2.69185604 2.06410483 -0.99640235 0.48728131 0.15456801 -0.32493990 0.79566307
1779396293.60804749 -2.69359737 2.06483399 -0.99727104 0.48723712 0.15458261 -0.32527545 0.79555018
1779396293.61833930 -2.69438774 2.06556110 -1.00316279 0.48693367 0.15397766 -0.32565903 0.79569635
1779396293.62868643 -2.69512262 2.06785373 -1.00584549 0.48659264 0.15369552 -0.32649719 0.79561603
1779396293.63902926 -2.69649032 2.06802417 -1.00869017 0.48641994 0.15347920 -0.32675228 0.79565867
1779396293.64935279 -2.69982711 2.06735778 -1.01026254 0.48603530 0.15359795 -0.32717273 0.79569804
1779396293.65964985 -2.70073269 2.06871829 -1.01449791 0.48568461 0.15317435 -0.32780254 0.79573461
1779396293.66994476 -2.70239997 2.06935232 -1.01553064 0.48537977 0.15318718 -0.32833463 0.79569877
1779396293.67013836 -2.70320087 2.06919393 -1.01592121 0.48524461 0.15321836 -0.32847488 0.79571733
1779396293.68024826 -2.70417814 2.07234049 -1.01370161 0.48546644 0.15342512 -0.32914211 0.79526633
1779396293.69053674 -2.70832599 2.07099485 -1.01438593 0.48497864 0.15373515 -0.32957157 0.79532622
1779396293.70088911 -2.71027343 2.07296752 -1.01464582 0.48477211 0.15380798 -0.33036428 0.79510914
1779396293.71118546 -2.71084637 2.07567942 -1.01467459 0.48491702 0.15374584 -0.33092494 0.79479959
1779396293.72149992 -2.71283965 2.07858285 -1.01267639 0.48482288 0.15403702 -0.33188041 0.79440214
1779396293.73176146 -2.71483853 2.08305918 -1.00723881 0.48512835 0.15463089 -0.33290746 0.79367020
1779396293.74203849 -2.71706494 2.08275034 -1.00904199 0.48485030 0.15462061 -0.33323384 0.79370515
1779396293.75231147 -2.71844657 2.08689311 -1.00650200 0.48480877 0.15488769 -0.33436369 0.79320312
1779396293.76259804 -2.72015387 2.09047069 -1.00391660 0.48515782 0.15515525 -0.33508645 0.79263220
1779396293.77292728 -2.72269070 2.09185472 -1.00117430 0.48505371 0.15561153 -0.33573149 0.79233346
1779396293.78323674 -2.72445271 2.09497512 -0.99924396 0.48507344 0.15584912 -0.33662586 0.79189510
1779396293.79356956 -2.72595812 2.09672438 -1.00117981 0.48507042 0.15565616 -0.33713629 0.79171773
1779396293.80390167 -2.72923266 2.09751168 -1.00018270 0.48477490 0.15600510 -0.33782914 0.79153470
1779396293.81424618 -2.72859361 2.10012346 -1.00385557 0.48492377 0.15543156 -0.33822911 0.79138552
1779396293.82456756 -2.73283696 2.10007353 -1.00158299 0.48492538 0.15597253 -0.33859254 0.79112264
1779396293.83488655 -2.73562184 2.10022993 -1.00296553 0.48491145 0.15600383 -0.33887882 0.79100242
1779396293.84524298 -2.73705883 2.10029354 -1.00845913 0.48503763 0.15545511 -0.33887039 0.79103670
1779396293.85556126 -2.74012054 2.09994811 -1.00737611 0.48490951 0.15581561 -0.33917609 0.79091329
1779396293.86586905 -2.74175402 2.09920085 -1.01402309 0.48535082 0.15514802 -0.33874093 0.79096034
1779396293.87620497 -2.74679819 2.09625956 -1.01518859 0.48536927 0.15546526 -0.33848890 0.79099462
1779396293.88649726 -2.74818761 2.09675690 -1.01683819 0.48564226 0.15533238 -0.33852644 0.79083709
1779396293.89680886 -2.75162682 2.09561092 -1.01868332 0.48611847 0.15536342 -0.33818345 0.79068514
1779396293.90712929 -2.75587842 2.09221974 -1.02288122 0.48562725 0.15534975 -0.33815402 0.79100221
1779396293.91747308 -2.75848391 2.09119804 -1.02658425 0.48619745 0.15509190 -0.33770582 0.79089400
1779396293.92781281 -2.75998267 2.09052085 -1.03035296 0.48668808 0.15473808 -0.33728318 0.79084189
1779396293.93810701 -2.76218354 2.09016611 -1.03338602 0.48698979 0.15453286 -0.33718625 0.79073761
1779396293.94840598 -2.76535788 2.08954778 -1.03442437 0.48758990 0.15461913 -0.33688370 0.79047985
1779396293.95875120 -2.76855170 2.08763037 -1.03550934 0.48766951 0.15477524 -0.33669845 0.79047911
1779396293.96900439 -2.76991413 2.08827191 -1.03858231 0.48804922 0.15448553 -0.33670341 0.79029930
1779396293.97926736 -2.77293740 2.08674622 -1.04129069 0.48875138 0.15437523 -0.33610753 0.79014056
1779396293.98956323 -2.77681001 2.08344792 -1.04496316 0.48876149 0.15435522 -0.33573223 0.79029776
1779396293.99985433 -2.77822189 2.08428921 -1.04495442 0.48952391 0.15436982 -0.33550639 0.78991884
1779396294.01014018 -2.78342216 2.08023785 -1.04612227 0.48911358 0.15477574 -0.33545138 0.79011692
1779396294.02041888 -2.78776332 2.07710056 -1.04760651 0.48956311 0.15498649 -0.33483896 0.79005697
1779396294.03073287 -2.79101592 2.07526665 -1.04747089 0.48958558 0.15529548 -0.33476795 0.79001247
1779396294.04106665 -2.79591436 2.07314218 -1.04418426 0.48940528 0.15609461 -0.33501851 0.78986046
1779396294.05137062 -2.80815310 2.05959105 -1.04520539 0.48776833 0.15744858 -0.33442152 0.79085665
1779396294.06168509 -2.81063155 2.05861819 -1.04461529 0.48765789 0.15773146 -0.33460020 0.79079281
1779396294.06186223 -2.81244465 2.05445010 -1.04976823 0.48736467 0.15744551 -0.33403223 0.79127054
1779396294.07202744 -2.81710348 2.05270843 -1.04492181 0.48706511 0.15840927 -0.33445240 0.79108513
1779396294.08231640 -2.81131974 2.05812114 -1.05549185 0.48903151 0.15646062 -0.33363478 0.79060489
1779396294.09259129 -2.82822422 2.04119877 -1.05007667 0.48604937 0.15910854 -0.33381093 0.79184010
1779396294.10285568 -2.82951939 2.04046279 -1.05233777 0.48624537 0.15896571 -0.33367896 0.79180408
1779396294.11311388 -2.83434610 2.03930264 -1.04750865 0.48599045 0.15996097 -0.33418889 0.79154505
1779396294.12337232 -2.83224570 2.04574194 -1.04565493 0.48722029 0.15974070 -0.33460478 0.79065728
1779396294.13367105 -2.83549199 2.04210552 -1.04925167 0.48746948 0.15973325 -0.33390543 0.79080084
1779396294.14393187 -2.84018256 2.03957328 -1.04747176 0.48696948 0.16047556 -0.33425094 0.79081264
1779396294.15422082 -2.84318626 2.03947693 -1.04586975 0.48757745 0.16094226 -0.33408595 0.79041280
1779396294.16452074 -2.84750232 2.03902096 -1.04189271 0.48807601 0.16180735 -0.33402594 0.78995371
1779396294.17483091 -2.85009298 2.03972481 -1.03788185 0.48854318 0.16248253 -0.33410999 0.78949066
1779396294.18513751 -2.85578544 2.03938735 -1.02951069 0.48917119 0.16395570 -0.33411839 0.78879337
1779396294.19541812 -2.86042376 2.04057889 -1.02114889 0.48956146 0.16534098 -0.33456199 0.78807374
1779396294.20570636 -2.86211864 2.04114335 -1.02061790 0.49005273 0.16560932 -0.33443387 0.78776637
1779396294.21603990 -2.86556753 2.04266533 -1.01523569 0.49100099 0.16653962 -0.33433853 0.78701990
1779396294.22633696 -2.87038042 2.04261737 -1.00901002 0.49162238 0.16773441 -0.33426378 0.78640977
1779396294.23666716 -2.87120165 2.04557891 -1.00603584 0.49199569 0.16816517 -0.33471264 0.78589323
1779396294.23684621 -2.87180237 2.04625357 -1.00451165 0.49229030 0.16838046 -0.33469351 0.78567076
1779396294.24699664 -2.87677786 2.04355238 -1.00131357 0.49252831 0.16930811 -0.33432898 0.78547741
1779396294.25732040 -2.88051638 2.04536461 -0.99336067 0.49294083 0.17057265 -0.33480715 0.78474103
1779396294.26759696 -2.88455849 2.04579641 -0.98734289 0.49338731 0.17168232 -0.33495753 0.78415407
1779396294.27793074 -2.88806929 2.04475904 -0.98389291 0.49314690 0.17250401 -0.33526531 0.78399342
1779396294.28819704 -2.89327125 2.04177647 -0.98091424 0.49338289 0.17346021 -0.33493167 0.78377653
1779396294.29845858 -2.89743658 2.04167915 -0.97444626 0.49332608 0.17465799 -0.33544051 0.78332856
1779396294.30878353 -2.90284124 2.03943322 -0.96687312 0.49325516 0.17607518 -0.33559926 0.78298787
1779396294.31904364 -2.90588658 2.03870910 -0.96474049 0.49293478 0.17673692 -0.33606955 0.78283882
1779396294.32929611 -2.91108578 2.03573273 -0.96045237 0.49266440 0.17783050 -0.33622188 0.78269595
1779396294.33963728 -2.91434487 2.03642263 -0.95387079 0.49275078 0.17890381 -0.33679526 0.78215027
1779396294.34993410 -2.91848631 2.03630647 -0.94454959 0.49258476 0.18033524 -0.33746605 0.78163682
1779396294.36047411 -2.92171756 2.03524671 -0.94169758 0.49222528 0.18107577 -0.33798301 0.78146870
1779396294.37090254 -2.92291590 2.04033663 -0.93108076 0.49217689 0.18229710 -0.33954284 0.78053849
1779396294.38121200 -2.92718842 2.03976371 -0.92336817 0.49195703 0.18359712 -0.34022270 0.78007621
1779396294.39152479 -2.92889470 2.04439680 -0.90972570 0.49185359 0.18517096 -0.34181286 0.77907364
1779396294.40181160 -2.93261950 2.04627516 -0.89768161 0.49188387 0.18682376 -0.34285715 0.77820056
1779396294.41213298 -2.93428405 2.05224467 -0.88184367 0.49171026 0.18862453 -0.34487606 0.77698283
1779396294.42239833 -2.93660423 2.05652888 -0.86635601 0.49166179 0.19044601 -0.34643793 0.77587354
1779396294.43274069 -2.93951271 2.06179198 -0.84747710 0.49159954 0.19268994 -0.34836152 0.77449644
1779396294.44304895 -2.93872271 2.07188187 -0.82884418 0.49129596 0.19452559 -0.35122832 0.77293386
1779396294.45337296 -2.93972837 2.07758606 -0.81365399 0.49147599 0.19615898 -0.35281343 0.77168367
1779396294.45355034 -2.93894096 2.08083708 -0.80925156 0.49158251 0.19651408 -0.35349036 0.77121555
1779396294.46371150 -2.93942650 2.08895490 -0.78869323 0.49146609 0.19868022 -0.35589024 0.76962939
1779396294.47406340 -2.93896315 2.09801699 -0.76971331 0.49110972 0.20060500 -0.35861286 0.76809224
1779396294.48439455 -2.93755351 2.10846741 -0.74953113 0.49070916 0.20258728 -0.36164605 0.76640397
1779396294.49468994 -2.93704003 2.11660491 -0.73161405 0.49078245 0.20438005 -0.36376041 0.76487891
1779396294.50501609 -2.93544846 2.12798837 -0.70749573 0.49042595 0.20677600 -0.36704047 0.76289407
1779396294.51530981 -2.93577837 2.13491913 -0.68901247 0.48997116 0.20882718 -0.36944387 0.76146615
1779396294.52564216 -2.93310044 2.14620108 -0.66825779 0.48971122 0.21078719 -0.37249604 0.75960410
1779396294.53594232 -2.93266263 2.15284718 -0.65027929 0.48969710 0.21268601 -0.37444961 0.75812195
1779396294.54625058 -2.93233682 2.15922718 -0.63368946 0.48849249 0.21458718 -0.37723126 0.75698349
1779396294.55656362 -2.93183643 2.16644332 -0.61406557 0.48772096 0.21677071 -0.37994208 0.75550165
1779396294.56693125 -2.93029837 2.17239715 -0.60223788 0.48661643 0.21804457 -0.38233166 0.75464131
1779396294.57724571 -2.93115859 2.17711140 -0.58308707 0.48550887 0.22038431 -0.38484945 0.75339418
1779396294.58755040 -2.92950638 2.18480636 -0.56533181 0.48448208 0.22231087 -0.38771289 0.75201975
1779396294.59794760 -2.93016859 2.18764486 -0.55228480 0.48335085 0.22397227 -0.38964029 0.75125816
1779396294.60829115 -2.92751471 2.19585597 -0.53587621 0.48261203 0.22564732 -0.39232970 0.74983086
1779396294.61860895 -2.92758830 2.20066650 -0.51729166 0.48104958 0.22792614 -0.39512217 0.74867847
1779396294.62890577 -2.92564951 2.20614054 -0.50735268 0.47957550 0.22908477 -0.39764626 0.74793380
1779396294.63920212 -2.92582515 2.20943325 -0.49236204 0.47876524 0.23090066 -0.39947714 0.74691816
1779396294.64950204 -2.92358230 2.21542231 -0.48143459 0.47729963 0.23215128 -0.40208871 0.74606670
1779396294.65977478 -2.92205085 2.22054978 -0.46685141 0.47621216 0.23382553 -0.40444380 0.74496497
1779396294.67011476 -2.92013633 2.22534103 -0.45836334 0.47447200 0.23490551 -0.40697719 0.74435562
1779396294.68041325 -2.92153572 2.22578780 -0.44729080 0.47313569 0.23650217 -0.40856967 0.74382805
1779396294.69174457 -2.91936028 2.23132853 -0.43459227 0.47216931 0.23792543 -0.41082977 0.74274257
1779396294.70227838 -2.91799772 2.23627237 -0.41724495 0.47096624 0.23997692 -0.41332100 0.74146316
1779396294.71258402 -2.91471067 2.24431076 -0.39430154 0.47052317 0.24238389 -0.41596474 0.73948045
1779396294.72294068 -2.91175732 2.24976901 -0.38394050 0.46979434 0.24342959 -0.41789191 0.73851315
1779396294.72312164 -2.90775361 2.25771520 -0.36155265 0.47090564 0.24541493 -0.41923031 0.73638668
1779396294.73328686 -2.90635362 2.26049583 -0.35648361 0.46977716 0.24610569 -0.42083314 0.73596256
1779396294.74360967 -2.90415014 2.26562039 -0.33755761 0.46874533 0.24826366 -0.42327010 0.73449669
1779396294.75390124 -2.90072059 2.27066816 -0.33236002 0.46749047 0.24882538 -0.42541412 0.73386744
1779396294.76419902 -2.90221133 2.27005803 -0.32068184 0.46659280 0.25050654 -0.42653837 0.73321392
1779396294.77456260 -2.89897171 2.27441706 -0.31865087 0.46523679 0.25076635 -0.42852902 0.73282593
1779396294.78490663 -2.89599536 2.27961082 -0.30376363 0.46448246 0.25240817 -0.43065057 0.73149589
1779396294.79527712 -2.89143724 2.28633370 -0.29122628 0.46363562 0.25361454 -0.43293488 0.73026644
1779396294.80562973 -2.89697193 2.27886317 -0.30010936 0.46083482 0.25364970 -0.43360064 0.73163077
1779396294.81592178 -2.89988354 2.27313008 -0.32345717 0.45794487 0.25184263 -0.43413998 0.73374673
1779396294.82623172 -2.90102515 2.27303612 -0.30938866 0.45659696 0.25389160 -0.43575482 0.73292292
1779396294.83658195 -2.89540075 2.28094745 -0.29885924 0.45689018 0.25468380 -0.43739145 0.73148906
1779396294.83676052 -2.89575732 2.28124875 -0.29080636 0.45669801 0.25570803 -0.43788582 0.73095577
1779396294.84692574 -2.88835341 2.29300760 -0.25724026 0.45772086 0.25886574 -0.44036366 0.72770873
1779396294.85726142 -2.89045194 2.29004884 -0.26189830 0.45579956 0.25900325 -0.44128962 0.72830457
1779396294.86761117 -2.88760759 2.29413547 -0.25294633 0.45526411 0.26008155 -0.44285213 0.72730610
1779396294.87791443 -2.89287579 2.28696650 -0.26150012 0.45328277 0.26003232 -0.44292980 0.72851295
1779396294.88828754 -2.89465314 2.28414643 -0.26903029 0.45149364 0.25982327 -0.44368599 0.72923803
1779396294.89866376 -2.89710288 2.28153589 -0.25897947 0.45058417 0.26157986 -0.44446000 0.72870103
1779396294.90891910 -2.88835338 2.29418791 -0.22689952 0.45191313 0.26450506 -0.44681907 0.72537185
1779396294.90909934 -2.89046985 2.29138464 -0.22807318 0.45134983 0.26470637 -0.44677503 0.72567620
1779396294.91927361 -2.89130651 2.29106554 -0.21161388 0.45101401 0.26692414 -0.44764711 0.72453428
1779396294.92961431 -2.89481388 2.28591694 -0.21953072 0.44918968 0.26686228 -0.44804250 0.72544544
1779396294.93992186 -2.90389367 2.27332130 -0.23487627 0.44663112 0.26652536 -0.44750146 0.72748012
1779396294.95030904 -2.90551385 2.27113073 -0.23512939 0.44551059 0.26699622 -0.44807206 0.72764330
1779396294.96066260 -2.90531853 2.27163739 -0.22529174 0.44486948 0.26847447 -0.44913419 0.72683636
1779396294.97096491 -2.89624295 2.28429182 -0.19107122 0.44585610 0.27175984 -0.45182205 0.72333655
1779396294.98131132 -2.89740810 2.28262889 -0.19122452 0.44476821 0.27228421 -0.45253283 0.72336477
1779396294.99165130 -2.90347748 2.27417071 -0.20526526 0.44263242 0.27166753 -0.45233961 0.72502563
1779396295.00194907 -2.90866042 2.26695014 -0.21418747 0.44065437 0.27162854 -0.45247103 0.72616226
1779396295.01224971 -2.90768429 2.26835839 -0.20597162 0.43984378 0.27287156 -0.45373825 0.72539656
1779396295.02259898 -2.90711275 2.26925653 -0.19464306 0.43952260 0.27438522 -0.45464446 0.72445224
1779396295.03290415 -2.89847388 2.28071912 -0.16416431 0.44028487 0.27735059 -0.45717751 0.72125904
1779396295.04323244 -2.89796204 2.28166292 -0.14936726 0.43966247 0.27937923 -0.45843562 0.72005620
1779396295.05358267 -2.90261700 2.27515281 -0.16001906 0.43757232 0.27908331 -0.45871467 0.72126543
1779396295.06391120 -2.90710353 2.26881154 -0.17288671 0.43567538 0.27840471 -0.45875837 0.72264689
1779396295.07425880 -2.90781700 2.26762315 -0.16990005 0.43415939 0.27924807 -0.45991351 0.72249962
1779396295.08456969 -2.90789417 2.26798498 -0.14797412 0.43322662 0.28216729 -0.46148628 0.72092075
1779396295.09487224 -2.90586766 2.27019155 -0.14046873 0.43290908 0.28309768 -0.46250358 0.72009435
1779396295.09505153 -2.90569910 2.27052554 -0.13494360 0.43250168 0.28383567 -0.46303426 0.71970750
1779396295.10523319 -2.90213800 2.27463567 -0.13231256 0.43218336 0.28405250 -0.46420705 0.71905739
1779396295.11553693 -2.88788112 2.29242618 -0.09696125 0.43328148 0.28708098 -0.46767182 0.71493688
1779396295.12588406 -2.88621303 2.29419187 -0.08512947 0.43232395 0.28867188 -0.46919718 0.71387573
1779396295.13621020 -2.88437856 2.29593985 -0.08281641 0.43169927 0.28902565 -0.47018914 0.71345783
1779396295.14654779 -2.88017376 2.30102101 -0.07231994 0.43106780 0.29019329 -0.47201191 0.71216091
1779396295.15685391 -2.87208707 2.31057435 -0.05963910 0.43059723 0.29127119 -0.47449867 0.71035071
1779396295.16716027 -2.87840934 2.30301384 -0.07862321 0.42854624 0.28994683 -0.47426330 0.71228736
1779396295.17751670 -2.88157274 2.29934986 -0.09500544 0.42577631 0.28879106 -0.47523682 0.71376762
1779396295.18786144 -2.87337926 2.30930509 -0.07971614 0.42546559 0.29012390 -0.47774153 0.71173744
1779396295.19819260 -2.86637260 2.31744542 -0.04915267 0.42522810 0.29335760 -0.48033024 0.70880551
1779396295.20855570 -2.85602206 2.32948153 -0.03170924 0.42623373 0.29459890 -0.48237828 0.70629136
1779396295.21885800 -2.82932782 2.36105019 -0.02169403 0.42872371 0.29347631 -0.48652052 0.70239976
1779396295.22917962 -2.81623906 2.37567261 0.00274115 0.42936470 0.29541439 -0.48946341 0.69914367
1779396295.23954916 -2.80309119 2.38962691 0.03510353 0.42933605 0.29836596 -0.49290740 0.69547868
1779396295.24995947 -2.79394367 2.39932053 0.05341517 0.42937325 0.29993443 -0.49518057 0.69316243
1779396295.26029754 -2.78369216 2.41024168 0.07306989 0.42851689 0.30172239 -0.49825954 0.69070566
1779396295.27065921 -2.77804704 2.41569772 0.09067712 0.42691963 0.30373016 -0.50083804 0.68894766
1779396295.28099012 -2.76958810 2.42469986 0.10402497 0.42612757 0.30486174 -0.50330824 0.68713567
1779396295.28116870 -2.76852976 2.42554062 0.10896791 0.42579618 0.30544718 -0.50383885 0.68669210
1779396295.29134083 -2.76116569 2.43276282 0.12442203 0.42451611 0.30697953 -0.50635516 0.68494824
1779396295.30167913 -2.75338436 2.44001331 0.14419963 0.42298801 0.30908030 -0.50921534 0.68282519
1779396295.31201959 -2.74126510 2.45184847 0.16600072 0.42131243 0.31110769 -0.51290082 0.68017688
1779396295.32233667 -2.73201054 2.46050558 0.18567747 0.42066043 0.31293589 -0.51536062 0.67787858
1779396295.33266830 -2.72030062 2.47100563 0.21173600 0.41956478 0.31547336 -0.51860678 0.67489922
1779396295.34294033 -2.70718442 2.48400574 0.22861282 0.41672333 0.31703715 -0.52287708 0.67262817
1779396295.35322690 -2.69790183 2.49251838 0.24646108 0.41556714 0.31876972 -0.52548841 0.67048620
1779396295.36360049 -2.68483495 2.50463772 0.26904399 0.41445847 0.32084691 -0.52881220 0.66756205
1779396295.37393880 -2.67238091 2.51602245 0.29112348 0.41305120 0.32297068 -0.53213678 0.66476243
1779396295.38423800 -2.65830481 2.52862606 0.31542786 0.41232564 0.32517542 -0.53533754 0.66156045
1779396295.39455390 -2.64535919 2.54005056 0.33505971 0.41215782 0.32678928 -0.53790027 0.65878525
1779396295.40491462 -2.63014486 2.55391480 0.35531604 0.41228415 0.32831822 -0.54076581 0.65559230
1779396295.41523147 -2.61492673 2.56685305 0.38008977 0.41153975 0.33054215 -0.54400611 0.65225323
1779396295.42554760 -2.60286403 2.57794890 0.39312442 0.41090174 0.33149233 -0.54655566 0.65003808
1779396295.42577028 -2.59778060 2.58227203 0.39936447 0.41085743 0.33194947 -0.54746983 0.64906279
1779396295.43588424 -2.58806839 2.59036619 0.41457952 0.41056087 0.33330224 -0.54943315 0.64689458
1779396295.44621944 -2.57271758 2.60342410 0.43447516 0.41004354 0.33490070 -0.55244680 0.64382323
1779396295.45657372 -2.55706438 2.61268403 0.47222185 0.41103227 0.33845462 -0.55461913 0.63945177
1779396295.46698022 -2.54925469 2.62348294 0.46282962 0.40864534 0.33720753 -0.55735172 0.63926452
1779396295.47732830 -2.54093557 2.62983257 0.47854280 0.40867952 0.33865868 -0.55893187 0.63709223
1779396295.48766017 -2.52908461 2.63863086 0.49738701 0.40754225 0.34045383 -0.56155037 0.63455629
1779396295.49794698 -2.51561572 2.64948363 0.51226656 0.40616413 0.34168276 -0.56451671 0.63214276
1779396295.50821328 -2.50790851 2.65572438 0.52190111 0.40517191 0.34256896 -0.56635524 0.63065361
1779396295.51850581 -2.49766141 2.66437549 0.53186801 0.40342382 0.34345448 -0.56901382 0.62889707
1779396295.52882218 -2.48738040 2.67280849 0.54273645 0.40185105 0.34442310 -0.57156184 0.62706103
1779396295.53919435 -2.47768039 2.68043997 0.55291097 0.40065669 0.34527609 -0.57374669 0.62535860
1779396295.54958582 -2.46553121 2.68945337 0.56785265 0.39925715 0.34661642 -0.57641198 0.62305699
1779396295.55988288 -2.45075681 2.70139593 0.57993996 0.39809167 0.34738868 -0.57937654 0.62061820
1779396295.57018375 -2.43922805 2.70983170 0.59333756 0.39692669 0.34855574 -0.58181798 0.61842214
1779396295.58051586 -2.42867905 2.71806136 0.60239408 0.39556484 0.34926491 -0.58414695 0.61669670
1779396295.59079003 -2.41546683 2.72781693 0.61551008 0.39461450 0.35026782 -0.58669127 0.61431685
1779396295.60107970 -2.40137487 2.73890747 0.62546202 0.39395268 0.35077702 -0.58924214 0.61200528
1779396295.61142707 -2.39254535 2.74501731 0.63560460 0.39333376 0.35164153 -0.59091513 0.61029181
1779396295.62174940 -2.37956986 2.75413288 0.64922067 0.39256027 0.35271901 -0.59327942 0.60786945
1779396295.63205075 -2.36825206 2.76214305 0.66085052 0.39162244 0.35368924 -0.59549273 0.60574268
1779396295.64231348 -2.36215029 2.76614291 0.67143717 0.39077672 0.35482490 -0.59693337 0.60420476
1779396295.65264177 -2.34784614 2.77679778 0.67983576 0.39083192 0.35505859 -0.59904646 0.60193616
1779396295.66296601 -2.34042326 2.77945685 0.69858394 -0.38983532 -0.35719275 0.60055029 -0.59981757
1779396295.67325473 -2.33376887 2.78345268 0.71008872 -0.38914130 -0.35840958 0.60193282 -0.59815425
1779396295.68355227 -2.32582194 2.78931537 0.71656151 -0.38839363 -0.35892606 0.60351460 -0.59673495
1779396295.69387937 -2.31437182 2.79706414 0.72794941 -0.38793145 -0.35982363 0.60543849 -0.59454216
1779396295.70417881 -2.30612611 2.79977763 0.74768102 -0.38746976 -0.36196658 0.60673258 -0.59221867
1779396295.71447754 -2.29843868 2.80456695 0.75674318 -0.38693082 -0.36279013 0.60810423 -0.59065820
1779396295.72481084 -2.29196118 2.80858376 0.76679431 -0.38603221 -0.36388160 0.60953645 -0.58909645
1779396295.73514342 -2.28240242 2.81467611 0.77818637 -0.38539265 -0.36491541 0.61122529 -0.58712255
1779396295.74545336 -2.26530081 2.82398861 0.79728313 -0.38490126 -0.36648039 0.61365872 -0.58392305
1779396295.75577402 -2.25471114 2.82984125 0.80950360 -0.38483072 -0.36744691 0.61509869 -0.58184336
1779396295.76615739 -2.24755700 2.83180866 0.82706424 -0.38319023 -0.36958934 0.61668298 -0.57988884
1779396295.77652478 -2.32363099 2.80532356 0.72722113 -0.37589553 -0.36232604 0.61243888 -0.59358320
1779396295.78682709 -2.23908246 2.84570404 0.81691190 -0.37983114 -0.36838834 0.62018821 -0.57912427
1779396295.79717302 -2.21800335 2.84701557 0.86708101 -0.38066776 -0.37343070 0.62158707 -0.57382148
1779396295.80754662 -2.20955009 2.85129688 0.87925738 -0.37916920 -0.37477123 0.62334567 -0.57202921
1779396295.81789351 -2.20807588 2.85751451 0.87037127 -0.37792402 -0.37371567 0.62469081 -0.57207641
1779396295.82824278 -2.21132701 2.85665507 0.87070404 -0.37601408 -0.37424573 0.62531563 -0.57230578
1779396295.82842708 -2.21009613 2.85718370 0.87344029 -0.37578122 -0.37455404 0.62559460 -0.57195205
1779396295.83858943 -2.19638167 2.86480544 0.88543187 -0.37574433 -0.37531140 0.62732398 -0.56958070
1779396295.84891915 -2.19126477 2.86407338 0.90479649 -0.37430068 -0.37774252 0.62837248 -0.56776545
1779396295.85923505 -2.18345396 2.86645562 0.92086325 -0.37295534 -0.37959177 0.62980969 -0.56582167
1779396295.86952257 -2.18020266 2.86894693 0.92515202 -0.37228208 -0.38005026 0.63062760 -0.56504573
1779396295.87984180 -2.18364598 2.86669673 0.92961391 -0.37045210 -0.38109577 0.63115692 -0.56495327
1779396295.89013910 -2.17665247 2.87058836 0.93955401 -0.36942440 -0.38214721 0.63250743 -0.56340348
1779396295.90043330 -2.17191908 2.87202172 0.94960846 -0.36860609 -0.38330286 0.63338644 -0.56216553
1779396295.90063834 -2.17037709 2.87236518 0.95321492 -0.36823543 -0.38374432 0.63370119 -0.56175240
1779396295.91077900 -2.16642465 2.87320652 0.96342408 -0.36728953 -0.38498927 0.63451759 -0.56059708
1779396295.92104125 -2.16074070 2.87514003 0.97516078 -0.36606828 -0.38638051 0.63568588 -0.55911321
1779396295.93139362 -2.15815246 2.87618067 0.98183068 -0.36521126 -0.38722213 0.63640128 -0.55827697
1779396295.94172668 -2.15346695 2.87860661 0.99030494 -0.36387749 -0.38825486 0.63757512 -0.55709003
1779396295.95211315 -2.15082058 2.87833595 1.00209429 -0.36248451 -0.38982947 0.63841401 -0.55593661
1779396295.96244049 -2.14632298 2.87948344 1.01339642 -0.36110107 -0.39125008 0.63947637 -0.55461640
1779396295.97278714 -2.14379531 2.87948787 1.02261327 -0.35998377 -0.39245837 0.64017540 -0.55368184
1779396295.97298360 -2.14218871 2.87991374 1.02598357 -0.35955799 -0.39287493 0.64050587 -0.55328073
1779396295.98313498 -2.14022023 2.88093292 1.03126756 -0.35867030 -0.39355850 0.64117538 -0.55259520
1779396295.99345255 -2.13468831 2.88326222 1.04182629 -0.35792925 -0.39469652 0.64214953 -0.55113092
1779396296.00376892 -2.13028026 2.88515815 1.05110000 -0.35655302 -0.39583449 0.64325106 -0.54992098
1779396296.01406145 -2.12650355 2.88654765 1.05928802 -0.35591927 -0.39673814 0.64395146 -0.54885958
1779396296.02435708 -2.12247312 2.88876051 1.06710782 -0.35465207 -0.39767612 0.64501265 -0.54775387
1779396296.03469586 -2.11866529 2.89065942 1.07549670 -0.35334175 -0.39869558 0.64604329 -0.54664386
1779396296.04500222 -2.11486958 2.89278170 1.08176413 -0.35260163 -0.39935225 0.64686022 -0.54567548
1779396296.04518938 -2.11442318 2.89298005 1.08365247 -0.35235276 -0.39958697 0.64704187 -0.54544898
1779396296.05531311 -2.11141651 2.89652693 1.08468948 -0.35220164 -0.39952285 0.64769593 -0.54481693
1779396296.06565213 -2.10874486 2.89725956 1.09408021 -0.35055520 -0.40076290 0.64868754 -0.54378730
1779396296.07594442 -2.10514438 2.89959422 1.10108126 -0.34946810 -0.40154562 0.64965654 -0.54275183
1779396296.08624005 -2.10139665 2.90311490 1.10348030 -0.34947858 -0.40157490 0.65029901 -0.54195342
1779396296.09657359 -2.09727859 2.90657538 1.10841078 -0.34835346 -0.40207811 0.65141601 -0.54096234
1779396296.10686159 -2.09313611 2.91069681 1.11176709 -0.34802571 -0.40222880 0.65230923 -0.53998405
1779396296.11721659 -2.09027542 2.91330776 1.11514159 -0.34758208 -0.40250083 0.65297684 -0.53925970
1779396296.11744761 -2.08833472 2.91534257 1.11503235 -0.34744904 -0.40239482 0.65334236 -0.53898177
1779396296.12756395 -2.08593496 2.91709803 1.11980263 -0.34674733 -0.40289417 0.65402069 -0.53823741
1779396296.13796067 -2.07944535 2.92150958 1.12653239 -0.34601976 -0.40343808 0.65519082 -0.53687339
1779396296.14827609 -2.07664684 2.92400645 1.13123771 -0.34484250 -0.40399299 0.65612706 -0.53606958
1779396296.15862942 -2.07055428 2.92866448 1.13516857 -0.34454464 -0.40415463 0.65710644 -0.53493846
1779396296.16894937 -2.06626029 2.93186131 1.14074937 -0.34417781 -0.40461128 0.65791150 -0.53383875
1779396296.17928147 -2.06222672 2.93495026 1.14588115 -0.34337106 -0.40509786 0.65884656 -0.53283511
1779396296.18957233 -2.06092453 2.93442977 1.15523169 -0.34193237 -0.40637375 0.65950761 -0.53197025
1779396296.19987202 -2.05450959 2.93933823 1.15860618 -0.34180560 -0.40642414 0.66046174 -0.53082826
1779396296.21020103 -2.05226652 2.93881120 1.16927553 -0.34068243 -0.40778660 0.66104434 -0.52977915
1779396296.22054172 -2.04002028 2.94725810 1.17531516 -0.34076796 -0.40785110 0.66259328 -0.52773556
1779396296.23089814 -2.03625556 2.94912114 1.18124414 -0.34045296 -0.40841218 0.66317773 -0.52676994
1779396296.24123740 -2.03233992 2.95074721 1.18918261 -0.33950084 -0.40930464 0.66400282 -0.52565116
1779396296.25152779 -2.02999670 2.95144961 1.19712946 -0.33822336 -0.41032105 0.66476108 -0.52472308
1779396296.26187539 -2.02329823 2.95497196 1.20365883 -0.33818104 -0.41077509 0.66554402 -0.52340096
1779396296.27219296 -2.01670406 2.95738670 1.21430052 -0.33710515 -0.41191499 0.66660344 -0.52184865
1779396296.28250456 -2.00986710 2.96104543 1.22182442 -0.33645534 -0.41257606 0.66765317 -0.52040181
1779396296.29279542 -1.99386946 2.97809225 1.21322230 -0.33751516 -0.41035610 0.66985769 -0.51863480
1779396296.30314445 -1.98673490 2.98530410 1.21217943 -0.33749465 -0.40978407 0.67101276 -0.51760627
1779396296.31366158 -1.97413307 2.99702317 1.20992038 -0.33759131 -0.40876179 0.67284351 -0.51597241
1779396296.32400656 -1.96072797 3.00376989 1.21913803 -0.33756963 -0.40924564 0.67427656 -0.51372743
1779396296.33429289 -1.97141013 2.98883646 1.24270582 -0.33631779 -0.41286508 0.67291857 -0.51343293
1779396296.34461641 -1.96719535 2.99325386 1.24318855 -0.33629811 -0.41262252 0.67366517 -0.51266116
1779396296.35495687 -1.94320707 3.01572007 1.23331920 -0.33743802 -0.40986722 0.67674207 -0.51006334
1779396296.36527324 -1.92080145 3.00480987 1.29184261 -0.33736261 -0.41641703 0.67695619 -0.50449345
1779396296.37556195 -1.94177419 2.99381337 1.29019515 -0.33550088 -0.41737961 0.67561625 -0.50673080
1779396296.37574935 -1.94362703 2.99169837 1.29297499 -0.33550230 -0.41779947 0.67536710 -0.50671599
1779396296.38592458 -1.94873666 2.99060530 1.29218245 -0.33440049 -0.41799728 0.67547910 -0.50713171
1779396296.39633369 -1.95457468 2.98765397 1.29533333 -0.33255228 -0.41884785 0.67565198 -0.50741488
1779396296.40663528 -1.97632663 2.97937803 1.28868788 -0.32971342 -0.41925367 0.67487906 -0.50995458
1779396296.41700816 -1.96460795 2.98532472 1.29555048 -0.33021104 -0.41942764 0.67594753 -0.50807093
1779396296.42741299 -1.90944661 3.01736477 1.30523847 -0.33605816 -0.41706111 0.67992096 -0.50083175
1779396296.43773079 -1.93596347 2.99972378 1.31292091 -0.33287456 -0.41959170 0.67815253 -0.50323600
1779396296.44807339 -1.93668137 2.99920826 1.31753425 -0.33228612 -0.42015999 0.67840849 -0.50280557
1779396296.45842409 -1.93442592 3.00248865 1.31731125 -0.33212757 -0.41992377 0.67899386 -0.50231727
1779396296.46871758 -1.93083561 3.00687927 1.31753513 -0.33208968 -0.41961427 0.67975661 -0.50156880
1779396296.47903633 -1.95971147 2.99478062 1.30936388 -0.32787625 -0.42040100 0.67871255 -0.50508359
1779396296.48933291 -1.94152243 3.00035653 1.32591027 -0.32948159 -0.42130963 0.67974645 -0.50188130
1779396296.49961042 -1.96979540 2.99165043 1.31072267 -0.32600558 -0.42101547 0.67879000 -0.50567824
1779396296.50991297 -1.94074666 3.00248281 1.33029741 -0.32963504 -0.42152622 0.68019107 -0.50099551
1779396296.52021050 -1.89128134 3.04078150 1.31800858 -0.33438102 -0.41675900 0.68482899 -0.49549019
1779396296.53046107 -1.92524152 3.01730774 1.32837203 -0.33079178 -0.42002549 0.68226635 -0.49866623
1779396296.54072881 -1.93176274 3.01255999 1.33348027 -0.33112502 -0.42075313 0.68155841 -0.49879971
1779396296.55105495 -1.93079403 3.01460542 1.33494463 -0.33116651 -0.42069954 0.68194561 -0.49828789
1779396296.56139565 -1.93222555 3.01631699 1.33275261 -0.33088178 -0.42039287 0.68225708 -0.49830951
1779396296.57170749 -1.93094195 3.01569230 1.33953180 -0.33159355 -0.42094885 0.68218031 -0.49747141
1779396296.58202481 -1.93962525 3.00590157 1.35195851 -0.33114580 -0.42289561 0.68113382 -0.49755248
1779396296.59245014 -1.94366004 3.00564194 1.35087080 -0.33145968 -0.42270416 0.68098867 -0.49770484
1779396296.60279155 -1.94378659 3.00622077 1.35256130 -0.33180837 -0.42274406 0.68104129 -0.49736648
1779396296.61319923 -1.94610392 3.00490803 1.35619114 -0.33177123 -0.42316842 0.68096585 -0.49713363
1779396296.62359500 -1.95455334 3.00031884 1.35753487 -0.33125047 -0.42366971 0.68046819 -0.49773502
1779396296.63399339 -1.95805549 2.99900985 1.35836469 -0.33103826 -0.42384046 0.68038226 -0.49784829
1779396296.63422489 -1.95866770 2.99895208 1.35856726 -0.33125544 -0.42381675 0.68031513 -0.49781575
1779396296.64433193 -1.96229820 2.99825487 1.35766790 -0.33114132 -0.42377546 0.68023416 -0.49803742
1779396296.65464711 -1.96511771 2.99989969 1.35384705 -0.33145386 -0.42321970 0.68032587 -0.49817680
1779396296.66491818 -1.96718304 3.00095056 1.35175518 -0.33135173 -0.42296683 0.68049997 -0.49822172
1779396296.67522550 -1.97136270 2.99909475 1.35228338 -0.33032771 -0.42330964 0.68059156 -0.49848540
1779396296.68552160 -1.97720213 2.99862181 1.34794811 -0.33056409 -0.42286232 0.68035320 -0.49903343
1779396296.69572139 -1.97806283 3.00088449 1.34522441 -0.33146373 -0.42227435 0.68041324 -0.49885267
1779396296.70599675 -1.98390758 2.99958732 1.34184912 -0.33084950 -0.42211421 0.68034643 -0.49948667
1779396296.71627355 -1.99468449 2.99496721 1.33909995 -0.33025715 -0.42223505 0.67979327 -0.50052861
1779396296.72655773 -2.00113833 2.99262858 1.33749879 -0.33036618 -0.42220603 0.67941889 -0.50098925
1779396296.73683786 -2.00530345 2.99361420 1.33119522 -0.33065103 -0.42149933 0.67934257 -0.50149964
1779396296.73703408 -2.00729604 2.99337620 1.32957127 -0.33067625 -0.42135395 0.67926065 -0.50171609
1779396296.74712968 -2.01026340 2.99114109 1.33201758 -0.33057069 -0.42176158 0.67908080 -0.50168661
1779396296.75741625 -2.01674303 2.98684864 1.33402157 -0.33129365 -0.42212913 0.67834608 -0.50189453
1779396296.76766539 -2.02888215 2.98053294 1.33245397 -0.33152595 -0.42240275 0.67729214 -0.50293321
1779396296.77797794 -2.02954357 2.98008620 1.33376740 -0.33209435 -0.42250654 0.67714190 -0.50267327
1779396296.78824782 -2.03479045 2.97862373 1.33133316 -0.33366502 -0.42220044 0.67642243 -0.50285897
1779396296.79856277 -2.03655104 2.97751867 1.33220045 -0.33389552 -0.42236744 0.67623597 -0.50281651
1779396296.80881286 -2.04202868 2.97421227 1.33396639 -0.33483140 -0.42272892 0.67556445 -0.50279307
1779396296.81911016 -2.04514622 2.97215443 1.33554538 -0.33547376 -0.42303400 0.67517700 -0.50262870
1779396296.82938385 -2.04850069 2.96912079 1.33950613 -0.33625438 -0.42361085 0.67463867 -0.50234401
1779396296.83976364 -2.05888736 2.96139372 1.34272772 -0.33659903 -0.42452273 0.67346529 -0.50291754
1779396296.85007739 -2.05996091 2.96146517 1.34273164 -0.33738704 -0.42449749 0.67326571 -0.50267797
1779396296.86036634 -2.06445810 2.96011273 1.34130141 -0.33852309 -0.42441496 0.67269319 -0.50275036
1779396296.87062740 -2.07146401 2.95587215 1.34186066 -0.33921402 -0.42477597 0.67190813 -0.50302951
1779396296.88096952 -2.07346072 2.95767344 1.33673234 -0.34022858 -0.42411322 0.67173524 -0.50313444
1779396296.89127517 -2.08188656 2.95217764 1.33791480 -0.34062189 -0.42467490 0.67086001 -0.50356211
1779396296.90159130 -2.08598245 2.95302748 1.33241326 -0.34166304 -0.42408555 0.67052188 -0.50380375
1779396296.91190910 -2.09131340 2.95341701 1.32584069 -0.34291217 -0.42337657 0.67002582 -0.50421119
1779396296.92218423 -2.09755825 2.95212591 1.32079003 -0.34332902 -0.42300912 0.66959514 -0.50480770
1779396296.93251753 -2.10379296 2.95135932 1.31520807 -0.34384997 -0.42257774 0.66919556 -0.50534400
1779396296.94279408 -2.11150761 2.95025577 1.30767148 -0.34460459 -0.42193478 0.66863247 -0.50611198
1779396296.95306754 -2.11434256 2.95174775 1.30154421 -0.34535043 -0.42122244 0.66848917 -0.50638618
1779396296.96338534 -2.11974168 2.95259617 1.29337632 -0.34588533 -0.42042317 0.66827648 -0.50696572
1779396296.97370100 -2.12849089 2.95200003 1.28264791 -0.34636540 -0.41947389 0.66779989 -0.50805115
1779396296.98439813 -2.13701002 2.95154156 1.27178936 -0.34687834 -0.41849310 0.66734283 -0.50910950
1779396296.99474716 -2.14481838 2.95024035 1.26303892 -0.34693110 -0.41780254 0.66697615 -0.51012024
1779396297.00514245 -2.15187941 2.94991043 1.25345316 -0.34763150 -0.41691322 0.66653600 -0.51094567
1779396297.01549363 -2.16066157 2.94882175 1.24243955 -0.34736131 -0.41606727 0.66630650 -0.51211697
1779396297.02574921 -2.16744018 2.94806585 1.23385868 -0.34855011 -0.41523626 0.66566908 -0.51281220
1779396297.03604960 -2.17284504 2.94791397 1.22567111 -0.34845448 -0.41455483 0.66557401 -0.51355136
1779396297.04636645 -2.17917867 2.94827126 1.21489176 -0.34978254 -0.41342427 0.66501150 -0.51428810
1779396297.05670071 -2.18545932 2.94792566 1.20573186 -0.35028583 -0.41262238 0.66467072 -0.51502955
1779396297.06704903 -2.19041204 2.94705125 1.19931954 -0.35104971 -0.41204945 0.66422433 -0.51554378
1779396297.07735515 -2.19647089 2.94741443 1.18832273 -0.35146229 -0.41103818 0.66399041 -0.51637061
1779396297.08778548 -2.20336293 2.94720565 1.17670252 -0.35228867 -0.40995424 0.66352633 -0.51726494
1779396297.09813690 -2.21000364 2.94604104 1.16763977 -0.35190795 -0.40934892 0.66342635 -0.51813099
1779396297.10848451 -2.21743590 2.94376174 1.15944654 -0.35315006 -0.40865557 0.66253983 -0.51896690
1779396297.11876965 -2.22015889 2.94491358 1.15106491 -0.35369005 -0.40783652 0.66250835 -0.51928355
1779396297.12913370 -2.22826039 2.94266653 1.14120764 -0.35437727 -0.40712023 0.66183317 -0.52023718
1779396297.13942790 -2.22866480 2.94465545 1.13505371 -0.35552665 -0.40635589 0.66170025 -0.52021963
1779396297.13959002 -2.23125281 2.94375516 1.13212096 -0.35577460 -0.40614388 0.66144839 -0.52053589
1779396297.14972854 -2.23848659 2.94133889 1.12380276 -0.35598554 -0.40561530 0.66093895 -0.52145012
1779396297.15998530 -2.24185829 2.94091320 1.11726837 -0.35711154 -0.40504364 0.66049219 -0.52169058
1779396297.17025161 -2.25232485 2.93577418 1.10877374 -0.35757247 -0.40469647 0.65952976 -0.52286059
1779396297.18061590 -2.25513427 2.93554827 1.10249716 -0.35834223 -0.40414610 0.65922298 -0.52314609
1779396297.19098806 -2.26488928 2.93060069 1.09464048 -0.35914771 -0.40380673 0.65816407 -0.52418804
1779396297.20126510 -2.27411182 2.92506228 1.08820420 -0.36004095 -0.40362847 0.65706873 -0.52508595
1779396297.21160007 -2.28109004 2.92173829 1.08119470 -0.36042839 -0.40326451 0.65640777 -0.52592580
1779396297.21178317 -2.28183470 2.92124825 1.08044580 -0.36084805 -0.40321669 0.65620844 -0.52592345
1779396297.22194672 -2.28795513 2.91912682 1.07131054 -0.36181524 -0.40247978 0.65549108 -0.52671739
1779396297.23233104 -2.29820718 2.91341735 1.06244135 -0.36213177 -0.40213838 0.65453520 -0.52794789
1779396297.24264193 -2.30052468 2.91406121 1.05332243 -0.36326099 -0.40118766 0.65418936 -0.52832395
1779396297.25299168 -2.31171677 2.90765986 1.04335890 -0.36427731 -0.40067013 0.65285351 -0.52966762
1779396297.26334667 -2.32394085 2.90217132 1.02992481 -0.36426990 -0.39986351 0.65190200 -0.53145122
1779396297.27368784 -2.31613107 2.90928591 1.02003152 -0.36735121 -0.39816696 0.65195371 -0.53053985
1779396297.28402972 -2.35117964 2.88731651 1.00103104 -0.36507716 -0.39826547 0.64935340 -0.53520412
1779396297.29439783 -2.34859040 2.88797767 0.99996683 -0.36711807 -0.39795566 0.64888489 -0.53460641
1779396297.30470800 -2.36602932 2.87868424 0.98208636 -0.36716333 -0.39697575 0.64736437 -0.53714124
1779396297.31503797 -2.36288457 2.87896570 0.98114887 -0.36957973 -0.39669093 0.64678789 -0.53638844
1779396297.32531857 -2.38485289 2.86719478 0.96146032 -0.36875633 -0.39579490 0.64509356 -0.53964754
1779396297.33561754 -2.38374798 2.86640745 0.95905691 -0.37140079 -0.39543928 0.64420155 -0.53916008
1779396297.34596658 -2.40933341 2.85278932 0.93376760 -0.37075895 -0.39415783 0.64210283 -0.54302980
1779396297.35629630 -2.43494690 2.84460938 0.89160776 -0.37076195 -0.39074940 0.64014818 -0.54777805
1779396297.36660361 -2.43756375 2.84752597 0.87176305 -0.37199871 -0.38860622 0.63984466 -0.54881780
1779396297.37690210 -2.44521316 2.83962853 0.86998968 -0.37378559 -0.38900214 0.63814717 -0.54929943
1779396297.38725948 -2.42313514 2.85302249 0.87760558 -0.37960313 -0.38839350 0.63818533 -0.54568438
1779396297.39760542 -2.46071376 2.82216835 0.87274669 -0.37569714 -0.39074223 0.63523500 -0.55013513
1779396297.40791869 -2.49448295 2.80545167 0.83170645 -0.37496304 -0.38817350 0.63234486 -0.55575538
1779396297.41826010 -2.50380791 2.80874625 0.79115647 -0.37529869 -0.38413474 0.63202631 -0.55868966
1779396297.42856479 -2.50982065 2.80318647 0.78607396 -0.37714148 -0.38409896 0.63051455 -0.55918127
1779396297.43887305 -2.52514583 2.78950117 0.78293947 -0.37725313 -0.38493401 0.62852925 -0.56076454
1779396297.44920325 -2.53555771 2.78270950 0.76926026 -0.37757710 -0.38426770 0.62731624 -0.56235949
1779396297.45947552 -2.54370836 2.78144580 0.74290079 -0.37890417 -0.38184025 0.62624360 -0.56431251
1779396297.46969128 -2.54273863 2.78217228 0.73794782 -0.37975830 -0.38140326 0.62606028 -0.56423728
1779396297.48001385 -2.56131251 2.76470684 0.73455233 -0.37979001 -0.38253073 0.62362173 -0.56614992
1779396297.49028230 -2.56576152 2.76438498 0.71427676 -0.38051655 -0.38067784 0.62310578 -0.56747750
1779396297.50054002 -2.56459515 2.76601486 0.70673000 -0.38196857 -0.37985321 0.62272759 -0.56746973
1779396297.50073576 -2.58178128 2.75000013 0.70650820 -0.38054275 -0.38112252 0.62106583 -0.56939448
1779396297.51082635 -2.58524471 2.75008993 0.68911849 -0.38098012 -0.37948668 0.62075712 -0.57053010
1779396297.52108359 -2.58667821 2.74382468 0.69820921 -0.38223687 -0.38096600 0.61972304 -0.56982737
1779396297.53135276 -2.58382775 2.74466394 0.69824432 -0.38358759 -0.38094592 0.61943628 -0.56924464
1779396297.53155375 -2.58185867 2.74797125 0.69113981 -0.38386294 -0.38002015 0.61971988 -0.56936913
1779396297.54166150 -2.59268198 2.74118035 0.67405929 -0.38407685 -0.37889681 0.61850893 -0.57128704
1779396297.55192423 -2.63473571 2.70628159 0.65156347 -0.37967677 -0.37955039 0.61521845 -0.57731561
1779396297.56222296 -2.62820541 2.70983431 0.65270121 -0.38131057 -0.37949102 0.61531873 -0.57616983
1779396297.57258320 -2.62600264 2.71276204 0.64350126 -0.38208714 -0.37841055 0.61544112 -0.57623529
1779396297.58285093 -2.64307599 2.69846490 0.62956433 -0.38096949 -0.37822880 0.61385483 -0.57878101
1779396297.59323740 -2.64873533 2.69869079 0.60003332 -0.38097367 -0.37532945 0.61364691 -0.58088238
1779396297.60360622 -2.64818983 2.69971063 0.59104609 -0.38129242 -0.37446633 0.61375741 -0.58111350
1779396297.61390734 -2.65282469 2.69473469 0.58748210 -0.38146729 -0.37453547 0.61310182 -0.58164598
1779396297.62425089 -2.65223514 2.69538421 0.57995906 -0.38175233 -0.37383299 0.61321740 -0.58178903
1779396297.63454008 -2.65364110 2.69630872 0.56261362 -0.38218866 -0.37207888 0.61314706 -0.58270046
1779396297.64481926 -2.65813114 2.69281894 0.55406153 -0.38178231 -0.37154835 0.61289113 -0.58357396
1779396297.65506816 -2.65870165 2.69313808 0.54216310 -0.38204797 -0.37039846 0.61292062 -0.58409986
1779396297.66533637 -2.65924800 2.69266861 0.53363814 -0.38184225 -0.36965757 0.61312419 -0.58448995
1779396297.67561507 -2.66556207 2.68713133 0.52473582 -0.38161758 -0.36920534 0.61249288 -0.58558340
1779396297.67577839 -2.66304275 2.68966085 0.52251218 -0.38162287 -0.36883147 0.61289875 -0.58539085
1779396297.68590140 -2.66749139 2.68499769 0.51796209 -0.38101530 -0.36878625 0.61265270 -0.58607228
1779396297.69615197 -2.67062076 2.68310551 0.50362669 -0.38094570 -0.36751055 0.61249555 -0.58708226
1779396297.70646429 -2.66798231 2.68507537 0.49810577 -0.38029784 -0.36693107 0.61332739 -0.58699630
1779396297.71675754 -2.67632295 2.67668215 0.49305106 -0.38003185 -0.36706573 0.61236119 -0.58809210
1779396297.72704101 -2.68041713 2.67262901 0.48558495 -0.37935344 -0.36669814 0.61226466 -0.58885943
1779396297.73736310 -2.68155151 2.67269311 0.47151790 -0.37923842 -0.36532369 0.61242238 -0.58962332
1779396297.74764705 -2.68149191 2.67168028 0.47046796 -0.37909294 -0.36537087 0.61255530 -0.58954956
1779396297.75795889 -2.68240857 2.67001234 0.46669155 -0.37948781 -0.36519691 0.61235454 -0.58961185
1779396297.76822734 -2.68276190 2.66894484 0.46265882 -0.37995684 -0.36494568 0.61218970 -0.58963651
1779396297.77853394 -2.68282940 2.66834631 0.46077220 -0.37994883 -0.36490846 0.61227918 -0.58957181
1779396297.77865243 -2.68260615 2.66879606 0.45747284 -0.38001726 -0.36456540 0.61234116 -0.58967555
1779396297.78882408 -2.68139685 2.66905747 0.45735358 -0.38025401 -0.36464050 0.61245306 -0.58936020
1779396297.79908609 -2.67820281 2.67151484 0.45504902 -0.38143263 -0.36435199 0.61243613 -0.58879433
1779396297.80933428 -2.67603147 2.67183496 0.45846036 -0.38186016 -0.36484678 0.61257001 -0.58807110
1779396297.81964779 -2.68069086 2.66636260 0.46007511 -0.38210650 -0.36554532 0.61181286 -0.58826548
1779396297.82992673 -2.67924755 2.66760634 0.45578883 -0.38235189 -0.36518758 0.61203648 -0.58809558
1779396297.84021235 -2.67568644 2.66993914 0.45766504 -0.38300217 -0.36541490 0.61227680 -0.58728052
1779396297.85049176 -2.67525991 2.66905148 0.46100238 -0.38338407 -0.36597463 0.61215504 -0.58680954
1779396297.86085582 -2.66999397 2.67312227 0.46266861 -0.38421026 -0.36605404 0.61253962 -0.58581749
1779396297.87114739 -2.67269095 2.66908352 0.46632289 -0.38424763 -0.36696254 0.61214817 -0.58563373
1779396297.88144016 -2.67354509 2.66741114 0.46716603 -0.38403466 -0.36739752 0.61218279 -0.58546450
1779396297.89179540 -2.66642887 2.67392897 0.46642187 -0.38476181 -0.36701008 0.61291339 -0.58446482
1779396297.90214229 -2.66699962 2.67145268 0.47346565 -0.38447750 -0.36814586 0.61293238 -0.58391744
1779396297.91248465 -2.66202798 2.67572333 0.47284375 -0.38478000 -0.36799891 0.61357578 -0.58313456
1779396297.92283344 -2.65223829 2.68404007 0.47504859 -0.38551576 -0.36779463 0.61462429 -0.58167146
1779396297.93317008 -2.65898420 2.67659482 0.47797900 -0.38462520 -0.36883813 0.61412339 -0.58212915
1779396297.94345856 -2.66012404 2.67454694 0.47978884 -0.38390970 -0.36941646 0.61436259 -0.58198233
1779396297.95374918 -2.65816848 2.67586426 0.48011691 -0.38348003 -0.36958436 0.61492587 -0.58156397
1779396297.96405530 -2.66080724 2.67228270 0.48256947 -0.38310572 -0.37026592 0.61475869 -0.58155387
1779396297.97436118 -2.65302136 2.67898930 0.48386568 -0.38342626 -0.37011537 0.61578725 -0.58034901
1779396297.98467350 -2.65925066 2.67030258 0.49402385 -0.38248552 -0.37204160 0.61528457 -0.58027129
1779396297.99503350 -2.64907003 2.68022781 0.49164330 -0.38287798 -0.37122807 0.61666379 -0.57906817
1779396297.99522376 -2.64407440 2.68453142 0.49326901 -0.38357598 -0.37110011 0.61701289 -0.57831589
1779396298.00539470 -2.64613408 2.68118147 0.49839209 -0.38316553 -0.37204562 0.61693103 -0.57806777
1779396298.01570535 -2.64789845 2.67936895 0.49577060 -0.38291277 -0.37209589 0.61694075 -0.57819250
1779396298.02599692 -2.64074928 2.68539168 0.49737804 -0.38240881 -0.37204435 0.61831036 -0.57709514
1779396298.03634000 -2.63670785 2.68930633 0.49398410 -0.38308949 -0.37150439 0.61866330 -0.57661308
1779396298.04664207 -2.64133981 2.68184671 0.50593926 -0.38193802 -0.37351721 0.61850869 -0.57624235
1779396298.05694675 -2.63968055 2.68397806 0.50024745 -0.38213673 -0.37293321 0.61885741 -0.57611444
1779396298.06727576 -2.64012498 2.68255465 0.50265107 -0.38152610 -0.37344358 0.61915283 -0.57587108
1779396298.06745505 -2.63868889 2.68354830 0.50377265 -0.38140533 -0.37354117 0.61943304 -0.57558638
1779396298.07756567 -2.63472230 2.68765654 0.49991845 -0.38178435 -0.37296373 0.61996165 -0.57514026
1779396298.08789325 -2.63107025 2.68864309 0.50851202 -0.38121538 -0.37400476 0.62077025 -0.57396827
1779396298.09820104 -2.63260362 2.68660749 0.50910112 -0.38132281 -0.37439622 0.62061984 -0.57380432
1779396298.10845089 -2.63314547 2.68713299 0.50278093 -0.38047086 -0.37388688 0.62118623 -0.57408901
1779396298.11868119 -2.62554202 2.68893530 0.52502943 -0.38142418 -0.37623761 0.62154699 -0.57152445
1779396298.12897158 -2.61526827 2.69579909 0.53528112 -0.38182954 -0.37700311 0.62277113 -0.56941284
1779396298.13927627 -2.61881077 2.69334947 0.53071893 -0.38098195 -0.37689487 0.62290718 -0.56990320
1779396298.14956808 -2.57963415 2.72960605 0.52903628 -0.38426850 -0.37416594 0.62690341 -0.56509264
1779396298.15982175 -2.61723127 2.69412305 0.53155607 -0.38002780 -0.37740034 0.62396451 -0.56904845
1779396298.17009187 -2.60408413 2.70372100 0.54251670 -0.38066868 -0.37805554 0.62546959 -0.56652727
1779396298.18036675 -2.59869366 2.70755577 0.54700167 -0.38119929 -0.37839216 0.62602082 -0.56533566
1779396298.19070530 -2.59946414 2.70662391 0.54838869 -0.38064864 -0.37885666 0.62638262 -0.56499474
1779396298.20107245 -2.59502271 2.71081256 0.54814531 -0.38074430 -0.37877835 0.62718207 -0.56409519
1779396298.21156001 -2.58805332 2.71577785 0.55461138 -0.38011383 -0.37930242 0.62849949 -0.56270022
1779396298.21175671 -2.58479921 2.71794138 0.55847981 -0.38022056 -0.37961400 0.62888208 -0.56199009
1779396298.22186136 -2.58330414 2.71833448 0.56224500 -0.38070591 -0.38011401 0.62894473 -0.56125295
1779396298.23215532 -2.57607324 2.72287258 0.57155734 -0.38026366 -0.38101938 0.63021608 -0.55951002
1779396298.24246216 -2.56758182 2.73073575 0.57096817 -0.38108878 -0.38051180 0.63116172 -0.55822665
1779396298.25284362 -2.56584564 2.72937468 0.58348827 -0.38013972 -0.38218870 0.63186750 -0.55692824
1779396298.26316428 -2.56645548 2.73101003 0.57528797 -0.37962908 -0.38148338 0.63246811 -0.55707834
1779396298.27347851 -2.55966172 2.73743031 0.57411993 -0.37884519 -0.38116109 0.63406115 -0.55602068
1779396298.28382540 -2.55280593 2.73964306 0.59174469 -0.37915568 -0.38297079 0.63468119 -0.55385389
1779396298.29412127 -2.54396252 2.74378460 0.60701441 -0.37946651 -0.38445010 0.63566431 -0.55148361
1779396298.30442047 -2.51971875 2.75965819 0.62938630 -0.37985951 -0.38578340 0.63848281 -0.54700788
1779396298.31474566 -2.51404080 2.76684640 0.62023083 -0.38112411 -0.38443626 0.63908825 -0.54636927
1779396298.32505155 -2.51305782 2.76486124 0.63367176 -0.37928227 -0.38625649 0.64007684 -0.54520869
1779396298.33539581 -2.50785310 2.76986635 0.63335102 -0.37827720 -0.38611600 0.64157257 -0.54424759
1779396298.34569979 -2.50354032 2.77285233 0.63734185 -0.37791729 -0.38652456 0.64255148 -0.54305145
1779396298.35594606 -2.49746033 2.77707007 0.64233249 -0.37758968 -0.38690119 0.64362361 -0.54173994
1779396298.36627150 -2.49125708 2.78226040 0.64390569 -0.37701636 -0.38691609 0.64499589 -0.54049507
1779396298.37663412 -2.48726154 2.78451926 0.64948282 -0.37603249 -0.38757513 0.64618501 -0.53928658
1779396298.38694453 -2.48018918 2.78927110 0.65514699 -0.37583692 -0.38796375 0.64730096 -0.53780313
1779396298.38714957 -2.47392697 2.79445460 0.65621208 -0.37641789 -0.38771401 0.64789440 -0.53686149
1779396298.39726663 -2.47591989 2.79363892 0.65315199 -0.37500388 -0.38768911 0.64863529 -0.53697440
1779396298.40756559 -2.46907743 2.79773263 0.66036281 -0.37421609 -0.38836647 0.65004818 -0.53532341
1779396298.41802716 -2.46341153 2.80188023 0.66412036 -0.37357277 -0.38868240 0.65132994 -0.53398380
1779396298.42838311 -2.45532381 2.80708239 0.67089039 -0.37292313 -0.38922125 0.65283574 -0.53220359
1779396298.43872762 -2.45459488 2.80817789 0.66970525 -0.37185834 -0.38923503 0.65371924 -0.53185395
1779396298.44905376 -2.44867070 2.81152557 0.67631857 -0.37079681 -0.38992157 0.65515327 -0.53032546
1779396298.45939541 -2.44225275 2.81603015 0.68058520 -0.36980140 -0.39027525 0.65667468 -0.52887666
1779396298.46979308 -2.43837134 2.81823680 0.68531514 -0.36832804 -0.39083358 0.65798148 -0.52786735
1779396298.48012757 -2.43380178 2.82107956 0.69019477 -0.36721088 -0.39138443 0.65931553 -0.52657140
1779396298.49042416 -2.44093432 2.81791806 0.67998956 -0.36674615 -0.39078252 0.65933701 -0.52731489
1779396298.50074553 -2.46566575 2.80544540 0.65396905 -0.37942465 -0.38853650 0.65137854 -0.52988897
1779396298.51109004 -2.41955720 2.83438876 0.68985041 -0.36349974 -0.39120315 0.66390351 -0.52350755
1779396298.52134323 -2.40823078 2.84103910 0.70209321 -0.36487483 -0.39209495 0.66464726 -0.52093371
1779396298.53167343 -2.39768299 2.84871067 0.70764767 -0.36625137 -0.39226543 0.66555404 -0.51867676
1779396298.54203582 -2.39459533 2.85046421 0.71136312 -0.35810300 -0.39322644 0.66977395 -0.51820658
1779396298.55236387 -2.38354709 2.85836024 0.71904899 -0.36162197 -0.39347343 0.66972792 -0.51562848
1779396298.56271887 -2.37276899 2.86594663 0.72505780 -0.35812670 -0.39399736 0.67277301 -0.51370012
1779396298.57304025 -2.35825718 2.87929669 0.72287433 -0.35958834 -0.39300962 0.67433712 -0.51137962
1779396298.58333158 -2.36992366 2.86934856 0.72847801 -0.35680792 -0.39470384 0.67429655 -0.51207533
1779396298.59364820 -2.36011475 2.87577127 0.73745396 -0.35476586 -0.39558858 0.67650765 -0.50989043
1779396298.60399437 -2.34777985 2.88459798 0.74408474 -0.35237532 -0.39609037 0.67917052 -0.50761349
1779396298.61433125 -2.35477434 2.88078230 0.74139642 -0.35204627 -0.39633304 0.67889137 -0.50802563
1779396298.62478948 -2.34709398 2.88902800 0.73805994 -0.35058090 -0.39579434 0.68090847 -0.50675787
1779396298.63508892 -2.33057162 2.90092148 0.74555168 -0.34781880 -0.39619759 0.68418604 -0.50392361
1779396298.64541006 -2.33151563 2.89983303 0.75157800 -0.34619796 -0.39731312 0.68497626 -0.50308724
1779396298.65576816 -2.33868259 2.89837451 0.74033805 -0.34627758 -0.39648364 0.68476452 -0.50397432
1779396298.66608596 -2.33004661 2.90775219 0.73543020 -0.34700965 -0.39558504 0.68596970 -0.50253591
1779396298.67637968 -2.31482088 2.91866046 0.74213892 -0.34251913 -0.39605870 0.68983796 -0.49994173
1779396298.68663931 -2.31152593 2.92211011 0.74157017 -0.34127571 -0.39603857 0.69105997 -0.49911969
1779396298.68681884 -2.32337561 2.91383275 0.74011562 -0.34014216 -0.39660068 0.69036838 -0.50040254
1779396298.69695497 -2.32053130 2.91808213 0.73599977 -0.34145570 -0.39603500 0.69052653 -0.49973733
1779396298.70724368 -2.32219679 2.91965393 0.72951584 -0.33909122 -0.39566147 0.69196325 -0.49965589
1779396298.71760082 -2.31300758 2.92945818 0.72318948 -0.33936533 -0.39458459 0.69346469 -0.49823780
1779396298.72796679 -2.30717405 2.93613744 0.71825304 -0.33899094 -0.39381997 0.69473436 -0.49732800
1779396298.73827744 -2.30559153 2.94043134 0.71044371 -0.33799604 -0.39303272 0.69597684 -0.49689053
1779396298.74861526 -2.30262088 2.94503196 0.70495432 -0.33667083 -0.39246773 0.69745134 -0.49616878
1779396298.75897622 -2.30832760 2.94285686 0.69931547 -0.33470835 -0.39234493 0.69810833 -0.49666943
1779396298.75915456 -2.30417066 2.94618661 0.69954609 -0.33451901 -0.39221505 0.69874832 -0.49599917
1779396298.76932478 -2.29296115 2.95564450 0.69822700 -0.33419618 -0.39163270 0.70045654 -0.49426448
1779396298.77966857 -2.28976114 2.96317791 0.68275770 -0.33771705 -0.38961069 0.70015718 -0.49389333
1779396298.78996825 -2.29319503 2.96147527 0.68235718 -0.33415983 -0.39012432 0.70171612 -0.49369496
1779396298.80025697 -2.29168468 2.96401546 0.67870930 -0.33465481 -0.38974478 0.70206381 -0.49316485
1779396298.81055880 -2.30942611 2.95477675 0.66365891 -0.33531866 -0.38909324 0.70065200 -0.49523189
1779396298.82092071 -2.29189844 2.97119014 0.65552313 -0.33322216 -0.38745549 0.70409317 -0.49304568
1779396298.83126926 -2.28854629 2.97034567 0.66937092 -0.33145141 -0.38931246 0.70516542 -0.49124079
1779396298.84157228 -2.31029620 2.96027082 0.64603518 -0.33371560 -0.38772561 0.70276094 -0.49439843
1779396298.85187268 -2.28451981 2.97848106 0.65405395 -0.33490594 -0.38749218 0.70517725 -0.49031915
1779396298.86217523 -2.27033476 2.99006735 0.65009164 -0.33632884 -0.38645220 0.70657469 -0.48814939
1779396298.87258840 -2.28719333 2.97862271 0.64802698 -0.33460275 -0.38735139 0.70579006 -0.48975534
1779396298.88293481 -2.29204379 2.97579238 0.64525253 -0.33325128 -0.38757670 0.70625359 -0.48983033
1779396298.89366508 -2.29525305 2.97539761 0.63819552 -0.33438786 -0.38707899 0.70593678 -0.48990598
1779396298.90416145 -2.28791999 2.98124358 0.63751350 -0.33535699 -0.38681260 0.70663513 -0.48844497
1779396298.91449475 -2.28973518 2.98035453 0.63669524 -0.33437908 -0.38701641 0.70713891 -0.48822484
1779396298.91466475 -2.29036901 2.98053697 0.63382976 -0.33417926 -0.38677385 0.70731406 -0.48830015
1779396298.92478919 -2.28896223 2.98177862 0.63338710 -0.33494169 -0.38679662 0.70737232 -0.48767493
1779396298.93507648 -2.28777633 2.98300624 0.63180878 -0.33580244 -0.38675593 0.70745705 -0.48699188
1779396298.94536853 -2.29159872 2.98064852 0.62944345 -0.33472145 -0.38694312 0.70787672 -0.48697753
1779396298.95573378 -2.29301005 2.97964415 0.62904809 -0.33532740 -0.38712333 0.70765551 -0.48673889
1779396298.96605825 -2.29711889 2.97615269 0.62977718 -0.33464373 -0.38769279 0.70775700 -0.48660857
1779396298.97635746 -2.28647106 2.98318083 0.63172647 -0.33500694 -0.38759823 0.70895388 -0.48468790
1779396298.98665142 -2.30350907 2.97118095 0.62797676 -0.33454799 -0.38825242 0.70759810 -0.48645927
1779396298.98683047 -2.30555300 2.97006167 0.62601271 -0.33481232 -0.38817682 0.70738826 -0.48664290
1779396298.99694610 -2.29723485 2.97700641 0.62158689 -0.33860512 -0.38724747 0.70689175 -0.48547918
1779396299.00724769 -2.30842128 2.96731330 0.62537435 -0.33536391 -0.38864011 0.70725815 -0.48608212
1779396299.01753712 -2.30497113 2.97091298 0.61929856 -0.33933288 -0.38784706 0.70627595 -0.48538865
1779396299.02788424 -2.30960956 2.96607478 0.62317646 -0.33735008 -0.38880717 0.70669983 -0.48538568
1779396299.03823328 -2.30001893 2.97241687 0.62455604 -0.33625938 -0.38871718 0.70843113 -0.48368783
1779396299.04854250 -2.32135107 2.95659657 0.62093915 -0.33546798 -0.38969526 0.70676579 -0.48588163
1779396299.05884218 -2.31365280 2.96342550 0.61600285 -0.34000708 -0.38873186 0.70590490 -0.48474839
1779396299.06913877 -2.31386602 2.96103969 0.62174420 -0.33589464 -0.38978146 0.70771510 -0.48413278
1779396299.07946038 -2.33134018 2.94863677 0.61569687 -0.33581381 -0.39023281 0.70620522 -0.48602636
1779396299.08976555 -2.32442403 2.95386630 0.61341560 -0.34021410 -0.38971419 0.70523948 -0.48478294
1779396299.10011292 -2.32675866 2.95010407 0.62029150 -0.33571208 -0.39095031 0.70696351 -0.48441496
1779396299.11047435 -2.34066586 2.94158400 0.60888430 -0.33666183 -0.39054094 0.70553461 -0.48616613
1779396299.12078595 -2.33847044 2.94117346 0.61495019 -0.33556525 -0.39140456 0.70626050 -0.48517476
1779396299.13113308 -2.33887909 2.93914448 0.61953724 -0.33482342 -0.39216656 0.70648537 -0.48474435
1779396299.13134050 -2.33767153 2.94057181 0.61726858 -0.33817536 -0.39181010 0.70520687 -0.48456737
1779396299.14147687 -2.33782422 2.94052345 0.61481145 -0.33876342 -0.39168498 0.70512077 -0.48438303
1779396299.15182638 -2.33985361 2.93687372 0.62136596 -0.33607139 -0.39285695 0.70606612 -0.48393189
1779396299.16210270 -2.34912753 2.93099108 0.61432391 -0.33547393 -0.39270223 0.70565252 -0.48507393
1779396299.17238975 -2.34496559 2.93297273 0.61773000 -0.33853962 -0.39304803 0.70476715 -0.48394983
1779396299.18278003 -2.34150539 2.93483864 0.61899921 -0.33566686 -0.39327063 0.70655419 -0.48316369
1779396299.19307637 -2.35497347 2.92521713 0.61274041 -0.33326125 -0.39354248 0.70647430 -0.48472190
1779396299.20343709 -2.37046171 2.91223670 0.61737108 -0.33938128 -0.39505330 0.70199754 -0.48574962
1779396299.21373701 -2.33564490 2.93707275 0.62039615 -0.33460189 -0.39382873 0.70792395 -0.48143971
1779396299.22402120 -2.35235347 2.92364107 0.62048195 -0.33242819 -0.39500649 0.70716870 -0.48308777
1779396299.23430753 -2.36141221 2.91804335 0.61133815 -0.33424613 -0.39467159 0.70570326 -0.48424866
1779396299.24466681 -2.35535199 2.92099718 0.61686147 -0.33416072 -0.39518036 0.70631124 -0.48300468
1779396299.25498748 -2.34644255 2.92624817 0.62032121 -0.33489788 -0.39538792 0.70690532 -0.48145267
1779396299.26529241 -2.36021476 2.91576293 0.61667704 -0.33443044 -0.39597934 0.70577501 -0.48294750
1779396299.27564955 -2.34969114 2.92316760 0.61695490 -0.33584567 -0.39562651 0.70631971 -0.48145594
1779396299.27583313 -2.36226658 2.91393048 0.61431793 -0.33544158 -0.39607634 0.70519360 -0.48301602
1779396299.28595948 -2.36248079 2.91316278 0.61496288 -0.33605134 -0.39636011 0.70491883 -0.48276039
1779396299.29627013 -2.36911901 2.90833419 0.60961222 -0.33635787 -0.39636434 0.70422932 -0.48354912
1779396299.30660510 -2.36546177 2.91074292 0.60850251 -0.33714429 -0.39627642 0.70433016 -0.48292624
1779396299.31697631 -2.36026592 2.91465507 0.60658890 -0.34028704 -0.39591822 0.70354290 -0.48216271
1779396299.32730961 -2.36754217 2.90833913 0.60544166 -0.33855692 -0.39645554 0.70356724 -0.48290304
1779396299.33761406 -2.37283934 2.90423628 0.60102944 -0.33767258 -0.39648745 0.70351965 -0.48356492
1779396299.34796572 -2.37768394 2.90059498 0.59634837 -0.33773296 -0.39644180 0.70308174 -0.48419667
1779396299.35830712 -2.38124711 2.89697297 0.59639278 -0.33713013 -0.39682738 0.70294617 -0.48449766
1779396299.36860609 -2.38125012 2.89739531 0.59041827 -0.33763049 -0.39634542 0.70288022 -0.48463942
1779396299.37889218 -2.38490831 2.89386366 0.58871231 -0.33734775 -0.39657207 0.70262845 -0.48501583
1779396299.38919854 -2.37614290 2.90105168 0.58354652 -0.34037902 -0.39560597 0.70236221 -0.48407166
1779396299.39949512 -2.38989770 2.88947205 0.58142170 -0.33741770 -0.39639658 0.70218418 -0.48575345
1779396299.40977049 -2.38787567 2.88980671 0.58180333 -0.33607569 -0.39656283 0.70296916 -0.48541263
1779396299.42005062 -2.39615610 2.88310906 0.57792432 -0.33628842 -0.39673485 0.70201651 -0.48650220
1779396299.42022848 -2.40067109 2.87992334 0.57470996 -0.33655336 -0.39666337 0.70146392 -0.48717387
1779396299.43037915 -2.39855759 2.88183625 0.57014624 -0.33760739 -0.39616975 0.70130974 -0.48706820
1779396299.44061375 -2.39562846 2.88202196 0.57455976 -0.33726478 -0.39676630 0.70159631 -0.48640682
1779396299.45088577 -2.40223203 2.87650498 0.56916241 -0.33616814 -0.39672977 0.70143465 -0.48742783
1779396299.46122646 -2.40795293 2.87193055 0.56451776 -0.33555698 -0.39667489 0.70116428 -0.48828188
1779396299.47152019 -2.40665557 2.87149979 0.56552873 -0.33536386 -0.39695609 0.70129030 -0.48800498
1779396299.48174024 -2.40870413 2.86872821 0.56343412 -0.33558824 -0.39708363 0.70088302 -0.48833199
1779396299.49208117 -2.41314089 2.86453135 0.56080043 -0.33505884 -0.39720576 0.70062773 -0.48896211
1779396299.50235319 -2.41240091 2.86364509 0.56083630 -0.33464962 -0.39742451 0.70080949 -0.48880410
1779396299.51279974 -2.41833236 2.85716284 0.56117919 -0.33455962 -0.39807656 0.70003205 -0.48944871
1779396299.52314711 -2.40969839 2.86232897 0.56084224 -0.33499840 -0.39783106 0.70068546 -0.48841213
1779396299.53342128 -2.42101429 2.85378148 0.55270613 -0.33533964 -0.39770644 0.69938649 -0.49013820
1779396299.54400992 -2.42132911 2.85169751 0.55267915 -0.33576623 -0.39801522 0.69899100 -0.49015968
1779396299.55430675 -2.42721606 2.84561728 0.54937330 -0.33580575 -0.39825475 0.69819918 -0.49106574
1779396299.56464911 -2.43387288 2.83910047 0.54500920 -0.33558028 -0.39839729 0.69749098 -0.49210955
1779396299.57494116 -2.43932975 2.83434677 0.53866255 -0.33515635 -0.39816334 0.69710523 -0.49313332
1779396299.58523464 -2.44375077 2.82866685 0.53737717 -0.33473628 -0.39855089 0.69662158 -0.49378861
1779396299.59548402 -2.45155023 2.82194270 0.52829710 -0.33525694 -0.39821821 0.69550361 -0.49527747
1779396299.60576200 -2.45522230 2.81832903 0.52222588 -0.33535829 -0.39792326 0.69502633 -0.49611521
1779396299.61601329 -2.46039152 2.81321243 0.51387556 -0.33536756 -0.39751154 0.69441582 -0.49729251
1779396299.62627077 -2.46317246 2.80923698 0.50930061 -0.33506860 -0.39741287 0.69412436 -0.49797934
1779396299.63654447 -2.47036988 2.80308343 0.50024085 -0.33499990 -0.39697333 0.69337590 -0.49941676
1779396299.64696670 -2.47871196 2.79464595 0.49305864 -0.33497767 -0.39690955 0.69231777 -0.50094797
1779396299.65742326 -2.47459848 2.79735702 0.48386492 -0.33771628 -0.39587886 0.69148904 -0.50106940
1779396299.66777015 -2.47985817 2.79197556 0.47477223 -0.33749819 -0.39539220 0.69093508 -0.50236311
1779396299.67812228 -2.48684674 2.78474941 0.46995334 -0.33655712 -0.39544846 0.69046223 -0.50359878
1779396299.68847251 -2.49675937 2.77449241 0.46354443 -0.33377644 -0.39553236 0.69048695 -0.50534663
1779396299.69872022 -2.49977420 2.77107046 0.45382176 -0.33423845 -0.39484978 0.68988627 -0.50639436
1779396299.70902419 -2.49596190 2.77410084 0.44460194 -0.33772678 -0.39381849 0.68867767 -0.50652807
1779396299.70927215 -2.49709750 2.77257817 0.44378399 -0.33733188 -0.39385534 0.68868494 -0.50675263
1779396299.71936226 -2.50868523 2.76095020 0.43999363 -0.33485423 -0.39428362 0.68833864 -0.50853023
1779396299.72963977 -2.51157666 2.75740719 0.42968929 -0.33356261 -0.39349545 0.68857605 -0.50966689
1779396299.73991799 -2.51192652 2.75719682 0.41360122 -0.33678339 -0.39197136 0.68705942 -0.51076879
1779396299.75025201 -2.51956860 2.74886131 0.40958120 -0.33403463 -0.39212384 0.68732302 -0.51210040
1779396299.76057172 -2.51994784 2.74684525 0.40207904 -0.33287846 -0.39153346 0.68771217 -0.51278208
1779396299.77098584 -2.51560685 2.75148881 0.38091170 -0.33906707 -0.38921466 0.68539741 -0.51359113
1779396299.78139734 -2.51755674 2.74763565 0.37519765 -0.33696273 -0.38892504 0.68601444 -0.51437108
1779396299.79170251 -2.52329648 2.74019551 0.37425102 -0.33306637 -0.38931643 0.68698347 -0.51531856
1779396299.80198336 -2.52234898 2.74038694 0.35923005 -0.33717235 -0.38791397 0.68506359 -0.51626102
1779396299.81229019 -2.52780973 2.73263284 0.35734530 -0.33398062 -0.38827197 0.68565190 -0.51728454
1779396299.82254410 -2.52471352 2.73507212 0.34486365 -0.33767018 -0.38696007 0.68421508 -0.51777453
1779396299.83289719 -2.53500617 2.72319903 0.33920383 -0.33429400 -0.38717849 0.68435382 -0.51961542
1779396299.84327197 -2.54147159 2.71574966 0.32710734 -0.33473905 -0.38651532 0.68318792 -0.52135395
1779396299.85367155 -2.54058184 2.71401409 0.32240368 -0.33484926 -0.38627553 0.68296631 -0.52175110
1779396299.86392331 -2.54143551 2.71185506 0.31530839 -0.33515152 -0.38576322 0.68257111 -0.52245276
1779396299.87421274 -2.54391122 2.70774849 0.30457852 -0.33484390 -0.38499538 0.68223384 -0.52365552
1779396299.88448858 -2.54944207 2.70132962 0.28952210 -0.33527059 -0.38394120 0.68120684 -0.52549027
1779396299.89477587 -2.55288694 2.69734825 0.27693695 -0.33494517 -0.38292697 0.68087495 -0.52686619
1779396299.90511394 -2.55541090 2.69368084 0.26172818 -0.33536822 -0.38168235 0.68021041 -0.52835646
1779396299.91543889 -2.55722282 2.69054483 0.24674760 -0.33598742 -0.38042655 0.67951566 -0.52976085
1779396299.92573953 -2.55897658 2.68791442 0.23447813 -0.33623995 -0.37938578 0.67906280 -0.53092639
1779396299.92591739 -2.55860184 2.68780230 0.23190924 -0.33631064 -0.37915508 0.67902261 -0.53109779
1779396299.93602848 -2.56057126 2.68491508 0.21971241 -0.33656980 -0.37814247 0.67854380 -0.53226625
1779396299.94636774 -2.56083142 2.68355002 0.20011178 -0.33732191 -0.37625787 0.67805338 -0.53374859
1779396299.95668030 -2.55936404 2.68312471 0.18589133 -0.33872962 -0.37494584 0.67732923 -0.53469895
1779396299.96696115 -2.55680317 2.68380277 0.17749633 -0.33887710 -0.37408361 0.67740452 -0.53511389
1779396299.97727990 -2.55796019 2.68068760 0.16220068 -0.33981516 -0.37278885 0.67655008 -0.53650174
1779396299.98755050 -2.55903534 2.67746657 0.14653099 -0.34009225 -0.37141473 0.67605761 -0.53789820
1779396299.99787498 -2.55945015 2.67466132 0.13009247 -0.34100137 -0.36994965 0.67530068 -0.53928129
1779396300.00817466 -2.55851639 2.67344939 0.11977076 -0.34177105 -0.36900404 0.67481000 -0.54005558
1779396300.01851606 -2.55663828 2.67214090 0.10833929 -0.34215317 -0.36794308 0.67455264 -0.54085842
1779396300.02879524 -2.55726979 2.66824555 0.09774833 -0.34240270 -0.36714616 0.67400601 -0.54192249
1779396300.03915238 -2.55595191 2.66680333 0.09098383 -0.34277658 -0.36658805 0.67370611 -0.54243663
1779396300.04947090 -2.55675384 2.66247545 0.08354096 -0.34288445 -0.36617400 0.67314317 -0.54334623
1779396300.05977893 -2.55722090 2.65836671 0.07493821 -0.34312214 -0.36560257 0.67255524 -0.54430819
1779396300.07006598 -2.55681700 2.65591780 0.07069482 -0.34322287 -0.36538288 0.67223809 -0.54478377
1779396300.07024312 -2.55708804 2.65474836 0.06949295 -0.34321106 -0.36536005 0.67210018 -0.54497665
1779396300.08035016 -2.55511437 2.65383344 0.06373106 -0.34342922 -0.36485484 0.67194731 -0.54536605
1779396300.09067059 -2.55786689 2.64760125 0.05460597 -0.34358594 -0.36435983 0.67108399 -0.54665976
1779396300.10103321 -2.55848080 2.64294611 0.05108325 -0.34301681 -0.36434483 0.67084623 -0.54731860
1779396300.11138558 -2.55547688 2.64281145 0.04761585 -0.34340774 -0.36404083 0.67072234 -0.54742757
1779396300.12174153 -2.55469277 2.63992195 0.03876178 -0.34339121 -0.36329602 0.67044483 -0.54827202
1779396300.13207078 -2.55262656 2.63804715 0.03343155 -0.34294750 -0.36286024 0.67054194 -0.54871938
1779396300.14244556 -2.54866456 2.63786831 0.02971473 -0.34296189 -0.36250378 0.67064256 -0.54882302
1779396300.15266228 -2.54615619 2.63748943 0.02401891 -0.34303491 -0.36191869 0.67065551 -0.54914761
1779396300.16296434 -2.54392571 2.63592004 0.01574380 -0.34244091 -0.36110432 0.67089868 -0.54975709
1779396300.17327523 -2.54190262 2.63413209 0.00947141 -0.34244697 -0.36057093 0.67076969 -0.55026058
1779396300.18364644 -2.54085976 2.63231478 0.00629259 -0.34231131 -0.36037444 0.67067214 -0.55059251
1779396300.19401598 -2.53602858 2.63298307 0.00659827 -0.34225594 -0.36044641 0.67090723 -0.55029333
1779396300.20431495 -2.52895929 2.63597543 0.00231738 -0.34278017 -0.35983617 0.67118799 -0.55002397
1779396300.21461630 -2.52541479 2.63555864 0.00294241 -0.34250216 -0.36001850 0.67135990 -0.54986801
1779396300.22490191 -2.52062495 2.63714664 0.00495919 -0.34256777 -0.36021069 0.67162492 -0.54937743
1779396300.23519731 -2.51620039 2.63752938 0.00604107 -0.34282045 -0.36041738 0.67162666 -0.54908204
1779396300.24549937 -2.51073871 2.63878289 0.00693924 -0.34248693 -0.36049968 0.67209601 -0.54866168
1779396300.25589156 -2.50835935 2.63822456 0.00689805 -0.34226804 -0.36059316 0.67219719 -0.54861289
1779396300.26624131 -2.50544232 2.63721664 0.00625752 -0.34237012 -0.36067855 0.67208956 -0.54862492
1779396300.27654362 -2.50213245 2.63645450 0.01113683 -0.34172412 -0.36135744 0.67240179 -0.54819819
1779396300.28685570 -2.49791428 2.63644630 0.01401541 -0.34124871 -0.36173607 0.67276084 -0.54780397
1779396300.29715014 -2.49380511 2.63746998 0.01592965 -0.34129599 -0.36193018 0.67295322 -0.54740986
1779396300.30751777 -2.48935651 2.63800523 0.01576191 -0.34097291 -0.36190949 0.67331559 -0.54717923
1779396300.31785131 -2.48334915 2.63993053 0.01788086 -0.34052019 -0.36205329 0.67394187 -0.54659470
1779396300.32815504 -2.47832461 2.64196913 0.01807682 -0.34060385 -0.36197217 0.67426282 -0.54620034
1779396300.33845997 -2.47368579 2.64271766 0.02085747 -0.34031253 -0.36228862 0.67460887 -0.54574464
1779396300.34877515 -2.46812828 2.64428826 0.02294380 -0.33971088 -0.36244784 0.67525971 -0.54520859
1779396300.35911083 -2.46315195 2.64544072 0.02299065 -0.33966747 -0.36241078 0.67554441 -0.54490751
1779396300.36939931 -2.46014052 2.64557553 0.02506972 -0.33927552 -0.36266090 0.67584046 -0.54461809
1779396300.37976646 -2.45722519 2.64468984 0.02770859 -0.33866435 -0.36304741 0.67612444 -0.54438844
1779396300.39008379 -2.45182415 2.64619398 0.02796025 -0.33844945 -0.36298476 0.67657622 -0.54400244
1779396300.40042973 -2.44818343 2.64690818 0.02894721 -0.33792022 -0.36304423 0.67705401 -0.54369723
1779396300.40063787 -2.44613695 2.64795563 0.02940061 -0.33807307 -0.36302515 0.67715248 -0.54349228
1779396300.41071248 -2.44219116 2.64902631 0.02958022 -0.33776273 -0.36297824 0.67755913 -0.54320968
1779396300.42103291 -2.43720584 2.65015518 0.03241783 -0.33740707 -0.36324334 0.67801719 -0.54268171
1779396300.43141794 -2.43157838 2.65175583 0.03745100 -0.33696791 -0.36373516 0.67857601 -0.54192616
1779396300.44172096 -2.42921235 2.65127997 0.03998805 -0.33648890 -0.36405778 0.67883877 -0.54167802
1779396300.45202160 -2.42312981 2.65332889 0.04448576 -0.33617429 -0.36444586 0.67940779 -0.54089843
1779396300.46231437 -2.41479761 2.65745662 0.05028471 -0.33588444 -0.36484191 0.68027664 -0.53971818
1779396300.47266054 -2.41009721 2.65925077 0.05216545 -0.33578909 -0.36493686 0.68068099 -0.53920327
1779396300.47288036 -2.40848023 2.65989072 0.05295873 -0.33551763 -0.36497392 0.68094939 -0.53900825
1779396300.48300958 -2.40484030 2.66076243 0.05590198 -0.33522404 -0.36526278 0.68130423 -0.53854665
1779396300.49326468 -2.39835081 2.66343558 0.05744988 -0.33514909 -0.36525366 0.68186296 -0.53789195
1779396300.50361919 -2.39282107 2.66524425 0.06046883 -0.33509634 -0.36548260 0.68227599 -0.53724519
1779396300.51396418 -2.39038743 2.66495452 0.06492661 -0.33412216 -0.36600536 0.68282011 -0.53680458
1779396300.52428198 -2.38500294 2.66650407 0.06952975 -0.33389505 -0.36642193 0.68327697 -0.53607989
1779396300.53458667 -2.37866208 2.66891122 0.07367049 -0.33351248 -0.36671382 0.68396922 -0.53523500
1779396300.54491997 -2.37310469 2.67134059 0.07710457 -0.33317361 -0.36692516 0.68461844 -0.53447064
1779396300.54507828 -2.37167578 2.67195629 0.07733248 -0.33329078 -0.36690651 0.68468269 -0.53432808
1779396300.55522823 -2.36615732 2.67438687 0.08141116 -0.33281463 -0.36719258 0.68539561 -0.53351372
1779396300.56551838 -2.35864717 2.67786998 0.08622221 -0.33290600 -0.36751199 0.68599383 -0.53246690
1779396300.57575703 -2.35226261 2.68040337 0.09222558 -0.33262496 -0.36803106 0.68663342 -0.53145867
1779396300.58607888 -2.34860470 2.68118427 0.09875873 -0.33214489 -0.36873944 0.68706874 -0.53070477
1779396300.59644604 -2.34128262 2.68443820 0.10479380 -0.33200192 -0.36921249 0.68776073 -0.52956779
1779396300.60679841 -2.33407496 2.68765286 0.11100393 -0.33160234 -0.36970775 0.68857268 -0.52841625
1779396300.61706185 -2.32776770 2.69082753 0.11682107 -0.33175017 -0.37017133 0.68905802 -0.52736521
1779396300.62735939 -2.31965738 2.69481690 0.12283642 -0.33152677 -0.37058753 0.68991047 -0.52609735
1779396300.63770413 -2.31368188 2.69694412 0.12860769 -0.33128041 -0.37111287 0.69049460 -0.52511497
1779396300.64799833 -2.30832560 2.69876217 0.13535341 -0.33112304 -0.37179258 0.69095245 -0.52413024
1779396300.65833402 -2.30291136 2.70115256 0.14088349 -0.33130478 -0.37229261 0.69130393 -0.52319618
1779396300.66866040 -2.29802590 2.70233239 0.14895027 -0.33128377 -0.37319854 0.69159587 -0.52217723
1779396300.67898893 -2.28801380 2.70820326 0.15457873 -0.33140759 -0.37346651 0.69255138 -0.52063841
1779396300.68931580 -2.28390727 2.70933013 0.16164824 -0.33145769 -0.37425896 0.69275826 -0.51976151
1779396300.69968867 -2.27710146 2.71255922 0.16731105 -0.33164928 -0.37474744 0.69324921 -0.51863152
1779396300.70998383 -2.27188142 2.71457811 0.17288441 -0.33186007 -0.37532529 0.69352504 -0.51770922
1779396300.72036123 -2.26540154 2.71736141 0.18084754 -0.33210640 -0.37613937 0.69388946 -0.51647064
1779396300.73074913 -2.25914123 2.72058348 0.18760339 -0.33234270 -0.37676360 0.69431452 -0.51529105
1779396300.74107695 -2.25402386 2.72238968 0.19457717 -0.33288890 -0.37754282 0.69437200 -0.51428973
1779396300.75136709 -2.24389973 2.72841872 0.20043477 -0.33323475 -0.37787386 0.69519825 -0.51270396
1779396300.76168036 -2.24033074 2.72926395 0.20818483 -0.33328339 -0.37879172 0.69533225 -0.51181254
1779396300.76186204 -2.23915418 2.72956108 0.21068712 -0.33304981 -0.37908552 0.69551006 -0.51150537
1779396300.77198172 -2.23384465 2.73215691 0.21539358 -0.33301283 -0.37951467 0.69597432 -0.51057890
1779396300.78231692 -2.22828047 2.73397453 0.22489340 -0.33320248 -0.38059070 0.69621231 -0.50932823
1779396300.79261446 -2.22220814 2.73614880 0.23412988 -0.33338108 -0.38161649 0.69651404 -0.50802963
1779396300.80297852 -2.21973277 2.73638885 0.23934872 -0.33316427 -0.38227713 0.69669997 -0.50741986
1779396300.81330204 -2.21240891 2.73974529 0.24800023 -0.33300548 -0.38312244 0.69737082 -0.50596292
1779396300.82360244 -2.20742611 2.74118537 0.25610841 -0.33246528 -0.38403310 0.69793718 -0.50484562
1779396300.83398056 -2.20537051 2.74096198 0.26174409 -0.33193351 -0.38475752 0.69821694 -0.50425679
1779396300.83417130 -2.20572009 2.74012355 0.26322302 -0.33163989 -0.38500714 0.69824894 -0.50421514
1779396300.84429479 -2.19857801 2.74354474 0.27146602 -0.33141508 -0.38574902 0.69895710 -0.50281280
1779396300.85464430 -2.19416533 2.74473325 0.27834946 -0.33125314 -0.38651017 0.69930880 -0.50184505
1779396300.86496735 -2.18553284 2.74917869 0.28435066 -0.33088027 -0.38690663 0.70030769 -0.50039049
1779396300.87528563 -2.18138304 2.75044226 0.29015240 -0.33022425 -0.38751168 0.70090961 -0.49951212
1779396300.88565993 -2.17701669 2.75148159 0.29572506 -0.32914658 -0.38811338 0.70172199 -0.49861486
1779396300.89596319 -2.17366814 2.75189465 0.30029808 -0.32824812 -0.38864940 0.70236139 -0.49788884
1779396300.90627575 -2.17181115 2.75085218 0.30660050 -0.32714036 -0.38949111 0.70286230 -0.49725290
1779396300.91677403 -2.17020515 2.75050444 0.31004522 -0.32687585 -0.38994113 0.70304046 -0.49682210
1779396300.92706943 -2.16686077 2.75037337 0.31747872 -0.32587398 -0.39084237 0.70363343 -0.49593184
1779396300.93738246 -2.16160127 2.75176280 0.32488248 -0.32487935 -0.39162431 0.70447620 -0.49476973
1779396300.94767094 -2.15733095 2.75292740 0.33125631 -0.32375905 -0.39230603 0.70529796 -0.49379232
1779396300.95800781 -2.15411540 2.75285386 0.33804368 -0.32276542 -0.39314371 0.70590118 -0.49291381
1779396300.96831846 -2.15204224 2.75247215 0.34234699 -0.32199495 -0.39373598 0.70635428 -0.49229550
1779396300.97864032 -2.15101137 2.75090555 0.34843822 -0.32098306 -0.39461910 0.70671603 -0.49172970
1779396300.98891568 -2.14622717 2.75295959 0.35284468 -0.32043089 -0.39502599 0.70739368 -0.49078783
1779396300.99919415 -2.13897575 2.75576813 0.36245248 -0.31927334 -0.39600935 0.70850172 -0.48914869
1779396301.00949669 -2.13433793 2.75664871 0.37142542 -0.31850723 -0.39707784 0.70911407 -0.48789300
1779396301.01973224 -2.13364097 2.75523585 0.37770302 -0.31728570 -0.39798155 0.70954191 -0.48733023
1779396301.03007364 -2.13077042 2.75561542 0.38293461 -0.31632407 -0.39867191 0.71016148 -0.48648788
1779396301.04033113 -2.12595818 2.75733685 0.38894389 -0.31591377 -0.39935251 0.71074054 -0.48534929
1779396301.05062175 -2.12158034 2.75883068 0.39548241 -0.31542216 -0.40008847 0.71128680 -0.48426146
1779396301.05083013 -2.12054587 2.75874979 0.39924967 -0.31484778 -0.40056512 0.71155838 -0.48384205
1779396301.06093597 -2.11684403 2.76027058 0.40302043 -0.31408887 -0.40098331 0.71223589 -0.48299131
1779396301.07119727 -2.11264494 2.76157041 0.40945018 -0.31367291 -0.40177614 0.71274169 -0.48185529
1779396301.08158779 -2.10505818 2.76481590 0.41919985 -0.31360261 -0.40278587 0.71337957 -0.48011096
1779396301.09190774 -2.09991562 2.76668056 0.42783480 -0.31324437 -0.40374337 0.71389838 -0.47876754
1779396301.10217834 -2.09518118 2.76802159 0.43668005 -0.31314839 -0.40480737 0.71425119 -0.47740373
1779396301.11252832 -2.08534432 2.77269323 0.44730209 -0.31295434 -0.40581102 0.71518541 -0.47527553
1779396301.12284064 -2.07916742 2.77548365 0.45483291 -0.31269758 -0.40656519 0.71582021 -0.47384216
1779396301.12302160 -2.07772933 2.77603924 0.45667152 -0.31261825 -0.40677001 0.71597619 -0.47348294
1779396301.13317347 -2.07472935 2.77695545 0.46139050 -0.31221910 -0.40734144 0.71639308 -0.47262368
1779396301.14393711 -2.06965114 2.77953274 0.46487232 -0.31165370 -0.40767791 0.71719405 -0.47149061
1779396301.15425992 -2.06306988 2.78272048 0.47082172 -0.31123179 -0.40821934 0.71799728 -0.47007621
1779396301.15445828 -2.06057550 2.78384454 0.47375609 -0.31118299 -0.40849899 0.71822203 -0.46952192
1779396301.16456723 -2.05274162 2.78820212 0.47829419 -0.31074835 -0.40877495 0.71922422 -0.46803316
1779396301.17485428 -2.04768968 2.79088371 0.48079510 -0.31025890 -0.40897869 0.72002406 -0.46694883
1779396301.18517900 -2.04399638 2.79213156 0.48533652 -0.30978670 -0.40951966 0.72058849 -0.46591638
1779396301.19552970 -2.03350360 2.79804520 0.49071746 -0.30904474 -0.40980966 0.72201238 -0.46394559
1779396301.20583034 -2.02895933 2.79981014 0.49581311 -0.30857859 -0.41035929 0.72262530 -0.46281441
1779396301.21611118 -2.02350604 2.80204316 0.50203416 -0.30816678 -0.41104203 0.72328664 -0.46144786
1779396301.22640014 -2.01767881 2.80483320 0.50676116 -0.30757113 -0.41150770 0.72413056 -0.46010472
1779396301.23667979 -2.01404103 2.80665085 0.50881325 -0.30693020 -0.41172796 0.72481976 -0.45924967
1779396301.23685670 -2.00987090 2.80925663 0.50981937 -0.30694196 -0.41168041 0.72527027 -0.45857269
1779396301.24692488 -2.00070124 2.81433979 0.51500260 -0.30650557 -0.41199863 0.72636930 -0.45683596
1779396301.25719118 -1.99597707 2.81587448 0.52190690 -0.30607576 -0.41278763 0.72690204 -0.45556275
1779396301.26749015 -1.98895353 2.82010123 0.52333879 -0.30527266 -0.41283681 0.72810517 -0.45413349
1779396301.27776551 -1.98108069 2.82375216 0.53032426 -0.30512043 -0.41347485 0.72885969 -0.45244185
1779396301.28805661 -1.97100156 2.82978813 0.53249232 -0.30448324 -0.41342651 0.73025674 -0.45065904
1779396301.29832339 -1.96758322 2.83092013 0.53716767 -0.30430914 -0.41405169 0.73063780 -0.44958376
1779396301.30859494 -1.95989709 2.83482512 0.54196409 -0.30330230 -0.41443783 0.73179518 -0.44802324
1779396301.31889415 -1.95338449 2.83825804 0.54511361 -0.30285387 -0.41473883 0.73267284 -0.44661140
1779396301.32918358 -1.94245909 2.84344154 0.55320013 -0.30219696 -0.41544573 0.73390088 -0.44437748
1779396301.33947778 -1.94061987 2.84462260 0.55240621 -0.30204569 -0.41540961 0.73427152 -0.44390155
1779396301.33966208 -1.93996150 2.84469633 0.55357837 -0.30146651 -0.41560314 0.73456905 -0.44362178
1779396301.34976482 -1.93647350 2.84591768 0.55795773 -0.30073624 -0.41615922 0.73514778 -0.44263638
1779396301.36002851 -1.93201428 2.84788583 0.56087417 -0.29996598 -0.41654971 0.73592560 -0.44149775
1779396301.37028718 -1.92479503 2.85214035 0.56211178 -0.30002487 -0.41656100 0.73671481 -0.44012872
1779396301.38056374 -1.91705811 2.85564282 0.56801964 -0.29956388 -0.41711278 0.73756219 -0.43849792
1779396301.39090562 -1.92031216 2.85454289 0.56220751 -0.29936068 -0.41674343 0.73762965 -0.43887424
1779396301.40129447 -1.90896590 2.86051557 0.56706510 -0.29839173 -0.41705061 0.73913104 -0.43671098
1779396301.41176796 -1.90850573 2.86138076 0.56336423 -0.29798581 -0.41678777 0.73958587 -0.43646897
1779396301.42213225 -1.90004345 2.86561075 0.56777677 -0.29799042 -0.41710297 0.74036121 -0.43484722
1779396301.43248248 -1.89735310 2.86709441 0.56813186 -0.29744059 -0.41725807 0.74094829 -0.43407423
1779396301.44277048 -1.89546094 2.86766606 0.56981851 -0.29692959 -0.41762628 0.74138509 -0.43332351
1779396301.45307088 -1.89080383 2.87090250 0.56758057 -0.29705103 -0.41727894 0.74196487 -0.43258190
1779396301.46336508 -1.88668050 2.87313566 0.56809966 -0.29665797 -0.41738728 0.74263342 -0.43159878
1779396301.47366452 -1.88267082 2.87533672 0.56850814 -0.29697084 -0.41745916 0.74298382 -0.43071013
1779396301.48394632 -1.88321890 2.87577213 0.56367985 -0.29627104 -0.41705928 0.74348792 -0.43070957
1779396301.48412871 -1.88126493 2.87667763 0.56512304 -0.29628171 -0.41720604 0.74365006 -0.43027996
1779396301.49423337 -1.87601461 2.87943403 0.56658004 -0.29650014 -0.41729463 0.74409738 -0.42926909
1779396301.50453711 -1.86259794 2.88776032 0.56582521 -0.30110242 -0.41662831 0.74366247 -0.42746265
1779396301.51483679 -1.86851927 2.88438512 0.56277724 -0.29646751 -0.41688631 0.74521143 -0.42775314
1779396301.52515221 -1.87127823 2.88330877 0.55864138 -0.29601131 -0.41667119 0.74536183 -0.42801655
1779396301.53545570 -1.87019459 2.88397266 0.55725609 -0.29547914 -0.41666249 0.74582189 -0.42759110
1779396301.54575014 -1.87480663 2.88169266 0.55224040 -0.29548201 -0.41646431 0.74564002 -0.42809907
1779396301.55608892 -1.86819533 2.88554065 0.55238354 -0.29572179 -0.41631645 0.74626821 -0.42698126
1779396301.55626655 -1.86524145 2.88727434 0.55236157 -0.29527281 -0.41623673 0.74677865 -0.42647698
1779396301.56637859 -1.86669022 2.88621755 0.55092476 -0.29489551 -0.41630249 0.74690497 -0.42645263
1779396301.57668972 -1.86833370 2.88541607 0.54816571 -0.29432304 -0.41625812 0.74716077 -0.42644332
1779396301.58694077 -1.87238885 2.88310962 0.54450200 -0.29406289 -0.41621350 0.74708124 -0.42680553
1779396301.59717965 -1.86625938 2.88591336 0.54787840 -0.29399026 -0.41651786 0.74765668 -0.42554916
1779396301.60743165 -1.86586702 2.88637479 0.54454671 -0.29378180 -0.41629673 0.74800132 -0.42530379
1779396301.61768556 -1.86329871 2.88722801 0.54652606 -0.29377650 -0.41663104 0.74825980 -0.42452468
1779396301.62809300 -1.86645812 2.88554373 0.54337141 -0.29216048 -0.41658233 0.74880511 -0.42472618
1779396301.63842583 -1.84709204 2.89617015 0.54849618 -0.29680341 -0.41639161 0.74868058 -0.42190420
1779396301.64872670 -1.85397073 2.89187587 0.54670368 -0.29339689 -0.41679321 0.74957322 -0.42230519
1779396301.65904570 -1.85561392 2.89091648 0.54462347 -0.29091207 -0.41680831 0.75059551 -0.42219354
1779396301.65923882 -1.85611699 2.89041517 0.54499236 -0.29020447 -0.41693364 0.75084982 -0.42210454
1779396301.66936803 -1.86043487 2.88813506 0.54190103 -0.29072947 -0.41687177 0.75038223 -0.42263555
1779396301.67972350 -1.85243698 2.89259625 0.54214403 -0.29210551 -0.41667755 0.75068862 -0.42133216
1779396301.68999410 -1.85210236 2.89265128 0.54086614 -0.29063733 -0.41670775 0.75147708 -0.42091187
1779396301.70029187 -1.85889099 2.88891649 0.53686521 -0.29012126 -0.41666408 0.75124359 -0.42172713
1779396301.71057272 -1.85144146 2.89305697 0.53705932 -0.28881616 -0.41651767 0.75262422 -0.42030351
1779396301.72082615 -1.84569368 2.89640702 0.53601817 -0.29165748 -0.41622934 0.75214965 -0.41947582
1779396301.73112798 -1.85459405 2.89148568 0.53141149 -0.28659120 -0.41626711 0.75364643 -0.42024306
1779396301.74141216 -1.84997732 2.89468091 0.52818033 -0.28658068 -0.41580339 0.75435047 -0.41944537
1779396301.75166869 -1.84468459 2.89764900 0.52817126 -0.28730459 -0.41568411 0.75468936 -0.41845761
1779396301.76191235 -1.84355757 2.89882681 0.52437513 -0.28768885 -0.41529850 0.75491057 -0.41817738
1779396301.77222013 -1.84104490 2.90019512 0.52383883 -0.28732275 -0.41522531 0.75542632 -0.41756994
1779396301.78247643 -1.83559477 2.90338159 0.52185949 -0.28342490 -0.41493252 0.75776997 -0.41627635
1779396301.79270649 -1.83637330 2.90374459 0.51627539 -0.28686868 -0.41432778 0.75661399 -0.41662228
1779396301.80293250 -1.83763566 2.90339051 0.51251337 -0.28540326 -0.41402755 0.75733872 -0.41661042
1779396301.81323910 -1.83876218 2.90273716 0.50972572 -0.28501356 -0.41388388 0.75761191 -0.41652324
1779396301.82353926 -1.83673411 2.90401100 0.50705397 -0.28446604 -0.41358961 0.75825615 -0.41601720
1779396301.83380914 -1.84156285 2.89987048 0.51074289 -0.28541780 -0.41441858 0.75731868 -0.41624793
1779396301.84411669 -1.83587843 2.90408483 0.50509212 -0.28432984 -0.41356051 0.75868039 -0.41536528
1779396301.85438991 -1.83752889 2.90257352 0.50464717 -0.28513085 -0.41374691 0.75831275 -0.41530190
1779396301.86483932 -1.82965397 2.90783287 0.50016200 -0.28348891 -0.41294685 0.76007108 -0.41400590
1779396301.87514329 -1.82785125 2.90922711 0.49740359 -0.28405053 -0.41261368 0.76022171 -0.41367645
1779396301.88546848 -1.82567264 2.90983754 0.49772900 -0.28383185 -0.41272131 0.76061346 -0.41299851
1779396301.89579272 -1.82022543 2.91198750 0.50058264 -0.28382062 -0.41300562 0.76114898 -0.41173346
1779396301.90611744 -1.81696036 2.91421390 0.49689066 -0.28595017 -0.41247079 0.76080714 -0.41142781
1779396301.91640949 -1.81749589 2.91191929 0.50403652 -0.28377567 -0.41362201 0.76147362 -0.41054370
1779396301.92670178 -1.81666692 2.91215228 0.50169129 -0.28347052 -0.41345055 0.76186928 -0.41019302
1779396301.93705201 -1.81508858 2.91199504 0.50410276 -0.28315604 -0.41386824 0.76215197 -0.40946319
1779396301.94730687 -1.82166653 2.90660944 0.50735050 -0.28382375 -0.41474239 0.76115508 -0.40997045
1779396301.95763588 -1.81190886 2.91172065 0.50818682 -0.28256027 -0.41456462 0.76269368 -0.40815954
1779396301.96794987 -1.81227368 2.91061492 0.50838672 -0.28195018 -0.41478452 0.76298419 -0.40781495
1779396301.97823167 -1.80967763 2.91060897 0.51291052 -0.28160094 -0.41538524 0.76325246 -0.40694188
1779396301.98853755 -1.80751167 2.91024709 0.51690325 -0.28106975 -0.41597871 0.76359712 -0.40605535
1779396301.99886346 -1.80617429 2.90955252 0.52010437 -0.28054563 -0.41651101 0.76388845 -0.40532352
1779396302.00915575 -1.80414304 2.90927918 0.52332179 -0.27992899 -0.41701293 0.76428785 -0.40447999
1779396302.01944923 -1.80255469 2.90839368 0.52907137 -0.27982284 -0.41782828 0.76429909 -0.40368999
1779396302.02974486 -1.79907623 2.90833802 0.53535545 -0.27907479 -0.41867846 0.76474690 -0.40247707
1779396302.04003096 -1.79427149 2.90898220 0.54159772 -0.27876302 -0.41946731 0.76514593 -0.40111103
1779396302.05032015 -1.79057249 2.90874010 0.54993219 -0.27825971 -0.42053882 0.76538624 -0.39987816
1779396302.06070423 -1.78985405 2.90672297 0.55703038 -0.27869972 -0.42164402 0.76502893 -0.39909088
1779396302.07102156 -1.78370746 2.90679941 0.56876563 -0.27791133 -0.42310460 0.76546922 -0.39724635
1779396302.08131933 -1.78009226 2.90633786 0.57613223 -0.27753735 -0.42412378 0.76569442 -0.39598496
1779396302.09166837 -1.77741554 2.90539086 0.58403915 -0.27702796 -0.42519067 0.76583354 -0.39492708
1779396302.10199308 -1.76881100 2.90665303 0.59593827 -0.27657717 -0.42656980 0.76633980 -0.39276786
1779396302.11229873 -1.76517755 2.90474512 0.60858586 -0.27610183 -0.42827073 0.76632390 -0.39127949
1779396302.12259579 -1.75944014 2.90559362 0.61595923 -0.27531086 -0.42913396 0.76687283 -0.38981282
1779396302.13292241 -1.75284740 2.90576026 0.62731886 -0.27482097 -0.43052426 0.76718903 -0.38799910
1779396302.14323449 -1.74858404 2.90444277 0.63821187 -0.27374259 -0.43198038 0.76752958 -0.38646642
1779396302.15354013 -1.73999382 2.90443455 0.65426907 -0.27297341 -0.43391071 0.76788782 -0.38412929
1779396302.16379905 -1.73227445 2.90517316 0.66563661 -0.27237357 -0.43523108 0.76830365 -0.38222513
1779396302.17411327 -1.72789168 2.90385048 0.67647115 -0.27112991 -0.43668793 0.76866840 -0.38071133
1779396302.18440914 -1.71849846 2.90414192 0.69182325 -0.27055001 -0.43853268 0.76900781 -0.37831041
1779396302.19475603 -1.71548967 2.90235961 0.70201642 -0.26955328 -0.43992958 0.76915004 -0.37710901
1779396302.20507383 -1.70590434 2.90268407 0.71684784 -0.26889545 -0.44171333 0.76952483 -0.37472137
1779396302.21538854 -1.70109080 2.89995296 0.73287572 -0.26794009 -0.44388105 0.76947917 -0.37293369
1779396302.22570539 -1.69236805 2.90073745 0.74470419 -0.26743368 -0.44525327 0.76984797 -0.37089465
1779396302.22588420 -1.69086195 2.90032771 0.74824321 -0.26726976 -0.44572110 0.76985489 -0.37043627
1779396302.23595977 -1.68503072 2.90018168 0.75774622 -0.26670899 -0.44692853 0.77006679 -0.36894219
1779396302.24626732 -1.67911512 2.89889333 0.77065315 -0.26608048 -0.44865133 0.77012489 -0.36717955
1779396302.25660753 -1.67122812 2.89834003 0.78449853 -0.26548096 -0.45040868 0.77027507 -0.36514133
1779396302.26686502 -1.66491433 2.89778132 0.79611970 -0.26530677 -0.45188057 0.77024960 -0.36349940
1779396302.27715969 -1.65848173 2.89659917 0.80874692 -0.26455492 -0.45355417 0.77035629 -0.36173263
1779396302.28750396 -1.65157583 2.89627152 0.81925910 -0.26372690 -0.45492820 0.77064304 -0.35999687
1779396302.29782057 -1.64700387 2.89515816 0.82851941 -0.26328240 -0.45616336 0.77065411 -0.35873335
1779396302.29800892 -1.64389766 2.89514478 0.83332064 -0.26311475 -0.45673012 0.77071006 -0.35801429
1779396302.30812407 -1.64046931 2.89407495 0.84055507 -0.26284208 -0.45772977 0.77066546 -0.35703256
1779396302.31846213 -1.63307179 2.89416497 0.84978036 -0.26188624 -0.45889589 0.77109069 -0.35531579
1779396302.32875991 -1.62879939 2.89381797 0.85502296 -0.26081472 -0.45964765 0.77149949 -0.35424322
1779396302.33913255 -1.62168280 2.89440153 0.86283655 -0.26002683 -0.46056041 0.77191386 -0.35273100
1779396302.34939098 -1.61441551 2.89451986 0.87136082 -0.25934194 -0.46160361 0.77225321 -0.35112512
1779396302.35964775 -1.60744352 2.89594456 0.87510872 -0.25785678 -0.46202475 0.77311535 -0.34976516
1779396302.36995864 -1.60462874 2.89578324 0.87765503 -0.25694126 -0.46240120 0.77349323 -0.34910536
1779396302.38030505 -1.59829417 2.89644681 0.88282622 -0.25594470 -0.46303127 0.77403797 -0.34779243
1779396302.39057350 -1.58871519 2.89878652 0.88744401 -0.25504463 -0.46346089 0.77484784 -0.34607380
1779396302.40085220 -1.58121566 2.89934738 0.89391632 -0.25371320 -0.46423191 0.77550696 -0.34453927
1779396302.41113400 -1.57499479 2.89989346 0.89923024 -0.25306222 -0.46485189 0.77589333 -0.34331002
1779396302.42137718 -1.56609877 2.90063163 0.90712091 -0.25233173 -0.46577526 0.77636176 -0.34153262
1779396302.43166256 -1.55695836 2.90188827 0.91345283 -0.25130803 -0.46647820 0.77703264 -0.33979793
1779396302.44195223 -1.55284795 2.90165011 0.91733440 -0.25039672 -0.46701143 0.77739633 -0.33890523
1779396302.45226979 -1.54214288 2.90383131 0.92312448 -0.24983534 -0.46759063 0.77805552 -0.33700283
1779396302.46253753 -1.53209511 2.90509043 0.93038656 -0.24889706 -0.46841027 0.77868139 -0.33510798
1779396302.47279072 -1.52672572 2.90502515 0.93542620 -0.24864609 -0.46905279 0.77882918 -0.33405046
1779396302.48307538 -1.51510809 2.90649136 0.94368759 -0.24791810 -0.46995216 0.77942672 -0.33192706
1779396302.49340343 -1.50655676 2.90709525 0.95003741 -0.24779706 -0.47071187 0.77967485 -0.33035447
1779396302.50374985 -1.49736476 2.90764900 0.95682941 -0.24720981 -0.47153958 0.78007627 -0.32866204
1779396302.51399517 -1.49215563 2.90756748 0.96121298 -0.24584215 -0.47215088 0.78059204 -0.32758398
1779396302.52429676 -1.48463195 2.90729828 0.96789286 -0.24535098 -0.47304342 0.78081265 -0.32613559
1779396302.53453565 -1.47609224 2.90818207 0.97237325 -0.24461630 -0.47360791 0.78132458 -0.32463874
1779396302.54471159 -1.46985384 2.90781213 0.97855441 -0.24399422 -0.47441773 0.78153542 -0.32341463
1779396302.55501890 -1.46351234 2.90668576 0.98551080 -0.24345847 -0.47540395 0.78162887 -0.32214183
1779396302.56530547 -1.44954071 2.90964787 0.99126508 -0.24472122 -0.47586348 0.78184438 -0.31997630
1779396302.57561278 -1.44178329 2.91037010 0.99584412 -0.24422864 -0.47639917 0.78221774 -0.31864025
1779396302.57578993 -1.43960002 2.91003025 0.99827438 -0.24385498 -0.47672602 0.78231297 -0.31820351
1779396302.58589888 -1.43835719 2.90823993 1.00091682 -0.24307463 -0.47727454 0.78235986 -0.31786284
1779396302.59618044 -1.43085185 2.90770389 1.00735077 -0.24239886 -0.47814201 0.78260030 -0.31648030
1779396302.60646534 -1.42443617 2.90727532 1.01152391 -0.24174082 -0.47875737 0.78288007 -0.31535941
1779396302.61669254 -1.41651087 2.90865838 1.01413885 -0.24160689 -0.47901574 0.78326143 -0.31412031
1779396302.62701321 -1.41550041 2.90683144 1.01536972 -0.23838740 -0.47952701 0.78409932 -0.31370934
1779396302.63733077 -1.40187148 2.91006720 1.01859761 -0.23689227 -0.47978609 0.78521810 -0.31164065
1779396302.64760613 -1.39505778 2.91087593 1.02124043 -0.23655685 -0.48010161 0.78554780 -0.31057680
1779396302.65807152 -1.38928903 2.91141119 1.02204183 -0.23587033 -0.48029113 0.78597167 -0.30973240
1779396302.66837335 -1.38210782 2.91106641 1.02696796 -0.23478247 -0.48101043 0.78635123 -0.30847674
1779396302.67867231 -1.37218362 2.91178475 1.03229035 -0.23384338 -0.48168067 0.78687320 -0.30680869
1779396302.68899989 -1.37428803 2.91100960 1.02791271 -0.23287762 -0.48140682 0.78715424 -0.30725183
1779396302.69934344 -1.36297653 2.91387767 1.02931755 -0.23217761 -0.48147931 0.78796592 -0.30558296
1779396302.70963693 -1.35048775 2.91796582 1.02949448 -0.23145563 -0.48133005 0.78895231 -0.30381562
1779396302.71992588 -1.34606290 2.91875854 1.02937112 -0.23058783 -0.48136967 0.78942793 -0.30317658
1779396302.73019958 -1.34099164 2.91915581 1.02924165 -0.22970699 -0.48148750 0.78990069 -0.30242584
1779396302.74051762 -1.33306951 2.92048216 1.03053371 -0.22848439 -0.48169302 0.79059981 -0.30119539
1779396302.75082755 -1.32040750 2.92419967 1.03044104 -0.22802192 -0.48152668 0.79150269 -0.29943538
1779396302.76121163 -1.31557634 2.92496299 1.03047107 -0.22672355 -0.48161850 0.79211176 -0.29866203
1779396302.77158809 -1.30508374 2.92743155 1.03105301 -0.22657370 -0.48163316 0.79268653 -0.29722370
1779396302.78189039 -1.29760603 2.92684733 1.03652755 -0.22602360 -0.48243553 0.79283635 -0.29593888
1779396302.79217291 -1.29130886 2.92695171 1.03944353 -0.22522764 -0.48288377 0.79317885 -0.29489505
1779396302.80248475 -1.28180268 2.92651185 1.04633147 -0.22433854 -0.48385057 0.79345503 -0.29324046
1779396302.81274152 -1.26868712 2.92754472 1.05275070 -0.22380509 -0.48462307 0.79391974 -0.29110686
1779396302.82307243 -1.26086540 2.92752545 1.05638348 -0.22285373 -0.48521613 0.79429348 -0.28982649
1779396302.83337975 -1.25336001 2.92824274 1.05896081 -0.22222975 -0.48557575 0.79468111 -0.28863831
1779396302.84369516 -1.24401117 2.92859996 1.06298187 -0.22162670 -0.48616630 0.79502623 -0.28715366
1779396302.85399032 -1.23511575 2.92890395 1.06644495 -0.22106108 -0.48670189 0.79535951 -0.28575606
1779396302.86424541 -1.22661848 2.92867174 1.07247070 -0.22051931 -0.48750429 0.79554336 -0.28429132
1779396302.87455630 -1.21624426 2.92980840 1.07552064 -0.22009886 -0.48790645 0.79598019 -0.28270005
1779396302.88485909 -1.20689620 2.93112472 1.07702456 -0.21941144 -0.48814742 0.79651043 -0.28132159
1779396302.89514828 -1.19918838 2.93150585 1.08052857 -0.21876188 -0.48863333 0.79682786 -0.28008225
1779396302.90544295 -1.19183685 2.93289742 1.07977414 -0.21814064 -0.48862665 0.79734733 -0.27909836
1779396302.91577244 -1.18241737 2.93549856 1.07831565 -0.21762084 -0.48842278 0.79805362 -0.27783947
1779396302.92607307 -1.17459487 2.93659562 1.07893182 -0.21688610 -0.48857086 0.79855409 -0.27671338
1779396302.93638921 -1.16674015 2.93878169 1.07778786 -0.21666112 -0.48838907 0.79908415 -0.27567845
1779396302.94670415 -1.15708130 2.94104287 1.07691586 -0.21638136 -0.48826481 0.79967852 -0.27439177
1779396302.95710850 -1.14508021 2.94311042 1.07889159 -0.21604921 -0.48845459 0.80024586 -0.27265621
1779396302.96746302 -1.13650871 2.94396949 1.08023200 -0.21557525 -0.48868816 0.80064631 -0.27143448
1779396302.97772098 -1.12992215 2.94590944 1.07828250 -0.21528798 -0.48843844 0.80115309 -0.27061541
1779396302.98801374 -1.11988985 2.94680134 1.08098932 -0.21448410 -0.48882664 0.80163730 -0.26911471
1779396302.99827647 -1.10956285 2.94794743 1.08316010 -0.21369132 -0.48914193 0.80216790 -0.26758711
1779396303.00852776 -1.10191515 2.94884572 1.08458465 -0.21329309 -0.48934079 0.80251946 -0.26648484
1779396303.01885223 -1.09114598 2.95042813 1.08608261 -0.21218471 -0.48955700 0.80320388 -0.26490585
1779396303.02913308 -1.08165504 2.95136703 1.08785574 -0.21095872 -0.48986376 0.80380457 -0.26349216
1779396303.03940773 -1.07318794 2.95214774 1.09025851 -0.20994184 -0.49020039 0.80429009 -0.26219353
1779396303.03959799 -1.07143394 2.95228195 1.09045891 -0.20965339 -0.49025873 0.80441264 -0.26193918
1779396303.04973078 -1.06152077 2.95433765 1.09089517 -0.20888100 -0.49026508 0.80507091 -0.26051814
1779396303.05997491 -1.05260629 2.95548209 1.09155763 -0.20728710 -0.49044860 0.80579527 -0.25920304
1779396303.07020783 -1.04019235 2.95721147 1.09395219 -0.20620820 -0.49073165 0.80649017 -0.25736013
1779396303.08048820 -1.03378729 2.95800281 1.09408544 -0.20504675 -0.49082917 0.80702496 -0.25642402
1779396303.09078002 -1.02161225 2.96041935 1.09439566 -0.20390168 -0.49082698 0.80786615 -0.25468660
1779396303.10104656 -1.01049531 2.96364651 1.09142333 -0.20293609 -0.49039298 0.80882857 -0.25323510
1779396303.11132407 -1.00257621 2.96463184 1.09226543 -0.20064942 -0.49060399 0.80967938 -0.25192624
1779396303.12164474 -0.99358682 2.96598515 1.09253864 -0.20095450 -0.49060416 0.80995083 -0.25080768
1779396303.13194180 -0.98248424 2.96820037 1.09151255 -0.20002611 -0.49045426 0.81074296 -0.24927903
1779396303.14223337 -0.97360598 2.96960674 1.09228726 -0.20090768 -0.49042268 0.81087613 -0.24819668
1779396303.14241147 -0.97151892 2.97019677 1.09136238 -0.19974483 -0.49036654 0.81131160 -0.24782281
1779396303.15250278 -0.96254964 2.97193757 1.09052856 -0.19817472 -0.49028337 0.81216061 -0.24646325
1779396303.16284204 -0.94912286 2.97433215 1.09099350 -0.19793879 -0.49021453 0.81282140 -0.24460442
1779396303.17322016 -0.93815225 2.97800837 1.08558976 -0.19713546 -0.48942915 0.81389464 -0.24325342
1779396303.18355632 -0.93191287 2.97859946 1.08553689 -0.19634054 -0.48947258 0.81432473 -0.24236793
1779396303.19392371 -0.92200286 2.98030795 1.08442839 -0.19578281 -0.48930045 0.81495569 -0.24104228
1779396303.20430374 -0.91484278 2.98186177 1.08124620 -0.19494086 -0.48892922 0.81564423 -0.24014739
1779396303.21476054 -0.90555968 2.98325033 1.08026133 -0.19454861 -0.48877409 0.81618874 -0.23892817
1779396303.22504568 -0.90281541 2.98290555 1.07936734 -0.19352048 -0.48879220 0.81653956 -0.23852705
1779396303.23534584 -0.89309569 2.98493001 1.07679948 -0.19379154 -0.48835246 0.81707282 -0.23737885
1779396303.24574757 -0.88277603 2.98631263 1.07594208 -0.19357599 -0.48817152 0.81763023 -0.23600361
1779396303.25633216 -0.87444340 2.98819211 1.07215425 -0.19239264 -0.48769621 0.81850379 -0.23492347
1779396303.26671052 -0.87052769 2.98852981 1.06992045 -0.19132395 -0.48750946 0.81902052 -0.23438228
1779396303.27697945 -0.86254674 2.98998938 1.06710849 -0.19140275 -0.48706866 0.81953082 -0.23344879
1779396303.28726506 -0.85440407 2.99071311 1.06580901 -0.19055608 -0.48693560 0.82012454 -0.23233132
1779396303.29751635 -0.84771056 2.99206522 1.06302195 -0.19045228 -0.48651898 0.82062740 -0.23151217
1779396303.30775213 -0.84127099 2.99292391 1.06150692 -0.19000663 -0.48630542 0.82110207 -0.23064241
1779396303.31800818 -0.83210605 2.99317114 1.06049645 -0.18974580 -0.48618916 0.82156827 -0.22943890
1779396303.32828069 -0.82560089 2.99344139 1.06055038 -0.18933233 -0.48619210 0.82192394 -0.22849844
1779396303.33860898 -0.81882002 2.99348419 1.05944133 -0.18896060 -0.48609680 0.82231831 -0.22758821
1779396303.34888077 -0.80948303 2.99413621 1.05862810 -0.18812796 -0.48600204 0.82294198 -0.22622199
1779396303.35917521 -0.80051035 2.99437016 1.05926352 -0.18770672 -0.48608159 0.82335545 -0.22489261
1779396303.36946249 -0.79760359 2.99439244 1.05704895 -0.18796987 -0.48583974 0.82350585 -0.22464458
1779396303.37975621 -0.78885646 2.99477416 1.05670157 -0.18766793 -0.48580867 0.82392849 -0.22341110
1779396303.39002585 -0.78052622 2.99462682 1.05758182 -0.18793370 -0.48592455 0.82411311 -0.22225173
1779396303.40030813 -0.77543679 2.99408488 1.05849263 -0.18744508 -0.48614330 0.82430822 -0.22146105
1779396303.41061282 -0.76777072 2.99386906 1.05918028 -0.18763551 -0.48627579 0.82447480 -0.22038622
1779396303.42092085 -0.76015780 2.99349078 1.06028906 -0.18760953 -0.48650895 0.82463851 -0.21927845
1779396303.43120670 -0.75458094 2.99288393 1.06187631 -0.18730414 -0.48682564 0.82475487 -0.21839726
1779396303.43137622 -0.75282178 2.99257975 1.06277483 -0.18714334 -0.48698903 0.82477448 -0.21809656
1779396303.44146824 -0.74728457 2.99204067 1.06435548 -0.18710397 -0.48728632 0.82482704 -0.21726596
1779396303.45175004 -0.74079960 2.99087628 1.06703020 -0.18704035 -0.48780302 0.82480193 -0.21625425
1779396303.46203685 -0.73369949 2.98944237 1.07088801 -0.18649656 -0.48852111 0.82481641 -0.21504430
1779396303.47229457 -0.72891169 2.98852626 1.07301545 -0.18650396 -0.48894069 0.82475937 -0.21430178
1779396303.48258781 -0.72025075 2.98697058 1.07814265 -0.18616958 -0.48979479 0.82470646 -0.21284078
1779396303.49290872 -0.71580891 2.98527088 1.08207876 -0.18591021 -0.49051172 0.82454667 -0.21203406
1779396303.50317979 -0.70699644 2.98427804 1.08559417 -0.18589555 -0.49111880 0.82454581 -0.21064039
1779396303.51346493 -0.69897848 2.98304167 1.08950146 -0.18510758 -0.49185155 0.82463613 -0.20926657
1779396303.52372527 -0.68893539 2.98293906 1.09122468 -0.18458906 -0.49221090 0.82493332 -0.20770251
1779396303.53398800 -0.68744274 2.98115377 1.09402514 -0.18364595 -0.49286930 0.82485155 -0.20730155
1779396303.53416920 -0.68461306 2.98099923 1.09494990 -0.18346646 -0.49301530 0.82491934 -0.20684308
1779396303.54429722 -0.67001671 2.98175617 1.09778089 -0.18363084 -0.49326832 0.82527535 -0.20466234
1779396303.55464101 -0.65879672 2.98234477 1.09804068 -0.18317911 -0.49334931 0.82573913 -0.20299449
1779396303.56498528 -0.64888712 2.98312205 1.09720041 -0.18224118 -0.49334719 0.82631516 -0.20149432
1779396303.57528353 -0.64134763 2.98470052 1.09400661 -0.18181658 -0.49294534 0.82689712 -0.20047140
1779396303.58561349 -0.63219509 2.98533504 1.09288197 -0.18074135 -0.49292674 0.82748317 -0.19906633
1779396303.59589648 -0.63150655 2.98417477 1.09227938 -0.18022665 -0.49310486 0.82751906 -0.19894262
1779396303.60618424 -0.61975449 2.98622099 1.08942851 -0.17932395 -0.49272719 0.82835127 -0.19722326
1779396303.61651039 -0.61262023 2.98624346 1.08845326 -0.17844925 -0.49276046 0.82878310 -0.19611618
1779396303.62677670 -0.60583370 2.98668225 1.08584293 -0.17772820 -0.49257403 0.82928159 -0.19512958
1779396303.63709307 -0.59811341 2.98728963 1.08347526 -0.17694729 -0.49239173 0.82982472 -0.19398707
1779396303.64741778 -0.59125940 2.98750541 1.08253737 -0.17630899 -0.49237075 0.83022104 -0.19292280
1779396303.65772200 -0.58580437 2.98772602 1.07991843 -0.17558917 -0.49220485 0.83065798 -0.19212016
1779396303.66803479 -0.57947012 2.98785091 1.07776321 -0.17535887 -0.49204513 0.83100990 -0.19121560
1779396303.67833447 -0.57839970 2.98721691 1.07640256 -0.17423861 -0.49213145 0.83125327 -0.19095953
1779396303.68861508 -0.57060056 2.98733895 1.07501848 -0.17441472 -0.49203259 0.83153073 -0.18984224
1779396303.69887519 -0.56432827 2.98679100 1.07459814 -0.17413167 -0.49215301 0.83174136 -0.18886476
1779396303.70912886 -0.55752891 2.98686343 1.07348620 -0.17393685 -0.49211429 0.83203953 -0.18782894
1779396303.70933771 -0.55755826 2.98640598 1.07366760 -0.17374498 -0.49222382 0.83201902 -0.18781040
1779396303.71946478 -0.55227765 2.98558189 1.07429472 -0.17298841 -0.49251725 0.83221280 -0.18687860
1779396303.72971439 -0.54668849 2.98575153 1.07145285 -0.17243228 -0.49235244 0.83260859 -0.18606213
1779396303.73995614 -0.54284626 2.98460716 1.07112160 -0.17198602 -0.49258833 0.83270649 -0.18541159
1779396303.75021219 -0.53774273 2.98270548 1.07459073 -0.17161700 -0.49325131 0.83260324 -0.18445216
1779396303.76046181 -0.53361845 2.98148302 1.07437542 -0.17096252 -0.49352362 0.83273920 -0.18371628
1779396303.77070546 -0.53062215 2.98038366 1.07337101 -0.17024323 -0.49371342 0.83289579 -0.18316359
1779396303.78099251 -0.52612155 2.97905262 1.07498510 -0.16957249 -0.49416675 0.83294934 -0.18231781
1779396303.79130173 -0.52074740 2.97842377 1.07356197 -0.16908005 -0.49423564 0.83319702 -0.18145468
1779396303.80156589 -0.51523194 2.97683449 1.07479600 -0.16861864 -0.49468164 0.83324025 -0.18046750
1779396303.81187415 -0.51021410 2.97545836 1.07528487 -0.16783343 -0.49506091 0.83337600 -0.17953018
1779396303.82215285 -0.50624695 2.97487041 1.07451964 -0.16724821 -0.49517882 0.83357335 -0.17883356
1779396303.83240986 -0.50120132 2.97393493 1.07365576 -0.16630071 -0.49538209 0.83383867 -0.17791496
1779396303.84273887 -0.49306669 2.97256454 1.07522364 -0.16547106 -0.49585966 0.83402883 -0.17646085
1779396303.85308528 -0.49043037 2.97169842 1.07458117 -0.16492576 -0.49601110 0.83415632 -0.17594236
1779396303.86344957 -0.48566532 2.96998111 1.07559278 -0.16401249 -0.49647388 0.83426404 -0.17497742
1779396303.87375426 -0.48051841 2.96826768 1.07665771 -0.16292359 -0.49696000 0.83440660 -0.17393186
1779396303.88403463 -0.47702620 2.96737095 1.07616061 -0.16226099 -0.49713170 0.83457249 -0.17326338
1779396303.88419080 -0.47539954 2.96734425 1.07538095 -0.16197406 -0.49709956 0.83470669 -0.17297737
1779396303.89433908 -0.47160812 2.96614539 1.07568133 -0.16162705 -0.49734481 0.83477359 -0.17227270
1779396303.90464640 -0.46244708 2.96561834 1.07484893 -0.16086171 -0.49745947 0.83517719 -0.17069458
1779396303.91494226 -0.45871355 2.96473984 1.07270479 -0.15997512 -0.49749471 0.83547433 -0.16996945
1779396303.92523623 -0.45638256 2.96326743 1.07317529 -0.15919348 -0.49783952 0.83552922 -0.16942304
1779396303.93553042 -0.45046676 2.96107768 1.07532332 -0.15829335 -0.49845298 0.83557932 -0.16821132
1779396303.94583225 -0.44696798 2.95997133 1.07370579 -0.15749984 -0.49855776 0.83581015 -0.16749736
1779396303.95613742 -0.44638796 2.95723852 1.07666900 -0.15663557 -0.49929737 0.83560774 -0.16711414
1779396303.96646142 -0.44233988 2.95556424 1.07661031 -0.15581509 -0.49961881 0.83573789 -0.16626751
1779396303.97673392 -0.43711341 2.95410051 1.07608397 -0.15553229 -0.49981157 0.83586351 -0.16531874
1779396303.98707080 -0.43404800 2.95149957 1.07812188 -0.15492132 -0.50042978 0.83575348 -0.16457685
1779396303.99739885 -0.43382355 2.94964263 1.07874446 -0.15450881 -0.50079162 0.83565234 -0.16437750
1779396304.00773740 -0.43726033 2.94707417 1.07855218 -0.15361320 -0.50122779 0.83549841 -0.16466967
1779396304.01799130 -0.43520541 2.94484450 1.07903536 -0.15327915 -0.50162635 0.83542025 -0.16416306
1779396304.02826047 -0.43541967 2.94365340 1.07807277 -0.15282075 -0.50176727 0.83543753 -0.16407183
1779396304.03854036 -0.43885512 2.94102973 1.07820801 -0.15209274 -0.50223681 0.83522940 -0.16437105
1779396304.04874563 -0.43911556 2.94040735 1.07439888 -0.15188960 -0.50202540 0.83539173 -0.16437976
1779396304.05906248 -0.43797379 2.93878695 1.07351233 -0.15180740 -0.50220927 0.83535424 -0.16408431
1779396304.06939173 -0.43911175 2.93870908 1.06979705 -0.15149268 -0.50195339 0.83553915 -0.16421659
1779396304.07970643 -0.44375351 2.93721575 1.06707816 -0.15106757 -0.50199724 0.83547134 -0.16481808
1779396304.08999872 -0.44512142 2.93635445 1.06434076 -0.15031514 -0.50201098 0.83558925 -0.16486642
1779396304.10029387 -0.44606788 2.93615723 1.06115478 -0.15008277 -0.50183085 0.83572367 -0.16494516
1779396304.11063957 -0.44910101 2.93523899 1.05784167 -0.15016267 -0.50173147 0.83568677 -0.16536117
1779396304.12096167 -0.44956653 2.93505244 1.05409509 -0.14963111 -0.50157382 0.83588618 -0.16531342
1779396304.13132358 -0.45000515 2.93452255 1.05213100 -0.14930802 -0.50157926 0.83595214 -0.16525550
1779396304.13150644 -0.44992326 2.93466121 1.05069566 -0.14929159 -0.50145795 0.83603327 -0.16522809
1779396304.14168620 -0.45175652 2.93416607 1.04798679 -0.14932695 -0.50135576 0.83604227 -0.16546057
1779396304.15199232 -0.45333988 2.93353042 1.04507114 -0.14868538 -0.50135381 0.83614763 -0.16551181
1779396304.16232419 -0.45266743 2.93315536 1.04189208 -0.14812302 -0.50127108 0.83635444 -0.16522142
1779396304.17266560 -0.45377804 2.93266273 1.03930974 -0.14805606 -0.50117940 0.83640552 -0.16530100
1779396304.18295741 -0.45543449 2.93233701 1.03544449 -0.14726222 -0.50103971 0.83662043 -0.16534601
1779396304.19332528 -0.45271112 2.93227813 1.03194988 -0.14717556 -0.50082221 0.83687437 -0.16479611
1779396304.20370030 -0.45220793 2.93197690 1.02840898 -0.14665119 -0.50067165 0.83711423 -0.16450258
1779396304.21406293 -0.45186209 2.93118937 1.02716762 -0.14623406 -0.50075886 0.83718153 -0.16426580
1779396304.22443175 -0.45054177 2.93159966 1.02195339 -0.14580818 -0.50033096 0.83758108 -0.16391109
1779396304.23472428 -0.45044897 2.93073060 1.01976883 -0.14554769 -0.50034013 0.83766825 -0.16366892
1779396304.24500680 -0.44737515 2.93057757 1.01756858 -0.14524394 -0.50022948 0.83791140 -0.16303112
1779396304.25532794 -0.44349352 2.93116486 1.01248872 -0.14498922 -0.49974568 0.83839235 -0.16226723
1779396304.26566052 -0.44099527 2.93106812 1.00909215 -0.14488778 -0.49951148 0.83865817 -0.16170432
1779396304.27597523 -0.43815328 2.93140421 1.00443235 -0.14436313 -0.49911829 0.83910758 -0.16105493
1779396304.28631902 -0.43531939 2.93115193 1.00246495 -0.14447639 -0.49899254 0.83927236 -0.16048341
1779396304.29668617 -0.43272574 2.93221071 0.99585857 -0.14396104 -0.49831467 0.83987103 -0.15991983
1779396304.30698514 -0.43023098 2.93219648 0.99229975 -0.14393085 -0.49803634 0.84014856 -0.15935531
1779396304.31727386 -0.42869492 2.93194787 0.99005035 -0.14352433 -0.49793623 0.84036287 -0.15890414
1779396304.31745386 -0.42807774 2.93191267 0.98920316 -0.14335011 -0.49788859 0.84045156 -0.15874155
1779396304.32756257 -0.42616294 2.93226620 0.98563774 -0.14336255 -0.49754183 0.84072796 -0.15835338
1779396304.33786535 -0.42182194 2.93258500 0.98178932 -0.14324847 -0.49721692 0.84110305 -0.15748292
1779396304.34815741 -0.42230885 2.93226870 0.97807681 -0.14294067 -0.49699071 0.84131322 -0.15735397
1779396304.35843444 -0.41908661 2.93224017 0.97581253 -0.14259724 -0.49686010 0.84157625 -0.15666996
1779396304.36879802 -0.41717220 2.93199276 0.97281391 -0.14271827 -0.49666899 0.84175505 -0.15620449
1779396304.37911773 -0.41566019 2.93166206 0.96986908 -0.14228178 -0.49655117 0.84198788 -0.15572166
1779396304.38947368 -0.41373463 2.93254580 0.96464792 -0.14240878 -0.49596268 0.84237223 -0.15540203
1779396304.39974427 -0.41347163 2.93176044 0.96258587 -0.14238277 -0.49595411 0.84242845 -0.15514822
1779396304.41005516 -0.41199360 2.93250167 0.95661883 -0.14188453 -0.49538894 0.84291930 -0.15474373
1779396304.42035270 -0.41219021 2.93174163 0.95418643 -0.14208278 -0.49531535 0.84295340 -0.15461158
1779396304.43068695 -0.40992812 2.93264945 0.94908855 -0.14189222 -0.49476154 0.84339243 -0.15416494
1779396304.44098330 -0.40795104 2.93219784 0.94705777 -0.14174643 -0.49472888 0.84353372 -0.15362990
1779396304.45129871 -0.40697515 2.93254195 0.94210424 -0.14169665 -0.49428314 0.84385862 -0.15332600
1779396304.46165824 -0.40698288 2.93182442 0.94117327 -0.14145023 -0.49437038 0.84388724 -0.15311462
1779396304.47192359 -0.40154507 2.93270494 0.93636951 -0.14126837 -0.49388914 0.84438694 -0.15207718
1779396304.48223948 -0.40114244 2.93167863 0.93537472 -0.14117392 -0.49402571 0.84438361 -0.15173941
1779396304.49268150 -0.39699775 2.93204294 0.93155004 -0.14078689 -0.49371984 0.84478759 -0.15084332
1779396304.50302744 -0.39325863 2.93165619 0.93074863 -0.14086903 -0.49374775 0.84489539 -0.15006951
1779396304.51342511 -0.39124011 2.93107830 0.92919611 -0.14039422 -0.49380417 0.84505389 -0.14943503
1779396304.52382231 -0.38487759 2.93129074 0.92613411 -0.14028170 -0.49355486 0.84543424 -0.14820794
1779396304.53418803 -0.38327110 2.93065076 0.92543916 -0.13986280 -0.49367549 0.84552332 -0.14769301
1779396304.54444766 -0.37983770 2.93074484 0.92166231 -0.13924941 -0.49340932 0.84592392 -0.14686580
1779396304.55476618 -0.37475775 2.92989918 0.92101639 -0.13931605 -0.49352606 0.84602769 -0.14580880
1779396304.56507349 -0.37289477 2.92905498 0.91969409 -0.13861510 -0.49364839 0.84618468 -0.14515031
1779396304.57537794 -0.36968018 2.92856032 0.91841270 -0.13821577 -0.49367000 0.84636456 -0.14440694
1779396304.58573842 -0.36658919 2.92753984 0.91804525 -0.13802548 -0.49387848 0.84640846 -0.14361662
1779396304.59607625 -0.36576229 2.92550993 0.91966773 -0.13706237 -0.49448400 0.84631675 -0.14299453
1779396304.60642600 -0.36387407 2.92275565 0.92407784 -0.13734584 -0.49535507 0.84586691 -0.14236800
1779396304.61677814 -0.36492436 2.92088825 0.92549739 -0.13780375 -0.49575254 0.84555766 -0.14237905
1779396304.62712121 -0.36567524 2.91892290 0.92645752 -0.13656897 -0.49631037 0.84549662 -0.14198733
1779396304.63742971 -0.35760283 2.91745630 0.92877567 -0.13615805 -0.49685281 0.84552674 -0.14029541
1779396304.64778590 -0.35757011 2.91634714 0.92867487 -0.13508832 -0.49714307 0.84559090 -0.13991404
1779396304.65809226 -0.35299713 2.91468686 0.93051032 -0.13419378 -0.49769832 0.84560560 -0.13870679
1779396304.66838980 -0.34999261 2.91362181 0.93002824 -0.13348372 -0.49792565 0.84572449 -0.13784861
1779396304.67869806 -0.34639715 2.91216650 0.93109094 -0.13210170 -0.49841062 0.84583689 -0.13673316
1779396304.68904519 -0.34017422 2.91075718 0.93362174 -0.13165345 -0.49894046 0.84581205 -0.13538008
1779396304.69940686 -0.33425207 2.91029161 0.93234549 -0.13040974 -0.49903142 0.84617306 -0.13398540
1779396304.70974493 -0.33140680 2.90847859 0.93408469 -0.12932910 -0.49959886 0.84615664 -0.13301843
1779396304.72010303 -0.32685749 2.90749946 0.93475200 -0.12853753 -0.49990820 0.84626659 -0.13191948
1779396304.73040318 -0.32275197 2.90692016 0.93310105 -0.12720570 -0.49998181 0.84659867 -0.13079598
1779396304.74069977 -0.31827815 2.90483008 0.93622701 -0.12624025 -0.50070268 0.84650632 -0.12956573
1779396304.75098228 -0.31091219 2.90350293 0.93775658 -0.12520369 -0.50116511 0.84664408 -0.12787253
1779396304.76126599 -0.30784465 2.90244196 0.93819028 -0.12455190 -0.50143573 0.84670298 -0.12705547
1779396304.77161694 -0.30346038 2.90135528 0.93841497 -0.12353899 -0.50172143 0.84685597 -0.12589155
1779396304.78194118 -0.29828053 2.89919880 0.94148497 -0.12248317 -0.50243656 0.84678998 -0.12450748
1779396304.79224396 -0.29666303 2.89844838 0.94126576 -0.12168955 -0.50260323 0.84689043 -0.12392840
1779396304.79242730 -0.29544775 2.89850858 0.94032045 -0.12150967 -0.50251830 0.84700629 -0.12365722
1779396304.80257416 -0.28820523 2.89769817 0.94116535 -0.12082318 -0.50277839 0.84717173 -0.12212987
1779396304.81289744 -0.28665014 2.89652718 0.94076412 -0.11982152 -0.50299216 0.84728690 -0.12143558
1779396304.82321358 -0.28143698 2.89529929 0.94207010 -0.11900979 -0.50333684 0.84736983 -0.12022093
1779396304.82339382 -0.28122305 2.89468508 0.94264194 -0.11870844 -0.50349818 0.84734047 -0.12005005
1779396304.83349657 -0.27923392 2.89426502 0.94121573 -0.11842789 -0.50343138 0.84749596 -0.11950850
1779396304.84378791 -0.27167217 2.89347523 0.94091096 -0.11730830 -0.50357417 0.84780411 -0.11781345
1779396304.85408020 -0.26930451 2.89291935 0.93881859 -0.11670193 -0.50348550 0.84803681 -0.11711782
1779396304.86443019 -0.26911512 2.89279257 0.93605365 -0.11475123 -0.50339094 0.84843609 -0.11655866
1779396304.86462021 -0.26366624 2.89196317 0.93871454 -0.11529212 -0.50370449 0.84829912 -0.11566378
1779396304.87476635 -0.25946118 2.89041487 0.94087398 -0.11527501 -0.50411123 0.84818697 -0.11472751
1779396304.88506198 -0.25835888 2.88968354 0.93945093 -0.11431416 -0.50414021 0.84837596 -0.11416283
1779396304.89541626 -0.25167708 2.88838477 0.94061044 -0.11372285 -0.50446621 0.84846129 -0.11266947
1779396304.90577149 -0.25016201 2.88729960 0.94094652 -0.11286693 -0.50471144 0.84851065 -0.11205844
1779396304.91606426 -0.24623840 2.88660198 0.93970206 -0.11221844 -0.50471947 0.84872064 -0.11107903
1779396304.92637396 -0.24052624 2.88451916 0.94286038 -0.11205484 -0.50530808 0.84856119 -0.10977872
1779396304.93669391 -0.24005902 2.88355636 0.94303338 -0.11201921 -0.50545457 0.84851454 -0.10950089
1779396304.93688631 -0.24569437 2.88387265 0.94048296 -0.11212308 -0.50516240 0.84855443 -0.11042978
1779396304.94705606 -0.24952791 2.88332010 0.93881841 -0.11159843 -0.50512405 0.84859631 -0.11081422
1779396304.95737576 -0.24111793 2.88134243 0.94171668 -0.11060381 -0.50571334 0.84861929 -0.10893170
1779396304.96771288 -0.24156252 2.88193422 0.93660373 -0.11012553 -0.50514528 0.84903958 -0.10877684
1779396304.97800040 -0.23716707 2.88030071 0.93939584 -0.10917566 -0.50569638 0.84897797 -0.10764872
1779396304.98834491 -0.22518312 2.87967021 0.93887811 -0.10817708 -0.50574525 0.84937529 -0.10526673
1779396304.99869418 -0.23385660 2.88070195 0.93175362 -0.10826582 -0.50488863 0.84970464 -0.10662084
1779396305.00904655 -0.22840119 2.87877441 0.93534790 -0.10754210 -0.50553264 0.84957359 -0.10533837
1779396305.00923324 -0.22934707 2.87887177 0.93407282 -0.10730921 -0.50540876 0.84966684 -0.10541808
1779396305.01935816 -0.22688849 2.87846807 0.93304521 -0.10648924 -0.50540018 0.84986318 -0.10470563
1779396305.02969980 -0.22554301 2.87899837 0.92867736 -0.10611574 -0.50488872 0.85026650 -0.10427705
1779396305.04001355 -0.22010583 2.87810843 0.92847553 -0.10573089 -0.50497821 0.85040791 -0.10307463
1779396305.05031514 -0.21950588 2.87821732 0.92578370 -0.10487118 -0.50474108 0.85069958 -0.10270684
1779396305.06065631 -0.20501960 2.87456293 0.93458049 -0.10368699 -0.50614984 0.85036844 -0.09967379
1779396305.07094646 -0.21065318 2.87616400 0.92643644 -0.10381010 -0.50510955 0.85086747 -0.10056024
1779396305.08123279 -0.20392336 2.87353313 0.93259771 -0.10325759 -0.50610128 0.85052131 -0.09905988
1779396305.08141756 -0.20584435 2.87453806 0.92889177 -0.10326243 -0.50559570 0.85078144 -0.09940222
1779396305.09152198 -0.19983464 2.87399848 0.92866225 -0.10296870 -0.50563494 0.85093407 -0.09819345
1779396305.10181451 -0.18376879 2.86966846 0.93891635 -0.10204280 -0.50724244 0.85045965 -0.09492497
1779396305.11211228 -0.15886291 2.87463057 0.92526175 -0.10045439 -0.50523653 0.85231071 -0.09061684
1779396305.12246442 -0.15730597 2.87554517 0.92091310 -0.10029152 -0.50467975 0.85269833 -0.09025248
1779396305.13280392 -0.15245960 2.87448765 0.92159725 -0.09949978 -0.50493446 0.85276397 -0.08907634
1779396305.14313149 -0.14404783 2.87141761 0.92813044 -0.09902688 -0.50600974 0.85236938 -0.08725967
1779396305.15347195 -0.14215297 2.87235457 0.92392801 -0.09847603 -0.50551231 0.85277850 -0.08676760
1779396305.15365744 -0.13951716 2.87267937 0.92248030 -0.09806077 -0.50534555 0.85297959 -0.08623100
1779396305.16382694 -0.13670392 2.87233392 0.92150470 -0.09705632 -0.50536819 0.85315900 -0.08545636
1779396305.17416382 -0.13471883 2.87215771 0.92003640 -0.09683988 -0.50528346 0.85328664 -0.08492682
1779396305.18447518 -0.12793895 2.87026457 0.92315014 -0.09659988 -0.50586938 0.85310682 -0.08350684
1779396305.19483757 -0.12360538 2.86910296 0.92497596 -0.09610514 -0.50624114 0.85303697 -0.08253263
1779396305.20518327 -0.11910359 2.86705722 0.92889056 -0.09538186 -0.50698492 0.85278383 -0.08141454
1779396305.21552253 -0.11257850 2.86879705 0.92079554 -0.09373501 -0.50607394 0.85363852 -0.08002622
1779396305.22581363 -0.10196632 2.86618517 0.92679722 -0.09413944 -0.50698368 0.85323254 -0.07809958
1779396305.23610449 -0.09691365 2.86249088 0.93538256 -0.09370935 -0.50837830 0.85255809 -0.07690755
1779396305.24639654 -0.09076679 2.86319239 0.93160518 -0.09298514 -0.50798677 0.85297964 -0.07568976
1779396305.25673008 -0.08524680 2.86169699 0.93399202 -0.09225928 -0.50852407 0.85284738 -0.07445026
1779396305.26702285 -0.08693983 2.86080278 0.93487078 -0.09061694 -0.50894121 0.85278941 -0.07428075
1779396305.27731991 -0.07879733 2.85883436 0.93864286 -0.09053747 -0.50961828 0.85252565 -0.07274744
1779396305.28766227 -0.07418398 2.85636047 0.94370804 -0.08983207 -0.51057349 0.85212212 -0.07164362
1779396305.29802036 -0.07037847 2.85418405 0.94773879 -0.08937502 -0.51136597 0.85176953 -0.07075039
1779396305.30838490 -0.06763352 2.85432976 0.94591411 -0.08885040 -0.51124709 0.85194462 -0.07015974
1779396305.31874919 -0.06178901 2.85105259 0.95308915 -0.08812353 -0.51251060 0.85136859 -0.06883782
1779396305.32905030 -0.05941877 2.85042777 0.95309248 -0.08749194 -0.51271813 0.85135629 -0.06824771
1779396305.33936048 -0.05703442 2.84690297 0.96116453 -0.08686763 -0.51408781 0.85065051 -0.06753845
1779396305.34965920 -0.05421977 2.84565977 0.96266121 -0.08595110 -0.51452915 0.85053377 -0.06681661
1779396305.36000776 -0.05920973 2.84793259 0.95431509 -0.08379085 -0.51366833 0.85123242 -0.06728523
1779396305.37029982 -0.05238757 2.84469449 0.96157683 -0.08417474 -0.51479054 0.85060991 -0.06609159
1779396305.38067341 -0.04886275 2.84257432 0.96523023 -0.08405670 -0.51546657 0.85026582 -0.06539660
1779396305.39102650 -0.04623221 2.84160637 0.96592833 -0.08375529 -0.51570804 0.85018990 -0.06486445
1779396305.40131903 -0.04405266 2.84061691 0.96656147 -0.08290343 -0.51599511 0.85014175 -0.06430457
1779396305.41170835 -0.04313164 2.83897487 0.96927363 -0.08213238 -0.51656214 0.84989894 -0.06395018
1779396305.41191745 -0.04234175 2.83859543 0.96970689 -0.08202042 -0.51666818 0.84985757 -0.06378681
1779396305.42206216 -0.04142480 2.83711110 0.97199477 -0.08152970 -0.51714497 0.84963698 -0.06349001
1779396305.43230009 -0.04200067 2.83688384 0.97059622 -0.08077092 -0.51712152 0.84972614 -0.06345768
1779396305.44258237 -0.04028638 2.83542246 0.97232445 -0.08013089 -0.51754229 0.84956287 -0.06302338
1779396305.45289588 -0.05130977 2.83820663 0.96258491 -0.07791972 -0.51646087 0.85031099 -0.06455927
1779396305.46314502 -0.03796656 2.83429616 0.97114983 -0.07881618 -0.51769759 0.84963775 -0.06239325
1779396305.47339916 -0.03806000 2.83341791 0.97138062 -0.07862733 -0.51786004 0.84955629 -0.06239247
1779396305.48370910 -0.03945621 2.83320708 0.97041042 -0.07775526 -0.51787922 0.84961783 -0.06248826
1779396305.49393654 -0.03837589 2.83609241 0.95956902 -0.07512361 -0.51665816 0.85063289 -0.06200380
1779396305.50420427 -0.04666933 2.83564019 0.95902686 -0.07514602 -0.51672947 0.85048527 -0.06339186
1779396305.51448178 -0.04261602 2.83258309 0.96574713 -0.07431730 -0.51788344 0.84992311 -0.06248513
1779396305.51465464 -0.04201237 2.83184076 0.96716485 -0.07427880 -0.51812845 0.84978591 -0.06236575
1779396305.52473688 -0.04338035 2.83130246 0.96685284 -0.07414618 -0.51820853 0.84973100 -0.06260585
1779396305.53503609 -0.04441111 2.83198287 0.96276046 -0.07400794 -0.51775550 0.85000115 -0.06284989
1779396305.54536581 -0.04098727 2.83146839 0.96159599 -0.07429957 -0.51770631 0.85003735 -0.06241998
1779396305.55578351 -0.04244152 2.83076000 0.96182519 -0.07413188 -0.51788455 0.84992505 -0.06266956
1779396305.56617093 -0.04488510 2.83015189 0.96116490 -0.07419400 -0.51795434 0.84984126 -0.06315361
1779396305.57650614 -0.04539424 2.82753962 0.96605455 -0.07385627 -0.51888303 0.84930346 -0.06316072
1779396305.58683348 -0.04734707 2.82655275 0.96696914 -0.07389495 -0.51916340 0.84910069 -0.06353673
1779396305.58701634 -0.04737970 2.82596484 0.96796599 -0.07392543 -0.51935570 0.84897936 -0.06355111
1779396305.59718513 -0.05061463 2.82568181 0.96696037 -0.07383536 -0.51936029 0.84893906 -0.06415367
1779396305.60753393 -0.05065130 2.82405812 0.96899953 -0.07373267 -0.51985671 0.84864077 -0.06419760
1779396305.61787176 -0.05623453 2.82222857 0.97179767 -0.07351338 -0.52050635 0.84819068 -0.06512674
1779396305.62816024 -0.05881825 2.82168095 0.97143671 -0.07333557 -0.52061933 0.84810002 -0.06560303
1779396305.63850594 -0.05763704 2.82002702 0.97347044 -0.07347404 -0.52109670 0.84780310 -0.06549580
1779396305.64881134 -0.06176163 2.81941611 0.97291157 -0.07331305 -0.52122758 0.84767746 -0.06625655
1779396305.65918136 -0.06475725 2.81769978 0.97502661 -0.07369864 -0.52171313 0.84729455 -0.06690192
1779396305.66956687 -0.06721944 2.81624706 0.97704259 -0.07404817 -0.52213617 0.84696219 -0.06742205
1779396305.67990112 -0.08112567 2.81539578 0.97710893 -0.07361241 -0.52241516 0.84663972 -0.06974812
1779396305.69024825 -0.08640956 2.81197831 0.98345964 -0.07541866 -0.52342208 0.84575663 -0.07097233
1779396305.70067286 -0.08293481 2.80988296 0.98763948 -0.07695767 -0.52401669 0.84527059 -0.07072238
1779396305.70093298 -0.08307281 2.80851400 0.99066287 -0.07751587 -0.52446192 0.84493393 -0.07083531
1779396305.71102524 -0.08223826 2.81347518 0.97491559 -0.07566305 -0.52243708 0.84636471 -0.07072040
1779396305.72133613 -0.09120095 2.81123764 0.97790969 -0.07594285 -0.52310458 0.84579051 -0.07233736
1779396305.73169327 -0.10066413 2.80528895 0.99139947 -0.07828185 -0.52510770 0.84416574 -0.07428365
1779396305.74201536 -0.10552217 2.80392771 0.99273742 -0.07944285 -0.52538619 0.84378412 -0.07540921
1779396305.75229716 -0.11507433 2.80566096 0.98465672 -0.07832783 -0.52452834 0.84427300 -0.07705755
1779396305.76255870 -0.11933256 2.80350366 0.98769212 -0.08004159 -0.52503785 0.84369002 -0.07820321
1779396305.77283072 -0.12631095 2.80153853 0.99025293 -0.08047150 -0.52557123 0.84319396 -0.07951828
1779396305.77299857 -0.12832705 2.80179202 0.98898207 -0.08066668 -0.52541894 0.84322879 -0.07995649
1779396305.78310299 -0.13361156 2.80075230 0.98906969 -0.08153344 -0.52554375 0.84295651 -0.08111962
1779396305.79337382 -0.14018738 2.79973497 0.98829028 -0.08193692 -0.52562194 0.84273788 -0.08246687
1779396305.80365562 -0.14692062 2.79871245 0.98729367 -0.08263397 -0.52565640 0.84250559 -0.08391245
1779396305.81387997 -0.15307799 2.79761435 0.98722622 -0.08299525 -0.52582143 0.84224481 -0.08513100
1779396305.82419777 -0.15967775 2.79700890 0.98501812 -0.08344276 -0.52568299 0.84214465 -0.08652789
1779396305.83461499 -0.16720039 2.79593423 0.98368125 -0.08452093 -0.52565184 0.84188414 -0.08818985
1779396305.84489369 -0.17042137 2.79487034 0.98390818 -0.08504646 -0.52581159 0.84165096 -0.08895473
1779396305.85524058 -0.17766033 2.79314807 0.98458424 -0.08570598 -0.52610791 0.84123934 -0.09045072
1779396305.86557221 -0.18195229 2.79194611 0.98416761 -0.08675969 -0.52618634 0.84096334 -0.09154973
1779396305.87592840 -0.18809022 2.79118442 0.98194823 -0.08589590 -0.52618518 0.84093546 -0.09262072
1779396305.88618064 -0.19296722 2.78871733 0.98566679 -0.08807250 -0.52674285 0.84022026 -0.09388884
1779396305.89647174 -0.20232320 2.78693214 0.98589849 -0.08843698 -0.52701238 0.83980851 -0.09570014
1779396305.90678525 -0.21041388 2.78600290 0.98412751 -0.08909550 -0.52696079 0.83957844 -0.09737742
1779396305.91711354 -0.21557229 2.78704005 0.97839057 -0.08973639 -0.52624399 0.83981725 -0.09859829
1779396305.91735053 -0.21769772 2.78665814 0.97835736 -0.08997886 -0.52628562 0.83971293 -0.09904262
1779396305.92746758 -0.22160556 2.78471056 0.98092388 -0.09110040 -0.52676658 0.83917867 -0.09998420
1779396305.93774986 -0.23003502 2.78443563 0.97759627 -0.09143687 -0.52652190 0.83908925 -0.10170158
1779396305.94799256 -0.24026841 2.78203245 0.97948519 -0.09252920 -0.52704248 0.83839296 -0.10373917
1779396305.95828843 -0.24485812 2.78392879 0.97208092 -0.09292786 -0.52608828 0.83880839 -0.10486193
1779396305.96858668 -0.24850295 2.78569979 0.96473905 -0.09314834 -0.52519959 0.83921978 -0.10582503
1779396305.97887278 -0.25387556 2.78374949 0.96602588 -0.09432975 -0.52557402 0.83869322 -0.10708656
1779396305.98921061 -0.25608027 2.78359296 0.96407953 -0.09459335 -0.52544354 0.83867098 -0.10766698
1779396305.99951816 -0.25820608 2.78532801 0.95636756 -0.09524823 -0.52446841 0.83910413 -0.10846624
1779396306.00977015 -0.25967654 2.78506142 0.95400067 -0.09509077 -0.52433878 0.83914751 -0.10889469
1779396306.02006674 -0.26191642 2.78491659 0.95196500 -0.09613005 -0.52412188 0.83906729 -0.10964190
1779396306.02022266 -0.26280419 2.78467737 0.95173264 -0.09677509 -0.52409667 0.83896672 -0.10996414
1779396306.03037119 -0.26626507 2.78433676 0.94950327 -0.09715494 -0.52392008 0.83892313 -0.11080003
1779396306.04064703 -0.26726782 2.78481188 0.94512148 -0.09778270 -0.52340786 0.83909621 -0.11135668
1779396306.05105472 -0.26954619 2.78506169 0.94039046 -0.09831918 -0.52288907 0.83925344 -0.11213392
1779396306.06137848 -0.26861985 2.78416853 0.94124965 -0.09735489 -0.52318809 0.83921244 -0.11188716
1779396306.07169318 -0.27169324 2.78418259 0.93669522 -0.09757530 -0.52274246 0.83935000 -0.11274286
1779396306.08192897 -0.27465404 2.78337694 0.93487094 -0.09739581 -0.52270979 0.83929834 -0.11343207
1779396306.09220171 -0.27743333 2.78233294 0.93423713 -0.09732307 -0.52282616 0.83915028 -0.11405188
1779396306.10249281 -0.28265518 2.78318863 0.92738568 -0.09754201 -0.52204806 0.83943611 -0.11531869
1779396306.11277723 -0.28248628 2.78062383 0.93060012 -0.09779408 -0.52274823 0.83895182 -0.11545761
1779396306.12314463 -0.28543874 2.78205016 0.92247883 -0.09706306 -0.52185062 0.83949321 -0.11619747
1779396306.13343406 -0.28615181 2.77967665 0.92591919 -0.09746685 -0.52252689 0.83899001 -0.11645438
1779396306.14376879 -0.28605750 2.77764658 0.92755405 -0.09724605 -0.52305494 0.83867093 -0.11656671
1779396306.15407801 -0.28797145 2.77662134 0.92647450 -0.09833897 -0.52306715 0.83842859 -0.11733584
1779396306.16439176 -0.28870296 2.77579534 0.92575362 -0.09850530 -0.52314340 0.83831558 -0.11766344
1779396306.16459990 -0.28765900 2.77520792 0.92678219 -0.09859081 -0.52334534 0.83819827 -0.11752944
1779396306.17475605 -0.28865019 2.77509113 0.92454669 -0.09853140 -0.52319349 0.83824967 -0.11788814
1779396306.18505478 -0.28938476 2.77501566 0.92086739 -0.09853537 -0.52290272 0.83837315 -0.11829621
1779396306.19530725 -0.29072024 2.77514149 0.91712538 -0.09812913 -0.52262190 0.83853511 -0.11872614
1779396306.20556259 -0.29300673 2.77325215 0.92001691 -0.09760484 -0.52327317 0.83814468 -0.11904611
1779396306.21588445 -0.29091132 2.77320834 0.91737861 -0.09669873 -0.52318398 0.83834496 -0.11876705
1779396306.22614241 -0.28851797 2.77267974 0.91627192 -0.09727903 -0.52319584 0.83828046 -0.11869615
1779396306.23639965 -0.28724007 2.77242748 0.91502315 -0.09746569 -0.52316415 0.83827689 -0.11870794
1779396306.24672365 -0.28111722 2.77299564 0.91205155 -0.09694724 -0.52294792 0.83859757 -0.11781693
1779396306.25698447 -0.27913986 2.77256003 0.91087318 -0.09643814 -0.52303976 0.83862909 -0.11760249
1779396306.26728821 -0.27418589 2.77277673 0.90890960 -0.09623971 -0.52291660 0.83882639 -0.11690355
1779396306.27760100 -0.27378072 2.77212321 0.90812864 -0.09570935 -0.52309916 0.83876818 -0.11693983
1779396306.28787804 -0.26732478 2.77238467 0.90530871 -0.09469683 -0.52298881 0.83909917 -0.11587835
1779396306.29811859 -0.26106418 2.77117104 0.90752025 -0.09417574 -0.52355671 0.83894362 -0.11486041
1779396306.30847502 -0.25596795 2.77119240 0.90638525 -0.09388070 -0.52357128 0.83907064 -0.11410514
1779396306.31878328 -0.25006994 2.76994851 0.90817277 -0.09317943 -0.52412171 0.83893854 -0.11312005
1779396306.32900453 -0.24575981 2.77096112 0.90272192 -0.09366070 -0.52353894 0.83928934 -0.11281865
1779396306.33934832 -0.24200367 2.77053746 0.90250214 -0.09260810 -0.52376295 0.83936275 -0.11209945
1779396306.34969759 -0.23791201 2.77127233 0.89871363 -0.09219518 -0.52343864 0.83967653 -0.11160357
1779396306.36000276 -0.23422999 2.76979953 0.90097168 -0.09147173 -0.52406130 0.83945051 -0.11097525
1779396306.37030673 -0.22628280 2.77138336 0.89576063 -0.09057051 -0.52352387 0.84004444 -0.10975005
1779396306.38061595 -0.22059094 2.77073322 0.89631157 -0.08970844 -0.52381992 0.84008464 -0.10873310
1779396306.39089537 -0.21966747 2.77211378 0.88993195 -0.08933834 -0.52312270 0.84054748 -0.10881742
1779396306.40116286 -0.20687702 2.77135406 0.89224157 -0.08870906 -0.52364823 0.84056406 -0.10665502
1779396306.41150880 -0.20140287 2.77197386 0.88931192 -0.08768363 -0.52343950 0.84092295 -0.10569418
1779396306.42187715 -0.19391320 2.77327600 0.88282945 -0.08864053 -0.52261725 0.84142290 -0.10498369
1779396306.43212795 -0.18926642 2.77398385 0.87930827 -0.08786894 -0.52234075 0.84176081 -0.10429726
1779396306.44242716 -0.18965095 2.77651477 0.86974178 -0.08789188 -0.52107328 0.84249347 -0.10470151
1779396306.44260049 -0.18677415 2.77623182 0.87021720 -0.08759049 -0.52120737 0.84250559 -0.10418788
1779396306.45269895 -0.17943357 2.77583193 0.87073686 -0.08642823 -0.52150161 0.84261221 -0.10281485
1779396306.46301436 -0.17200245 2.77976172 0.85736117 -0.08527558 -0.51977308 0.84392550 -0.10175348
1779396306.47333789 -0.16717770 2.77921574 0.85701715 -0.08513407 -0.51994485 0.84391281 -0.10109758
1779396306.48366046 -0.16673601 2.77748410 0.86109255 -0.08636862 -0.52056115 0.84337347 -0.10137916
1779396306.49394846 -0.16191836 2.77900206 0.85512345 -0.08618467 -0.51983765 0.84390239 -0.10084531
1779396306.50426841 -0.15044191 2.78208008 0.84276503 -0.08363378 -0.51842508 0.84527692 -0.09873071
1779396306.51460481 -0.15275873 2.78168145 0.84211472 -0.08394485 -0.51844675 0.84515788 -0.09936992
1779396306.51476598 -0.15280576 2.78108269 0.84327457 -0.08434488 -0.51863621 0.84498650 -0.09949994
1779396306.52483177 -0.14394466 2.78369683 0.83407529 -0.08299099 -0.51752135 0.84597923 -0.09799642
1779396306.53512192 -0.14269933 2.78288976 0.83436732 -0.08338887 -0.51767903 0.84583448 -0.09807525
1779396306.54547977 -0.12946582 2.78465959 0.82662299 -0.08178324 -0.51685364 0.84675874 -0.09577813
1779396306.55573440 -0.12874604 2.78514199 0.82274238 -0.08127977 -0.51646367 0.84704987 -0.09573603
1779396306.56603909 -0.12280718 2.78647856 0.81614413 -0.08048711 -0.51570235 0.84768804 -0.09485726
1779396306.57630801 -0.11528121 2.78605373 0.81461118 -0.08046833 -0.51567178 0.84783015 -0.09376299
1779396306.58659792 -0.11182317 2.78479739 0.81599757 -0.07956671 -0.51610129 0.84773162 -0.09305756
1779396306.59684110 -0.10301674 2.78655317 0.80768809 -0.07896576 -0.51504262 0.84857592 -0.09173018
1779396306.60709000 -0.09253190 2.78624793 0.80581278 -0.07823896 -0.51499836 0.84886005 -0.08995542
1779396306.61734033 -0.08922145 2.78629272 0.80298611 -0.07818382 -0.51470258 0.84908809 -0.08954306
1779396306.61752629 -0.09073982 2.78458993 0.80705152 -0.07805845 -0.51539649 0.84865809 -0.08973729
1779396306.62769365 -0.08202944 2.78639273 0.79912304 -0.07783943 -0.51431658 0.84946783 -0.08845270
1779396306.63808537 -0.07074701 2.78673998 0.79439110 -0.07719153 -0.51380157 0.85003070 -0.08658652
1779396306.64870095 -0.06636661 2.78514310 0.79510794 -0.07674659 -0.51414474 0.84993640 -0.08586768
1779396306.65908861 -0.06018831 2.78415957 0.79529859 -0.07621975 -0.51434258 0.84997440 -0.08476901
1779396306.65928960 -0.06122951 2.78385114 0.79501727 -0.07618324 -0.51435227 0.84995030 -0.08498434
1779396306.66939688 -0.05286884 2.78334148 0.79315178 -0.07509313 -0.51430217 0.85023207 -0.08342501
1779396306.67970181 -0.04883980 2.78273456 0.79075417 -0.07466403 -0.51414124 0.85042711 -0.08281185
1779396306.68999863 -0.04292330 2.77941118 0.79577307 -0.07469387 -0.51511994 0.84992365 -0.08186614
1779396306.70029855 -0.03421725 2.77961781 0.79164830 -0.07393602 -0.51466708 0.85040829 -0.08035544
1779396306.71056461 -0.03709248 2.77704418 0.79470153 -0.07394987 -0.51533887 0.84994287 -0.08095909
1779396306.72081995 -0.02882763 2.77709838 0.78971720 -0.07332994 -0.51479548 0.85045558 -0.07958418
1779396306.73109221 -0.02030124 2.77586162 0.78917338 -0.07274487 -0.51492096 0.85057061 -0.07806559
1779396306.74140549 -0.02038151 2.77389132 0.79093954 -0.07227744 -0.51540948 0.85031524 -0.07805795
1779396306.75170159 -0.01499522 2.77377375 0.78595090 -0.07187386 -0.51486348 0.85075442 -0.07724418
1779396306.76205015 -0.01511706 2.77241744 0.78668522 -0.07177255 -0.51512848 0.85059473 -0.07733014
1779396306.77240777 -0.00806636 2.76831653 0.79419374 -0.07156917 -0.51651191 0.84988951 -0.07603370
1779396306.78274465 0.00009509 2.76788936 0.79028069 -0.07171356 -0.51607576 0.85024982 -0.07482124
1779396306.79303837 0.00221538 2.76575634 0.79200706 -0.07126101 -0.51659442 0.85000927 -0.07440636
1779396306.80332518 0.00539899 2.76443795 0.79226613 -0.07109266 -0.51680689 0.84994151 -0.07386413
1779396306.81366873 0.01055940 2.76388906 0.78882597 -0.07101814 -0.51649818 0.85020326 -0.07307854
1779396306.82396173 0.01404025 2.76005058 0.79577946 -0.07096518 -0.51779997 0.84947126 -0.07242726
1779396306.83426881 0.01791901 2.75978372 0.79179355 -0.07117674 -0.51738218 0.84974962 -0.07193842
1779396306.84456015 0.01978867 2.75475234 0.80372384 -0.07123347 -0.51940214 0.84854991 -0.07148613
1779396306.85493565 0.02225557 2.75587430 0.79561758 -0.07159263 -0.51835003 0.84917513 -0.07133964
1779396306.86529255 0.02564536 2.75030127 0.80805282 -0.07147550 -0.52053838 0.84790971 -0.07057037
1779396306.87565374 0.02640521 2.75070105 0.80334004 -0.07154981 -0.52000183 0.84823269 -0.07056927
1779396306.87585711 0.02716596 2.75015826 0.80389228 -0.07172067 -0.52013061 0.84814641 -0.07048379
1779396306.88600135 0.02863150 2.74771210 0.80846972 -0.07175347 -0.52102650 0.84761809 -0.07018840
1779396306.89635062 0.02857805 2.74210950 0.82212113 -0.07391721 -0.52313091 0.84610441 -0.07055227
1779396306.90665579 0.03294756 2.73958879 0.82562333 -0.07469129 -0.52385384 0.84563840 -0.06995764
1779396306.91701436 0.03633484 2.73735971 0.82925108 -0.07468067 -0.52461818 0.84521956 -0.06929983
1779396306.92732072 0.03863842 2.73544623 0.83084542 -0.07463800 -0.52517495 0.84491286 -0.06886727
1779396306.93759990 0.04160175 2.73320746 0.83361629 -0.07458339 -0.52589298 0.84451820 -0.06828547
1779396306.94790626 0.04500258 2.73148016 0.83558401 -0.07431120 -0.52643709 0.84425965 -0.06758312
1779396306.94809079 0.04482292 2.73118658 0.83558686 -0.07445064 -0.52649855 0.84420416 -0.06764405
1779396306.95825529 0.04053664 2.72756296 0.84414083 -0.07660782 -0.52779109 0.84311314 -0.06876072
1779396306.96851254 0.04124996 2.72687916 0.84293155 -0.07711044 -0.52779788 0.84306073 -0.06878945
1779396306.97877741 0.04480673 2.72497527 0.84469121 -0.07720991 -0.52833122 0.84277120 -0.06812825
1779396306.98910952 0.05183322 2.72641445 0.83650296 -0.07501641 -0.52752820 0.84360491 -0.06646278
1779396306.99940562 0.04701415 2.72364348 0.84173050 -0.07627643 -0.52846997 0.84282041 -0.06749194
1779396307.00973892 0.05243617 2.72341861 0.83827464 -0.07607946 -0.52819125 0.84308943 -0.06652914
1779396307.02004457 0.05624167 2.72233846 0.83831752 -0.07622679 -0.52836519 0.84301791 -0.06588255
1779396307.03043985 0.04969455 2.71981547 0.84241185 -0.07763024 -0.52912251 0.84230498 -0.06726988
1779396307.04074788 0.05472450 2.71937121 0.83917117 -0.07670211 -0.52897984 0.84256723 -0.06616327
1779396307.05103993 0.05045077 2.71808571 0.83967960 -0.07656934 -0.52934596 0.84229495 -0.06685219
1779396307.06139708 0.05039089 2.71750313 0.83813487 -0.07641632 -0.52932825 0.84232220 -0.06682415
1779396307.07173824 0.06248357 2.71643734 0.83510760 -0.07607127 -0.52915609 0.84263737 -0.06456982
1779396307.08205009 0.05218873 2.71391923 0.83977776 -0.07625141 -0.53015340 0.84186128 -0.06627733
1779396307.09235835 0.04821236 2.71317029 0.83943148 -0.07600959 -0.53033644 0.84171946 -0.06688910
1779396307.09253860 0.04884260 2.71260386 0.84000336 -0.07617722 -0.53047180 0.84162691 -0.06678965
1779396307.10267067 0.04677831 2.71049874 0.84355753 -0.07699357 -0.53111419 0.84111364 -0.06721275
1779396307.11299634 0.05899420 2.71012690 0.83819541 -0.07664471 -0.53059153 0.84165355 -0.06494244
1779396307.12332439 0.04758523 2.70645172 0.84740580 -0.07814425 -0.53207212 0.84041105 -0.06709697
1779396307.13367510 0.05546234 2.70767654 0.83853595 -0.07699341 -0.53107043 0.84127946 -0.06546048
1779396307.14403009 0.04429362 2.70382852 0.84727925 -0.07835184 -0.53256991 0.84004502 -0.06748817
1779396307.15432596 0.04381974 2.70232277 0.84757947 -0.07827257 -0.53290380 0.83984535 -0.06742951
1779396307.16464210 0.04748666 2.70142591 0.84619803 -0.07715508 -0.53309253 0.83991161 -0.06639237
1779396307.17504311 0.04485958 2.70030848 0.84620864 -0.07748162 -0.53328073 0.83972957 -0.06680197
1779396307.18533874 0.04443900 2.69694166 0.85224086 -0.07887992 -0.53433133 0.83891888 -0.06695594
1779396307.19566917 0.04886285 2.69663454 0.84904332 -0.07920215 -0.53401569 0.83915348 -0.06614908
1779396307.20599008 0.04050689 2.69347699 0.85522806 -0.08005216 -0.53518104 0.83821753 -0.06755945
1779396307.21631670 0.04652746 2.69241953 0.85355276 -0.07916562 -0.53531199 0.83833414 -0.06610402
1779396307.22665787 0.03765146 2.68966905 0.85826779 -0.08043554 -0.53621440 0.83750765 -0.06771393
1779396307.23706746 0.04098770 2.69032015 0.85305390 -0.07992825 -0.53565708 0.83797442 -0.06694657
1779396307.24733686 0.03866700 2.68758999 0.85780686 -0.08085384 -0.53656284 0.83727729 -0.06730316
1779396307.25759625 0.03918384 2.68602389 0.85857961 -0.08102341 -0.53692948 0.83704788 -0.06702822
1779396307.26795053 0.04491441 2.68598385 0.85352069 -0.08004559 -0.53653824 0.83750478 -0.06561376
1779396307.27826071 0.04100033 2.68511334 0.85343481 -0.07996606 -0.53675427 0.83733429 -0.06611787
1779396307.28869987 0.02946492 2.68164115 0.86097586 -0.08194630 -0.53799667 0.83616976 -0.06829721
1779396307.29914236 0.03991956 2.68236629 0.85498463 -0.08057183 -0.53738642 0.83687729 -0.06603346
1779396307.30944705 0.04233097 2.68036845 0.85574825 -0.08192922 -0.53769029 0.83658485 -0.06559383
1779396307.31973624 0.03249646 2.67815916 0.86073677 -0.08299163 -0.53855915 0.83578106 -0.06735322
1779396307.33008385 0.03464272 2.67704207 0.86054943 -0.08249200 -0.53885927 0.83569509 -0.06662935
1779396307.34037638 0.03507725 2.67587584 0.85950749 -0.08284745 -0.53894985 0.83562197 -0.06637228
1779396307.35072565 0.03361323 2.67432272 0.86227684 -0.08246656 -0.53962186 0.83522901 -0.06633262
1779396307.35090733 0.03339067 2.67432282 0.86134955 -0.08229369 -0.53957305 0.83528247 -0.06627112
1779396307.36107492 0.03269620 2.67360154 0.86088230 -0.08248584 -0.53968090 0.83519599 -0.06624400
1779396307.37137651 0.03509094 2.67289844 0.85904240 -0.08244440 -0.53966900 0.83526172 -0.06556022
1779396307.38168001 0.03402872 2.67165227 0.85941393 -0.08176159 -0.54008042 0.83508209 -0.06531525
1779396307.39202595 0.03272083 2.67070676 0.85985547 -0.08186409 -0.54034744 0.83489576 -0.06536049
1779396307.40235734 0.02536255 2.66948610 0.86151488 -0.08220985 -0.54084213 0.83445294 -0.06648033
1779396307.41267848 0.02299824 2.66878523 0.86076617 -0.08140743 -0.54107442 0.83438172 -0.06647136
1779396307.42297888 0.02534202 2.66860936 0.85862576 -0.08146906 -0.54091749 0.83452423 -0.06588151
1779396307.42316341 0.02484387 2.66859323 0.85798203 -0.08146687 -0.54088012 0.83454676 -0.06590562
1779396307.43328023 0.02529208 2.66874252 0.85537956 -0.08129723 -0.54067845 0.83471787 -0.06560230
1779396307.44363785 0.01771226 2.66768067 0.85628061 -0.08064462 -0.54116545 0.83439344 -0.06651311
1779396307.45396829 0.02239093 2.66737412 0.85336537 -0.08053776 -0.54095721 0.83462810 -0.06538277
1779396307.46431112 0.02224335 2.66737315 0.85134295 -0.08041218 -0.54083710 0.83473401 -0.06517860
1779396307.47467685 0.01977392 2.66708809 0.84952446 -0.07983468 -0.54085671 0.83477468 -0.06520487
1779396307.48497033 0.01823237 2.66648167 0.84839622 -0.07945789 -0.54096864 0.83474695 -0.06509144
1779396307.49533629 0.01907281 2.66674828 0.84485729 -0.07924842 -0.54066261 0.83500137 -0.06462463
1779396307.50567293 0.01796496 2.66639579 0.84375176 -0.07885575 -0.54071614 0.83501345 -0.06450087
1779396307.51599550 0.01720975 2.66619480 0.84128886 -0.07868039 -0.54058693 0.83513021 -0.06428613
1779396307.52629185 0.01525216 2.66595526 0.83942868 -0.07831720 -0.54057157 0.83517856 -0.06423062
1779396307.53658009 0.01371835 2.66559505 0.83866232 -0.07808579 -0.54065047 0.83515178 -0.06419647
1779396307.53679538 0.01300816 2.66577827 0.83744422 -0.07802068 -0.54052487 0.83523567 -0.06424189
1779396307.54690242 0.01498575 2.66570416 0.83512674 -0.07778293 -0.54035088 0.83541976 -0.06359692
1779396307.55720210 0.01956825 2.66498961 0.83388070 -0.07724230 -0.54044003 0.83551178 -0.06227567
1779396307.56754422 0.01823204 2.66469544 0.83209141 -0.07695592 -0.54042487 0.83556091 -0.06210241
1779396307.57781363 0.01888671 2.66422248 0.83113596 -0.07715363 -0.54042639 0.83556735 -0.06175632
1779396307.58814645 0.02534205 2.66387653 0.82851948 -0.07710428 -0.54023738 0.83580549 -0.06023024
1779396307.59844589 0.02535681 2.66356823 0.82650344 -0.07650959 -0.54021059 0.83591427 -0.05971707
1779396307.60869908 0.02101167 2.66293882 0.82621801 -0.07641226 -0.54036799 0.83578757 -0.06018922
1779396307.61899185 0.02264942 2.66269161 0.82421664 -0.07589864 -0.54031448 0.83592325 -0.05943049
1779396307.62928820 0.02204708 2.66216649 0.82282562 -0.07549561 -0.54037445 0.83594733 -0.05905862
1779396307.63957334 0.02177125 2.66205287 0.82098597 -0.07551886 -0.54024458 0.83604410 -0.05884688
1779396307.63976216 0.02166134 2.66188865 0.82082243 -0.07541076 -0.54028163 0.83603702 -0.05874581
1779396307.64987183 0.02124050 2.66192645 0.81845893 -0.07506057 -0.54011709 0.83619411 -0.05847092
1779396307.66018844 0.02318238 2.66121132 0.81718624 -0.07471742 -0.54017967 0.83624286 -0.05762903
1779396307.67048955 0.02231131 2.66063183 0.81594948 -0.07437081 -0.54024700 0.83625292 -0.05729932
1779396307.68082547 0.02347744 2.66054473 0.81394278 -0.07420008 -0.54010287 0.83639791 -0.05676062
1779396307.69119048 0.02477577 2.65974461 0.81333985 -0.07374590 -0.54026286 0.83638760 -0.05597653
1779396307.70148706 0.02758751 2.65905966 0.81223911 -0.07363236 -0.54030674 0.83643209 -0.05502957
1779396307.71177983 0.02682464 2.65886532 0.81032530 -0.07335236 -0.54020811 0.83653640 -0.05478571
1779396307.71196437 0.02728101 2.65899213 0.80940336 -0.07322021 -0.54012236 0.83661710 -0.05457533
1779396307.72214460 0.02729991 2.65890941 0.80757486 -0.07276067 -0.54002147 0.83674973 -0.05415325
1779396307.73245716 0.02785303 2.65815801 0.80665558 -0.07247659 -0.54012116 0.83674894 -0.05354898
1779396307.74276066 0.02993908 2.65831287 0.80317635 -0.07217837 -0.53978209 0.83704703 -0.05270526
1779396307.75307560 0.03125949 2.65798682 0.80160674 -0.07180952 -0.53971852 0.83716054 -0.05205329
1779396307.76344681 0.03269493 2.65800257 0.79886551 -0.07145430 -0.53949743 0.83737971 -0.05130323
1779396307.77377057 0.03368017 2.65743672 0.79729793 -0.07080272 -0.53950300 0.83747925 -0.05051725
1779396307.78412557 0.03585097 2.65740024 0.79407398 -0.07037867 -0.53922397 0.83774932 -0.04960274
1779396307.79448605 0.03786385 2.65744220 0.79141970 -0.06997365 -0.53897939 0.83798628 -0.04882514
1779396307.80486894 0.03723349 2.65734800 0.78922622 -0.06909910 -0.53888535 0.83815004 -0.04829489
1779396307.81521130 0.03718133 2.65737366 0.78612366 -0.06849917 -0.53862774 0.83839675 -0.04773795
1779396307.82551837 0.04177307 2.65672793 0.78488621 -0.06793184 -0.53861708 0.83852448 -0.04640698
1779396307.83599877 0.04250290 2.65687246 0.78112596 -0.06699985 -0.53828804 0.83885457 -0.04560721
1779396307.84635091 0.04000851 2.65689000 0.77824636 -0.06568785 -0.53814935 0.83906476 -0.04528472
1779396307.85664487 0.04174015 2.65678349 0.77522553 -0.06518799 -0.53788278 0.83932253 -0.04438844
1779396307.86698508 0.04005031 2.65641455 0.77376693 -0.06484760 -0.53783851 0.83938387 -0.04426339
1779396307.87728381 0.04418944 2.65614185 0.77111937 -0.06410334 -0.53764493 0.83963826 -0.04285184
1779396307.88757062 0.04570984 2.65631451 0.76746859 -0.06321866 -0.53731759 0.83996210 -0.04191518
1779396307.89783502 0.04826297 2.65568395 0.76663336 -0.06262799 -0.53736131 0.84002706 -0.04092788
1779396307.89803171 0.04837960 2.65536163 0.76676663 -0.06249409 -0.53744114 0.83999490 -0.04074402
1779396307.90815496 0.04626452 2.65498020 0.76531308 -0.06233989 -0.53737087 0.84005154 -0.04073934
1779396307.91852283 0.05241568 2.65421131 0.76338818 -0.06129878 -0.53732682 0.84024542 -0.03885849
1779396307.92873192 0.05210565 2.65429570 0.75970513 -0.06095979 -0.53695259 0.84053145 -0.03837570
1779396307.93908024 0.05415289 2.65347159 0.75892275 -0.06012462 -0.53704006 0.84057995 -0.03739443
1779396307.94943476 0.05207830 2.65336948 0.75577057 -0.05944832 -0.53679694 0.84079430 -0.03714691
1779396307.95972991 0.05670520 2.65280398 0.75361025 -0.05863857 -0.53666909 0.84099952 -0.03560365
1779396307.97003508 0.05478437 2.65245942 0.75208843 -0.05788293 -0.53663385 0.84108289 -0.03540124
1779396307.97024369 0.05410091 2.65211543 0.75218846 -0.05795838 -0.53669508 0.84103787 -0.03541932
1779396307.98040509 0.05789503 2.65177493 0.75027410 -0.05715873 -0.53657897 0.84121920 -0.03414881
1779396307.99069500 0.05720599 2.65135380 0.74727901 -0.05645163 -0.53636422 0.84142523 -0.03361878
1779396308.00105858 0.06293144 2.65000185 0.74702271 -0.05595406 -0.53652839 0.84141988 -0.03192198
1779396308.01142883 0.06194980 2.64949045 0.74589654 -0.05450052 -0.53659649 0.84149398 -0.03133338
1779396308.02184033 0.06424430 2.64907208 0.74324482 -0.05421277 -0.53637210 0.84169162 -0.03035072
1779396308.03216195 0.06604395 2.64850342 0.74062745 -0.05285768 -0.53625326 0.84189571 -0.02915679
1779396308.04245567 0.06779096 2.64764346 0.73935031 -0.05222614 -0.53626407 0.84196198 -0.02816569
1779396308.05274725 0.06938167 2.64697845 0.73776824 -0.05158588 -0.53620516 0.84206755 -0.02729757
1779396308.06308413 0.06945678 2.64656239 0.73504359 -0.05027766 -0.53605530 0.84226901 -0.02645347
1779396308.07341242 0.07167931 2.64546024 0.73429924 -0.04961384 -0.53616187 0.84227479 -0.02533958
1779396308.08375382 0.07351395 2.64505859 0.73256671 -0.04883951 -0.53606980 0.84240597 -0.02441410
1779396308.09405971 0.07717346 2.64445434 0.72959465 -0.04799109 -0.53584921 0.84263451 -0.02301219
1779396308.10440707 0.08198671 2.64335957 0.72917365 -0.04731927 -0.53596528 0.84263779 -0.02153269
1779396308.11475945 0.08468953 2.64266631 0.72758690 -0.04605471 -0.53595959 0.84274458 -0.02019531
1779396308.12505507 0.08877353 2.64130902 0.72708344 -0.04517000 -0.53612901 0.84271980 -0.01867310
1779396308.13534617 0.09011819 2.64059243 0.72558600 -0.04377502 -0.53616051 0.84279757 -0.01754732
1779396308.14564872 0.09153846 2.63997357 0.72274587 -0.04311392 -0.53594754 0.84298641 -0.01659315
1779396308.15593600 0.09451604 2.63937711 0.72154306 -0.04193565 -0.53595748 0.84306308 -0.01534985
1779396308.16625404 0.09469272 2.63817619 0.72089669 -0.04085821 -0.53612387 0.84302486 -0.01452191
1779396308.17659330 0.09904532 2.63698718 0.71974261 -0.03999701 -0.53617810 0.84305693 -0.01297295
1779396308.18693471 0.09919232 2.63658593 0.71725542 -0.03853288 -0.53605914 0.84321415 -0.01207122
1779396308.19729662 0.09899859 2.63627740 0.71494848 -0.03742628 -0.53591320 0.84336549 -0.01144385
1779396308.20764852 0.10038409 2.63540936 0.71366660 -0.03631453 -0.53597011 0.84339141 -0.01040337
1779396308.21794415 0.11083498 2.63398395 0.71080271 -0.03493556 -0.53584471 0.84355935 -0.00758867
1779396308.22826815 0.10763967 2.63383177 0.70953656 -0.03386712 -0.53585323 0.84359776 -0.00755977
1779396308.23858786 0.11006983 2.63322833 0.70665805 -0.03209956 -0.53571740 0.84376490 -0.00610506
1779396308.24889541 0.11394709 2.63378632 0.70037097 -0.02959814 -0.53507165 0.84427724 -0.00426967
1779396308.25919294 0.11446846 2.63178014 0.70343165 -0.02821392 -0.53584848 0.84383623 -0.00328597
1779396308.26949596 0.11555266 2.63149254 0.70167927 -0.02709813 -0.53576688 0.84392746 -0.00244422
1779396308.27976751 0.11697367 2.63072780 0.70040632 -0.02496787 -0.53590237 0.84390995 -0.00111361
1779396308.29008365 0.12012908 2.63079427 0.69634618 -0.02265499 -0.53558381 0.84417794 0.00057513
1779396308.30042696 0.12459198 2.63114342 0.69115809 -0.01966206 -0.53510790 0.84455090 0.00259067
1779396308.31078601 0.12796036 2.63009284 0.69122086 -0.01691283 -0.53545942 0.84437989 0.00444586
1779396308.32114649 0.13468600 2.62930686 0.68889820 -0.01445384 -0.53545463 0.84441230 0.00687735
1779396308.33154655 0.13566828 2.62908079 0.68695555 -0.01206096 -0.53547228 0.84442698 0.00818873
1779396308.34195328 0.14007921 2.62736494 0.68962637 -0.01151184 -0.53608738 0.84403008 0.00954047
1779396308.35233164 0.14333773 2.62616067 0.68997250 -0.00917960 -0.53649571 0.84377796 0.01126256
1779396308.36269522 0.14891766 2.62584992 0.68652022 -0.00607477 -0.53635199 0.84386169 0.01367841
1779396308.37301826 0.15220420 2.62497879 0.68555540 -0.00345797 -0.53657802 0.84370127 0.01549999
1779396308.38336444 0.15639257 2.62411594 0.68501580 -0.00203424 -0.53675337 0.84356443 0.01705110
1779396308.39370608 0.15897349 2.62292788 0.68495829 0.00011958 -0.53709577 0.84331577 0.01861816
1779396308.40401316 0.16239292 2.62197602 0.68396175 0.00325238 -0.53734931 0.84310084 0.02064267
1779396308.41429758 0.16711612 2.62189823 0.67977080 0.00599023 -0.53703016 0.84323633 0.02269844
1779396308.42485785 0.17983690 2.61929789 0.68223712 0.00870216 -0.53782981 0.84259759 0.02631847
1779396308.43522429 0.18869073 2.61717213 0.68401343 0.01026884 -0.53846117 0.84209232 0.02889025
1779396308.44556665 0.19432019 2.61544033 0.68493709 0.01262532 -0.53899429 0.84164116 0.03107918
1779396308.45591831 0.20230520 2.61369871 0.68564534 0.01408779 -0.53942044 0.84125792 0.03335017
1779396308.46622443 0.21199259 2.61126863 0.68726881 0.01639889 -0.54009091 0.84066368 0.03629692
1779396308.47651935 0.22410240 2.60932505 0.68622702 0.01844949 -0.54036740 0.84029182 0.03965285
1779396308.48677421 0.22845222 2.60844334 0.68492679 0.02085839 -0.54049834 0.84006034 0.04153424
1779396308.48696470 0.23080141 2.60748610 0.68628736 0.02126823 -0.54082232 0.83980794 0.04220783
1779396308.49712372 0.23812758 2.60418671 0.69100125 0.02239291 -0.54190293 0.83897570 0.04426681
1779396308.50742364 0.24886897 2.60198536 0.69124552 0.02469767 -0.54238321 0.83842885 0.04740815
1779396308.51770163 0.25793697 2.60056954 0.68838885 0.02771332 -0.54241567 0.83813138 0.05052727
1779396308.52797866 0.26591161 2.59817269 0.69105831 0.02878423 -0.54315363 0.83748809 0.05262413
1779396308.53824377 0.28008559 2.59533065 0.69135973 0.03059574 -0.54370075 0.83682868 0.05631297
1779396308.54851913 0.28518845 2.59340613 0.69176454 0.03321293 -0.54421456 0.83624718 0.05846428
1779396308.55876446 0.29617703 2.59122583 0.69185359 0.03460321 -0.54461911 0.83572557 0.06128143
1779396308.56903863 0.30722763 2.58797689 0.69438359 0.03636814 -0.54549913 0.83485065 0.06428410
1779396308.57938290 0.31733999 2.58474395 0.69660311 0.03844243 -0.54637097 0.83395796 0.06719424
1779396308.58965206 0.33106885 2.58156519 0.69772087 0.03989627 -0.54705740 0.83315907 0.07058647
1779396308.59990525 0.33854620 2.57844180 0.70168677 0.04141458 -0.54805206 0.83225215 0.07266451
1779396308.61015630 0.34511488 2.57693985 0.69963330 0.04434293 -0.54820738 0.83177969 0.07513266
1779396308.62041569 0.35334437 2.57561913 0.69699250 0.04684027 -0.54823167 0.83138721 0.07773887
1779396308.63075399 0.35857522 2.57359792 0.69843778 0.04847061 -0.54876977 0.83078223 0.07939283
1779396308.64108872 0.36301068 2.57255319 0.69597263 0.05114435 -0.54875687 0.83044399 0.08131995
1779396308.65139866 0.36685614 2.57396552 0.68576005 0.05493719 -0.54751663 0.83079852 0.08355397
1779396308.66173148 0.37346652 2.57274147 0.68403852 0.05631165 -0.54751294 0.83052090 0.08540259
1779396308.67203569 0.38069882 2.57291954 0.67614450 0.05921293 -0.54662434 0.83063341 0.08799886
1779396308.68235254 0.38506419 2.57326308 0.66835342 0.06104275 -0.54569946 0.83092059 0.08975996
1779396308.69282842 0.39461848 2.57263531 0.66166596 0.06318404 -0.54502338 0.83089662 0.09256406
1779396308.70319033 0.40048058 2.57156845 0.65926300 0.06393190 -0.54488751 0.83075318 0.09412481
1779396308.71347833 0.40847979 2.57093285 0.65273033 0.06568337 -0.54422503 0.83077294 0.09654602
1779396308.72380280 0.41311633 2.57090101 0.64640142 0.06733708 -0.54350995 0.83091165 0.09822666
1779396308.72398067 0.41534245 2.57057823 0.64554201 0.06753292 -0.54345371 0.83086665 0.09878251
1779396308.73411798 0.41733580 2.56931178 0.64531236 0.06884880 -0.54366241 0.83051003 0.09972016
1779396308.73430419 0.41912069 2.56887433 0.64464649 0.06913701 -0.54364868 0.83043512 0.10021826
1779396308.74445534 0.42634578 2.56852421 0.63750446 0.07026508 -0.54285347 0.83061083 0.10226718
1779396308.75472379 0.43181761 2.56708664 0.63476098 0.07081983 -0.54274985 0.83044474 0.10377231
1779396308.76502037 0.44353251 2.56466317 0.63119254 0.07139227 -0.54265027 0.83011704 0.10648721
1779396308.77530336 0.44955656 2.56353364 0.62755774 0.07260327 -0.54240830 0.82994221 0.10824939
1779396308.78563762 0.46016525 2.56020063 0.62809488 0.07165377 -0.54289649 0.82944766 0.11020763
1779396308.79590821 0.46799013 2.55935017 0.62068389 0.07280055 -0.54217869 0.82951854 0.11243372
1779396308.80626059 0.47675451 2.55715210 0.61921521 0.07293732 -0.54229596 0.82917117 0.11432589
1779396308.80642295 0.47890286 2.55642471 0.61899370 0.07292376 -0.54237066 0.82906006 0.11478505
1779396308.81655455 0.48944034 2.55364456 0.61755035 0.07252217 -0.54252569 0.82870335 0.11686386
1779396308.82684588 0.49477126 2.55123267 0.61828847 0.07176629 -0.54297481 0.82834440 0.11778588
1779396308.83715272 0.50091801 2.55054779 0.61070796 0.07339119 -0.54223106 0.82840568 0.11976325
1779396308.84746552 0.50921016 2.54700938 0.61422835 0.07235995 -0.54309500 0.82774414 0.12104337
1779396308.85773373 0.51193560 2.54692937 0.60710810 0.07303154 -0.54231676 0.82804709 0.12205307
1779396308.86803222 0.52097042 2.54457312 0.60369026 0.07331161 -0.54222012 0.82779213 0.12402793
1779396308.87838364 0.52368549 2.54320866 0.60294094 0.07358550 -0.54233842 0.82758727 0.12471372
1779396308.88867116 0.53399381 2.54062484 0.59922072 0.07346653 -0.54219378 0.82737976 0.12677262
1779396308.89901137 0.53650958 2.53799036 0.60251834 0.07166002 -0.54297910 0.82705319 0.12657632
1779396308.90942359 0.54325510 2.53710433 0.59503004 0.07336679 -0.54222277 0.82708815 0.12859619
1779396308.91973948 0.54548531 2.53488614 0.59795982 0.07212940 -0.54287162 0.82678283 0.12852200
1779396308.93007779 0.55079627 2.53321589 0.59526107 0.07159040 -0.54280463 0.82674454 0.12934998
1779396308.94036984 0.55400090 2.53124848 0.59531874 0.07117962 -0.54311121 0.82651544 0.12975321
1779396308.95069790 0.55436789 2.53009579 0.59641696 0.07036245 -0.54345323 0.82641314 0.12941810
1779396308.95087862 0.55409773 2.52975843 0.59721774 0.06996086 -0.54360740 0.82638282 0.12918170
1779396308.96096468 0.55729805 2.52879916 0.59491389 0.06990188 -0.54348662 0.82638172 0.12972772
1779396308.97126365 0.55988989 2.52751615 0.59409131 0.06945750 -0.54362920 0.82629578 0.12991626
1779396308.98153257 0.56170321 2.52676716 0.59184970 0.06997079 -0.54357664 0.82623753 0.13023079
1779396308.99184966 0.56254620 2.52727571 0.58781258 0.07002635 -0.54309681 0.82653563 0.13031124
1779396309.00216532 0.56796953 2.52582143 0.58523081 0.06957468 -0.54301518 0.82652087 0.13098525
1779396309.01247334 0.56346979 2.52741209 0.58142733 0.07000718 -0.54253953 0.82695121 0.13000597
1779396309.02277112 0.56502064 2.52767911 0.57776590 0.07033266 -0.54217248 0.82712744 0.13024023
1779396309.03307319 0.55982711 2.53006457 0.57101113 0.07179926 -0.54129980 0.82769200 0.12948105
1779396309.04338288 0.56180669 2.53093630 0.56420267 0.07157569 -0.54045140 0.82825442 0.12955239
1779396309.05373263 0.56174201 2.53054860 0.56349117 0.07192439 -0.54059666 0.82816873 0.12930077
1779396309.06406927 0.56291883 2.53210224 0.55552237 0.07285556 -0.53954055 0.82871645 0.12968080
1779396309.07433391 0.55889908 2.53341913 0.55148058 0.07334806 -0.53909424 0.82911155 0.12873033
1779396309.08465695 0.55686321 2.53455667 0.54654001 0.07433578 -0.53855176 0.82943831 0.12832885
1779396309.09498286 0.56015031 2.53624835 0.53453323 0.07613343 -0.53693892 0.83013445 0.12952641
1779396309.10532928 0.55749332 2.53586786 0.53635724 0.07522720 -0.53739047 0.83012161 0.12825933
1779396309.11566830 0.55344946 2.53760158 0.53004071 0.07577170 -0.53656404 0.83074684 0.12734744
1779396309.12595487 0.55657845 2.53804372 0.52144212 0.07736479 -0.53558021 0.83109150 0.12827880
1779396309.13630390 0.55267265 2.53822029 0.52276151 0.07704473 -0.53586091 0.83113271 0.12702605
1779396309.14665604 0.54623162 2.53939411 0.51989629 0.07786546 -0.53559068 0.83143866 0.12565568
1779396309.15694618 0.54629930 2.53944843 0.51608614 0.07808276 -0.53522061 0.83169589 0.12539510
1779396309.16720200 0.54512492 2.54218493 0.50269548 0.08004503 -0.53330798 0.83267295 0.12582187
1779396309.17749667 0.54767451 2.53875372 0.51141085 0.07847523 -0.53493179 0.83188442 0.12513166
1779396309.18778253 0.54519933 2.53943458 0.50689184 0.07913400 -0.53443875 0.83222831 0.12453542
1779396309.19808912 0.54832291 2.53904954 0.50182010 0.07908637 -0.53390617 0.83253416 0.12480558
1779396309.20832253 0.54463068 2.54024668 0.49719644 0.07948635 -0.53329947 0.83300667 0.12398985
1779396309.21862388 0.54353517 2.54065046 0.49198951 0.07995973 -0.53272611 0.83337988 0.12364185
1779396309.22891903 0.54658363 2.53959863 0.48966709 0.07990577 -0.53265407 0.83340716 0.12380311
1779396309.23934960 0.54310668 2.54123065 0.48317117 0.08074984 -0.53174537 0.83399168 0.12322417
1779396309.24965096 0.54338194 2.54139218 0.47840060 0.08105862 -0.53125716 0.83429981 0.12304125
1779396309.25995016 0.54124775 2.54203306 0.47363833 0.08170584 -0.53073268 0.83465176 0.12248840
1779396309.27025580 0.54381612 2.54210339 0.46662861 0.08254265 -0.52996655 0.83498287 0.12298686
1779396309.28051448 0.54139465 2.54344641 0.46046338 0.08411751 -0.52920093 0.83533200 0.12284576
1779396309.29083848 0.54006429 2.54215243 0.46218858 0.08397636 -0.52974190 0.83512482 0.12201653
1779396309.30113721 0.54317927 2.54240414 0.45452223 0.08507816 -0.52889206 0.83544886 0.12271959
1779396309.31145334 0.54531343 2.54187163 0.45151587 0.08581934 -0.52870403 0.83543258 0.12312390
1779396309.32182407 0.54430709 2.54166589 0.44940316 0.08651191 -0.52862556 0.83546739 0.12273934
1779396309.33214617 0.54366453 2.54129222 0.44655124 0.08788839 -0.52850233 0.83540900 0.12268949
1779396309.34249949 0.54465678 2.54099219 0.44247064 0.08927153 -0.52821511 0.83539661 0.12301174
1779396309.35283995 0.54758257 2.54021983 0.43971991 0.08987813 -0.52805559 0.83534951 0.12357353
1779396309.36313248 0.55111490 2.54042486 0.43075083 0.09097069 -0.52699478 0.83577578 0.12441735
1779396309.37343574 0.55382318 2.53945437 0.42667333 0.09227216 -0.52675566 0.83567552 0.12514292
1779396309.38375187 0.55951284 2.53856154 0.42154754 0.09286242 -0.52626562 0.83574314 0.12631102
1779396309.39406180 0.56155327 2.53728038 0.42054475 0.09362210 -0.52645155 0.83549280 0.12663112
1779396309.40437269 0.56701560 2.53569616 0.41683684 0.09455747 -0.52629111 0.83531246 0.12778753
1779396309.41467500 0.57174415 2.53492634 0.41005188 0.09538391 -0.52560033 0.83549161 0.12884089
1779396309.42501497 0.57916076 2.53352572 0.40438322 0.09572100 -0.52507354 0.83555277 0.13033356
1779396309.43530774 0.58456255 2.53197989 0.40087860 0.09623006 -0.52490978 0.83544110 0.13133040
1779396309.44564724 0.59161689 2.53003516 0.39774585 0.09656346 -0.52482375 0.83526037 0.13257317
1779396309.45597649 0.59316512 2.52958865 0.39311640 0.09700711 -0.52434712 0.83545185 0.13292826
1779396309.46628380 0.60075872 2.52817410 0.38548624 0.09819364 -0.52360732 0.83548546 0.13474949
1779396309.47660637 0.60573826 2.52623850 0.38363219 0.09859549 -0.52370966 0.83523507 0.13560789
1779396309.48691797 0.61056157 2.52479928 0.38027738 0.09866221 -0.52351150 0.83523136 0.13634535
1779396309.49720263 0.61166030 2.52418660 0.37715769 0.09912914 -0.52325350 0.83529951 0.13657937
1779396309.50749159 0.61835519 2.52232591 0.37211217 0.09984954 -0.52289153 0.83520547 0.13800845
1779396309.51776457 0.62615271 2.52012676 0.36690661 0.10034931 -0.52251064 0.83511733 0.13961265
1779396309.52807021 0.62936236 2.51965062 0.36073086 0.10140593 -0.52182961 0.83525380 0.14057658
1779396309.53837276 0.63544071 2.51798928 0.35633924 0.10227774 -0.52154484 0.83509921 0.14191392
1779396309.54868674 0.64328641 2.51555699 0.35370343 0.10257573 -0.52152267 0.83482549 0.14338314
1779396309.55903530 0.64727196 2.51464068 0.34792486 0.10335448 -0.52091522 0.83492874 0.14442709
1779396309.56932998 0.65280783 2.51304440 0.34180209 0.10487784 -0.52039757 0.83478440 0.14602056
1779396309.57968426 0.66138172 2.51081311 0.33465347 0.10592834 -0.51974516 0.83468737 0.14812545
1779396309.59000397 0.67169047 2.50778432 0.33022332 0.10647899 -0.51954344 0.83435792 0.15027873
1779396309.60035396 0.67390858 2.50748770 0.32420552 0.10737622 -0.51881962 0.83455097 0.15106699
1779396309.61069059 0.67991759 2.50552593 0.31969112 0.10858575 -0.51853948 0.83428188 0.15264237
1779396309.62102318 0.68903581 2.50352874 0.31007194 0.11018779 -0.51751847 0.83423655 0.15518591
1779396309.63131428 0.70198655 2.50055148 0.30013877 0.11057872 -0.51644352 0.83429896 0.15812550
1779396309.63149571 0.70310198 2.49992421 0.30054332 0.11067250 -0.51659685 0.83415317 0.15832809
1779396309.64160252 0.71348641 2.49713068 0.29374133 0.11130960 -0.51596278 0.83399189 0.16077968
1779396309.65195179 0.72150756 2.49457289 0.28793465 0.11205246 -0.51549306 0.83380714 0.16271696
1779396309.66227007 0.73056134 2.49158404 0.28269905 0.11244365 -0.51510717 0.83359504 0.16474328
1779396309.67256880 0.73549912 2.49006699 0.27748694 0.11350487 -0.51460069 0.83346820 0.16623338
1779396309.68291426 0.74798925 2.48650422 0.26846027 0.11392145 -0.51368977 0.83339221 0.16912169
1779396309.69326520 0.75945916 2.48301422 0.25995878 0.11401248 -0.51280300 0.83340112 0.17168812
1779396309.70362520 0.76716456 2.48046660 0.25493176 0.11426169 -0.51235171 0.83328119 0.17344296
1779396309.70380640 0.76873202 2.47985664 0.25369238 0.11426390 -0.51223595 0.83328261 0.17377626
1779396309.71397781 0.77341333 2.47824918 0.24850872 0.11457889 -0.51166761 0.83334095 0.17495939
1779396309.72430611 0.78098743 2.47596497 0.23941508 0.11536093 -0.51060779 0.83344434 0.17703693
1779396309.73466945 0.78569423 2.47434025 0.23298847 0.11611836 -0.50989759 0.83347658 0.17843142
1779396309.74498057 0.79199223 2.47249962 0.22604053 0.11659551 -0.50910064 0.83353736 0.18010412
1779396309.75528169 0.79861348 2.47011798 0.21969664 0.11666404 -0.50842837 0.83359930 0.18166537
1779396309.76558733 0.80931911 2.46644281 0.21285682 0.11665960 -0.50781420 0.83344937 0.18405822
1779396309.77589607 0.81649564 2.46412052 0.20484134 0.11714066 -0.50693531 0.83348882 0.18598667
1779396309.78621006 0.82564167 2.46103939 0.19983224 0.11694068 -0.50654347 0.83331713 0.18793922
1779396309.79651189 0.83030445 2.45886280 0.19877532 0.11695288 -0.50673598 0.83297935 0.18890760
1779396309.80681133 0.84102980 2.45509471 0.19272301 0.11705634 -0.50633043 0.83265265 0.19135536
1779396309.81710696 0.84687747 2.45309574 0.18796233 0.11727472 -0.50593714 0.83252389 0.19281655
1779396309.82741332 0.85535292 2.44961948 0.18637543 0.11693348 -0.50619243 0.83202914 0.19448210
1779396309.83771873 0.86216676 2.44687287 0.18358878 0.11670719 -0.50618473 0.83173186 0.19590449
1779396309.84801269 0.86874059 2.44411594 0.18305679 0.11637458 -0.50648490 0.83130141 0.19714962
1779396309.84819412 0.87051537 2.44328237 0.18361445 0.11632103 -0.50669332 0.83110491 0.19747386
1779396309.85830569 0.87680958 2.44071011 0.18212997 0.11617558 -0.50682684 0.83073068 0.19878715
1779396309.86863351 0.88523808 2.43737270 0.17835176 0.11564422 -0.50669113 0.83047918 0.20048651
1779396309.87891865 0.89441011 2.43372032 0.17388321 0.11534670 -0.50647764 0.83017079 0.20246481
1779396309.88925910 0.89793724 2.43222252 0.17128290 0.11514070 -0.50630922 0.83011598 0.20322661
1779396309.89960694 0.90519757 2.42923880 0.16632630 0.11467542 -0.50590587 0.83004635 0.20477268
1779396309.90995932 0.91056693 2.42654709 0.16411840 0.11402254 -0.50585724 0.82992502 0.20574685
1779396309.92031217 0.91579935 2.42455268 0.15631714 0.11347793 -0.50485961 0.83030905 0.20694543
1779396309.93059659 0.92015869 2.42269747 0.15186571 0.11286834 -0.50431554 0.83050870 0.20780246
1779396309.94089222 0.92270538 2.42106744 0.14981169 0.11184216 -0.50409968 0.83072297 0.20802450
1779396309.95117998 0.92789837 2.41853981 0.14415850 0.11105456 -0.50340778 0.83099004 0.20905273
1779396309.96153283 0.93142692 2.41712235 0.13680225 0.11049504 -0.50235107 0.83149583 0.20987838
1779396309.97188568 0.93515869 2.41521652 0.13128450 0.10938403 -0.50157670 0.83196653 0.21044628
1779396309.98218107 0.93988432 2.41271632 0.12618857 0.10837021 -0.50093548 0.83228211 0.21124873
1779396309.99252987 0.94010973 2.41195350 0.12315569 0.10785921 -0.50051479 0.83261190 0.21120785
1779396310.00286579 0.94141065 2.41088316 0.12102746 0.10693255 -0.50020810 0.83292182 0.21118364
1779396310.01320076 0.94613334 2.40831175 0.11668358 0.10542349 -0.49962819 0.83332040 0.21174201
1779396310.02349591 0.94983217 2.40592568 0.11525271 0.10393181 -0.49950777 0.83352208 0.21196958
1779396310.03382993 0.94660165 2.40705978 0.11001320 0.10409179 -0.49867222 0.83410993 0.21154559
1779396310.04415488 0.94335416 2.40810925 0.09872212 0.10540745 -0.49705979 0.83483027 0.21184726
1779396310.05445051 0.94645714 2.40618073 0.09637043 0.10435652 -0.49683202 0.83502413 0.21213762
1779396310.06475234 0.95424056 2.40180306 0.10394776 0.10120915 -0.49812452 0.83464113 0.21213874
1779396310.07507253 0.95794914 2.39961449 0.10370789 0.10021269 -0.49825439 0.83459047 0.21250582
1779396310.08544517 0.96307011 2.39666090 0.10277387 0.09930142 -0.49838068 0.83443961 0.21322866
1779396310.09579039 0.96020839 2.39726739 0.10253054 0.09930909 -0.49845765 0.83456673 0.21254659
1779396310.10608387 0.95199180 2.40071533 0.09271773 0.10065364 -0.49690557 0.83554602 0.21169920
1779396310.11643314 0.95761159 2.39681562 0.10422511 0.09816504 -0.49893102 0.83472121 0.21135743
1779396310.12672853 0.96114908 2.39498966 0.10135641 0.09750747 -0.49867672 0.83482578 0.21184842
1779396310.13702822 0.95511349 2.39681795 0.10039893 0.09752026 -0.49858861 0.83521090 0.21052778
1779396310.14738154 0.95727773 2.39518971 0.10284905 0.09681717 -0.49915181 0.83495105 0.21054843
1779396310.15768957 0.95863861 2.39417383 0.10043889 0.09660393 -0.49898095 0.83502493 0.21075830
1779396310.16798663 0.95906187 2.39326616 0.09951025 0.09605693 -0.49901705 0.83510415 0.21060892
1779396310.17829537 0.95501576 2.39440838 0.09719963 0.09677881 -0.49879337 0.83528668 0.21008379
1779396310.18860698 0.95969600 2.39187137 0.09675314 0.09571722 -0.49892239 0.83520603 0.21058384
1779396310.19893003 0.96174269 2.39001304 0.09892234 0.09509748 -0.49952428 0.83490878 0.21061645
1779396310.20925021 0.96111019 2.38965013 0.09438258 0.09564187 -0.49908360 0.83505384 0.21083945
1779396310.21960092 0.95941053 2.38971012 0.09578513 0.09515584 -0.49933750 0.83513285 0.21014411
1779396310.22989297 0.96403275 2.38668834 0.09631281 0.09465347 -0.49976789 0.83474963 0.21086920
1779396310.24020696 0.96004313 2.38777023 0.09425338 0.09530791 -0.49962863 0.83490584 0.21028522
1779396310.25052738 0.95513369 2.38926886 0.09367345 0.09492093 -0.49944939 0.83537157 0.20903271
1779396310.26075745 0.95455942 2.38891215 0.08964714 0.09484569 -0.49897845 0.83567441 0.20898107
1779396310.27102065 0.95402563 2.38785530 0.09227148 0.09467351 -0.49963952 0.83537600 0.20867248
1779396310.28133988 0.95397101 2.38735943 0.08944955 0.09412248 -0.49929329 0.83570156 0.20844680
1779396310.29162169 0.95178385 2.38749127 0.08759297 0.09465154 -0.49918274 0.83576206 0.20822932
1779396310.30187774 0.95109677 2.38690148 0.08672308 0.09440178 -0.49922397 0.83583920 0.20793403
1779396310.31219888 0.94952951 2.38672499 0.08455571 0.09428159 -0.49900282 0.83608195 0.20754308
1779396310.32246304 0.95100034 2.38520103 0.08515379 0.09405107 -0.49933543 0.83587071 0.20769851
1779396310.33271170 0.94588022 2.38644574 0.08432079 0.09445549 -0.49931031 0.83608534 0.20670914
1779396310.34299088 0.94503749 2.38581025 0.08338451 0.09418478 -0.49935222 0.83616529 0.20640781
1779396310.35333562 0.94034920 2.38681457 0.08440069 0.09399190 -0.49954067 0.83636386 0.20523192
1779396310.36365938 0.93602339 2.38749039 0.08451209 0.09465293 -0.49977139 0.83632953 0.20450501
1779396310.37400270 0.93551894 2.38680415 0.08415897 0.09499478 -0.50000071 0.83615996 0.20447935
1779396310.38430262 0.93237186 2.38686729 0.08550030 0.09540060 -0.50046389 0.83598503 0.20387164
1779396310.39462543 0.93203856 2.38617563 0.08675137 0.09537952 -0.50086094 0.83578905 0.20370991
1779396310.40497422 0.92711855 2.38708063 0.08501807 0.09603816 -0.50076981 0.83595162 0.20295605
1779396310.41527987 0.92954009 2.38503028 0.08529443 0.09571533 -0.50115502 0.83567083 0.20331378
1779396310.42566895 0.92815189 2.38461039 0.08676525 0.09594533 -0.50160932 0.83543591 0.20305031
1779396310.43603349 0.92473787 2.38468104 0.08863726 0.09613982 -0.50213907 0.83526932 0.20233301
1779396310.44636202 0.92572835 2.38304824 0.08977698 0.09609468 -0.50266242 0.83491353 0.20252332
1779396310.45668268 0.92639546 2.38193314 0.08696833 0.09619904 -0.50253774 0.83490346 0.20282451
1779396310.46700788 0.92668860 2.38091409 0.08944543 0.09624246 -0.50320127 0.83449467 0.20284110
1779396310.47734308 0.92664509 2.37991006 0.08885986 0.09636047 -0.50341769 0.83432300 0.20295423
1779396310.48764729 0.92625364 2.37908247 0.08778447 0.09637051 -0.50353088 0.83425143 0.20296288
1779396310.49794507 0.92823508 2.37738261 0.08766978 0.09649444 -0.50383172 0.83391816 0.20352621
1779396310.49812603 0.92599610 2.37801752 0.08773830 0.09647757 -0.50382138 0.83404500 0.20303948
1779396310.50823998 0.92679183 2.37690475 0.08599817 0.09619038 -0.50373653 0.83408128 0.20323714
1779396310.51858473 0.92940707 2.37458733 0.08618097 0.09589328 -0.50412769 0.83374637 0.20378111
1779396310.52888322 0.93134040 2.37286055 0.08222504 0.09572217 -0.50374980 0.83384094 0.20440814
1779396310.53924537 0.93283022 2.37127506 0.08099823 0.09551215 -0.50379346 0.83374182 0.20480275
1779396310.54954195 0.93392766 2.37001665 0.07609466 0.09525865 -0.50319155 0.83402567 0.20524432
1779396310.55984402 0.93548649 2.36835650 0.07256876 0.09554362 -0.50295377 0.83395874 0.20596540
1779396310.57016945 0.93568560 2.36764566 0.06742606 0.09574722 -0.50232483 0.83420908 0.20639148
1779396310.57035708 0.93631543 2.36715771 0.06610264 0.09579513 -0.50218435 0.83422802 0.20663444
1779396310.58047628 0.93661901 2.36636264 0.06202019 0.09606792 -0.50171475 0.83436972 0.20707591
1779396310.59079647 0.93804856 2.36480167 0.05618421 0.09617006 -0.50104879 0.83457094 0.20782874
1779396310.60109591 0.93874030 2.36345745 0.05061054 0.09629665 -0.50039772 0.83480014 0.20841739
1779396310.61137891 0.94091270 2.36180429 0.04586356 0.09610377 -0.49984865 0.83496880 0.20914708
1779396310.62173772 0.94489422 2.35903376 0.03832967 0.09601006 -0.49896564 0.83517298 0.21047909
1779396310.63205171 0.94575115 2.35754317 0.03353649 0.09590859 -0.49845368 0.83535323 0.21102239
1779396310.64234567 0.94845447 2.35558762 0.02787004 0.09583900 -0.49779896 0.83551131 0.21197155
1779396310.64252901 0.94909003 2.35495462 0.02786871 0.09576748 -0.49788663 0.83542604 0.21213397
1779396310.65265632 0.95081133 2.35340815 0.02417487 0.09566344 -0.49752120 0.83549172 0.21277865
1779396310.66296315 0.95296183 2.35137672 0.01678268 0.09607312 -0.49670545 0.83563148 0.21394783
1779396310.67336822 0.95689519 2.34837920 0.01319551 0.09613444 -0.49658728 0.83536802 0.21521968
1779396310.68370390 0.95792124 2.34698246 0.01072735 0.09611809 -0.49643493 0.83534044 0.21568500
1779396310.69395757 0.96564485 2.34211144 0.00882983 0.09532848 -0.49665172 0.83486685 0.21736351
1779396310.70422721 0.96041266 2.34307859 0.00682382 0.09573122 -0.49652425 0.83507865 0.21666299
1779396310.71460390 0.96228410 2.34123891 0.00369327 0.09594863 -0.49636562 0.83493420 0.21748542
1779396310.71484280 0.96205578 2.34101205 0.00283799 0.09596771 -0.49630422 0.83495831 0.21752458
1779396310.72496176 0.96509165 2.33849204 0.00340712 0.09606552 -0.49684359 0.83439426 0.21841265
1779396310.73526311 0.96847296 2.33574735 0.00013719 0.09616789 -0.49676411 0.83413334 0.21954206
1779396310.74557471 0.97178826 2.33282007 -0.00178485 0.09655630 -0.49701113 0.83361439 0.22078015
1779396310.75595927 0.97151922 2.33174600 -0.00195382 0.09649472 -0.49724949 0.83345380 0.22087659
1779396310.76631570 0.97358717 2.32935050 -0.00316079 0.09697979 -0.49757458 0.83294476 0.22185015
1779396310.77670074 0.97378869 2.32771793 -0.00523721 0.09698406 -0.49760836 0.83282645 0.22221635
1779396310.78706360 0.97395974 2.32610980 -0.00689003 0.09731849 -0.49775594 0.83256735 0.22270998
1779396310.79742098 0.97554876 2.32427616 -0.00948216 0.09804208 -0.49774796 0.83222631 0.22368299
1779396310.80771351 0.97765261 2.32182307 -0.01168739 0.09823723 -0.49784565 0.83190351 0.22457895
1779396310.81797981 0.97798107 2.32011743 -0.01338176 0.09815984 -0.49790807 0.83177289 0.22495790
1779396310.82832789 0.97949958 2.31816674 -0.01278784 0.09837885 -0.49837106 0.83130119 0.22557976
1779396310.83865690 0.98082019 2.31616417 -0.02048802 0.09900051 -0.49752503 0.83140837 0.22677712
1779396310.84894705 0.98290635 2.31348039 -0.01973003 0.09888377 -0.49808813 0.83090182 0.22744754
1779396310.85931182 0.98443299 2.31149800 -0.02627038 0.09917584 -0.49737984 0.83100812 0.22847962
1779396310.86962008 0.98302710 2.31077621 -0.02587513 0.09928999 -0.49768749 0.83082910 0.22841116
1779396310.88007641 0.98769233 2.30732608 -0.03331432 0.09956953 -0.49695640 0.83073632 0.23021168
1779396310.89034986 0.98676975 2.30607539 -0.03345745 0.09989250 -0.49726883 0.83043946 0.23046802
1779396310.90062356 0.98846825 2.30418418 -0.04078052 0.10020836 -0.49637843 0.83062765 0.23156951
1779396310.90092611 0.98881909 2.30353258 -0.03880319 0.09998647 -0.49678744 0.83041768 0.23154141
1779396310.91108608 0.99156380 2.30116426 -0.04148257 0.09976500 -0.49663916 0.83028342 0.23243478
1779396310.92142105 0.99411416 2.29837663 -0.04798189 0.09991338 -0.49596357 0.83031529 0.23369632
1779396310.93170834 0.99424166 2.29683199 -0.05214854 0.10016282 -0.49560491 0.83031934 0.23433518
1779396310.94199347 0.99625591 2.29471054 -0.05574126 0.10049844 -0.49535226 0.83013995 0.23535901
1779396310.95229506 0.99791783 2.29247985 -0.06458917 0.10130504 -0.49430360 0.83024323 0.23684895
1779396310.96259356 1.00139894 2.28902622 -0.06804854 0.10121619 -0.49416154 0.82997173 0.23813143
1779396310.97289348 1.00076314 2.28807322 -0.07149660 0.10163263 -0.49384256 0.82996954 0.23862290
1779396310.97308564 1.00242652 2.28697499 -0.07602350 0.10176025 -0.49321443 0.83011501 0.23936052
1779396310.98319626 1.00201016 2.28581579 -0.07773851 0.10191746 -0.49316176 0.83003583 0.23967650
1779396310.99350190 1.00640117 2.28210070 -0.08332305 0.10197016 -0.49269200 0.82983253 0.24131859
1779396311.00379252 1.00694090 2.28010115 -0.08792803 0.10195591 -0.49224453 0.82989112 0.24203521
1779396311.01409864 1.00775707 2.27828985 -0.09264111 0.10212792 -0.49172299 0.82994532 0.24283565
1779396311.02438617 1.01233137 2.27440968 -0.09855132 0.10202754 -0.49117131 0.82978993 0.24451952
1779396311.03469157 1.01585679 2.27083230 -0.10357510 0.10213170 -0.49080151 0.82954787 0.24603522
1779396311.04494977 1.01571028 2.26963469 -0.10964691 0.10268410 -0.49004963 0.82968720 0.24683290
1779396311.05530310 1.01858651 2.26631515 -0.11249607 0.10237386 -0.48996747 0.82945462 0.24790423
1779396311.06559610 1.02173737 2.26280866 -0.11943238 0.10212076 -0.48919745 0.82952672 0.24928424
1779396311.07590175 1.02341869 2.26005359 -0.12284976 0.10258490 -0.48906697 0.82918832 0.25047269
1779396311.08620977 1.02611650 2.25726819 -0.12951542 0.10279312 -0.48830443 0.82919965 0.25183387
1779396311.09671283 1.02807588 2.25444839 -0.13361811 0.10275198 -0.48800344 0.82906814 0.25286497
1779396311.10707521 1.02888280 2.25192804 -0.14063476 0.10358837 -0.48728701 0.82896248 0.25424794
1779396311.11743236 1.02654084 2.25112637 -0.15230979 0.10467016 -0.48560240 0.82953523 0.25515834
1779396311.11762238 1.02706093 2.25029212 -0.15448229 0.10471224 -0.48534179 0.82956901 0.25552680
1779396311.12773466 1.02948534 2.24763156 -0.15769822 0.10479289 -0.48514487 0.82934150 0.25660394
1779396311.13806367 1.03014293 2.24527051 -0.16101889 0.10451544 -0.48488094 0.82934199 0.25721366
1779396311.14836764 1.03559787 2.24058089 -0.16590562 0.10418659 -0.48453803 0.82902715 0.25900201
1779396311.15881467 1.03566982 2.23886415 -0.17111719 0.10471046 -0.48395422 0.82902821 0.25987740
1779396311.16914511 1.03564364 2.23672876 -0.17330860 0.10542279 -0.48401456 0.82862619 0.26075769
1779396311.17948318 1.03707744 2.23371280 -0.18177809 0.10559747 -0.48294790 0.82882450 0.26203140
1779396311.18983674 1.03666541 2.23192730 -0.18299399 0.10587964 -0.48309519 0.82854795 0.26252016
1779396311.20017815 1.03978074 2.22864023 -0.18991557 0.10582498 -0.48224832 0.82861380 0.26388787
1779396311.21047497 1.04098734 2.22600697 -0.19183501 0.10579508 -0.48229046 0.82834924 0.26465232
1779396311.22072315 1.04045693 2.22380687 -0.19857465 0.10641075 -0.48151899 0.82841480 0.26560332
1779396311.23100734 1.04189433 2.22168627 -0.19987761 0.10653011 -0.48161902 0.82810614 0.26633563
1779396311.24125981 1.04108303 2.21984594 -0.20428551 0.10671862 -0.48117471 0.82817407 0.26685153
1779396311.25150156 1.04142161 2.21750985 -0.20888052 0.10730821 -0.48080983 0.82799034 0.26784110
1779396311.26178670 1.04229731 2.21525326 -0.21551165 0.10782953 -0.48001257 0.82802725 0.26894534
1779396311.26194024 1.04135184 2.21523141 -0.21344020 0.10780046 -0.48042824 0.82787269 0.26869048
1779396311.27203512 1.04137713 2.21361247 -0.21647999 0.10806659 -0.48019177 0.82778865 0.26926460
1779396311.28230572 1.04243207 2.21081802 -0.21972293 0.10758159 -0.47994282 0.82781112 0.26983298
1779396311.29260015 1.04377301 2.20866065 -0.22391608 0.10801664 -0.47958267 0.82764051 0.27082108
1779396311.30290818 1.04362445 2.20659571 -0.22820666 0.10856486 -0.47924120 0.82749783 0.27164109
1779396311.31329083 1.04385114 2.20427787 -0.23249105 0.10858671 -0.47885548 0.82751113 0.27227133
1779396311.32364464 1.04486820 2.20173803 -0.23479190 0.10897087 -0.47890568 0.82713821 0.27316127
1779396311.33401108 1.04352771 2.20077601 -0.23750269 0.10929373 -0.47868627 0.82714670 0.27339105
1779396311.33419228 1.04160200 2.20137586 -0.23535177 0.10967455 -0.47913477 0.82694059 0.27307625
1779396311.34435868 1.04345798 2.19886263 -0.23902898 0.10956170 -0.47880509 0.82687069 0.27391018
1779396311.35466337 1.03832061 2.19929918 -0.24058765 0.11053750 -0.47882715 0.82683808 0.27357779
1779396311.36503291 1.03974716 2.19660449 -0.24196941 0.11040764 -0.47898871 0.82654695 0.27422637
1779396311.37532425 1.03964693 2.19520154 -0.24336649 0.11059853 -0.47901966 0.82638159 0.27459352
1779396311.38558507 1.03872696 2.19361945 -0.24575671 0.11098942 -0.47897415 0.82622028 0.27500029
1779396311.39588857 1.03746867 2.19210767 -0.25044439 0.11143320 -0.47849849 0.82627942 0.27547079
1779396311.40617585 1.03638463 2.19142379 -0.24790962 0.11153343 -0.47917744 0.82592615 0.27530939
1779396311.40635681 1.03539485 2.19129890 -0.24958396 0.11179635 -0.47896973 0.82599243 0.27536537
1779396311.41642547 1.03500570 2.19000528 -0.25081479 0.11203600 -0.47902448 0.82582748 0.27566730
1779396311.42672038 1.03364964 2.18896492 -0.24743674 0.11187496 -0.47989360 0.82545485 0.27533692
1779396311.43703675 1.03222923 2.18768917 -0.25344736 0.11300098 -0.47926828 0.82540489 0.27611494
1779396311.44734931 1.03027787 2.18723169 -0.25407524 0.11338682 -0.47939098 0.82530676 0.27603709
1779396311.45769787 1.02934485 2.18598587 -0.25317081 0.11398058 -0.47993443 0.82482093 0.27630022
1779396311.46801829 1.02595725 2.18563870 -0.25319057 0.11445881 -0.48021069 0.82470043 0.27598202
1779396311.47832775 1.02561956 2.18456487 -0.25484840 0.11516004 -0.48022577 0.82443121 0.27646801
1779396311.48864508 1.02061111 2.18527298 -0.25351446 0.11621865 -0.48073529 0.82416485 0.27593315
1779396311.49891448 1.01665555 2.18503635 -0.25856993 0.11718462 -0.48009330 0.82438838 0.27597462
1779396311.50914574 1.01751383 2.18302427 -0.25715109 0.11730333 -0.48071447 0.82388582 0.27634340
1779396311.51940322 1.01852265 2.18102098 -0.25984139 0.11779648 -0.48053782 0.82364074 0.27717021
1779396311.52970314 1.01569919 2.18003028 -0.26612766 0.11859040 -0.47970812 0.82389821 0.27750346
1779396311.54000998 1.01137706 2.18065341 -0.26739070 0.11955985 -0.47963085 0.82390988 0.27718621
1779396311.54016900 1.01135353 2.18010727 -0.26875734 0.11983451 -0.47948794 0.82386062 0.27746114
1779396311.55034566 1.01302869 2.17770175 -0.27214143 0.11970839 -0.47913911 0.82384552 0.27816214
1779396311.56071210 1.01193511 2.17603180 -0.27838194 0.12091308 -0.47839823 0.82376932 0.27914023
1779396311.57101417 1.01129616 2.17440580 -0.27935719 0.12130473 -0.47852310 0.82352593 0.27947424
1779396311.58130980 1.00932300 2.17418070 -0.27815213 0.12212276 -0.47896070 0.82314100 0.27950237
1779396311.58149886 1.01139210 2.17248572 -0.28215072 0.12198441 -0.47837222 0.82325617 0.28023044
1779396311.59166193 1.00973254 2.17153876 -0.28714908 0.12277242 -0.47771288 0.82335181 0.28072964
1779396311.60195112 1.00763192 2.17081432 -0.28715066 0.12286731 -0.47789571 0.82331902 0.28047301
1779396311.61230755 1.00989457 2.16768313 -0.29179257 0.12398932 -0.47756070 0.82277490 0.28214163
1779396311.62266684 1.00912918 2.16659679 -0.29486515 0.12407214 -0.47717623 0.82292002 0.28233241
1779396311.63301229 1.00750859 2.16508837 -0.30075555 0.12527085 -0.47645082 0.82285502 0.28321626
1779396311.64333344 1.00784551 2.16289275 -0.30721647 0.12611215 -0.47566806 0.82279759 0.28432330
1779396311.65370560 1.01128293 2.15901206 -0.31524339 0.12668345 -0.47468774 0.82262400 0.28620379
1779396311.66399789 1.01201434 2.15685733 -0.32154752 0.12729137 -0.47385567 0.82263062 0.28729179
1779396311.67430997 1.00946127 2.15592690 -0.32747001 0.12857874 -0.47311899 0.82261689 0.28797115
1779396311.68468237 1.01033794 2.15293663 -0.33930020 0.13005557 -0.47148202 0.82262282 0.28996888
1779396311.69500947 1.01126723 2.15130763 -0.34143271 0.13007060 -0.47132602 0.82253306 0.29046994
1779396311.70528936 1.01249004 2.14839930 -0.35129676 0.13172459 -0.47009482 0.82224693 0.29252260
1779396311.71560240 1.01299123 2.14623096 -0.35837343 0.13297169 -0.46929584 0.82197763 0.29399442
1779396311.72589684 1.01365251 2.14474554 -0.36211159 0.13385979 -0.46899360 0.82163978 0.29501631
1779396311.72605109 1.01482706 2.14387549 -0.36266588 0.13386685 -0.46902339 0.82148907 0.29538521
1779396311.73615527 1.01584170 2.14195314 -0.36835882 0.13460725 -0.46839179 0.82130878 0.29655000
1779396311.74644232 1.01819538 2.13984246 -0.37143172 0.13531039 -0.46827868 0.82079292 0.29783410
1779396311.74661994 1.01762696 2.14005068 -0.37045521 0.13584798 -0.46859406 0.82047831 0.29796019
1779396311.75674343 1.01716814 2.13869958 -0.37648862 0.13734454 -0.46802027 0.82009423 0.29923063
1779396311.76705956 1.02108734 2.13549075 -0.38301259 0.13773808 -0.46733522 0.81978986 0.30094949
1779396311.77735209 1.02465476 2.13279793 -0.38554792 0.13845574 -0.46748495 0.81901493 0.30249359
1779396311.78765750 1.02807712 2.13006632 -0.38947499 0.13980619 -0.46746943 0.81806365 0.30446416
1779396311.79794025 1.02562331 2.13084567 -0.39004574 0.14051426 -0.46762094 0.81790282 0.30433761
1779396311.79812312 1.02611856 2.13048658 -0.39034749 0.14076096 -0.46770330 0.81770655 0.30462430
1779396311.80829883 1.02850875 2.12819930 -0.39619362 0.14221318 -0.46721772 0.81703875 0.30648114
1779396311.81859589 1.02912348 2.12696155 -0.40110768 0.14349426 -0.46689357 0.81653511 0.30771774
1779396311.82888675 1.03046716 2.12597746 -0.40201557 0.14490248 -0.46731442 0.81559472 0.30891058
1779396311.83918357 1.03164201 2.12412893 -0.40824770 0.14609919 -0.46668661 0.81521040 0.31030734
1779396311.84947848 1.02827247 2.12590957 -0.40658640 0.14761209 -0.46733394 0.81462253 0.31016092
1779396311.85977936 1.02903010 2.12462047 -0.41051928 0.14890913 -0.46716718 0.81403104 0.31134283
1779396311.87009788 1.03018739 2.12314451 -0.41551420 0.14965235 -0.46663987 0.81379462 0.31239354
1779396311.87028217 1.03045828 2.12297225 -0.41521204 0.14998348 -0.46681747 0.81354493 0.31261966
1779396311.88047957 1.03266725 2.12143371 -0.41670106 0.15071731 -0.46696608 0.81291499 0.31368167
1779396311.89080906 1.02881002 2.12256930 -0.41922906 0.15237836 -0.46682210 0.81265159 0.31377597
1779396311.90110040 1.02975138 2.12113319 -0.42402003 0.15390816 -0.46647573 0.81202972 0.31515140
1779396311.91144466 1.03104606 2.11952442 -0.42874540 0.15503922 -0.46601404 0.81157349 0.31645256
1779396311.92178345 1.02739952 2.12007529 -0.43385105 0.15678957 -0.46537052 0.81145718 0.31683522
1779396311.93209052 1.03129244 2.11753717 -0.43560029 0.15710219 -0.46554639 0.81081558 0.31806219
1779396311.94239306 1.03037395 2.11677034 -0.44083910 0.15848501 -0.46489881 0.81056232 0.31896759
1779396311.94257307 1.03085023 2.11607764 -0.44315358 0.15873656 -0.46459475 0.81052117 0.31938982
1779396311.95269036 1.03222526 2.11505826 -0.44327957 0.15931740 -0.46488898 0.80998998 0.32001943
1779396311.96298933 1.03029365 2.11452528 -0.44910703 0.16050208 -0.46412860 0.80996299 0.32059894
1779396311.97324872 1.03169418 2.11289408 -0.45234812 0.16115449 -0.46391999 0.80959638 0.32149831
1779396311.98349476 1.03418755 2.11091658 -0.45455106 0.16195388 -0.46392364 0.80895319 0.32270813
1779396311.99375057 1.03748084 2.10808226 -0.45878431 0.16226670 -0.46358344 0.80858210 0.32396744
1779396312.00407362 1.03769037 2.10672867 -0.46302799 0.16238260 -0.46305617 0.80871378 0.32433455
1779396312.01434565 1.03829949 2.10578503 -0.46429321 0.16292979 -0.46308965 0.80838221 0.32483853
1779396312.02462578 1.04079094 2.10328665 -0.46905885 0.16367615 -0.46264408 0.80795846 0.32614982
1779396312.03492808 1.04551344 2.09965185 -0.47425201 0.16355215 -0.46214238 0.80769276 0.32757827
1779396312.04527307 1.04695428 2.09831077 -0.47569525 0.16316350 -0.46207281 0.80775133 0.32772576
1779396312.04545212 1.04784741 2.09781047 -0.47567560 0.16303150 -0.46215066 0.80769068 0.32783116
1779396312.05555844 1.05187443 2.09538340 -0.47706479 0.16310425 -0.46225410 0.80719038 0.32887969
1779396312.06585193 1.05677359 2.09191658 -0.48176806 0.16353736 -0.46193596 0.80658140 0.33060120
1779396312.07615590 1.05627774 2.09087278 -0.48725671 0.16353831 -0.46114806 0.80698171 0.33072377
1779396312.08649063 1.05764005 2.08993915 -0.48773787 0.16332945 -0.46127278 0.80691594 0.33081350
1779396312.09680343 1.06651653 2.08474738 -0.49112050 0.16322350 -0.46131283 0.80597081 0.33310600
1779396312.10713792 1.06638018 2.08436109 -0.49309277 0.16376289 -0.46124319 0.80583026 0.33327769
1779396312.11749101 1.06897800 2.08319170 -0.49234686 0.16287874 -0.46157421 0.80589532 0.33309534
1779396312.11766624 1.07079311 2.08221385 -0.49241959 0.16269305 -0.46169453 0.80574784 0.33337600
1779396312.12779140 1.07575680 2.07924220 -0.49497107 0.16329347 -0.46171069 0.80492927 0.33503336
1779396312.13815284 1.07711507 2.07744300 -0.50135530 0.16371661 -0.46088063 0.80497726 0.33585344
1779396312.14847255 1.07855094 2.07628386 -0.50324850 0.16452692 -0.46092118 0.80450780 0.33652602
1779396312.15882754 1.08269519 2.07360770 -0.50616660 0.16465340 -0.46077126 0.80409275 0.33765953
1779396312.16914487 1.08752137 2.07099347 -0.50682768 0.16360184 -0.46094872 0.80408603 0.33794433
1779396312.17948890 1.08896682 2.06858500 -0.51537693 0.16511039 -0.45985832 0.80371266 0.33958040
1779396312.18977928 1.09592197 2.06363081 -0.52148617 0.16478564 -0.45923741 0.80339225 0.34133209
1779396312.20014453 1.09383103 2.06407785 -0.52379710 0.16629914 -0.45903510 0.80306150 0.34164836
1779396312.21051502 1.09844532 2.06100497 -0.52691307 0.16610877 -0.45884618 0.80282206 0.34255628
1779396312.22094965 1.10212366 2.05820703 -0.53029669 0.16715981 -0.45873880 0.80202050 0.34406311
1779396312.23124123 1.10418055 2.05588907 -0.53614043 0.16756464 -0.45795862 0.80197628 0.34500732
1779396312.23142314 1.10257593 2.05659397 -0.53666514 0.16822988 -0.45790729 0.80189925 0.34493074
1779396312.24155903 1.11015064 2.05233772 -0.53679269 0.16894711 -0.45852738 0.80049714 0.34700697
1779396312.25184441 1.11422114 2.04878408 -0.54298243 0.16910099 -0.45778412 0.80034693 0.34825759
1779396312.26218605 1.11759793 2.04645944 -0.54638881 0.17005733 -0.45763648 0.79969823 0.34947403
1779396312.27247286 1.11882195 2.04480647 -0.55135556 0.17059362 -0.45701795 0.79961177 0.35021910
1779396312.28274274 1.12155051 2.04272663 -0.55621381 0.17137347 -0.45657688 0.79923703 0.35126751
1779396312.29304171 1.12904396 2.03653380 -0.56862485 0.17146574 -0.45494825 0.79901227 0.35383749
1779396312.30338049 1.12902408 2.03808101 -0.56369848 0.17246436 -0.45612061 0.79825981 0.35354111
1779396312.31366134 1.13476136 2.03476673 -0.56716263 0.17272709 -0.45606041 0.79760362 0.35496862
1779396312.32397127 1.13683405 2.03417540 -0.56938836 0.17294721 -0.45600352 0.79748315 0.35520512
1779396312.33432460 1.14122589 2.03118578 -0.57550648 0.17387394 -0.45550573 0.79680033 0.35691962
1779396312.34461713 1.14642767 2.02863620 -0.57690058 0.17375823 -0.45570685 0.79627576 0.35788861
1779396312.35499430 1.15123295 2.02529297 -0.58334853 0.17484992 -0.45520937 0.79544457 0.35983312
1779396312.36529851 1.15558318 2.02299241 -0.58656513 0.17502983 -0.45509713 0.79503527 0.36079091
1779396312.37558651 1.15887761 2.02033871 -0.59217595 0.17560616 -0.45451778 0.79464704 0.36209412
1779396312.38597393 1.16500659 2.01666337 -0.59654472 0.17528251 -0.45420971 0.79433462 0.36332092
1779396312.39626908 1.17123239 2.01342118 -0.59886678 0.17519071 -0.45430308 0.79376594 0.36448945
1779396312.40652943 1.18006769 2.00806931 -0.60303464 0.17476490 -0.45417541 0.79308485 0.36633093
1779396312.41687870 1.17912118 2.00817130 -0.60736562 0.17555175 -0.45358062 0.79317678 0.36649256
1779396312.42716694 1.18774558 2.00321255 -0.60981991 0.17520347 -0.45374350 0.79240403 0.36812557
1779396312.43740153 1.18628926 2.00365516 -0.61507067 0.17618314 -0.45299030 0.79260615 0.36815048
1779396312.44768620 1.19304122 1.99953771 -0.61743835 0.17626917 -0.45306752 0.79181369 0.36971621
1779396312.45797324 1.19375370 1.99886716 -0.62225035 0.17712864 -0.45248865 0.79174717 0.37015656
1779396312.46822762 1.19741888 1.99631485 -0.62651963 0.17679468 -0.45195604 0.79189351 0.37065354
1779396312.47848845 1.19883300 1.99452736 -0.63232266 0.17786701 -0.45125657 0.79155627 0.37171160
1779396312.47865987 1.19892104 1.99469074 -0.63213702 0.17804227 -0.45135144 0.79148734 0.37165928
1779396312.48881054 1.20151772 1.99302106 -0.63461994 0.17808774 -0.45113509 0.79138675 0.37211409
1779396312.49910307 1.20807570 1.98899006 -0.63854633 0.17775312 -0.45084112 0.79107814 0.37328473
1779396312.50938916 1.21368824 1.98522945 -0.64286120 0.17761547 -0.45050363 0.79076522 0.37441900
1779396312.51973176 1.21348845 1.98473311 -0.64741190 0.17835807 -0.44987367 0.79079155 0.37476767
1779396312.53005981 1.22176174 1.98044299 -0.64820103 0.17768038 -0.45025193 0.79020294 0.37587524
1779396312.54034138 1.22531069 1.97866690 -0.65006742 0.17761939 -0.45024805 0.79003810 0.37625503
1779396312.55067492 1.22902633 1.97611694 -0.65391249 0.17777031 -0.44990971 0.78976504 0.37716064
1779396312.55083466 1.22926687 1.97633135 -0.65371184 0.17780127 -0.44999055 0.78977432 0.37703015
1779396312.56093526 1.23537733 1.97336737 -0.65343369 0.17705411 -0.45038278 0.78944245 0.37760801
1779396312.57119966 1.23975062 1.97042727 -0.65821302 0.17729027 -0.44996612 0.78912314 0.37865991
1779396312.58148479 1.24792315 1.96628015 -0.65900095 0.17664913 -0.45035803 0.78852909 0.37972965
1779396312.59177876 1.24930095 1.96582231 -0.66076624 0.17683874 -0.45024275 0.78850932 0.37981914
1779396312.60208368 1.25691907 1.96065473 -0.66566034 0.17654175 -0.44992013 0.78797853 0.38143770
1779396312.61248040 1.26270445 1.95639473 -0.67240499 0.17663884 -0.44921513 0.78765246 0.38289436
1779396312.62276292 1.26553615 1.95564924 -0.67132495 0.17689662 -0.44971176 0.78717469 0.38317480
1779396312.63305402 1.27090037 1.95312970 -0.67243890 0.17695565 -0.44997393 0.78664783 0.38392102
1779396312.64338517 1.27435869 1.95016297 -0.67856697 0.17745150 -0.44931202 0.78637976 0.38501499
1779396312.65371680 1.27761862 1.94861856 -0.68034536 0.17807835 -0.44944124 0.78584383 0.38566844
1779396312.66407657 1.27953325 1.94715276 -0.68398131 0.17907099 -0.44919595 0.78532563 0.38654913
1779396312.67465186 1.28423629 1.94388773 -0.68827272 0.17920514 -0.44887804 0.78498666 0.38754349
1779396312.68495297 1.28521988 1.94375631 -0.69033720 0.18059502 -0.44894904 0.78436092 0.38808266
1779396312.69523931 1.29084638 1.94028131 -0.69243665 0.18070835 -0.44906236 0.78368070 0.38927119
1779396312.69538975 1.29029131 1.94057784 -0.69370965 0.18099047 -0.44887714 0.78375375 0.38920666
1779396312.70555973 1.29123389 1.93900305 -0.69924972 0.18201986 -0.44824057 0.78343463 0.39010171
1779396312.71587610 1.29599279 1.93703135 -0.69872503 0.18243348 -0.44881314 0.78267473 0.39077496
1779396312.72618103 1.30105330 1.93305437 -0.70370074 0.18266633 -0.44839056 0.78222948 0.39204076
1779396312.73649597 1.30192380 1.93171950 -0.70834605 0.18340918 -0.44784113 0.78206427 0.39265109
1779396312.74677062 1.30452657 1.92894863 -0.71447758 0.18402324 -0.44710525 0.78185603 0.39361593
1779396312.75702047 1.30923051 1.92592743 -0.71682006 0.18450000 -0.44715716 0.78118815 0.39465846
1779396312.76727057 1.30915221 1.92528669 -0.72085483 0.18516456 -0.44661817 0.78121134 0.39491156
1779396312.77760649 1.31305639 1.92197104 -0.72537292 0.18544916 -0.44619018 0.78090020 0.39587600
1779396312.78788638 1.31624292 1.91899744 -0.73028761 0.18574833 -0.44565701 0.78071836 0.39669413
1779396312.79820776 1.32024963 1.91588843 -0.73363434 0.18605933 -0.44547437 0.78028195 0.39761109
1779396312.80853724 1.32368134 1.91312217 -0.73690924 0.18625232 -0.44523938 0.77994056 0.39845288
1779396312.81890512 1.32428546 1.91115966 -0.74378128 0.18726077 -0.44437049 0.77976877 0.39928554
1779396312.82919908 1.33098994 1.90818273 -0.74158343 0.18691058 -0.44525054 0.77906139 0.39984966
1779396312.83952355 1.33192272 1.90689695 -0.74501711 0.18781814 -0.44498429 0.77864624 0.40052886
1779396312.84978366 1.33576692 1.90375333 -0.74892632 0.18869414 -0.44488291 0.77783889 0.40179644
1779396312.86008716 1.33475938 1.90351093 -0.75408023 0.19053790 -0.44438141 0.77729637 0.40253052
1779396312.87040091 1.33945943 1.89918071 -0.75898414 0.19121574 -0.44414333 0.77644881 0.40410455
1779396312.88074613 1.33925608 1.89905805 -0.76137846 0.19198810 -0.44396356 0.77628230 0.40425576
1779396312.89110398 1.34557655 1.89406759 -0.76448145 0.19259328 -0.44412783 0.77509294 0.40606556
1779396312.90139389 1.34574421 1.89299490 -0.76936389 0.19369174 -0.44364597 0.77479141 0.40664484
1779396312.91172767 1.34900754 1.88934909 -0.77397793 0.19458151 -0.44336702 0.77391383 0.40819249
1779396312.92204261 1.35152507 1.88740556 -0.77618717 0.19572995 -0.44353771 0.77299890 0.40919041
1779396312.93238258 1.35615853 1.88348459 -0.77937871 0.19620546 -0.44356608 0.77217500 0.41048547
1779396312.94273901 1.35921450 1.87975172 -0.78504348 0.19715714 -0.44315419 0.77138276 0.41196124
1779396312.95302415 1.36243119 1.87698679 -0.78733452 0.19774812 -0.44324493 0.77061519 0.41301554
1779396312.96338916 1.36867658 1.87248957 -0.78867001 0.19816114 -0.44373204 0.76941853 0.41452282
1779396312.97371292 1.37103933 1.87072935 -0.79053880 0.19939349 -0.44401936 0.76839795 0.41551611
1779396312.98402500 1.37474321 1.86752387 -0.79258355 0.20000191 -0.44422844 0.76746132 0.41672947
1779396312.99431539 1.37835705 1.86535878 -0.79302190 0.20037901 -0.44466420 0.76677771 0.41734152
1779396313.00462461 1.37985552 1.86316058 -0.79717657 0.20222444 -0.44465898 0.76547974 0.41883700
1779396313.01496887 1.38461290 1.85937427 -0.79983064 0.20305511 -0.44492772 0.76429771 0.42030579
1779396313.02525067 1.38707511 1.85725153 -0.80143089 0.20360933 -0.44507566 0.76363212 0.42109011
1779396313.03551960 1.39178994 1.85439541 -0.80121816 0.20415110 -0.44576411 0.76256424 0.42203373
1779396313.04582953 1.39193810 1.85246771 -0.80673927 0.20536603 -0.44521060 0.76196287 0.42311335
1779396313.05612135 1.39482454 1.85075670 -0.80712345 0.20615439 -0.44570201 0.76107406 0.42381171
1779396313.06647468 1.40099648 1.84458400 -0.81187820 0.20637804 -0.44558360 0.76002796 0.42570043
1779396313.07676792 1.39831450 1.84627718 -0.81384709 0.20839341 -0.44561904 0.75936199 0.42586996
1779396313.08710456 1.40779313 1.83583629 -0.82308847 0.20811734 -0.44488724 0.75813531 0.42894448
1779396313.09739089 1.40985205 1.83663969 -0.81777454 0.20863977 -0.44620826 0.75732601 0.42874813
1779396313.10769320 1.41164451 1.83424380 -0.82117818 0.20949557 -0.44611068 0.75661746 0.42968232
1779396313.11799979 1.41545886 1.83144405 -0.82199401 0.20986789 -0.44657005 0.75575809 0.43053499
1779396313.12835574 1.42288844 1.82636911 -0.82121529 0.20919467 -0.44726741 0.75488996 0.43166027
1779396313.13871431 1.42283952 1.82082287 -0.83650835 0.21066208 -0.44517520 0.75437321 0.43400644
1779396313.14901066 1.42587741 1.82132189 -0.82992724 0.21090547 -0.44678587 0.75354033 0.43367989
1779396313.15936589 1.43112224 1.81425388 -0.83885535 0.21109984 -0.44590442 0.75274194 0.43587347
1779396313.16966653 1.43296637 1.81615754 -0.83106025 0.21117585 -0.44755947 0.75221222 0.43505408
1779396313.17993522 1.43538723 1.81486788 -0.83047138 0.21145659 -0.44810271 0.75164511 0.43533861
1779396313.19024706 1.43883817 1.81189324 -0.83263582 0.21187796 -0.44831128 0.75083495 0.43631595
1779396313.20052981 1.44158901 1.81010763 -0.83260957 0.21178924 -0.44865489 0.75046550 0.43664131
1779396313.21081400 1.44510391 1.80674150 -0.83633937 0.21211139 -0.44858043 0.74977934 0.43773885
1779396313.22117352 1.44858247 1.80604579 -0.83265712 0.21190648 -0.44965122 0.74928509 0.43758574
1779396313.23143029 1.45080473 1.80423291 -0.83438479 0.21206855 -0.44973173 0.74887539 0.43812549
1779396313.23160362 1.45052641 1.80412656 -0.83580966 0.21245615 -0.44960928 0.74872142 0.43832649
1779396313.24172330 1.45205384 1.80389061 -0.83525749 0.21279222 -0.45006691 0.74826845 0.43846729
1779396313.25202227 1.45571855 1.80075406 -0.83819684 0.21291163 -0.45012791 0.74765462 0.43939284
1779396313.26228714 1.45772083 1.80194123 -0.83369901 0.21348989 -0.45145310 0.74682190 0.43916878
1779396313.27252245 1.45874864 1.79804903 -0.84321708 0.21411238 -0.45024668 0.74648653 0.44067185
1779396313.28312230 1.46202024 1.80010782 -0.83433255 0.21424193 -0.45231431 0.74565139 0.43990473
1779396313.29345417 1.46330841 1.79656273 -0.84270756 0.21505851 -0.45143541 0.74508330 0.44136921
1779396313.30377173 1.46488968 1.79913233 -0.83557340 0.21541308 -0.45311137 0.74446724 0.44051767
1779396313.31413960 1.46554017 1.79654676 -0.84236478 0.21615944 -0.45237591 0.74401400 0.44167216
1779396313.32444763 1.46592135 1.79772044 -0.84074511 0.21654645 -0.45294654 0.74381273 0.44123654
1779396313.33475518 1.46756447 1.79516292 -0.84580644 0.21617445 -0.45232782 0.74407391 0.44161315
1779396313.34504390 1.46880142 1.79641909 -0.84180397 0.21653777 -0.45340984 0.74359397 0.44113367
1779396313.35538363 1.46705891 1.79824618 -0.84218502 0.21726445 -0.45351374 0.74354496 0.44075201
1779396313.36571002 1.47008379 1.79517696 -0.84509602 0.21724760 -0.45346066 0.74314936 0.44148153
1779396313.37605739 1.46747978 1.79694481 -0.84749380 0.21859157 -0.45336509 0.74286479 0.44139521
1779396313.38634515 1.46999275 1.79429407 -0.84969874 0.21891057 -0.45344801 0.74221435 0.44224533
1779396313.39668441 1.46914733 1.79438993 -0.85282104 0.21956992 -0.45320046 0.74212979 0.44231409
1779396313.40698481 1.46774605 1.79418203 -0.85715812 0.22046756 -0.45276113 0.74197118 0.44258353
1779396313.41734099 1.47073508 1.79177540 -0.85768103 0.22036864 -0.45307496 0.74152013 0.44306732
1779396313.42764664 1.47109862 1.78967858 -0.86382699 0.22160826 -0.45260169 0.74074171 0.44423328
1779396313.43793035 1.46936734 1.79086775 -0.86459132 0.22190489 -0.45258149 0.74104116 0.44360592
1779396313.44830036 1.47029933 1.79149313 -0.86235824 0.22277951 -0.45349366 0.74022514 0.44359839
1779396313.45866299 1.46904808 1.79138446 -0.86547499 0.22335958 -0.45318522 0.74014537 0.44375498
1779396313.46896672 1.46634390 1.79229505 -0.86939026 0.22511202 -0.45298372 0.73950487 0.44414285
1779396313.47928286 1.46841897 1.78976819 -0.87198309 0.22451714 -0.45279748 0.73973025 0.44425854
1779396313.48957372 1.46856369 1.78876042 -0.87464489 0.22501488 -0.45267393 0.73944278 0.44461106
1779396313.49991393 1.46885245 1.78917008 -0.87376837 0.22526624 -0.45314999 0.73926649 0.44429187
1779396313.51017690 1.46827796 1.78790116 -0.87834295 0.22655402 -0.45299326 0.73844958 0.44515459
1779396313.52040625 1.46241609 1.79237138 -0.87981371 0.22857841 -0.45304017 0.73813435 0.44459441
1779396313.53068066 1.46690048 1.78911618 -0.87919100 0.22725549 -0.45341118 0.73833422 0.44456252
1779396313.54100299 1.46714133 1.79046354 -0.87652160 0.22811818 -0.45444090 0.73755355 0.44436508
1779396313.55127645 1.46517489 1.78623085 -0.89007415 0.23020120 -0.45292846 0.73644437 0.44666868
1779396313.56154680 1.46597333 1.79024587 -0.87990164 0.22935993 -0.45469992 0.73686861 0.44459719
1779396313.57182980 1.47052692 1.78749460 -0.87827397 0.22919804 -0.45567724 0.73599760 0.44512250
1779396313.58210993 1.47130108 1.78524947 -0.88232850 0.23023840 -0.45572538 0.73501956 0.44615121
1779396313.59237289 1.46844463 1.78791980 -0.88103578 0.23124754 -0.45622685 0.73470479 0.44563494
1779396313.59260774 1.46821681 1.78765955 -0.88210199 0.23133331 -0.45614489 0.73469496 0.44569053
1779396313.60274267 1.46638881 1.78775908 -0.88551789 0.23242135 -0.45598194 0.73421897 0.44607544
1779396313.61304545 1.46671095 1.78528183 -0.89061285 0.23300672 -0.45568060 0.73368934 0.44694856
1779396313.62333345 1.46762662 1.78585374 -0.88739856 0.23273364 -0.45648050 0.73364394 0.44634872
1779396313.63373089 1.46636222 1.78431603 -0.89237246 0.23411368 -0.45631449 0.73269701 0.44735104
1779396313.64407468 1.46562074 1.78165570 -0.89852820 0.23468656 -0.45577638 0.73231157 0.44822970
1779396313.65442133 1.46500511 1.78130043 -0.89983520 0.23546326 -0.45610600 0.73169897 0.44848744
1779396313.66474342 1.46943749 1.77746148 -0.90039030 0.23467324 -0.45649752 0.73134977 0.44907238
1779396313.66492081 1.46915941 1.77186227 -0.91261671 0.23530460 -0.45474302 0.73094852 0.45117047
1779396313.67502737 1.46722377 1.77518464 -0.90747702 0.23579388 -0.45583393 0.73077199 0.45009884
1779396313.68534899 1.47051075 1.77149203 -0.90894536 0.23577262 -0.45630572 0.72993966 0.45098165
1779396313.69574189 1.46761164 1.77070593 -0.91411234 0.23692488 -0.45590336 0.72947098 0.45154271
1779396313.70607781 1.46743379 1.76369121 -0.92828410 0.23859184 -0.45434683 0.72800201 0.45459429
1779396313.71638799 1.46787901 1.76527664 -0.92301250 0.23817390 -0.45553595 0.72810951 0.45344981
1779396313.72671556 1.46965450 1.76079479 -0.92760078 0.23892800 -0.45560411 0.72683868 0.45502071
1779396313.73705816 1.46772639 1.75790472 -0.93598692 0.23957765 -0.45452430 0.72666177 0.45604044
1779396313.74741888 1.46668880 1.75770907 -0.93613050 0.24041748 -0.45507424 0.72591976 0.45623172
1779396313.75774479 1.46762096 1.75212557 -0.94477497 0.24100645 -0.45435597 0.72503788 0.45803560
1779396313.76808548 1.46522790 1.75203581 -0.94679442 0.24229866 -0.45460035 0.72419216 0.45844912
1779396313.77834225 1.46468774 1.74806027 -0.95380221 0.24293570 -0.45392090 0.72354573 0.45980391
1779396313.78866029 1.46687052 1.74403171 -0.95656361 0.24292219 -0.45414999 0.72282125 0.46072339
1779396313.79891062 1.46398347 1.74183800 -0.96353651 0.24388615 -0.45346484 0.72236615 0.46160192
1779396313.80921960 1.46417152 1.73845300 -0.96813083 0.24460306 -0.45342366 0.72140955 0.46275758
1779396313.81956363 1.46498420 1.73591171 -0.97095658 0.24489905 -0.45349615 0.72078389 0.46350436
1779396313.82989025 1.46622373 1.73178173 -0.97443621 0.24503350 -0.45362477 0.71999687 0.46452950
1779396313.84026623 1.46403556 1.73075828 -0.97849442 0.24604336 -0.45354268 0.71931856 0.46512634
1779396313.85063362 1.46371290 1.72664831 -0.98597896 0.24680840 -0.45289590 0.71846529 0.46666749
1779396313.86094236 1.46487490 1.72383272 -0.98747854 0.24675308 -0.45329634 0.71787728 0.46721254
1779396313.87123537 1.46458659 1.72029084 -0.99323029 0.24742878 -0.45310143 0.71696226 0.46844767
1779396313.88153315 1.46438611 1.71698276 -0.99831312 0.24777240 -0.45289330 0.71634655 0.46940826
1779396313.89187145 1.46404514 1.71478207 -1.00202557 0.24845484 -0.45286641 0.71550360 0.47035816
1779396313.90215278 1.46385098 1.71269556 -1.00518474 0.24862268 -0.45294757 0.71507718 0.47083955
1779396313.91261673 1.46531601 1.70515477 -1.01525443 0.24880884 -0.45207917 0.71408533 0.47307582
1779396313.92302918 1.46296478 1.70443850 -1.01941255 0.24965547 -0.45179040 0.71360601 0.47362858
1779396313.93337274 1.46287436 1.69953271 -1.02678028 0.24994615 -0.45126533 0.71286530 0.47508902
1779396313.94383168 1.46353428 1.69238121 -1.03716949 0.24990321 -0.45016358 0.71228781 0.47701909
1779396313.95419526 1.46160040 1.69161113 -1.04031315 0.25049694 -0.45003788 0.71187574 0.47744122
1779396313.95437670 1.46237998 1.68912524 -1.04307900 0.25052035 -0.44983061 0.71150271 0.47817975
1779396313.96451163 1.46147231 1.68560200 -1.04964594 0.25077545 -0.44914431 0.71113839 0.47923194
1779396313.96471334 1.46229598 1.68424935 -1.05033434 0.25055344 -0.44919237 0.71104002 0.47944893
1779396313.97481084 1.46050084 1.68180306 -1.05615718 0.25063069 -0.44846258 0.71109309 0.48001270
1779396313.98510838 1.46163741 1.67506064 -1.06464634 0.25070932 -0.44778131 0.71020569 0.48191764
1779396313.99546123 1.46054785 1.67085760 -1.07164003 0.25096405 -0.44712373 0.70973774 0.48308359
1779396314.00580335 1.45985724 1.66555442 -1.07989922 0.25097796 -0.44612138 0.70942126 0.48446595
1779396314.01615524 1.45893197 1.65918640 -1.08972741 0.25111694 -0.44500125 0.70888872 0.48620053
1779396314.02646112 1.45583565 1.65430765 -1.10005374 0.25161181 -0.44364918 0.70857795 0.48763120
1779396314.03682184 1.45674151 1.64893936 -1.10580388 0.25131134 -0.44310797 0.70818942 0.48884117
1779396314.03700328 1.45689777 1.64723062 -1.10780929 0.25121617 -0.44289927 0.70809141 0.48922105
1779396314.04707503 1.45837609 1.64089081 -1.11405907 0.25052567 -0.44220912 0.70790538 0.49046708
1779396314.05737543 1.45770223 1.63379118 -1.12390012 0.25020228 -0.44094461 0.70773026 0.49202088
1779396314.06767941 1.45506701 1.62810545 -1.13422487 0.25037162 -0.43952274 0.70756550 0.49344187
1779396314.07794237 1.45551154 1.62297094 -1.13988245 0.24993490 -0.43888126 0.70742474 0.49443506
1779396314.08823609 1.45841991 1.61580314 -1.14449915 0.24857550 -0.43851416 0.70748946 0.49535262
1779396314.09853697 1.45677543 1.60966723 -1.15389669 0.24861194 -0.43730572 0.70720307 0.49680944
1779396314.10879803 1.45376602 1.60741767 -1.15969411 0.24830273 -0.43628496 0.70790472 0.49686226
1779396314.11908603 1.45339052 1.60159782 -1.16700447 0.24805278 -0.43545146 0.70766921 0.49805234
1779396314.12934756 1.45563172 1.59413980 -1.17310157 0.24676824 -0.43478595 0.70781239 0.49906736
1779396314.13967967 1.45540478 1.59070218 -1.17679509 0.24633826 -0.43439828 0.70789541 0.49949944
1779396314.13985944 1.45428156 1.58939471 -1.17967134 0.24635925 -0.43392746 0.70799590 0.49975582
1779396314.15001273 1.45202045 1.58545617 -1.18720777 0.24685872 -0.43296956 0.70758256 0.50092420
1779396314.16027474 1.45186347 1.58025649 -1.19315027 0.24582938 -0.43212774 0.70817487 0.50132014
1779396314.17053580 1.45093126 1.57587781 -1.19888866 0.24513037 -0.43133827 0.70863363 0.50169390
1779396314.18085504 1.45105691 1.57306549 -1.20175142 0.24517699 -0.43127663 0.70821256 0.50231830
1779396314.19117117 1.45100375 1.56740175 -1.20827289 0.24431933 -0.43041647 0.70858004 0.50295532
1779396314.20147705 1.45138303 1.56487608 -1.21003513 0.24370016 -0.43033607 0.70881433 0.50299439
1779396314.20170856 1.45132950 1.56408484 -1.21074515 0.24337216 -0.43021952 0.70908488 0.50287155
1779396314.21184945 1.45022819 1.56175135 -1.21451022 0.24338992 -0.42985363 0.70903191 0.50325040
1779396314.22218204 1.45002265 1.55871982 -1.21727267 0.24267363 -0.42964237 0.70943623 0.50320690
1779396314.23246360 1.44961892 1.55354833 -1.22361738 0.24212797 -0.42887086 0.70957638 0.50392975
1779396314.24278307 1.45077836 1.55169060 -1.22377506 0.24155724 -0.42915561 0.70967649 0.50382025
1779396314.25314689 1.44962148 1.54828321 -1.22850999 0.24123893 -0.42863692 0.70984713 0.50417381
1779396314.26350904 1.45182906 1.54435357 -1.22957256 0.23995589 -0.42875408 0.71028772 0.50406594
1779396314.27387500 1.45074161 1.54121343 -1.23384174 0.23957586 -0.42826232 0.71059372 0.50423343
1779396314.28424883 1.45079352 1.53832615 -1.23617298 0.23914240 -0.42821604 0.71066271 0.50438125
1779396314.29471564 1.45017853 1.53459799 -1.24086422 0.23875971 -0.42759266 0.71083457 0.50484902
1779396314.30507588 1.44899721 1.53096745 -1.24579046 0.23816614 -0.42687715 0.71139359 0.50494748
1779396314.31537652 1.44950956 1.53095180 -1.24363350 0.23729299 -0.42740655 0.71208558 0.50393433
1779396314.32566810 1.45052173 1.52733989 -1.24610368 0.23644150 -0.42712368 0.71244579 0.50406525
1779396314.33596230 1.44833119 1.52619511 -1.24887700 0.23632152 -0.42678665 0.71289512 0.50377162
1779396314.34626055 1.45066120 1.52040241 -1.25184593 0.23508114 -0.42654693 0.71315927 0.50418096
1779396314.35661960 1.45177725 1.51768308 -1.25272958 0.23388301 -0.42646552 0.71398745 0.50363462
1779396314.36687088 1.45013775 1.51805756 -1.25347471 0.23404918 -0.42650721 0.71416469 0.50327068
1779396314.37721801 1.45116311 1.51563773 -1.25376280 0.23282376 -0.42650840 0.71503194 0.50260622
1779396314.38747907 1.45004270 1.51435239 -1.25533811 0.23259384 -0.42642117 0.71540267 0.50225900
1779396314.39779711 1.44833747 1.51216206 -1.25937062 0.23251954 -0.42579447 0.71571536 0.50237960
1779396314.40806937 1.44902014 1.51202612 -1.25754194 0.23137054 -0.42607877 0.71683513 0.50107080
1779396314.41831827 1.44521900 1.51103110 -1.26268713 0.23154994 -0.42514213 0.71754891 0.50076178
1779396314.42859197 1.44643098 1.51162126 -1.25953954 0.23085691 -0.42581637 0.71804937 0.49979056
1779396314.42877603 1.44647743 1.51064644 -1.26067863 0.23046553 -0.42553845 0.71845265 0.49962831
1779396314.43883538 1.44062493 1.51189023 -1.26554131 0.23137154 -0.42459617 0.71900296 0.49921944
1779396314.44914293 1.44142390 1.50863911 -1.26803041 0.23063680 -0.42433239 0.71945467 0.49913292
1779396314.45947194 1.43842333 1.50961966 -1.26982794 0.23067798 -0.42396437 0.72030375 0.49820115
1779396314.46978617 1.43785929 1.50705906 -1.27356482 0.23047034 -0.42344724 0.72057221 0.49834882
1779396314.48016787 1.43526300 1.50953849 -1.27323392 0.23033042 -0.42340281 0.72167126 0.49685868
1779396314.49049425 1.43111813 1.50922397 -1.27885648 0.23114986 -0.42257533 0.72189625 0.49685575
1779396314.50076556 1.43192609 1.50981843 -1.27704532 0.23038868 -0.42288993 0.72272087 0.49574156
1779396314.50094032 1.43076682 1.51017581 -1.27799796 0.23030143 -0.42262245 0.72317588 0.49534651
1779396314.51106238 1.42718998 1.50877707 -1.28397005 0.23108493 -0.42171131 0.72315592 0.49578709
1779396314.52135086 1.42415232 1.50841120 -1.28847632 0.23150900 -0.42102212 0.72362733 0.49548708
1779396314.53165507 1.41800020 1.50993845 -1.29405412 0.23229036 -0.41989053 0.72454133 0.49474538
1779396314.54189491 1.41339653 1.50865517 -1.30149969 0.23328700 -0.41866319 0.72463065 0.49518555
1779396314.55216694 1.41068248 1.50985166 -1.30355090 0.23321922 -0.41821019 0.72565820 0.49409433
1779396314.56242990 1.40324263 1.50857576 -1.31475908 0.23483398 -0.41631413 0.72579873 0.49472391
1779396314.57269597 1.40373791 1.50762557 -1.31574479 0.23430220 -0.41622388 0.72634481 0.49425032
1779396314.58299732 1.39593905 1.50714846 -1.32641983 0.23590730 -0.41436825 0.72663734 0.49461589
1779396314.59329748 1.39586090 1.50655484 -1.32827782 0.23549829 -0.41420914 0.72727442 0.49400734
1779396314.60358143 1.39127770 1.50625696 -1.33459119 0.23692842 -0.41344414 0.72681049 0.49464672
1779396314.60375309 1.39078114 1.50659182 -1.33514384 0.23704441 -0.41342048 0.72687537 0.49451558
1779396314.61390662 1.39142189 1.50490677 -1.33742772 0.23679333 -0.41329147 0.72701569 0.49453742
1779396314.62417746 1.38754212 1.50620040 -1.34167019 0.23791554 -0.41294997 0.72690656 0.49444451
1779396314.63446307 1.38897487 1.50488526 -1.34333884 0.23817992 -0.41339745 0.72629279 0.49484508
1779396314.64472032 1.38871921 1.50680152 -1.34271382 0.23850560 -0.41393123 0.72620855 0.49436541
1779396314.65502167 1.38848696 1.50646204 -1.34540822 0.23910614 -0.41412554 0.72572731 0.49461922
1779396314.66529942 1.39027432 1.50611636 -1.34586949 0.23881225 -0.41457774 0.72577927 0.49430604
1779396314.67557049 1.39095802 1.50681815 -1.34605592 0.23930248 -0.41515040 0.72524959 0.49436575
1779396314.68582654 1.39340203 1.50635423 -1.34608471 0.23910282 -0.41576934 0.72507993 0.49419105
1779396314.69609761 1.39168092 1.50951601 -1.34626696 0.23988187 -0.41621999 0.72504054 0.49349146
1779396314.70637512 1.39177857 1.50813571 -1.34962590 0.24027721 -0.41612299 0.72466637 0.49393034
1779396314.70661616 1.39185008 1.50876735 -1.34933838 0.24048724 -0.41635819 0.72451443 0.49385279
1779396314.71669197 1.39214509 1.51021130 -1.34880941 0.24050549 -0.41674644 0.72474669 0.49317517
1779396314.72702527 1.39007448 1.51080123 -1.35252241 0.24151303 -0.41661356 0.72442472 0.49326811
1779396314.73756933 1.39276059 1.51147428 -1.35102556 0.24137854 -0.41744798 0.72435762 0.49272671
1779396314.74795628 1.39147594 1.51343092 -1.35140488 0.24204646 -0.41770264 0.72429289 0.49227820
1779396314.74824405 1.39212105 1.51296548 -1.35188727 0.24189044 -0.41770837 0.72439863 0.49219443
1779396314.75836587 1.39460838 1.51197309 -1.35177030 0.24168168 -0.41814975 0.72427139 0.49210944
1779396314.76872849 1.39536441 1.51216107 -1.35278289 0.24168463 -0.41830216 0.72454739 0.49157189
1779396314.77915096 1.39684738 1.51392105 -1.35094900 0.24189590 -0.41909422 0.72450185 0.49085994
1779396314.78958559 1.39562026 1.51271192 -1.35540045 0.24245850 -0.41856114 0.72444956 0.49111434
1779396314.78985667 1.39817914 1.51112375 -1.35484057 0.24207089 -0.41889720 0.72424368 0.49132261
1779396314.79996800 1.39932638 1.51391416 -1.35194406 0.24190040 -0.41954449 0.72478287 0.49005755
1779396314.81036568 1.39719441 1.51419537 -1.35578085 0.24277687 -0.41915585 0.72479884 0.48993307
1779396314.82075119 1.40307858 1.51065909 -1.35556917 0.24178961 -0.41969586 0.72480991 0.48994261
1779396314.83114147 1.40122483 1.51190422 -1.35792827 0.24267709 -0.41950868 0.72477107 0.48972155
1779396314.84147930 1.40398658 1.51050944 -1.35834841 0.24271189 -0.41995839 0.72446961 0.48976492
1779396314.85188031 1.40509602 1.51193623 -1.35752038 0.24281882 -0.42039627 0.72476789 0.48889416
1779396314.86226845 1.40591899 1.51172639 -1.35863078 0.24309384 -0.42051041 0.72468210 0.48878649
1779396314.86246991 1.40630667 1.51182236 -1.35876541 0.24313247 -0.42054794 0.72474427 0.48864279
1779396314.87258434 1.41025874 1.50886575 -1.35940037 0.24281942 -0.42092207 0.72433829 0.48907810
1779396314.88292289 1.41498707 1.50724992 -1.35856012 0.24229019 -0.42151848 0.72435219 0.48880625
1779396314.89321399 1.41457199 1.51179204 -1.35622992 0.24266345 -0.42200445 0.72507241 0.48713110
1779396314.90353990 1.42082392 1.50855459 -1.35521333 0.24177077 -0.42266432 0.72485183 0.48733109
1779396314.90386581 1.41862660 1.51069086 -1.35595347 0.24237966 -0.42248630 0.72506113 0.48687143
1779396314.91396594 1.42462988 1.50773053 -1.35467447 0.24125619 -0.42303109 0.72520932 0.48673565
1779396314.92430186 1.42695121 1.51063755 -1.35206498 0.24163342 -0.42391876 0.72517624 0.48582466
1779396314.93474698 1.42830767 1.51046282 -1.35394032 0.24164773 -0.42381057 0.72555721 0.48534287
1779396314.94512630 1.43142193 1.51204342 -1.35113985 0.24090091 -0.42432619 0.72637544 0.48403796
1779396314.95546460 1.43761963 1.51107427 -1.34947556 0.24020523 -0.42510358 0.72640590 0.48365573
1779396314.96575904 1.44233507 1.51233305 -1.34690351 0.23932220 -0.42571888 0.72720102 0.48235568
1779396314.97610116 1.44422992 1.51441374 -1.34552140 0.23945489 -0.42624338 0.72733190 0.48162875
1779396314.98643374 1.44956628 1.51702325 -1.34087174 0.23882327 -0.42739601 0.72775437 0.48028083
1779396314.99677134 1.45439198 1.51694826 -1.34050099 0.23866682 -0.42799918 0.72761692 0.48002965
1779396315.00706506 1.45905171 1.51874815 -1.33781543 0.23797050 -0.42868915 0.72825313 0.47879331
1779396315.01742148 1.46186477 1.52199171 -1.33425616 0.23780298 -0.42953107 0.72859734 0.47759682
1779396315.01760411 1.46325498 1.52263724 -1.33318310 0.23737517 -0.42966596 0.72902980 0.47702804
1779396315.02770972 1.46615982 1.52149427 -1.33508734 0.23717264 -0.42961426 0.72912712 0.47702659
1779396315.03805184 1.47077477 1.52438188 -1.33165584 0.23707631 -0.43068484 0.72916888 0.47604426
1779396315.04836178 1.47426203 1.52823188 -1.32648816 0.23623278 -0.43149371 0.73020085 0.47414552
1779396315.05865335 1.48086823 1.52542852 -1.32721945 0.23611058 -0.43217386 0.72937315 0.47486035
1779396315.06895471 1.48240120 1.52617387 -1.32944089 0.23592254 -0.43183037 0.73016195 0.47405339
1779396315.07929683 1.48607281 1.53180353 -1.32366545 0.23532012 -0.43282736 0.73122297 0.47180280
1779396315.08960176 1.48960288 1.53094051 -1.32422376 0.23504970 -0.43301879 0.73128073 0.47167240
1779396315.08982301 1.48765511 1.53084127 -1.32790537 0.23553171 -0.43237155 0.73141703 0.47181436
1779396315.09991384 1.49310101 1.53014794 -1.32644937 0.23520115 -0.43310762 0.73110451 0.47178851
1779396315.11021781 1.49481707 1.53173569 -1.32720731 0.23505362 -0.43301613 0.73183831 0.47080730
1779396315.12054658 1.50065543 1.53540996 -1.32093312 0.23491335 -0.43461867 0.73165415 0.46968557
1779396315.13091302 1.49999406 1.53640075 -1.32445761 0.23524556 -0.43402592 0.73219738 0.46922065
1779396315.14122081 1.50357432 1.53798323 -1.32298361 0.23480832 -0.43439381 0.73278885 0.46817473
1779396315.15154314 1.50743887 1.53582776 -1.32531484 0.23407191 -0.43406196 0.73341917 0.46786416
1779396315.16186166 1.51063081 1.53501756 -1.32629526 0.23456133 -0.43449948 0.73265747 0.46840604
1779396315.16204619 1.51306690 1.53530797 -1.32409379 0.23425653 -0.43500334 0.73262843 0.46813625
1779396315.17218900 1.51546937 1.53361001 -1.32660401 0.23360028 -0.43450052 0.73335573 0.46779224
1779396315.18250871 1.52108886 1.53485957 -1.32264688 0.23280563 -0.43536617 0.73377644 0.46672258
1779396315.19279766 1.52520300 1.53179169 -1.32575614 0.23255946 -0.43521383 0.73368291 0.46713424
1779396315.20312190 1.52850615 1.53397568 -1.32228525 0.23207840 -0.43585749 0.73415446 0.46603122
1779396315.21341705 1.53288336 1.52602253 -1.33044512 0.23132069 -0.43469556 0.73428928 0.46727910
1779396315.22376513 1.53826324 1.52400205 -1.33050363 0.23087701 -0.43506329 0.73416630 0.46734953
1779396315.23411560 1.54532535 1.52096479 -1.32827798 0.22952877 -0.43560943 0.73438109 0.46716741
1779396315.23429561 1.54547415 1.52039156 -1.32979483 0.22973285 -0.43547132 0.73426980 0.46737075
1779396315.24446416 1.55092189 1.51690405 -1.32991713 0.22915776 -0.43582818 0.73395144 0.46782027
1779396315.25476861 1.55319483 1.51190488 -1.33648424 0.22904601 -0.43493072 0.73398831 0.46865163
1779396315.26507998 1.56181578 1.50978566 -1.33181353 0.22724149 -0.43576252 0.73461975 0.46776721
1779396315.27544713 1.56233099 1.50664245 -1.33739218 0.22782676 -0.43519227 0.73419542 0.46867872
1779396315.28579640 1.56463530 1.50542425 -1.33830326 0.22761506 -0.43514787 0.73435465 0.46857333
1779396315.29612136 1.57382142 1.49890578 -1.33902115 0.22658254 -0.43561577 0.73386551 0.46940459
1779396315.30650592 1.57935491 1.49549299 -1.33946085 0.22590310 -0.43583108 0.73385307 0.46955163
1779396315.31677818 1.57996315 1.49223031 -1.34460480 0.22679972 -0.43552983 0.73296525 0.47078401
1779396315.32713366 1.58698268 1.48969983 -1.34221978 0.22566007 -0.43609647 0.73323434 0.47038794
1779396315.33747101 1.58967749 1.48726920 -1.34439449 0.22572163 -0.43603063 0.73308498 0.47065214
1779396315.34778428 1.59281755 1.48055838 -1.35044178 0.22546842 -0.43530679 0.73275051 0.47196258
1779396315.35814691 1.59902930 1.47911136 -1.34704114 0.22448060 -0.43599801 0.73305863 0.47131650
1779396315.36845040 1.60322313 1.47596248 -1.34844522 0.22467895 -0.43631488 0.73235398 0.47202366
1779396315.37876487 1.60654905 1.46858499 -1.35534228 0.22434146 -0.43537475 0.73223010 0.47324288
1779396315.38908029 1.60995906 1.46762512 -1.35383588 0.22390884 -0.43571923 0.73238449 0.47289169
1779396315.39951324 1.61502300 1.46351493 -1.35532463 0.22375310 -0.43595806 0.73183230 0.47359964
1779396315.40978360 1.61947409 1.45927781 -1.35665117 0.22313577 -0.43590661 0.73188980 0.47384933
1779396315.42014122 1.62206944 1.45624050 -1.35862457 0.22324441 -0.43593437 0.73144812 0.47445421
1779396315.42033005 1.62229964 1.45686445 -1.35813962 0.22313251 -0.43592688 0.73175077 0.47404689
1779396315.43044877 1.62631268 1.45598485 -1.35626161 0.22241101 -0.43622409 0.73216875 0.47346678
1779396315.44079137 1.62944440 1.45421349 -1.35688983 0.22277620 -0.43664504 0.73154040 0.47387816
1779396315.45114493 1.63336680 1.44816652 -1.36093194 0.22261977 -0.43638833 0.73105249 0.47493990
1779396315.46150017 1.63992555 1.44565380 -1.35708011 0.22229209 -0.43768160 0.73010149 0.47536602
1779396315.47177005 1.64265208 1.44488718 -1.35704681 0.22223735 -0.43787658 0.73016884 0.47510854
1779396315.48208904 1.64609386 1.44244035 -1.35746209 0.22280085 -0.43855233 0.72909429 0.47587094
1779396315.49242663 1.64967381 1.43546664 -1.36181953 0.22209443 -0.43793740 0.72905133 0.47683231
1779396315.49262357 1.64915903 1.43630668 -1.36210188 0.22257080 -0.43804903 0.72883856 0.47683292
1779396315.50273585 1.65312296 1.43769990 -1.35705845 0.22224848 -0.43909456 0.72882311 0.47604458
1779396315.51302481 1.66030297 1.42835848 -1.35981456 0.22166565 -0.43937604 0.72762563 0.47788491
1779396315.52333069 1.66699957 1.42645731 -1.35443495 0.22060025 -0.44049206 0.72752616 0.47750179
1779396315.53370667 1.66485514 1.42531048 -1.36042892 0.22146603 -0.43961091 0.72762705 0.47775927
1779396315.54404259 1.66780701 1.42238566 -1.36171205 0.22135984 -0.43969280 0.72740920 0.47806477
1779396315.55433965 1.67228565 1.42171850 -1.35867639 0.22070225 -0.44029400 0.72766338 0.47742822
1779396315.56468964 1.67708794 1.41976261 -1.35633872 0.22042001 -0.44114306 0.72709266 0.47764430
1779396315.56487370 1.67956655 1.41825230 -1.35498512 0.21995641 -0.44143627 0.72704867 0.47765408
1779396315.57494664 1.67851671 1.41994600 -1.35615404 0.22043397 -0.44127039 0.72732738 0.47716264
1779396315.58520746 1.68446101 1.41677620 -1.35394996 0.21964515 -0.44195726 0.72713154 0.47718918
1779396315.59552813 1.69299683 1.41208629 -1.34987905 0.21914077 -0.44359509 0.72568923 0.47809609
1779396315.60583615 1.69718871 1.41351522 -1.34444501 0.21874681 -0.44475886 0.72560354 0.47732473
1779396315.61613631 1.69458866 1.41559738 -1.34833160 0.21964461 -0.44420037 0.72595061 0.47690458
1779396315.62643981 1.69884707 1.41544750 -1.34492644 0.21932056 -0.44512436 0.72574553 0.47650416
1779396315.63678598 1.70388508 1.41534362 -1.34049078 0.21907253 -0.44638710 0.72511480 0.47639722
1779396315.64705801 1.70339371 1.41751791 -1.34105872 0.21956563 -0.44646119 0.72531095 0.47580181
1779396315.65736032 1.70672030 1.41764958 -1.33912742 0.21999333 -0.44752577 0.72439186 0.47600425
1779396315.66782856 1.70789459 1.42037257 -1.33701818 0.22029488 -0.44816688 0.72437196 0.47529136
1779396315.67817998 1.70855421 1.42221145 -1.33606977 0.22020362 -0.44831297 0.72479942 0.47454362
1779396315.68854427 1.71278331 1.42056813 -1.33482484 0.22045371 -0.44932886 0.72368041 0.47517408
1779396315.69886684 1.71596269 1.42538907 -1.32743037 0.21988339 -0.45052869 0.72427345 0.47339535
1779396315.70915270 1.71696976 1.41955069 -1.33431869 0.22057336 -0.45016143 0.72302626 0.47532632
1779396315.70933223 1.71771885 1.41985401 -1.33345569 0.22080107 -0.45055469 0.72264132 0.47543336
1779396315.71944261 1.72075617 1.42033309 -1.33037328 0.22024235 -0.45113253 0.72283886 0.47484390
1779396315.72969651 1.72358027 1.41875339 -1.33069038 0.22024089 -0.45156009 0.72233670 0.47520220
1779396315.73992801 1.72200906 1.41844107 -1.33461839 0.22103756 -0.45123114 0.72199831 0.47565880
1779396315.75023055 1.72398557 1.41775603 -1.33415504 0.22103726 -0.45166729 0.72168486 0.47572068
1779396315.76053119 1.72528127 1.41652822 -1.33585507 0.22104304 -0.45163153 0.72159711 0.47588501
1779396315.77073169 1.72862377 1.41611647 -1.33334535 0.22122693 -0.45270970 0.72069630 0.47614013
1779396315.78100991 1.72950382 1.41555857 -1.33328817 0.22095868 -0.45274784 0.72090534 0.47591191
1779396315.79126716 1.73085447 1.41376593 -1.33470118 0.22093568 -0.45275714 0.72068446 0.47624816
1779396315.80150843 1.73419994 1.41176365 -1.33376525 0.22121664 -0.45364173 0.71956213 0.47697245
1779396315.81172347 1.73579310 1.41055062 -1.33372139 0.22073092 -0.45361053 0.71991225 0.47669875
1779396315.82203221 1.73559350 1.40760125 -1.33856061 0.22073742 -0.45288679 0.72005455 0.47716872
1779396315.83227348 1.73810526 1.40761506 -1.33628281 0.22087304 -0.45369376 0.71951170 0.47715824
1779396315.84262490 1.73753715 1.40678229 -1.33835939 0.22088423 -0.45330396 0.71978234 0.47711535
1779396315.84282279 1.73765905 1.40737007 -1.33766325 0.22068721 -0.45329168 0.72010330 0.47673372
1779396315.85295773 1.73718482 1.40693096 -1.33971515 0.22045250 -0.45272054 0.72077038 0.47637681
1779396315.86324310 1.74077191 1.40785402 -1.33481650 0.21961261 -0.45344886 0.72122849 0.47537763
1779396315.87356186 1.74164650 1.40500683 -1.33760404 0.21973706 -0.45327528 0.72091763 0.47595685
1779396315.88388705 1.74182927 1.40579733 -1.33727310 0.21944856 -0.45312567 0.72153219 0.47530069
1779396315.89419961 1.74377801 1.40749430 -1.33397213 0.21829449 -0.45309386 0.72294813 0.47370821
1779396315.90446424 1.74498725 1.40701413 -1.33384618 0.21758979 -0.45282663 0.72377738 0.47302117
1779396315.91480875 1.74777695 1.40840163 -1.32947965 0.21655170 -0.45319655 0.72468519 0.47175165
1779396315.92509484 1.74793747 1.41077974 -1.32793874 0.21597511 -0.45301597 0.72584537 0.47040385
1779396315.93539071 1.74668739 1.40974719 -1.33242190 0.21610017 -0.45220411 0.72631081 0.47040914
1779396315.94573545 1.74775752 1.41110727 -1.33060208 0.21521276 -0.45205411 0.72749886 0.46912254
1779396315.95599580 1.74993861 1.41170347 -1.32803654 0.21427332 -0.45216788 0.72833477 0.46814487
1779396315.96625948 1.74989188 1.41349679 -1.32762093 0.21387493 -0.45195545 0.72923883 0.46712365
1779396315.97658300 1.75135505 1.41447155 -1.32588254 0.21312889 -0.45199187 0.73007867 0.46611647
1779396315.98685718 1.75025575 1.41754399 -1.32501856 0.21264989 -0.45164084 0.73133936 0.46469702
1779396315.98700619 1.75024395 1.41777046 -1.32524689 0.21244397 -0.45146979 0.73169116 0.46440352
1779396315.99714875 1.75177116 1.41429139 -1.32838039 0.21223807 -0.45118831 0.73150506 0.46506394
1779396316.00745964 1.75396240 1.41635803 -1.32432256 0.21090632 -0.45134870 0.73286706 0.46336675
1779396316.01776862 1.75339590 1.41895947 -1.32341306 0.21009093 -0.45091180 0.73436844 0.46178279
1779396316.02807188 1.75473586 1.41693114 -1.32477378 0.20954528 -0.45067186 0.73467012 0.46178509
1779396316.03843451 1.75750836 1.41672673 -1.32239825 0.20881746 -0.45112094 0.73496123 0.46121270
1779396316.04871678 1.75531802 1.41602872 -1.32717856 0.20833410 -0.44987648 0.73622709 0.46062755
1779396316.05904365 1.75808915 1.41973603 -1.31955009 0.20703839 -0.45072955 0.73729584 0.45866417
1779396316.05922675 1.75815242 1.42013286 -1.31932625 0.20686198 -0.45069052 0.73755025 0.45837300
1779396316.06939244 1.75789632 1.41664701 -1.32457572 0.20660813 -0.44981420 0.73785716 0.45885409
1779396316.07970023 1.76145228 1.41464241 -1.32250741 0.20547561 -0.45018402 0.73818582 0.45847117
1779396316.09000325 1.76103829 1.41588791 -1.32217022 0.20472762 -0.44986344 0.73933306 0.45727028
1779396316.10040069 1.76129407 1.41963163 -1.31803136 0.20406704 -0.45019536 0.74031524 0.45564693
1779396316.11074090 1.76472428 1.41703446 -1.31699227 0.20265293 -0.45019128 0.74100613 0.45515879
1779396316.12105799 1.76445564 1.41802194 -1.31684477 0.20265772 -0.45039524 0.74117706 0.45467631
1779396316.13136840 1.76475454 1.41924050 -1.31549653 0.20187488 -0.45027881 0.74213996 0.45356785
1779396316.13154459 1.76526011 1.41682013 -1.31771835 0.20123085 -0.44965468 0.74267166 0.45360293
1779396316.14165592 1.76738437 1.41781000 -1.31361768 0.20032383 -0.45020771 0.74320826 0.45257582
1779396316.15195823 1.76749704 1.41561009 -1.31641850 0.19971699 -0.44967820 0.74382869 0.45235111
1779396316.16236615 1.76931481 1.42021848 -1.30885079 0.19850110 -0.45051913 0.74500452 0.45010898
1779396316.17267919 1.76727448 1.42335759 -1.30810777 0.19782818 -0.45004020 0.74651185 0.44838364
1779396316.18295741 1.76900252 1.41987704 -1.30986459 0.19667855 -0.44959220 0.74720344 0.44818681
1779396316.19325948 1.76870002 1.42024372 -1.30992740 0.19630142 -0.44957925 0.74774717 0.44745774
1779396316.20366836 1.77033607 1.42144356 -1.30621740 0.19530630 -0.44996445 0.74850018 0.44624536
1779396316.20383883 1.77046762 1.42143636 -1.30607167 0.19528695 -0.45007263 0.74847239 0.44619135
1779396316.21394515 1.76919839 1.42288898 -1.30607289 0.19498060 -0.44989650 0.74920932 0.44526520
1779396316.22426319 1.77284241 1.41813412 -1.30607185 0.19286053 -0.44942993 0.75041888 0.44462238
1779396316.23461723 1.77188488 1.42598671 -1.29862266 0.19289513 -0.45076188 0.75091416 0.44241736
1779396316.24490285 1.77177750 1.42736947 -1.29723249 0.19223257 -0.45078426 0.75170653 0.44133602
1779396316.25521660 1.77377571 1.42666433 -1.29553011 0.19116140 -0.45100921 0.75230913 0.44054397
1779396316.26555657 1.76936210 1.43148964 -1.29605268 0.19160076 -0.45089939 0.75311078 0.43909343
1779396316.27584124 1.77182570 1.43093282 -1.29291946 0.19061152 -0.45143732 0.75342936 0.43842421
1779396316.27604461 1.77127396 1.43149750 -1.29301442 0.19051687 -0.45137360 0.75368397 0.43809322
1779396316.28612947 1.76843840 1.43540069 -1.29229258 0.19065803 -0.45143487 0.75433801 0.43684120
1779396316.29642844 1.76509951 1.43586989 -1.29634506 0.19097737 -0.45095411 0.75474909 0.43648809
1779396316.30670905 1.76588410 1.43428600 -1.29693179 0.19000600 -0.45065008 0.75547412 0.43597142
1779396316.31706643 1.76393526 1.43641852 -1.29663795 0.19000105 -0.45087779 0.75586201 0.43506488
1779396316.32744741 1.76598199 1.43521989 -1.29499113 0.18903389 -0.45129823 0.75616389 0.43452534
1779396316.33771420 1.76020591 1.43743344 -1.30045912 0.18988991 -0.45061099 0.75663819 0.43403941
1779396316.34798956 1.76080014 1.43700384 -1.29987456 0.18914093 -0.45065380 0.75716074 0.43341028
1779396316.34824681 1.76263429 1.43698463 -1.29705196 0.18870996 -0.45124055 0.75705888 0.43316551
1779396316.35839558 1.75747066 1.44067750 -1.30007108 0.18949905 -0.45083624 0.75756800 0.43235116
1779396316.36865306 1.75384514 1.44171205 -1.30361932 0.18993240 -0.45053814 0.75784981 0.43197770
1779396316.37891150 1.75239186 1.44288714 -1.30395263 0.18971551 -0.45064017 0.75829202 0.43118984
1779396316.38923287 1.74753292 1.44471306 -1.30860826 0.19066043 -0.45018567 0.75841765 0.43102684
1779396316.39949560 1.74849820 1.44374346 -1.30767203 0.19004707 -0.45065144 0.75850264 0.43066127
1779396316.40980625 1.74551477 1.44401264 -1.31078235 0.19066683 -0.45059025 0.75834037 0.43073713
1779396316.42016172 1.74526484 1.44809165 -1.30571200 0.19057523 -0.45185285 0.75831723 0.42949397
1779396316.43043327 1.73950487 1.45049677 -1.31006308 0.19144927 -0.45145229 0.75861087 0.42900765
1779396316.44074154 1.73770309 1.45087491 -1.31137825 0.19188079 -0.45187683 0.75824563 0.42901359
1779396316.45109773 1.73416584 1.45306952 -1.31297731 0.19213939 -0.45183400 0.75864205 0.42824144
1779396316.46139669 1.73248431 1.45254856 -1.31539086 0.19254908 -0.45192547 0.75832754 0.42851787
1779396316.47170925 1.72818563 1.45331877 -1.31959345 0.19356766 -0.45179170 0.75800587 0.42876907
1779396316.48210692 1.72652540 1.45670622 -1.31698969 0.19400909 -0.45301696 0.75757192 0.42804309
1779396316.49244738 1.72572442 1.45651177 -1.31775935 0.19427445 -0.45342857 0.75714527 0.42824176
1779396316.50278997 1.72174621 1.45723718 -1.32121940 0.19446032 -0.45302312 0.75761136 0.42776193
1779396316.51315355 1.72248602 1.45645016 -1.32021101 0.19466573 -0.45410031 0.75666675 0.42819808
1779396316.52344108 1.71497739 1.45914685 -1.32614281 0.19603818 -0.45355247 0.75678701 0.42793996
1779396316.53371620 1.71361590 1.45871380 -1.32808906 0.19624152 -0.45361147 0.75658456 0.42814215
1779396316.54406428 1.70909228 1.45885605 -1.33270888 0.19700349 -0.45332761 0.75647141 0.42829279
1779396316.55435801 1.70450453 1.45710599 -1.33964377 0.19755714 -0.45252209 0.75657304 0.42870989
1779396316.56464219 1.70210483 1.46052729 -1.33786383 0.19796137 -0.45315328 0.75650167 0.42798204
1779396316.56480908 1.70108050 1.46056047 -1.33876746 0.19814487 -0.45315406 0.75643366 0.42801650
1779396316.57493711 1.69741126 1.46044320 -1.34277568 0.19845925 -0.45262065 0.75671418 0.42793938
1779396316.58524680 1.70068245 1.45720260 -1.34112869 0.19767063 -0.45346410 0.75614262 0.42842149
1779396316.59553885 1.69638024 1.45752462 -1.34514468 0.19807393 -0.45304609 0.75639043 0.42823998
1779396316.60572648 1.69206419 1.45708700 -1.35064325 0.19893231 -0.45253494 0.75618623 0.42874287
1779396316.61603022 1.68398492 1.46130567 -1.35490315 0.20022209 -0.45209402 0.75652265 0.42801354
1779396316.62631893 1.68672699 1.45559354 -1.35656614 0.19957219 -0.45246880 0.75579024 0.42921327
1779396316.63665748 1.68375635 1.45705308 -1.35762341 0.20000290 -0.45260940 0.75573814 0.42895621
1779396316.64704347 1.67952580 1.45323454 -1.36579746 0.20019723 -0.45143432 0.75601091 0.42962265
1779396316.65731883 1.67805499 1.45622392 -1.36287842 0.20026171 -0.45229583 0.75593621 0.42881718
1779396316.66763997 1.67443627 1.45489193 -1.36793627 0.20072827 -0.45169575 0.75594483 0.42921617
1779396316.66782403 1.67374983 1.45552130 -1.36764848 0.20056646 -0.45167528 0.75622498 0.42881968
1779396316.67788815 1.67319779 1.45436645 -1.36871909 0.20041876 -0.45175954 0.75613672 0.42895558
1779396316.68815398 1.66979850 1.45667970 -1.36868275 0.20075094 -0.45202940 0.75625702 0.42830339
1779396316.69845581 1.66658656 1.45633005 -1.37132800 0.20082401 -0.45173538 0.75651849 0.42811755
1779396316.70878124 1.66519175 1.45533421 -1.37255744 0.20081056 -0.45177514 0.75644506 0.42821164
1779396316.71903944 1.66080038 1.45598208 -1.37601480 0.20120114 -0.45119956 0.75684991 0.42791970
1779396316.72933149 1.66009130 1.45299097 -1.37793775 0.20085344 -0.45124944 0.75672923 0.42824376
1779396316.73965716 1.65672293 1.45168372 -1.38202123 0.20133389 -0.45082648 0.75660759 0.42867832
1779396316.74993038 1.65419538 1.45017703 -1.38454241 0.20106542 -0.45038166 0.75706413 0.42846583
1779396316.76033664 1.65035418 1.44879537 -1.38865795 0.20145880 -0.44993681 0.75706315 0.42875006
1779396316.77069092 1.64734676 1.44603158 -1.39370188 0.20184866 -0.44943647 0.75683532 0.42949305
1779396316.78106165 1.64573752 1.44826896 -1.39143300 0.20205362 -0.45007575 0.75671390 0.42894082
1779396316.79136372 1.64289929 1.44608002 -1.39490271 0.20183920 -0.44945933 0.75715114 0.42891655
1779396316.80180144 1.63975343 1.44712803 -1.39482157 0.20238339 -0.44992656 0.75677705 0.42883045
1779396316.81215382 1.63744804 1.44540894 -1.39726284 0.20246211 -0.44976922 0.75671739 0.42906355
1779396316.82247043 1.63834576 1.43905430 -1.40187232 0.20218606 -0.44941620 0.75617836 0.43051152
1779396316.83277488 1.63367513 1.44142790 -1.40228433 0.20328818 -0.44990099 0.75563640 0.43043773
1779396316.84309530 1.63145263 1.44197693 -1.40164251 0.20329200 -0.45018461 0.75570634 0.43001640
1779396316.85339451 1.63065599 1.43764054 -1.40572485 0.20347282 -0.44992662 0.75515667 0.43116499
1779396316.86369801 1.62743036 1.43834864 -1.40645469 0.20401249 -0.45014645 0.75491591 0.43110212
1779396316.87402749 1.62566685 1.43448095 -1.40978766 0.20440945 -0.45019515 0.75414320 0.43221422
1779396316.88431144 1.62101813 1.43461294 -1.41252993 0.20557221 -0.45029152 0.75348709 0.43270640
1779396316.89465737 1.61970819 1.43569114 -1.41095243 0.20505575 -0.45023398 0.75427684 0.43163406
1779396316.90498543 1.61842382 1.43113750 -1.41476251 0.20562391 -0.45027544 0.75325696 0.43309906
1779396316.91524410 1.61712696 1.43075028 -1.41344343 0.20562361 -0.45070793 0.75311705 0.43289260
1779396316.92555714 1.61441218 1.43288926 -1.41231074 0.20591804 -0.45089336 0.75333123 0.43218629
1779396316.93590331 1.61044460 1.43178400 -1.41562406 0.20618113 -0.45024343 0.75373375 0.43203661
1779396316.94628501 1.60832360 1.43063889 -1.41620739 0.20650082 -0.45045032 0.75341318 0.43222736
1779396316.95659971 1.60530715 1.43075177 -1.41696709 0.20695401 -0.45048609 0.75335097 0.43208174
1779396316.96690249 1.60264157 1.43148866 -1.41715528 0.20751914 -0.45069620 0.75310899 0.43201341
1779396316.97719860 1.60225842 1.43047788 -1.41586511 0.20751335 -0.45120383 0.75279465 0.43203418
1779396316.98750496 1.59556419 1.43177442 -1.42008807 0.20861131 -0.45052643 0.75302998 0.43180217
1779396316.99777412 1.59611837 1.43199834 -1.41738857 0.20875521 -0.45141749 0.75241803 0.43186876
1779396317.00807858 1.59343202 1.43312365 -1.41683566 0.20902390 -0.45158855 0.75255923 0.43131357
1779396317.01839614 1.58936827 1.43103522 -1.42225618 0.20993067 -0.45103559 0.75216549 0.43213782
1779396317.02870488 1.58806970 1.43502404 -1.41769860 0.21021382 -0.45199195 0.75209945 0.43111465
1779396317.02890086 1.58773138 1.43657591 -1.41587879 0.21018693 -0.45227868 0.75222911 0.43060053
1779396317.03900337 1.58662226 1.43948998 -1.41290843 0.21030692 -0.45285176 0.75236248 0.42970570
1779396317.04926014 1.58464427 1.44055729 -1.41262969 0.21074636 -0.45324122 0.75210591 0.42952889
1779396317.05956268 1.58656713 1.44025143 -1.40932801 0.21050230 -0.45432948 0.75151397 0.42953493
1779396317.06985950 1.58647006 1.43779037 -1.41153637 0.21060248 -0.45434092 0.75109036 0.43021412
1779396317.08012295 1.58336753 1.44186260 -1.40999716 0.21165799 -0.45519386 0.75048715 0.42984704
1779396317.09042215 1.58584655 1.44574017 -1.40223675 0.21080658 -0.45662361 0.75076243 0.42826538
1779396317.10077190 1.58445206 1.44604775 -1.40341347 0.21183085 -0.45722830 0.74962772 0.42910168
1779396317.10095596 1.58604092 1.44647113 -1.40101160 0.21149360 -0.45774693 0.74954940 0.42885184
1779396317.11106014 1.58384733 1.45104823 -1.39855379 0.21157859 -0.45807125 0.75013005 0.42744607
1779396317.12139606 1.58871593 1.45270392 -1.39067406 0.21081689 -0.46003621 0.74944503 0.42691343
1779396317.13171029 1.59039061 1.45844641 -1.38235372 0.21068945 -0.46189706 0.74912604 0.42552466
1779396317.14201999 1.59135838 1.46180429 -1.37770867 0.21045682 -0.46288600 0.74913800 0.42454298
1779396317.15233707 1.59245620 1.46520583 -1.37296677 0.21018114 -0.46398162 0.74910157 0.42354667
1779396317.16269493 1.59146241 1.47069539 -1.36842090 0.21014379 -0.46477584 0.74952585 0.42194076
1779396317.17300534 1.59475917 1.47171503 -1.36339606 0.20928454 -0.46575786 0.74958481 0.42117955
1779396317.17322540 1.59458082 1.47295171 -1.36227554 0.20926065 -0.46594863 0.74968673 0.42079884
1779396317.18333244 1.59286601 1.47684750 -1.36018322 0.20948491 -0.46633943 0.74994896 0.41978585
1779396317.19366837 1.59584918 1.48074216 -1.35222709 0.20866721 -0.46779275 0.75012358 0.41826135
1779396317.20394373 1.59581847 1.48700783 -1.34508261 0.20827104 -0.46885843 0.75074878 0.41613844
1779396317.21423173 1.59624382 1.48835307 -1.34293976 0.20772598 -0.46907037 0.75126823 0.41523361
1779396317.22453403 1.59921427 1.48987947 -1.33723393 0.20673230 -0.47002632 0.75156088 0.41411745
1779396317.23475051 1.60095876 1.49257003 -1.33164266 0.20587347 -0.47080330 0.75211744 0.41264964
1779396317.24507117 1.60140748 1.49411141 -1.32892708 0.20529562 -0.47107018 0.75266355 0.41163598
1779396317.25536346 1.60635380 1.49295714 -1.32361952 0.20365865 -0.47181933 0.75310843 0.41077654
1779396317.26570630 1.61336356 1.49134481 -1.31570101 0.20162090 -0.47306927 0.75337210 0.40985968
1779396317.27602553 1.61445724 1.49169563 -1.31321764 0.20105765 -0.47345288 0.75363643 0.40920694
1779396317.28634262 1.61569221 1.49198360 -1.31069702 0.20024784 -0.47364468 0.75419633 0.40834962
1779396317.29661441 1.61881333 1.49179905 -1.30627282 0.19893479 -0.47411900 0.75482513 0.40727774
1779396317.30687094 1.62311216 1.49032618 -1.30202775 0.19741604 -0.47459928 0.75535600 0.40647231
1779396317.31715965 1.62537715 1.48981268 -1.29944955 0.19651886 -0.47487006 0.75576583 0.40582851
1779396317.32741189 1.62794791 1.48859695 -1.29729914 0.19563542 -0.47515980 0.75605370 0.40537976
1779396317.33769822 1.63129992 1.48922156 -1.29193321 0.19448156 -0.47587113 0.75651538 0.40423765
1779396317.34797120 1.63345128 1.48925224 -1.28900481 0.19416265 -0.47655061 0.75628998 0.40401219
1779396317.34812140 1.63475440 1.48855263 -1.28813170 0.19382629 -0.47670266 0.75630853 0.40395959
1779396317.35827160 1.63734795 1.48849799 -1.28475527 0.19297825 -0.47715085 0.75662222 0.40324841
1779396317.36855865 1.63732266 1.49201047 -1.28075221 0.19186817 -0.47708879 0.75815131 0.40097316
1779396317.37888002 1.63776163 1.49405849 -1.27808208 0.19158189 -0.47744701 0.75852557 0.39997461
1779396317.38912797 1.63907833 1.49594543 -1.27418653 0.19095116 -0.47789882 0.75901382 0.39880871
1779396317.39939213 1.64531038 1.49375932 -1.26950809 0.18956365 -0.47879605 0.75893960 0.39853564
1779396317.40970826 1.64750076 1.49503401 -1.26589368 0.18813735 -0.47874289 0.76026714 0.39674105
1779396317.42003918 1.64886104 1.49700515 -1.26226683 0.18769339 -0.47927902 0.76055622 0.39574872
1779396317.43030262 1.65647896 1.49647480 -1.25406562 0.18570395 -0.48052595 0.76084614 0.39461628
1779396317.44057131 1.65936228 1.50054983 -1.24632353 0.18446182 -0.48137632 0.76175316 0.39240642
1779396317.45086718 1.66277972 1.50128447 -1.24203575 0.18361591 -0.48207102 0.76193684 0.39159288
1779396317.45106173 1.66310434 1.50246149 -1.24051023 0.18340408 -0.48221232 0.76218895 0.39102714
1779396317.46116686 1.66868386 1.50304437 -1.23331860 0.18196992 -0.48328557 0.76243706 0.38988682
1779396317.47143006 1.67501840 1.50505020 -1.22375998 0.18020727 -0.48465384 0.76288025 0.38813620
1779396317.48169947 1.67661407 1.51382969 -1.21223469 0.17933534 -0.48610634 0.76381038 0.38488072
1779396317.49195147 1.67959340 1.51804847 -1.20430019 0.17799010 -0.48686080 0.76480256 0.38257436
1779396317.50224018 1.68413650 1.52221988 -1.19444275 0.17682737 -0.48835733 0.76510841 0.38058944
1779396317.51251554 1.68966673 1.52754273 -1.18158439 0.17490899 -0.48991165 0.76599197 0.37768998
1779396317.52288389 1.69018960 1.53406451 -1.17380907 0.17409471 -0.49058093 0.76707543 0.37498888
1779396317.53325772 1.69468034 1.54013786 -1.16116876 0.17217856 -0.49189914 0.76824013 0.37174840
1779396317.54355359 1.69693888 1.54610307 -1.15200931 0.17087161 -0.49267343 0.76945680 0.36879807
1779396317.55385804 1.70048341 1.54980103 -1.14400077 0.16937241 -0.49332832 0.77051704 0.36639275
1779396317.56421351 1.70159437 1.55496572 -1.13695454 0.16811726 -0.49359521 0.77191550 0.36365756
1779396317.57454157 1.70481571 1.55956417 -1.12810151 0.16672554 -0.49437868 0.77291895 0.36109362
1779396317.58484077 1.70693654 1.56431778 -1.12052758 0.16512647 -0.49457640 0.77450615 0.35814473
1779396317.59515882 1.71091296 1.56893913 -1.10922646 0.16324810 -0.49557349 0.77559072 0.35526892
1779396317.59542632 1.71251627 1.56997950 -1.10567634 0.16252958 -0.49585792 0.77595993 0.35439421
1779396317.60552454 1.71426592 1.57222109 -1.10202690 0.16151425 -0.49577330 0.77699209 0.35271133
1779396317.61575842 1.71740312 1.57923634 -1.08898234 0.15942728 -0.49671490 0.77856554 0.34884516
1779396317.62608767 1.72057207 1.58441009 -1.07897238 0.15735879 -0.49715657 0.78018212 0.34552774
1779396317.63641357 1.72550828 1.58821396 -1.06734848 0.15524695 -0.49823100 0.78109997 0.34285140
1779396317.64667869 1.72843589 1.59502905 -1.05547555 0.15313699 -0.49892861 0.78269329 0.33913202
1779396317.65698338 1.73079076 1.60090043 -1.04667480 0.15150061 -0.49934501 0.78409409 0.33600386
1779396317.66732836 1.73303878 1.60189012 -1.04491449 0.15021427 -0.49886152 0.78527171 0.33454627
1779396317.67766523 1.73597264 1.60842183 -1.03373236 0.14802628 -0.49939102 0.78691670 0.33084580
1779396317.68794370 1.73811003 1.61585002 -1.02243933 0.14587886 -0.49986507 0.78865572 0.32691961
1779396317.69826055 1.74226592 1.62114606 -1.01097347 0.14372686 -0.50064288 0.78986792 0.32374058
1779396317.70854735 1.74646980 1.62275597 -1.00447919 0.14144401 -0.50053648 0.79127749 0.32146036
1779396317.71880960 1.74934736 1.62668267 -0.99754877 0.13932233 -0.50036589 0.79295990 0.31849311
1779396317.72908473 1.75478563 1.62844431 -0.98932983 0.13609899 -0.49998495 0.79500812 0.31536362
1779396317.73936701 1.75840436 1.63018414 -0.98316240 0.13431247 -0.50009134 0.79600447 0.31344170
1779396317.74967360 1.76235869 1.63168948 -0.97751476 0.13147699 -0.49934912 0.79809248 0.31050386
1779396317.75994444 1.76704450 1.63635401 -0.96526257 0.12846303 -0.49967067 0.79980675 0.30681530
1779396317.77021956 1.77463448 1.63516366 -0.95643524 0.12566423 -0.50006933 0.80064371 0.30513736
1779396317.77040792 1.77615923 1.63443987 -0.95556050 0.12493707 -0.49990718 0.80102389 0.30470357
1779396317.78057146 1.77981173 1.63548747 -0.95063773 0.12314364 -0.49979275 0.80205062 0.30291528
1779396317.79088545 1.77910318 1.64091548 -0.94720731 0.12229833 -0.49935956 0.80337791 0.30044479
1779396317.79107332 1.78156035 1.64081083 -0.94391378 0.12134397 -0.49955002 0.80364291 0.29980575
1779396317.80120254 1.78385224 1.64855344 -0.93027267 0.11905605 -0.50039290 0.80495793 0.29576230
1779396317.81147265 1.78378517 1.65386679 -0.92610717 0.11818182 -0.50021165 0.80606449 0.29339633
1779396317.82179928 1.78270099 1.66068267 -0.92233130 0.11767191 -0.50005855 0.80720076 0.29072615
1779396317.83209801 1.79043081 1.66166167 -0.91079711 0.11501580 -0.50111322 0.80767079 0.28866034
1779396317.84241629 1.78927263 1.66945064 -0.90300241 0.11434649 -0.50165837 0.80846489 0.28574163
1779396317.85274839 1.79276012 1.67425679 -0.89343362 0.11219832 -0.50203654 0.80959524 0.28271256
1779396317.86304855 1.78811703 1.68477848 -0.89013801 0.11166323 -0.50125989 0.81152333 0.27874671
1779396317.87333989 1.79147747 1.68842015 -0.88234758 0.11010819 -0.50176286 0.81222433 0.27640886
1779396317.88367605 1.79422759 1.69360459 -0.87027855 0.10793283 -0.50258500 0.81303667 0.27336825
1779396317.89396954 1.79408461 1.70063686 -0.86469423 0.10649246 -0.50216495 0.81461567 0.26998339
1779396317.90424585 1.79719531 1.70332066 -0.86016591 0.10442571 -0.50160592 0.81606106 0.26745301
1779396317.91453624 1.79558105 1.71006182 -0.85525834 0.10375309 -0.50156497 0.81703276 0.26481191
1779396317.92482662 1.79427969 1.71596499 -0.85379986 0.10304381 -0.50084299 0.81840571 0.26220292
1779396317.93507767 1.79791308 1.71810620 -0.84897141 0.10149598 -0.50083267 0.81920120 0.26033553
1779396317.94535232 1.79734835 1.72510106 -0.84041893 0.10105222 -0.50183196 0.81939967 0.25794826
1779396317.95568156 1.79386196 1.73896241 -0.82764780 0.10085780 -0.50327625 0.81980623 0.25388671
1779396317.96604061 1.80171261 1.73207575 -0.83088645 0.09873982 -0.50200462 0.82081476 0.25397820
1779396317.97634482 1.80882328 1.72789064 -0.83125040 0.09750043 -0.50183155 0.82100305 0.25419038
1779396317.98662257 1.80711913 1.73511452 -0.82523247 0.09697007 -0.50213432 0.82168467 0.25157945
1779396317.99693251 1.80199830 1.74418127 -0.82494185 0.09655776 -0.50092414 0.82354987 0.24802666
1779396318.00723815 1.80382804 1.75109382 -0.81125366 0.09571303 -0.50295320 0.82317066 0.24549369
1779396318.01750636 1.80556900 1.75224004 -0.81001615 0.09508170 -0.50281336 0.82362285 0.24450684
1779396318.01766872 1.80294928 1.75798055 -0.80427904 0.09508590 -0.50348339 0.82372556 0.24277428
1779396318.02774501 1.80489710 1.75840423 -0.80473705 0.09433310 -0.50292960 0.82439453 0.24194369
1779396318.03805637 1.80187485 1.76594405 -0.80216841 0.09402163 -0.50257720 0.82548060 0.23907713
1779396318.04835629 1.80210307 1.76952990 -0.80101331 0.09347668 -0.50220810 0.82627237 0.23732490
1779396318.05865645 1.80258191 1.77330584 -0.79619107 0.09282024 -0.50251013 0.82664437 0.23564181
1779396318.06894636 1.80353809 1.77690202 -0.79192164 0.09247408 -0.50303262 0.82679219 0.23413971
1779396318.07919693 1.80835475 1.77313068 -0.79748484 0.09179263 -0.50189885 0.82742731 0.23459689
1779396318.08948755 1.80780399 1.77746672 -0.79331203 0.09141471 -0.50220177 0.82778750 0.23281877
1779396318.09984279 1.80577289 1.78559588 -0.78510359 0.09071892 -0.50278617 0.82840098 0.22962569
1779396318.11016703 1.80884668 1.78613020 -0.78304771 0.09002090 -0.50288935 0.82864944 0.22877641
1779396318.12050390 1.81140557 1.78713849 -0.78095846 0.08889990 -0.50261079 0.82930611 0.22744357
1779396318.13078713 1.81218505 1.78991895 -0.77704568 0.08838863 -0.50294634 0.82951888 0.22612133
1779396318.14109206 1.81793736 1.78926850 -0.77073114 0.08706288 -0.50373511 0.82936865 0.22542989
1779396318.15138984 1.81662134 1.79684671 -0.76102337 0.08633857 -0.50468511 0.82964993 0.22252996
1779396318.16168451 1.81730820 1.79635418 -0.76568456 0.08659217 -0.50396455 0.83005209 0.22256473
1779396318.17201281 1.81705402 1.79838926 -0.76857639 0.08665993 -0.50331727 0.83070345 0.22157068
1779396318.18230271 1.81696350 1.80622587 -0.75606514 0.08487074 -0.50399313 0.83141786 0.21801885
1779396318.19255424 1.81582599 1.81065443 -0.75328010 0.08405891 -0.50352202 0.83235067 0.21585189
1779396318.19271708 1.81799456 1.81058987 -0.74892013 0.08375240 -0.50442836 0.83183560 0.21584044
1779396318.20281887 1.82087514 1.81356652 -0.73809877 0.08249369 -0.50575294 0.83157507 0.21422339
1779396318.21309114 1.81541670 1.81818664 -0.74853364 0.08342397 -0.50356539 0.83320220 0.21268858
1779396318.22334886 1.82145484 1.81746630 -0.74037158 0.08224351 -0.50498701 0.83255656 0.21230566
1779396318.23363447 1.82401621 1.81982388 -0.73206627 0.08171333 -0.50638519 0.83199353 0.21138529
1779396318.24396849 1.82492085 1.82281844 -0.72844778 0.08109705 -0.50656342 0.83231746 0.20991524
1779396318.25427008 1.82678748 1.82180403 -0.73072105 0.08104704 -0.50630721 0.83247239 0.20993835
1779396318.26455092 1.82770873 1.82798208 -0.71859960 0.07967681 -0.50741952 0.83260780 0.20722279
1779396318.27493072 1.82733693 1.83193801 -0.71557450 0.07953293 -0.50768606 0.83282544 0.20574539
1779396318.28526330 1.82725974 1.83706911 -0.70857924 0.07875720 -0.50818989 0.83312503 0.20357557
1779396318.29552269 1.82895914 1.83951618 -0.70386576 0.07776598 -0.50831475 0.83352401 0.20200566
1779396318.30602288 1.82949381 1.84197685 -0.69939858 0.07757644 -0.50902046 0.83333538 0.20107762
1779396318.31640649 1.82889927 1.84524467 -0.69878116 0.07691397 -0.50832800 0.83424515 0.19930359
1779396318.32679415 1.82891271 1.85084160 -0.68886962 0.07554893 -0.50892805 0.83464721 0.19659255
1779396318.33711815 1.82922931 1.85433048 -0.68344469 0.07511236 -0.50949845 0.83468939 0.19509765
1779396318.34744906 1.83056848 1.85466061 -0.68386769 0.07468055 -0.50908900 0.83512053 0.19448627
1779396318.35778999 1.83235938 1.85659364 -0.67816604 0.07375439 -0.50951684 0.83526306 0.19310230
1779396318.36812353 1.83148198 1.86020465 -0.67657550 0.07308519 -0.50893127 0.83610681 0.19124048
1779396318.37842488 1.83164471 1.86303169 -0.67142099 0.07225707 -0.50912074 0.83641771 0.18968500
1779396318.38875389 1.83162676 1.86823957 -0.66024745 0.07131660 -0.51035895 0.83625728 0.18740718
1779396318.39901805 1.83425102 1.86807035 -0.65815391 0.07037474 -0.51013837 0.83665785 0.18657405
1779396318.40931916 1.83278350 1.87403794 -0.64792074 0.06937800 -0.51094914 0.83684057 0.18388999
1779396318.41968036 1.83485002 1.87268135 -0.65000652 0.06867341 -0.51007144 0.83751420 0.18352400
1779396318.43002772 1.83598297 1.87576554 -0.64065579 0.06728899 -0.51068815 0.83769821 0.18147043
1779396318.44041586 1.83790433 1.87555854 -0.63985945 0.06622427 -0.51003321 0.83840546 0.18043491
1779396318.45077157 1.83840199 1.87807507 -0.63289833 0.06501068 -0.51027530 0.83873311 0.17866032
1779396318.45096040 1.83798671 1.87917190 -0.63149024 0.06480175 -0.51027398 0.83886950 0.17809875
1779396318.46108222 1.83745203 1.88292174 -0.62285921 0.06338919 -0.51056802 0.83928296 0.17580168
1779396318.47137928 1.83736849 1.88576406 -0.61706126 0.06236609 -0.51062453 0.83972536 0.17388034
1779396318.48165846 1.83991770 1.88638485 -0.61042304 0.06045315 -0.51042755 0.84035159 0.17209981
1779396318.49196935 1.83994233 1.88941730 -0.60218110 0.05903842 -0.51069495 0.84071647 0.17000278
1779396318.50226951 1.84024057 1.89291707 -0.59086002 0.05684862 -0.51094393 0.84128981 0.16714064
1779396318.51256704 1.83888153 1.89612388 -0.58812213 0.05594284 -0.51035343 0.84211596 0.16507721
1779396318.52282810 1.83806278 1.89935173 -0.58127297 0.05448511 -0.51023684 0.84272112 0.16282155
1779396318.52320313 1.83654174 1.90280965 -0.57420872 0.05369674 -0.51071561 0.84279016 0.16121717
1779396318.53329492 1.83831750 1.90344434 -0.56799067 0.05207960 -0.51065267 0.84321908 0.15969706
1779396318.54362440 1.83494462 1.91037905 -0.55586447 0.05012279 -0.51081275 0.84395059 0.15590200
1779396318.55388927 1.83342385 1.91837414 -0.53300736 0.04695235 -0.51220555 0.84412998 0.15127963
1779396318.56418848 1.83305057 1.91929982 -0.53287898 0.04591666 -0.51124848 0.84501686 0.14987716
1779396318.57450986 1.83158963 1.92471173 -0.52017888 0.04425446 -0.51197959 0.84517402 0.14696705
1779396318.58483338 1.83069463 1.92886624 -0.50887320 0.04176144 -0.51191724 0.84589903 0.14370645
1779396318.59517407 1.82795672 1.93461069 -0.49834751 0.04075875 -0.51270684 0.84588818 0.14122186
1779396318.60550261 1.82490069 1.94059389 -0.48752652 0.03834316 -0.51242543 0.84679596 0.13742849
1779396318.61576676 1.82227517 1.94768487 -0.47096426 0.03654661 -0.51376950 0.84659338 0.13410780
1779396318.62610149 1.81901031 1.95440620 -0.45800353 0.03473045 -0.51439195 0.84682081 0.13072580
1779396318.63640499 1.81708498 1.95843165 -0.45027679 0.03357408 -0.51471210 0.84699730 0.12860722
1779396318.64672041 1.81451732 1.96483984 -0.43517318 0.03171474 -0.51584573 0.84685626 0.12542663
1779396318.65696692 1.81320429 1.97033550 -0.41708387 0.02817188 -0.51632649 0.84727717 0.12138654
1779396318.66729856 1.81162122 1.97381593 -0.40970183 0.02687716 -0.51657736 0.84744583 0.11941951
1779396318.67759323 1.80941239 1.97969322 -0.39457585 0.02464164 -0.51749545 0.84740186 0.11619525
1779396318.68789291 1.80495385 1.98583890 -0.38906468 0.02418957 -0.51775324 0.84756715 0.11391389
1779396318.69820261 1.80248595 1.99016126 -0.38158568 0.02270125 -0.51782109 0.84788444 0.11152557
1779396318.70848894 1.79871194 1.99585983 -0.37385670 0.02189764 -0.51829264 0.84791252 0.10925929
1779396318.71878815 1.79599348 2.00074778 -0.36415111 0.02023959 -0.51863428 0.84807684 0.10665135
1779396318.72911525 1.79165423 2.00653068 -0.35807724 0.01950633 -0.51884977 0.84824590 0.10437106
1779396318.73936343 1.78834683 2.01101400 -0.35284923 0.01867096 -0.51891756 0.84846077 0.10242211
1779396318.74959755 1.78547764 2.01583969 -0.34475317 0.01763046 -0.51942783 0.84842203 0.10031930
1779396318.75987959 1.78485666 2.01877163 -0.33207917 0.01538638 -0.52012571 0.84830430 0.09804244
1779396318.77012563 1.78188496 2.02269285 -0.32655766 0.01471259 -0.52042276 0.84832134 0.09640849
1779396318.77035975 1.78161016 2.02351925 -0.32336213 0.01412681 -0.52057051 0.84831014 0.09579497
1779396318.78043175 1.77905393 2.02674969 -0.31853973 0.01314288 -0.52053405 0.84853725 0.09410689
1779396318.79070520 1.77536588 2.03024461 -0.31855933 0.01254481 -0.51979086 0.84918473 0.09244122
1779396318.80101347 1.76818907 2.03648588 -0.32237034 0.01300695 -0.51881620 0.84997598 0.09056163
1779396318.81133556 1.76741914 2.03855977 -0.31227342 0.01135489 -0.51944853 0.84979413 0.08884944
1779396318.82167053 1.76275830 2.04326545 -0.30853328 0.01018995 -0.51887554 0.85040537 0.08645841
1779396318.83192492 1.76005271 2.04667119 -0.30108605 0.00872776 -0.51894108 0.85059079 0.08437586
1779396318.84220886 1.75822202 2.04902674 -0.29414925 0.00732735 -0.51905511 0.85070060 0.08268363
1779396318.85253596 1.75477071 2.05273059 -0.28773653 0.00590712 -0.51888081 0.85102839 0.08048903
1779396318.86282897 1.74962636 2.05815572 -0.28042056 0.00559845 -0.51956283 0.85079428 0.07856346
1779396318.87313128 1.74823061 2.05917239 -0.27895600 0.00344511 -0.51811882 0.85186618 0.07658341
1779396318.87334180 1.74705920 2.06152319 -0.26710312 0.00249949 -0.51952558 0.85111676 0.07541342
1779396318.88350391 1.74240677 2.06596546 -0.26155747 0.00162515 -0.51952466 0.85130065 0.07333957
1779396318.89382148 1.73929492 2.06841801 -0.25987151 0.00014213 -0.51848986 0.85210282 0.07133746
1779396318.90410399 1.73518152 2.07267959 -0.25229052 -0.00098472 -0.51876514 0.85210826 0.06923346
1779396318.91441870 1.73121981 2.07608039 -0.25077408 -0.00142081 -0.51841530 0.85244111 0.06773261
1779396318.92470765 1.72709870 2.08005302 -0.24416533 -0.00269278 -0.51843275 0.85259779 0.06555332
1779396318.93496346 1.72178495 2.08504170 -0.23672653 -0.00413396 -0.51840405 0.85280590 0.06294645
1779396318.94523072 1.71838153 2.08808708 -0.23445235 -0.00498548 -0.51799798 0.85316353 0.06136148
1779396318.94543195 1.71753807 2.08898245 -0.23253473 -0.00526141 -0.51811018 0.85312603 0.06091087
1779396318.95553827 1.71307205 2.09317668 -0.22722132 -0.00614860 -0.51817664 0.85321488 0.05898759
1779396318.96580648 1.71166890 2.09438032 -0.22629473 -0.00829068 -0.51679928 0.85415954 0.05710743
1779396318.97608018 1.70827388 2.09692486 -0.22942173 -0.00902911 -0.51554708 0.85500374 0.05566228
1779396318.98639059 1.70355140 2.10137934 -0.22450351 -0.01007696 -0.51544344 0.85518860 0.05356287
1779396318.99664903 1.69868307 2.10648119 -0.21439815 -0.01177104 -0.51589811 0.85505077 0.05097814
1779396319.00693893 1.69565246 2.10963112 -0.21211018 -0.01247329 -0.51579393 0.85518175 0.04965081
1779396319.01731110 1.68992083 2.11504048 -0.20359249 -0.01346007 -0.51638399 0.85494003 0.04737040
1779396319.02765870 1.68694517 2.11794075 -0.20133343 -0.01420287 -0.51626564 0.85507000 0.04608000
1779396319.03792691 1.68189355 2.12224951 -0.19810752 -0.01474652 -0.51631557 0.85512127 0.04436652
1779396319.04821491 1.67820705 2.12582477 -0.18881031 -0.01623106 -0.51694899 0.85481139 0.04240014
1779396319.05850959 1.67266787 2.13043350 -0.18285443 -0.01704953 -0.51720892 0.85473607 0.04037943
1779396319.06877017 1.66926180 2.13318674 -0.17892032 -0.01798167 -0.51724022 0.85476560 0.03892284
1779396319.07906079 1.66678097 2.13520040 -0.17333555 -0.01904459 -0.51756782 0.85460057 0.03766575
1779396319.08940172 1.66427046 2.13717825 -0.16828852 -0.02006146 -0.51774523 0.85452465 0.03640111
1779396319.09968209 1.65883932 2.14097071 -0.16483306 -0.02116077 -0.51738744 0.85480007 0.03434100
1779396319.11001897 1.65556226 2.14318964 -0.16050245 -0.02220887 -0.51741480 0.85481257 0.03292662
1779396319.12038422 1.65387863 2.14418855 -0.15747557 -0.02305059 -0.51742033 0.85482025 0.03205019
1779396319.13074732 1.65008658 2.14657863 -0.15330387 -0.02389774 -0.51755308 0.85476800 0.03064902
1779396319.14108300 1.64573742 2.14933109 -0.15059946 -0.02496176 -0.51716287 0.85503342 0.02893653
1779396319.15138340 1.64040659 2.15332350 -0.14282581 -0.02578413 -0.51786284 0.85464382 0.02715140
1779396319.16167498 1.63812983 2.15466802 -0.13976194 -0.02663723 -0.51783420 0.85466681 0.02613141
1779396319.17195535 1.63493093 2.15639494 -0.13716122 -0.02717478 -0.51796347 0.85460131 0.02513913
1779396319.18227434 1.62682888 2.16175899 -0.12877430 -0.02788610 -0.51872137 0.85418573 0.02274304
1779396319.19255662 1.62881578 2.15986771 -0.12819337 -0.02946900 -0.51800059 0.85457877 0.02240743
1779396319.20291185 1.62580619 2.16143582 -0.12503710 -0.03053771 -0.51785560 0.85466128 0.02114509
1779396319.21329045 1.61978100 2.16545830 -0.11555685 -0.03132657 -0.51894348 0.85401650 0.01929068
1779396319.22366381 1.61861178 2.16570054 -0.11470895 -0.03284537 -0.51813961 0.85447164 0.01818655
1779396319.23393917 1.61716084 2.16617987 -0.11512326 -0.03395998 -0.51731849 0.85494534 0.01722689
1779396319.24422789 1.60965975 2.17066488 -0.11475574 -0.03520984 -0.51614546 0.85565300 0.01456261
1779396319.25451851 1.60427269 2.17414340 -0.11001146 -0.03636250 -0.51607803 0.85567719 0.01256083
1779396319.26484776 1.59922137 2.17730474 -0.10643118 -0.03753513 -0.51580567 0.85581689 0.01063359
1779396319.27521753 1.59371818 2.18129844 -0.09846356 -0.03797220 -0.51682727 0.85519935 0.00904177
1779396319.28561759 1.58913763 2.18406991 -0.08795027 -0.04050811 -0.51692099 0.85505012 0.00640839
1779396319.29599261 1.58203870 2.18872132 -0.08652157 -0.04073559 -0.51679982 0.85512450 0.00454347
1779396319.30635452 1.57751884 2.19162747 -0.08128035 -0.04172887 -0.51695564 0.85498972 0.00285333
1779396319.30668736 1.57735758 2.19175671 -0.07968197 -0.04208034 -0.51705357 0.85491398 0.00263159
1779396319.31674719 1.57266397 2.19489802 -0.07654292 -0.04222896 -0.51742877 0.85468243 0.00145746
1779396319.32709551 1.56851979 2.19753930 -0.06400823 -0.04424754 -0.51835996 0.85401678 -0.00067112
1779396319.33741355 1.56410176 2.20027124 -0.05872787 -0.04499065 -0.51877350 0.85372450 -0.00209192
1779396319.34774351 1.55959942 2.20308219 -0.05505123 -0.04571230 -0.51880600 0.85366146 -0.00358148
1779396319.35807276 1.55370554 2.20645324 -0.05339947 -0.04664856 -0.51824717 0.85393984 -0.00552584
1779396319.36839318 1.55238855 2.20663767 -0.04943080 -0.04836447 -0.51790386 0.85404423 -0.00670304
1779396319.37876296 1.54860668 2.20862149 -0.04959958 -0.04875126 -0.51747006 0.85427619 -0.00776184
1779396319.38904023 1.54449798 2.21108314 -0.04536934 -0.04969917 -0.51751212 0.85418190 -0.00919172
1779396319.39936423 1.54028457 2.21326739 -0.04181363 -0.05073567 -0.51733342 0.85421146 -0.01071516
1779396319.40971351 1.53726689 2.21469950 -0.03997334 -0.05163996 -0.51698741 0.85435162 -0.01185888
1779396319.42009044 1.53389541 2.21646423 -0.04230822 -0.05215965 -0.51604867 0.85487155 -0.01295311
1779396319.42036676 1.53236381 2.21727759 -0.04049941 -0.05234833 -0.51619766 0.85476327 -0.01339359
1779396319.43046212 1.52827264 2.21948750 -0.04176022 -0.05276467 -0.51549698 0.85514096 -0.01458374
1779396319.44068336 1.52424810 2.22143152 -0.03943993 -0.05365532 -0.51517955 0.85525196 -0.01597604
1779396319.45100260 1.51994514 2.22356972 -0.03695385 -0.05472239 -0.51473861 0.85541864 -0.01756630
1779396319.46131015 1.51729173 2.22472749 -0.03843467 -0.05496799 -0.51419591 0.85571370 -0.01830699
1779396319.47158504 1.50935526 2.22920397 -0.03684063 -0.05567013 -0.51362056 0.85596109 -0.02062433
1779396319.48184800 1.50450682 2.23163107 -0.03437738 -0.05663971 -0.51320220 0.85610654 -0.02229449
1779396319.49213815 1.50080552 2.23352966 -0.03100143 -0.05729916 -0.51324755 0.85600223 -0.02353588
1779396319.50248814 1.49466172 2.23668688 -0.02836177 -0.05817594 -0.51287175 0.85611290 -0.02547195
1779396319.51274109 1.48780197 2.24038526 -0.03894695 -0.05823902 -0.51047972 0.85748115 -0.02728997
1779396319.52301431 1.48566197 2.24136029 -0.03273197 -0.05942673 -0.51080603 0.85716990 -0.02838016
1779396319.53327370 1.47830072 2.24519023 -0.02706803 -0.06077200 -0.51060694 0.85710664 -0.03091155
1779396319.54357266 1.47264263 2.24787721 -0.02552437 -0.06195381 -0.50986967 0.85738648 -0.03291013
1779396319.55397749 1.47259449 2.24706890 -0.02015084 -0.06282696 -0.51046679 0.85695666 -0.03319212
1779396319.56427884 1.46396903 2.25165217 -0.01857017 -0.06399494 -0.50952438 0.85731691 -0.03601755
1779396319.57458973 1.45977893 2.25336812 -0.01931936 -0.06481754 -0.50866668 0.85770209 -0.03747040
1779396319.58489275 1.45666890 2.25398551 -0.01024540 -0.06554670 -0.50987152 0.85688922 -0.03841257
1779396319.59516478 1.45366317 2.25512782 -0.00964467 -0.06595175 -0.50964711 0.85695171 -0.03929319
1779396319.60549569 1.44524489 2.25982992 -0.00892394 -0.06755966 -0.50826932 0.85750256 -0.04227718
1779396319.61577535 1.43998968 2.26195669 -0.00235197 -0.06941043 -0.50805322 0.85737029 -0.04450061
1779396319.62604952 1.43347611 2.26485726 0.00599541 -0.06996215 -0.50906807 0.85663560 -0.04615678
1779396319.63636017 1.42931777 2.26673170 0.01037739 -0.07044921 -0.50944379 0.85630713 -0.04735022
1779396319.64668441 1.42603412 2.26766634 0.01388218 -0.07210904 -0.50890490 0.85639791 -0.04897670
1779396319.65696478 1.42124394 2.26951904 0.01702502 -0.07248996 -0.50911142 0.85616949 -0.05024510
1779396319.66725564 1.41938556 2.26954954 0.02366620 -0.07292941 -0.51009923 0.85551130 -0.05079854
1779396319.67761612 1.41064023 2.27432776 0.02441650 -0.07457127 -0.50865975 0.85603739 -0.05389220
1779396319.68792987 1.40195421 2.27852030 0.02558403 -0.07491121 -0.50825552 0.85610014 -0.05618885
1779396319.69824266 1.40092244 2.27810736 0.03140895 -0.07637458 -0.50841846 0.85581259 -0.05711750
1779396319.70856571 1.39712835 2.27961990 0.03339843 -0.07698607 -0.50822769 0.85578867 -0.05833963
1779396319.71888614 1.38951106 2.28298828 0.03874830 -0.07812115 -0.50811210 0.85558739 -0.06074047
1779396319.72914839 1.38139126 2.28679687 0.04028149 -0.07830939 -0.50791471 0.85553956 -0.06278811
1779396319.73940778 1.37923452 2.28732776 0.03966112 -0.07843978 -0.50767725 0.85562587 -0.06336706
1779396319.74972153 1.37289942 2.28973064 0.04507423 -0.07912087 -0.50800158 0.85523604 -0.06515821
1779396319.75998735 1.36642232 2.29251545 0.04697963 -0.07960873 -0.50774163 0.85520494 -0.06697309
1779396319.77025652 1.36032504 2.29509141 0.05129858 -0.08024103 -0.50786930 0.85493131 -0.06872127
1779396319.77043509 1.35813696 2.29611349 0.05152854 -0.08025297 -0.50780226 0.85492678 -0.06925696
1779396319.78051639 1.35328404 2.29801196 0.05392721 -0.08069503 -0.50775546 0.85480043 -0.07063227
1779396319.79079676 1.34964114 2.29891374 0.05646140 -0.08133620 -0.50769431 0.85467855 -0.07180169
1779396319.80101609 1.34422736 2.30103582 0.05883417 -0.08174718 -0.50763501 0.85454908 -0.07328000
1779396319.80118036 1.34240988 2.30173785 0.05951779 -0.08191081 -0.50757699 0.85452343 -0.07379649
1779396319.81135011 1.33761810 2.30373248 0.05919516 -0.08210311 -0.50716070 0.85463853 -0.07510052
1779396319.82160735 1.33060604 2.30627552 0.06492707 -0.08273622 -0.50750868 0.85420033 -0.07701601
1779396319.83187079 1.32507986 2.30816529 0.06633206 -0.08318854 -0.50723236 0.85417845 -0.07857591
1779396319.84218216 1.32001491 2.30985966 0.07129474 -0.08384850 -0.50750402 0.85381367 -0.08007073
1779396319.85247469 1.31238022 2.31285228 0.07418621 -0.08453633 -0.50722396 0.85370352 -0.08226646
1779396319.86289597 1.31046511 2.31319585 0.07114799 -0.08451755 -0.50657345 0.85403974 -0.08280240
1779396319.87316155 1.30247027 2.31607216 0.07727302 -0.08528848 -0.50686206 0.85357339 -0.08502473
1779396319.87332320 1.30139948 2.31636651 0.07817905 -0.08551771 -0.50683304 0.85353056 -0.08539661
1779396319.88342738 1.29800110 2.31716822 0.08108744 -0.08584617 -0.50703169 0.85328378 -0.08634868
1779396319.89368820 1.29379987 2.31814091 0.08369468 -0.08675552 -0.50675696 0.85320445 -0.08782387
1779396319.90400529 1.28639313 2.32100477 0.08564271 -0.08721296 -0.50646434 0.85312096 -0.08984649
1779396319.91427255 1.28379165 2.32167679 0.08693741 -0.08740631 -0.50646882 0.85302404 -0.09055085
1779396319.92458272 1.27830259 2.32335307 0.09072439 -0.08852931 -0.50619401 0.85287138 -0.09241537
1779396319.93484974 1.27307743 2.32513363 0.09060204 -0.08930256 -0.50541741 0.85306454 -0.09412326
1779396319.94516826 1.27034703 2.32599299 0.09133399 -0.08973072 -0.50515893 0.85307413 -0.09501260
1779396319.95547080 1.26841690 2.32652752 0.09058236 -0.09016665 -0.50465098 0.85324557 -0.09575675
1779396319.96577191 1.26664574 2.32710717 0.08785123 -0.09039838 -0.50391526 0.85358130 -0.09641840
1779396319.97608495 1.26130694 2.32953433 0.08766350 -0.09069566 -0.50345504 0.85365099 -0.09791477
1779396319.98633838 1.25707106 2.33152802 0.08805382 -0.09119966 -0.50300133 0.85371103 -0.09924598
1779396319.99659801 1.25563978 2.33232644 0.08519637 -0.09143576 -0.50227150 0.85404551 -0.09984544
1779396320.00689268 1.24965153 2.33547108 0.08312342 -0.09189088 -0.50133410 0.85433606 -0.10163702
1779396320.01720810 1.24916458 2.33599179 0.07963251 -0.09222660 -0.50049180 0.85474195 -0.10207067
1779396320.02749658 1.24800749 2.33685516 0.07759924 -0.09294605 -0.49968588 0.85504195 -0.10285091
1779396320.03774691 1.24780741 2.33724797 0.07600340 -0.09366952 -0.49902829 0.85528203 -0.10338974
1779396320.04805279 1.24555679 2.33870413 0.07420034 -0.09409141 -0.49839839 0.85549678 -0.10426463
1779396320.04821181 1.24509293 2.33897469 0.07417586 -0.09447519 -0.49815599 0.85555330 -0.10461169
1779396320.05831575 1.24218251 2.34057825 0.07427843 -0.09532549 -0.49759068 0.85563696 -0.10583931
1779396320.06858850 1.24489879 2.33971700 0.07389467 -0.09611308 -0.49731480 0.85572498 -0.10571197
1779396320.07890344 1.23712762 2.34397841 0.07386604 -0.09699932 -0.49647852 0.85579973 -0.10819902
1779396320.08920169 1.23824992 2.34364123 0.07424938 -0.09786497 -0.49613228 0.85586450 -0.10849500
1779396320.09946346 1.23760610 2.34425867 0.07287228 -0.09803199 -0.49586248 0.85595495 -0.10886346
1779396320.10972095 1.23240027 2.34755756 0.06781048 -0.09859304 -0.49439649 0.85649299 -0.11077583
1779396320.12001634 1.22898502 2.34958683 0.06598137 -0.09961369 -0.49325861 0.85682416 -0.11236286
1779396320.13027835 1.22455419 2.35201952 0.06378345 -0.10011418 -0.49238583 0.85705971 -0.11393861
1779396320.14054990 1.22282950 2.35297599 0.05967526 -0.10125082 -0.49079576 0.85765218 -0.11532792
1779396320.15086627 1.22109415 2.35383739 0.05857019 -0.10221895 -0.48988041 0.85790423 -0.11648521
1779396320.15102315 1.22093429 2.35396841 0.05751171 -0.10234517 -0.48959423 0.85802528 -0.11668579
1779396320.16118932 1.21746312 2.35559095 0.05776531 -0.10311712 -0.48900343 0.85807366 -0.11811897
1779396320.17147470 1.21761974 2.35473201 0.06545348 -0.10388160 -0.49005059 0.85733708 -0.11845746
1779396320.18168426 1.21858852 2.35353213 0.06992157 -0.10477660 -0.49041111 0.85697190 -0.11881903
1779396320.19279337 1.20847459 2.35898402 0.06105996 -0.10712925 -0.48659795 0.85823546 -0.12319766
1779396320.20350170 1.20552731 2.36030109 0.05995373 -0.10845485 -0.48535338 0.85852550 -0.12491443
1779396320.20429993 1.20482736 2.36052797 0.06072862 -0.10885676 -0.48520668 0.85849389 -0.12535121
1779396320.21383166 1.20332680 2.36079446 0.06463211 -0.11026983 -0.48498847 0.85825434 -0.12659475
1779396320.22412419 1.20237736 2.36116937 0.06589369 -0.11072464 -0.48489160 0.85817395 -0.12711280
1779396320.22478700 1.19749527 2.36343171 0.06878672 -0.11244149 -0.48410193 0.85804115 -0.12948984
1779396320.23440123 1.19481442 2.36484651 0.06956384 -0.11388272 -0.48319050 0.85810643 -0.13119083
1779396320.24470472 1.19090068 2.36666375 0.07407125 -0.11538660 -0.48292543 0.85776502 -0.13307190
1779396320.25501299 1.19139196 2.36644281 0.07395255 -0.11838773 -0.48087803 0.85820510 -0.13499880
1779396320.26530838 1.18099546 2.37203309 0.08074572 -0.11891544 -0.48159576 0.85726490 -0.13791857
1779396320.27559757 1.18103440 2.37238726 0.08112076 -0.12187112 -0.47969990 0.85758463 -0.13994297
1779396320.28592300 1.17650092 2.37509766 0.08697542 -0.12472227 -0.47880318 0.85719805 -0.14284040
1779396320.29627633 1.16956877 2.37906403 0.09246025 -0.12611286 -0.47885078 0.85653261 -0.14542821
1779396320.30692816 1.16566785 2.38146462 0.10035073 -0.12896781 -0.47846606 0.85587268 -0.14805231
1779396320.31726074 1.16367576 2.38301574 0.10258817 -0.13091074 -0.47760716 0.85574621 -0.14984061
1779396320.32758284 1.17157798 2.37863534 0.11078312 -0.13628944 -0.47591808 0.85565027 -0.15096283
1779396320.33787966 1.16177392 2.38447092 0.11573237 -0.13771015 -0.47569575 0.85494594 -0.15432728
1779396320.34810686 1.15189511 2.39043918 0.11724397 -0.13744379 -0.47597348 0.85437551 -0.15684687
1779396320.35837650 1.14566870 2.39423427 0.12139661 -0.13927963 -0.47540431 0.85388407 -0.15960553
1779396320.36872458 1.14005814 2.39805678 0.12114718 -0.14092841 -0.47406610 0.85383175 -0.16239412
1779396320.37901735 1.13612871 2.40073466 0.12318389 -0.14264735 -0.47323454 0.85357049 -0.16467612
1779396320.38924479 1.12885472 2.40519183 0.12162495 -0.14336134 -0.47216852 0.85353395 -0.16728482
1779396320.39952469 1.12988952 2.40452418 0.12671793 -0.14660828 -0.47105567 0.85324250 -0.16908519
1779396320.40976143 1.11763244 2.41164551 0.12936655 -0.14682967 -0.47103775 0.85252358 -0.17253416
1779396320.42006779 1.11159747 2.41450754 0.13485750 -0.14772977 -0.47140224 0.85175452 -0.17455684
1779396320.43032289 1.10718150 2.41719992 0.13723077 -0.14893368 -0.47096194 0.85135478 -0.17665969
1779396320.44056797 1.09815791 2.42139154 0.14429123 -0.15034603 -0.47113795 0.85036384 -0.17973996
1779396320.45085192 1.09251714 2.42430829 0.14680590 -0.15120072 -0.47088719 0.84991440 -0.18179416
1779396320.45109510 1.08897566 2.42605483 0.14739412 -0.15123144 -0.47085889 0.84972092 -0.18274386
1779396320.46120572 1.08674791 2.42696940 0.15347384 -0.15260360 -0.47110600 0.84904992 -0.18408019
1779396320.47146535 1.07441973 2.43281008 0.15711167 -0.15332427 -0.47093174 0.84822408 -0.18769888
1779396320.48174167 1.06934275 2.43552766 0.15813701 -0.15412977 -0.47046141 0.84787354 -0.18979076
1779396320.49209237 1.07026480 2.43503417 0.15854442 -0.15588297 -0.46935846 0.84790385 -0.19095076
1779396320.50235152 1.05465106 2.44211833 0.16687141 -0.15617835 -0.47028514 0.84647476 -0.19473235
1779396320.51261878 1.05192212 2.44379908 0.16684921 -0.15702581 -0.46964457 0.84629537 -0.19636961
1779396320.52288699 1.04781324 2.44573029 0.16960445 -0.15782736 -0.46949896 0.84584768 -0.19799733
1779396320.53326178 1.04259056 2.44796454 0.17375175 -0.15903410 -0.46936229 0.84518846 -0.20015909
1779396320.54366922 1.03499786 2.45152421 0.17621356 -0.15976139 -0.46909264 0.84460297 -0.20266775
1779396320.55396032 1.02886476 2.45358085 0.18529040 -0.16147578 -0.46957689 0.84344574 -0.20499368
1779396320.56421852 1.02630875 2.45495032 0.18660407 -0.16206605 -0.46937022 0.84314756 -0.20622410
1779396320.57449341 1.02105054 2.45739463 0.19006577 -0.16246877 -0.46963207 0.84250271 -0.20793940
1779396320.58473277 1.00550540 2.46398530 0.19584893 -0.16241599 -0.47037025 0.84120066 -0.21155218
1779396320.59499002 1.00495003 2.46434107 0.19748642 -0.16333411 -0.47008032 0.84094944 -0.21248645
1779396320.60524964 1.00289063 2.46517784 0.20198685 -0.16426169 -0.47031690 0.84032604 -0.21371069
1779396320.61555433 0.99588511 2.46848495 0.20479599 -0.16417845 -0.47074873 0.83962242 -0.21558121
1779396320.62594414 0.99446696 2.46878657 0.20964697 -0.16544978 -0.47081274 0.83905054 -0.21669315
1779396320.62612247 0.99311805 2.46920839 0.21182220 -0.16575601 -0.47100009 0.83876367 -0.21716207
1779396320.63620615 0.98803377 2.47155940 0.21450199 -0.16602485 -0.47117701 0.83821490 -0.21868645
1779396320.64652443 0.98403400 2.47331685 0.21855063 -0.16693964 -0.47123658 0.83756343 -0.22035139
1779396320.65676236 0.97874410 2.47585261 0.22006459 -0.16750185 -0.47097334 0.83709214 -0.22227007
1779396320.66702437 0.97392474 2.47774502 0.22488840 -0.16758433 -0.47176467 0.83631584 -0.22344889
1779396320.67731047 0.97114981 2.47884053 0.23100927 -0.16886486 -0.47199733 0.83554632 -0.22486779
1779396320.68761086 0.96599585 2.48139233 0.23172996 -0.16932443 -0.47165428 0.83515009 -0.22670642
1779396320.69787884 0.96150108 2.48270607 0.23936727 -0.17031599 -0.47232636 0.83417803 -0.22813874
1779396320.70821309 0.95604269 2.48495409 0.24278249 -0.17098129 -0.47237223 0.83351389 -0.22996624
1779396320.71847320 0.95238587 2.48622979 0.24808933 -0.17224561 -0.47240705 0.83277773 -0.23161236
1779396320.72875953 0.94140621 2.49086601 0.25026782 -0.17256615 -0.47221371 0.83199905 -0.23454789
1779396320.73906994 0.94185533 2.49054651 0.25403403 -0.17368303 -0.47219664 0.83160317 -0.23516100
1779396320.74936962 0.93355384 2.49365355 0.25926741 -0.17424455 -0.47254103 0.83064451 -0.23743106
1779396320.75964332 0.92487977 2.49708099 0.26317218 -0.17564818 -0.47196296 0.82984997 -0.24030751
1779396320.77013040 0.92431937 2.49754163 0.26467811 -0.17648482 -0.47161850 0.82961798 -0.24117030
1779396320.77035141 0.92357803 2.49780212 0.26591364 -0.17668559 -0.47168592 0.82944742 -0.24147790
1779396320.78044868 0.91767308 2.49987746 0.27029856 -0.17742064 -0.47181826 0.82870315 -0.24322940
1779396320.79075885 0.91116870 2.50241123 0.27399248 -0.17913448 -0.47103548 0.82801894 -0.24580693
1779396320.80110002 0.90605507 2.50428238 0.27750646 -0.18024155 -0.47072377 0.82737739 -0.24774739
1779396320.81143308 0.90131684 2.50615292 0.28079829 -0.18069281 -0.47084639 0.82678788 -0.24914971
1779396320.82175565 0.89579356 2.50866122 0.28206166 -0.18161413 -0.47018110 0.82632807 -0.25125278
1779396320.83206224 0.88363041 2.51269631 0.28860071 -0.18230176 -0.47057339 0.82503667 -0.25424644
1779396320.84239483 0.87921487 2.51404067 0.29281302 -0.18365317 -0.47024855 0.82438682 -0.25597691
1779396320.85273123 0.87203637 2.51713180 0.29375130 -0.18441459 -0.46957767 0.82386756 -0.25832210
1779396320.86304569 0.86464944 2.52000114 0.29602537 -0.18539098 -0.46904520 0.82320204 -0.26070135
1779396320.87339330 0.85764153 2.52269110 0.29879519 -0.18598467 -0.46888701 0.82249984 -0.26277117
1779396320.88376355 0.85312909 2.52464014 0.29953765 -0.18684097 -0.46820794 0.82214613 -0.26447592
1779396320.89409661 0.84511040 2.52791437 0.29994957 -0.18724889 -0.46767161 0.82160736 -0.26680042
1779396320.90441132 0.83886130 2.53037046 0.30247769 -0.18761484 -0.46767584 0.82094623 -0.26856519
1779396320.91473198 0.83412929 2.53172430 0.30680201 -0.18850614 -0.46768192 0.82024015 -0.27008361
1779396320.92504454 0.82749871 2.53416868 0.30887587 -0.18901129 -0.46747832 0.81960230 -0.27201254
1779396320.93534684 0.82132289 2.53656343 0.31043524 -0.18961571 -0.46707973 0.81905069 -0.27393132
1779396320.94569087 0.81766574 2.53790330 0.31304590 -0.19088880 -0.46648652 0.81853336 -0.27559921
1779396320.95600152 0.81633050 2.53859990 0.31402489 -0.19174158 -0.46595734 0.81830980 -0.27656464
1779396320.96638751 0.80881445 2.54137148 0.31537171 -0.19285510 -0.46512663 0.81769774 -0.27898842
1779396320.97669482 0.80302158 2.54309700 0.32027757 -0.19373233 -0.46524220 0.81683779 -0.28070182
1779396320.98701167 0.79854962 2.54458699 0.32309455 -0.19460469 -0.46498458 0.81626945 -0.28217467
1779396320.98719978 0.79790731 2.54483907 0.32376891 -0.19481761 -0.46492222 0.81615270 -0.28246804
1779396320.99728823 0.79282315 2.54629083 0.32761350 -0.19595751 -0.46466531 0.81544996 -0.28412703
1779396321.00756121 0.78559173 2.54871609 0.33031885 -0.19698901 -0.46419215 0.81469764 -0.28633674
1779396321.01786542 0.78461945 2.54956727 0.32911077 -0.19773115 -0.46331628 0.81467416 -0.28730894
1779396321.02822685 0.77428035 2.55254319 0.33397962 -0.19880605 -0.46316953 0.81354033 -0.29000392
1779396321.03857350 0.76899681 2.55418751 0.33692724 -0.19975269 -0.46287592 0.81285663 -0.29173421
1779396321.04884958 0.76366687 2.55622603 0.33764427 -0.20113758 -0.46179885 0.81236762 -0.29384407
1779396321.05918813 0.75827346 2.55787356 0.34009014 -0.20165796 -0.46171665 0.81175458 -0.29530712
1779396321.05935860 0.75663389 2.55836559 0.34098852 -0.20180631 -0.46173263 0.81154999 -0.29574282
1779396321.06953073 0.75577848 2.55805971 0.34608587 -0.20287020 -0.46192341 0.81094323 -0.29638072
1779396321.07976890 0.74928032 2.56000732 0.34950287 -0.20404942 -0.46150935 0.81013309 -0.29842474
1779396321.09006119 0.74222534 2.56167241 0.35498708 -0.20514257 -0.46156207 0.80910577 -0.30037449
1779396321.10037351 0.73807682 2.56268040 0.35848836 -0.20641144 -0.46118274 0.80844248 -0.30187010
1779396321.11077452 0.73063736 2.56420849 0.36520516 -0.20755261 -0.46145239 0.80726907 -0.30380957
1779396321.12109590 0.72623849 2.56578006 0.36546283 -0.20864849 -0.46054471 0.80684164 -0.30556659
1779396321.13141823 0.72121164 2.56722978 0.36758294 -0.20936753 -0.46027871 0.80624481 -0.30704731
1779396321.13160801 0.71926180 2.56749683 0.36994911 -0.20980844 -0.46036824 0.80587947 -0.30757078
1779396321.14170098 0.71370729 2.56814932 0.37670302 -0.21127265 -0.46047360 0.80482716 -0.30916206
1779396321.15197563 0.70701719 2.56965123 0.38146756 -0.21294000 -0.45998617 0.80383214 -0.31132486
1779396321.16223979 0.70190795 2.57087622 0.38467428 -0.21380108 -0.45984073 0.80308585 -0.31287172
1779396321.17258191 0.69750593 2.57185091 0.38784452 -0.21490514 -0.45951292 0.80241353 -0.31431859
1779396321.18290782 0.68973369 2.57268345 0.39663248 -0.21677028 -0.45967428 0.80097677 -0.31645918
1779396321.19322562 0.68100933 2.57418832 0.40273602 -0.21825699 -0.45952999 0.79973025 -0.31879085
1779396321.20362020 0.67461619 2.57559636 0.40565922 -0.21908533 -0.45932102 0.79894403 -0.32049066
1779396321.20379615 0.67252953 2.57579413 0.40784435 -0.21952082 -0.45937852 0.79857494 -0.32102965
1779396321.21390152 0.66519912 2.57703888 0.41248599 -0.22098696 -0.45901635 0.79755593 -0.32306857
1779396321.22420478 0.65802392 2.57781105 0.41890424 -0.22261014 -0.45886506 0.79636224 -0.32510730
1779396321.23449922 0.64935698 2.57957779 0.42204256 -0.22376160 -0.45837192 0.79535884 -0.32746031
1779396321.24472380 0.64419270 2.57933799 0.43035679 -0.22573175 -0.45839892 0.79413722 -0.32903142
1779396321.25500131 0.63815373 2.58070947 0.43059506 -0.22837827 -0.45624751 0.79347303 -0.33178626
1779396321.26524258 0.62602869 2.58251871 0.43634842 -0.23061678 -0.45534949 0.79193963 -0.33511844
1779396321.27558970 0.62185275 2.58281937 0.43976379 -0.23155289 -0.45518486 0.79123372 -0.33636171
1779396321.28600311 0.60637529 2.58476373 0.44937788 -0.23216387 -0.45626930 0.78921555 -0.33920066
1779396321.29635429 0.59776646 2.58557868 0.45383826 -0.23531933 -0.45451824 0.78794184 -0.34232388
1779396321.30663538 0.58877416 2.58541297 0.46427955 -0.23516115 -0.45646452 0.78634968 -0.34350191
1779396321.31694055 0.57767378 2.58688265 0.46910487 -0.23662671 -0.45605826 0.78498578 -0.34614447
1779396321.32716203 0.57034982 2.58808538 0.47104309 -0.23924462 -0.45427041 0.78404504 -0.34881768
1779396321.33742690 0.55708154 2.58884987 0.48070465 -0.24036180 -0.45506549 0.78206113 -0.35145696
1779396321.34769702 0.55110626 2.58924145 0.48443973 -0.24164386 -0.45470002 0.78114261 -0.35308973
1779396321.35794711 0.54207739 2.58873062 0.49561936 -0.24382863 -0.45510688 0.77926538 -0.35520529
1779396321.36822414 0.50590755 2.59577348 0.50031012 -0.24346933 -0.45562312 0.77606214 -0.36174275
1779396321.37849402 0.49809077 2.59617980 0.50590237 -0.24481801 -0.45558818 0.77480704 -0.36356238
1779396321.38883233 0.49300624 2.59561818 0.51402821 -0.24648510 -0.45587172 0.77348945 -0.36488374
1779396321.39910173 0.48146638 2.59669689 0.52060470 -0.24789120 -0.45593712 0.77180557 -0.36740640
1779396321.40936899 0.47673937 2.59621668 0.52794693 -0.24996806 -0.45579255 0.77053472 -0.36884329
1779396321.41968107 0.47431119 2.59642865 0.52987570 -0.25029044 -0.45588984 0.77012929 -0.36935082
1779396321.45061731 0.46511316 2.59570856 0.54846242 -0.25307588 -0.45735078 0.76723519 -0.37166252
1779396321.46099281 0.46283911 2.59522982 0.55492280 -0.25471272 -0.45741284 0.76625085 -0.37249774
1779396321.47125626 0.44489924 2.59845060 0.55928952 -0.25600470 -0.45707718 0.76423349 -0.37615053
1779396321.48149729 0.44484470 2.59833645 0.56378833 -0.25616073 -0.45783432 0.76372766 -0.37615087
1779396321.49179196 0.44016545 2.59953804 0.56428835 -0.25736083 -0.45700650 0.76311420 -0.37758070
1779396321.50209904 0.42765647 2.60203257 0.56639855 -0.25734524 -0.45727809 0.76181228 -0.37988449
1779396321.51236463 0.42131071 2.60320727 0.56967571 -0.25777646 -0.45749818 0.76089532 -0.38116273
1779396321.52270484 0.41731177 2.60375868 0.57281216 -0.25835072 -0.45762357 0.76018844 -0.38203286
1779396321.53300142 0.40577291 2.60590400 0.57433366 -0.25860641 -0.45757802 0.75899513 -0.38428045
1779396321.54330707 0.38967306 2.61170987 0.56496092 -0.25978528 -0.45460550 0.75821284 -0.38853409
1779396321.55362391 0.38984988 2.61200111 0.56620302 -0.26003022 -0.45460306 0.75806182 -0.38866775
1779396321.55380225 0.39994293 2.60928791 0.57091530 -0.25943702 -0.45606765 0.75856203 -0.38636561
1779396321.56389570 0.39116557 2.61014301 0.57569942 -0.26025456 -0.45623252 0.75733603 -0.38802266
1779396321.57415462 0.38021002 2.61345932 0.57201035 -0.26067828 -0.45495601 0.75664015 -0.39058615
1779396321.58442402 0.37222987 2.61407197 0.57697093 -0.26127174 -0.45528286 0.75548444 -0.39204318
1779396321.59469604 0.36265101 2.61935552 0.56379241 -0.26154475 -0.45228550 0.75567248 -0.39495731
1779396321.60502386 0.35996010 2.61739859 0.57436183 -0.26139515 -0.45432843 0.75460130 -0.39475960
1779396321.61529803 0.35452030 2.61952503 0.57117785 -0.26174209 -0.45325083 0.75434417 -0.39625703
1779396321.62564087 0.33974488 2.62420933 0.56278765 -0.26287319 -0.45052608 0.75359394 -0.40002514
1779396321.63595963 0.33269700 2.62518437 0.56413785 -0.26326083 -0.45030523 0.75282532 -0.40146354
1779396321.64624476 0.33479687 2.62446743 0.56718309 -0.26366459 -0.45047899 0.75274274 -0.40115837
1779396321.65649772 0.32337687 2.62653364 0.56572604 -0.26391121 -0.44981667 0.75182386 -0.40345597
1779396321.65667009 0.31709935 2.62740785 0.56598566 -0.26413321 -0.44961040 0.75123148 -0.40464230
1779396321.66679859 0.31607287 2.62735510 0.56712055 -0.26448742 -0.44949345 0.75100191 -0.40496688
1779396321.67719603 0.30898625 2.62884588 0.56666127 -0.26571903 -0.44830647 0.75028685 -0.40679767
1779396321.68748212 0.29876999 2.63164142 0.56186236 -0.26613658 -0.44685491 0.74969785 -0.40920061
1779396321.69780159 0.30389206 2.63111117 0.56223142 -0.26719710 -0.44614841 0.74999704 -0.40873187
1779396321.70821428 0.29316486 2.63058428 0.57014635 -0.26816341 -0.44683951 0.74833539 -0.41038639
1779396321.71855497 0.28248845 2.63237347 0.56865865 -0.26852537 -0.44611514 0.74745584 -0.41253506
1779396321.72887778 0.27912605 2.63266135 0.56919369 -0.26901501 -0.44576859 0.74705949 -0.41330788
1779396321.72905636 0.27869725 2.63305099 0.56813241 -0.26929931 -0.44532108 0.74707127 -0.41358377
1779396321.73920727 0.26484105 2.63578679 0.56413428 -0.26981964 -0.44397892 0.74605196 -0.41651717
1779396321.74950838 0.26089442 2.63500020 0.56922756 -0.27104009 -0.44398353 0.74517071 -0.41729667
1779396321.75976229 0.25249072 2.63694969 0.56578108 -0.27158119 -0.44274810 0.74461620 -0.41924276
1779396321.77004933 0.24217848 2.63902630 0.56220560 -0.27186667 -0.44169630 0.74390618 -0.42142199
1779396321.78039074 0.22584822 2.64175302 0.55824707 -0.27212313 -0.44052685 0.74267708 -0.42463614
1779396321.79067874 0.21288507 2.64307150 0.55868434 -0.27188161 -0.44058333 0.74151773 -0.42675306
1779396321.80100489 0.20930652 2.64331588 0.55895801 -0.27215390 -0.44033064 0.74116647 -0.42744993
1779396321.81128073 0.20525061 2.64474815 0.55493724 -0.27239014 -0.43929987 0.74106752 -0.42853024
1779396321.82155585 0.19424733 2.64507388 0.55766782 -0.27256755 -0.43952785 0.73987643 -0.43023839
1779396321.83179092 0.18494890 2.64725674 0.55195677 -0.27246273 -0.43830239 0.73948642 -0.43222091
1779396321.84210467 0.17999947 2.64821345 0.54916479 -0.27197203 -0.43800209 0.73933800 -0.43308741
1779396321.85239053 0.17066971 2.64896715 0.54851644 -0.27175890 -0.43793671 0.73857391 -0.43458843
1779396321.86269069 0.16997966 2.64943150 0.54682630 -0.27181693 -0.43753613 0.73864206 -0.43483973
1779396321.89362431 0.13901033 2.65303666 0.54190135 -0.27202156 -0.43617726 0.73624415 -0.44011160
1779396321.90390873 0.13133517 2.65485869 0.53734779 -0.27226610 -0.43509042 0.73584817 -0.44169555
1779396321.91422153 0.11909968 2.65529800 0.53962256 -0.27191421 -0.43572743 0.73463610 -0.44329908
1779396321.92458057 0.11714075 2.65493070 0.54238801 -0.27265573 -0.43582463 0.73419428 -0.44347999
1779396321.93488193 0.10138556 2.65551375 0.54533968 -0.27236566 -0.43663179 0.73256068 -0.44556085
1779396321.94515061 0.10104817 2.65726883 0.53968455 -0.27276844 -0.43527207 0.73292395 -0.44604718
1779396321.95544124 0.09104700 2.65809114 0.54042739 -0.27312184 -0.43519852 0.73193038 -0.44753170
1779396321.96571636 0.07889836 2.65900037 0.54076508 -0.27352343 -0.43505001 0.73069721 -0.44944188
1779396321.97604847 0.08327208 2.66100281 0.53399444 -0.27482098 -0.43298435 0.73143750 -0.44944095
1779396321.98638582 0.07254276 2.66326711 0.52785613 -0.27491455 -0.43174554 0.73084536 -0.45153388
1779396321.99663162 0.07191129 2.66227938 0.53402071 -0.27610662 -0.43220366 0.73026810 -0.45130216
1779396322.00685453 0.05987487 2.66576592 0.52381068 -0.27615698 -0.43025630 0.72983443 -0.45382656
1779396322.01711512 0.06317365 2.66605351 0.52419105 -0.27787262 -0.42922312 0.72992672 -0.45360920
1779396322.02743340 0.05334027 2.66676040 0.52510237 -0.27799300 -0.42937602 0.72899885 -0.45488108
1779396322.03773999 0.04523223 2.66895940 0.51845267 -0.27902566 -0.42741570 0.72854916 -0.45681136
1779396322.04800296 0.04041241 2.67127022 0.51013280 -0.27995211 -0.42523491 0.72849844 -0.45835805
1779396322.04817510 0.04077949 2.67045710 0.51395414 -0.28055467 -0.42558809 0.72820706 -0.45812480
1779396322.05832839 0.02531057 2.67091607 0.51529130 -0.28075394 -0.42571606 0.72662194 -0.46039506
1779396322.06867504 0.01678492 2.67375881 0.50372070 -0.28059928 -0.42364591 0.72663639 -0.46237186
1779396322.07894540 0.01927753 2.67349645 0.50460344 -0.28303768 -0.42225231 0.72646285 -0.46243310
1779396322.08925295 0.00000837 2.67388567 0.50601982 -0.28325952 -0.42240861 0.72444796 -0.46530652
1779396322.09952784 0.00136731 2.67476054 0.50022611 -0.28384931 -0.42096769 0.72496013 -0.46545524
1779396322.10986042 -0.01965375 2.67653518 0.49441817 -0.28485294 -0.41925749 0.72304948 -0.46934145
1779396322.12017655 -0.02512537 2.67678689 0.49360089 -0.28561062 -0.41864601 0.72247547 -0.47030978
1779396322.13046265 -0.02056507 2.67531941 0.49964941 -0.28787319 -0.41838625 0.72224315 -0.46951764
1779396322.14076924 -0.02928739 2.67594952 0.49717861 -0.28859664 -0.41753602 0.72145920 -0.47103320
1779396322.15108681 -0.03971625 2.67714037 0.49141547 -0.28955254 -0.41592042 0.72060717 -0.47317528
1779396322.16134691 -0.05276521 2.67713920 0.49163688 -0.29014202 -0.41567675 0.71919329 -0.47517519
1779396322.17162776 -0.05146158 2.67683352 0.49176355 -0.29180587 -0.41467285 0.71908418 -0.47519859
1779396322.18187666 -0.06963693 2.67734565 0.48785945 -0.29228062 -0.41378506 0.71738870 -0.47823364
1779396322.19215083 -0.06465943 2.67571610 0.49450864 -0.29411026 -0.41391981 0.71721874 -0.47724922
1779396322.20248866 -0.07664294 2.67615573 0.49160664 -0.29519912 -0.41273956 0.71599754 -0.47942785
1779396322.21283102 -0.08481357 2.67556578 0.49243786 -0.29621416 -0.41239480 0.71495620 -0.48065094
1779396322.22309422 -0.08715582 2.67720276 0.48471743 -0.29668489 -0.41067881 0.71513222 -0.48156713
1779396322.22332430 -0.08790980 2.67599899 0.49009981 -0.29741124 -0.41126419 0.71461207 -0.48139164
1779396322.23341417 -0.09569180 2.67499033 0.49293429 -0.29823548 -0.41139263 0.71351466 -0.48239873
1779396322.24366760 -0.10159967 2.67426728 0.49580994 -0.29962221 -0.41116346 0.71254235 -0.48317134
1779396322.25397253 -0.11411916 2.67574382 0.48798252 -0.30037440 -0.40932808 0.71157541 -0.48568115
1779396322.26424527 -0.11652252 2.67575416 0.48763199 -0.30104041 -0.40890708 0.71129554 -0.48603325
1779396322.27452826 -0.11998648 2.67568138 0.48714072 -0.30209776 -0.40823129 0.71085502 -0.48658946
1779396322.28481293 -0.13231681 2.67409772 0.49082360 -0.30056627 -0.40998489 0.70989527 -0.48746385
1779396322.29511333 -0.14009100 2.67322904 0.49349157 -0.30007060 -0.41088985 0.70919189 -0.48803077
1779396322.30541968 -0.14400443 2.67317905 0.49148305 -0.30268209 -0.40897715 0.70834304 -0.48925595
1779396322.31569457 -0.14283832 2.67409941 0.48713046 -0.30610190 -0.40609619 0.70797390 -0.49006170
1779396322.32600856 -0.15103617 2.67478171 0.48065285 -0.30704389 -0.40440687 0.70731248 -0.49182130
1779396322.33631921 -0.15416825 2.67378631 0.48517553 -0.30583350 -0.40601968 0.70725767 -0.49132522
1779396322.34662485 -0.16106651 2.67494901 0.47756096 -0.30807630 -0.40334917 0.70642270 -0.49332080
1779396322.35690737 -0.17476554 2.67440019 0.47662577 -0.30882884 -0.40285259 0.70492447 -0.49539482
1779396322.36720324 -0.17683967 2.67375599 0.47814256 -0.30983515 -0.40260632 0.70448287 -0.49559481
1779396322.37748790 -0.18527066 2.67382577 0.47602697 -0.31110077 -0.40152748 0.70347045 -0.49711299
1779396322.38775611 -0.19461794 2.67168814 0.48157469 -0.31160863 -0.40241036 0.70220099 -0.49787522
1779396322.39798522 -0.19120720 2.67186008 0.48082460 -0.31471980 -0.40040097 0.70184523 -0.49803993
1779396322.39815283 -0.19577494 2.67153959 0.48086121 -0.31498664 -0.40030660 0.70128858 -0.49873076
1779396322.40825868 -0.20411406 2.67136162 0.47794054 -0.31524775 -0.39972009 0.70053304 -0.50009616
1779396322.41852021 -0.21326925 2.67242055 0.46891091 -0.31659771 -0.39733795 0.69970207 -0.50230017
1779396322.42877793 -0.21371056 2.67282186 0.46539224 -0.31803254 -0.39582497 0.69952294 -0.50283750
1779396322.42895508 -0.21629501 2.67272291 0.46491148 -0.31854108 -0.39545803 0.69914405 -0.50333102
1779396322.43909574 -0.23019508 2.67124303 0.46727484 -0.31964539 -0.39546130 0.69722953 -0.50528028
1779396322.44936442 -0.22297245 2.67111578 0.46776465 -0.32143048 -0.39440442 0.69769789 -0.50432654
1779396322.45967984 -0.23053963 2.67054877 0.46676977 -0.32227239 -0.39386552 0.69679384 -0.50545901
1779396322.46993089 -0.23259871 2.66843742 0.47555263 -0.32387156 -0.39466684 0.69582162 -0.50515104
1779396322.48021483 -0.23886139 2.66788514 0.47515084 -0.32546808 -0.39372520 0.69481915 -0.50623843
1779396322.49048090 -0.24437269 2.66815464 0.47114428 -0.32634161 -0.39251886 0.69423927 -0.50740708
1779396322.49067426 -0.24524207 2.66764471 0.47319325 -0.32669538 -0.39275017 0.69397587 -0.50736074
1779396322.50081110 -0.25113006 2.66818762 0.46768920 -0.32697063 -0.39165889 0.69360087 -0.50853845
1779396322.50099635 -0.25500028 2.66769265 0.46826943 -0.32739462 -0.39159107 0.69302817 -0.50909837
1779396322.51113129 -0.26202575 2.66755125 0.46534647 -0.32867202 -0.39039723 0.69208974 -0.51046695
1779396322.52140236 -0.26766102 2.66711461 0.46406504 -0.33036139 -0.38923051 0.69114600 -0.51154489
1779396322.53167915 -0.27517562 2.66637920 0.46313597 -0.33126085 -0.38868123 0.69021438 -0.51263755
1779396322.54198432 -0.28694464 2.66708203 0.45358022 -0.33130551 -0.38709151 0.68935136 -0.51496750
1779396322.55226707 -0.29237824 2.66655599 0.45193328 -0.33310631 -0.38581508 0.68838799 -0.51605126
1779396322.56260967 -0.29971019 2.66596509 0.45035684 -0.33391794 -0.38519034 0.68751627 -0.51715432
1779396322.57289529 -0.30162830 2.66604481 0.44820113 -0.33506959 -0.38415736 0.68714462 -0.51767148
1779396322.58317447 -0.30975728 2.66362980 0.45418559 -0.33625934 -0.38477610 0.68573241 -0.51831272
1779396322.59344816 -0.31890510 2.66226593 0.45451645 -0.33733783 -0.38440110 0.68445253 -0.51958032
1779396322.60376644 -0.33262184 2.66300357 0.44159835 -0.33781947 -0.38196233 0.68334097 -0.52252072
1779396322.61411858 -0.34580066 2.66063734 0.44487562 -0.33900684 -0.38212850 0.68134319 -0.52423624
1779396322.62440658 -0.35290201 2.65923284 0.44499195 -0.34032407 -0.38154332 0.68021182 -0.52527716
1779396322.63471484 -0.35394567 2.65718205 0.45118517 -0.34220918 -0.38165730 0.67939127 -0.52503151
1779396322.64501572 -0.36870797 2.65705853 0.44070475 -0.34221094 -0.38000032 0.67811056 -0.52788020
1779396322.65535545 -0.38554399 2.65510642 0.43675856 -0.34379668 -0.37870987 0.67580240 -0.53072949
1779396322.66571498 -0.38548678 2.65283195 0.44399072 -0.34574036 -0.37893825 0.67503747 -0.53027711
1779396322.67605829 -0.39451991 2.65018589 0.44686419 -0.34721915 -0.37882301 0.67347118 -0.53138362
1779396322.68639493 -0.39719690 2.65123050 0.43640749 -0.34835741 -0.37625622 0.67324029 -0.53275311
1779396322.69669342 -0.41591163 2.64807606 0.43589243 -0.34904759 -0.37619872 0.67082454 -0.53538279
1779396322.70699835 -0.42063516 2.64519101 0.44183890 -0.35081635 -0.37640659 0.66957047 -0.53565040
1779396322.71730709 -0.42388055 2.64465676 0.43828592 -0.35182006 -0.37523458 0.66904085 -0.53647553
1779396322.72761798 -0.45335760 2.64174280 0.42697412 -0.35197706 -0.37370623 0.66577932 -0.54147363
1779396322.73789310 -0.45083816 2.64024483 0.43015470 -0.35422710 -0.37293303 0.66531533 -0.54110963
1779396322.74816990 -0.46258859 2.63845943 0.42533245 -0.35485875 -0.37195076 0.66384621 -0.54317226
1779396322.74835157 -0.46443134 2.63789415 0.42545173 -0.35507103 -0.37188957 0.66357369 -0.54340838
1779396322.75845838 -0.48098938 2.63688268 0.41308952 -0.35524356 -0.36989146 0.66187952 -0.54671548
1779396322.76878047 -0.48784793 2.63365659 0.41777473 -0.35725607 -0.36976336 0.66023671 -0.54747662
1779396322.77909660 -0.50813686 2.62960298 0.41503937 -0.35845004 -0.36910184 0.65735515 -0.55060113
1779396322.78939867 -0.51744697 2.62879210 0.40583797 -0.35907819 -0.36730151 0.65627261 -0.55268320
1779396322.79969358 -0.52853946 2.62457624 0.41002938 -0.36085083 -0.36739144 0.65414141 -0.55399389
1779396322.80994248 -0.54252932 2.62197246 0.40332652 -0.36266566 -0.36548246 0.65189459 -0.55671324
1779396322.82027245 -0.55322886 2.61904323 0.40186268 -0.36408390 -0.36471125 0.65003634 -0.55846340
1779396322.82043219 -0.55345524 2.61725862 0.40902886 -0.36494458 -0.36556165 0.64949649 -0.55797352
1779396322.83054280 -0.57162190 2.61489475 0.39695527 -0.36493329 -0.36386856 0.64748972 -0.56140933
1779396322.84089828 -0.57624226 2.61090414 0.40461321 -0.36760211 -0.36389757 0.64570055 -0.56170993
1779396322.85126662 -0.59292882 2.60560699 0.40568843 -0.36862742 -0.36401222 0.64311760 -0.56392259
1779396322.86158538 -0.61211271 2.60312946 0.39165410 -0.36908740 -0.36171506 0.64076669 -0.56776293
1779396322.87187338 -0.61938134 2.59784641 0.40184060 -0.37119410 -0.36266901 0.63872586 -0.56808046
1779396322.88216114 -0.63823865 2.59464140 0.38796275 -0.37142929 -0.36052459 0.63647337 -0.57180761
1779396322.89242911 -0.64564569 2.59099174 0.39269769 -0.37243067 -0.36108444 0.63499707 -0.57244401
1779396322.90272236 -0.66155602 2.58646782 0.38924297 -0.37336035 -0.36043398 0.63258512 -0.57491343
1779396322.91299343 -0.67730049 2.58343973 0.37784684 -0.37442603 -0.35826043 0.63028651 -0.57809474
1779396322.92321086 -0.68586587 2.58037576 0.37738703 -0.37575473 -0.35774971 0.62858224 -0.57940305
1779396322.92336297 -0.68772801 2.57906850 0.38012663 -0.37603359 -0.35817726 0.62816408 -0.57941149
1779396322.93350625 -0.69593464 2.57648160 0.37807850 -0.37716830 -0.35747649 0.62663557 -0.58076027
1779396322.94374204 -0.71360035 2.57380387 0.36117606 -0.37871804 -0.35416862 0.62387476 -0.58473714
1779396322.95406985 -0.72379274 2.56973299 0.36320891 -0.38071030 -0.35389594 0.62157511 -0.58605607
1779396322.96434283 -0.73133754 2.56630829 0.36595691 -0.38218934 -0.35398229 0.61981427 -0.58690554
1779396322.97464848 -0.74560227 2.56181730 0.36462638 -0.38383207 -0.35347362 0.61712626 -0.58896904
1779396322.98496795 -0.76564813 2.55814083 0.34925495 -0.38570483 -0.35048987 0.61367466 -0.59312060
1779396322.99529696 -0.76696447 2.55544117 0.35938347 -0.38750255 -0.35157392 0.61253164 -0.59248844
1779396323.00563622 -0.78084358 2.55156694 0.35454199 -0.38959562 -0.35024929 0.60964856 -0.59486916
1779396323.01593018 -0.79523440 2.54705887 0.35271068 -0.39150463 -0.34960566 0.60670140 -0.59700370
1779396323.02620840 -0.81078159 2.54244901 0.34800647 -0.39285806 -0.34885442 0.60385559 -0.59943437
1779396323.03655291 -0.82085680 2.53951670 0.34404509 -0.39437182 -0.34787161 0.60170738 -0.60116923
1779396323.04684305 -0.84375732 2.53519870 0.32408667 0.39610728 0.34440092 -0.59767875 0.60602570
1779396323.05711222 -0.84915722 2.53114301 0.33395782 0.39861042 0.34530221 -0.59552720 0.60598966
1779396323.06739616 -0.86167270 2.52705208 0.33155384 0.40017568 0.34471810 -0.59289077 0.60787284
1779396323.07767081 -0.87710993 2.52161804 0.33057412 0.40184046 0.34459361 -0.58970899 0.60993672
1779396323.08795261 -0.89323853 2.51658264 0.32395166 0.40356510 0.34336872 -0.58641157 0.61266190
1779396323.09830880 -0.90772363 2.51229393 0.31576798 0.40546623 0.34168137 -0.58326590 0.61534695
1779396323.10870266 -0.92607634 2.50678344 0.30746204 0.40590071 0.34092894 -0.58022760 0.61834296
1779396323.11900711 -0.95525692 2.49704410 0.29940264 0.40623135 0.34083655 -0.57548287 0.62259618
1779396323.12929511 -0.97160088 2.49091940 0.29446078 0.40785167 0.34004504 -0.57203729 0.62513976
1779396323.13964820 -0.98591038 2.48571055 0.28821779 0.40858570 0.33933002 -0.56935484 0.62749337
1779396323.14995050 -0.99925805 2.48119145 0.27861533 0.41040324 0.33745448 -0.56624708 0.63012531
1779396323.16021729 -1.01757791 2.47395833 0.27221105 0.41182389 0.33662823 -0.56248589 0.63300249
1779396323.17050457 -1.03386287 2.46755175 0.26490805 0.41278502 0.33578820 -0.55928354 0.63565457
1779396323.18100333 -1.04395076 2.46364193 0.25811552 0.41367760 0.33473212 -0.55711436 0.63753340
1779396323.19126987 -1.05333628 2.45987780 0.24888101 0.41586920 0.33257663 -0.55432765 0.63966120
1779396323.20158911 -1.07390685 2.45141927 0.23966687 0.41656784 0.33176074 -0.55047820 0.64294619
1779396323.21187329 -1.08958369 2.44763368 0.21100727 0.41713144 0.32721962 -0.54741122 0.64751034
1779396323.22219944 -1.09752595 2.44377541 0.20393366 0.41907576 0.32555746 -0.54491201 0.64919854
1779396323.23246932 -1.10883108 2.43834533 0.19913026 0.42075284 0.32462828 -0.54200888 0.65100684
1779396323.24278045 -1.12211775 2.43221201 0.19418671 0.42186827 0.32402201 -0.53906525 0.65302799
1779396323.25307894 -1.12972337 2.42838772 0.18810081 0.42372435 0.32261696 -0.53664448 0.65451408
1779396323.26339531 -1.13904756 2.42364979 0.18130221 0.42570497 0.32112158 -0.53382341 0.65626883
1779396323.27372742 -1.14903796 2.41868345 0.17961650 0.42698376 0.32088008 -0.53136955 0.65754639
1779396323.28399515 -1.16124579 2.41293867 0.16944002 0.42904750 0.31890794 -0.52791815 0.65993818
1779396323.29433966 -1.17004266 2.40846382 0.16232827 0.43117183 0.31728257 -0.52505164 0.66162180
1779396323.30465031 -1.17981640 2.40336481 0.15577632 0.43337811 0.31579793 -0.52195782 0.66333635
1779396323.31496525 -1.18859557 2.39890171 0.14611743 0.43618794 0.31341657 -0.51855450 0.66529043
1779396323.32520032 -1.19371088 2.39619926 0.13920249 0.43859380 0.31144896 -0.51606637 0.66656622
1779396323.33545303 -1.19541435 2.39500803 0.12911004 0.44267731 0.30788911 -0.51308938 0.66781762
1779396323.34570312 -1.20601935 2.38918654 0.12288313 0.44462234 0.30674974 -0.50988493 0.66950200
1779396323.35597944 -1.21176327 2.38638773 0.11209753 0.44641393 0.30447056 -0.50749871 0.67116118
1779396323.36631894 -1.22004778 2.38139848 0.10790961 0.44898153 0.30326286 -0.50429616 0.67240806
1779396323.37659883 -1.22865011 2.37676527 0.09805281 0.45097115 0.30134779 -0.50125135 0.67421184
1779396323.38692594 -1.23675041 2.37243784 0.08960428 0.45205927 0.30010750 -0.49885674 0.67581052
1779396323.38710928 -1.23988718 2.37067019 0.08897498 0.45243318 0.30009138 -0.49803755 0.67617156
1779396323.39726520 -1.24742462 2.36623974 0.08588865 0.45397692 0.29951574 -0.49561920 0.67716829
1779396323.40753746 -1.25432349 2.36217971 0.07612195 0.45664091 0.29720520 -0.49236686 0.67876582
1779396323.41776586 -1.26139033 2.35782895 0.06479805 0.45826948 0.29521471 -0.48964660 0.68050244
1779396323.42811704 -1.26776785 2.35397006 0.06036687 0.45978115 0.29438068 -0.48734772 0.68149359
1779396323.43836498 -1.27632228 2.34879106 0.05081638 0.46131024 0.29288311 -0.48446222 0.68316082
1779396323.44859600 -1.28252633 2.34457691 0.04646108 0.46321623 0.29196893 -0.48191843 0.68406103
1779396323.45892262 -1.28720671 2.34143060 0.03575175 0.46310347 0.29079175 -0.48076088 0.68545190
1779396323.46922374 -1.30501067 2.33118201 0.03193297 0.46398063 0.29132391 -0.47673463 0.68744196
1779396323.47949696 -1.30997904 2.32781361 0.01905988 0.46616203 0.28867123 -0.47384394 0.68908186
1779396323.48983645 -1.30389007 2.33009053 0.01348912 0.47009484 0.28550883 -0.47204734 0.68896071
1779396323.50015926 -1.31267569 2.32452663 0.00632337 0.47196320 0.28430229 -0.46883976 0.69037108
1779396323.51043153 -1.31814409 2.32046745 0.00282339 0.47334018 0.28381556 -0.46671678 0.69106675
1779396323.52073693 -1.32487224 2.31591256 -0.00971092 0.47494759 0.28168540 -0.46376294 0.69282180
1779396323.53108096 -1.32903979 2.31277189 -0.01130437 0.47622170 0.28136536 -0.46201433 0.69324540
1779396323.54146218 -1.33385403 2.30905332 -0.02132766 0.47802471 0.27947026 -0.45934420 0.69454421
1779396323.55173111 -1.34248275 2.30341617 -0.04470348 0.47816738 0.27634050 -0.45647297 0.69758463
1779396323.56206012 -1.34526638 2.30089457 -0.03798794 0.48025796 0.27697818 -0.45473507 0.69703041
1779396323.56221509 -1.34606838 2.30018318 -0.03937766 0.48069343 0.27668157 -0.45419834 0.69719797
1779396323.57237220 -1.34931441 2.29744907 -0.04869951 0.48174785 0.27505139 -0.45233910 0.69832305
1779396323.58272648 -1.35637349 2.29218270 -0.05459321 0.48370702 0.27396950 -0.44918286 0.69943047
1779396323.59301519 -1.36224711 2.28755839 -0.06302842 0.48412558 0.27314499 -0.44724801 0.70070212
1779396323.60327244 -1.36773004 2.28352469 -0.07092163 0.48499907 0.27207803 -0.44509118 0.70188552
1779396323.61364865 -1.35455799 2.28982877 -0.08927175 0.48799856 0.26677163 -0.44447906 0.70223120
1779396323.62411046 -1.36749706 2.28061619 -0.09875108 0.48742958 0.26686895 -0.44166183 0.70436368
1779396323.63452935 -1.36287491 2.28220723 -0.10358356 0.48796797 0.26587517 -0.44190073 0.70421687
1779396323.64493203 -1.38363193 2.26847507 -0.12605610 0.48654512 0.26457768 -0.43743692 0.70846414
1779396323.65538645 -1.39699367 2.25954101 -0.13617485 0.48763177 0.26358092 -0.43318770 0.71069598
1779396323.66580343 -1.40901593 2.25055316 -0.15282080 0.48550058 0.26317939 -0.43130849 0.71344150
1779396323.67622566 -1.41784218 2.24404496 -0.15486271 0.48618312 0.26362666 -0.42880396 0.71432074
1779396323.68664503 -1.41252307 2.24609290 -0.16566802 0.48712270 0.26116095 -0.42844189 0.71480346
1779396323.69704342 -1.41836630 2.24048535 -0.18245067 0.48788354 0.25876194 -0.42538708 0.71697820
1779396323.70745850 -1.42142611 2.23698045 -0.19220484 0.48871734 0.25734702 -0.42337784 0.71810798
1779396323.71795034 -1.42925047 2.23054287 -0.20342896 0.48855068 0.25655246 -0.42110005 0.71984291
1779396323.72833371 -1.42947763 2.22918710 -0.20968953 0.48971939 0.25521958 -0.41958441 0.72040739
1779396323.73884463 -1.43071740 2.22688436 -0.21362293 0.49068967 0.25461044 -0.41817649 0.72078124
1779396323.74929786 -1.43213340 2.22437646 -0.22027203 0.49234198 0.25317982 -0.41593355 0.72145592
1779396323.75970984 -1.43677509 2.21946529 -0.23014924 0.49260532 0.25217512 -0.41391389 0.72278835
1779396323.77007461 -1.43786503 2.21711553 -0.24006349 0.49317654 0.25058886 -0.41237017 0.72383215
1779396323.78043318 -1.44301586 2.21227941 -0.24568981 0.49352760 0.25031205 -0.41046960 0.72476831
1779396323.79080963 -1.44369267 2.20929711 -0.25964650 0.49379610 0.24824652 -0.40884753 0.72621125
1779396323.80120444 -1.44765358 2.20405075 -0.27493224 0.49356538 0.24645708 -0.40683412 0.72810584
1779396323.81157470 -1.44992480 2.20077535 -0.28458380 0.49357616 0.24530697 -0.40546441 0.72925008
1779396323.82197642 -1.44214549 2.20357382 -0.29218626 0.49524833 0.24285871 -0.40489687 0.72925117
1779396323.83232832 -1.44687626 2.19765666 -0.30940910 0.49421475 0.24122352 -0.40321451 0.73142399
1779396323.84281635 -1.44907297 2.19360508 -0.32235830 0.49370674 0.23979637 -0.40195614 0.73292743
1779396323.85315990 -1.45523953 2.18872587 -0.32191113 0.49366694 0.24077601 -0.40061674 0.73336628
1779396323.86387944 -1.44845264 2.19029328 -0.33629465 0.49407218 0.23787467 -0.40034740 0.73418681
1779396323.87420750 -1.44683318 2.18905942 -0.34496148 0.49427401 0.23655400 -0.39964004 0.73486274
1779396323.88464189 -1.44838183 2.18665361 -0.35004562 0.49419673 0.23613658 -0.39887597 0.73546385
1779396323.88482523 -1.44740917 2.18670654 -0.35179400 0.49451821 0.23570892 -0.39858158 0.73554454
1779396323.89499140 -1.44977666 2.18337428 -0.35914886 0.49404719 0.23521468 -0.39774454 0.73647180
1779396323.90532541 -1.44806001 2.18259619 -0.36396580 0.49485790 0.23424180 -0.39680479 0.73674445
1779396323.91562176 -1.44792521 2.18130110 -0.36524369 0.49492980 0.23439459 -0.39655330 0.73678297
1779396323.92594290 -1.44445913 2.18182347 -0.37142981 0.49576496 0.23296450 -0.39588089 0.73703661
1779396323.92612171 -1.44743984 2.17941587 -0.37283660 0.49518841 0.23336906 -0.39560383 0.73744486
1779396323.93631458 -1.45309409 2.17383027 -0.38083224 0.49415544 0.23334507 -0.39442095 0.73877777
1779396323.94666243 -1.44927648 2.17427727 -0.38744447 0.49437616 0.23218262 -0.39431497 0.73905287
1779396323.95693231 -1.45487421 2.16866214 -0.39264939 0.49366603 0.23257646 -0.39303570 0.74008444
1779396323.96721292 -1.44821653 2.17144283 -0.39914712 0.49451883 0.23079438 -0.39303879 0.74007134
1779396323.97753572 -1.45047696 2.16887203 -0.39882757 0.49459637 0.23144809 -0.39237310 0.74016861
1779396323.98776221 -1.44364638 2.17019706 -0.41168883 0.49571281 0.22856654 -0.39138320 0.74084096
1779396323.99804854 -1.44678535 2.16756314 -0.41056841 0.49509609 0.22968719 -0.39126440 0.74096952
1779396324.00836349 -1.44382174 2.16652034 -0.42219986 0.49550760 0.22770317 -0.39018851 0.74187358
1779396324.01865530 -1.44079548 2.16567031 -0.43314306 0.49610593 0.22580175 -0.38900896 0.74267389
1779396324.02901196 -1.44090692 2.16438129 -0.43385001 0.49572026 0.22629519 -0.38907822 0.74274494
1779396324.03937411 -1.44104872 2.16115522 -0.44670954 0.49581298 0.22445875 -0.38744434 0.74409316
1779396324.04968286 -1.43905369 2.16023007 -0.45331493 0.49584339 0.22356910 -0.38696147 0.74459184
1779396324.05994534 -1.43996263 2.15762864 -0.45780681 0.49536497 0.22355161 -0.38649551 0.74515733
1779396324.07021356 -1.43976891 2.15537738 -0.46647416 0.49510708 0.22251274 -0.38569204 0.74605543
1779396324.08049512 -1.43780254 2.15286303 -0.47988426 0.49511426 0.22053176 -0.38442083 0.74729394
1779396324.09076047 -1.43897687 2.14933121 -0.48732541 0.49434134 0.22016279 -0.38377995 0.74824323
1779396324.10104728 -1.44111681 2.14562841 -0.49280832 0.49386887 0.22008371 -0.38289840 0.74902971
1779396324.11134553 -1.43687912 2.14606181 -0.49893896 0.49488770 0.21849299 -0.38195298 0.74930561
1779396324.12164569 -1.43702795 2.14316486 -0.50605685 0.49483058 0.21777413 -0.38090146 0.75008746
1779396324.13195109 -1.44226609 2.13646355 -0.51560720 0.49348115 0.21775479 -0.37968682 0.75159638
1779396324.14223814 -1.44625734 2.13269762 -0.51607805 0.49301344 0.21858788 -0.37897881 0.75201871
1779396324.15253377 -1.44535522 2.13047105 -0.52322522 0.49343934 0.21758003 -0.37772363 0.75266288
1779396324.16284275 -1.44677644 2.12690441 -0.52828722 0.49337103 0.21733645 -0.37658665 0.75334746
1779396324.17313027 -1.44205062 2.12701405 -0.53838884 0.49426772 0.21510267 -0.37545355 0.75396611
1779396324.17331290 -1.44157475 2.12610488 -0.54237120 0.49430264 0.21447793 -0.37498905 0.75435226
1779396324.18341088 -1.44399789 2.12302091 -0.54378598 0.49402368 0.21493064 -0.37432439 0.75473616
1779396324.19369531 -1.44600494 2.12008087 -0.54428502 0.49377269 0.21551090 -0.37377050 0.75500940
1779396324.20395494 -1.44675644 2.11677850 -0.55052012 0.49371770 0.21499570 -0.37263903 0.75575117
1779396324.21421981 -1.44306413 2.11718376 -0.55479034 0.49407782 0.21401927 -0.37238464 0.75591834
1779396324.22450089 -1.44407716 2.11334018 -0.56211897 0.49374269 0.21345106 -0.37132982 0.75681634
1779396324.23483849 -1.44233495 2.11106927 -0.57091054 0.49324440 0.21237791 -0.37088633 0.75766016
1779396324.24508429 -1.44069027 2.10911887 -0.57853877 0.49324491 0.21121632 -0.37008153 0.75837773
1779396324.25534153 -1.44115209 2.10590916 -0.58453994 0.49262667 0.21086856 -0.36958059 0.75912028
1779396324.26564479 -1.43806909 2.10456714 -0.59160362 0.49291789 0.20958248 -0.36880163 0.75966604
1779396324.27590084 -1.43925132 2.10137675 -0.59681557 0.49236735 0.20932730 -0.36822367 0.76037346
1779396324.27606058 -1.44043388 2.10000156 -0.59771866 0.49177221 0.20964729 -0.36836352 0.76060267
1779396324.28619075 -1.43749652 2.09908901 -0.60421044 0.49188564 0.20844010 -0.36787079 0.76109942
1779396324.29651308 -1.43552813 2.09850519 -0.60697871 0.49218589 0.20789725 -0.36746537 0.76124962
1779396324.30679965 -1.43778655 2.09272196 -0.61606379 0.49092804 0.20757718 -0.36671842 0.76250834
1779396324.31709099 -1.43713153 2.09070248 -0.62089040 0.49062352 0.20708784 -0.36637932 0.76300025
1779396324.32744741 -1.43857134 2.08715290 -0.62475763 0.49047705 0.20697490 -0.36545223 0.76356946
1779396324.33780980 -1.43692269 2.08532132 -0.63003561 0.49041877 0.20628465 -0.36497640 0.76402114
1779396324.34810328 -1.43740011 2.08325586 -0.63226912 0.49070381 0.20608182 -0.36412934 0.76429698
1779396324.35836720 -1.43646305 2.08151641 -0.63581298 0.49079706 0.20570451 -0.36360596 0.76458787
1779396324.36871457 -1.43763141 2.07865199 -0.63812984 0.49090672 0.20572583 -0.36272332 0.76493089
1779396324.37900758 -1.43720839 2.07701162 -0.64018663 0.49130523 0.20551524 -0.36200358 0.76507259
1779396324.38936877 -1.43804526 2.07467431 -0.64294269 0.49137901 0.20534157 -0.36124265 0.76543142
1779396324.39968348 -1.43695363 2.07386791 -0.64403734 0.49192215 0.20515907 -0.36066064 0.76540594
1779396324.40995002 -1.43722793 2.07198628 -0.64605890 0.49223457 0.20503971 -0.35991139 0.76558973
1779396324.42026806 -1.43715942 2.07079705 -0.64716044 0.49238878 0.20502912 -0.35952792 0.76567358
1779396324.43059564 -1.43741098 2.06932244 -0.64843849 0.49257091 0.20508160 -0.35904062 0.76577103
1779396324.44088221 -1.43920108 2.06700252 -0.64892316 0.49270509 0.20543417 -0.35836903 0.76590478
1779396324.45117140 -1.43681348 2.06882303 -0.64555561 0.49433837 0.20538971 -0.35770225 0.76517563
1779396324.46151924 -1.43655592 2.06864925 -0.64564811 0.49435185 0.20557580 -0.35779238 0.76507480
1779396324.47178292 -1.43588403 2.06951407 -0.64134921 0.49547683 0.20603768 -0.35735091 0.76442888
1779396324.48209858 -1.43546615 2.06816502 -0.64507881 0.49541201 0.20568516 -0.35698755 0.76473553
1779396324.49241400 -1.43309074 2.06918655 -0.64599667 0.49602783 0.20522759 -0.35684958 0.76452365
1779396324.50275683 -1.43071674 2.07006533 -0.64781601 0.49630666 0.20475194 -0.35692333 0.76443579
1779396324.50293875 -1.43151586 2.06965037 -0.64697661 0.49642667 0.20500273 -0.35672653 0.76438252
1779396324.51308680 -1.42810523 2.07055623 -0.65086737 0.49650480 0.20420500 -0.35696885 0.76443217
1779396324.52344131 -1.42746377 2.06935490 -0.65521460 0.49607045 0.20383167 -0.35700071 0.76479883
1779396324.53376532 -1.42985664 2.06908074 -0.65001248 0.49688782 0.20481269 -0.35639346 0.76428919
1779396324.54406452 -1.42669905 2.06879833 -0.65743516 0.49642056 0.20365754 -0.35664705 0.76478305
1779396324.55435824 -1.42969385 2.06644255 -0.65758368 0.49632164 0.20422742 -0.35609635 0.76495188
1779396324.56469345 -1.42631729 2.06657673 -0.66467526 0.49597976 0.20297118 -0.35631286 0.76540703
1779396324.57495046 -1.42709353 2.06523626 -0.66693465 0.49574621 0.20297588 -0.35615092 0.76563242
1779396324.58525038 -1.42518343 2.06617907 -0.66814711 0.49610055 0.20263524 -0.35622302 0.76545958
1779396324.59561396 -1.42573185 2.06261740 -0.67801411 0.49531760 0.20156089 -0.35556932 0.76655342
1779396324.60597229 -1.42536584 2.06161573 -0.68165922 0.49509404 0.20113739 -0.35542476 0.76687605
1779396324.61627388 -1.42509039 2.06156065 -0.68279795 0.49491942 0.20118760 -0.35569156 0.76685190
1779396324.62656307 -1.42575227 2.05910092 -0.68921575 0.49451589 0.20054494 -0.35515710 0.76752798
1779396324.63687921 -1.42749878 2.05675754 -0.69259150 0.49405949 0.20049623 -0.35481617 0.76799217
1779396324.64725041 -1.42863514 2.05336958 -0.70046392 0.49328147 0.19980196 -0.35431230 0.76890530
1779396324.65761161 -1.42857812 2.05250551 -0.70353048 0.49310648 0.19956159 -0.35425320 0.76910717
1779396324.66787434 -1.43057748 2.04978500 -0.70772553 0.49265174 0.19943821 -0.35381571 0.76963180
1779396324.67817211 -1.43194528 2.04779858 -0.71111939 0.49240031 0.19925631 -0.35340222 0.77002969
1779396324.68852687 -1.43312346 2.04479895 -0.71814236 0.49168564 0.19869823 -0.35304086 0.77079595
1779396324.69878864 -1.43306302 2.04453311 -0.71985926 0.49210911 0.19845251 -0.35265515 0.77076557
1779396324.70914292 -1.43516723 2.04297024 -0.72045561 0.49199743 0.19876367 -0.35237132 0.77088649
1779396324.71944523 -1.43646332 2.04060155 -0.72568452 0.49150758 0.19841440 -0.35206860 0.77142707
1779396324.72971487 -1.43740369 2.03642411 -0.73665525 0.49047061 0.19728446 -0.35155610 0.77260969
1779396324.74002409 -1.43877784 2.03715199 -0.73287798 0.49121504 0.19797135 -0.35138810 0.77203726
1779396324.75031900 -1.43778454 2.03694528 -0.73615352 0.49149087 0.19736468 -0.35110648 0.77214516
1779396324.76073813 -1.43739940 2.03424454 -0.74567405 0.49086066 0.19616484 -0.35077852 0.77300039
1779396324.77108550 -1.43943577 2.03631146 -0.73711450 0.49200174 0.19755411 -0.35088800 0.77187063
1779396324.78138185 -1.43804837 2.03565121 -0.74266809 0.49219737 0.19654295 -0.35046748 0.77219503
1779396324.79274106 -1.43854545 2.03444974 -0.74604506 0.49197663 0.19629165 -0.35048958 0.77238957
1779396324.79334903 -1.43805268 2.03430053 -0.74753333 0.49198991 0.19602654 -0.35045846 0.77246255
1779396324.80326080 -1.43905167 2.03191988 -0.75281659 0.49151129 0.19554331 -0.35021377 0.77300051
1779396324.81361794 -1.43348381 2.03290065 -0.76288978 0.49261315 0.19303771 -0.34938586 0.77330346
1779396324.82394743 -1.43893314 2.03076603 -0.75817896 0.49200355 0.19473668 -0.34985158 0.77305498
1779396324.83428550 -1.43951195 2.02984126 -0.75944808 0.49164193 0.19481278 -0.35023134 0.77309392
1779396324.83446980 -1.44042937 2.02940390 -0.75937946 0.49182553 0.19487903 -0.34998055 0.77307401
1779396324.84458351 -1.44216509 2.02747258 -0.76215254 0.49173068 0.19472844 -0.34960801 0.77334081
1779396324.85492611 -1.43824186 2.02870710 -0.76723054 0.49256650 0.19325964 -0.34940309 0.77326996
1779396324.86523128 -1.44256590 2.02905936 -0.75735116 0.49233862 0.19552735 -0.35062348 0.77229199
1779396324.87553144 -1.43886202 2.02838712 -0.76785609 0.49269361 0.19333320 -0.34995343 0.77292165
1779396324.88583040 -1.44383700 2.02825610 -0.75850700 0.49276596 0.19545526 -0.35064366 0.77202848
1779396324.89611673 -1.44303773 2.02831714 -0.76098090 0.49306016 0.19493132 -0.35071390 0.77194120
1779396324.90641880 -1.44674176 2.02933694 -0.75030364 0.49329828 0.19704995 -0.35162342 0.77083662
1779396324.91674542 -1.44892394 2.02804950 -0.75122836 0.49304574 0.19728887 -0.35181660 0.77084893
1779396324.92700791 -1.44799786 2.03071833 -0.74713359 0.49384735 0.19763503 -0.35244650 0.76995886
1779396324.93731713 -1.45136700 2.02754313 -0.75051315 0.49299147 0.19780902 -0.35254935 0.77041545
1779396324.94752598 -1.45573850 2.02688431 -0.74511303 0.49277585 0.19929518 -0.35302176 0.76995391
1779396324.95780516 -1.45644841 2.02997530 -0.73766223 0.49334204 0.20044520 -0.35406855 0.76881130
1779396324.96813250 -1.45636628 2.03041086 -0.73937210 0.49269163 0.20044557 -0.35512779 0.76873974
1779396324.97841406 -1.46336800 2.02803021 -0.73391544 0.49178668 0.20245169 -0.35566497 0.76854512
1779396324.98875475 -1.46420501 2.02881935 -0.73349533 0.49092233 0.20295980 -0.35708564 0.76830491
1779396324.99905586 -1.46604330 2.02995685 -0.73078677 0.49070526 0.20371219 -0.35799414 0.76782152
1779396325.00935626 -1.47077744 2.03039918 -0.72276861 0.49035813 0.20568294 -0.35888191 0.76710313
1779396325.00950718 -1.47377905 2.02937602 -0.72047924 0.49018246 0.20645830 -0.35884955 0.76702225
1779396325.01959038 -1.47269880 2.03042305 -0.72372768 0.48973048 0.20598078 -0.35967738 0.76705160
1779396325.02987003 -1.47534201 2.02640197 -0.73388745 0.48753449 0.20538239 -0.36039414 0.76827356
1779396325.04015899 -1.47964691 2.02720777 -0.72758951 0.48693822 0.20710129 -0.36165616 0.76759693
1779396325.05046272 -1.48027980 2.02723546 -0.73049043 0.48598706 0.20699166 -0.36258391 0.76779160
1779396325.06080222 -1.48440353 2.02772977 -0.72546024 0.48507870 0.20858135 -0.36403548 0.76724875
1779396325.07107329 -1.48226754 2.02850095 -0.73387842 0.48455830 0.20714788 -0.36465298 0.76767260
1779396325.08132315 -1.48298447 2.02835431 -0.73688376 0.48333215 0.20710816 -0.36585707 0.76788336
1779396325.09166694 -1.48879713 2.02759243 -0.73234360 0.48210791 0.20885429 -0.36715263 0.76756159
1779396325.10198808 -1.48651897 2.02940700 -0.73806277 0.48124648 0.20792787 -0.36860562 0.76765729
1779396325.11223245 -1.49362371 2.02606848 -0.73773806 0.47904580 0.20940881 -0.36992483 0.76799655
1779396325.12253881 -1.49224524 2.02889007 -0.73665939 0.47892956 0.20943210 -0.37116735 0.76746301
1779396325.13271880 -1.48972006 2.02883448 -0.74828778 0.47748816 0.20766532 -0.37243254 0.76822795
1779396325.14293432 -1.49725010 2.02931203 -0.73689097 0.47635599 0.21061315 -0.37425083 0.76724402
1779396325.15325475 -1.49401918 2.02579778 -0.75687224 0.47375297 0.20781625 -0.37536215 0.76907333
1779396325.16362047 -1.49927424 2.02728275 -0.74756805 0.47298468 0.21006086 -0.37712795 0.76807189
1779396325.17393637 -1.49863263 2.02684137 -0.75518746 0.47095710 0.20932092 -0.37907897 0.76855924
1779396325.18427062 -1.50179805 2.02518837 -0.75696172 0.47028585 0.20953608 -0.37940667 0.76874991
1779396325.18448281 -1.50024384 2.02577436 -0.75988734 0.46989637 0.20899817 -0.37997499 0.76885380
1779396325.19458175 -1.50181282 2.02761443 -0.75545478 0.46845472 0.21027003 -0.38235733 0.76820541
1779396325.20488524 -1.50379245 2.02652396 -0.75990679 0.46725070 0.21007504 -0.38338608 0.76847926
1779396325.21517825 -1.50473444 2.02775192 -0.75953961 0.46608522 0.21051788 -0.38526634 0.76812540
1779396325.22544765 -1.50293267 2.02629928 -0.77102948 0.46437027 0.20898424 -0.38655262 0.76893622
1779396325.23575950 -1.50574474 2.02877483 -0.76378397 0.46384119 0.21047331 -0.38833243 0.76795199
1779396325.24610591 -1.50425574 2.03005055 -0.76890374 0.46404422 0.20940223 -0.38872779 0.76792211
1779396325.25643182 -1.50477760 2.02870780 -0.77553704 0.46288913 0.20873046 -0.38959625 0.76836190
1779396325.26674390 -1.50811232 2.03116926 -0.76718973 0.46232520 0.21046245 -0.39139711 0.76731302
1779396325.27703810 -1.51126542 2.02784924 -0.77412469 0.46031329 0.21026034 -0.39251969 0.76800427
1779396325.28741050 -1.51056762 2.02937898 -0.77652036 0.46131561 0.20938352 -0.39221921 0.76779590
1779396325.29766893 -1.51449791 2.02815524 -0.77589941 0.45991805 0.21029388 -0.39351841 0.76772074
1779396325.30794024 -1.51457054 2.02867225 -0.77937289 0.45978048 0.20968391 -0.39405425 0.76769513
1779396325.31821275 -1.51432887 2.03070279 -0.77849856 0.46031674 0.20955467 -0.39439106 0.76723597
1779396325.31836271 -1.51457727 2.03102991 -0.77826635 0.46029752 0.20960008 -0.39460958 0.76712273
1779396325.32848954 -1.51652560 2.03011584 -0.78051073 0.45966248 0.20955788 -0.39514944 0.76723713
1779396325.33876491 -1.51961444 2.02929588 -0.78130286 0.45838884 0.21005136 -0.39651403 0.76716016
1779396325.34904981 -1.52008393 2.02807070 -0.78860088 0.45732220 0.20915795 -0.39738297 0.76759113
1779396325.35932851 -1.52200633 2.02851154 -0.78702747 0.45753677 0.20945450 -0.39760275 0.76726851
1779396325.35949540 -1.52255648 2.02796773 -0.78852652 0.45733037 0.20929992 -0.39769056 0.76738823
1779396325.36957073 -1.52493841 2.02472565 -0.79570386 0.45507151 0.20901191 -0.39910114 0.76807696
1779396325.37985229 -1.52367325 2.02527532 -0.80110913 0.45561457 0.20771899 -0.39896996 0.76817391
1779396325.39009452 -1.52472770 2.02528763 -0.80328914 0.45495078 0.20756205 -0.40001954 0.76806390
1779396325.40037537 -1.52558782 2.02432085 -0.80725165 0.45413146 0.20716994 -0.40075213 0.76827271
1779396325.41072655 -1.52759120 2.02390904 -0.80846960 0.45341477 0.20725963 -0.40175079 0.76815024
1779396325.42101812 -1.52805758 2.02390162 -0.81154000 0.45271280 0.20689282 -0.40281624 0.76810517
1779396325.43128514 -1.52849655 2.02479170 -0.81128017 0.45247085 0.20694250 -0.40369865 0.76777101
1779396325.44158101 -1.52904862 2.02480506 -0.81384957 0.45183974 0.20664593 -0.40470731 0.76769154
1779396325.45190907 -1.53016602 2.02477417 -0.81557710 0.45138759 0.20648780 -0.40558330 0.76753777
1779396325.46230078 -1.53217155 2.02421510 -0.81626267 0.45057246 0.20668314 -0.40670139 0.76737248
1779396325.47266793 -1.53246985 2.02271048 -0.82162160 0.44980048 0.20596607 -0.40728318 0.76770953
1779396325.48301649 -1.53586864 2.02086459 -0.82309993 0.44901672 0.20616658 -0.40794388 0.76776371
1779396325.49330306 -1.53885311 2.01917678 -0.82397056 0.44843444 0.20638780 -0.40852365 0.76773632
1779396325.50363564 -1.53856513 2.01846212 -0.82850725 0.44786689 0.20567522 -0.40920283 0.76789713
1779396325.50388408 -1.54380024 2.01643802 -0.82394441 0.44753072 0.20700317 -0.40909069 0.76779604
1779396325.51402426 -1.54433908 2.01571368 -0.82640736 0.44736068 0.20663992 -0.40941474 0.76782025
1779396325.52429891 -1.54725290 2.01625872 -0.82191953 0.44703936 0.20760899 -0.41053757 0.76714616
1779396325.53466868 -1.55113381 2.01446814 -0.82114801 0.44665988 0.20810118 -0.41092617 0.76702577
1779396325.54491854 -1.54863302 2.01722419 -0.82092465 0.44707659 0.20770269 -0.41183998 0.76640064
1779396325.55523014 -1.54943791 2.01923173 -0.81670640 0.44735101 0.20824177 -0.41284429 0.76555342
1779396325.56550837 -1.54999313 2.02302863 -0.80838665 0.44794259 0.20934292 -0.41416107 0.76419473
1779396325.57584858 -1.54628519 2.02594276 -0.80894065 0.44824481 0.20873964 -0.41528406 0.76357286
1779396325.57603550 -1.54988495 2.02306954 -0.80907306 0.44785590 0.20917037 -0.41494169 0.76386926
1779396325.58614087 -1.55463305 2.02035456 -0.80769431 0.44756549 0.20986730 -0.41483800 0.76390463
1779396325.59644175 -1.54849433 2.02652356 -0.80646025 0.44849687 0.20907496 -0.41650612 0.76266694
1779396325.60674691 -1.55882812 2.02151436 -0.79969167 0.44809626 0.21124415 -0.41601912 0.76257048
1779396325.61702538 -1.55960035 2.02223319 -0.79760229 0.44839257 0.21152091 -0.41644699 0.76208589
1779396325.62737203 -1.55984502 2.02337518 -0.79561538 0.44871439 0.21173927 -0.41694033 0.76156592
1779396325.63771272 -1.56848136 2.01995427 -0.79025372 0.44868934 0.21339906 -0.41661214 0.76129695
1779396325.64796638 -1.56159707 2.02755971 -0.78534823 0.44977817 0.21318496 -0.41845852 0.75970010
1779396325.65829802 -1.56578388 2.02680430 -0.78072498 0.44989248 0.21431395 -0.41868332 0.75919073
1779396325.66862893 -1.56505622 2.03054250 -0.77533620 0.45064016 0.21489616 -0.41964227 0.75805241
1779396325.67901611 -1.56785727 2.03219726 -0.76798875 0.45134825 0.21619709 -0.42000253 0.75706106
1779396325.68932152 -1.57006300 2.03286332 -0.76407776 0.45148333 0.21705062 -0.42041911 0.75650486
1779396325.69968987 -1.57087103 2.03508417 -0.75974608 0.45240015 0.21767026 -0.42062788 0.75566259
1779396325.71000004 -1.57039087 2.03968750 -0.75207467 0.45351267 0.21868056 -0.42138559 0.75428062
1779396325.72030759 -1.57310158 2.03969423 -0.74952033 0.45388379 0.21939127 -0.42123231 0.75393654
1779396325.73063064 -1.57665874 2.04208981 -0.73953172 0.45464331 0.22130789 -0.42161068 0.75270626
1779396325.74089432 -1.58042250 2.04380573 -0.73177348 0.45585378 0.22277909 -0.42125729 0.75173739
1779396325.75120521 -1.58097781 2.04808849 -0.72290848 0.45706744 0.22412364 -0.42173204 0.75033329
1779396325.76145434 -1.58593521 2.04807058 -0.71597689 0.45786878 0.22567606 -0.42115100 0.74970549
1779396325.77173638 -1.58503200 2.05246228 -0.71027320 0.45935557 0.22632971 -0.42129425 0.74851752
1779396325.78199816 -1.58958096 2.05409883 -0.70024507 0.46027944 0.22832551 -0.42119461 0.74739909
1779396325.79225445 -1.59067038 2.05589476 -0.69658126 0.46078757 0.22902275 -0.42136726 0.74677508
1779396325.80263805 -1.59593125 2.05680604 -0.68590425 0.46135592 0.23129939 -0.42140717 0.74569921
1779396325.81299186 -1.60118555 2.05579310 -0.68136832 0.46154399 0.23269279 -0.42109891 0.74532336
1779396325.82333899 -1.60367694 2.05601714 -0.67891843 0.46143177 0.23356435 -0.42140769 0.74494562
1779396325.83364940 -1.60590252 2.05578335 -0.67755854 0.46152139 0.23411826 -0.42134464 0.74475187
1779396325.84397936 -1.61247186 2.05326933 -0.67322423 0.46107763 0.23572986 -0.42118880 0.74460650
1779396325.85431957 -1.61831042 2.05055791 -0.67068443 0.46068889 0.23697854 -0.42094051 0.74459117
1779396325.86472487 -1.62212469 2.04909255 -0.66814550 0.46048554 0.23792209 -0.42084753 0.74446860
1779396325.87504482 -1.62325614 2.04882519 -0.66940492 0.46033488 0.23802815 -0.42106450 0.74440519
1779396325.88537598 -1.63165911 2.04299764 -0.67028896 0.45935909 0.23911679 -0.42035130 0.74506186
1779396325.89568591 -1.63760075 2.03966101 -0.66913730 0.45876233 0.24017162 -0.42010012 0.74523191
1779396325.90599632 -1.63643356 2.04140453 -0.66802471 0.45899277 0.24026638 -0.42063223 0.74475917
1779396325.91629744 -1.64046712 2.03943994 -0.66612059 0.45838115 0.24124458 -0.42088521 0.74467672
1779396325.92659688 -1.64271185 2.03782711 -0.66848917 0.45796953 0.24131973 -0.42097392 0.74485546
1779396325.93689203 -1.64234545 2.03886168 -0.66761895 0.45796009 0.24151994 -0.42150040 0.74449855
1779396325.94725180 -1.64909688 2.03292797 -0.67237159 0.45727659 0.24175730 -0.42048207 0.74541690
1779396325.95757055 -1.65501436 2.03018113 -0.66792259 0.45718150 0.24323578 -0.42008671 0.74521714
1779396325.96808028 -1.65732707 2.02947133 -0.66745980 0.45699719 0.24371536 -0.42029152 0.74505801
1779396325.97866511 -1.65500817 2.03211050 -0.66669619 0.45743771 0.24361757 -0.42088392 0.74448502
1779396325.97898841 -1.65846577 2.03005801 -0.66538971 0.45720603 0.24425475 -0.42054857 0.74460806
1779396325.98908854 -1.65562622 2.03328873 -0.66395122 0.45774864 0.24419403 -0.42125062 0.74389743
1779396325.99947596 -1.65734514 2.03288130 -0.66404775 0.45789118 0.24449296 -0.42122410 0.74372650
1779396326.00976968 -1.65755941 2.03390730 -0.66380446 0.45805760 0.24469471 -0.42159394 0.74334802
1779396326.02026391 -1.66032658 2.03367050 -0.65983400 0.45822005 0.24567481 -0.42160166 0.74292013
1779396326.02055764 -1.66169485 2.03301903 -0.65938029 0.45814245 0.24594133 -0.42153670 0.74291666
1779396326.03064656 -1.66028367 2.03490079 -0.65954146 0.45871430 0.24576553 -0.42173886 0.74250713
1779396326.04093933 -1.66041290 2.03592576 -0.65901013 0.45908651 0.24597546 -0.42191528 0.74210723
1779396326.05129719 -1.65779823 2.03799435 -0.66349763 0.45933522 0.24514035 -0.42240767 0.74194954
1779396326.06182003 -1.66156890 2.03642917 -0.66112953 0.45925449 0.24605362 -0.42220667 0.74181160
1779396326.07222223 -1.66143071 2.03790165 -0.66027968 0.45954764 0.24629450 -0.42259740 0.74132747
1779396326.08258080 -1.66689577 2.03488311 -0.66025645 0.45948676 0.24704990 -0.42188904 0.74151729
1779396326.09288359 -1.66132519 2.03842036 -0.66613398 0.45999081 0.24568568 -0.42259145 0.74125803
1779396326.10316443 -1.66218093 2.03776725 -0.66989943 0.45984439 0.24535737 -0.42253993 0.74148696
1779396326.11348271 -1.65813258 2.04189475 -0.67119377 0.46007258 0.24488865 -0.42370641 0.74083442
1779396326.12380314 -1.66601648 2.03748211 -0.66708139 0.45999107 0.24657368 -0.42280591 0.74084060
1779396326.13413668 -1.66716596 2.03716577 -0.66795839 0.46030829 0.24664894 -0.42253680 0.74077205
1779396326.13434863 -1.66556470 2.03852036 -0.66899839 0.46044265 0.24633616 -0.42282212 0.74062981
1779396326.14446592 -1.66427078 2.03953521 -0.67189410 0.46059060 0.24586103 -0.42307870 0.74054916
1779396326.15477133 -1.66700103 2.03775821 -0.67360215 0.46072848 0.24604497 -0.42259659 0.74067757
1779396326.16507149 -1.66668687 2.03837714 -0.67573989 0.46079173 0.24587185 -0.42290096 0.74052197
1779396326.17534685 -1.66721692 2.03731523 -0.68005086 0.46071021 0.24546141 -0.42274123 0.74080001
1779396326.18567443 -1.66961533 2.03621374 -0.68067029 0.46102729 0.24569353 -0.42233701 0.74075636
1779396326.19595623 -1.66924285 2.03581408 -0.68545776 0.46092913 0.24513052 -0.42246022 0.74093368
1779396326.20622492 -1.66986264 2.03418633 -0.69091047 0.46085399 0.24453848 -0.42214653 0.74135473
1779396326.21655703 -1.67024242 2.03322155 -0.69505981 0.46091470 0.24413706 -0.42199898 0.74153327
1779396326.22697997 -1.67719372 2.02808873 -0.69651454 0.46063194 0.24481557 -0.42096653 0.74207192
1779396326.23731399 -1.67912851 2.02487806 -0.70395168 0.46020281 0.24418369 -0.42054425 0.74278546
1779396326.24769521 -1.67720496 2.02505640 -0.70938943 0.46055970 0.24325021 -0.42039898 0.74295275
1779396326.25801229 -1.67357964 2.02635430 -0.71550615 0.46072872 0.24207841 -0.42088721 0.74295427
1779396326.26826143 -1.67968940 2.02055054 -0.72068485 0.46027635 0.24217906 -0.41977168 0.74383245
1779396326.27859926 -1.67689255 2.02095167 -0.72704398 0.46048590 0.24104850 -0.41984509 0.74402853
1779396326.28888488 -1.68190866 2.01609121 -0.73072073 0.46020113 0.24126745 -0.41894397 0.74464145
1779396326.29918838 -1.67860644 2.01669995 -0.73774043 0.46029989 0.24000516 -0.41929269 0.74479204
1779396326.30953646 -1.68203205 2.01153539 -0.74530562 0.45984352 0.23953180 -0.41844263 0.74570384
1779396326.31972814 -1.68498277 2.00728124 -0.75108284 0.45960268 0.23917482 -0.41760651 0.74643525
1779396326.33001018 -1.68578402 2.00516086 -0.75644367 0.45944437 0.23866650 -0.41741014 0.74680516
1779396326.34031510 -1.68782531 2.00029497 -0.76578201 0.45897760 0.23776515 -0.41668583 0.74778353
1779396326.35057020 -1.68596380 1.99966065 -0.77223088 0.45921974 0.23669486 -0.41647251 0.74809319
1779396326.36088276 -1.68828423 1.99548744 -0.77915933 0.45901477 0.23613060 -0.41572765 0.74881126
1779396326.37116337 -1.68997459 1.99252377 -0.78384703 0.45894411 0.23576478 -0.41515344 0.74928826
1779396326.38143969 -1.68818609 1.99025437 -0.79484044 0.45898484 0.23415887 -0.41465970 0.75003992
1779396326.38163447 -1.68687530 1.99037522 -0.79793698 0.45909494 0.23356997 -0.41462517 0.75017523
1779396326.39169645 -1.68987795 1.98621329 -0.80251865 0.45884347 0.23342416 -0.41389191 0.75077914
1779396326.40200377 -1.69091944 1.98213113 -0.81179089 0.45873381 0.23242342 -0.41303040 0.75163059
1779396326.41228032 -1.69061522 1.97965361 -0.82041937 0.45881268 0.23134026 -0.41242839 0.75224692
1779396326.42255449 -1.69472086 1.97507879 -0.82425197 0.45831181 0.23149833 -0.41175802 0.75287060
1779396326.43279910 -1.69527594 1.97164656 -0.83295582 0.45829052 0.23056455 -0.41097910 0.75359536
1779396326.46365738 -1.69955068 1.96113249 -0.85507659 0.45795837 0.22864109 -0.40869141 0.75562472
1779396326.47392631 -1.70524573 1.95484661 -0.86112805 0.45754493 0.22874917 -0.40740896 0.75653446
1779396326.48422742 -1.70371372 1.95387375 -0.86807580 0.45764642 0.22781846 -0.40711698 0.75691101
1779396326.48440886 -1.70687407 1.95134860 -0.86837058 0.45740080 0.22823887 -0.40666993 0.75717310
1779396326.49450088 -1.70982612 1.94710109 -0.87409994 0.45724205 0.22800964 -0.40567987 0.75786883
1779396326.50473642 -1.71336179 1.94168846 -0.88219866 0.45684092 0.22764975 -0.40461405 0.75878814
1779396326.51503539 -1.71463722 1.94007874 -0.88558479 0.45711009 0.22755692 -0.40408047 0.75893820
1779396326.52530217 -1.71328449 1.93958699 -0.89184540 0.45714330 0.22673929 -0.40397362 0.75921974
1779396326.53560781 -1.71394377 1.93612793 -0.90064058 0.45681386 0.22594478 -0.40343695 0.75993992
1779396326.54586864 -1.71478657 1.93410568 -0.90525996 0.45663210 0.22573545 -0.40325561 0.76020757
1779396326.55613375 -1.71416056 1.93238206 -0.91250676 0.45641760 0.22490458 -0.40305549 0.76068863
1779396326.56642389 -1.71974112 1.92699122 -0.91544768 0.45552860 0.22557888 -0.40264907 0.76123689
1779396326.57672858 -1.71633389 1.92729790 -0.92280372 0.45578559 0.22442994 -0.40273053 0.76137955
1779396326.58708239 -1.71401105 1.92759287 -0.92817246 0.45579481 0.22360832 -0.40299459 0.76147605
1779396326.58727932 -1.72168740 1.92118005 -0.92783305 0.45498540 0.22473646 -0.40202408 0.76214070
1779396326.59737563 -1.72333021 1.91865390 -0.93135805 0.45479486 0.22468567 -0.40167605 0.76245284
1779396326.60764289 -1.71726540 1.92213336 -0.93712372 0.45521383 0.22341659 -0.40256593 0.76210634
1779396326.61792564 -1.72409170 1.91616233 -0.93828882 0.45479876 0.22441211 -0.40158897 0.76257694
1779396326.62818933 -1.72390666 1.91402861 -0.94465751 0.45455853 0.22375147 -0.40140384 0.76301165
1779396326.63845849 -1.72534013 1.91323900 -0.94522445 0.45498725 0.22405908 -0.40108540 0.76283329
1779396326.64869618 -1.72593900 1.91026487 -0.95207293 0.45482603 0.22348946 -0.40067726 0.76331087
1779396326.65901041 -1.72722263 1.90830896 -0.95502088 0.45513690 0.22338538 -0.40002195 0.76349972
1779396326.66927814 -1.72800047 1.90742107 -0.95696407 0.45531587 0.22347124 -0.39993730 0.76341222
1779396326.67957067 -1.72720720 1.90480977 -0.96550610 0.45544096 0.22245584 -0.39930991 0.76396239
1779396326.69007826 -1.73019547 1.90248029 -0.96644793 0.45558021 0.22292266 -0.39883518 0.76399127
1779396326.70040798 -1.73044739 1.90054611 -0.97124758 0.45581592 0.22245426 -0.39824177 0.76429670
1779396326.71075010 -1.73054989 1.89827946 -0.97732820 0.45590389 0.22189680 -0.39776329 0.76465536
1779396326.72104573 -1.72982202 1.89603917 -0.98488552 0.45621239 0.22097691 -0.39707028 0.76509780
1779396326.73139429 -1.73029787 1.89462286 -0.98782943 0.45641135 0.22079588 -0.39667039 0.76523883
1779396326.73158312 -1.72979668 1.89422785 -0.98997098 0.45649753 0.22049537 -0.39652237 0.76535077
1779396326.74171305 -1.73085133 1.89075001 -0.99630079 0.45615546 0.22000188 -0.39603800 0.76594730
1779396326.75202799 -1.72845375 1.88901967 -1.00590417 0.45647429 0.21863900 -0.39541591 0.76646883
1779396326.76231861 -1.72815261 1.88836092 -1.00852746 0.45667627 0.21841052 -0.39524160 0.76650356
1779396326.76249957 -1.73008420 1.88659480 -1.00899954 0.45656982 0.21865038 -0.39491361 0.76666763
1779396326.77261353 -1.73212549 1.88208266 -1.01567124 0.45637761 0.21820158 -0.39395977 0.76740032
1779396326.78291702 -1.73084664 1.87882442 -1.02571534 0.45636990 0.21693817 -0.39322441 0.76813991
1779396326.79321170 -1.72901681 1.87847096 -1.03069913 0.45687510 0.21627037 -0.39287484 0.76820676
1779396326.80351663 -1.73035080 1.87437398 -1.03771163 0.45683945 0.21566701 -0.39185877 0.76891623
1779396326.81383133 -1.73028373 1.87288028 -1.04212295 0.45718229 0.21528270 -0.39132460 0.76909218
1779396326.82412362 -1.72987100 1.87045569 -1.04871785 0.45741262 0.21459077 -0.39061580 0.76950880
1779396326.83448911 -1.72761404 1.86973762 -1.05511267 0.45775897 0.21365594 -0.39031848 0.76971381
1779396326.84473801 -1.72694054 1.86742803 -1.06128769 0.45777520 0.21294882 -0.38980680 0.77015928
1779396326.85506964 -1.72566915 1.86649775 -1.06610605 0.45814582 0.21236175 -0.38941250 0.77030046
1779396326.86535978 -1.72504509 1.86408082 -1.07281191 0.45824227 0.21162476 -0.38886356 0.77072311
1779396326.87568784 -1.72527101 1.86148795 -1.07757529 0.45816015 0.21124235 -0.38838210 0.77111950
1779396326.88602686 -1.72436271 1.85951006 -1.08353491 0.45822894 0.21054670 -0.38803029 0.77144593
1779396326.89628839 -1.72598704 1.85555318 -1.08858458 0.45807304 0.21034973 -0.38732892 0.77194455
1779396326.90663052 -1.72424551 1.85399916 -1.09454020 0.45822117 0.20951058 -0.38691189 0.77229390
1779396326.90682220 -1.72399909 1.85364498 -1.09565801 0.45822776 0.20938707 -0.38687744 0.77234074
1779396326.91690731 -1.72227394 1.85305591 -1.10009386 0.45833304 0.20874037 -0.38680460 0.77248980
1779396326.92719650 -1.72235817 1.84911612 -1.10731933 0.45813385 0.20804936 -0.38614756 0.77312282
1779396326.93746543 -1.72099028 1.84621851 -1.11492527 0.45813240 0.20710133 -0.38558210 0.77366025
1779396326.94771814 -1.72169878 1.84479633 -1.11659100 0.45808961 0.20713152 -0.38545863 0.77373903
1779396326.95797324 -1.71941228 1.84038617 -1.12808142 0.45782437 0.20559480 -0.38470204 0.77468185
1779396326.96822476 -1.72078465 1.83632234 -1.13310421 0.45760027 0.20533500 -0.38407485 0.77519419
1779396326.97858357 -1.72011603 1.83459849 -1.13700334 0.45753929 0.20490855 -0.38387799 0.77544051
1779396326.98888469 -1.71774533 1.83234430 -1.14452261 0.45756591 0.20386629 -0.38348537 0.77589364
1779396326.99912977 -1.71987215 1.82696029 -1.15036493 0.45708171 0.20361021 -0.38276776 0.77660031
1779396327.00944972 -1.71802157 1.82535925 -1.15571555 0.45707324 0.20289894 -0.38263813 0.77685529
1779396327.01975226 -1.71665654 1.82231157 -1.16285203 0.45670387 0.20201324 -0.38238759 0.77742649
1779396327.03005457 -1.71761177 1.81983122 -1.16525655 0.45665805 0.20203473 -0.38205873 0.77760949
1779396327.04035997 -1.71637462 1.81796380 -1.17016361 0.45664618 0.20145538 -0.38187379 0.77785757
1779396327.05069256 -1.71567879 1.81578785 -1.17451272 0.45645780 0.20099796 -0.38169626 0.77817354
1779396327.06102109 -1.71782476 1.81192626 -1.17726071 0.45608455 0.20116246 -0.38133355 0.77852763
1779396327.07133007 -1.71666594 1.80962364 -1.18267062 0.45594150 0.20051926 -0.38117246 0.77885617
1779396327.08169031 -1.71538578 1.80879357 -1.18553524 0.45580333 0.20024155 -0.38143616 0.77887939
1779396327.09203506 -1.71593786 1.80690194 -1.18761299 0.45562213 0.20020310 -0.38136881 0.77902825
1779396327.10237455 -1.71560363 1.80413660 -1.19230347 0.45515554 0.19978991 -0.38142424 0.77937987
1779396327.11284089 -1.71385614 1.80241092 -1.19741765 0.45485481 0.19915306 -0.38161104 0.77962695
1779396327.12319279 -1.71556166 1.80171052 -1.19569965 0.45474325 0.19974094 -0.38184084 0.77942909
1779396327.12339282 -1.71540083 1.80142530 -1.19623845 0.45470869 0.19969752 -0.38189342 0.77943462
1779396327.13348985 -1.71520483 1.79726252 -1.20290479 0.45403960 0.19900705 -0.38167343 0.78010873
1779396327.14381027 -1.71301279 1.79502635 -1.20937024 0.45358366 0.19813369 -0.38190093 0.78048484
1779396327.15411711 -1.71470291 1.79337837 -1.20910802 0.45298541 0.19861164 -0.38247067 0.78043182
1779396327.16446662 -1.71448311 1.79122067 -1.21231516 0.45262268 0.19833939 -0.38255364 0.78067081
1779396327.17476869 -1.71297063 1.78932509 -1.21722077 0.45210928 0.19774668 -0.38295530 0.78092169
1779396327.18510437 -1.71207943 1.78671053 -1.22195709 0.45127505 0.19727354 -0.38351377 0.78124975
1779396327.19540691 -1.71216727 1.78455645 -1.22484620 0.45077381 0.19707851 -0.38376481 0.78146504
1779396327.19560957 -1.71128089 1.78434923 -1.22630039 0.45078942 0.19682039 -0.38378997 0.78150873
1779396327.20572996 -1.71320653 1.78184488 -1.22689985 0.45024285 0.19717855 -0.38397231 0.78164395
1779396327.21604133 -1.71303685 1.77809827 -1.23249197 0.44965832 0.19666211 -0.38390864 0.78214165
1779396327.22632694 -1.71219476 1.77798696 -1.23344488 0.44926919 0.19664854 -0.38473649 0.78196188
1779396327.23666787 -1.71236450 1.77574783 -1.23618157 0.44865338 0.19650645 -0.38510296 0.78217074
1779396327.24693680 -1.71124783 1.77322546 -1.24118434 0.44832901 0.19593266 -0.38512557 0.78248948
1779396327.25728321 -1.71071859 1.77272083 -1.24225505 0.44818915 0.19592106 -0.38556093 0.78235810
1779396327.26769233 -1.71004592 1.77296030 -1.24273564 0.44820182 0.19586091 -0.38580232 0.78224690
1779396327.27805567 -1.70975045 1.76693119 -1.25160241 0.44707320 0.19499171 -0.38582657 0.78309747
1779396327.28841925 -1.70626631 1.76615614 -1.25706005 0.44701062 0.19403252 -0.38606959 0.78325166
1779396327.29879332 -1.70683463 1.76369118 -1.25927758 0.44657625 0.19401277 -0.38624369 0.78341848
1779396327.30913162 -1.70760530 1.76001089 -1.26300322 0.44593142 0.19380944 -0.38621071 0.78385225
1779396327.31941557 -1.70921115 1.75511793 -1.26719907 0.44520406 0.19372633 -0.38597033 0.78440446
1779396327.35038114 -1.70667471 1.74597419 -1.28198019 0.44367869 0.19204366 -0.38615898 0.78558876
1779396327.36073947 -1.70445964 1.74417063 -1.28677968 0.44344336 0.19134080 -0.38630153 0.78582302
1779396327.37101912 -1.70513761 1.74056746 -1.29029331 0.44262980 0.19115712 -0.38658226 0.78618825
1779396327.38136888 -1.70322761 1.73869051 -1.29501333 0.44218923 0.19045445 -0.38685994 0.78647007
1779396327.39165020 -1.69994686 1.73613762 -1.30232523 0.44188998 0.18929281 -0.38687227 0.78691253
1779396327.40193105 -1.70126922 1.73120668 -1.30676972 0.44111345 0.18908638 -0.38670676 0.78747898
1779396327.41225505 -1.69985161 1.72975047 -1.31023271 0.44079424 0.18859509 -0.38695199 0.78765506
1779396327.41240883 -1.69856285 1.72913473 -1.31274628 0.44067090 0.18815841 -0.38701632 0.78779689
1779396327.42255235 -1.69612209 1.72679670 -1.31881661 0.44061054 0.18719983 -0.38671802 0.78820540
1779396327.43286800 -1.69859583 1.72205851 -1.32156042 0.43984198 0.18741697 -0.38655525 0.78866276
1779396327.44312072 -1.69526410 1.72117555 -1.32701028 0.43979923 0.18647836 -0.38673014 0.78882333
1779396327.45340848 -1.69292681 1.72140636 -1.32970594 0.43988543 0.18600188 -0.38695055 0.78877968
1779396327.46375108 -1.69466041 1.71498201 -1.33616799 0.43938517 0.18566230 -0.38593373 0.78963621
1779396327.47403359 -1.69423414 1.71523141 -1.33661249 0.43965811 0.18576569 -0.38600725 0.78942400
1779396327.48434973 -1.69366719 1.71424132 -1.33885961 0.43976904 0.18558763 -0.38580911 0.78950095
1779396327.49467254 -1.69246311 1.71092189 -1.34516339 0.43972033 0.18490989 -0.38518296 0.78999269
1779396327.50491953 -1.69482139 1.70904674 -1.34528754 0.43981341 0.18544928 -0.38476201 0.79001957
1779396327.51519394 -1.69054453 1.71081732 -1.34906817 0.44057709 0.18465152 -0.38468475 0.78981851
1779396327.52549767 -1.69345137 1.70807313 -1.34959247 0.44048999 0.18518490 -0.38413668 0.79000894
1779396327.53579688 -1.68876248 1.70953388 -1.35454800 0.44111697 0.18415640 -0.38415197 0.78989208
1779396327.54607868 -1.69180196 1.70682265 -1.35441480 0.44120819 0.18478314 -0.38342022 0.79005029
1779396327.55641866 -1.69121053 1.70519536 -1.35791989 0.44128243 0.18454762 -0.38313310 0.79020315
1779396327.55657506 -1.68857695 1.70807092 -1.35786655 0.44164198 0.18424260 -0.38366465 0.78981546
1779396327.56669521 -1.69073869 1.70614981 -1.35815741 0.44194619 0.18466656 -0.38291643 0.78990938
1779396327.57702208 -1.68992663 1.70653407 -1.35934212 0.44237698 0.18466511 -0.38280035 0.78972482
1779396327.58736539 -1.68897888 1.70574000 -1.36245144 0.44258248 0.18438971 -0.38263625 0.78975356
1779396327.59770298 -1.68793314 1.70684474 -1.36275333 0.44312975 0.18436301 -0.38255299 0.78949320
1779396327.60810447 -1.68643964 1.70681084 -1.36529335 0.44369615 0.18409807 -0.38219299 0.78941127
1779396327.61849785 -1.68706174 1.70712346 -1.36488267 0.44390983 0.18445112 -0.38236358 0.78912606
1779396327.62913847 -1.68563530 1.70689266 -1.36779764 0.44443706 0.18411226 -0.38200187 0.78908361
1779396327.63961697 -1.68648607 1.70755544 -1.36624323 0.44489035 0.18458575 -0.38191649 0.78875882
1779396327.65018702 -1.68684856 1.70954729 -1.36405781 0.44554514 0.18509801 -0.38205484 0.78820198
1779396327.66083622 -1.68473669 1.71115749 -1.36555689 0.44605856 0.18482937 -0.38224764 0.78788109
1779396327.67131996 -1.68303181 1.71257304 -1.36647583 0.44684451 0.18469085 -0.38210192 0.78753883
1779396327.68189216 -1.68281465 1.71393780 -1.36574604 0.44721554 0.18492018 -0.38243630 0.78711198
1779396327.69232988 -1.68095039 1.71586507 -1.36607735 0.44784378 0.18475259 -0.38254079 0.78674327
1779396327.70264173 -1.68055250 1.71434400 -1.36925906 0.44812852 0.18452620 -0.38209856 0.78684916
1779396327.71291971 -1.67836071 1.71784015 -1.36820303 0.44895374 0.18452467 -0.38254223 0.78616323
1779396327.72320580 -1.67953099 1.71825621 -1.36668678 0.44927180 0.18499560 -0.38253552 0.78587407
1779396327.72336340 -1.67910666 1.71883892 -1.36656339 0.44952089 0.18500274 -0.38250258 0.78574597
1779396327.73348618 -1.67876120 1.71770051 -1.36913124 0.44981136 0.18479959 -0.38208921 0.78582866
1779396327.74383855 -1.67738400 1.72110944 -1.36702400 0.45066858 0.18505784 -0.38242726 0.78511198
1779396327.75417733 -1.67729928 1.72182701 -1.36699202 0.45122411 0.18522473 -0.38232166 0.78480492
1779396327.76451778 -1.67767012 1.71973103 -1.36974238 0.45143813 0.18509136 -0.38170537 0.78501326
1779396327.77476335 -1.67446049 1.72353697 -1.36946972 0.45221621 0.18489831 -0.38227459 0.78433364
1779396327.78512692 -1.67835419 1.72289172 -1.36623118 0.45257559 0.18599290 -0.38197218 0.78401482
1779396327.79540586 -1.67692996 1.72348259 -1.36788961 0.45303589 0.18576681 -0.38185642 0.78385895
1779396327.79556298 -1.67752826 1.72293255 -1.36800136 0.45297511 0.18589311 -0.38183755 0.78387333
1779396327.80569625 -1.67642412 1.72500108 -1.36738415 0.45355665 0.18595926 -0.38201140 0.78343654
1779396327.81602311 -1.67936898 1.72748598 -1.36111120 0.45423283 0.18729402 -0.38226616 0.78260212
1779396327.82631397 -1.67723715 1.72764538 -1.36456251 0.45467108 0.18678790 -0.38214068 0.78252987
1779396327.83660984 -1.67730824 1.72857776 -1.36381217 0.45484355 0.18704897 -0.38244813 0.78221701
1779396327.84693432 -1.67690605 1.73057638 -1.36242773 0.45536935 0.18734780 -0.38277891 0.78167760
1779396327.85718274 -1.67990720 1.73098569 -1.35871392 0.45554869 0.18838536 -0.38303359 0.78119883
1779396327.86751747 -1.67921399 1.73284894 -1.35777391 0.45587646 0.18854550 -0.38346246 0.78075847
1779396327.87776589 -1.67951319 1.73238035 -1.35862676 0.45570860 0.18869666 -0.38389982 0.78060500
1779396327.88810468 -1.68288912 1.73467410 -1.35216480 0.45608310 0.19008146 -0.38447548 0.77976654
1779396327.89841247 -1.68324326 1.73560709 -1.35105155 0.45618579 0.19044482 -0.38501289 0.77935253
1779396327.90872979 -1.68097955 1.73872936 -1.35024995 0.45654244 0.19037050 -0.38580008 0.77877235
1779396327.91910672 -1.68348488 1.73980725 -1.34615960 0.45665217 0.19136768 -0.38636453 0.77818356
1779396327.92939687 -1.68538261 1.74033517 -1.34362833 0.45646842 0.19210299 -0.38712324 0.77773300
1779396327.93973947 -1.68559222 1.73998507 -1.34423126 0.45610309 0.19219510 -0.38776943 0.77760265
1779396327.95013022 -1.68514201 1.74369382 -1.33999259 0.45652430 0.19281681 -0.38877180 0.77670054
1779396327.96053123 -1.68618820 1.74303468 -1.34002384 0.45627387 0.19313485 -0.38924917 0.77652957
1779396327.97083497 -1.69035985 1.74404134 -1.33368990 0.45594704 0.19461841 -0.39034795 0.77579923
1779396327.98113346 -1.69035490 1.74566030 -1.33190365 0.45602219 0.19496480 -0.39100127 0.77533895
1779396327.99146986 -1.69152974 1.74524314 -1.33162250 0.45538037 0.19535104 -0.39204625 0.77509124
1779396328.00177240 -1.69555470 1.74412574 -1.32843201 0.45482389 0.19646865 -0.39271353 0.77479764
1779396328.01216555 -1.69692038 1.74733477 -1.32306247 0.45462129 0.19749631 -0.39424316 0.77387791
1779396328.02252626 -1.69910445 1.74721204 -1.32100377 0.45413837 0.19818931 -0.39500544 0.77359553
1779396328.03287077 -1.70191391 1.74863890 -1.31654591 0.45375111 0.19931282 -0.39616663 0.77294005
1779396328.04319692 -1.70496683 1.74830529 -1.31408219 0.45322816 0.20023618 -0.39697475 0.77259353
1779396328.05356622 -1.70590836 1.75065048 -1.31048718 0.45298624 0.20096484 -0.39815325 0.77193950
1779396328.06396222 -1.70892789 1.75125875 -1.30693578 0.45248916 0.20197753 -0.39922468 0.77141318
1779396328.07430863 -1.71364577 1.75054185 -1.30282957 0.45174436 0.20332932 -0.40013408 0.77102330
1779396328.08466053 -1.71458873 1.75213845 -1.30070623 0.45127673 0.20393773 -0.40144576 0.77045442
1779396328.09498715 -1.71693575 1.75144121 -1.29968126 0.45056951 0.20454502 -0.40223311 0.77029668
1779396328.10529518 -1.71983319 1.75110042 -1.29788087 0.45009460 0.20534721 -0.40293459 0.76999421
1779396328.11563087 -1.72267604 1.75207790 -1.29400254 0.44962598 0.20643316 -0.40397366 0.76943298
1779396328.12589598 -1.72531392 1.74942078 -1.29546111 0.44888799 0.20677728 -0.40423741 0.76963293
1779396328.12609625 -1.72599236 1.74909582 -1.29542710 0.44871179 0.20692676 -0.40440640 0.76960672
1779396328.13620496 -1.72835932 1.74617257 -1.29742314 0.44789263 0.20717701 -0.40467460 0.76987554
1779396328.14650512 -1.73290716 1.74477947 -1.29494222 0.44697568 0.20830933 -0.40554982 0.76964232
1779396328.15691638 -1.73786348 1.74216725 -1.29332223 0.44601111 0.20938330 -0.40612505 0.76960715
1779396328.16725993 -1.73946436 1.73942854 -1.29653642 0.44508157 0.20936711 -0.40659449 0.76990177
1779396328.17766237 -1.74331296 1.73744635 -1.29568141 0.44407946 0.21019897 -0.40740016 0.76982786
1779396328.18797231 -1.74606441 1.73394034 -1.29880323 0.44279363 0.21039002 -0.40814168 0.77012350
1779396328.19831371 -1.75267865 1.73008629 -1.29673000 0.44154258 0.21170975 -0.40870144 0.77018326
1779396328.20863819 -1.75383549 1.72907933 -1.29787241 0.44076391 0.21187088 -0.40954308 0.77013789
1779396328.21898651 -1.75720302 1.72649385 -1.29845178 0.43979977 0.21244455 -0.41018889 0.77018735
1779396328.22929192 -1.75985957 1.72576231 -1.29764688 0.43890558 0.21305571 -0.41132150 0.76992453
1779396328.23961306 -1.76115616 1.72525837 -1.29814326 0.43817755 0.21329348 -0.41223020 0.76978737
1779396328.24992704 -1.76258106 1.72482584 -1.29864076 0.43718157 0.21359618 -0.41359162 0.76953942
1779396328.26026630 -1.76502669 1.72343513 -1.29920961 0.43619131 0.21401328 -0.41464826 0.76941684
1779396328.27054930 -1.76706816 1.72109768 -1.30106423 0.43513402 0.21417960 -0.41545656 0.76953319
1779396328.27082419 -1.76701033 1.72153291 -1.30103994 0.43503835 0.21421491 -0.41577908 0.76940325
1779396328.28088522 -1.77041375 1.72156926 -1.29771392 0.43437230 0.21517731 -0.41678389 0.76896724
1779396328.29125452 -1.77220675 1.72098244 -1.29804091 0.43343589 0.21551461 -0.41805667 0.76871022
1779396328.30169225 -1.77357093 1.71986501 -1.29969149 0.43257980 0.21564765 -0.41909367 0.76859047
1779396328.31205821 -1.77515811 1.72162734 -1.29653160 0.43206515 0.21635545 -0.42044280 0.76794393
1779396328.31243610 -1.77547069 1.72238924 -1.29555279 0.43206995 0.21655287 -0.42072477 0.76773112
1779396328.32245636 -1.77576222 1.72351110 -1.29554580 0.43152664 0.21669827 -0.42194000 0.76732865
1779396328.33280754 -1.77757420 1.72499339 -1.29327217 0.43081613 0.21734368 -0.42350408 0.76668343
1779396328.34322000 -1.77933887 1.72611568 -1.29147837 0.43007647 0.21795551 -0.42499802 0.76609811
1779396328.35351229 -1.77927920 1.72638133 -1.29320535 0.42958438 0.21784102 -0.42592727 0.76589067
1779396328.36382627 -1.77911832 1.73021801 -1.29072562 0.42922306 0.21825843 -0.42774687 0.76495976
1779396328.37412119 -1.78073806 1.73357429 -1.28626771 0.42888717 0.21918311 -0.42934701 0.76398672
1779396328.38440394 -1.78062847 1.73381485 -1.28831555 0.42837676 0.21902440 -0.43028982 0.76378815
1779396328.38462234 -1.78204374 1.73331799 -1.28757777 0.42814065 0.21933971 -0.43047524 0.76372557
1779396328.39468813 -1.78200388 1.73549943 -1.28663523 0.42810378 0.21958796 -0.43138548 0.76316109
1779396328.40492868 -1.78330696 1.73828221 -1.28372259 0.42774481 0.22027982 -0.43285551 0.76233017
1779396328.41517019 -1.78355319 1.74123092 -1.28213511 0.42779562 0.22068823 -0.43391927 0.76157841
1779396328.42547321 -1.78362343 1.74317415 -1.28155238 0.42776376 0.22090862 -0.43474607 0.76106071
1779396328.43574715 -1.78191660 1.74825028 -1.27972566 0.42803817 0.22111618 -0.43617000 0.76003072
1779396328.44611740 -1.78523080 1.75010963 -1.27532875 0.42789837 0.22226074 -0.43709338 0.75924471
1779396328.45644450 -1.78276267 1.75269651 -1.27749642 0.42801029 0.22183092 -0.43797170 0.75880104
1779396328.45680809 -1.78178620 1.75361514 -1.27827280 0.42809947 0.22166185 -0.43823127 0.75865026
1779396328.46690488 -1.78138790 1.75720187 -1.27602951 0.42824874 0.22202880 -0.43927899 0.75785236
1779396328.47724199 -1.78324775 1.75967826 -1.27281016 0.42810421 0.22283779 -0.44038778 0.75705264
1779396328.48760176 -1.78520611 1.76156057 -1.27005196 0.42796402 0.22358978 -0.44136891 0.75633848
1779396328.49791098 -1.78561025 1.76419359 -1.26771632 0.42805036 0.22406565 -0.44223337 0.75564351
1779396328.50825095 -1.78624335 1.76656328 -1.26617906 0.42773836 0.22450734 -0.44355212 0.75491580
1779396328.51863003 -1.78778240 1.77045066 -1.26096921 0.42775023 0.22552612 -0.44486751 0.75383062
1779396328.52899718 -1.78842923 1.77214210 -1.26011167 0.42737521 0.22587992 -0.44610448 0.75320614
1779396328.53928971 -1.78911939 1.77212856 -1.26101171 0.42710759 0.22598443 -0.44668883 0.75298023
1779396328.54973626 -1.79205579 1.77390860 -1.25653101 0.42674648 0.22706989 -0.44785738 0.75216386
1779396328.56000638 -1.79312775 1.77678278 -1.25333393 0.42669604 0.22777014 -0.44900114 0.75129836
1779396328.57033849 -1.79458533 1.77694129 -1.25304151 0.42648317 0.22809952 -0.44953179 0.75100192
1779396328.57056332 -1.79497781 1.77828935 -1.25108993 0.42653452 0.22844178 -0.44990437 0.75064553
1779396328.58067369 -1.79541564 1.78047935 -1.24909253 0.42665602 0.22886851 -0.45060570 0.75002556
1779396328.59097338 -1.79828891 1.78181227 -1.24545951 0.42622700 0.22983969 -0.45172216 0.74930057
1779396328.60125828 -1.79959451 1.78385520 -1.24287938 0.42634875 0.23049660 -0.45248419 0.74856938
1779396328.61153817 -1.80087690 1.78484428 -1.24140500 0.42623977 0.23096447 -0.45309959 0.74811485
1779396328.62188840 -1.80488414 1.78671815 -1.23524591 0.42615776 0.23237055 -0.45393743 0.74721771
1779396328.63214850 -1.80676745 1.78777081 -1.23348978 0.42581214 0.23297281 -0.45492666 0.74662536
1779396328.64242196 -1.80691833 1.78821488 -1.23446049 0.42589773 0.23297569 -0.45523248 0.74638920
1779396328.65279365 -1.80741344 1.79074803 -1.23236235 0.42580374 0.23348099 -0.45633734 0.74560984
1779396328.66309214 -1.81048761 1.79313183 -1.22680933 0.42571519 0.23469329 -0.45733140 0.74467015
1779396328.67335987 -1.81256442 1.79324260 -1.22551184 0.42558241 0.23520730 -0.45773433 0.74433623
1779396328.67354846 -1.81336301 1.79357885 -1.22447583 0.42545799 0.23547729 -0.45801647 0.74414841
1779396328.68370843 -1.81391809 1.79389416 -1.22508052 0.42539196 0.23559322 -0.45842419 0.74389836
1779396328.69395471 -1.81639889 1.79640871 -1.22007103 0.42524036 0.23665242 -0.45952630 0.74296827
1779396328.70425057 -1.81470673 1.80248562 -1.21585672 0.42591750 0.23711607 -0.46071086 0.74169789
1779396328.71452665 -1.81721694 1.80776504 -1.20529977 0.42623021 0.23888002 -0.46187121 0.74022910
1779396328.72484398 -1.81968774 1.80669872 -1.20579341 0.42548193 0.23924403 -0.46271464 0.74001526
1779396328.73515344 -1.82245621 1.80747809 -1.20311551 0.42504703 0.24001858 -0.46365160 0.73942768
1779396328.74551702 -1.82363108 1.80757911 -1.20398677 0.42476056 0.24015873 -0.46432135 0.73912646
1779396328.75578070 -1.82504987 1.81176154 -1.19671949 0.42486269 0.24135498 -0.46548071 0.73794795
1779396328.76612067 -1.82809058 1.80853298 -1.20008056 0.42414171 0.24136814 -0.46574848 0.73818939
1779396328.77641964 -1.82920432 1.81321483 -1.19320037 0.42396854 0.24249008 -0.46739008 0.73688246
1779396328.78675699 -1.83187803 1.81414242 -1.18948506 0.42398227 0.24334785 -0.46779148 0.73633688
1779396328.79707670 -1.83461948 1.81012431 -1.19418592 0.42292355 0.24314398 -0.46824037 0.73672765
1779396328.80740237 -1.83701017 1.81049975 -1.19216465 0.42214809 0.24376987 -0.46945610 0.73619170
1779396328.81778526 -1.83932092 1.81690713 -1.18032607 0.42253017 0.24563261 -0.47089004 0.73443546
1779396328.82816195 -1.84004557 1.81608888 -1.18219881 0.42230614 0.24553209 -0.47122236 0.73438478
1779396328.83848143 -1.84130618 1.81871062 -1.17814227 0.42213802 0.24627734 -0.47236908 0.73349466
1779396328.84881949 -1.83759834 1.82237894 -1.18024605 0.42291724 0.24562085 -0.47293863 0.73289867
1779396328.85915661 -1.84541364 1.81746247 -1.17761145 0.42124126 0.24693584 -0.47355466 0.73302420
1779396328.85935235 -1.84211352 1.82076258 -1.17806745 0.42188674 0.24649976 -0.47386650 0.73259811
1779396328.86947465 -1.84405967 1.81991155 -1.17797436 0.42130810 0.24678965 -0.47449763 0.73242498
1779396328.87992930 -1.84591244 1.81970718 -1.17765331 0.42048778 0.24709937 -0.47565236 0.73204287
1779396328.89025760 -1.84742939 1.82101992 -1.17538131 0.42036529 0.24762884 -0.47643319 0.73142628
1779396328.90062547 -1.84885739 1.82148772 -1.17411719 0.42000711 0.24799711 -0.47714503 0.73104314
1779396328.91090751 -1.85228684 1.82056677 -1.17254507 0.41913986 0.24865273 -0.47808766 0.73070226
1779396328.92128253 -1.85478691 1.82030602 -1.17122671 0.41862951 0.24918103 -0.47886617 0.73030497
1779396328.93178010 -1.85635740 1.81976249 -1.17185293 0.41828862 0.24934888 -0.47943079 0.73007252
1779396328.94208884 -1.85906402 1.81971757 -1.16925274 0.41790312 0.25003485 -0.48002027 0.72967122
1779396328.95239997 -1.86104061 1.81908388 -1.16951430 0.41732760 0.25029809 -0.48076530 0.72941982
1779396328.96271014 -1.86145759 1.82140194 -1.16732857 0.41725830 0.25070256 -0.48175787 0.72866528
1779396328.97301126 -1.86488959 1.81939200 -1.16673426 0.41665367 0.25123364 -0.48207512 0.72861852
1779396328.98332453 -1.86713662 1.81891424 -1.16627173 0.41628246 0.25163115 -0.48263807 0.72832079
1779396328.99362874 -1.86858824 1.81997024 -1.16431356 0.41614701 0.25213158 -0.48334944 0.72775315
1779396329.00393391 -1.87243826 1.81777885 -1.16372057 0.41570746 0.25273215 -0.48353607 0.72767206
1779396329.01423502 -1.87380534 1.81746751 -1.16344930 0.41543922 0.25300403 -0.48398171 0.72743448
1779396329.02452803 -1.87708102 1.81824330 -1.15899674 0.41517586 0.25403617 -0.48466765 0.72676812
1779396329.03488541 -1.88046970 1.81647096 -1.15825262 0.41474395 0.25460482 -0.48496537 0.72661711
1779396329.04517913 -1.88166314 1.81807131 -1.15498426 0.41493822 0.25523432 -0.48538153 0.72600722
1779396329.05553389 -1.88448430 1.81583065 -1.15577100 0.41447965 0.25554588 -0.48562260 0.72599835
1779396329.06587172 -1.88563842 1.81636144 -1.15470459 0.41440687 0.25588363 -0.48616672 0.72555664
1779396329.07618880 -1.88815188 1.81711325 -1.15072246 0.41416998 0.25677640 -0.48688156 0.72489686
1779396329.08651185 -1.89133435 1.81482024 -1.15035460 0.41375652 0.25725378 -0.48695424 0.72491490
1779396329.09677553 -1.89389648 1.81324844 -1.15004333 0.41353328 0.25765900 -0.48712924 0.72478078
1779396329.10707808 -1.89506119 1.81531394 -1.14529332 0.41360619 0.25848983 -0.48778403 0.72400253
1779396329.10722780 -1.89616785 1.81389285 -1.14611377 0.41341604 0.25853351 -0.48770958 0.72414568
1779396329.11732745 -1.90041144 1.80952087 -1.14711231 0.41291098 0.25895342 -0.48736795 0.72451372
1779396329.12765551 -1.90082114 1.81184650 -1.14359127 0.41312203 0.25954546 -0.48807216 0.72370706
1779396329.13798571 -1.90438901 1.80989531 -1.14146978 0.41302791 0.26031900 -0.48788291 0.72361055
1779396329.14835954 -1.90773780 1.80795556 -1.14033112 0.41281368 0.26097650 -0.48802139 0.72340256
1779396329.15866113 -1.90978931 1.80908691 -1.13558907 0.41295213 0.26192168 -0.48833158 0.72277233
1779396329.16901255 -1.91266690 1.80835705 -1.13279088 0.41294284 0.26273321 -0.48845495 0.72239964
1779396329.17930341 -1.89888297 1.82317968 -1.13198253 0.41721751 0.26141317 -0.48836552 0.72048027
1779396329.18963695 -1.89918412 1.82393960 -1.13091290 0.41786302 0.26166689 -0.48815929 0.72015376
1779396329.19994116 -1.90862763 1.81842696 -1.12498765 0.41586070 0.26362691 -0.48895037 0.72006130
1779396329.21020031 -1.92315044 1.80683414 -1.12058008 0.41280632 0.26593998 -0.48924373 0.72076865
1779396329.22052193 -1.91757081 1.81290517 -1.12081300 0.41475697 0.26540249 -0.48917831 0.71989079
1779396329.23081017 -1.92638881 1.80924365 -1.11243790 0.41278696 0.26755907 -0.49028336 0.71947293
1779396329.24107456 -1.92201761 1.81772684 -1.10648255 0.41444795 0.26797615 -0.49098616 0.71788179
1779396329.25137186 -1.92630554 1.81102305 -1.11218455 0.41291812 0.26780394 -0.49120102 0.71868020
1779396329.26173401 -1.92591111 1.82006420 -1.09770994 0.41406617 0.26977682 -0.49230633 0.71652226
1779396329.27204275 -1.92752955 1.82318131 -1.09075697 0.41391527 0.27098935 -0.49340786 0.71539332
1779396329.28231955 -1.93040138 1.82293707 -1.08808997 0.41314754 0.27178582 -0.49427520 0.71493609
1779396329.29258776 -1.93048279 1.82892523 -1.07854654 0.41352292 0.27313277 -0.49543464 0.71340157
1779396329.30286241 -1.93223447 1.83485996 -1.06634063 0.41342449 0.27507588 -0.49702911 0.71160067
1779396329.31313133 -1.93443604 1.83564750 -1.06312349 0.41265292 0.27588666 -0.49814120 0.71095673
1779396329.32342649 -1.93475896 1.84358584 -1.04975005 0.41300299 0.27783829 -0.49978186 0.70883885
1779396329.33367705 -1.93744889 1.84596041 -1.04177997 0.41261529 0.27929667 -0.50074470 0.70781123
1779396329.34397244 -1.93746993 1.85193734 -1.03245396 0.41258099 0.28069826 -0.50231128 0.70616485
1779396329.35423636 -1.94512221 1.85360241 -1.01658936 0.41084560 0.28378963 -0.50427439 0.70454005
1779396329.36454248 -1.94273239 1.85999376 -1.01036079 0.41102921 0.28448932 -0.50573966 0.70309901
1779396329.37481022 -1.94549025 1.86290345 -1.00153052 0.41045822 0.28613268 -0.50698818 0.70186546
1779396329.38507438 -1.94737972 1.86834656 -0.98898473 0.41057763 0.28822259 -0.50815214 0.70009653
1779396329.39531612 -1.94704774 1.86846004 -0.99147658 0.40962300 0.28798859 -0.50924070 0.69996105
1779396329.40556955 -1.94711823 1.87637818 -0.97726625 0.41012930 0.29011551 -0.51062327 0.69777563
1779396329.41583776 -1.94700716 1.88109625 -0.97031866 0.40962110 0.29123737 -0.51226384 0.69640298
1779396329.42614698 -1.94772057 1.88497859 -0.96285640 0.40955470 0.29253590 -0.51330252 0.69513180
1779396329.43643308 -1.94666188 1.89021527 -0.95592667 0.40966339 0.29351791 -0.51445585 0.69379991
1779396329.44671535 -1.94839498 1.89224327 -0.94979692 0.40920152 0.29474046 -0.51542146 0.69283685
1779396329.45700955 -1.94638489 1.89837820 -0.94309895 0.40949476 0.29565074 -0.51668906 0.69132995
1779396329.46737361 -1.94822900 1.89829726 -0.93984843 0.40919621 0.29646226 -0.51705528 0.69088525
1779396329.47773695 -1.94331896 1.90527594 -0.93729357 0.40927414 0.29650873 -0.51881597 0.68949782
1779396329.48809814 -1.94572043 1.90545871 -0.93222451 0.40881517 0.29767062 -0.51940117 0.68882856
1779396329.49841833 -1.94266784 1.90871566 -0.93321515 0.40841454 0.29742461 -0.52080177 0.68811459
1779396329.50871611 -1.94582913 1.90834902 -0.92683982 0.40790988 0.29879201 -0.52120602 0.68751520
1779396329.51904082 -1.94067605 1.91199493 -0.93078256 0.40829782 0.29799414 -0.52205392 0.68698769
1779396329.52936316 -1.94385049 1.91317441 -0.92096446 0.40740207 0.29987992 -0.52319748 0.68582795
1779396329.53972006 -1.94052837 1.91584096 -0.92282502 0.40743431 0.29950155 -0.52401979 0.68534616
1779396329.55007195 -1.93916697 1.91760280 -0.92147508 0.40802797 0.29980619 -0.52412177 0.68478157
1779396329.56040359 -1.93604910 1.92034270 -0.92258235 0.40812283 0.29962130 -0.52492884 0.68418750
1779396329.57073402 -1.93206911 1.92411657 -0.92263845 0.40831891 0.29948400 -0.52597949 0.68332319
1779396329.58100939 -1.92872591 1.92764550 -0.92170646 0.40888514 0.29948729 -0.52647811 0.68259879
1779396329.59131956 -1.92622114 1.93133466 -0.91829559 0.40959482 0.29998437 -0.52691332 0.68161853
1779396329.60162401 -1.92041978 1.93676571 -0.91832187 0.41036987 0.29967625 -0.52777204 0.68062279
1779396329.61193275 -1.91785262 1.93899006 -0.91831729 0.41068469 0.29965697 -0.52825025 0.68007018
1779396329.62225056 -1.91688488 1.94077475 -0.91514306 0.41073419 0.30031317 -0.52880783 0.67931709
1779396329.63250422 -1.91195280 1.94603104 -0.91281442 0.41152031 0.30042754 -0.52958131 0.67818726
1779396329.64278364 -1.90718595 1.94636687 -0.92117631 0.41189585 0.29915065 -0.52978735 0.67836278
1779396329.65302134 -1.90639567 1.94759114 -0.91901842 0.41176430 0.29960728 -0.53031098 0.67783177
1779396329.66328573 -1.89726804 1.95435412 -0.92280430 0.41285578 0.29849687 -0.53126608 0.67690921
1779396329.67363572 -1.90377657 1.95020255 -0.91590380 0.41213081 0.30049910 -0.53094747 0.67671505
1779396329.68394017 -1.89532905 1.95707917 -0.91768254 0.41334059 0.29964666 -0.53173326 0.67573751
1779396329.69433188 -1.88999811 1.95842279 -0.92492404 0.41382648 0.29849022 -0.53199839 0.67574325
1779396329.70467186 -1.88895796 1.95970043 -0.92245200 0.41391376 0.29909714 -0.53235908 0.67513711
1779396329.71501493 -1.88475608 1.96082857 -0.92792629 0.41368643 0.29820273 -0.53310606 0.67508266
1779396329.71520114 -1.88367396 1.96214325 -0.92688731 0.41381051 0.29832374 -0.53334010 0.67476822
1779396329.72531533 -1.87812953 1.96615551 -0.92883603 0.41465483 0.29778762 -0.53374814 0.67416380
1779396329.73566556 -1.88078731 1.96339108 -0.92833039 0.41389144 0.29854228 -0.53383819 0.67422784
1779396329.74600077 -1.87119193 1.97229574 -0.92679652 0.41551534 0.29815626 -0.53470178 0.67271379
1779396329.75635672 -1.86946731 1.97234589 -0.92917500 0.41545971 0.29796437 -0.53493140 0.67265062
1779396329.76671576 -1.86702846 1.97469815 -0.92736189 0.41605361 0.29838587 -0.53504613 0.67200514
1779396329.77701378 -1.86339076 1.97508557 -0.93282199 0.41596717 0.29770076 -0.53543829 0.67205015
1779396329.78732800 -1.85814497 1.97849691 -0.93442622 0.41695771 0.29736020 -0.53561506 0.67144597
1779396329.79771137 -1.85741185 1.97842865 -0.93475474 0.41694872 0.29756922 -0.53565532 0.67132682
1779396329.80802989 -1.85715906 1.97837352 -0.93324878 0.41673281 0.29818537 -0.53589927 0.67099272
1779396329.81834865 -1.85362194 1.97848118 -0.93834823 0.41651589 0.29753591 -0.53639561 0.67101911
1779396329.82871461 -1.84866598 1.98321362 -0.93673059 0.41780932 0.29753430 -0.53646962 0.67015599
1779396329.83908701 -1.84623566 1.98196144 -0.94195453 0.41714598 0.29699097 -0.53706124 0.67033635
1779396329.84939194 -1.84391922 1.98232516 -0.94306419 0.41688650 0.29698515 -0.53758971 0.67007669
1779396329.85974741 -1.84370316 1.98079417 -0.94434070 0.41632197 0.29718303 -0.53788528 0.67010274
1779396329.87003922 -1.84106072 1.97998246 -0.94993305 0.41599993 0.29642692 -0.53822074 0.67036824
1779396329.88036203 -1.83588125 1.98191380 -0.95314292 0.41598572 0.29581308 -0.53902814 0.66999938
1779396329.89070368 -1.83372053 1.98045914 -0.95762081 0.41588232 0.29535181 -0.53913278 0.67018284
1779396329.90101099 -1.83166770 1.97997984 -0.96049257 0.41539898 0.29503045 -0.53966434 0.67019633
1779396329.90118933 -1.83099654 1.98049275 -0.95989530 0.41545371 0.29513182 -0.53977822 0.67002604
1779396329.91126537 -1.82855576 1.98090902 -0.96167816 0.41526294 0.29491579 -0.54025490 0.66985522
1779396329.92157292 -1.82747520 1.97912874 -0.96488997 0.41489737 0.29475274 -0.54040215 0.67003471
1779396329.93182445 -1.82440399 1.98019839 -0.96553439 0.41469646 0.29471355 -0.54109951 0.66961339
1779396329.94207025 -1.81872610 1.98353810 -0.96753858 0.41500365 0.29413050 -0.54186272 0.66906204
1779396329.95236802 -1.81669304 1.98389526 -0.96790396 0.41504768 0.29422950 -0.54218087 0.66873338
1779396329.96270537 -1.81335614 1.98626016 -0.96598198 0.41495260 0.29452014 -0.54304293 0.66796452
1779396329.97300005 -1.81106917 1.98670396 -0.96710794 0.41496200 0.29440191 -0.54335445 0.66775744
1779396329.98333621 -1.80817623 1.98801639 -0.96734903 0.41533295 0.29446820 -0.54349043 0.66738682
1779396329.99365354 -1.80113103 1.99309747 -0.96654343 0.41564282 0.29418171 -0.54479308 0.66625721
1779396330.00390387 -1.79506185 1.99495176 -0.97242493 0.41551058 0.29301459 -0.54572066 0.66609486
1779396330.00405836 -1.79429944 1.99482216 -0.97354797 0.41568923 0.29288094 -0.54557157 0.66616430
1779396330.01424217 -1.79131450 1.99727919 -0.97139575 0.41608921 0.29314664 -0.54593219 0.66550196
1779396330.02454996 -1.78875907 1.99851133 -0.97005021 0.41620432 0.29339986 -0.54640163 0.66493289
1779396330.03484488 -1.78551959 1.99918357 -0.97222789 0.41619033 0.29304833 -0.54680295 0.66476674
1779396330.04511738 -1.78300765 1.99700645 -0.97802047 0.41557965 0.29235434 -0.54724842 0.66508771
1779396330.05544066 -1.77934511 2.00139841 -0.97195240 0.41584142 0.29314638 -0.54818688 0.66380137
1779396330.06574702 -1.77578576 2.00160983 -0.97447469 0.41578971 0.29278322 -0.54864038 0.66361935
1779396330.07602739 -1.77928740 1.99776363 -0.97335308 0.41500915 0.29357148 -0.54844718 0.66391933
1779396330.07623768 -1.77822119 1.99888317 -0.97186242 0.41501191 0.29375587 -0.54876346 0.66357461
1779396330.08638096 -1.77328289 2.00040936 -0.97497007 0.41478620 0.29305790 -0.54972723 0.66322654
1779396330.09667182 -1.76779785 2.00113917 -0.98008882 0.41454677 0.29212231 -0.55060965 0.66305697
1779396330.10693169 -1.76469868 2.00328827 -0.97722719 0.41471681 0.29252759 -0.55117392 0.66230272
1779396330.11729121 -1.76384070 2.00244338 -0.97744301 0.41432867 0.29265548 -0.55154944 0.66217651
1779396330.12759900 -1.75864814 2.00527014 -0.97706811 0.41455412 0.29249572 -0.55237449 0.66141784
1779396330.13786674 -1.75769073 2.00360869 -0.97846966 0.41383235 0.29251630 -0.55296050 0.66137107
1779396330.14820242 -1.75540126 2.00494672 -0.97542517 0.41378952 0.29302836 -0.55354728 0.66067997
1779396330.15873218 -1.75469452 2.00390543 -0.97615986 0.41347158 0.29309901 -0.55379598 0.66063926
1779396330.16908097 -1.74997948 2.00739672 -0.97344462 0.41385896 0.29330122 -0.55456930 0.65965752
1779396330.17934322 -1.74823396 2.00748796 -0.97265602 0.41363582 0.29355492 -0.55506326 0.65926906
1779396330.18967772 -1.74642727 2.00891010 -0.96971497 0.41381077 0.29401000 -0.55539205 0.65867931
1779396330.19994354 -1.73902693 2.01239032 -0.97211883 0.41445506 0.29324435 -0.55612360 0.65799794
1779396330.21028256 -1.73822117 2.01306847 -0.96816274 0.41455376 0.29403776 -0.55637831 0.65736607
1779396330.22064137 -1.73368464 2.01450456 -0.96984214 0.41449567 0.29366487 -0.55716300 0.65690462
1779396330.23102570 -1.73444527 2.01491829 -0.96458294 0.41445257 0.29471647 -0.55726542 0.65637377
1779396330.24137592 -1.72834379 2.01915348 -0.96291669 0.41536952 0.29466347 -0.55775327 0.65540285
1779396330.25168800 -1.72629228 2.02079868 -0.95978128 0.41547683 0.29522203 -0.55822225 0.65468380
1779396330.26194429 -1.72490090 2.02146409 -0.95841045 0.41571757 0.29552291 -0.55827157 0.65435309
1779396330.26226640 -1.72462217 2.02146690 -0.95807007 0.41572300 0.29562691 -0.55830937 0.65427041
1779396330.27235341 -1.72101146 2.02351934 -0.95770320 0.41604545 0.29554546 -0.55872612 0.65374627
1779396330.28265262 -1.71808880 2.02504269 -0.95660221 0.41690822 0.29576370 -0.55845664 0.65332806
1779396330.29294062 -1.71631521 2.02668878 -0.95311438 0.41690387 0.29639181 -0.55898704 0.65259217
1779396330.30324912 -1.71643479 2.02618009 -0.95176207 0.41676533 0.29683188 -0.55906116 0.65241713
1779396330.31359458 -1.71482893 2.02585765 -0.95246817 0.41673303 0.29690554 -0.55921458 0.65227275
1779396330.32390141 -1.71293002 2.02737892 -0.94976617 0.41704209 0.29740747 -0.55940771 0.65168068
1779396330.33420491 -1.71126937 2.02776132 -0.95023636 0.41705562 0.29739560 -0.55964145 0.65147672
1779396330.34454250 -1.71029869 2.02802419 -0.94906383 0.41710119 0.29777161 -0.55979130 0.65114697
1779396330.35490942 -1.70756443 2.02955557 -0.94840408 0.41738920 0.29788277 -0.56007065 0.65067117
1779396330.36524892 -1.70479306 2.03201430 -0.94563806 0.41791339 0.29827394 -0.56030948 0.64994949
1779396330.37554383 -1.70360022 2.03264353 -0.94496404 0.41795749 0.29845709 -0.56051799 0.64965720
1779396330.38587928 -1.70185901 2.03352526 -0.94451305 0.41830858 0.29863017 -0.56053366 0.64933810
1779396330.39617419 -1.69571048 2.03707519 -0.94667869 0.41881795 0.29795570 -0.56123866 0.64871033
1779396330.40647268 -1.69641758 2.03697223 -0.94450913 0.41877425 0.29853740 -0.56125855 0.64845384
1779396330.41678834 -1.69365432 2.03915903 -0.94343261 0.41922535 0.29867911 -0.56149746 0.64789003
1779396330.42708588 -1.69061117 2.04005784 -0.94616116 0.41918592 0.29824069 -0.56199330 0.64768756
1779396330.43741035 -1.68720275 2.04452129 -0.94109044 0.41992004 0.29885031 -0.56246982 0.64651632
1779396330.44770360 -1.68413603 2.04660288 -0.94129250 0.42028454 0.29870236 -0.56280511 0.64605589
1779396330.45804811 -1.68286016 2.04785859 -0.93995004 0.42031887 0.29900289 -0.56317403 0.64557287
1779396330.46843004 -1.67928247 2.05147830 -0.93712093 0.42078315 0.29927528 -0.56376593 0.64462688
1779396330.47872043 -1.67744649 2.05322049 -0.93600547 0.42094935 0.29942104 -0.56413812 0.64412488
1779396330.48900080 -1.67827983 2.05336355 -0.93312514 0.42072534 0.30015579 -0.56441510 0.64368648
1779396330.49929953 -1.67846770 2.05352883 -0.93149589 0.42038956 0.30062229 -0.56485389 0.64330315
1779396330.50952506 -1.67476700 2.05567986 -0.93234575 0.42075130 0.30034913 -0.56529209 0.64280915
1779396330.51978540 -1.67169006 2.05740991 -0.93332843 0.42110671 0.30005141 -0.56557497 0.64246654
1779396330.53011370 -1.67258227 2.05747841 -0.93006271 0.42073698 0.30082692 -0.56601230 0.64196077
1779396330.54042244 -1.67211065 2.05825448 -0.92782461 0.42065989 0.30131073 -0.56639508 0.64144658
1779396330.55077553 -1.67097898 2.05830711 -0.92896967 0.42071549 0.30120491 -0.56653720 0.64133430
1779396330.56111979 -1.66909496 2.05887678 -0.93011456 0.42042650 0.30105651 -0.56719060 0.64101588
1779396330.57142782 -1.66875462 2.05979283 -0.92715628 0.42070514 0.30163338 -0.56727033 0.64049111
1779396330.58182979 -1.66758112 2.06049897 -0.92646012 0.42079585 0.30180728 -0.56755001 0.64010172
1779396330.59219384 -1.66595054 2.05997249 -0.93013854 0.42052903 0.30129109 -0.56794803 0.64016721
1779396330.60254359 -1.66460978 2.06190455 -0.92673613 0.42069183 0.30182050 -0.56841656 0.63939455
1779396330.61283898 -1.66492276 2.06083949 -0.92773535 0.42022017 0.30193231 -0.56881479 0.63929776
1779396330.62313199 -1.66548125 2.05965527 -0.92880411 0.42002314 0.30198391 -0.56885560 0.63936655
1779396330.63342619 -1.66266879 2.06004317 -0.93256469 0.41982597 0.30137461 -0.56949310 0.63921601
1779396330.64372683 -1.66154889 2.06247972 -0.92774386 0.41986995 0.30214411 -0.57018928 0.63820244
1779396330.65404987 -1.66193709 2.06040814 -0.93125520 0.41949717 0.30190715 -0.57029264 0.63846731
1779396330.66441011 -1.65978684 2.06395262 -0.92609780 0.41989164 0.30255872 -0.57087761 0.63737586
1779396330.67486429 -1.66107523 2.06302966 -0.92523384 0.41948911 0.30302536 -0.57115778 0.63716820
1779396330.68515635 -1.66087911 2.06280975 -0.92578904 0.41902595 0.30316222 -0.57174267 0.63688322
1779396330.69544816 -1.65935364 2.06496662 -0.92290489 0.41917403 0.30358247 -0.57225145 0.63612820
1779396330.69566774 -1.65804440 2.06408637 -0.92760232 0.41900743 0.30284478 -0.57239433 0.63646095
1779396330.70572829 -1.65645410 2.06900554 -0.91804991 0.41969196 0.30418440 -0.57290397 0.63491066
1779396330.71602416 -1.65856760 2.06414656 -0.92576136 0.41894614 0.30356695 -0.57274084 0.63584524
1779396330.72629523 -1.65623286 2.06766947 -0.92101912 0.41963206 0.30417002 -0.57304349 0.63483123
1779396330.72648239 -1.65649649 2.06515798 -0.92683545 0.41928032 0.30344025 -0.57293866 0.63550714
1779396330.73660302 -1.65729248 2.06828085 -0.91703611 0.41959659 0.30507744 -0.57327686 0.63420824
1779396330.74685979 -1.65850644 2.06384331 -0.92552306 0.41908698 0.30427833 -0.57304272 0.63514002
1779396330.75712252 -1.65630248 2.06739839 -0.92065339 0.41967629 0.30498738 -0.57348490 0.63401070
1779396330.76738548 -1.65857173 2.06758144 -0.91544901 0.41965006 0.30614721 -0.57350215 0.63345323
1779396330.77781773 -1.66022214 2.06330588 -0.92279441 0.41958175 0.30555983 -0.57283681 0.63438343
1779396330.78817606 -1.66022448 2.06632436 -0.91478289 0.41991275 0.30694111 -0.57324900 0.63312402
1779396330.79852986 -1.65987006 2.06592546 -0.91585865 0.42014985 0.30703974 -0.57319783 0.63296520
1779396330.80880308 -1.66136464 2.06240873 -0.92178560 0.41961365 0.30656744 -0.57310805 0.63363077
1779396330.81918144 -1.66130163 2.06677664 -0.91079855 0.42018479 0.30835251 -0.57356401 0.63197135
1779396330.82952929 -1.66587019 2.06048429 -0.91744463 0.41956724 0.30815716 -0.57285573 0.63311832
1779396330.83979964 -1.66513771 2.06467393 -0.90824983 0.41998251 0.30956799 -0.57344244 0.63162182
1779396330.85015917 -1.66182905 2.06793037 -0.90674279 0.42046036 0.30964243 -0.57402326 0.63073921
1779396330.86048269 -1.66582954 2.06288517 -0.91162743 0.41984654 0.30967481 -0.57366994 0.63145324
1779396330.87076044 -1.66368591 2.06896239 -0.90116763 0.42061825 0.31116761 -0.57444556 0.62949766
1779396330.88106012 -1.66581398 2.06476149 -0.90776435 0.41996287 0.31063644 -0.57430835 0.63032223
1779396330.89138722 -1.66480339 2.07029422 -0.89610465 0.42059745 0.31241470 -0.57504466 0.62834583
1779396330.90171003 -1.66188558 2.07226867 -0.89770696 0.42079110 0.31211600 -0.57570859 0.62775638
1779396330.91200495 -1.66584631 2.06833086 -0.90075381 0.42010287 0.31226970 -0.57549103 0.62834010
1779396330.91219521 -1.66492298 2.07063886 -0.89681598 0.42047736 0.31278835 -0.57567777 0.62766021
1779396330.92236090 -1.66332855 2.07399366 -0.89198633 0.42079438 0.31346745 -0.57630132 0.62653574
1779396330.93270421 -1.66115180 2.07671483 -0.89074547 0.42097761 0.31363689 -0.57702681 0.62565950
1779396330.94303298 -1.65696077 2.07954497 -0.89338567 0.42148491 0.31308406 -0.57762801 0.62503978
1779396330.95331836 -1.65851864 2.07890533 -0.89268219 0.42152708 0.31350226 -0.57750567 0.62491476
1779396330.96366787 -1.65855121 2.07820391 -0.89614907 0.42105274 0.31324099 -0.57804083 0.62487077
1779396330.97398782 -1.65936694 2.07897247 -0.89418294 0.42089744 0.31382741 -0.57844085 0.62431072
1779396330.98431110 -1.66004597 2.07455872 -0.90543994 0.42012645 0.31247405 -0.57849658 0.62545618
1779396330.98448992 -1.66071128 2.07413175 -0.90554970 0.42004166 0.31258267 -0.57849793 0.62545761
1779396330.99466968 -1.66078760 2.07743694 -0.89785271 0.42033725 0.31383343 -0.57895933 0.62420451
1779396331.00498271 -1.66297249 2.07535424 -0.90025893 0.41961500 0.31392441 -0.57930254 0.62432626
1779396331.01531577 -1.66231944 2.07149744 -0.91345545 0.41898657 0.31220523 -0.57949213 0.62543346
1779396331.02564907 -1.66311274 2.07304693 -0.90905019 0.41865446 0.31303888 -0.58017056 0.62460966
1779396331.03595734 -1.66251223 2.07279989 -0.91262777 0.41821166 0.31266877 -0.58082140 0.62448679
1779396331.04630756 -1.66465144 2.06766341 -0.92334959 0.41713887 0.31155286 -0.58098702 0.62560695
1779396331.05664849 -1.66351832 2.06726184 -0.92824497 0.41634767 0.31092623 -0.58200077 0.62550347
1779396331.06692743 -1.66291151 2.06784657 -0.92948634 0.41595414 0.31081460 -0.58270253 0.62516734
1779396331.07723427 -1.66444293 2.06776893 -0.92836859 0.41518609 0.31128856 -0.58353903 0.62466163
1779396331.08754086 -1.66644223 2.06587943 -0.93098376 0.41454237 0.31132021 -0.58389205 0.62474349
1779396331.09780264 -1.66894596 2.06386564 -0.93274559 0.41356901 0.31143639 -0.58444661 0.62481213
1779396331.10813141 -1.66690240 2.06113167 -0.94563875 0.41307070 0.30959807 -0.58489049 0.62563947
1779396331.11842012 -1.66756515 2.06489255 -0.93735587 0.41285921 0.31100498 -0.58594250 0.62409500
1779396331.12871957 -1.66906992 2.05942901 -0.94933920 0.41169261 0.30960686 -0.58619395 0.62532348
1779396331.13901854 -1.66756735 2.06143591 -0.94983821 0.41170031 0.30956491 -0.58694544 0.62463387
1779396331.14930964 -1.66721596 2.06419814 -0.94590936 0.41179515 0.31028923 -0.58762352 0.62357353
1779396331.15960169 -1.66759493 2.06419014 -0.94626314 0.41126417 0.31035337 -0.58823700 0.62331357
1779396331.16985941 -1.66731189 2.06455979 -0.94850323 0.41137276 0.31026539 -0.58860090 0.62294207
1779396331.18019605 -1.67092583 2.05941576 -0.95644605 0.41001731 0.30967030 -0.58899786 0.62375607
1779396331.19045854 -1.66958006 2.06369169 -0.95083919 0.41048198 0.31053247 -0.58968400 0.62237199
1779396331.20086145 -1.67092576 2.06222656 -0.95327110 0.41010688 0.31046488 -0.58991454 0.62243453
1779396331.20115089 -1.67132594 2.05907494 -0.96085744 0.40973709 0.30948456 -0.58977386 0.62329898
1779396331.21121883 -1.67291358 2.05751626 -0.96364441 0.40934958 0.30937073 -0.58997768 0.62341720
1779396331.22152162 -1.66920448 2.06078993 -0.96526529 0.40926852 0.30896337 -0.59125302 0.62246347
1779396331.23188233 -1.66922205 2.06082728 -0.96762845 0.40888078 0.30880301 -0.59194522 0.62213990
1779396331.24223351 -1.67070595 2.06011888 -0.96835716 0.40871021 0.30899091 -0.59210290 0.62200863
1779396331.25250244 -1.67023361 2.06067341 -0.97042377 0.40849257 0.30882436 -0.59277804 0.62159113
1779396331.26277184 -1.66863164 2.06559845 -0.96423602 0.40858864 0.30971916 -0.59399152 0.61992212
1779396331.27313781 -1.67096155 2.06083060 -0.97317224 0.40781190 0.30881133 -0.59400235 0.62087537
1779396331.27332664 -1.67205596 2.05932979 -0.97516730 0.40753228 0.30867920 -0.59400725 0.62111995
1779396331.28343511 -1.67153093 2.06424324 -0.96684426 0.40776459 0.30993401 -0.59488788 0.61949767
1779396331.29374313 -1.66984899 2.06631345 -0.96778858 0.40795060 0.30981235 -0.59554295 0.61880628
1779396331.30409241 -1.67149139 2.06566841 -0.96903580 0.40745700 0.30997772 -0.59611556 0.61849725
1779396331.31443429 -1.66991624 2.06836150 -0.96780507 0.40750184 0.31011898 -0.59692383 0.61761672
1779396331.32474375 -1.67130047 2.06542057 -0.97524295 0.40680946 0.30937207 -0.59732897 0.61805589
1779396331.33509278 -1.67230642 2.06587039 -0.97521756 0.40683131 0.30965677 -0.59765862 0.61758007
1779396331.34540296 -1.66968465 2.07081438 -0.97043299 0.40738737 0.31022778 -0.59845983 0.61614941
1779396331.35574579 -1.67135321 2.07119119 -0.96961223 0.40706699 0.31065251 -0.59903403 0.61558891
1779396331.36605573 -1.67161755 2.06843253 -0.97875253 0.40683112 0.30956282 -0.59918676 0.61614489
1779396331.37655234 -1.66956761 2.07373263 -0.97299883 0.40744832 0.31037322 -0.60000876 0.61452732
1779396331.38682532 -1.66860216 2.07516973 -0.97387903 0.40764065 0.31028259 -0.60042398 0.61403978
1779396331.39711475 -1.66890897 2.07652949 -0.97361611 0.40764796 0.31051359 -0.60098590 0.61336808
1779396331.40745163 -1.66914932 2.07861662 -0.97148288 0.40792827 0.31102006 -0.60139742 0.61252117
1779396331.41777086 -1.66751720 2.07770131 -0.97921778 0.40768349 0.30987406 -0.60193450 0.61273738
1779396331.41797709 -1.66703700 2.07877989 -0.97853816 0.40782255 0.30996070 -0.60211338 0.61242519
1779396331.42811823 -1.66754507 2.08259796 -0.97100068 0.40838000 0.31120260 -0.60241833 0.61112263
1779396331.43840671 -1.66746117 2.08006656 -0.98038342 0.40802228 0.31003391 -0.60276772 0.61161088
1779396331.44867039 -1.66922239 2.08145502 -0.97722840 0.40786067 0.31079867 -0.60333995 0.61076572
1779396331.45898247 -1.66794295 2.08484235 -0.97322097 0.40830717 0.31131598 -0.60376028 0.60978778
1779396331.48974586 -1.66609531 2.08943708 -0.97670012 0.40863222 0.31107339 -0.60546982 0.60799618
1779396331.50003386 -1.66552845 2.09400721 -0.97045894 0.40915469 0.31205426 -0.60608685 0.60652560
1779396331.51036239 -1.66575247 2.09288934 -0.97617984 0.40885869 0.31138922 -0.60656007 0.60659394
1779396331.52073693 -1.66377885 2.09916659 -0.96834274 -0.40933514 -0.31243080 0.60761740 -0.60467581
1779396331.53117228 -1.66342013 2.09787824 -0.97511467 -0.40893464 -0.31149665 0.60811594 -0.60492751
1779396331.54163456 -1.66592929 2.09833393 -0.97282758 -0.40854574 -0.31215814 0.60868136 -0.60428030
1779396331.55197406 -1.66357391 2.10123312 -0.97384365 -0.40849805 -0.31186787 0.60978289 -0.60335115
1779396331.56244731 -1.66369563 2.10244619 -0.97432403 -0.40822460 -0.31188653 0.61058517 -0.60271488
1779396331.57288122 -1.66569541 2.10430827 -0.96883266 -0.40768918 -0.31287850 0.61143311 -0.60170269
1779396331.58345485 -1.66441148 2.10676170 -0.96880012 -0.40747230 -0.31281635 0.61251523 -0.60078062
1779396331.59405613 -1.66414525 2.10836564 -0.96885942 -0.40688543 -0.31280627 0.61371884 -0.59995473
1779396331.60451388 -1.66539914 2.10908794 -0.96814354 -0.40615825 -0.31306285 0.61474414 -0.59926352
1779396331.61516571 -1.66668530 2.11158649 -0.96324013 -0.40560243 -0.31387402 0.61587747 -0.59805076
1779396331.62570405 -1.66531621 2.11475282 -0.96030213 -0.40530318 -0.31417007 0.61705006 -0.59688837
1779396331.63632417 -1.66750383 2.11447505 -0.95998023 -0.40451955 -0.31442949 0.61790539 -0.59639832
1779396331.64695549 -1.67034324 2.11171747 -0.96451348 -0.40336842 -0.31403618 0.61869803 -0.59656344
1779396331.65750313 -1.66883524 2.11718566 -0.95719536 -0.40300947 -0.31491722 0.62034369 -0.59462948
1779396331.66812849 -1.66994570 2.11824720 -0.95541553 -0.40228320 -0.31522679 0.62144620 -0.59380546
1779396331.67853045 -1.67098420 2.11368825 -0.96692106 -0.40141425 -0.31369923 0.62181682 -0.59481361
1779396331.68888760 -1.67089722 2.11930941 -0.95622199 -0.40113226 -0.31518678 0.62323787 -0.59272655
1779396331.69923425 -1.67161179 2.11566858 -0.96686100 -0.39986195 -0.31371466 0.62423501 -0.59331626
1779396331.70956731 -1.67245037 2.11635377 -0.96608199 -0.39950320 -0.31388156 0.62484974 -0.59282237
1779396331.70975637 -1.67249297 2.11647030 -0.96645378 -0.39917378 -0.31380911 0.62526358 -0.59264626
1779396331.71985674 -1.67560272 2.11542397 -0.96513384 -0.39846120 -0.31427390 0.62575351 -0.59236233
1779396331.73021007 -1.67514399 2.11691402 -0.96522544 -0.39830353 -0.31424651 0.62652165 -0.59167056
1779396331.74056697 -1.67840105 2.11777009 -0.96024353 -0.39771885 -0.31523008 0.62719493 -0.59082673
1779396331.75092101 -1.67803652 2.11590376 -0.96741459 -0.39733010 -0.31418687 0.62761894 -0.59119360
1779396331.76127720 -1.67896727 2.11605728 -0.96779487 -0.39685357 -0.31423859 0.62835482 -0.59070430
1779396331.77159309 -1.67887678 2.11771995 -0.96674541 -0.39664836 -0.31438376 0.62913863 -0.58993009
1779396331.78191018 -1.68270747 2.11630255 -0.96605390 -0.39612606 -0.31485524 0.62938066 -0.58977141
1779396331.79220724 -1.68147005 2.11677170 -0.96883852 -0.39609992 -0.31436714 0.62986671 -0.58953039
1779396331.80248761 -1.68590049 2.11465147 -0.96786533 -0.39521242 -0.31492947 0.63028262 -0.58938136
1779396331.81273413 -1.69181643 2.11081930 -0.96842965 -0.39430085 -0.31541177 0.63031961 -0.58969436
1779396331.82301998 -1.68793848 2.11565487 -0.96632657 -0.39475425 -0.31537708 0.63122383 -0.58844104
1779396331.83332157 -1.69407713 2.11094792 -0.96786939 -0.39372276 -0.31573123 0.63124201 -0.58892250
1779396331.84368730 -1.69107849 2.11606451 -0.96327109 -0.39382149 -0.31613134 0.63250144 -0.58728829
1779396331.85397482 -1.69602369 2.11344930 -0.96250210 -0.39324973 -0.31670559 0.63249358 -0.58737049
1779396331.86432242 -1.69968805 2.10889995 -0.96835430 -0.39213225 -0.31618383 0.63280168 -0.58806643
1779396331.87464046 -1.69759849 2.11249711 -0.96513247 -0.39195507 -0.31644235 0.63402712 -0.58672402
1779396331.88494945 -1.70070647 2.11276859 -0.96071835 -0.39134253 -0.31735747 0.63462249 -0.58599450
1779396331.89529252 -1.70414616 2.10754545 -0.96892417 -0.39024569 -0.31648562 0.63485606 -0.58694372
1779396331.90565562 -1.70707854 2.10562040 -0.96986818 -0.38918007 -0.31660444 0.63561466 -0.58676614
1779396331.91599011 -1.70643115 2.11120284 -0.95969413 -0.38933066 -0.31803200 0.63658073 -0.58484379
1779396331.92644215 -1.70873423 2.10935426 -0.96276326 -0.38858349 -0.31783692 0.63710814 -0.58487245
1779396331.93709040 -1.71472240 2.10699853 -0.95925538 -0.38807686 -0.31890962 0.63685084 -0.58490513
1779396331.93740273 -1.71426718 2.11070816 -0.95161066 -0.38835597 -0.31998080 0.63717775 -0.58377774
1779396331.94774723 -1.71126241 2.11499931 -0.94888743 -0.38845195 -0.32015942 0.63819182 -0.58250685
1779396331.95837235 -1.71513284 2.11154096 -0.95326711 -0.38773340 -0.31995936 0.63830341 -0.58297305
1779396331.96886134 -1.71442255 2.11853374 -0.94059040 -0.38809429 -0.32185098 0.63916981 -0.58073809
1779396331.97927713 -1.71778920 2.11727009 -0.94105154 -0.38735206 -0.32217519 0.63957852 -0.58060387
1779396331.98966217 -1.71901818 2.11897253 -0.93739809 -0.38784732 -0.32296607 0.63938787 -0.58004355
1779396331.99996424 -1.72055878 2.12098728 -0.93328249 -0.38792654 -0.32387777 0.63962800 -0.57921689
1779396332.01025772 -1.72390062 2.12233497 -0.92754679 -0.38776355 -0.32517332 0.63977221 -0.57844037
1779396332.02056026 -1.72436748 2.12440154 -0.92473292 -0.38811771 -0.32578941 0.63979381 -0.57783197
1779396332.02072501 -1.72392998 2.12525744 -0.92453555 -0.38813482 -0.32581402 0.63998722 -0.57759237
1779396332.03092408 -1.72609735 2.12733043 -0.91799493 -0.38835108 -0.32710895 0.63991429 -0.57679535
1779396332.04133010 -1.72741673 2.12910002 -0.91488085 -0.38850891 -0.32788694 0.64003100 -0.57611744
1779396332.05174708 -1.72903233 2.13336716 -0.90450114 -0.38901678 -0.32973506 0.64007163 -0.57467298
1779396332.06221867 -1.73107400 2.13049766 -0.91098605 -0.38888868 -0.32916565 0.63976091 -0.57543162
1779396332.06240559 -1.73123769 2.13141800 -0.90936058 -0.38895723 -0.32945820 0.63983245 -0.57513826
1779396332.07256365 -1.73244943 2.13173306 -0.90892145 -0.38906196 -0.32978445 0.63978348 -0.57493487
1779396332.08294511 -1.73550617 2.13128291 -0.90697745 -0.38882327 -0.33050457 0.63978803 -0.57467771
1779396332.09326267 -1.73955258 2.13001350 -0.90504354 -0.38845369 -0.33129431 0.63972030 -0.57454830
1779396332.10355353 -1.74161644 2.12943975 -0.90450981 -0.38816502 -0.33166443 0.63982195 -0.57441666
1779396332.11382246 -1.74088062 2.13371494 -0.89735058 -0.38827174 -0.33274327 0.64050042 -0.57296263
1779396332.12416744 -1.74740943 2.12694218 -0.90472220 -0.38729067 -0.33238598 0.64007993 -0.57430235
1779396332.13455248 -1.74836616 2.12663949 -0.90594562 -0.38719249 -0.33242806 0.64024597 -0.57415910
1779396332.14479613 -1.75000716 2.12845151 -0.89915453 -0.38714887 -0.33362333 0.64047592 -0.57323801
1779396332.15506268 -1.75180496 2.12546178 -0.90599001 -0.38640497 -0.33289522 0.64084590 -0.57374952
1779396332.16541433 -1.75405681 2.12494202 -0.90527904 -0.38631018 -0.33331705 0.64084131 -0.57357354
1779396332.17568707 -1.76431383 2.11819867 -0.90281111 -0.38501617 -0.33464289 0.64022744 -0.57435661
1779396332.18596077 -1.76371824 2.12094569 -0.89891941 -0.38508149 -0.33524876 0.64080696 -0.57331227
1779396332.19623566 -1.76099176 2.12212355 -0.90367696 -0.38533339 -0.33446580 0.64127902 -0.57307244
1779396332.20654178 -1.76677085 2.11938414 -0.90045267 -0.38495203 -0.33554296 0.64082443 -0.57320756
1779396332.20665312 -1.76629910 2.12127493 -0.89693490 -0.38500289 -0.33602124 0.64110538 -0.57257872
1779396332.21672750 -1.76666605 2.12167457 -0.89697241 -0.38507326 -0.33616215 0.64122976 -0.57230934
1779396332.22708964 -1.76800815 2.12182658 -0.89596745 -0.38520767 -0.33658408 0.64120897 -0.57199411
1779396332.23737860 -1.76742692 2.12340688 -0.89541841 -0.38561878 -0.33678797 0.64131958 -0.57147284
1779396332.24782109 -1.76524792 2.12567173 -0.89575311 -0.38589184 -0.33666031 0.64176067 -0.57086826
1779396332.25824261 -1.76664703 2.12513438 -0.89653375 -0.38632565 -0.33689961 0.64138173 -0.57085955
1779396332.26856756 -1.76630881 2.12590302 -0.89752609 -0.38675755 -0.33694550 0.64133683 -0.57059039
1779396332.27903986 -1.76658306 2.12753839 -0.89527727 -0.38738556 -0.33752994 0.64113167 -0.57004926
1779396332.28932810 -1.76527256 2.12945680 -0.89458584 -0.38794716 -0.33768115 0.64115791 -0.56954804
1779396332.29968619 -1.76469318 2.13092078 -0.89408635 -0.38841998 -0.33791578 0.64117716 -0.56906475
1779396332.31000948 -1.76418068 2.13146126 -0.89590101 -0.38897831 -0.33786509 0.64099096 -0.56892323
1779396332.32036567 -1.75777244 2.13901309 -0.89087952 -0.39069297 -0.33822713 0.64117292 -0.56732592
1779396332.33070707 -1.76108226 2.13418039 -0.89866600 -0.39061287 -0.33765647 0.64052477 -0.56845203
1779396332.34102297 -1.76247317 2.13390275 -0.89826101 -0.39114489 -0.33811863 0.64002765 -0.56837143
1779396332.35129166 -1.75333545 2.14126615 -0.89908736 -0.39329874 -0.33748537 0.64014078 -0.56713271
1779396332.36163282 -1.76786688 2.12791697 -0.90535764 -0.39096669 -0.33800444 0.63923201 -0.56945630
1779396332.37186742 -1.76044978 2.13133099 -0.91340809 -0.39270879 -0.33653596 0.63906575 -0.56931391
1779396332.38219428 -1.75909161 2.13456490 -0.90858430 -0.39364606 -0.33734820 0.63889759 -0.56837386
1779396332.39255095 -1.77097076 2.12143111 -0.91891768 -0.39170842 -0.33710006 0.63794994 -0.57091850
1779396332.39271450 -1.77058275 2.12121817 -0.92043568 -0.39180360 -0.33691969 0.63792387 -0.57098879
1779396332.40282917 -1.77196501 2.11951797 -0.92291577 -0.39188967 -0.33686616 0.63762024 -0.57130037
1779396332.41312051 -1.76704496 2.12312357 -0.92475522 -0.39281028 -0.33642722 0.63792027 -0.57059139
1779396332.42345119 -1.76637550 2.12118936 -0.93161898 -0.39287575 -0.33564740 0.63788834 -0.57104110
1779396332.43376684 -1.76647562 2.11980341 -0.93573140 -0.39307875 -0.33526240 0.63765672 -0.57138614
1779396332.44402671 -1.76723024 2.11782672 -0.93993334 -0.39337392 -0.33500956 0.63723129 -0.57180577
1779396332.45438409 -1.76909540 2.11410832 -0.94583964 -0.39327977 -0.33459728 0.63684291 -0.57254414
1779396332.46469069 -1.76984888 2.11239613 -0.94919896 -0.39336817 -0.33438509 0.63659246 -0.57288580
1779396332.47496104 -1.77061829 2.10879112 -0.95677172 -0.39345143 -0.33366186 0.63617879 -0.57370923
1779396332.48528528 -1.76936725 2.10789116 -0.96182439 -0.39391019 -0.33310835 0.63595526 -0.57396384
1779396332.49561787 -1.76872013 2.10971701 -0.95916784 -0.39466602 -0.33369487 0.63569802 -0.57338860
1779396332.50587320 -1.77085955 2.10203724 -0.97355227 -0.39404408 -0.33207424 0.63525937 -0.57524038
1779396332.51619172 -1.77128621 2.09928692 -0.97946826 -0.39420862 -0.33156447 0.63488479 -0.57583493
1779396332.52656794 -1.77223530 2.09976192 -0.97619374 -0.39468939 -0.33238778 0.63453322 -0.57541832
1779396332.53694439 -1.77394918 2.09177559 -0.99161670 -0.39417735 -0.33061573 0.63398427 -0.57739189
1779396332.54733300 -1.77750784 2.08678279 -0.99652923 -0.39388661 -0.33052711 0.63339942 -0.57828223
1779396332.55769372 -1.77720042 2.08317715 -1.00511781 -0.39404737 -0.32960332 0.63299732 -0.57913964
1779396332.56794667 -1.77817154 2.07901385 -1.01248071 -0.39406645 -0.32898329 0.63249679 -0.58002537
1779396332.57821059 -1.77961037 2.07511508 -1.01885906 -0.39387059 -0.32845654 0.63214946 -0.58083502
1779396332.58856153 -1.78140953 2.06950355 -1.02771640 -0.39365163 -0.32771584 0.63159049 -0.58200874
1779396332.59885430 -1.78281150 2.06576522 -1.03364160 -0.39383995 -0.32739651 0.63089992 -0.58280950
1779396332.60921454 -1.78313913 2.06262014 -1.03992878 -0.39374183 -0.32679791 0.63065227 -0.58347940
1779396332.61955404 -1.78742669 2.05436956 -1.04964865 -0.39333127 -0.32622350 0.62963453 -0.58517442
1779396332.62986994 -1.78795588 2.05553271 -1.04630126 -0.39415704 -0.32715953 0.62903495 -0.58474089
1779396332.64016461 -1.79197197 2.04141011 -1.06920658 -0.39318505 -0.32474684 0.62784292 -0.58801214
1779396332.65049171 -1.79258807 2.04522397 -1.06007242 -0.39391004 -0.32637607 0.62761078 -0.58687158
1779396332.66082025 -1.79656222 2.03342574 -1.07774049 -0.39310072 -0.32470420 0.62654320 -0.58947657
1779396332.67112374 -1.79793063 2.02991456 -1.08286150 -0.39324419 -0.32453804 0.62588207 -0.59017430
1779396332.68148279 -1.80167445 2.02352608 -1.08915220 -0.39307176 -0.32438899 0.62487227 -0.59143979
1779396332.69183302 -1.80438457 2.01856230 -1.09479476 -0.39307773 -0.32429904 0.62400443 -0.59240063
1779396332.70217061 -1.80648398 2.01014459 -1.10830989 -0.39280381 -0.32307500 0.62304923 -0.59425362
1779396332.71255970 -1.80724908 2.01165425 -1.10384083 -0.39371723 -0.32426475 0.62234344 -0.59374048
1779396332.72292161 -1.80999942 2.00868803 -1.10500978 -0.39372233 -0.32469330 0.62173144 -0.59414393
1779396332.73322964 -1.81361766 1.99657386 -1.12256937 -0.39290448 -0.32302641 0.62064518 -0.59672403
1779396332.74355030 -1.81403155 1.99373886 -1.12754799 -0.39338735 -0.32286200 0.61986058 -0.59731012
1779396332.75392127 -1.81889647 1.98416040 -1.13738489 -0.39280963 -0.32237070 0.61875410 -0.59910023
1779396332.76423550 -1.81688704 1.98216620 -1.14467626 -0.39309584 -0.32151557 0.61851832 -0.59961528
1779396332.77456975 -1.81929216 1.97793751 -1.14853443 -0.39304771 -0.32161911 0.61785214 -0.60027775
1779396332.78497839 -1.81839730 1.97265616 -1.15995986 -0.39326955 -0.32043040 0.61714555 -0.60149380
1779396332.79540539 -1.81840285 1.97126711 -1.16241335 -0.39373995 -0.32045639 0.61658015 -0.60175200
1779396332.79559255 -1.81914795 1.96946014 -1.16450148 -0.39371630 -0.32036030 0.61630493 -0.60210048
1779396332.80572200 -1.81781208 1.97340327 -1.15928459 -0.39476839 -0.32134492 0.61602317 -0.60117453
1779396332.81603074 -1.81889489 1.95884630 -1.18415437 -0.39381010 -0.31844615 0.61500285 -0.60438162
1779396332.82632327 -1.81931376 1.96268986 -1.17627135 -0.39498715 -0.32009517 0.61440304 -0.60335159
1779396332.83665490 -1.81867711 1.95377501 -1.19327158 -0.39487373 -0.31811434 0.61341980 -0.60547019
1779396332.84701991 -1.82070715 1.95256659 -1.19220489 -0.39544862 -0.31896632 0.61254531 -0.60553209
1779396332.85734582 -1.82070111 1.94265806 -1.20973126 -0.39510564 -0.31706303 0.61160156 -0.60770560
1779396332.86768293 -1.82059666 1.93992361 -1.21481461 -0.39526035 -0.31670684 0.61113357 -0.60826128
1779396332.86787486 -1.82098875 1.93843915 -1.21675469 -0.39531757 -0.31661606 0.61084393 -0.60856222
1779396332.87796879 -1.82157082 1.93301257 -1.22508102 -0.39542720 -0.31596347 0.60995659 -0.60971910
1779396332.88825345 -1.82101961 1.92846686 -1.23374134 0.39564786 0.31522802 -0.60922908 0.61068321
1779396332.89857459 -1.82158072 1.92337661 -1.24149849 0.39587785 0.31476932 -0.60829385 0.61170221
1779396332.90887547 -1.82085957 1.92559330 -1.23874277 0.39666642 0.31549229 -0.60792927 0.61118113
1779396332.91913843 -1.82353722 1.91475140 -1.25291240 0.39621519 0.31434214 -0.60662062 0.61336283
1779396332.92944098 -1.82159845 1.91584561 -1.25399913 0.39712049 0.31458429 -0.60613054 0.61313768
1779396332.93973517 -1.82395600 1.90555333 -1.26747642 0.39646243 0.31335061 -0.60511929 0.61519069
1779396332.95002198 -1.82199231 1.90859336 -1.26547664 0.39767392 0.31405240 -0.60460801 0.61455324
1779396332.96033716 -1.82459885 1.89785098 -1.27909148 0.39713681 0.31296006 -0.60339576 0.61664569
1779396332.97072911 -1.82298559 1.89696763 -1.28291859 0.39773777 0.31283024 -0.60289394 0.61681505
1779396332.98106456 -1.82395212 1.89377990 -1.28673230 0.39794338 0.31283110 -0.60217077 0.61738815
1779396332.99139762 -1.82407140 1.88891891 -1.29391809 0.39816831 0.31243124 -0.60125528 0.61833714
1779396333.00179005 -1.82508789 1.88749343 -1.29475083 0.39865610 0.31297898 -0.60051358 0.61846658
1779396333.01205850 -1.82552679 1.88065609 -1.30448562 0.39850180 0.31210996 -0.59964821 0.61984330
1779396333.02236390 -1.82545692 1.87873742 -1.30739390 0.39925079 0.31232695 -0.59864752 0.62021918
1779396333.03272223 -1.82386599 1.87788402 -1.31054453 0.40022673 0.31238526 -0.59773236 0.62044343
1779396333.04299116 -1.82387773 1.86970665 -1.32271237 0.39992356 0.31121662 -0.59687824 0.62204640
1779396333.05330992 -1.82697705 1.86792876 -1.32020077 0.40005575 0.31225514 -0.59617397 0.62211633
1779396333.06365991 -1.82388884 1.86021679 -1.33590023 0.39966480 0.31027512 -0.59586990 0.62364770
1779396333.07393432 -1.82365924 1.85942020 -1.33653343 0.40014101 0.31071143 -0.59535494 0.62361693
1779396333.08424425 -1.82562956 1.84926758 -1.34847007 0.39980857 0.30970520 -0.59395357 0.62566361
1779396333.08451152 -1.82472605 1.84724503 -1.35240218 0.39967877 0.30919831 -0.59393758 0.62601233
1779396333.09473252 -1.82749974 1.84738274 -1.34784005 0.40044203 0.31056208 -0.59282403 0.62590498
1779396333.10506058 -1.82465001 1.84014070 -1.36170091 0.40016689 0.30885137 -0.59241081 0.62731708
1779396333.11535096 -1.82795366 1.83766106 -1.36001909 0.40034661 0.30990713 -0.59153474 0.62750842
1779396333.12565494 -1.82349072 1.83284668 -1.37270563 0.39967844 0.30794669 -0.59213396 0.62833379
1779396333.13594723 -1.82942819 1.82244962 -1.37841899 0.39992497 0.30847644 -0.58960076 0.63029616
1779396333.14626360 -1.82700454 1.82112368 -1.38280332 0.39920840 0.30784974 -0.59062253 0.63010016
1779396333.15662479 -1.82695578 1.81927545 -1.38502604 0.39903839 0.30779016 -0.59061608 0.63024299
1779396333.16698289 -1.82523025 1.81877567 -1.38759626 0.39945446 0.30773628 -0.59037229 0.63023414
1779396333.17729545 -1.82741403 1.81328657 -1.39135572 0.39879043 0.30776322 -0.59011555 0.63088162
1779396333.18765163 -1.82853300 1.80967977 -1.39427340 0.39841980 0.30781327 -0.58998725 0.63121129
1779396333.19796133 -1.82825672 1.80730541 -1.39726523 0.39817619 0.30761414 -0.58999058 0.63145893
1779396333.20822763 -1.83066051 1.80226382 -1.40037621 0.39783548 0.30781830 -0.58946523 0.63206453
1779396333.21854281 -1.82847138 1.80167182 -1.40346021 0.39806703 0.30753668 -0.58945711 0.63206340
1779396333.22889876 -1.82702788 1.80208268 -1.40405347 0.39737691 0.30743244 -0.59062457 0.63145824
1779396333.23922944 -1.82784688 1.79650730 -1.40983678 0.39726430 0.30709025 -0.58989687 0.63237516
1779396333.24953318 -1.82797861 1.79585558 -1.40961091 0.39624721 0.30712924 -0.59107744 0.63189179
1779396333.25984168 -1.83030949 1.78947482 -1.41411301 0.39568909 0.30707422 -0.59060542 0.63270910
1779396333.27014279 -1.83064018 1.78714497 -1.41596240 0.39541934 0.30703664 -0.59057806 0.63292149
1779396333.28044486 -1.83496009 1.77843202 -1.42068204 0.39450619 0.30707872 -0.58993411 0.63407041
1779396333.29075456 -1.83563051 1.77628846 -1.42139533 0.39356370 0.30712221 -0.59071492 0.63390807
1779396333.30106044 -1.83530236 1.77287241 -1.42557781 0.39329721 0.30673098 -0.59066471 0.63430955
1779396333.30120802 -1.83582567 1.77750868 -1.41835250 0.39334761 0.30771872 -0.59135334 0.63315723
1779396333.31137967 -1.83699635 1.76843217 -1.42782842 0.39230431 0.30668810 -0.59109169 0.63454736
1779396333.32177711 -1.83681186 1.76605721 -1.43022725 0.39129109 0.30634930 -0.59209291 0.63440316
1779396333.33205366 -1.83865901 1.77038885 -1.42074097 0.39098075 0.30790316 -0.59312611 0.63287527
1779396333.34242344 -1.84040270 1.76350967 -1.42690125 0.38959947 0.30721118 -0.59352228 0.63369144
1779396333.35279727 -1.84023444 1.76713146 -1.42101353 0.38934765 0.30806342 -0.59466378 0.63236091
1779396333.36319065 -1.84100058 1.76569352 -1.42092395 0.38814979 0.30806412 -0.59589894 0.63193409
1779396333.37353468 -1.84200599 1.76304345 -1.42219767 0.38717332 0.30802486 -0.59671587 0.63178136
1779396333.38383150 -1.84653943 1.76013501 -1.41921471 0.38618914 0.30887703 -0.59700957 0.63169020
1779396333.39414120 -1.84802656 1.75784283 -1.41972461 0.38483564 0.30881148 -0.59820500 0.63141728
1779396333.40447783 -1.84825891 1.75650234 -1.42021718 0.38393578 0.30877215 -0.59922524 0.63101679
1779396333.41482401 -1.84919663 1.75798980 -1.41649899 0.38347623 0.30937921 -0.60003825 0.63022582
1779396333.41500497 -1.84966411 1.75797126 -1.41568892 0.38325431 0.30952839 -0.60029403 0.63004396
1779396333.42511225 -1.84938901 1.75925561 -1.41372356 0.38286639 0.30978089 -0.60113130 0.62935705
1779396333.43541002 -1.85247143 1.75571471 -1.41320788 0.38167617 0.31013103 -0.60178798 0.62927996
1779396333.44576979 -1.85077077 1.76174611 -1.40691578 0.38163421 0.31085643 -0.60320367 0.62758979
1779396333.45607805 -1.85205915 1.75960819 -1.40721932 0.38091766 0.31093576 -0.60370448 0.62750425
1779396333.46637273 -1.85087997 1.76706988 -1.39758047 0.38083395 0.31213394 -0.60533854 0.62538242
1779396333.47665858 -1.85272031 1.76014869 -1.40344549 0.37953023 0.31147345 -0.60575503 0.62610058
1779396333.48699164 -1.85227872 1.76654494 -1.39423544 0.37963095 0.31272106 -0.60686895 0.62433642
1779396333.49724936 -1.85513321 1.76162293 -1.39604598 0.37814817 0.31260743 -0.60767837 0.62450585
1779396333.50755525 -1.85573631 1.76095622 -1.39474670 0.37727617 0.31276861 -0.60873857 0.62391973
1779396333.51787114 -1.85656907 1.76181690 -1.39139534 0.37661205 0.31326532 -0.60975957 0.62307421
1779396333.52829480 -1.85617006 1.76226424 -1.39059987 0.37574624 0.31316713 -0.61103019 0.62240117
1779396333.53873110 -1.85606037 1.76356260 -1.38806760 0.37499598 0.31340705 -0.61232173 0.62146290
1779396333.54908085 -1.85440116 1.77214938 -1.37768083 0.37504193 0.31464133 -0.61398957 0.61916169
1779396333.55943131 -1.85743796 1.76617129 -1.38108388 0.37361082 0.31433642 -0.61450297 0.61967222
1779396333.55962825 -1.85874951 1.76600924 -1.37925065 0.37343524 0.31473739 -0.61456920 0.61950884
1779396333.56967068 -1.85821814 1.77240811 -1.37075895 0.37319600 0.31577390 -0.61599962 0.61770225
1779396333.57999372 -1.85740840 1.77815517 -1.36342809 -0.37289945 -0.31668918 0.61747727 -0.61593489
1779396333.59028387 -1.86001373 1.77323707 -1.36620434 -0.37144134 -0.31645334 0.61825728 -0.61615464
1779396333.60058522 -1.86039242 1.77610826 -1.36170333 -0.37088135 -0.31703681 0.61937088 -0.61507268
1779396333.61091971 -1.86255019 1.77982283 -1.35345543 -0.37013626 -0.31835434 0.62061189 -0.61358826
1779396333.62120056 -1.86135007 1.78257789 -1.35146377 -0.36942536 -0.31843606 0.62209697 -0.61246937
1779396333.63154387 -1.86366565 1.78461094 -1.34559617 -0.36879925 -0.31947067 0.62288987 -0.61150128
1779396333.64188719 -1.86662129 1.78951584 -1.33482441 -0.36793042 -0.32118671 0.62427443 -0.60971119
1779396333.65220261 -1.87006750 1.79348408 -1.32467663 -0.36717993 -0.32296184 0.62531796 -0.60815458
1779396333.66249514 -1.87347430 1.79809544 -1.31366611 -0.36628292 -0.32478890 0.62660870 -0.60639140
1779396333.67284703 -1.87633078 1.80106440 -1.30575314 -0.36547991 -0.32610691 0.62758710 -0.60515548
1779396333.68319798 -1.87290551 1.81401014 -1.29264679 -0.36537902 -0.32756432 0.62998030 -0.60193406
1779396333.69350243 -1.87491421 1.81784742 -1.28491096 -0.36418057 -0.32868425 0.63163091 -0.60031790
1779396333.70385981 -1.88172085 1.81737885 -1.27616918 -0.36277461 -0.33041992 0.63226997 -0.59954311
1779396333.70403862 -1.88216428 1.81928843 -1.27291242 -0.36260249 -0.33089990 0.63267278 -0.59895730
1779396333.71422482 -1.87938667 1.82800396 -1.26431222 -0.36189896 -0.33162221 0.63501126 -0.59650361
1779396333.72454524 -1.88664852 1.82667204 -1.25639101 -0.35976580 -0.33311951 0.63626340 -0.59562475
1779396333.73486161 -1.88727907 1.83253698 -1.24726675 -0.35828143 -0.33411436 0.63862347 -0.59343245
1779396333.74514914 -1.88958027 1.83582882 -1.23905891 -0.35689677 -0.33519726 0.64028027 -0.59186880
1779396333.75558734 -1.89384662 1.84048194 -1.22595232 -0.35475412 -0.33697692 0.64264919 -0.58957450
1779396333.76597166 -1.89590499 1.84460297 -1.21690753 -0.35273551 -0.33798997 0.64510404 -0.58752124
1779396333.77625990 -1.89754354 1.85030064 -1.20613871 -0.35106119 -0.33926831 0.64743045 -0.58522378
1779396333.78651929 -1.89906200 1.85547230 -1.19604445 -0.34958697 -0.34046631 0.64942349 -0.58319875
1779396333.79678154 -1.90105421 1.86303136 -1.18143027 -0.34790002 -0.34228819 0.65188188 -0.58039157
1779396333.80705476 -1.90170929 1.86874256 -1.17163787 -0.34681926 -0.34347275 0.65365012 -0.57834626
1779396333.80720401 -1.90243776 1.86975852 -1.16905804 -0.34645732 -0.34383476 0.65406539 -0.57787840
1779396333.81727672 -1.90242301 1.87524673 -1.16069303 -0.34554166 -0.34477982 0.65572596 -0.57597856
1779396333.82758641 -1.90036856 1.88261655 -1.15289820 -0.34422289 -0.34532209 0.65830719 -0.57349359
1779396333.83784652 -1.90104565 1.89035882 -1.13977040 -0.34298244 -0.34692924 0.66042784 -0.57082240
1779396333.84806204 -1.90182568 1.89284839 -1.13488568 -0.34157621 -0.34737583 0.66209880 -0.56945668
1779396333.85839105 -1.90619601 1.89321105 -1.12841686 -0.34040900 -0.34850237 0.66285498 -0.56858692
1779396333.86869073 -1.90664781 1.90024608 -1.11693311 -0.33937033 -0.34993431 0.66468561 -0.56618618
1779396333.87900972 -1.90750457 1.90268564 -1.11219404 -0.33807159 -0.35038139 0.66619677 -0.56490915
1779396333.87919521 -1.90818318 1.90387143 -1.10923611 -0.33768882 -0.35078256 0.66662969 -0.56437817
1779396333.88931417 -1.90850836 1.90845798 -1.10144863 -0.33692453 -0.35176040 0.66790890 -0.56271145
1779396333.89962077 -1.90977464 1.91300153 -1.09255079 -0.33569891 -0.35289456 0.66951790 -0.56081855
1779396333.90993142 -1.91034649 1.91755301 -1.08523591 -0.33525501 -0.35393203 0.67049593 -0.55925970
1779396333.92024755 -1.90143993 1.93046909 -1.07846370 -0.33654847 -0.35425157 0.67188878 -0.55660257
1779396333.93060398 -1.90596073 1.93393145 -1.06581073 -0.33483196 -0.35615276 0.67334083 -0.55466647
1779396333.94088912 -1.90869810 1.93751873 -1.05636203 -0.33327940 -0.35745293 0.67492496 -0.55283682
1779396333.95123816 -1.90883722 1.94320547 -1.04795071 -0.33216102 -0.35842425 0.67664650 -0.55077275
1779396333.96152544 -1.90676517 1.95109730 -1.03815046 -0.33194448 -0.35955955 0.67795727 -0.54854693
1779396333.97174478 -1.90955510 1.95406638 -1.02966341 -0.33027521 -0.36070308 0.67955160 -0.54682830
1779396333.98206592 -1.90662179 1.96301992 -1.02010422 -0.32957841 -0.36160985 0.68155894 -0.54414501
1779396333.99242449 -1.91050498 1.96239830 -1.01639719 -0.32821259 -0.36222489 0.68237022 -0.54354439
1779396334.00276852 -1.90771027 1.97069269 -1.00778468 -0.32760190 -0.36302952 0.68420942 -0.54105825
1779396334.01306963 -1.90651697 1.97745836 -0.99889287 -0.32652873 -0.36390110 0.68611266 -0.53870623
1779396334.02341986 -1.90518403 1.98681989 -0.98354607 -0.32575494 -0.36573262 0.68781701 -0.53575285
1779396334.02360439 -1.90343570 1.99124997 -0.97792651 -0.32541721 -0.36625763 0.68873671 -0.53441626
1779396334.03376627 -1.90234761 1.99573414 -0.97239706 -0.32413477 -0.36658793 0.69055224 -0.53262326
1779396334.04409671 -1.90226891 2.00267824 -0.95985879 -0.32275809 -0.36801100 0.69248519 -0.52996168
1779396334.05439281 -1.89904895 2.00993776 -0.95347708 -0.32145136 -0.36823153 0.69484926 -0.52750268
1779396334.06476474 -1.89879122 2.01432208 -0.94634871 -0.32023625 -0.36890238 0.69641209 -0.52570902
1779396334.07508373 -1.89746550 2.02015754 -0.93866369 -0.31878261 -0.36948473 0.69847875 -0.52343684
1779396334.08537722 -1.89997053 2.02413787 -0.92687316 -0.31699891 -0.37096772 0.70007190 -0.52133863
1779396334.09569812 -1.90140642 2.02883051 -0.91555433 -0.31524709 -0.37229866 0.70181496 -0.51910379
1779396334.10592723 -1.89829421 2.03375986 -0.91349707 -0.31424337 -0.37200582 0.70362693 -0.51746683
1779396334.11624503 -1.90306553 2.03536294 -0.90241949 -0.31230978 -0.37362139 0.70478927 -0.51588928
1779396334.12651443 -1.90222781 2.04120616 -0.89273015 -0.31137813 -0.37470354 0.70615269 -0.51379889
1779396334.13672829 -1.90045293 2.04827108 -0.88295051 -0.31005776 -0.37558669 0.70808198 -0.51129124
1779396334.14703584 -1.90177777 2.04955910 -0.88024482 -0.30870283 -0.37584055 0.70929190 -0.51024645
1779396334.15734792 -1.90002375 2.05613432 -0.87151734 -0.30733303 -0.37657885 0.71119808 -0.50787013
1779396334.16796970 -1.90312928 2.05682748 -0.86513085 -0.30588415 -0.37746570 0.71207465 -0.50685720
1779396334.16816545 -1.90314704 2.05832068 -0.86189150 -0.30552410 -0.37785813 0.71244953 -0.50625479
1779396334.17831326 -1.90221734 2.06090160 -0.86022191 -0.30439703 -0.37772878 0.71383421 -0.50507834
1779396334.18862009 -1.90574904 2.06132599 -0.85395395 -0.30239486 -0.37850130 0.71508473 -0.50393248
1779396334.19891310 -1.90740522 2.06426656 -0.84625262 -0.30080862 -0.37936627 0.71643239 -0.50231468
1779396334.20921564 -1.90751449 2.06522875 -0.84532767 -0.29992031 -0.37931646 0.71732485 -0.50160930
1779396334.21954155 -1.91155873 2.06638038 -0.83605086 -0.29768807 -0.38045750 0.71868983 -0.50011882
1779396334.22986078 -1.91277197 2.06808698 -0.83204448 -0.29611861 -0.38074832 0.72004487 -0.49887860
1779396334.24020839 -1.91142178 2.07221831 -0.82780835 -0.29523575 -0.38099549 0.72134490 -0.49733271
1779396334.25056815 -1.91527985 2.07082151 -0.82453230 -0.29308043 -0.38128501 0.72254138 -0.49664832
1779396334.26089501 -1.90942207 2.07865202 -0.82163905 -0.29280202 -0.38104428 0.72425537 -0.49449611
1779396334.27122283 -1.91081767 2.08061022 -0.81685232 -0.29171941 -0.38156066 0.72522363 -0.49331728
1779396334.28160000 -1.91076001 2.08321338 -0.81269402 -0.29006529 -0.38170618 0.72678057 -0.49188670
1779396334.28178215 -1.91513262 2.08070626 -0.81029875 -0.28869213 -0.38211866 0.72708456 -0.49192502
1779396334.29188704 -1.91098698 2.08558320 -0.81016056 -0.28813556 -0.38156151 0.72859658 -0.49044442
1779396334.30220032 -1.91056578 2.08902867 -0.80582176 -0.28699062 -0.38184716 0.72991739 -0.48892712
1779396334.31250858 -1.91018577 2.09335535 -0.79970063 -0.28588280 -0.38237279 0.73122422 -0.48720962
1779396334.32277131 -1.91048895 2.09408653 -0.80028320 -0.28492645 -0.38205357 0.73219051 -0.48656864
1779396334.33305812 -1.90983465 2.09576646 -0.80033005 -0.28375307 -0.38165328 0.73348399 -0.48561940
1779396334.34335446 -1.90116686 2.10684270 -0.79575528 -0.28369209 -0.38147457 0.73555606 -0.48265229
1779396334.35372710 -1.91042176 2.10111350 -0.79326497 -0.28165021 -0.38212859 0.73569532 -0.48311831
1779396334.36407328 -1.88673713 2.12250870 -0.79480034 -0.28352738 -0.38020508 0.73894398 -0.47855838
1779396334.37437963 -1.88464547 2.12704689 -0.79115770 -0.28280509 -0.38034445 0.74022227 -0.47689659
1779396334.38484740 -1.87155918 2.13809913 -0.79796378 -0.28335674 -0.37823634 0.74262397 -0.47450593
1779396334.39514542 -1.87183770 2.13914178 -0.79745134 -0.28224675 -0.37801002 0.74367144 -0.47370665
1779396334.40543127 -1.86994662 2.14109316 -0.80077285 -0.28171020 -0.37720112 0.74479438 -0.47290593
1779396334.41579103 -1.87082969 2.14184146 -0.79994033 -0.28082466 -0.37716932 0.74561620 -0.47216237
1779396334.42611980 -1.87047386 2.14298138 -0.80097371 -0.28006299 -0.37676479 0.74653167 -0.47149070
1779396334.42630219 -1.87185108 2.14150616 -0.80254165 -0.27946655 -0.37648769 0.74681379 -0.47161916
1779396334.43641138 -1.88221724 2.13556464 -0.79549551 -0.27778072 -0.37804057 0.74635209 -0.47210355
1779396334.44670558 -1.89135918 2.12935182 -0.79357380 -0.27565922 -0.37859993 0.74658604 -0.47252871
1779396334.45711684 -1.89231718 2.13025327 -0.79239654 -0.27473314 -0.37859909 0.74745901 -0.47168788
1779396334.46751213 -1.89436806 2.13054608 -0.78959902 -0.27407026 -0.37902239 0.74783374 -0.47113928
1779396334.47779059 -1.89502697 2.13181404 -0.78874658 -0.27279396 -0.37883065 0.74902858 -0.47013506
1779396334.48814845 -1.89406683 2.13405490 -0.78905682 -0.27206367 -0.37849810 0.75011048 -0.46910001
1779396334.49844670 -1.89396938 2.13659974 -0.78611891 -0.27146832 -0.37875655 0.75090818 -0.46795869
1779396334.50879526 -1.89223981 2.13902786 -0.78709842 -0.27106184 -0.37833276 0.75180010 -0.46710428
1779396334.51910496 -1.89064554 2.14320891 -0.78357534 -0.27074653 -0.37863956 0.75265231 -0.46566394
1779396334.52946568 -1.88921476 2.14631174 -0.78275377 -0.27016099 -0.37847372 0.75370881 -0.46442836
1779396334.53979611 -1.88864702 2.14785393 -0.78341073 -0.26989214 -0.37825879 0.75429442 -0.46380862
1779396334.53998017 -1.88760004 2.14939970 -0.78250910 -0.26998116 -0.37832946 0.75449054 -0.46337999
1779396334.55009341 -1.88796460 2.15106176 -0.78019895 -0.26950745 -0.37857943 0.75502820 -0.46257514
1779396334.56039214 -1.88567043 2.15532520 -0.77848447 -0.26931690 -0.37859087 0.75592859 -0.46120422
1779396334.57069707 -1.88508704 2.15725913 -0.77858843 -0.26889081 -0.37843353 0.75669206 -0.46032914
1779396334.58100843 -1.88478565 2.15918362 -0.77693439 -0.26852162 -0.37856639 0.75726537 -0.45949187
1779396334.59131217 -1.88367365 2.16340016 -0.77169774 -0.26854684 -0.37926925 0.75774186 -0.45810993
1779396334.60162759 -1.88396523 2.16432520 -0.77297471 -0.26815138 -0.37904782 0.75834105 -0.45753300
1779396334.61195779 -1.88337776 2.16621144 -0.77232361 -0.26802119 -0.37907627 0.75878904 -0.45684244
1779396334.62226033 -1.88271117 2.16923232 -0.76940074 -0.26786059 -0.37944715 0.75934547 -0.45570278
1779396334.63255715 -1.88171855 2.17170919 -0.76891919 -0.26769855 -0.37942231 0.75996019 -0.45479304
1779396334.64287257 -1.88100026 2.17426656 -0.76775461 -0.26768535 -0.37957393 0.76042507 -0.45389635
1779396334.65316200 -1.88030317 2.17617142 -0.76702691 -0.26771441 -0.37966026 0.76077696 -0.45321682
1779396334.66350651 -1.88195370 2.17779297 -0.76222062 -0.26707355 -0.38037093 0.76122164 -0.45225135
1779396334.67382550 -1.88145432 2.17938904 -0.76189932 -0.26712303 -0.38042360 0.76150934 -0.45169314
1779396334.67402124 -1.87995449 2.18110604 -0.76152840 -0.26718102 -0.38038260 0.76180217 -0.45119933
1779396334.68415952 -1.88114533 2.18128489 -0.76116725 -0.26669678 -0.38042981 0.76219218 -0.45078717
1779396334.69450235 -1.88180615 2.18372435 -0.75622275 -0.26645841 -0.38119419 0.76250912 -0.44974520
1779396334.70484567 -1.87961508 2.18689097 -0.75621603 -0.26635835 -0.38104374 0.76326358 -0.44865088
1779396334.71518707 -1.88169725 2.18738609 -0.75361316 -0.26577618 -0.38147483 0.76361783 -0.44802655
1779396334.72547030 -1.87930152 2.19090448 -0.75208830 -0.26588953 -0.38156769 0.76415373 -0.44696524
1779396334.73583603 -1.88092932 2.19223557 -0.74765171 -0.26521553 -0.38222704 0.76461380 -0.44601452
1779396334.74613500 -1.87946740 2.19540975 -0.74606150 -0.26566599 -0.38251367 0.76483044 -0.44512838
1779396334.75643587 -1.87921804 2.19694681 -0.74526383 -0.26503282 -0.38245632 0.76555275 -0.44431268
1779396334.76674247 -1.87860680 2.19956845 -0.74305036 -0.26524454 -0.38285543 0.76578282 -0.44344529
1779396334.77706552 -1.87844305 2.20258930 -0.73802064 -0.26473730 -0.38347648 0.76639162 -0.44215815
1779396334.78738809 -1.87613082 2.20581084 -0.73733042 -0.26468189 -0.38339996 0.76702730 -0.44115426
1779396334.78758049 -1.87554746 2.20740779 -0.73506833 -0.26458379 -0.38366531 0.76724239 -0.44060807
1779396334.79784918 -1.87490614 2.20981358 -0.73212345 -0.26448591 -0.38405906 0.76759874 -0.43970219
1779396334.80816889 -1.87518010 2.21169748 -0.72989865 -0.26418825 -0.38437426 0.76802706 -0.43885696
1779396334.81848764 -1.87515886 2.21521127 -0.72299496 -0.26377546 -0.38531505 0.76850245 -0.43744577
1779396334.82882595 -1.87556552 2.21711447 -0.71885317 -0.26335739 -0.38586137 0.76889002 -0.43653411
1779396334.83917618 -1.87416274 2.22114427 -0.71396493 -0.26311527 -0.38643524 0.76949682 -0.43510090
1779396334.84947062 -1.87535171 2.22257497 -0.70980193 -0.26254674 -0.38702835 0.76990827 -0.43418834
1779396334.85977316 -1.87405476 2.22542453 -0.70836159 -0.26225255 -0.38708410 0.77061031 -0.43306957
1779396334.87007427 -1.88222135 2.22042927 -0.70628220 -0.26102091 -0.38773435 0.77036888 -0.43366109
1779396334.88041306 -1.88193163 2.22290282 -0.70296820 -0.26064401 -0.38812003 0.77090839 -0.43258271
1779396334.89074016 -1.87973343 2.22754352 -0.69765579 -0.26013626 -0.38860231 0.77177922 -0.43089931
1779396334.90113616 -1.87642826 2.23336690 -0.68985106 -0.26009813 -0.38946453 0.77237392 -0.42907443
1779396334.91145635 -1.87798235 2.23342420 -0.68979999 -0.26001552 -0.38958733 0.77251705 -0.42875523
1779396334.92177963 -1.87730778 2.23637229 -0.68590472 -0.25982074 -0.39008148 0.77295967 -0.42762479
1779396334.93207431 -1.87677212 2.23978513 -0.67944154 -0.25884003 -0.39072214 0.77383525 -0.42604820
1779396334.94243312 -1.87571106 2.24269204 -0.67534443 -0.25856780 -0.39119003 0.77430809 -0.42492356
1779396334.95277834 -1.87452399 2.24587309 -0.67148552 -0.25845024 -0.39165804 0.77476087 -0.42373701
1779396334.96307421 -1.87607071 2.24752900 -0.66505986 -0.25732749 -0.39243003 0.77538861 -0.42255619
1779396334.97337031 -1.87466735 2.25170299 -0.65796024 -0.25696126 -0.39328895 0.77595774 -0.42093266
1779396334.98366404 -1.87708820 2.25085320 -0.65721200 -0.25637857 -0.39345315 0.77616561 -0.42075122
1779396334.99397564 -1.87338222 2.25665469 -0.65056702 -0.25571926 -0.39397662 0.77725870 -0.41863946
1779396335.00427175 -1.87352799 2.25984979 -0.64245644 -0.25505948 -0.39501146 0.77773563 -0.41717851
1779396335.01461053 -1.87356629 2.26182604 -0.63789153 -0.25455637 -0.39556772 0.77814450 -0.41619512
1779396335.02487111 -1.87382907 2.26500123 -0.62895841 -0.25368499 -0.39668337 0.77870096 -0.41462157
1779396335.03516316 -1.87453134 2.26703809 -0.62371917 -0.25288347 -0.39730250 0.77924869 -0.41348780
1779396335.04552412 -1.87327604 2.27043289 -0.61749810 -0.25233441 -0.39797867 0.77981388 -0.41210513
1779396335.05583525 -1.87408448 2.27292848 -0.60954644 -0.25125489 -0.39891894 0.78045750 -0.41063456
1779396335.06617975 -1.87259671 2.27718942 -0.60102974 -0.25030065 -0.39982592 0.78126848 -0.40878891
1779396335.07648396 -1.87059193 2.28187056 -0.59228017 -0.24944278 -0.40073321 0.78210506 -0.40682043
1779396335.08682632 -1.87224895 2.28269977 -0.58724712 -0.24895563 -0.40145220 0.78225779 -0.40611571
1779396335.09711242 -1.87252888 2.28523512 -0.58024485 -0.24789808 -0.40222622 0.78291026 -0.40473712
1779396335.10740972 -1.86752694 2.29240349 -0.57005193 -0.24686316 -0.40306694 0.78420269 -0.40202210
1779396335.11774707 -1.86969679 2.29283597 -0.56436847 -0.24662418 -0.40398848 0.78407690 -0.40148877
1779396335.11792922 -1.87036527 2.29292163 -0.56288488 -0.24642455 -0.40420578 0.78412605 -0.40129661
1779396335.12806010 -1.87355098 2.29251659 -0.55684497 -0.24472045 -0.40485697 0.78473577 -0.40049033
1779396335.13835835 -1.86775471 2.30029956 -0.54698879 -0.24393792 -0.40562870 0.78598434 -0.39772888
1779396335.14874029 -1.86713895 2.30213441 -0.54413622 -0.24350510 -0.40589130 0.78643971 -0.39682502
1779396335.15904284 -1.87218072 2.30146044 -0.53292757 -0.24163783 -0.40736573 0.78675101 -0.39583731
1779396335.16933155 -1.86966510 2.30527662 -0.52848809 -0.24167242 -0.40784169 0.78716226 -0.39450625
1779396335.17965317 -1.86568766 2.31400046 -0.50721688 -0.23928483 -0.40989714 0.78877080 -0.39059920
1779396335.19000435 -1.86047762 2.31796214 -0.50875324 -0.23846011 -0.40913950 0.79016200 -0.38908310
1779396335.20032263 -1.85954364 2.32112481 -0.49969637 -0.23732333 -0.41005876 0.79085790 -0.38739287
1779396335.21062732 -1.86153217 2.32400991 -0.48127874 -0.23485677 -0.41215373 0.79168035 -0.38498548
1779396335.22091246 -1.83800490 2.34358389 -0.48239992 -0.23649555 -0.41054170 0.79426094 -0.38036157
1779396335.23125672 -1.83296780 2.34949986 -0.47544502 -0.23583586 -0.41095151 0.79527500 -0.37820363
1779396335.24154735 -1.83025298 2.35228997 -0.47340938 -0.23598605 -0.41114455 0.79562706 -0.37715821
1779396335.25190306 -1.83943211 2.34678157 -0.46453627 -0.23394802 -0.41263072 0.79535872 -0.37737080
1779396335.26226258 -1.83199061 2.35773828 -0.44212484 -0.23223561 -0.41483371 0.79683205 -0.37287840
1779396335.27256107 -1.82042259 2.36856554 -0.43539672 -0.23216439 -0.41488624 0.79832346 -0.36966033
1779396335.28288698 -1.81844056 2.37217429 -0.42573267 -0.23134642 -0.41597183 0.79882097 -0.36787407
1779396335.29315281 -1.81878848 2.37316272 -0.42013787 -0.23096573 -0.41682187 0.79887525 -0.36703227
1779396335.30346203 -1.81469073 2.37763177 -0.41544017 -0.23084729 -0.41718307 0.79944180 -0.36545948
1779396335.31376791 -1.81066174 2.38449514 -0.39640049 -0.22897341 -0.41914352 0.80047327 -0.36212213
1779396335.32408500 -1.81761202 2.38179494 -0.37890425 -0.22713600 -0.42192417 0.79993375 -0.36124124
1779396335.33442640 -1.82665335 2.37712981 -0.36274692 -0.22500927 -0.42450744 0.79930620 -0.36093470
1779396335.33461642 -1.82286210 2.38041715 -0.36223805 -0.22528537 -0.42436412 0.79967314 -0.36011728
1779396335.34474730 -1.82334603 2.38213910 -0.34898832 -0.22399220 -0.42606432 0.79985429 -0.35851054
1779396335.35504699 -1.81468407 2.39054082 -0.33900329 -0.22323907 -0.42673262 0.80108792 -0.35541769
1779396335.36538839 -1.80858172 2.39746456 -0.32516829 -0.22208386 -0.42808035 0.80201814 -0.35241010
1779396335.37573743 -1.81749603 2.39268713 -0.30825511 -0.21904858 -0.43045506 0.80186327 -0.35176903
1779396335.38604426 -1.80320863 2.40558468 -0.29402692 -0.21849353 -0.43143359 0.80341125 -0.34735574
1779396335.39635229 -1.79722063 2.41170931 -0.28113644 -0.21688206 -0.43254438 0.80452781 -0.34438720
1779396335.40668106 -1.79925925 2.41181741 -0.26502485 -0.21446364 -0.43449226 0.80486873 -0.34264873
1779396335.40686488 -1.79864591 2.41275558 -0.25955884 -0.21398041 -0.43515788 0.80494869 -0.34191754
1779396335.41696787 -1.78828217 2.42231304 -0.24236666 -0.21260061 -0.43664910 0.80614977 -0.33802528
1779396335.42729473 -1.78646581 2.42571092 -0.21878114 -0.20954254 -0.43927176 0.80686510 -0.33481480
1779396335.43759036 -1.77989878 2.43218465 -0.19718286 -0.20687711 -0.44137209 0.80801259 -0.33092024
1779396335.44789553 -1.77308737 2.43822848 -0.18287241 -0.20521007 -0.44263568 0.80898583 -0.32787865
1779396335.45818639 -1.76420395 2.44518915 -0.17169725 -0.20405709 -0.44345450 0.81006209 -0.32482029
1779396335.46849060 -1.75969294 2.44980771 -0.14155199 -0.19960984 -0.44656492 0.81127350 -0.32026707
1779396335.47878265 -1.74964843 2.45746945 -0.12704417 -0.19790970 -0.44769325 0.81249611 -0.31662687
1779396335.47896361 -1.74365426 2.46191578 -0.12369444 -0.19765841 -0.44774085 0.81313457 -0.31507372
1779396335.48907638 -1.74311776 2.46292539 -0.10472327 -0.19506560 -0.44993632 0.81341631 -0.31282684
1779396335.49937773 -1.71450079 2.48282919 -0.09044999 -0.19398552 -0.45004342 0.81632257 -0.30569266
1779396335.50972199 -1.70785188 2.48781026 -0.07704867 -0.19161997 -0.45110623 0.81744990 -0.30258984
1779396335.52003241 -1.70036838 2.49294274 -0.06247915 -0.19027877 -0.45252853 0.81804557 -0.29968878
1779396335.53033495 -1.67712172 2.50930511 -0.05363608 -0.19099872 -0.45257255 0.81971572 -0.29455680
1779396335.54065967 -1.68505876 2.50401579 -0.02466820 -0.18731864 -0.45663204 0.81882262 -0.29313551
1779396335.55096221 -1.68329884 2.50467276 0.00277398 -0.18325179 -0.45981937 0.81913244 -0.28983957
1779396335.55115438 -1.68108556 2.50605314 0.00802819 -0.18269550 -0.46036330 0.81928257 -0.28890145
1779396335.56130528 -1.67496916 2.50987574 0.02218535 -0.18153308 -0.46190608 0.81954729 -0.28641012
1779396335.57160687 -1.66759992 2.51421603 0.03836497 -0.17965050 -0.46355031 0.82010250 -0.28333497
1779396335.58197045 -1.66059275 2.51839287 0.05102689 -0.17834532 -0.46480589 0.82056548 -0.28075029
1779396335.59226704 -1.65186560 2.52354927 0.06506802 -0.17712410 -0.46624437 0.82102228 -0.27778709
1779396335.60261512 -1.64116172 2.52964520 0.07842755 -0.17653647 -0.46761384 0.82140581 -0.27470834
1779396335.61293745 -1.63368333 2.53388661 0.08910580 -0.17571713 -0.46868694 0.82174713 -0.27237419
1779396335.62339401 -1.62262699 2.54001884 0.10487072 -0.17438845 -0.47027950 0.82227536 -0.26886630
1779396335.63373947 -1.61498734 2.54442044 0.11287849 -0.17342867 -0.47092854 0.82284359 -0.26660314
1779396335.64408374 -1.60583009 2.54868402 0.12870832 -0.17159524 -0.47251461 0.82333820 -0.26343731
1779396335.65439987 -1.60334444 2.54962273 0.13871694 -0.17035535 -0.47370670 0.82336996 -0.26199796
1779396335.66470599 -1.59872007 2.55183165 0.14606878 -0.16928537 -0.47440020 0.82370774 -0.26036988
1779396335.67498565 -1.58623111 2.55787707 0.16043379 -0.16807332 -0.47573803 0.82427670 -0.25689026
1779396335.68531871 -1.57910960 2.56114162 0.16919760 -0.16702291 -0.47654055 0.82470994 -0.25468798
1779396335.69565034 -1.57502268 2.56262880 0.17847948 -0.16475552 -0.47727913 0.82533624 -0.25274561
1779396335.70602274 -1.57037602 2.56396865 0.18920084 -0.16246203 -0.47820957 0.82589100 -0.25065064
1779396335.71636200 -1.55957607 2.56872008 0.20114101 -0.16034416 -0.47907171 0.82677288 -0.24744020
1779396335.72670174 -1.55191591 2.57166534 0.21171404 -0.15878863 -0.48000645 0.82724602 -0.24503879
1779396335.73696709 -1.54460338 2.57481730 0.21864302 -0.15820015 -0.48060169 0.82756272 -0.24317621
1779396335.74729514 -1.52771124 2.58319023 0.22775044 -0.15663723 -0.48084085 0.82889133 -0.23915689
1779396335.75760388 -1.51386428 2.58972911 0.23652819 -0.15594465 -0.48137030 0.82962034 -0.23599576
1779396335.76788259 -1.50365380 2.59367314 0.24801800 -0.15512124 -0.48245794 0.82988358 -0.23337733
1779396335.77819347 -1.49700028 2.59627941 0.25396831 -0.15400207 -0.48282091 0.83039238 -0.23155093
1779396335.78845620 -1.48635685 2.60038162 0.26377513 -0.15241030 -0.48349754 0.83108334 -0.22869566
1779396335.79875207 -1.47587447 2.60462692 0.27212445 -0.15098134 -0.48399919 0.83179388 -0.22598310
1779396335.80912137 -1.46804173 2.60784490 0.27750325 -0.14993700 -0.48425036 0.83237109 -0.22400637
1779396335.81945658 -1.45630723 2.61263119 0.28546464 -0.14852864 -0.48464793 0.83317088 -0.22109253
1779396335.82974267 -1.44476315 2.61765916 0.29053238 -0.14809149 -0.48483332 0.83378707 -0.21864282
1779396335.84004235 -1.43342129 2.62261435 0.29606445 -0.14727493 -0.48500308 0.83449846 -0.21608892
1779396335.84022427 -1.43114556 2.62355527 0.29700662 -0.14711869 -0.48502175 0.83464391 -0.21559113
1779396335.85039067 -1.42224668 2.62753935 0.30030781 -0.14667356 -0.48505240 0.83519119 -0.21369772
1779396335.86072397 -1.40765177 2.63403057 0.30468708 -0.14523271 -0.48480591 0.83641506 -0.21042941
1779396335.87100983 -1.39733937 2.63820732 0.30957902 -0.14458578 -0.48501007 0.83696495 -0.20820628
1779396335.88134885 -1.39037639 2.64094001 0.31210120 -0.14349732 -0.48490989 0.83762343 -0.20653791
1779396335.89163852 -1.37498181 2.64778823 0.31547425 -0.14254453 -0.48460774 0.83874340 -0.20333691
1779396335.90189791 -1.36176229 2.65330582 0.32048378 -0.14152423 -0.48463278 0.83959339 -0.20046168
1779396335.91226339 -1.35231707 2.65714336 0.32421103 -0.14064875 -0.48465908 0.84022121 -0.19837295
1779396335.91243076 -1.35054967 2.65759142 0.32545710 -0.14025399 -0.48471824 0.84036313 -0.19790619
1779396335.92258620 -1.33842786 2.66258572 0.33036814 -0.13940886 -0.48482600 0.84104900 -0.19530874
1779396335.93291068 -1.33712723 2.66230133 0.33225113 -0.13768516 -0.48483019 0.84151896 -0.19449508
1779396335.94327712 -1.32428919 2.66690324 0.34164437 -0.13543006 -0.48531654 0.84235670 -0.19121124
1779396335.95356655 -1.31316407 2.67064555 0.34815768 -0.13436321 -0.48570947 0.84286821 -0.18869557
1779396335.96392226 -1.30255415 2.67441816 0.35312091 -0.13244289 -0.48574168 0.84372609 -0.18611871
1779396335.97425437 -1.28718485 2.68000605 0.35901001 -0.13127515 -0.48588481 0.84453932 -0.18285547
1779396335.98459244 -1.27240889 2.68541834 0.36319121 -0.12974503 -0.48573216 0.84554600 -0.17967321
1779396335.99484420 -1.26322515 2.68839241 0.36696038 -0.12849241 -0.48579624 0.84613981 -0.17759260
1779396336.00512385 -1.25160911 2.69253552 0.36890092 -0.12721684 -0.48549419 0.84701324 -0.17515658
1779396336.01538658 -1.24147281 2.69496779 0.37643151 -0.12616651 -0.48613976 0.84726589 -0.17288911
1779396336.02562594 -1.23278228 2.69775353 0.37927794 -0.12470058 -0.48604192 0.84794354 -0.17089404
1779396336.03596902 -1.22322175 2.70043064 0.38258209 -0.12305530 -0.48600185 0.84864057 -0.16872690
1779396336.04622293 -1.21599478 2.70280038 0.38160360 -0.12239485 -0.48560076 0.84922482 -0.16741745
1779396336.05648351 -1.20906174 2.70461902 0.38426292 -0.12151775 -0.48568963 0.84958858 -0.16594656
1779396336.05667472 -1.20596394 2.70577802 0.38412963 -0.12127605 -0.48554321 0.84982333 -0.16534878
1779396336.06687570 -1.20029614 2.70697609 0.38699884 -0.11976763 -0.48560047 0.85028168 -0.16391755
1779396336.07725716 -1.19248934 2.70897347 0.38947325 -0.11885402 -0.48566170 0.85067969 -0.16232839
1779396336.08756709 -1.18390716 2.71137770 0.39029804 -0.11801159 -0.48551025 0.85119762 -0.16067256
1779396336.09784389 -1.18028453 2.71148867 0.39381139 -0.11711397 -0.48589388 0.85126738 -0.15979767
1779396336.10817838 -1.16923971 2.71526913 0.39330867 -0.11691049 -0.48554857 0.85184376 -0.15791369
1779396336.11852813 -1.15516129 2.72062747 0.38981747 -0.11788098 -0.48487626 0.85246083 -0.15591542
1779396336.12890434 -1.14018838 2.72974591 0.36740138 -0.12026638 -0.48146769 0.85427789 -0.15470668
1779396336.13924575 -1.12836014 2.73274824 0.37565952 -0.11850033 -0.48206922 0.85469491 -0.15186690
1779396336.14955020 -1.12100378 2.73448505 0.37634812 -0.11810067 -0.48205534 0.85497963 -0.15061443
1779396336.15985012 -1.11139201 2.73672367 0.37958183 -0.11748480 -0.48230467 0.85524315 -0.14879075
1779396336.17014241 -1.10637462 2.73812258 0.37818322 -0.11745455 -0.48207453 0.85550068 -0.14807822
1779396336.18046212 -1.10553251 2.73750668 0.37388072 -0.11832843 -0.48186706 0.85540275 -0.14862256
1779396336.19077516 -1.09807758 2.73835890 0.38057311 -0.11665820 -0.48252638 0.85557737 -0.14678736
1779396336.20112681 -1.09062684 2.73983427 0.38099978 -0.11693549 -0.48265234 0.85564554 -0.14575158
1779396336.21145988 -1.08217985 2.74194135 0.38275265 -0.11662158 -0.48274122 0.85589118 -0.14425884
1779396336.22177339 -1.07824666 2.73943107 0.39736199 -0.11482869 -0.48481024 0.85519632 -0.14287288
1779396336.23207903 -1.07789810 2.73599026 0.41008676 -0.11221950 -0.48658124 0.85468433 -0.14198652
1779396336.24237323 -1.06437334 2.74133643 0.40492915 -0.11315051 -0.48560512 0.85543065 -0.14008221
1779396336.25270987 -1.06615888 2.73749747 0.41480568 -0.11054131 -0.48702883 0.85503241 -0.13965356
1779396336.29380417 -1.03772411 2.74197144 0.42529822 -0.10598727 -0.48768325 0.85615668 -0.13389358
1779396336.30411077 -1.03517015 2.74119629 0.42785870 -0.10443925 -0.48796138 0.85629799 -0.13319113
1779396336.31439567 -1.02852720 2.74282988 0.42768212 -0.10388691 -0.48775515 0.85666633 -0.13200464
1779396336.32470942 -1.01877152 2.74572102 0.42492787 -0.10332485 -0.48708577 0.85736766 -0.13035385
1779396336.33500934 -1.01797657 2.74444854 0.42808535 -0.10137084 -0.48738637 0.85751145 -0.12981759
1779396336.33516407 -1.01545176 2.74525126 0.42712107 -0.10128894 -0.48718481 0.85769467 -0.12942706
1779396336.34527254 -1.01037822 2.74632845 0.42612274 -0.10090415 -0.48693484 0.85800487 -0.12860969
1779396336.35557318 -1.00063118 2.74933692 0.42255107 -0.10009804 -0.48610207 0.85881855 -0.12694823
1779396336.36606312 -0.99059559 2.75234617 0.41860126 -0.09966661 -0.48526128 0.85958011 -0.12533988
1779396336.37635350 -0.98400523 2.75426271 0.41450187 -0.09881810 -0.48443771 0.86029949 -0.12425730
1779396336.38671994 -0.98128653 2.75331875 0.41869310 -0.09761884 -0.48497463 0.86024411 -0.12349184
1779396336.39703751 -0.97334015 2.75499934 0.41781012 -0.09651382 -0.48458975 0.86079931 -0.12199346
1779396336.40733528 -0.96361229 2.75792085 0.41348707 -0.09622573 -0.48373929 0.86152408 -0.12047061
1779396336.41771221 -0.95783070 2.75943732 0.41054449 -0.09579485 -0.48317521 0.86201772 -0.11954294
1779396336.41789055 -0.95631431 2.75947261 0.41136839 -0.09547281 -0.48325845 0.86205309 -0.11920855
1779396336.42803383 -0.95144055 2.75988769 0.41330511 -0.09444496 -0.48338917 0.86224002 -0.11814062
1779396336.43837428 -0.94375138 2.76167105 0.41020461 -0.09379587 -0.48276396 0.86283873 -0.11683583
1779396336.44873333 -0.93604391 2.76284383 0.41060248 -0.09296230 -0.48265327 0.86318436 -0.11539753
1779396336.45907640 -0.92797577 2.76449156 0.41045734 -0.09276117 -0.48249492 0.86347634 -0.11402902
1779396336.46936345 -0.92032314 2.76626136 0.40776636 -0.09224460 -0.48194557 0.86400621 -0.11275047
1779396336.47970223 -0.90255355 2.77126745 0.40448528 -0.09219423 -0.48106373 0.86488320 -0.10979510
1779396336.49002266 -0.89999266 2.76918892 0.41440018 -0.09077113 -0.48248486 0.86436119 -0.10885170
1779396336.49022150 -0.90091692 2.76800073 0.41679294 -0.08990911 -0.48282516 0.86427111 -0.10877347
1779396336.50036430 -0.88497016 2.77561742 0.39828633 -0.09118569 -0.47974113 0.86609986 -0.10679259
1779396336.51071072 -0.87791750 2.77481754 0.40623034 -0.09003712 -0.48083917 0.86580607 -0.10519916
1779396336.52100849 -0.87721737 2.77078946 0.42013892 -0.08710974 -0.48281354 0.86513558 -0.10413170
1779396336.53129816 -0.87016566 2.77264208 0.41639460 -0.08667962 -0.48210256 0.86571474 -0.10296479
1779396336.54164004 -0.85983531 2.77375691 0.41934561 -0.08580979 -0.48234858 0.86589782 -0.10098266
1779396336.55191970 -0.84967646 2.77427724 0.42500726 -0.08485536 -0.48301689 0.86585530 -0.09893860
1779396336.56224799 -0.84081944 2.77474495 0.42789113 -0.08408507 -0.48334847 0.86593660 -0.09725105
1779396336.57259512 -0.83303140 2.77588416 0.42827840 -0.08358044 -0.48326750 0.86618873 -0.09583270
1779396336.58294988 -0.82482930 2.77610141 0.43369207 -0.08281535 -0.48393351 0.86607434 -0.09415521
1779396336.58314586 -0.82293934 2.77589010 0.43573094 -0.08248107 -0.48420446 0.86600175 -0.09372233
1779396336.59328389 -0.81495469 2.77787632 0.42988140 -0.08216924 -0.48322611 0.86670945 -0.09249574
1779396336.60359430 -0.80568340 2.77749418 0.43897491 -0.08146813 -0.48448371 0.86627771 -0.09056158
1779396336.61396646 -0.79688201 2.77726361 0.44434671 -0.08023903 -0.48512609 0.86622465 -0.08870867
1779396336.62425303 -0.79258704 2.77682638 0.44436753 -0.07974153 -0.48514518 0.86633241 -0.08799768
1779396336.63456559 -0.77724634 2.77815842 0.45036697 -0.07868759 -0.48573198 0.86639960 -0.08499664
1779396336.64488196 -0.76941030 2.77890428 0.45144368 -0.07786444 -0.48574011 0.86661942 -0.08345331
1779396336.65522838 -0.76199192 2.77943256 0.45080090 -0.07686128 -0.48550589 0.86697686 -0.08202131
1779396336.66553688 -0.75326690 2.77942978 0.45386911 -0.07537842 -0.48574491 0.86714802 -0.08015171
1779396336.67584324 -0.74654402 2.77940488 0.45626807 -0.07464619 -0.48599643 0.86719218 -0.07882344
1779396336.68617773 -0.73187163 2.78075320 0.46048977 -0.07381528 -0.48635258 0.86731350 -0.07602477
1779396336.69642019 -0.72021971 2.78149264 0.46275954 -0.07270833 -0.48644981 0.86755082 -0.07372688
1779396336.70676970 -0.70877763 2.78193124 0.46607757 -0.07156662 -0.48671675 0.86768794 -0.07143296
1779396336.71704745 -0.70180302 2.78329782 0.46162707 -0.07110478 -0.48590839 0.86827681 -0.07023191
1779396336.72735810 -0.68970740 2.78454677 0.46252724 -0.07000116 -0.48577336 0.86862970 -0.06787135
1779396336.73763227 -0.68126956 2.78325715 0.46917289 -0.06900342 -0.48666877 0.86834343 -0.06611901
1779396336.74797797 -0.67105182 2.78463366 0.46859830 -0.06799556 -0.48632774 0.86876433 -0.06411293
1779396336.75824761 -0.65705218 2.78505261 0.47265925 -0.06716892 -0.48676413 0.86877619 -0.06145695
1779396336.76848936 -0.64667848 2.78538597 0.47355917 -0.06600146 -0.48670158 0.86904593 -0.05936793
1779396336.77879643 -0.63905219 2.78480279 0.47836903 -0.06553977 -0.48733907 0.86882330 -0.05788989
1779396336.77899504 -0.63606331 2.78487010 0.47897681 -0.06532426 -0.48740311 0.86884230 -0.05730626
1779396336.78909707 -0.62703403 2.78543364 0.47964857 -0.06486688 -0.48737136 0.86900292 -0.05563603
1779396336.79939747 -0.61910199 2.78455130 0.48395858 -0.06365582 -0.48788846 0.86890999 -0.05392777
1779396336.80975223 -0.60548329 2.78484904 0.48695101 -0.06238484 -0.48812737 0.86903439 -0.05117647
1779396336.82004976 -0.59880821 2.78435600 0.49025339 -0.06223931 -0.48858691 0.86885791 -0.04995024
1779396336.83034492 -0.58615049 2.78483043 0.49096128 -0.06130154 -0.48851247 0.86910314 -0.04751226
1779396336.84067750 -0.57765770 2.78371611 0.49629339 -0.06029740 -0.48921118 0.86887583 -0.04573227
1779396336.85099483 -0.57278645 2.78267616 0.49996565 -0.05976592 -0.48973363 0.86867067 -0.04472440
1779396336.85115504 -0.56996485 2.78280174 0.50014691 -0.05951891 -0.48971595 0.86872601 -0.04416903
1779396336.86134839 -0.56268231 2.78232521 0.50287535 -0.05881229 -0.49004448 0.86866235 -0.04269935
1779396336.87165761 -0.55562067 2.78024291 0.51039687 -0.05802169 -0.49115512 0.86816108 -0.04118818
1779396336.88197732 -0.54581153 2.78074756 0.50952180 -0.05702729 -0.49086755 0.86848039 -0.03922678
1779396336.89234328 -0.54026121 2.77978360 0.51332082 -0.05646582 -0.49141426 0.86825874 -0.03808403
1779396336.90271235 -0.53233698 2.77875200 0.51745760 -0.05586623 -0.49201673 0.86802448 -0.03649667
1779396336.91307402 -0.51827878 2.77884847 0.52151674 -0.05578072 -0.49254433 0.86783457 -0.03393755
1779396336.92342663 -0.51108590 2.77783932 0.52504331 -0.05534327 -0.49310767 0.86759593 -0.03254606
1779396336.93377733 -0.50510046 2.77670751 0.53035528 -0.05456063 -0.49388077 0.86725370 -0.03124013
1779396336.94408512 -0.50080452 2.77467940 0.53686818 -0.05374691 -0.49494227 0.86673513 -0.03022644
1779396336.95439410 -0.49137441 2.77450399 0.53896690 -0.05326448 -0.49527003 0.86663898 -0.02841422
1779396336.96475315 -0.48478335 2.77386859 0.54243338 -0.05319957 -0.49585922 0.86634534 -0.02718797
1779396336.97505140 -0.47328489 2.77421472 0.54364948 -0.05326488 -0.49609669 0.86626688 -0.02515198
1779396336.98535752 -0.46450167 2.77347303 0.54758792 -0.05327637 -0.49681794 0.86589779 -0.02354957
1779396336.99576139 -0.46053905 2.77202822 0.55361601 -0.05325118 -0.49786107 0.86531989 -0.02280699
1779396336.99595308 -0.46117381 2.77100360 0.55674695 -0.05347225 -0.49844693 0.86496476 -0.02296403
1779396337.00606322 -0.45143511 2.77105343 0.55876513 -0.05273285 -0.49874940 0.86488618 -0.02098029
1779396337.01642847 -0.44446206 2.76967769 0.56456074 -0.05238179 -0.49978278 0.86434362 -0.01958146
1779396337.02672577 -0.45352724 2.76390811 0.58085817 -0.05381376 -0.50286239 0.86242044 -0.02155170
1779396337.03706789 -0.44845509 2.76291044 0.58475876 -0.05361913 -0.50356828 0.86204494 -0.02055470
1779396337.03725004 -0.44478553 2.76303613 0.58587213 -0.05379249 -0.50376234 0.86193524 -0.01993794
1779396337.04736090 -0.43860743 2.76170380 0.59197787 -0.05336329 -0.50477891 0.86139567 -0.01865779
1779396337.05772614 -0.43300347 2.76024884 0.59707489 -0.05322125 -0.50574188 0.86086203 -0.01758449
1779396337.06802845 -0.42432633 2.75868497 0.60436351 -0.05289358 -0.50695608 0.86020140 -0.01585414
1779396337.07837462 -0.41876886 2.75834167 0.60567603 -0.05283515 -0.50725778 0.86004529 -0.01483546
1779396337.08871341 -0.41259937 2.75717615 0.60960254 -0.05256338 -0.50798323 0.85965328 -0.01365196
1779396337.09904623 -0.40519819 2.75633863 0.61279330 -0.05224771 -0.50854780 0.85935975 -0.01225297
1779396337.10933638 -0.40225214 2.75558305 0.61396307 -0.05198333 -0.50883144 0.85921618 -0.01165565
1779396337.10951924 -0.40136099 2.75528730 0.61476271 -0.05177538 -0.50897544 0.85914634 -0.01144004
1779396337.11963344 -0.39897937 2.75471578 0.61527766 -0.05121473 -0.50911187 0.85910625 -0.01089058
1779396337.12993836 -0.39316928 2.75432134 0.61507172 -0.05069466 -0.50913640 0.85913667 -0.00971409
1779396337.14022732 -0.39072245 2.75321058 0.61666566 -0.04988643 -0.50946178 0.85899789 -0.00909199
1779396337.15053439 -0.38711331 2.75284290 0.61648921 -0.04936357 -0.50947004 0.85903091 -0.00833121
1779396337.16092467 -0.38382225 2.75203754 0.61668561 -0.04890380 -0.50960333 0.85898432 -0.00766847
1779396337.17125297 -0.37479278 2.75209941 0.61690894 -0.04846145 -0.50962836 0.85900821 -0.00594355
1779396337.18160868 -0.37035077 2.75189354 0.61642856 -0.04842765 -0.50962198 0.85901884 -0.00517980
1779396337.18179369 -0.36838947 2.75202885 0.61551374 -0.04837669 -0.50949466 0.85909927 -0.00483009
1779396337.19187188 -0.36505504 2.75122423 0.61686187 -0.04786826 -0.50975219 0.85897892 -0.00406866
1779396337.20217776 -0.35994460 2.75035149 0.61794082 -0.04734781 -0.50999257 0.85886936 -0.00303161
1779396337.21248722 -0.35349526 2.75032842 0.61608884 -0.04662959 -0.50974459 0.85905957 -0.00167291
1779396337.22277236 -0.34994916 2.74995396 0.61538884 -0.04618510 -0.50970191 0.85911001 -0.00093651
1779396337.23310256 -0.34482839 2.74915510 0.61533658 -0.04521174 -0.50975736 0.85912936 0.00026810
1779396337.24342299 -0.34217205 2.74730694 0.61945181 -0.04393068 -0.51046143 0.85877699 0.00114580
1779396337.25374413 -0.33715634 2.74731919 0.61709448 -0.04374824 -0.51019796 0.85894112 0.00207099
1779396337.25396943 -0.33672710 2.74680431 0.61777871 -0.04349737 -0.51034162 0.85886810 0.00223664
1779396337.26411390 -0.33379874 2.74559503 0.62011723 -0.04268300 -0.51077287 0.85865017 0.00302082
1779396337.27446890 -0.32776084 2.74412526 0.62334645 -0.04192937 -0.51137963 0.85832027 0.00437191
1779396337.28478384 -0.32316874 2.74260806 0.62602090 -0.04103293 -0.51191779 0.85803619 0.00551129
1779396337.29507065 -0.31902836 2.74114084 0.62977129 -0.04051860 -0.51259985 0.85764677 0.00645426
1779396337.30537629 -0.31200872 2.74019969 0.63106865 -0.03962723 -0.51290201 0.85749434 0.00804188
1779396337.31572795 -0.31101941 2.73763766 0.63688468 -0.03860432 -0.51398027 0.85688975 0.00859909
1779396337.32612491 -0.30918971 2.73655660 0.63798478 -0.03816884 -0.51429306 0.85671612 0.00912539
1779396337.32642603 -0.30762328 2.73625413 0.63849239 -0.03811697 -0.51441464 0.85664182 0.00945896
1779396337.33653021 -0.30061854 2.73540913 0.64089277 -0.03766966 -0.51485634 0.85637885 0.01091844
1779396337.34697533 -0.29526212 2.73386954 0.64396189 -0.03723562 -0.51548960 0.85600018 0.01215182
1779396337.35756588 -0.28900775 2.73259018 0.64640581 -0.03660532 -0.51599655 0.85570053 0.01357227
1779396337.36799884 -0.28332645 2.73116631 0.64894942 -0.03604934 -0.51653290 0.85537856 0.01489023
1779396337.37836337 -0.27791224 2.73037858 0.65050413 -0.03562013 -0.51685460 0.85518074 0.01607616
1779396337.38873434 -0.27474669 2.72884946 0.65245183 -0.03495165 -0.51731802 0.85491058 0.01698103
1779396337.39905643 -0.27067874 2.72749521 0.65467015 -0.03425340 -0.51779182 0.85463009 0.01804840
1779396337.40940905 -0.26643994 2.72618754 0.65662363 -0.03369506 -0.51823986 0.85435739 0.01911918
1779396337.41969728 -0.26285493 2.72543420 0.65699991 -0.03330574 -0.51839825 0.85425609 0.02001295
1779396337.42995954 -0.25670725 2.72398288 0.66000660 -0.03305075 -0.51898984 0.85387416 0.02135693
1779396337.44028068 -0.25163733 2.72319536 0.66003334 -0.03245989 -0.51910204 0.85379689 0.02258966
1779396337.45064116 -0.24616087 2.72220736 0.66185167 -0.03240251 -0.51948357 0.85353575 0.02374067
1779396337.46099257 -0.23921651 2.72176549 0.66077232 -0.03213136 -0.51943342 0.85353361 0.02523650
1779396337.47136402 -0.23877636 2.72044177 0.66187345 -0.03133955 -0.51973470 0.85336591 0.02569627
1779396337.48176098 -0.23577700 2.71928219 0.66192564 -0.03090694 -0.51990715 0.85325014 0.02656163
1779396337.49204254 -0.23215363 2.71855102 0.66261478 -0.03046807 -0.52008969 0.85312595 0.02746870
1779396337.50237155 -0.22840928 2.71725395 0.66428997 -0.02999940 -0.52047578 0.85287478 0.02845372
1779396337.51269341 -0.22173850 2.71699370 0.66270302 -0.03000740 -0.52037308 0.85288949 0.02984859
1779396337.52292490 -0.21787388 2.71566573 0.66626199 -0.02994356 -0.52102829 0.85246087 0.03071426
1779396337.53325629 -0.21449197 2.71593405 0.66196179 -0.02950800 -0.52051443 0.85275631 0.03163367
1779396337.54373837 -0.20728406 2.71558694 0.66178596 -0.02911574 -0.52058568 0.85266516 0.03324078
1779396337.55402589 -0.20377826 2.71518747 0.66108895 -0.02846552 -0.52059854 0.85263925 0.03425182
1779396337.56438160 -0.20319157 2.71474506 0.65988623 -0.02829147 -0.52057292 0.85264832 0.03455813
1779396337.57467604 -0.19774168 2.71497639 0.65748320 -0.02738142 -0.52027460 0.85280054 0.03599762
1779396337.58499146 -0.19380852 2.71470940 0.65649528 -0.02690456 -0.52025607 0.85278166 0.03705681
1779396337.59529066 -0.19249985 2.71505111 0.65300888 -0.02670567 -0.51985549 0.85301192 0.03751982
1779396337.60570240 -0.18831402 2.71567184 0.64909074 -0.02579410 -0.51933661 0.85330128 0.03874361
1779396337.61605859 -0.18486676 2.71609913 0.64549187 -0.02534348 -0.51891344 0.85352784 0.03970858
1779396337.62635374 -0.17744206 2.71700548 0.64049302 -0.02498529 -0.51824096 0.85386635 0.04140397
1779396337.63667250 -0.17524510 2.71689599 0.63959588 -0.02461085 -0.51821307 0.85386131 0.04207592
1779396337.64701486 -0.17408688 2.71809825 0.63241224 -0.02407146 -0.51724509 0.85443438 0.04266114
1779396337.65732050 -0.16835429 2.71845553 0.62901077 -0.02409397 -0.51687400 0.85459284 0.04395249
1779396337.66772723 -0.16520631 2.71912945 0.62469839 -0.02393030 -0.51631074 0.85489680 0.04474397
1779396337.66790771 -0.16030851 2.71942108 0.62375262 -0.02414225 -0.51617701 0.85492476 0.04562996
1779396337.67802811 -0.16206093 2.71979554 0.61951996 -0.02385159 -0.51567789 0.85523739 0.04556779
1779396337.68828106 -0.15865667 2.72000085 0.61583701 -0.02419352 -0.51532339 0.85539934 0.04635135
1779396337.69867086 -0.15506985 2.72054092 0.61087454 -0.02420159 -0.51471623 0.85571623 0.04723569
1779396337.70895863 -0.15280007 2.72086068 0.60702864 -0.02452063 -0.51429239 0.85593489 0.04772372
1779396337.71929812 -0.14860978 2.72111239 0.60276923 -0.02497698 -0.51383821 0.85614462 0.04860894
1779396337.72964334 -0.14475687 2.72138987 0.59796871 -0.02537721 -0.51331751 0.85639856 0.04942307
1779396337.74000216 -0.14491655 2.72159208 0.59299795 -0.02568772 -0.51278991 0.85669775 0.04955422
1779396337.75028801 -0.14205488 2.72164489 0.58969201 -0.02606916 -0.51245111 0.85685475 0.05014170
1779396337.76064277 -0.14398300 2.72114031 0.58707425 -0.02577853 -0.51228525 0.85696419 0.05011651
1779396337.77095747 -0.14179412 2.72068450 0.58471388 -0.02633414 -0.51218158 0.85698119 0.05059429
1779396337.78125763 -0.14081511 2.72076523 0.58094696 -0.02660304 -0.51180594 0.85718181 0.05085566
1779396337.79155135 -0.13358917 2.72019494 0.57987780 -0.02726260 -0.51185948 0.85704789 0.05220665
1779396337.80187893 -0.13391352 2.71992270 0.57585613 -0.02721935 -0.51150446 0.85724776 0.05242693
1779396337.81221247 -0.13471797 2.71960319 0.57376961 -0.02698646 -0.51136659 0.85733216 0.05251202
1779396337.81239748 -0.13100461 2.71958211 0.57295226 -0.02748655 -0.51130974 0.85731502 0.05308298
1779396337.82246852 -0.13307527 2.71886778 0.57182459 -0.02741005 -0.51135771 0.85729958 0.05290951
1779396337.83276653 -0.12639397 2.71864604 0.56938781 -0.02697960 -0.51112193 0.85735291 0.05452036
1779396337.84303474 -0.12751679 2.71757907 0.56868151 -0.02688519 -0.51131511 0.85723717 0.05457540
1779396337.85332990 -0.12689784 2.71754026 0.56534797 -0.02676868 -0.51098471 0.85741924 0.05486634
1779396337.86367106 -0.12600166 2.71635745 0.56495744 -0.02652868 -0.51120006 0.85726583 0.05537172
1779396337.87403917 -0.12357427 2.71561559 0.56389234 -0.02598641 -0.51123592 0.85720723 0.05619882
1779396337.88436007 -0.11737560 2.71562316 0.56058568 -0.02633444 -0.51089519 0.85732091 0.05738863
1779396337.88454509 -0.12084612 2.71555269 0.55946018 -0.02572846 -0.51077578 0.85743562 0.05701152
1779396337.89471626 -0.12356166 2.71471160 0.55836511 -0.02542709 -0.51083745 0.85742182 0.05680119
1779396337.90510464 -0.12125781 2.71426025 0.55571980 -0.02481003 -0.51061175 0.85751747 0.05765311
1779396337.91552329 -0.11741600 2.71399500 0.55304604 -0.02518128 -0.51040664 0.85757523 0.05844379
1779396337.92581773 -0.11659928 2.71352239 0.54993100 -0.02462133 -0.51012809 0.85771764 0.05902172
1779396337.93618894 -0.11770412 2.71290709 0.54654317 -0.02468069 -0.50991967 0.85783790 0.05905033
1779396337.94649076 -0.11021688 2.71249847 0.54434450 -0.02428505 -0.50971389 0.85784550 0.06085294
1779396337.95678520 -0.10899138 2.71207058 0.54064174 -0.02391237 -0.50937082 0.85801740 0.06144676
1779396337.96713543 -0.10743258 2.71174681 0.53800922 -0.02385942 -0.50915254 0.85811070 0.06197126
1779396337.97744966 -0.10641157 2.71082012 0.53615772 -0.02331261 -0.50908968 0.85811628 0.06261516
1779396337.98777509 -0.10196977 2.71019168 0.53347034 -0.02321795 -0.50890117 0.85814691 0.06375263
1779396337.99807310 -0.09977829 2.70964070 0.53120202 -0.02328357 -0.50874856 0.85818938 0.06437210
1779396338.00836611 -0.09625679 2.70874740 0.52957055 -0.02270462 -0.50869266 0.85815313 0.06549417
1779396338.01871347 -0.09551262 2.70807800 0.52600893 -0.02257179 -0.50842401 0.85827845 0.06598217
1779396338.02903390 -0.09352607 2.70652844 0.52716108 -0.02192704 -0.50882308 0.85799103 0.06685551
1779396338.03933477 -0.09140405 2.70569748 0.52575751 -0.02187234 -0.50881850 0.85794390 0.06751004
1779396338.04964423 -0.09038791 2.70505453 0.52234034 -0.02140459 -0.50852885 0.85807698 0.06814792
1779396338.06001163 -0.08528708 2.70380878 0.52125854 -0.02153470 -0.50863171 0.85791297 0.06939286
1779396338.07030869 -0.08485748 2.70330285 0.51878429 -0.02127994 -0.50844529 0.85799940 0.06976804
1779396338.08066225 -0.08180573 2.70217944 0.51706673 -0.02111255 -0.50844114 0.85792708 0.07073186
1779396338.09095335 -0.08336958 2.70086195 0.51580236 -0.02111387 -0.50860491 0.85782782 0.07075786
1779396338.10125136 -0.07653903 2.69951637 0.51599373 -0.02091597 -0.50885130 0.85754574 0.07244437
1779396338.11159968 -0.07832499 2.69840453 0.51608667 -0.02054823 -0.50911127 0.85740016 0.07244617
1779396338.12190342 -0.07256801 2.69737930 0.51355993 -0.02122223 -0.50905036 0.85731595 0.07366625
1779396338.13228393 -0.06918667 2.69527822 0.51706466 -0.02029752 -0.50980802 0.85677757 0.07493984
1779396338.14265680 -0.06736384 2.69508327 0.51209311 -0.02105036 -0.50932837 0.85701154 0.07531744
1779396338.15304422 -0.06898739 2.69335245 0.51328661 -0.02009954 -0.50978529 0.85673364 0.07564677
1779396338.16338730 -0.06575620 2.69274549 0.50914401 -0.02016769 -0.50942881 0.85686006 0.07659243
1779396338.17368674 -0.06231267 2.69104315 0.51041297 -0.01972886 -0.50988736 0.85649387 0.07774248
1779396338.18403244 -0.05729101 2.68996155 0.51052811 -0.01974627 -0.51008974 0.85626004 0.07897644
1779396338.19437289 -0.05370779 2.68880138 0.50893045 -0.01991033 -0.51013703 0.85613581 0.07997037
1779396338.20469427 -0.05176004 2.68753602 0.50779503 -0.01987820 -0.51027082 0.85598555 0.08072973
1779396338.21502161 -0.04586577 2.68629387 0.50684727 -0.01971029 -0.51035448 0.85578986 0.08230143
1779396338.22531557 -0.04880013 2.68581169 0.50340390 -0.01970520 -0.51009508 0.85597000 0.08203710
1779396338.23566079 -0.03952239 2.68371199 0.50645838 -0.01982898 -0.51080641 0.85533823 0.08414358
1779396338.24603057 -0.04180315 2.68344695 0.50280538 -0.01964426 -0.51047798 0.85554874 0.08403985
1779396338.24621081 -0.04023382 2.68302477 0.50288633 -0.01962970 -0.51055788 0.85546126 0.08444737
1779396338.25635457 -0.03032613 2.68159816 0.50433992 -0.02050978 -0.51097659 0.85500322 0.08632365
1779396338.26674652 -0.03052775 2.68020086 0.50368350 -0.02028658 -0.51118716 0.85484002 0.08674491
1779396338.27706194 -0.02622764 2.67917643 0.50115056 -0.02012637 -0.51104188 0.85480323 0.08799188
1779396338.28737116 -0.02070295 2.67757502 0.50158539 -0.02017994 -0.51135797 0.85446419 0.08942455
1779396338.29778934 -0.01738169 2.67666596 0.50029160 -0.02003043 -0.51134654 0.85437261 0.09039327
1779396338.30813956 -0.01365036 2.67504290 0.50067357 -0.02046523 -0.51170973 0.85404356 0.09134511
1779396338.31844187 -0.01469085 2.67393189 0.49904844 -0.01965458 -0.51169622 0.85402210 0.09179826
1779396338.32875633 -0.01189246 2.67331921 0.49612699 -0.01982151 -0.51144113 0.85408496 0.09259567
1779396338.32894373 -0.01093575 2.67299573 0.49607532 -0.01970766 -0.51148838 0.85402688 0.09289421
1779396338.33906054 -0.00577073 2.67182837 0.49610337 -0.01973565 -0.51164916 0.85379157 0.09415729
1779396338.34935236 -0.00483502 2.67057042 0.49503905 -0.01992038 -0.51177948 0.85365223 0.09467208
1779396338.35967922 0.00040532 2.67000726 0.49030444 -0.02003411 -0.51125698 0.85380945 0.09604347
1779396338.36998200 0.00267354 2.66914257 0.48907631 -0.01945447 -0.51119628 0.85375836 0.09693582
1779396338.38029623 0.00317502 2.66778056 0.48806034 -0.01911204 -0.51128659 0.85364154 0.09755449
1779396338.39062047 0.00481353 2.66693480 0.48496758 -0.01941393 -0.51108032 0.85369098 0.09814132
1779396338.40096092 0.01184221 2.66565739 0.48499508 -0.01940042 -0.51122057 0.85341543 0.09979605
1779396338.40114737 0.01139653 2.66546797 0.48430715 -0.01927927 -0.51117042 0.85344310 0.09983980
1779396338.41125607 0.03070585 2.66327785 0.48782299 -0.02100640 -0.51186537 0.85259020 0.10316265
1779396338.42158580 0.00885250 2.66405450 0.47944223 -0.01863737 -0.51084676 0.85360835 0.10020494
1779396338.43194413 0.03406297 2.66157173 0.48097359 -0.02037861 -0.51122400 0.85279001 0.10480427
1779396338.44229436 0.01328570 2.66151252 0.47900493 -0.01814562 -0.51117627 0.85322301 0.10188256
1779396338.45266891 0.01832891 2.66101949 0.47375245 -0.01874752 -0.51058135 0.85342652 0.10304558
1779396338.46298647 0.01904167 2.65979721 0.47336026 -0.01778845 -0.51069014 0.85328320 0.10386013
1779396338.47328997 0.01947416 2.65900855 0.47125327 -0.01756454 -0.51054313 0.85331907 0.10432529
1779396338.47348142 0.01877455 2.65887275 0.47027158 -0.01766670 -0.51046486 0.85337362 0.10424481
1779396338.48357034 0.01742095 2.65885380 0.46525125 -0.01754113 -0.50985461 0.85373476 0.10429548
1779396338.49383521 0.04300938 2.65625782 0.46741263 -0.01962887 -0.51035355 0.85282429 0.10883332
1779396338.50408888 0.02259437 2.65662056 0.46165456 -0.01741533 -0.50973208 0.85359035 0.10608219
1779396338.51434159 0.02799646 2.65605212 0.45876697 -0.01758445 -0.50941423 0.85361843 0.10734756
1779396338.52466154 0.02411326 2.65542188 0.45482174 -0.01727452 -0.50907546 0.85386548 0.10703974
1779396338.53495002 0.02495395 2.65386537 0.45590662 -0.01623280 -0.50938980 0.85358819 0.10791536
1779396338.54520321 0.02248828 2.65374472 0.45110998 -0.01617091 -0.50885168 0.85393337 0.10773235
1779396338.55548477 0.02679239 2.65292156 0.44839157 -0.01595643 -0.50859672 0.85393041 0.10898454
1779396338.56576085 0.02874070 2.65142190 0.44833126 -0.01598161 -0.50884107 0.85369262 0.10970081
1779396338.57604480 0.05047328 2.65008252 0.44611480 -0.01805571 -0.50861572 0.85330259 0.11339634
1779396338.57624435 0.03037423 2.65127428 0.44207026 -0.01570652 -0.50804439 0.85407282 0.11047096
1779396338.58638382 0.02728405 2.65007613 0.44281891 -0.01537125 -0.50838216 0.85391088 0.11021576
1779396338.59671569 0.02881712 2.64974597 0.43716894 -0.01489415 -0.50766581 0.85423817 0.11104384
1779396338.60700250 0.02395932 2.64901477 0.43433338 -0.01421906 -0.50747222 0.85441434 0.11066117
1779396338.61724353 0.02856849 2.64828761 0.43208266 -0.01408673 -0.50724947 0.85439266 0.11186029
1779396338.62752938 0.02973991 2.64692361 0.43241027 -0.01380022 -0.50753679 0.85414623 0.11247301
1779396338.63774991 0.02780667 2.64618055 0.42872735 -0.01377254 -0.50724671 0.85432319 0.11244096
1779396338.64801931 0.02757084 2.64554100 0.42739926 -0.01330078 -0.50721188 0.85430788 0.11277075
1779396338.65837097 0.02630548 2.64444695 0.42575409 -0.01257482 -0.50716263 0.85430804 0.11307392
1779396338.66864657 0.02690740 2.64377807 0.42235755 -0.01241982 -0.50687724 0.85441874 0.11353336
1779396338.67887807 0.02266861 2.64302181 0.42154267 -0.01118480 -0.50688586 0.85445163 0.11337564
1779396338.68917012 0.02218039 2.64212708 0.41909538 -0.01100853 -0.50676041 0.85449650 0.11361531
1779396338.69944978 0.02358945 2.64088170 0.41866042 -0.01034241 -0.50690305 0.85431795 0.11438164
1779396338.70976806 0.02192314 2.64033864 0.41466685 -0.00942118 -0.50646275 0.85455381 0.11464951
1779396338.72010159 0.02251486 2.63933011 0.41486890 -0.00923096 -0.50669677 0.85436688 0.11502352
1779396338.73041821 0.01784758 2.63894500 0.41067206 -0.00787181 -0.50620604 0.85469309 0.11486163
1779396338.74078870 0.01769948 2.63777533 0.40976674 -0.00687317 -0.50626466 0.85459513 0.11539501
1779396338.75110531 0.02017865 2.63675558 0.40797515 -0.00565892 -0.50610584 0.85454279 0.11653954
1779396338.76139927 0.01793135 2.63622101 0.40589700 -0.00430857 -0.50586308 0.85466631 0.11674533
1779396338.77166700 0.01585795 2.63536887 0.40365199 -0.00273711 -0.50564462 0.85475237 0.11710853
1779396338.78201771 0.01487550 2.63457159 0.40042879 -0.00093025 -0.50521281 0.85491981 0.11777639
1779396338.79231930 0.01493013 2.63405089 0.39721480 0.00061187 -0.50471647 0.85511074 0.11851805
1779396338.80266023 0.01709778 2.63329458 0.39394311 0.00326851 -0.50411454 0.85524237 0.12007641
1779396338.81295872 0.01616311 2.63297174 0.38696243 0.00489782 -0.50305884 0.85576256 0.12074044
1779396338.82322216 0.01734424 2.63271820 0.38174912 0.00678348 -0.50216196 0.85611805 0.12185743
1779396338.83356500 0.02144856 2.63197667 0.37752150 0.00915483 -0.50139982 0.85626988 0.12375906
1779396338.84386992 0.04839677 2.62979126 0.37600836 0.00946473 -0.50112844 0.85559880 0.12934995
1779396338.85424900 0.03789883 2.63102145 0.36326214 0.01364017 -0.49886948 0.85688743 0.12917863
1779396338.86460495 0.03649742 2.63070963 0.35572440 0.01662327 -0.49755886 0.85741975 0.13034652
1779396338.87486172 0.04067108 2.62978147 0.35284216 0.01945846 -0.49699382 0.85736473 0.13245467
1779396338.88511896 0.07521199 2.62698675 0.35157662 0.01931491 -0.49687683 0.85633139 0.13941632
1779396338.89542103 0.07635852 2.62450348 0.35950446 0.01896668 -0.49843776 0.85539779 0.13962341
1779396338.90570545 0.08936422 2.62379139 0.35195821 0.02239093 -0.49710650 0.85540071 0.14378245
1779396338.91600490 0.09570392 2.62241876 0.35027863 0.02325427 -0.49708733 0.85506976 0.14566786
1779396338.92631006 0.10600446 2.61812579 0.36476506 0.02355317 -0.49973859 0.85313638 0.14786786
1779396338.93662190 0.11272900 2.61633349 0.36765520 0.02567455 -0.50028261 0.85236575 0.15010249
1779396338.94698000 0.13443636 2.61493183 0.36135673 0.02928164 -0.49921993 0.85181761 0.15597697
1779396338.95729232 0.14748863 2.61262491 0.36366297 0.03183404 -0.49969972 0.85077175 0.15960643
1779396338.96760702 0.15102504 2.61123855 0.36461148 0.03375389 -0.49996385 0.85025457 0.16113347
1779396338.97792840 0.16182522 2.60853641 0.36914792 0.03637362 -0.50083210 0.84903403 0.16427228
1779396338.98826361 0.16842065 2.60672510 0.37000229 0.03901026 -0.50108375 0.84830263 0.16666109
1779396338.99856520 0.17620805 2.60479579 0.37083253 0.04179758 -0.50129293 0.84752414 0.16929618
1779396339.00885677 0.18035854 2.60389069 0.36896805 0.04395530 -0.50101164 0.84723692 0.17101132
1779396339.01915574 0.18267487 2.60285049 0.36563443 0.04779101 -0.50039001 0.84697742 0.17307545
1779396339.02945948 0.18367155 2.60224782 0.36016167 0.05134754 -0.49942234 0.84698090 0.17482594
1779396339.03979731 0.19995545 2.59991640 0.36114907 0.05221558 -0.49971421 0.84603308 0.17828988
1779396339.05014181 0.20110617 2.59940003 0.35360552 0.05668033 -0.49827653 0.84612266 0.18051116
1779396339.06049061 0.20891885 2.59793345 0.34952577 0.05870584 -0.49768528 0.84580284 0.18297691
1779396339.07076335 0.21746955 2.59616155 0.34654039 0.06120557 -0.49722032 0.84529366 0.18575377
1779396339.08105803 0.22695948 2.59455119 0.34310924 0.06210951 -0.49682101 0.84493823 0.18812408
1779396339.09138703 0.23873704 2.59215497 0.34122387 0.06314765 -0.49674168 0.84427069 0.19096357
1779396339.10169172 0.24716341 2.59013699 0.33827083 0.06474828 -0.49643958 0.84377994 0.19336704
1779396339.11199474 0.25289527 2.58836818 0.33715615 0.06584477 -0.49642064 0.84332965 0.19500289
1779396339.12234783 0.26120231 2.58594204 0.33526847 0.06772291 -0.49627958 0.84268841 0.19747515
1779396339.13266706 0.26977769 2.58370090 0.33158770 0.06965713 -0.49582576 0.84217628 0.20010953
1779396339.14304209 0.26960518 2.58123626 0.33984336 0.06877276 -0.49755908 0.84135463 0.19956865
1779396339.14322877 0.26876224 2.57988897 0.34569724 0.06779723 -0.49871307 0.84090208 0.19892838
1779396339.15340519 0.27131294 2.57831584 0.34410709 0.07011821 -0.49849907 0.84048827 0.20040353
1779396339.16377926 0.28332133 2.57524338 0.34322542 0.07089848 -0.49869301 0.83965675 0.20311384
1779396339.17407870 0.28703389 2.57324812 0.34080323 0.07364384 -0.49840287 0.83913740 0.20498678
1779396339.18442941 0.29071003 2.57117127 0.33957626 0.07438538 -0.49858160 0.83870848 0.20603709
1779396339.19478798 0.30048555 2.56833758 0.34078211 0.07666103 -0.49887716 0.83764959 0.20877700
1779396339.20508409 0.30683676 2.56578751 0.34057795 0.07756626 -0.49921341 0.83697491 0.21033887
1779396339.21539545 0.31543262 2.56279563 0.34082747 0.07854107 -0.49962779 0.83612549 0.21236183
1779396339.22570658 0.32223200 2.55996727 0.34370285 0.07927915 -0.50034761 0.83523353 0.21389724
1779396339.23605752 0.32918922 2.55777778 0.34149193 0.08099155 -0.50027499 0.83460250 0.21587955
1779396339.24635482 0.33650637 2.55456037 0.34405281 0.08123765 -0.50115403 0.83370148 0.21722551
1779396339.25664949 0.34132041 2.55247237 0.34550424 0.08062861 -0.50183254 0.83321428 0.21775465
1779396339.25683260 0.34298841 2.55189734 0.34506116 0.08080296 -0.50186510 0.83307951 0.21813031
1779396339.26695371 0.35026095 2.54925432 0.34674417 0.08100992 -0.50249096 0.83232323 0.21949549
1779396339.27724600 0.35565640 2.54692764 0.34453138 0.08190699 -0.50249700 0.83187376 0.22084849
1779396339.28754497 0.36019749 2.54448732 0.34525346 0.08297510 -0.50294890 0.83121101 0.22191394
1779396339.29790902 0.36538562 2.54224261 0.34603499 0.08299783 -0.50344218 0.83067673 0.22278578
1779396339.30822468 0.37060029 2.53978945 0.34605358 0.08394345 -0.50379665 0.83005192 0.22395591
1779396339.31848812 0.37173750 2.53819181 0.34399737 0.08458346 -0.50382035 0.82988637 0.22427506
1779396339.32880259 0.37747990 2.53584657 0.34644718 0.08599800 -0.50443789 0.82899323 0.22564790
1779396339.32902646 0.37822961 2.53539753 0.34575159 0.08620240 -0.50441444 0.82893454 0.22583789
1779396339.33921289 0.37949511 2.53363835 0.34722499 0.08705077 -0.50490370 0.82845200 0.22618953
1779396339.34954143 0.38333790 2.53219919 0.34576628 0.08727915 -0.50497239 0.82819828 0.22687627
1779396339.35984898 0.38669789 2.53021359 0.34389141 0.08920295 -0.50500654 0.82767890 0.22794487
1779396339.37015820 0.38138282 2.53062647 0.34006389 0.08999280 -0.50457498 0.82808328 0.22711994
1779396339.38045621 0.38633601 2.52881558 0.33837069 0.09055237 -0.50467403 0.82770350 0.22805988
1779396339.39072776 0.39044994 2.52759396 0.33371553 0.09128649 -0.50424615 0.82762839 0.22898439
1779396339.40101981 0.39209176 2.52598800 0.33490012 0.09161965 -0.50474231 0.82723011 0.22919726
1779396339.40120292 0.39134199 2.52637916 0.33136092 0.09204973 -0.50420137 0.82749642 0.22925421
1779396339.41130400 0.39435772 2.52538931 0.32916835 0.09184291 -0.50416929 0.82744797 0.22958237
1779396339.42161870 0.39376934 2.52458090 0.32625839 0.09293125 -0.50398129 0.82742072 0.22965540
1779396339.43199730 0.40057734 2.52285266 0.32205855 0.09420121 -0.50358837 0.82705536 0.23131002
1779396339.44231367 0.39901877 2.52228483 0.32094887 0.09392393 -0.50373103 0.82717384 0.23068765
1779396339.45259690 0.40211395 2.52087001 0.31852384 0.09460683 -0.50365393 0.82697549 0.23128729
1779396339.46288419 0.40620042 2.51939194 0.31496616 0.09635100 -0.50329760 0.82662943 0.23257643
1779396339.47313142 0.40288727 2.51956156 0.31133869 0.09672097 -0.50289796 0.82702094 0.23189450
1779396339.48341680 0.40499033 2.51834768 0.30796774 0.09823831 -0.50257695 0.82682389 0.23265405
1779396339.49370337 0.40953595 2.51712752 0.30229853 0.09823443 -0.50200971 0.82695609 0.23340926
1779396339.50402069 0.40718386 2.51685947 0.29783775 0.09923798 -0.50147898 0.82724006 0.23311915
1779396339.51428127 0.41382249 2.51544427 0.29333862 0.10030310 -0.50091648 0.82699058 0.23475209
1779396339.52458096 0.41416554 2.51439387 0.28983213 0.10088431 -0.50061983 0.82707580 0.23483560
1779396339.53485227 0.41401286 2.51414365 0.28275884 0.10273987 -0.49958572 0.82731399 0.23539368
1779396339.54513502 0.41538464 2.51344486 0.27867171 0.10322641 -0.49912275 0.82743194 0.23574812
1779396339.55547523 0.41721309 2.51199447 0.27985764 0.10350838 -0.49956749 0.82708215 0.23590985
1779396339.56573749 0.41847886 2.51094284 0.27306193 0.10388214 -0.49882790 0.82741302 0.23615021
1779396339.57599330 0.42071941 2.50973675 0.27182779 0.10449987 -0.49884508 0.82718845 0.23662760
1779396339.58632088 0.42052054 2.50944933 0.26441351 0.10464253 -0.49790656 0.82774642 0.23659008
1779396339.59661937 0.42428144 2.50782750 0.26234512 0.10492785 -0.49791060 0.82754674 0.23715307
1779396339.60683393 0.42538997 2.50715151 0.25637406 0.10534206 -0.49719369 0.82784255 0.23744093
1779396339.61711383 0.43083020 2.50576511 0.25233302 0.10500650 -0.49685235 0.82784135 0.23830668
1779396339.62747407 0.42842259 2.50582342 0.24711676 0.10548524 -0.49625833 0.82827612 0.23782181
1779396339.63778901 0.43145261 2.50448789 0.24423772 0.10580904 -0.49610763 0.82818857 0.23829679
1779396339.64814305 0.43398955 2.50374372 0.23869450 0.10526315 -0.49551127 0.82853972 0.23855854
1779396339.65844083 0.43611491 2.50263733 0.23595367 0.10528844 -0.49540056 0.82856305 0.23869626
1779396339.66880512 0.43834954 2.50162019 0.23115147 0.10515782 -0.49495940 0.82878008 0.23891549
1779396339.67911792 0.43530142 2.50189303 0.22525670 0.10589026 -0.49421210 0.82927731 0.23841310
1779396339.68942070 0.43781950 2.50076519 0.22376502 0.10612107 -0.49422316 0.82913667 0.23877642
1779396339.69976497 0.44055386 2.49969248 0.21929422 0.10599976 -0.49383850 0.82929924 0.23906138
1779396339.71006989 0.44244515 2.49833875 0.21749986 0.10658596 -0.49384126 0.82913928 0.23934975
1779396339.72043204 0.44439186 2.49751636 0.21503155 0.10679368 -0.49366568 0.82914298 0.23960641
1779396339.72062945 0.44411343 2.49755932 0.21307217 0.10710342 -0.49337572 0.82926286 0.23965049
1779396339.73077893 0.44460065 2.49689110 0.21009391 0.10715764 -0.49312364 0.82942099 0.23959786
1779396339.74107480 0.44592004 2.49592073 0.20697182 0.10831762 -0.49282958 0.82931272 0.24005564
1779396339.75143814 0.44806692 2.49472977 0.20361642 0.10913629 -0.49252982 0.82923466 0.24056918
1779396339.76179147 0.44792286 2.49446377 0.19926200 0.10940350 -0.49198992 0.82953097 0.24053100
1779396339.77211285 0.44920405 2.49344923 0.19585741 0.11010753 -0.49168328 0.82952918 0.24084275
1779396339.78244734 0.45326791 2.49187949 0.19270394 0.11061276 -0.49144648 0.82937866 0.24161169
1779396339.79282165 0.45714074 2.49060572 0.18939370 0.11080034 -0.49113827 0.82931505 0.24236962
1779396339.79300308 0.45882660 2.49012894 0.18877900 0.11099818 -0.49110452 0.82920724 0.24271611
1779396339.80311322 0.46025272 2.48926010 0.18596864 0.11144606 -0.49083771 0.82922222 0.24299924
1779396339.81341600 0.46078415 2.48855658 0.18120681 0.11190411 -0.49029525 0.82943900 0.24314396
1779396339.82371902 0.46568051 2.48672225 0.17832073 0.11243070 -0.49010795 0.82919354 0.24411393
1779396339.83399224 0.46846051 2.48579883 0.17392145 0.11297391 -0.48955597 0.82924083 0.24480911
1779396339.84428859 0.47071822 2.48460387 0.17081247 0.11340362 -0.48930619 0.82920965 0.24521509
1779396339.85458755 0.47269063 2.48339768 0.16718833 0.11343254 -0.48900041 0.82932962 0.24540586
1779396339.86483979 0.47710191 2.48185973 0.16495268 0.11350590 -0.48888839 0.82916133 0.24616263
1779396339.86502838 0.47796787 2.48160391 0.16324354 0.11347006 -0.48867482 0.82924865 0.24630904
1779396339.87514067 0.47815672 2.48091551 0.16171084 0.11398394 -0.48857917 0.82922791 0.24633134
1779396339.88544178 0.48292285 2.47923132 0.15729958 0.11411254 -0.48814970 0.82920849 0.24718712
1779396339.89572763 0.48280400 2.47842243 0.15442736 0.11477971 -0.48787107 0.82928298 0.24717842
1779396339.90610933 0.48390667 2.47802463 0.14796081 0.11506560 -0.48694309 0.82968996 0.24750941
1779396339.91644764 0.48802101 2.47632786 0.14411006 0.11505810 -0.48660588 0.82968802 0.24818169
1779396339.92676282 0.49054088 2.47507217 0.14042143 0.11622134 -0.48617478 0.82955410 0.24893106
1779396339.93711019 0.49300847 2.47422279 0.13607025 0.11642063 -0.48562913 0.82969064 0.24944747
1779396339.94744158 0.49643750 2.47266819 0.13245002 0.11716300 -0.48524946 0.82956241 0.25026388
1779396339.95777297 0.50064442 2.47090879 0.12861695 0.11728591 -0.48489132 0.82952660 0.25101801
1779396339.96816969 0.50528500 2.46919606 0.12409560 0.11765200 -0.48439896 0.82946750 0.25199072
1779396339.97848868 0.50916755 2.46779828 0.12057015 0.11792684 -0.48400706 0.82940655 0.25281458
1779396339.98876929 0.51135060 2.46669452 0.11501569 0.11877346 -0.48327271 0.82949928 0.25351784
1779396339.99907660 0.51813827 2.46435667 0.11177598 0.11926562 -0.48301791 0.82912886 0.25497988
1779396340.00938058 0.52007277 2.46337136 0.10734615 0.11943237 -0.48245822 0.82929766 0.25541215
1779396340.00956035 0.52134530 2.46290166 0.10613912 0.11956199 -0.48232186 0.82926868 0.25570297
1779396340.01973534 0.52167475 2.46250839 0.10138339 0.12028776 -0.48164086 0.82946155 0.25602044
1779396340.03005195 0.52800132 2.45997933 0.09953747 0.12028741 -0.48168524 0.82909292 0.25712877
1779396340.04037452 0.53586525 2.45734989 0.09649899 0.12108406 -0.48147120 0.82854238 0.25892404
1779396340.05074096 0.53739691 2.45643251 0.09280601 0.12154450 -0.48102215 0.82858989 0.25939049
1779396340.06109381 0.54477001 2.45379106 0.08928485 0.12185526 -0.48077572 0.82820496 0.26092634
1779396340.07138586 0.55213439 2.45100310 0.08797100 0.12259289 -0.48086995 0.82752100 0.26257202
1779396340.08172393 0.55919994 2.44819632 0.08647023 0.12290044 -0.48099468 0.82695282 0.26398604
1779396340.09205484 0.56353032 2.44669519 0.08286078 0.12341113 -0.48059326 0.82675854 0.26508514
1779396340.10235405 0.57009391 2.44411665 0.07968751 0.12372516 -0.48038904 0.82638416 0.26647266
1779396340.11267376 0.57875648 2.44082774 0.07910902 0.12391161 -0.48067133 0.82565356 0.26813649
1779396340.12293839 0.57848514 2.44044081 0.07367687 0.12549495 -0.47981495 0.82567416 0.26886950
1779396340.13321877 0.59203794 2.43594560 0.07092162 0.12549793 -0.47983031 0.82476070 0.27163015
1779396340.14352155 0.59645268 2.43371723 0.06942594 0.12544148 -0.47990452 0.82448490 0.27236140
1779396340.15374064 0.60716855 2.42980331 0.07016693 0.12498498 -0.48044979 0.82360839 0.27425531
1779396340.16402817 0.61615591 2.42643943 0.06754878 0.12622639 -0.48032366 0.82270041 0.27662270
1779396340.17434978 0.62349022 2.42340664 0.06357707 0.12642669 -0.47998606 0.82231984 0.27824406
1779396340.18464899 0.63535788 2.41894127 0.06265601 0.12622747 -0.48029369 0.82139375 0.28052968
1779396340.19500303 0.64091433 2.41655442 0.05955669 0.12692799 -0.48000591 0.82094132 0.28202653
1779396340.20532537 0.64827274 2.41359760 0.05430663 0.12770387 -0.47939226 0.82049247 0.28401917
1779396340.21562624 0.65780948 2.40921036 0.05387369 0.12738791 -0.47976778 0.81969244 0.28583125
1779396340.22589731 0.66186467 2.40749972 0.04946833 0.12746873 -0.47922993 0.81965163 0.28681283
1779396340.23619938 0.67132038 2.40386964 0.04364262 0.12920803 -0.47851852 0.81878637 0.28967946
1779396340.24646306 0.68161683 2.39983580 0.03982806 0.12863328 -0.47833441 0.81828181 0.29165827
1779396340.25673604 0.68902511 2.39637466 0.04067327 0.12865712 -0.47884055 0.81745471 0.29313286
1779396340.25691843 0.68900051 2.39631436 0.03861047 0.12883004 -0.47853297 0.81756632 0.29324791
1779396340.26706815 0.69555928 2.39373178 0.03513020 0.12968350 -0.47821259 0.81696288 0.29507044
1779396340.27731895 0.69945269 2.39151874 0.03528591 0.12970695 -0.47860772 0.81649887 0.29570314
1779396340.28764486 0.71032646 2.38738419 0.03429677 0.13023289 -0.47895094 0.81534811 0.29808194
1779396340.29795885 0.71309416 2.38575204 0.03355719 0.13084793 -0.47908455 0.81488469 0.29886411
1779396340.30824852 0.72029224 2.38275606 0.03314330 0.13161957 -0.47947011 0.81390696 0.30056640
1779396340.31852937 0.72682346 2.37998027 0.03505155 0.13252263 -0.48025676 0.81276889 0.30198993
1779396340.32889771 0.73137207 2.37789786 0.03594908 0.13261444 -0.48077238 0.81214874 0.30279655
1779396340.32904816 0.73318069 2.37709351 0.03710163 0.13253968 -0.48111369 0.81186531 0.30304713
1779396340.33914518 0.74317435 2.37328957 0.03802277 0.13276941 -0.48176515 0.81068164 0.30507360
1779396340.34944606 0.74909644 2.37081958 0.03929392 0.13391279 -0.48243802 0.80954427 0.30652732
1779396340.35973287 0.75282603 2.36896324 0.03851207 0.13544934 -0.48268384 0.80864612 0.30783313
1779396340.37025356 0.75755685 2.36696028 0.03934666 0.13570628 -0.48319688 0.80795732 0.30872245
1779396340.38054776 0.76213129 2.36468163 0.04168252 0.13532932 -0.48408641 0.80729929 0.30921541
1779396340.39083505 0.77245000 2.36080490 0.03835603 0.13651859 -0.48402278 0.80609976 0.31190993
1779396340.40111113 0.76278686 2.36405771 0.03265414 0.13934773 -0.48293561 0.80653469 0.31121890
1779396340.41134310 0.75203853 2.36763753 0.02199442 0.14289998 -0.48096682 0.80722060 0.31087845
1779396340.42163301 0.77121754 2.36034949 0.02387723 0.14200847 -0.48210164 0.80538184 0.31427965
1779396340.43189025 0.76640396 2.36129919 0.01824145 0.14456659 -0.48117730 0.80535390 0.31460133
1779396340.44219112 0.77031613 2.35938519 0.01798673 0.14515244 -0.48141945 0.80472028 0.31558098
1779396340.45249891 0.77782598 2.35605952 0.01563741 0.14621173 -0.48142574 0.80373075 0.31759766
1779396340.46274734 0.78090788 2.35412665 0.01177221 0.14713668 -0.48107710 0.80329849 0.31879015
1779396340.47306633 0.78317371 2.35256020 0.01176798 0.14788440 -0.48129577 0.80274270 0.31951328
1779396340.48343492 0.79239760 2.34841027 0.01040230 0.14878433 -0.48154090 0.80150610 0.32182223
1779396340.49372578 0.79794586 2.34543658 0.01034546 0.14921527 -0.48194535 0.80068909 0.32304869
1779396340.50401282 0.80379114 2.34219297 0.01157821 0.15023806 -0.48253903 0.79953065 0.32455407
1779396340.51434755 0.81581164 2.33703888 0.01095227 0.15002609 -0.48296740 0.79832644 0.32697027
1779396340.52466059 0.81455609 2.33652118 0.00860364 0.15165154 -0.48272155 0.79796933 0.32745482
1779396340.53496003 0.81745411 2.33441671 0.00714119 0.15308574 -0.48276739 0.79716425 0.32867851
1779396340.54533839 0.82206390 2.33190213 0.00903654 0.15407250 -0.48338052 0.79611665 0.32985333
1779396340.55564809 0.82605715 2.32935374 0.00907877 0.15469380 -0.48374072 0.79535572 0.33086859
1779396340.56594729 0.83538430 2.32484409 0.00976973 0.15503638 -0.48439282 0.79407375 0.33282758
1779396340.57623506 0.84904230 2.31883002 0.01157493 0.15483214 -0.48530222 0.79245346 0.33544936
1779396340.58660817 0.84104440 2.32105890 0.00906040 0.15708997 -0.48482173 0.79260056 0.33474614
1779396340.59693503 0.84402412 2.31908034 0.00962135 0.15897685 -0.48520897 0.79145315 0.33600673
1779396340.60725904 0.84711574 2.31709904 0.00759587 0.16008276 -0.48517824 0.79076237 0.33715050
1779396340.61755085 0.85372001 2.31384166 0.00878407 0.16082911 -0.48576541 0.78958994 0.33869410
1779396340.62785602 0.86133151 2.31003294 0.01007512 0.16140995 -0.48646028 0.78833183 0.34034711
1779396340.63813496 0.86009508 2.30972050 0.00880396 0.16381345 -0.48639373 0.78757182 0.34105268
1779396340.64844394 0.85936328 2.30914668 0.00900441 0.16545407 -0.48661994 0.78690657 0.34147334
1779396340.65873265 0.86935398 2.30455354 0.00958373 0.16554615 -0.48722629 0.78561966 0.34352113
1779396340.66899896 0.86967157 2.30367313 0.00793870 0.16708963 -0.48715374 0.78500316 0.34428524
1779396340.67934656 0.88371444 2.29755316 0.00582799 0.16834445 -0.48741708 0.78299694 0.34785132
1779396340.68975687 0.88303801 2.29721874 0.00544919 0.16943303 -0.48746230 0.78260223 0.34814752
1779396340.70006227 0.88705816 2.29465494 0.00394469 0.17059730 -0.48755856 0.78166376 0.34954968
1779396340.71039653 0.89078659 2.29232354 0.00095549 0.17172777 -0.48735207 0.78089367 0.35100228
1779396340.72074151 0.89433368 2.29024516 -0.00570314 0.17300189 -0.48649184 0.78037673 0.35271546
1779396340.73102975 0.89799840 2.28803255 -0.00752962 0.17357907 -0.48643189 0.77976068 0.35387513
1779396340.74135184 0.90236457 2.28546293 -0.01275131 0.17457656 -0.48583857 0.77913459 0.35557446
1779396340.75162840 0.90648759 2.28283470 -0.01605430 0.17538721 -0.48557734 0.77844878 0.35703146
1779396340.76188111 0.90963131 2.28094038 -0.01979792 0.17635925 -0.48514722 0.77788623 0.35836099
1779396340.77218819 0.91124245 2.27922832 -0.02361901 0.17751145 -0.48470015 0.77737352 0.35950781
1779396340.78248167 0.91591362 2.27637390 -0.02866744 0.17780160 -0.48417502 0.77694653 0.36099200
1779396340.79277539 0.92033581 2.27382888 -0.03514543 0.17953191 -0.48327123 0.77610430 0.36315192
1779396340.79296541 0.92053647 2.27352627 -0.03689760 0.17993586 -0.48300624 0.77601602 0.36349305
1779396340.80306339 0.92221314 2.27213618 -0.04119435 0.18016999 -0.48246730 0.77593766 0.36425929
1779396340.81334138 0.92381010 2.27051383 -0.04847959 0.18194300 -0.48137341 0.77542802 0.36590677
1779396340.82358575 0.92746957 2.26795849 -0.05525176 0.18285829 -0.48049827 0.77496843 0.36757065
1779396340.83385396 0.93028942 2.26590543 -0.05915928 0.18356917 -0.48004593 0.77448499 0.36882418
1779396340.84416604 0.92831079 2.26549985 -0.07041914 0.18697586 -0.47802452 0.77398674 0.37077906
1779396340.85444045 0.93024452 2.26340442 -0.07637956 0.18889848 -0.47721240 0.77317221 0.37254587
1779396340.86477637 0.93306011 2.26134434 -0.08111949 0.18914069 -0.47667439 0.77291996 0.37363359
1779396340.87504458 0.94040317 2.25707081 -0.08417579 0.18915498 -0.47668867 0.77201785 0.37546871
1779396340.88542032 0.94609464 2.25355646 -0.08996884 0.18927981 -0.47617204 0.77145269 0.37721889
1779396340.89578366 0.94864671 2.25122043 -0.09528561 0.18964665 -0.47560519 0.77113996 0.37838739
1779396340.90608239 0.95288519 2.24852412 -0.09790351 0.19026471 -0.47550775 0.77034677 0.37981255
1779396340.91641831 0.95895301 2.24464906 -0.10545895 0.19148062 -0.47467961 0.76933100 0.38228818
1779396340.92671990 0.96510863 2.24068125 -0.11161218 0.19198044 -0.47413987 0.76848810 0.38439685
1779396340.93701863 0.96732206 2.23881013 -0.11918937 0.19304173 -0.47310689 0.76807992 0.38595078
1779396340.94737148 0.97143445 2.23574146 -0.12408950 0.19452528 -0.47270451 0.76692025 0.38799960
1779396340.95768332 0.97948865 2.23093015 -0.12602224 0.19537788 -0.47300702 0.76532093 0.39035331
1779396340.96804285 0.98303167 2.22802541 -0.13416005 0.19701532 -0.47200547 0.76438050 0.39257897
1779396340.97839570 0.98843352 2.22461805 -0.13725375 0.19769390 -0.47192083 0.76333298 0.39437370
1779396340.98875332 0.99334864 2.22100768 -0.14531683 0.19906208 -0.47099448 0.76229201 0.39679893
1779396340.99906540 0.99728535 2.21760272 -0.15407157 0.20095005 -0.46987548 0.76116562 0.39932821
1779396341.00935698 1.00375830 2.21342790 -0.16078554 0.20196456 -0.46915783 0.76001381 0.40184606
1779396341.01968050 1.00853367 2.20946692 -0.16767964 0.20276061 -0.46846364 0.75911214 0.40395385
1779396341.03026366 1.01079328 2.20643775 -0.17822595 0.20432952 -0.46698197 0.75839363 0.40622210
1779396341.04064059 1.01562379 2.20217302 -0.18925667 0.20549311 -0.46550827 0.75755480 0.40888305
1779396341.05105591 1.01844066 2.19940038 -0.19613013 0.20694019 -0.46459105 0.75665890 0.41085061
1779396341.05133367 1.01888307 2.19866190 -0.19884647 0.20729363 -0.46419230 0.75651891 0.41138060
1779396341.06141710 1.01996471 2.19647895 -0.20760329 0.20892447 -0.46287283 0.75587173 0.41322783
1779396341.07171869 1.02430824 2.19200455 -0.22106451 0.21054638 -0.46099700 0.75492594 0.41621967
1779396341.08207345 1.02961176 2.18688377 -0.23585255 0.21193224 -0.45890180 0.75400366 0.41949057
1779396341.09241128 1.03277927 2.18360628 -0.24137134 0.21308028 -0.45826610 0.75301415 0.42137710
1779396341.10269260 1.03483269 2.18013437 -0.25133346 0.21553400 -0.45685219 0.75167483 0.42404730
1779396341.11296439 1.03806067 2.17586413 -0.26194485 0.21700429 -0.45544898 0.75065418 0.42660717
1779396341.12328005 1.04280553 2.17177071 -0.26740086 0.21796793 -0.45498744 0.74943301 0.42875001
1779396341.13386416 1.04684649 2.16718420 -0.27653202 0.21970558 -0.45391246 0.74800790 0.43148246
1779396341.14433241 1.05275272 2.16159381 -0.28591242 0.22136532 -0.45287918 0.74632697 0.43461925
1779396341.15478730 1.05773582 2.15680717 -0.29155355 0.22214736 -0.45256374 0.74499650 0.43682585
1779396341.16511226 1.06150279 2.15292641 -0.29896792 0.22343044 -0.45172670 0.74379436 0.43908059
1779396341.16534567 1.06298008 2.15160034 -0.30021662 0.22370886 -0.45168916 0.74336333 0.43970696
1779396341.17545629 1.06596968 2.14848876 -0.30385794 0.22453738 -0.45153244 0.74229553 0.44124683
1779396341.18578672 1.07073874 2.14335238 -0.31323884 0.22602127 -0.45053885 0.74074120 0.44410765
1779396341.19609380 1.07580829 2.13841753 -0.31945851 0.22715424 -0.45015583 0.73915625 0.44655203
1779396341.20636821 1.07881036 2.13497026 -0.32597142 0.22838011 -0.44949109 0.73796948 0.44855471
1779396341.21672559 1.08093682 2.13146937 -0.33315468 0.23014633 -0.44879725 0.73652320 0.45071861
1779396341.22710800 1.08528418 2.12679347 -0.34074895 0.23154665 -0.44815764 0.73490462 0.45327264
1779396341.23741961 1.08957519 2.12249064 -0.34375452 0.23284505 -0.44834807 0.73309642 0.45534255
1779396341.24769068 1.09513451 2.11782717 -0.34853506 0.23316729 -0.44819087 0.73185360 0.45732732
1779396341.25800395 1.09836936 2.11357843 -0.35530939 0.23458445 -0.44767417 0.73026731 0.45963859
1779396341.26827097 1.10456625 2.10775261 -0.36174198 0.23569152 -0.44737234 0.72836227 0.46238068
1779396341.27868271 1.10767489 2.10435661 -0.36490441 0.23638016 -0.44739861 0.72716817 0.46388076
1779396341.28911614 1.11151443 2.09954181 -0.37259423 0.23848165 -0.44670771 0.72508443 0.46672400
1779396341.29940939 1.11665712 2.09458517 -0.37534126 0.23906362 -0.44705524 0.72342716 0.46866121
1779396341.30975962 1.12225213 2.08912500 -0.37983675 0.23989375 -0.44709814 0.72161520 0.47098382
1779396341.32012200 1.12536713 2.08524443 -0.38542324 0.24057553 -0.44667269 0.72049053 0.47275821
1779396341.33048058 1.12664474 2.08165638 -0.39211030 0.24198086 -0.44606252 0.71915365 0.47464884
1779396341.34082079 1.13255195 2.07544627 -0.39900905 0.24295967 -0.44567765 0.71724724 0.47738708
1779396341.35118222 1.13460101 2.07226615 -0.40324364 0.24351023 -0.44543851 0.71631696 0.47872467
1779396341.36152458 1.14015771 2.06685185 -0.40582536 0.24401770 -0.44583958 0.71455022 0.48072904
1779396341.37177348 1.14226168 2.06273069 -0.41165931 0.24491273 -0.44543871 0.71329774 0.48250227
1779396341.38207293 1.14654708 2.05717316 -0.41789572 0.24578047 -0.44508779 0.71162232 0.48485306
1779396341.39235854 1.15242839 2.05166504 -0.42212726 0.24630936 -0.44504791 0.70995697 0.48705766
1779396341.40270805 1.15286740 2.04888286 -0.42505723 0.24743821 -0.44508910 0.70871606 0.48825360
1779396341.41299462 1.15592404 2.04446437 -0.42957799 0.24843114 -0.44498513 0.70712385 0.49014902
1779396341.42324615 1.15925598 2.04009811 -0.43537699 0.24914404 -0.44454593 0.70583405 0.49204111
1779396341.43347740 1.16391997 2.03475072 -0.43914328 0.24997879 -0.44467621 0.70397597 0.49415736
1779396341.44377184 1.16460339 2.03186447 -0.44231699 0.25140707 -0.44465293 0.70248952 0.49556708
1779396341.45405936 1.16695884 2.02822970 -0.44455323 0.25274343 -0.44490093 0.70072218 0.49716430
1779396341.46445751 1.16846896 2.02527315 -0.44852968 0.25338070 -0.44466586 0.69974346 0.49842711
1779396341.47473168 1.17101724 2.02125821 -0.45259087 0.25419802 -0.44461802 0.69830588 0.50006707
1779396341.48501134 1.17352425 2.01681282 -0.45855707 0.25507474 -0.44420357 0.69688260 0.50197082
1779396341.49534464 1.17372658 2.01490501 -0.46106328 0.25603832 -0.44413332 0.69588533 0.50292502
1779396341.52625823 1.17396857 2.01429162 -0.46117774 0.25635679 -0.44424463 0.69550698 0.50318778
1779396341.52671623 1.17691619 2.00478721 -0.47619519 0.25879820 -0.44306691 0.69228696 0.50739921
1779396341.53678823 1.17612415 2.00333820 -0.47952352 0.25958903 -0.44275794 0.69162989 0.50816044
1779396341.54707313 1.17691229 2.00009682 -0.48496563 0.26006721 -0.44232629 0.69080049 0.50941848
1779396341.55733752 1.17549836 1.99799779 -0.49080082 0.26141260 -0.44163365 0.68979545 0.51069110
1779396341.56768942 1.17545087 1.99613239 -0.49381175 0.26149376 -0.44144071 0.68946219 0.51126608
1779396341.57807660 1.17550378 1.99366296 -0.49745225 0.26168623 -0.44125718 0.68893333 0.51203836
1779396341.58836746 1.17599731 1.99060965 -0.50253576 0.26200281 -0.44083389 0.68824896 0.51316019
1779396341.59866309 1.17732720 1.98705401 -0.50759900 0.26152300 -0.44048718 0.68797929 0.51406347
1779396341.60905242 1.17611065 1.98585974 -0.51046289 0.26151409 -0.44024434 0.68794699 0.51431919
1779396341.61940503 1.17507149 1.98417870 -0.51358099 0.26172819 -0.44006344 0.68763373 0.51478382
1779396341.62972236 1.17387837 1.98202926 -0.51886010 0.26174948 -0.43947814 0.68751639 0.51542931
1779396341.64005733 1.17274815 1.97974438 -0.52464447 0.26161804 -0.43881364 0.68752401 0.51605167
1779396341.65036273 1.17248231 1.97836708 -0.52615393 0.26100010 -0.43886935 0.68773085 0.51604159
1779396341.66067910 1.17186941 1.97643892 -0.52884381 0.26045666 -0.43878145 0.68788442 0.51618619
1779396341.67099714 1.16960549 1.97508111 -0.53357607 0.26023691 -0.43821105 0.68819090 0.51637303
1779396341.68124294 1.16758020 1.97463418 -0.53562499 0.25999650 -0.43803096 0.68853570 0.51618727
1779396341.69158626 1.16581246 1.97265542 -0.54185440 0.25939541 -0.43723383 0.68907064 0.51645160
1779396341.70197988 1.16161954 1.97252971 -0.54665170 0.25924841 -0.43652187 0.68976534 0.51620025
1779396341.71231055 1.16193062 1.96981498 -0.55071459 0.25817430 -0.43625535 0.69016958 0.51642352
1779396341.72264218 1.16055569 1.96890123 -0.55295084 0.25764018 -0.43608214 0.69059699 0.51626515
1779396341.73298740 1.15729024 1.96791664 -0.55809248 0.25735821 -0.43535902 0.69119317 0.51621824
1779396341.74331951 1.15360905 1.96742440 -0.56256615 0.25731781 -0.43472695 0.69170112 0.51609068
1779396341.75369835 1.15185738 1.96726338 -0.56299518 0.25672924 -0.43489081 0.69222836 0.51553853
1779396341.76405454 1.15153832 1.96352094 -0.57268567 0.25601176 -0.43357792 0.69259941 0.51650191
1779396341.77435279 1.15330141 1.96156387 -0.56923587 0.25470660 -0.43475699 0.69271623 0.51599916
1779396341.78461885 1.14613435 1.96318434 -0.57365802 0.25468732 -0.43393766 0.69394017 0.51505292
1779396341.79487419 1.14599522 1.96191521 -0.57450581 0.25423011 -0.43411005 0.69404383 0.51499386
1779396341.80519199 1.14499637 1.96116071 -0.57393152 0.25342520 -0.43462301 0.69449324 0.51435168
1779396341.81563401 1.14379966 1.95984660 -0.57588315 0.25273513 -0.43465158 0.69491518 0.51409713
1779396341.82597399 1.13989399 1.96075474 -0.57695278 0.25259941 -0.43453321 0.69560368 0.51333220
1779396341.83633351 1.13951506 1.95879781 -0.57899742 0.25147338 -0.43459289 0.69618241 0.51304991
1779396341.84663749 1.13515112 1.95986008 -0.57900158 0.25097664 -0.43477428 0.69713444 0.51184531
1779396341.85692215 1.13432666 1.95928533 -0.57835613 0.25047418 -0.43517581 0.69740640 0.51137953
1779396341.86726236 1.13335304 1.95735955 -0.58212439 0.24980824 -0.43486661 0.69784400 0.51137133
1779396341.87758636 1.12944719 1.95771216 -0.58342050 0.24897763 -0.43484510 0.69895183 0.51028053
1779396341.88790441 1.12778561 1.95722259 -0.58304412 0.24802939 -0.43525252 0.69967274 0.50940624
1779396341.89821672 1.12464782 1.95864814 -0.57981784 0.24753236 -0.43595777 0.70040660 0.50803459
1779396341.90852952 1.12138283 1.95786127 -0.58433114 0.24699685 -0.43536399 0.70124362 0.50764961
1779396341.91885018 1.12348150 1.95408925 -0.58759519 0.24540291 -0.43536106 0.70170825 0.50778311
1779396341.92918468 1.13199535 1.94751794 -0.58657980 0.24352410 -0.43650622 0.70097144 0.50872131
1779396341.93952608 1.11407314 1.95700645 -0.58661581 0.24488266 -0.43568846 0.70349491 0.50527514
1779396341.94982553 1.11190898 1.95677064 -0.58604058 0.24403631 -0.43610579 0.70421260 0.50432393
1779396341.96020746 1.11055723 1.95587719 -0.58683606 0.24264939 -0.43635382 0.70520593 0.50338972
1779396341.97070932 1.11049373 1.95416387 -0.58748369 0.24181220 -0.43667621 0.70552055 0.50307206
1779396341.98108006 1.10670289 1.95567174 -0.58588182 0.24186573 -0.43706113 0.70602609 0.50200169
1779396341.99143434 1.10445464 1.95549133 -0.58568926 0.24089018 -0.43741492 0.70689191 0.50094305
1779396342.00181174 1.10461837 1.95446166 -0.58403696 0.23956423 -0.43820001 0.70746905 0.50007727
1779396342.01219916 1.10408484 1.95434617 -0.58211827 0.23868208 -0.43886337 0.70797292 0.49920352
1779396342.01245809 1.10265614 1.95459165 -0.58302099 0.23878763 -0.43872932 0.70814543 0.49902616
1779396342.02256680 1.10229992 1.95349387 -0.58429580 0.23860420 -0.43881464 0.70818212 0.49898681
1779396342.03293920 1.10200695 1.95480302 -0.57525593 0.23723666 -0.44091000 0.70876823 0.49695547
1779396342.04330182 1.09814348 1.95515522 -0.57790914 0.23670779 -0.44065714 0.70973401 0.49605276
1779396342.05375934 1.09306085 1.95814587 -0.57445503 0.23714485 -0.44129852 0.71025250 0.49452939
1779396342.06407285 1.09606266 1.95593992 -0.57294156 0.23550935 -0.44223806 0.71050856 0.49410367
1779396342.07442689 1.09443020 1.95662343 -0.57015147 0.23498131 -0.44306544 0.71098202 0.49293140
1779396342.08476472 1.09015722 1.95900338 -0.56729883 0.23468132 -0.44377771 0.71180140 0.49124819
1779396342.09511948 1.08907520 1.95948291 -0.56592818 0.23444213 -0.44424597 0.71208681 0.49052501
1779396342.10540199 1.08626420 1.95982427 -0.56810180 0.23414089 -0.44407550 0.71278170 0.48981347
1779396342.11569905 1.08329964 1.96059963 -0.56940710 0.23436121 -0.44404499 0.71314007 0.48921377
1779396342.12601376 1.07914997 1.96252846 -0.56983595 0.23494330 -0.44394934 0.71356195 0.48840554
1779396342.12618947 1.08038903 1.96166969 -0.56982125 0.23476386 -0.44412144 0.71338687 0.48859108
1779396342.13628054 1.07885688 1.96172191 -0.57161840 0.23478847 -0.44396314 0.71365974 0.48832457
1779396342.14661789 1.07468355 1.96281478 -0.57569308 0.23556715 -0.44326846 0.71403594 0.48803060
1779396342.15709019 1.07115867 1.96344933 -0.57955040 0.23594508 -0.44269909 0.71449278 0.48769613
1779396342.16748238 1.07292665 1.96112960 -0.58375275 0.23560615 -0.44226678 0.71444574 0.48832072
1779396342.17780137 1.07006360 1.96183324 -0.58545585 0.23636353 -0.44205909 0.71447570 0.48809888
1779396342.18811512 1.06676507 1.96204723 -0.59039768 0.23736885 -0.44122119 0.71452480 0.48829724
1779396342.19846749 1.06716102 1.96093932 -0.59257153 0.23753407 -0.44105491 0.71433034 0.48865150
1779396342.19866133 1.07111291 1.95757036 -0.59677884 0.23715148 -0.44060336 0.71389666 0.48987693
1779396342.20883036 1.06960172 1.95842480 -0.59548367 0.23716273 -0.44096538 0.71412879 0.48920695
1779396342.21916461 1.06920621 1.95751986 -0.59812267 0.23783515 -0.44071572 0.71374922 0.48965921
1779396342.22956800 1.06801775 1.95632245 -0.60330096 0.23839442 -0.43993730 0.71368570 0.49017956
1779396342.23999429 1.07031069 1.95394510 -0.60612786 0.23839991 -0.43975415 0.71325734 0.49096409
1779396342.24017453 1.07015334 1.95365422 -0.60741072 0.23839366 -0.43957522 0.71333343 0.49101680
1779396342.25035572 1.07195701 1.95177336 -0.60946997 0.23851786 -0.43949364 0.71291493 0.49163693
1779396342.26069355 1.06968858 1.95172296 -0.61246489 0.23978867 -0.43899993 0.71256430 0.49196806
1779396342.27100015 1.07329186 1.94830378 -0.61584680 0.23981999 -0.43883368 0.71187294 0.49310069
1779396342.28131390 1.07556844 1.94673162 -0.61586396 0.23966541 -0.43916264 0.71153154 0.49337565
1779396342.29166460 1.07457987 1.94652004 -0.61805519 0.24070906 -0.43891734 0.71111200 0.49369063
1779396342.30196214 1.07805272 1.94371381 -0.62024037 0.24059796 -0.43898052 0.71057018 0.49446815
1779396342.31227279 1.07958706 1.94336062 -0.61801035 0.24139244 -0.43971646 0.70972610 0.49463925
1779396342.32254505 1.08051211 1.94233066 -0.61971749 0.24205140 -0.43963477 0.70916194 0.49519868
1779396342.33287859 1.08162102 1.94192483 -0.61905546 0.24220840 -0.44008332 0.70892088 0.49506863
1779396342.34314919 1.08407958 1.94035049 -0.62047130 0.24298601 -0.44020259 0.70803854 0.49584362
1779396342.35352397 1.08573771 1.93964808 -0.61948093 0.24311893 -0.44064715 0.70766661 0.49591456
1779396342.36382365 1.08582583 1.94043842 -0.61731494 0.24424245 -0.44126641 0.70696753 0.49580892
1779396342.37412953 1.08804325 1.93905208 -0.61823455 0.24439722 -0.44142231 0.70659317 0.49612743
1779396342.38447690 1.08903340 1.93895951 -0.61735009 0.24486145 -0.44178705 0.70619785 0.49613674
1779396342.38466263 1.08931548 1.93893541 -0.61723150 0.24507998 -0.44188053 0.70603093 0.49618317
1779396342.39477253 1.09265092 1.93702472 -0.61780502 0.24469856 -0.44212733 0.70579458 0.49648771
1779396342.40512180 1.09307692 1.93697002 -0.61794496 0.24555458 -0.44226830 0.70529637 0.49664748
1779396342.41538429 1.09654171 1.93548354 -0.61745055 0.24520912 -0.44273996 0.70509417 0.49668504
1779396342.42564178 1.09689711 1.93528558 -0.61833613 0.24539277 -0.44268880 0.70512122 0.49660152
1779396342.43591475 1.10070074 1.93357248 -0.61767409 0.24518105 -0.44316914 0.70474717 0.49680861
1779396342.44620180 1.10250244 1.93187075 -0.62074273 0.24510713 -0.44282481 0.70479801 0.49707992
1779396342.45644712 1.10331683 1.93180293 -0.61960121 0.24582190 -0.44312069 0.70428075 0.49719642
1779396342.46675038 1.10752703 1.92839591 -0.62336307 0.24553939 -0.44277395 0.70399998 0.49804183
1779396342.47700524 1.10840693 1.92796755 -0.62350143 0.24556806 -0.44283266 0.70412306 0.49780145
1779396342.48727345 1.11199403 1.92565512 -0.62449219 0.24574331 -0.44290263 0.70351194 0.49851623
1779396342.48742175 1.11458585 1.92406354 -0.62468921 0.24566705 -0.44303934 0.70311763 0.49898842
1779396342.49750733 1.11830825 1.92156230 -0.62598759 0.24498253 -0.44305696 0.70312378 0.49930055
1779396342.50779295 1.12102494 1.91971714 -0.62776271 0.24457239 -0.44291886 0.70323006 0.49947444
1779396342.51809502 1.12672577 1.91609467 -0.63020295 0.24423421 -0.44287153 0.70272233 0.50039563
1779396342.52839184 1.13005511 1.91426741 -0.63117572 0.24348189 -0.44292368 0.70287502 0.50050164
1779396342.53875422 1.13441095 1.91228863 -0.63183558 0.24309747 -0.44312400 0.70265778 0.50081612
1779396342.54908919 1.14059281 1.90881782 -0.63334368 0.24250360 -0.44327565 0.70222232 0.50158002
1779396342.55940056 1.14295197 1.90812586 -0.63308326 0.24197922 -0.44348840 0.70242363 0.50136329
1779396342.56967354 1.14941708 1.90636107 -0.62970634 0.24108994 -0.44456017 0.70210425 0.50128985
1779396342.57992578 1.15368634 1.90340823 -0.63502856 0.24105707 -0.44392553 0.70174063 0.50237605
1779396342.59019494 1.15901519 1.90165362 -0.63552110 0.24082672 -0.44424958 0.70128986 0.50282934
1779396342.60045648 1.16280392 1.90040707 -0.63562765 0.24034397 -0.44452064 0.70115553 0.50300805
1779396342.61072063 1.16995539 1.89724509 -0.63732891 0.23926458 -0.44474012 0.70094608 0.50362018
1779396342.62100434 1.17374762 1.89697830 -0.63632727 0.23871455 -0.44523147 0.70103886 0.50331781
1779396342.63131666 1.18134872 1.89296906 -0.63844103 0.23825560 -0.44538257 0.70015891 0.50462475
1779396342.64160061 1.18648843 1.89143119 -0.63913662 0.23765144 -0.44564854 0.70004525 0.50483247
1779396342.65190864 1.19266490 1.88943416 -0.63925534 0.23700704 -0.44605142 0.69975019 0.50518854
1779396342.66217327 1.19599527 1.88833155 -0.64118643 0.23685923 -0.44592680 0.69963337 0.50552957
1779396342.67247701 1.19942348 1.88768492 -0.64268713 0.23643727 -0.44587157 0.69980900 0.50553271
1779396342.68277073 1.20432728 1.88520591 -0.64802108 0.23643305 -0.44521795 0.69952786 0.50649893
1779396342.69314337 1.20632910 1.88517842 -0.65026283 0.23658783 -0.44491159 0.69965085 0.50652597
1779396342.70340610 1.20740330 1.88606265 -0.65045290 0.23646865 -0.44491632 0.70003094 0.50605210
1779396342.71370029 1.20947327 1.88623116 -0.65189428 0.23654808 -0.44473497 0.70019000 0.50595433
1779396342.72418451 1.21199001 1.88459596 -0.65869410 0.23744435 -0.44364828 0.69977017 0.50706814
1779396342.73453069 1.21341137 1.88438342 -0.66078304 0.23704314 -0.44330324 0.70028225 0.50685062
1779396342.73472762 1.21428458 1.88415690 -0.66132945 0.23714317 -0.44325077 0.70019863 0.50696524
1779396342.74484491 1.21669866 1.88417832 -0.66099086 0.23695938 -0.44339008 0.70032191 0.50675902
1779396342.75514817 1.21918094 1.88162289 -0.66961846 0.23785618 -0.44198815 0.69986526 0.50819241
1779396342.76544356 1.22308894 1.88028748 -0.67109872 0.23789153 -0.44189733 0.69965103 0.50854970
1779396342.77571392 1.22561440 1.87874815 -0.67451454 0.23809033 -0.44139724 0.69947055 0.50913890
1779396342.78602719 1.23066021 1.87698173 -0.67453093 0.23755675 -0.44159784 0.69940605 0.50930277
1779396342.79631591 1.23455500 1.87310687 -0.68270199 0.23801640 -0.44031886 0.69890332 0.51088320
1779396342.80662155 1.23859454 1.87052345 -0.68514760 0.23786869 -0.44006230 0.69859775 0.51159051
1779396342.81686926 1.24441364 1.86586002 -0.69096406 0.23789396 -0.43929267 0.69793106 0.51314779
1779396342.82714510 1.24658871 1.86483702 -0.69350199 0.23841842 -0.43890376 0.69767571 0.51358421
1779396342.83745432 1.25656696 1.85701272 -0.69926497 0.23775872 -0.43841313 0.69653727 0.51584934
1779396342.84774017 1.25714799 1.85688148 -0.70114293 0.23815797 -0.43804772 0.69658811 0.51590695
1779396342.85805440 1.26132912 1.85366745 -0.70416925 0.23867725 -0.43772919 0.69567783 0.51716408
1779396342.85821795 1.26555720 1.85024667 -0.70665478 0.23864743 -0.43751617 0.69501891 0.51824291
1779396342.86836505 1.26679083 1.84990331 -0.70742060 0.23898420 -0.43738783 0.69495560 0.51828095
1779396342.87875700 1.27164622 1.84624807 -0.71040411 0.23987411 -0.43715473 0.69362166 0.51985108
1779396342.88909078 1.27677803 1.84333408 -0.71076155 0.23986894 -0.43732845 0.69302786 0.52049890
1779396342.89936495 1.28167385 1.83983774 -0.71313842 0.24090365 -0.43718376 0.69170463 0.52190084
1779396342.90968537 1.28052738 1.83971679 -0.71633244 0.24145277 -0.43653982 0.69170065 0.52219130
1779396342.92018127 1.28483241 1.83668369 -0.71915254 0.24309396 -0.43620066 0.69034838 0.52350113
1779396342.93052649 1.28741551 1.83460573 -0.72118427 0.24417380 -0.43592281 0.68948107 0.52437230
1779396342.94084668 1.29119993 1.83175939 -0.72259052 0.24468885 -0.43577847 0.68882074 0.52511950
1779396342.95119309 1.29341180 1.82931673 -0.72536562 0.24512393 -0.43532128 0.68840332 0.52584268
1779396342.95138431 1.29464877 1.82806822 -0.72641353 0.24495060 -0.43515465 0.68839989 0.52606580
1779396342.96153545 1.29577752 1.82653331 -0.72861825 0.24526428 -0.43469417 0.68833388 0.52638663
1779396342.97187710 1.29771714 1.82404946 -0.73189612 0.24591952 -0.43401005 0.68805095 0.52701494
1779396342.98221231 1.29901421 1.82119913 -0.73632744 0.24606427 -0.43302770 0.68820961 0.52754802
1779396342.99255657 1.30392626 1.81566508 -0.74086198 0.24573127 -0.43235394 0.68776740 0.52883099
1779396342.99289227 1.30387830 1.81476821 -0.74336195 0.24588053 -0.43184021 0.68783100 0.52909858
1779396343.00300169 1.30167205 1.81576965 -0.74452620 0.24632214 -0.43125769 0.68846346 0.52854543
1779396343.01333261 1.30240607 1.81254033 -0.75067700 0.24670498 -0.42992804 0.68856958 0.52931131
1779396343.02364588 1.30296696 1.81065327 -0.75375377 0.24720445 -0.42916679 0.68860835 0.52964551
1779396343.03392291 1.30503540 1.80739507 -0.75800962 0.24727537 -0.42838145 0.68850179 0.53038619
1779396343.04423451 1.30510769 1.80657387 -0.75965156 0.24752224 -0.42786942 0.68882226 0.53026823
1779396343.05452967 1.31105382 1.80254342 -0.75837055 0.24702028 -0.42831985 0.68832886 0.53077911
1779396343.06480217 1.30943516 1.80357104 -0.75946082 0.24761352 -0.42793183 0.68865309 0.53039496
1779396343.07506919 1.30983960 1.80258626 -0.76211354 0.24832253 -0.42738938 0.68849435 0.53070686
1779396343.08538127 1.31177757 1.80179577 -0.76165850 0.24856249 -0.42753224 0.68833019 0.53069240
1779396343.09569788 1.31477964 1.80042759 -0.76078583 0.24883818 -0.42790129 0.68773904 0.53103207
1779396343.09589124 1.31491802 1.80028587 -0.76134346 0.24887967 -0.42780169 0.68778481 0.53103359
1779396343.10599017 1.31511648 1.80017818 -0.76293503 0.24927105 -0.42753917 0.68775489 0.53110019
1779396343.11628747 1.31693200 1.79986530 -0.76287407 0.24995942 -0.42772398 0.68721841 0.53132226
1779396343.12658596 1.32126388 1.79859026 -0.76114330 0.24994769 -0.42840048 0.68662944 0.53154416
1779396343.13688898 1.32204263 1.79828434 -0.76302326 0.25056234 -0.42818868 0.68624439 0.53192256
1779396343.14719677 1.32367051 1.79946198 -0.76073167 0.25145093 -0.42887326 0.68552631 0.53187766
1779396343.15750003 1.32708761 1.79813491 -0.76166520 0.25177484 -0.42909289 0.68483071 0.53244307
1779396343.16782117 1.32844589 1.79855916 -0.76084494 0.25243396 -0.42947525 0.68422568 0.53260053
1779396343.16800928 1.32950417 1.79844139 -0.76022338 0.25237703 -0.42969139 0.68411730 0.53259240
1779396343.17815351 1.32953427 1.80027869 -0.75894264 0.25331669 -0.43008271 0.68364647 0.53243499
1779396343.18846250 1.33005876 1.80075727 -0.76089907 0.25471233 -0.42998819 0.68271394 0.53304171
1779396343.19873261 1.33465687 1.79926283 -0.75953884 0.25498232 -0.43073848 0.68167783 0.53363256
1779396343.20907831 1.33471251 1.80099476 -0.75797421 0.25567840 -0.43116103 0.68135273 0.53337339
1779396343.21942711 1.33770005 1.79813111 -0.76292548 0.25637635 -0.43069688 0.68030733 0.53474600
1779396343.22975039 1.34109353 1.79696306 -0.76185082 0.25632227 -0.43121538 0.67978712 0.53501557
1779396343.24004483 1.34352658 1.79579751 -0.76206080 0.25638341 -0.43141532 0.67934847 0.53538213
1779396343.25040221 1.34574165 1.79428500 -0.76386986 0.25651439 -0.43132381 0.67898111 0.53585893
1779396343.26072550 1.34685858 1.79292627 -0.76683579 0.25670904 -0.43092933 0.67875820 0.53636526
1779396343.27107525 1.35014453 1.78999693 -0.76924465 0.25587083 -0.43069456 0.67888666 0.53679160
1779396343.28144193 1.35084628 1.78940333 -0.77067342 0.25564274 -0.43046053 0.67912871 0.53678182
1779396343.29179454 1.34995145 1.78822482 -0.77650139 0.25577068 -0.42936212 0.67946575 0.53717393
1779396343.30207229 1.34883459 1.78806533 -0.77979072 0.25589429 -0.42866687 0.67987949 0.53714682
1779396343.31241798 1.35028649 1.78570561 -0.78344017 0.25533681 -0.42805891 0.68021024 0.53747810
1779396343.32269740 1.35114198 1.78409463 -0.78608416 0.25476935 -0.42758550 0.68063106 0.53759146
1779396343.33303952 1.35104241 1.78308924 -0.78908322 0.25409506 -0.42695151 0.68145256 0.53737373
1779396343.34337497 1.34946829 1.78340113 -0.79159844 0.25407176 -0.42634906 0.68203172 0.53712825
1779396343.35364938 1.35001843 1.78147419 -0.79554275 0.25362448 -0.42564305 0.68246596 0.53734796
1779396343.36393166 1.34899602 1.77931651 -0.80311273 0.25340198 -0.42422661 0.68305909 0.53781921
1779396343.37420392 1.34805119 1.77808999 -0.80798508 0.25305907 -0.42327549 0.68371472 0.53789696
1779396343.38449597 1.34821236 1.77839909 -0.80698311 0.25242375 -0.42341437 0.68435321 0.53727387
1779396343.39481974 1.34792418 1.77470289 -0.81660827 0.25253853 -0.42177517 0.68437620 0.53847861
1779396343.40514207 1.34637820 1.77397132 -0.82144286 0.25304926 -0.42093147 0.68441522 0.53884931
1779396343.41548419 1.34447057 1.77549472 -0.82149432 0.25294343 -0.42085873 0.68509801 0.53808760
1779396343.42579007 1.34431610 1.77488594 -0.82317012 0.25293615 -0.42065204 0.68517936 0.53814906
1779396343.43613291 1.34397870 1.77475443 -0.82411950 0.25302823 -0.42050415 0.68519158 0.53820580
1779396343.44650507 1.34468983 1.77022502 -0.83367188 0.25332376 -0.41922887 0.68474993 0.53962187
1779396343.45680594 1.34459670 1.77101945 -0.83203827 0.25366192 -0.41976269 0.68452437 0.53933413
1779396343.46715403 1.34425628 1.77036030 -0.83419420 0.25401650 -0.41956019 0.68427566 0.53964034
1779396343.47749257 1.34263382 1.76914009 -0.83956222 0.25502768 -0.41884857 0.68369020 0.54045764
1779396343.48784447 1.34292680 1.76855270 -0.84018754 0.25503098 -0.41883065 0.68358470 0.54060341
1779396343.49817777 1.34097873 1.76893452 -0.84232225 0.25629448 -0.41885527 0.68285847 0.54090454
1779396343.50854707 1.34055127 1.76692432 -0.84691654 0.25676477 -0.41837395 0.68236016 0.54168229
1779396343.51891708 1.34388047 1.76193336 -0.85138312 0.25726185 -0.41826340 0.68084845 0.54343119
1779396343.52923155 1.34129155 1.76289293 -0.85252235 0.25812290 -0.41824655 0.68055236 0.54340673
1779396343.53956366 1.34153198 1.76162733 -0.85404296 0.25847918 -0.41830866 0.68001001 0.54386833
1779396343.54987454 1.34493091 1.75709537 -0.85670948 0.25840919 -0.41848261 0.67891891 0.54512945
1779396343.56017280 1.34225467 1.75658964 -0.86084379 0.25918786 -0.41796342 0.67861543 0.54553583
1779396343.57045960 1.34363421 1.75408863 -0.86268401 0.25927297 -0.41805014 0.67795056 0.54625511
1779396343.58077693 1.34150997 1.75303002 -0.86683153 0.26042458 -0.41763154 0.67713934 0.54703314
1779396343.59107375 1.34099471 1.75099074 -0.87020312 0.26046498 -0.41736363 0.67689659 0.54751859
1779396343.60139728 1.34132795 1.74932056 -0.87140081 0.25998511 -0.41740308 0.67699084 0.54760005
1779396343.60172653 1.34136762 1.74853887 -0.87246377 0.26004769 -0.41731666 0.67682294 0.54784370
1779396343.61175394 1.34097517 1.74666272 -0.87564812 0.26024889 -0.41702464 0.67647004 0.54840610
1779396343.62210989 1.34050013 1.74406461 -0.87963281 0.26054654 -0.41672999 0.67592912 0.54915521
1779396343.63244152 1.33791830 1.74473561 -0.88025809 0.26097447 -0.41680771 0.67591977 0.54890448
1779396343.64270830 1.33835739 1.74366514 -0.87981743 0.26052860 -0.41720201 0.67595825 0.54876933
1779396343.65304112 1.33811027 1.74162581 -0.88173485 0.26051906 -0.41724986 0.67563506 0.54913535
1779396343.66331911 1.33437350 1.74255446 -0.88353665 0.26123933 -0.41710729 0.67559940 0.54894532
1779396343.67358804 1.33255296 1.74282653 -0.88316936 0.26176852 -0.41750524 0.67526362 0.54880385
1779396343.68386960 1.33186196 1.74210724 -0.88352907 0.26172516 -0.41770331 0.67518780 0.54876709
1779396343.69416261 1.33122875 1.74015866 -0.88561198 0.26158940 -0.41770477 0.67504832 0.54900226
1779396343.70440459 1.32856625 1.73987858 -0.88728542 0.26224891 -0.41770419 0.67469760 0.54911917
1779396343.71474981 1.32814789 1.73933039 -0.88652920 0.26236425 -0.41815742 0.67436786 0.54912418
1779396343.72505021 1.32738549 1.73803878 -0.88706239 0.26226893 -0.41845923 0.67422118 0.54911992
1779396343.73534060 1.32698958 1.73507432 -0.89045012 0.26218270 -0.41828121 0.67386523 0.54973331
1779396343.74569654 1.32543349 1.73241858 -0.89496947 0.26232499 -0.41786219 0.67354321 0.55037835
1779396343.75604630 1.32306085 1.73355400 -0.89373796 0.26290712 -0.41829864 0.67331050 0.55005369
1779396343.76634073 1.32205203 1.73269547 -0.89387316 0.26301083 -0.41871162 0.67297215 0.55010395
1779396343.77663803 1.32429438 1.72876113 -0.89517060 0.26252486 -0.41914540 0.67227002 0.55086373
1779396343.78699923 1.32240092 1.72866477 -0.89633474 0.26273150 -0.41920816 0.67217503 0.55083338
1779396343.79728222 1.32205587 1.72707354 -0.89740075 0.26272566 -0.41955874 0.67170903 0.55113761
1779396343.80758476 1.32262385 1.72294359 -0.90204333 0.26220279 -0.41926123 0.67135202 0.55204727
1779396343.81791496 1.32239419 1.72106692 -0.90423647 0.26198404 -0.41927966 0.67113360 0.55240259
1779396343.81810427 1.32199350 1.72093948 -0.90453729 0.26197934 -0.41934176 0.67110510 0.55239231
1779396343.82823038 1.32103468 1.71946733 -0.90752994 0.26228649 -0.41919708 0.67060159 0.55296755
1779396343.83855414 1.31892613 1.71655430 -0.91476158 0.26252114 -0.41835870 0.67018578 0.55399428
1779396343.84886146 1.31624035 1.71502624 -0.91969203 0.26287357 -0.41786207 0.66986774 0.55458632
1779396343.85912514 1.31558070 1.71384456 -0.92125593 0.26288025 -0.41795741 0.66957049 0.55487020
1779396343.86945558 1.31182096 1.71417511 -0.92427384 0.26305659 -0.41767900 0.66981004 0.55470713
1779396343.87983584 1.30797396 1.71014949 -0.93557032 0.26334279 -0.41594574 0.66965690 0.55605697
1779396343.89010262 1.30151412 1.71282671 -0.93713946 0.26415430 -0.41572450 0.67004779 0.55536619
1779396343.90035009 1.30239574 1.70949118 -0.93992524 0.26352250 -0.41565423 0.66986356 0.55594088
1779396343.91081405 1.29915941 1.70439659 -0.95184930 0.26325558 -0.41378973 0.67001996 0.55726817
1779396343.92116976 1.29534604 1.70432877 -0.95462177 0.26342328 -0.41354009 0.67025119 0.55709614
1779396343.93153429 1.29050703 1.70518063 -0.95803896 0.26446396 -0.41306444 0.67002763 0.55722487
1779396343.94187403 1.28850714 1.70329769 -0.96136921 0.26404850 -0.41284266 0.67024955 0.55731937
1779396343.95216155 1.28339136 1.70691909 -0.95881155 0.26473063 -0.41350649 0.67050227 0.55619851
1779396343.96248937 1.27775803 1.70869224 -0.96094487 0.26579276 -0.41338848 0.67036664 0.55594311
1779396343.97278714 1.27642753 1.70686462 -0.96406872 0.26584600 -0.41318923 0.67006734 0.55642639
1779396343.98313069 1.27076340 1.70840433 -0.96632674 0.26716885 -0.41306867 0.66960782 0.55643548
1779396343.99342656 1.26891717 1.70618655 -0.97048311 0.26735567 -0.41286967 0.66912709 0.55707137
1779396344.00385213 1.26784154 1.70698299 -0.96806273 0.26756789 -0.41373128 0.66876933 0.55675977
1779396344.00403142 1.26748128 1.70642589 -0.96869638 0.26771435 -0.41376716 0.66849847 0.55698793
1779396344.01416922 1.26488311 1.70645428 -0.97006889 0.26814315 -0.41383584 0.66821192 0.55707449
1779396344.02462173 1.26126206 1.70447265 -0.97612300 0.26915933 -0.41323790 0.66725478 0.55817449
1779396344.03500414 1.25943941 1.70437371 -0.97612888 0.26928477 -0.41376928 0.66692653 0.55811262
1779396344.04532003 1.25829135 1.70334504 -0.97751362 0.26983138 -0.41398654 0.66608597 0.55869101
1779396344.05564928 1.25608227 1.70146874 -0.98127317 0.26998351 -0.41379957 0.66565457 0.55926990
1779396344.06598830 1.25170802 1.70000301 -0.98692519 0.27054388 -0.41310734 0.66531459 0.55991502
1779396344.07635117 1.24619133 1.69852081 -0.99442806 0.27126199 -0.41196695 0.66508517 0.56067984
1779396344.08665299 1.24467840 1.69783635 -0.99553435 0.27122737 -0.41211709 0.66495947 0.56073533
1779396344.09698439 1.24069822 1.69946838 -0.99458362 0.27133752 -0.41253810 0.66526166 0.56001356
1779396344.10729194 1.23963461 1.69533259 -1.00024388 0.27049188 -0.41194381 0.66539055 0.56070657
1779396344.11759043 1.23077299 1.69791529 -1.00525991 0.27165996 -0.41080795 0.66595621 0.56030351
1779396344.12794566 1.22679139 1.69525220 -1.01183491 0.27177803 -0.40989085 0.66585031 0.56104327
1779396344.13827682 1.22335817 1.69576099 -1.01188440 0.27164884 -0.41015540 0.66617610 0.56052552
1779396344.14857340 1.22060541 1.69517536 -1.01300558 0.27162149 -0.41030739 0.66619702 0.56040267
1779396344.15879583 1.21882678 1.69434313 -1.01427567 0.27092235 -0.41028901 0.66680279 0.56003397
1779396344.16909528 1.21423405 1.69427610 -1.01649665 0.27095888 -0.41008266 0.66715321 0.55975002
1779396344.17936444 1.20957983 1.69593537 -1.01583407 0.27114867 -0.41041681 0.66754691 0.55894326
1779396344.18960023 1.20713364 1.69415630 -1.01944855 0.27051264 -0.40992558 0.66811996 0.55892724
1779396344.19990182 1.20003672 1.69347958 -1.02596069 0.27115825 -0.40878358 0.66838913 0.55912893
1779396344.21015882 1.19734783 1.69432625 -1.02390015 0.27100227 -0.40949251 0.66864843 0.55837526
1779396344.22046447 1.19560518 1.69321550 -1.02499706 0.27022259 -0.40952085 0.66929702 0.55795513
1779396344.22062135 1.19364333 1.69395617 -1.02519451 0.27038844 -0.40946701 0.66946964 0.55770715
1779396344.23075604 1.19368231 1.69240168 -1.02455354 0.26997240 -0.41002083 0.66923043 0.55778890
1779396344.24101067 1.18984076 1.69337205 -1.02336754 0.26987913 -0.41049362 0.66966494 0.55696419
1779396344.25131226 1.18800795 1.69145097 -1.02499392 0.26899709 -0.41056273 0.67019681 0.55670014
1779396344.26165795 1.18401517 1.69361818 -1.02296613 0.26927076 -0.41105840 0.67053939 0.55578879
1779396344.27197695 1.18068189 1.69437605 -1.02145114 0.26926990 -0.41164421 0.67070606 0.55515416
1779396344.28232551 1.17729593 1.69544947 -1.01963433 0.26895560 -0.41227418 0.67125187 0.55417850
1779396344.29265070 1.17554740 1.69524006 -1.01855860 0.26838718 -0.41268604 0.67171866 0.55358160
1779396344.30291057 1.17085421 1.69845411 -1.01429558 0.26893934 -0.41371629 0.67181613 0.55242516
1779396344.31319880 1.16930311 1.69906212 -1.01053949 0.26815754 -0.41481919 0.67234955 0.55132808
1779396344.32351804 1.16633835 1.69877857 -1.00977368 0.26806950 -0.41526890 0.67240115 0.55096931
1779396344.33379960 1.16436529 1.69889609 -1.00820298 0.26808595 -0.41584066 0.67231969 0.55062937
1779396344.34409618 1.16495324 1.69536886 -1.00950031 0.26704478 -0.41616073 0.67229870 0.55091904
1779396344.35438991 1.16387257 1.69709520 -1.00404915 0.26644685 -0.41743793 0.67284019 0.54957959
1779396344.36472631 1.16483044 1.69502660 -1.00132077 0.26573654 -0.41854250 0.67243947 0.54957386
1779396344.37501764 1.16292747 1.69601582 -0.99733408 0.26476287 -0.41957816 0.67332982 0.54816216
1779396344.38527513 1.16213831 1.69550132 -0.99433182 0.26373127 -0.42049122 0.67388832 0.54727277
1779396344.39563155 1.15831240 1.69559106 -0.99392993 0.26331873 -0.42069867 0.67456921 0.54647256
1779396344.40599489 1.16371011 1.69274915 -0.98839171 0.26157185 -0.42239069 0.67442117 0.54618894
1779396344.41628861 1.15528688 1.69632193 -0.98781801 0.26204464 -0.42227657 0.67563476 0.54454823
1779396344.42658663 1.14964501 1.69686266 -0.98848038 0.26211422 -0.42210744 0.67625976 0.54386964
1779396344.43694043 1.14804366 1.69535135 -0.98919074 0.26162248 -0.42212879 0.67655938 0.54371718
1779396344.44724703 1.14441675 1.69551564 -0.98804334 0.26097832 -0.42239554 0.67747454 0.54267907
1779396344.45754862 1.14528024 1.69205941 -0.98776566 0.25928549 -0.42275860 0.67817861 0.54232829
1779396344.46793318 1.14155240 1.69175421 -0.98890706 0.25919896 -0.42248771 0.67870838 0.54191785
1779396344.47828507 1.14330317 1.68714983 -0.98919825 0.25745900 -0.42278403 0.67915390 0.54195803
1779396344.48861694 1.13679942 1.68793993 -0.99052723 0.25692033 -0.42230295 0.68075492 0.54057830
1779396344.49883747 1.13307164 1.68570281 -0.99334988 0.25622342 -0.42172922 0.68161046 0.54027881
1779396344.50909710 1.13172818 1.68436150 -0.99333214 0.25558041 -0.42181975 0.68206871 0.53993428
1779396344.51939583 1.13102499 1.68083691 -0.99476428 0.25433509 -0.42167960 0.68273878 0.53978490
1779396344.52970576 1.12695387 1.67995922 -0.99586176 0.25409036 -0.42143698 0.68332099 0.53935275
1779396344.53999519 1.12302439 1.67840174 -0.99931556 0.25406703 -0.42068136 0.68376531 0.53939052
1779396344.54021692 1.12281675 1.67729012 -1.00008967 0.25381888 -0.42057119 0.68385004 0.53948584
1779396344.55039096 1.12154677 1.67553819 -1.00066897 0.25316446 -0.42053791 0.68427900 0.53927532
1779396344.56071162 1.12611768 1.67021453 -0.99908033 0.25082215 -0.42134046 0.68466301 0.53925599
1779396344.57100487 1.12134055 1.66943834 -1.00126984 0.25093533 -0.42085224 0.68511956 0.53900467
1779396344.58136106 1.11935815 1.66939561 -1.00012199 0.25035573 -0.42111657 0.68578377 0.53822250
1779396344.59172654 1.12054050 1.66453627 -1.00252639 0.24936933 -0.42102693 0.68559776 0.53898700
1779396344.60202789 1.11827793 1.66443057 -1.00129609 0.24921390 -0.42142920 0.68578797 0.53850230
1779396344.61232591 1.11655016 1.66417338 -1.00077324 0.24907134 -0.42164783 0.68595520 0.53818402
1779396344.61250949 1.12260033 1.66086934 -0.99810731 0.24750019 -0.42261910 0.68572952 0.53843457
1779396344.62264895 1.12220177 1.66094385 -0.99565289 0.24721254 -0.42328207 0.68577850 0.53798336
1779396344.63290167 1.12161107 1.65906208 -0.99622607 0.24641578 -0.42346740 0.68608432 0.53781310
1779396344.64321160 1.11859777 1.65979435 -0.99640528 0.24645252 -0.42348119 0.68645081 0.53731753
1779396344.64339423 1.11798190 1.66001792 -0.99608895 0.24652015 -0.42360616 0.68641177 0.53723786
1779396344.65360713 1.11749736 1.65984652 -0.99499305 0.24631532 -0.42405131 0.68636452 0.53704096
1779396344.66392899 1.11701375 1.65894564 -0.99502320 0.24579729 -0.42438855 0.68647203 0.53687448
1779396344.67429781 1.11562555 1.66034325 -0.99225127 0.24571602 -0.42521820 0.68650539 0.53621214
1779396344.68465519 1.11586738 1.66071223 -0.98972907 0.24522483 -0.42615528 0.68648198 0.53572283
1779396344.69499350 1.11697536 1.66127510 -0.98656716 0.24501212 -0.42715481 0.68614468 0.53545617
1779396344.70531774 1.11573290 1.66310566 -0.98380467 0.24487260 -0.42805854 0.68622737 0.53469178
1779396344.71566486 1.11749891 1.66348399 -0.98008598 0.24446352 -0.42936095 0.68579262 0.53439240
1779396344.72596097 1.11445163 1.66501825 -0.98054930 0.24451737 -0.42933261 0.68631018 0.53372569
1779396344.73625207 1.11597049 1.66606562 -0.97592498 0.24401320 -0.43076839 0.68607673 0.53309932
1779396344.74656200 1.11633716 1.66684780 -0.97338620 0.24354082 -0.43166596 0.68613938 0.53250834
1779396344.75682664 1.11495729 1.66862593 -0.97108760 0.24319906 -0.43235303 0.68656548 0.53155706
1779396344.76711440 1.11653006 1.66843493 -0.96872297 0.24299395 -0.43320056 0.68610166 0.53155971
1779396344.77741170 1.11202599 1.67075240 -0.96937634 0.24347425 -0.43311111 0.68652741 0.53086267
1779396344.78778410 1.11140585 1.67006665 -0.97029961 0.24283012 -0.43316444 0.68698424 0.53052311
1779396344.79811358 1.11401332 1.66929681 -0.96758270 0.24205856 -0.43408597 0.68683226 0.53031922
1779396344.80847216 1.10961732 1.67026937 -0.97003633 0.24217817 -0.43355390 0.68757944 0.52973131
1779396344.81879449 1.11326165 1.66883397 -0.96657827 0.24084443 -0.43470841 0.68762830 0.52932965
1779396344.82911444 1.10947071 1.66924779 -0.96915448 0.24132060 -0.43420836 0.68788879 0.52918473
1779396344.83945394 1.10696190 1.66927269 -0.97112130 0.24118049 -0.43383107 0.68844089 0.52883996
1779396344.84979796 1.10627683 1.66905030 -0.97062162 0.24090173 -0.43410518 0.68860010 0.52853472
1779396344.86010695 1.10527784 1.66820933 -0.97154352 0.24072719 -0.43407367 0.68873490 0.52846448
1779396344.87042332 1.10434001 1.66801580 -0.97156454 0.24075341 -0.43417503 0.68873704 0.52836647
1779396344.88069463 1.10162722 1.66757113 -0.97366026 0.24100514 -0.43378438 0.68890149 0.52835818
1779396344.89097571 1.09732691 1.66812333 -0.97598754 0.24104879 -0.43323243 0.68970154 0.52774704
1779396344.90129614 1.09934157 1.66652770 -0.97524792 0.24081341 -0.43372432 0.68918098 0.52813038
1779396344.90145230 1.10116278 1.66520686 -0.97487971 0.24026020 -0.43396053 0.68913842 0.52824382
1779396344.91158009 1.10552283 1.66034593 -0.97654144 0.23859641 -0.43401724 0.68923566 0.52882416
1779396344.92182016 1.10428107 1.65837081 -0.97974210 0.23835990 -0.43350906 0.68944174 0.52907895
1779396344.93211222 1.11766278 1.65176018 -0.97297573 0.23567341 -0.43590095 0.68818106 0.52995776
1779396344.94237709 1.11657070 1.65027645 -0.97587171 0.23520402 -0.43535581 0.68873217 0.52989847
1779396344.95265126 1.10588564 1.65199837 -0.98468249 0.23672598 -0.43320615 0.68967232 0.52975969
1779396344.96301436 1.11741813 1.64647027 -0.97860299 0.23451847 -0.43537143 0.68848384 0.53051183
1779396344.97334599 1.11757118 1.64528333 -0.97971251 0.23406075 -0.43531952 0.68867425 0.53050943
1779396344.98371124 1.12170160 1.64248636 -0.97848085 0.23316232 -0.43611061 0.68814138 0.53094661
1779396344.99408412 1.11627433 1.64103379 -0.98719193 0.23375106 -0.43436497 0.68864360 0.53146732
1779396345.00437212 1.12219549 1.63986747 -0.98132210 0.23294095 -0.43602061 0.68781075 0.53154577
1779396345.01471186 1.11476005 1.63988037 -0.98989697 0.23370507 -0.43419851 0.68872316 0.53152047
1779396345.02501655 1.11894745 1.63600765 -0.99092803 0.23268161 -0.43455039 0.68832143 0.53220188
1779396345.03536558 1.12485433 1.63437650 -0.98609452 0.23159763 -0.43613791 0.68771041 0.53216601
1779396345.04571629 1.13019285 1.63166089 -0.98400329 0.22982203 -0.43707531 0.68796047 0.53184340
1779396345.05600548 1.12947995 1.63082462 -0.98660339 0.22993666 -0.43675657 0.68797427 0.53203782
1779396345.06631446 1.11935470 1.63214906 -0.99710610 0.23193587 -0.43444456 0.68846224 0.53243161
1779396345.07669258 1.11364563 1.63465860 -0.99987952 0.23291086 -0.43382748 0.68902483 0.53178099
1779396345.08700824 1.11690141 1.63333942 -0.99851581 0.23243524 -0.43457881 0.68862256 0.53189669
1779396345.09730649 1.12268108 1.62873242 -0.99966221 0.23194128 -0.43512297 0.68743154 0.53320645
1779396345.10763907 1.11484031 1.63797759 -0.99405518 0.23367823 -0.43600230 0.68823178 0.53069153
1779396345.11792517 1.10573067 1.64066947 -1.00139522 0.23519777 -0.43432692 0.68924222 0.53008235
1779396345.12822819 1.11224315 1.63925332 -0.99617959 0.23428500 -0.43600805 0.68847438 0.53010428
1779396345.13856769 1.09707545 1.64593322 -1.00345346 0.23774140 -0.43403565 0.68916955 0.52928009
1779396345.14887357 1.10669878 1.64315945 -0.99711260 0.23630685 -0.43623368 0.68811767 0.52948401
1779396345.15913033 1.10324705 1.64313841 -1.00165054 0.23688353 -0.43540489 0.68842088 0.52951437
1779396345.16945744 1.09262428 1.64780918 -1.00671087 0.23906252 -0.43407268 0.68917179 0.52865136
1779396345.17977428 1.09178388 1.64794765 -1.00778506 0.23952047 -0.43418150 0.68899117 0.52859014
1779396345.19005322 1.09280415 1.64676752 -1.00883075 0.23959312 -0.43433877 0.68862127 0.52890994
1779396345.19021058 1.09360174 1.64611102 -1.00904649 0.23967206 -0.43447283 0.68830556 0.52917495
1779396345.20035315 1.09549081 1.64845032 -1.00310984 0.23896573 -0.43592820 0.68872739 0.52774669
1779396345.21062803 1.09474511 1.64860809 -1.00399179 0.23976447 -0.43613283 0.68814698 0.52797244
1779396345.22090220 1.09022827 1.65107624 -1.00556352 0.24076384 -0.43591673 0.68845722 0.52729122
1779396345.23111320 1.08049736 1.65493333 -1.01040219 0.24321540 -0.43469054 0.68857252 0.52702778
1779396345.24143767 1.08875216 1.65472551 -1.00127855 0.24176820 -0.43733027 0.68810071 0.52612526
1779396345.25172615 1.08879443 1.65531055 -1.00039573 0.24223292 -0.43792858 0.68766761 0.52598007
1779396345.26207829 1.07738556 1.65944414 -1.00680638 0.24501441 -0.43627388 0.68796178 0.52568207
1779396345.27236962 1.07464384 1.66206888 -1.00622485 0.24555320 -0.43663502 0.68823790 0.52476859
1779396345.28269696 1.07371973 1.66355661 -1.00478655 0.24621369 -0.43729001 0.68788852 0.52437167
1779396345.29302621 1.07666834 1.66483147 -0.99975358 0.24675443 -0.43896778 0.68665989 0.52432599
1779396345.30325794 1.07515213 1.66554334 -1.00083763 0.24690223 -0.43896397 0.68692788 0.52390839
1779396345.31355858 1.06746971 1.67150603 -1.00027728 0.24915009 -0.43905175 0.68690003 0.52280603
1779396345.32384777 1.08135503 1.66834980 -0.98998904 0.24745159 -0.44247010 0.68495152 0.52328705
1779396345.33410215 1.06683124 1.67552365 -0.99542214 0.25043310 -0.44076407 0.68598034 0.52195907
1779396345.34439540 1.08261847 1.67111188 -0.98558325 0.24797652 -0.44422302 0.68425027 0.52247021
1779396345.35470915 1.06780093 1.67801331 -0.99224278 0.25065042 -0.44239229 0.68555128 0.52104019
1779396345.36502814 1.06795464 1.67932672 -0.99073908 0.25085299 -0.44309489 0.68540060 0.52054368
1779396345.37531590 1.07248887 1.67766112 -0.98925898 0.25013367 -0.44402187 0.68487103 0.52079690
1779396345.38560224 1.07110159 1.67832172 -0.99066359 0.25052064 -0.44406303 0.68481131 0.52065430
1779396345.39591670 1.07097317 1.67846419 -0.99138505 0.25042040 -0.44426966 0.68496008 0.52033045
1779396345.40621328 1.07202539 1.67715683 -0.99298424 0.25031996 -0.44432077 0.68470353 0.52067268
1779396345.41648817 1.07301613 1.67653683 -0.99334019 0.25026384 -0.44464582 0.68447221 0.52072632
1779396345.42673612 1.07606000 1.67403976 -0.99452013 0.24938230 -0.44494602 0.68445219 0.52091909
1779396345.43699765 1.07715745 1.67198160 -0.99687599 0.24912568 -0.44480987 0.68432441 0.52132588
1779396345.44732928 1.07719621 1.67158578 -0.99746672 0.24940337 -0.44502860 0.68398723 0.52144891
1779396345.45762992 1.07323996 1.67095158 -1.00316246 0.24974572 -0.44397334 0.68461814 0.52135664
1779396345.46800017 1.07408997 1.66942969 -1.00467209 0.25012700 -0.44408335 0.68392992 0.52198307
1779396345.47838759 1.07663929 1.66782476 -1.00406014 0.25003194 -0.44463160 0.68331203 0.52237098
1779396345.48878193 1.08293511 1.66498039 -1.00142496 0.24954339 -0.44594848 0.68205201 0.52312819
1779396345.49910021 1.06942990 1.66765608 -1.01235902 0.25241276 -0.44330549 0.68263850 0.52323295
1779396345.50939655 1.08010586 1.66371846 -1.00632158 0.25098199 -0.44547566 0.68118184 0.52397594
1779396345.50958562 1.07842733 1.66379435 -1.00819015 0.25146574 -0.44511026 0.68109343 0.52416942
1779396345.51973605 1.06825760 1.66642014 -1.01523715 0.25385064 -0.44337364 0.68133117 0.52418270
1779396345.53002334 1.06617971 1.66702757 -1.01665809 0.25447586 -0.44315530 0.68124903 0.52417095
1779396345.55069160 1.07227993 1.66403355 -1.01409332 0.25539490 -0.44497442 0.67858000 0.52564284
1779396345.56097984 1.07683099 1.66317472 -1.00995104 0.25485761 -0.44649314 0.67789655 0.52549761
1779396345.57127905 1.07671639 1.66293206 -1.01048220 0.25593165 -0.44682706 0.67675223 0.52616630
1779396345.58162141 1.07320585 1.66334582 -1.01404122 0.25696068 -0.44620432 0.67658731 0.52640529
1779396345.59190440 1.06815919 1.66393259 -1.01897363 0.25759787 -0.44521133 0.67724779 0.52608521
1779396345.60219479 1.06921702 1.66238221 -1.02047349 0.25830481 -0.44539169 0.67609203 0.52707156
1779396345.61248708 1.07772548 1.65931216 -1.01599189 0.25719498 -0.44713363 0.67499668 0.52754312
1779396345.62289095 1.07541342 1.65943150 -1.01870062 0.25771029 -0.44668079 0.67504931 0.52760791
1779396345.63318467 1.07155283 1.65805941 -1.02560359 0.25817051 -0.44540068 0.67539520 0.52802230
1779396345.64354444 1.06979140 1.65633236 -1.03057451 0.25802931 -0.44456055 0.67588102 0.52817765
1779396345.65391088 1.07592264 1.65210550 -1.03060722 0.25625916 -0.44512842 0.67597442 0.52844160
1779396345.65409279 1.07305470 1.65243535 -1.03337653 0.25657833 -0.44444721 0.67639352 0.52832380
1779396345.66425395 1.07295410 1.65034413 -1.03702877 0.25674974 -0.44398088 0.67605735 0.52906238
1779396345.67454982 1.07546297 1.64713141 -1.03968920 0.25608390 -0.44390220 0.67593978 0.52960107
1779396345.68484879 1.08102039 1.64142181 -1.04297969 0.25452959 -0.44386666 0.67584260 0.53050339
1779396345.69519997 1.08460635 1.63716744 -1.04593600 0.25381008 -0.44376573 0.67541908 0.53147106
1779396345.70552969 1.08478233 1.63405759 -1.05098591 0.25372091 -0.44309022 0.67527445 0.53226044
1779396345.71587300 1.08679367 1.63101144 -1.05410618 0.25345492 -0.44295959 0.67486394 0.53301602
1779396345.72616839 1.08760247 1.62925943 -1.05640673 0.25351648 -0.44282676 0.67449641 0.53356203
1779396345.72638941 1.08851862 1.62855567 -1.05659112 0.25343877 -0.44292809 0.67431568 0.53374325
1779396345.73651195 1.09018166 1.62649699 -1.05826383 0.25314766 -0.44294792 0.67411669 0.53411617
1779396345.74682617 1.09154145 1.62340878 -1.06222965 0.25297340 -0.44257344 0.67384590 0.53485037
1779396345.75714040 1.09184318 1.62157785 -1.06528841 0.25375353 -0.44240461 0.67282952 0.53589900
1779396345.76744175 1.09153826 1.61982167 -1.06878092 0.25389902 -0.44191323 0.67272866 0.53636194
1779396345.77777481 1.09189547 1.61767903 -1.07211805 0.25384845 -0.44159773 0.67264994 0.53674432
1779396345.78806925 1.09192626 1.61599171 -1.07539369 0.25455915 -0.44131143 0.67187993 0.53760693
1779396345.79840612 1.09288200 1.61370861 -1.07828771 0.25448146 -0.44104046 0.67165694 0.53814445
1779396345.79856539 1.09291842 1.61268841 -1.07998756 0.25435999 -0.44077876 0.67173027 0.53832474
1779396345.80874610 1.09161858 1.61270871 -1.08166679 0.25443696 -0.44053939 0.67214339 0.53796854
1779396345.81906462 1.09415026 1.60885006 -1.08548960 0.25421204 -0.44025310 0.67161657 0.53896627
1779396345.82939482 1.09385603 1.60681043 -1.08925214 0.25410437 -0.43976422 0.67182164 0.53916053
1779396345.83975434 1.09186389 1.60573111 -1.09356506 0.25442994 -0.43895018 0.67206937 0.53936158
1779396345.85006237 1.09237433 1.60237159 -1.09878545 0.25405872 -0.43822315 0.67230182 0.53983784
1779396345.86035848 1.09552758 1.59932705 -1.10052842 0.25359152 -0.43835365 0.67199712 0.54033073
1779396345.87061334 1.09564568 1.59758476 -1.10372366 0.25300336 -0.43789201 0.67268904 0.54011975
1779396345.87079573 1.09521924 1.59732422 -1.10473653 0.25317521 -0.43774075 0.67263195 0.54023292
1779396345.88091946 1.09815478 1.59399871 -1.10704986 0.25272640 -0.43768611 0.67228620 0.54091727
1779396345.89125276 1.09804907 1.59161148 -1.11165633 0.25244324 -0.43701787 0.67270932 0.54106373
1779396345.90156031 1.10019476 1.58939841 -1.11342024 0.25225556 -0.43709081 0.67246466 0.54139638
1779396345.91186786 1.09991598 1.58759880 -1.11713972 0.25178696 -0.43646868 0.67319943 0.54120323
1779396345.92215824 1.09871397 1.58754139 -1.11962750 0.25266616 -0.43627231 0.67278021 0.54147307
1779396345.93244910 1.10001138 1.58374205 -1.12516459 0.25244327 -0.43557972 0.67267528 0.54226439
1779396345.94277334 1.09626027 1.58487726 -1.12866089 0.25314278 -0.43483818 0.67321103 0.54186844
1779396345.94295478 1.09942122 1.58241083 -1.12918387 0.25240685 -0.43500422 0.67311932 0.54219230
1779396345.95315027 1.10134391 1.58144424 -1.12958202 0.25237456 -0.43533493 0.67282092 0.54231226
1779396345.96348357 1.09897579 1.58141104 -1.13383298 0.25319038 -0.43470076 0.67283473 0.54242354
1779396345.97377610 1.10385200 1.57760052 -1.13647916 0.25240619 -0.43482451 0.67252457 0.54307409
1779396345.98406482 1.10304339 1.57717460 -1.13916115 0.25287380 -0.43454057 0.67240520 0.54323161
1779396345.99439549 1.10230968 1.57728934 -1.14202076 0.25329704 -0.43430762 0.67249944 0.54310405
1779396346.00475812 1.10285525 1.57747482 -1.14354271 0.25425261 -0.43451655 0.67158671 0.54361960
1779396346.01510310 1.10209362 1.57615130 -1.14821738 0.25453765 -0.43386988 0.67159332 0.54399442
1779396346.01528358 1.10235253 1.57667969 -1.14784699 0.25504000 -0.43412836 0.67107556 0.54419185
1779396346.02546072 1.10050148 1.57837019 -1.14947700 0.25592284 -0.43399082 0.67100730 0.54397120
1779396346.03580403 1.10356277 1.57741913 -1.15060787 0.25562783 -0.43436683 0.67094124 0.54389128
1779396346.04611039 1.10151976 1.57893918 -1.15355649 0.25706511 -0.43416790 0.67033970 0.54411437
1779396346.05645943 1.10068831 1.58027673 -1.15454686 0.25831116 -0.43432242 0.66949142 0.54444523
1779396346.06678939 1.10017709 1.58162090 -1.15617059 0.25930737 -0.43439845 0.66910008 0.54439210
1779396346.07711983 1.09710073 1.58390673 -1.15903448 0.26040018 -0.43400544 0.66929448 0.54394478
1779396346.08745146 1.09363035 1.58574185 -1.16294157 0.26180731 -0.43340107 0.66920079 0.54386648
1779396346.09774661 1.09395121 1.58516084 -1.16554522 0.26254828 -0.43323434 0.66854512 0.54444818
1779396346.10807562 1.09205335 1.58576016 -1.16932723 0.26320599 -0.43265748 0.66882132 0.54425008
1779396346.11836004 1.09388043 1.58455728 -1.17169092 0.26348562 -0.43268543 0.66841667 0.54458957
1779396346.12868071 1.08834132 1.58582127 -1.17731022 0.26444036 -0.43137672 0.66920321 0.54419894
1779396346.13911748 1.08816705 1.58447606 -1.18159707 0.26490490 -0.43082540 0.66906130 0.54458410
1779396346.14953542 1.08565312 1.58424969 -1.18662083 0.26544766 -0.42991598 0.66954365 0.54444567
1779396346.15993357 1.08374104 1.58382194 -1.19113241 0.26588078 -0.42913972 0.66998541 0.54430328
1779396346.17044735 1.08453962 1.58188034 -1.19448839 0.26617910 -0.42878117 0.66957920 0.54493952
1779396346.17075229 1.08427768 1.58184042 -1.19523799 0.26623795 -0.42866844 0.66969909 0.54485213
1779396346.18089747 1.08177735 1.58012349 -1.20167631 0.26687435 -0.42744213 0.66976500 0.54542291
1779396346.19130063 1.08155136 1.57936475 -1.20476078 0.26767641 -0.42713061 0.66927368 0.54587684
1779396346.20170951 1.08386452 1.57602731 -1.20896420 0.26767276 -0.42679130 0.66880580 0.54671681
1779396346.21209788 1.08084373 1.57458057 -1.21529529 0.26800471 -0.42548705 0.66938735 0.54685906
1779396346.22241735 1.08736501 1.56753072 -1.21995938 0.26762946 -0.42546638 0.66787269 0.54890701
1779396346.23281026 1.08936920 1.56613062 -1.22167711 0.26799950 -0.42559518 0.66726957 0.54935993
1779396346.24321842 1.08832284 1.56548568 -1.22510010 0.26825737 -0.42509214 0.66761599 0.54920265
1779396346.25361586 1.08912596 1.56316418 -1.22865759 0.26862219 -0.42471228 0.66705972 0.54999356
1779396346.26403689 1.08758901 1.56117857 -1.23464232 0.26902877 -0.42366244 0.66722127 0.55040843
1779396346.27445912 1.09080178 1.55747892 -1.23789590 0.26875053 -0.42356905 0.66677527 0.55115619
1779396346.28491449 1.08857884 1.55622385 -1.24387560 0.26944693 -0.42247751 0.66687122 0.55153774
1779396346.29529762 1.09076645 1.55318115 -1.24701950 0.26912140 -0.42224079 0.66668761 0.55209964
1779396346.30562687 1.09006419 1.55149226 -1.25171994 0.26946555 -0.42152747 0.66672842 0.55242748
1779396346.31591654 1.08834430 1.55121753 -1.25546735 0.26999200 -0.42093733 0.66695943 0.55234156
1779396346.32617688 1.08877011 1.55010175 -1.25790446 0.27034060 -0.42075383 0.66659616 0.55274925
1779396346.32633448 1.08852395 1.54879102 -1.26054007 0.27052964 -0.42031956 0.66639837 0.55322544
1779396346.33647704 1.08811562 1.54707745 -1.26468791 0.27070057 -0.41968799 0.66643429 0.55357793
1779396346.34680295 1.08719790 1.54491511 -1.27019372 0.27128937 -0.41889586 0.66606921 0.55432855
1779396346.35707521 1.08656742 1.54250498 -1.27563435 0.27139111 -0.41806329 0.66622250 0.55472293
1779396346.36735678 1.08702768 1.54012172 -1.27992343 0.27189309 -0.41757518 0.66548801 0.55572549
1779396346.37767887 1.08619742 1.53753302 -1.28600170 0.27236577 -0.41665187 0.66520236 0.55652846
1779396346.38799667 1.08480171 1.53361904 -1.29432105 0.27266191 -0.41523937 0.66509467 0.55756688
1779396346.39826059 1.08448969 1.53418058 -1.29524787 0.27303513 -0.41529443 0.66505811 0.55738682
1779396346.40859246 1.08667709 1.53086639 -1.29948155 0.27289540 -0.41493440 0.66470721 0.55814144
1779396346.41889024 1.08428136 1.52910686 -1.30567374 0.27354227 -0.41389638 0.66461790 0.55870159
1779396346.42920446 1.08615483 1.52526857 -1.31078699 0.27347391 -0.41337758 0.66414787 0.55967724
1779396346.43949294 1.08432981 1.52427278 -1.31523648 0.27401228 -0.41262305 0.66408628 0.56004367
1779396346.44980836 1.08756244 1.52174398 -1.31714383 0.27360749 -0.41281449 0.66385658 0.56037272
1779396346.46009922 1.08746876 1.51967507 -1.32163081 0.27390995 -0.41226421 0.66362642 0.56090243
1779396346.47035027 1.09467383 1.51783039 -1.31862831 0.27309425 -0.41363488 0.66294135 0.56110113
1779396346.48068547 1.08916168 1.51626324 -1.32766010 0.27396019 -0.41179109 0.66337757 0.56151946
1779396346.49100256 1.09005424 1.51265902 -1.33323312 0.27385616 -0.41106469 0.66328810 0.56220772
1779396346.50131583 1.09023123 1.51139210 -1.33664081 0.27400530 -0.41071887 0.66329173 0.56238349
1779396346.51180983 1.09256138 1.50899630 -1.33878563 0.27373046 -0.41071235 0.66309058 0.56275917
1779396346.52211046 1.09283805 1.50900526 -1.34016794 0.27380269 -0.41073182 0.66337041 0.56237991
1779396346.53239083 1.10264426 1.50767448 -1.33446265 0.27250605 -0.41282996 0.66290253 0.56202501
1779396346.54296947 1.11252125 1.50965681 -1.32422051 0.27059072 -0.41546781 0.66369360 0.56006961
1779396346.54332662 1.11296232 1.50819977 -1.32603295 0.27033499 -0.41520905 0.66380587 0.56025191
1779396346.55331373 1.09703871 1.50556150 -1.34542305 0.27320515 -0.41075925 0.66391934 0.56200258
1779396346.56362557 1.10027899 1.50427324 -1.34568484 0.27306641 -0.41125487 0.66361325 0.56206905
1779396346.57392645 1.10061710 1.50410499 -1.34701528 0.27338482 -0.41128121 0.66344590 0.56209256
1779396346.58429766 1.10434807 1.50217184 -1.34774826 0.27273366 -0.41164582 0.66358847 0.56197368
1779396346.59463310 1.10194662 1.50733802 -1.34551723 0.27284720 -0.41196511 0.66528308 0.55967631
1779396346.60492110 1.10415002 1.50549558 -1.34743899 0.27262949 -0.41202807 0.66528365 0.55973538
1779396346.61521125 1.10818819 1.50429617 -1.34667248 0.27202437 -0.41269305 0.66539042 0.55941289
1779396346.62548876 1.11642481 1.49783644 -1.34798717 0.27084732 -0.41334403 0.66436279 0.56072321
1779396346.63575149 1.12505180 1.49721054 -1.34183735 0.26977811 -0.41539592 0.66398347 0.56017136
1779396346.64601231 1.12286791 1.49580588 -1.34711683 0.26995091 -0.41439779 0.66465374 0.56003248
1779396346.65627170 1.12480928 1.49428184 -1.34817992 0.26964363 -0.41448599 0.66473730 0.56001607
1779396346.66654634 1.12953728 1.49318019 -1.34621484 0.26881833 -0.41537898 0.66497846 0.55946462
1779396346.67684221 1.13193124 1.49246446 -1.34589178 0.26848779 -0.41579719 0.66519377 0.55905657
1779396346.68718290 1.14070504 1.49134370 -1.33978044 0.26748666 -0.41781328 0.66449861 0.55886004
1779396346.68737125 1.14576218 1.49251988 -1.33384031 0.26623753 -0.41915207 0.66520825 0.55760838
1779396346.69748974 1.15447445 1.49350176 -1.32506862 0.26482163 -0.42143923 0.66541318 0.55631266
1779396346.70776486 1.15456507 1.49210603 -1.32774969 0.26474185 -0.42111463 0.66579856 0.55613533
1779396346.71807098 1.16048464 1.49079464 -1.32438324 0.26377993 -0.42230152 0.66588208 0.55559214
1779396346.72844458 1.14561580 1.48690993 -1.34438674 0.26638940 -0.41782625 0.66599052 0.55759711
1779396346.73869371 1.14971763 1.48543018 -1.34314217 0.26582794 -0.41854348 0.66597173 0.55734955
1779396346.74899268 1.15174133 1.48401798 -1.34378225 0.26531854 -0.41864119 0.66649626 0.55689169
1779396346.75933981 1.15394699 1.48455448 -1.34152727 0.26466647 -0.41925586 0.66725139 0.55583430
1779396346.76969004 1.15783589 1.48302411 -1.34041582 0.26427114 -0.41995168 0.66700936 0.55578761
1779396346.77998352 1.16006427 1.48108737 -1.34171590 0.26341665 -0.41988525 0.66785129 0.55523211
1779396346.79028130 1.16340537 1.48152292 -1.33873768 0.26287860 -0.42081378 0.66823424 0.55432265
1779396346.80060339 1.16451690 1.48037970 -1.33991901 0.26254412 -0.42075257 0.66862866 0.55405196
1779396346.81091976 1.16596175 1.47853009 -1.34207673 0.26247552 -0.42068076 0.66852322 0.55426619
1779396346.82128763 1.16827726 1.47979007 -1.33979778 0.26173711 -0.42133159 0.66958104 0.55284230
1779396346.83159471 1.16806559 1.48105879 -1.33957972 0.26260711 -0.42172078 0.66891603 0.55293801
1779396346.84193802 1.17269244 1.48079536 -1.33708270 0.26123901 -0.42256688 0.66996496 0.55166871
1779396346.85231566 1.17334297 1.48250044 -1.33622466 0.26175245 -0.42314523 0.66970438 0.55129830
1779396346.86266565 1.17744852 1.48305705 -1.33374690 0.26112778 -0.42415021 0.66997006 0.55049886
1779396346.87294269 1.17791716 1.48569938 -1.33173638 0.26158531 -0.42484777 0.66985314 0.54988569
1779396346.88330173 1.17996639 1.48769567 -1.32965174 0.26119610 -0.42560041 0.67047998 0.54872350
1779396346.89377022 1.18103155 1.49269095 -1.32478543 0.26202070 -0.42701321 0.67014079 0.54764605
1779396346.90409279 1.18474682 1.49230410 -1.32349872 0.26165376 -0.42787937 0.66996596 0.54735926
1779396346.91447306 1.18625191 1.49155968 -1.32451367 0.26155185 -0.42803596 0.66986854 0.54740477
1779396346.92483282 1.18674856 1.49564744 -1.32091525 0.26200005 -0.42908076 0.67001813 0.54618805
1779396346.93516016 1.18867884 1.49647552 -1.31955726 0.26218376 -0.42982900 0.66967888 0.54592756
1779396346.94546008 1.18944530 1.49867925 -1.31710989 0.26178559 -0.43040383 0.67055715 0.54458604
1779396346.95575738 1.19127173 1.49746789 -1.31798254 0.26145346 -0.43058103 0.67069897 0.54443086
1779396346.96605515 1.19177848 1.49647324 -1.31992746 0.26120924 -0.43041900 0.67112692 0.54414876
1779396346.97635078 1.19317541 1.49510766 -1.32132451 0.26055277 -0.43032097 0.67183428 0.54366793
1779396346.98671079 1.19266231 1.49423269 -1.32363658 0.26054084 -0.42995977 0.67215501 0.54356297
1779396346.99699402 1.19576047 1.49320666 -1.32293066 0.25963992 -0.43036054 0.67279815 0.54288079
1779396347.00732970 1.19703585 1.49240443 -1.32300145 0.25908177 -0.43053059 0.67342431 0.54223588
1779396347.01767325 1.19823949 1.49161253 -1.32339114 0.25860538 -0.43059142 0.67391437 0.54180596
1779396347.02794933 1.20002437 1.48841800 -1.32663616 0.25785923 -0.43020972 0.67439807 0.54186295
1779396347.03824854 1.19994820 1.48800900 -1.32783445 0.25732366 -0.43000707 0.67545306 0.54096360
1779396347.04856753 1.20162304 1.48664567 -1.32869469 0.25687900 -0.43016001 0.67573631 0.54069954
1779396347.05882764 1.20152857 1.49130416 -1.32403609 0.25633823 -0.43089086 0.67735602 0.53834246
1779396347.06910086 1.19703811 1.49382935 -1.32653916 0.25671736 -0.43022923 0.67868970 0.53700959
1779396347.07941437 1.19497552 1.49482493 -1.32835539 0.25701675 -0.43000969 0.67924080 0.53634503
1779396347.08982587 1.20020735 1.49433998 -1.32472772 0.25585298 -0.43110959 0.67962010 0.53553739
1779396347.10012460 1.20012074 1.49530141 -1.32474808 0.25578750 -0.43130576 0.68006379 0.53484703
1779396347.11041379 1.19924160 1.49816769 -1.32379942 0.25611260 -0.43182627 0.68055197 0.53364916
1779396347.12072515 1.20047700 1.49949814 -1.32211165 0.25579773 -0.43239944 0.68103823 0.53271491
1779396347.12090516 1.20282500 1.49968699 -1.31992953 0.25531202 -0.43299057 0.68117162 0.53229706
1779396347.13104486 1.20125433 1.50090803 -1.32108009 0.25590565 -0.43302432 0.68112575 0.53204318
1779396347.14133620 1.20367445 1.50212864 -1.31876006 0.25556557 -0.43399173 0.68128522 0.53121358
1779396347.15161324 1.20213415 1.50581424 -1.31749375 0.25624148 -0.43454572 0.68155883 0.53008290
1779396347.16188049 1.20104734 1.50839292 -1.31636547 0.25661454 -0.43499893 0.68175566 0.52927698
1779396347.17217922 1.20063730 1.51014489 -1.31624375 0.25713225 -0.43550118 0.68163638 0.52876608
1779396347.18243265 1.20114108 1.51294867 -1.31376483 0.25741821 -0.43644303 0.68164162 0.52784283
1779396347.19271946 1.20523320 1.51268996 -1.31107083 0.25687552 -0.43757646 0.68138093 0.52750530
1779396347.20302224 1.19959517 1.51922643 -1.30969933 0.25860271 -0.43801132 0.68143697 0.52622655
1779396347.21328235 1.20798718 1.51218806 -1.31103477 0.25770014 -0.43900206 0.67978324 0.52797971
1779396347.22354817 1.20880815 1.51548066 -1.30684072 0.25810043 -0.44036851 0.67947844 0.52703775
1779396347.23377919 1.20955616 1.51451970 -1.30799651 0.25820214 -0.44058719 0.67915419 0.52722308
1779396347.24405026 1.20672460 1.51600390 -1.30992209 0.25923023 -0.44059772 0.67882705 0.52713108
1779396347.25434518 1.20850361 1.51481246 -1.31014490 0.25887201 -0.44108177 0.67876552 0.52698153
1779396347.26471066 1.20026281 1.52322724 -1.30859919 0.26051828 -0.44104168 0.67976623 0.52490984
1779396347.27495980 1.20499144 1.51820140 -1.31049139 0.25950064 -0.44144787 0.67934474 0.52561766
1779396347.28528404 1.20668125 1.51588734 -1.31178062 0.25937197 -0.44176803 0.67888894 0.52600094
1779396347.29555249 1.20653407 1.51574883 -1.31216549 0.25949299 -0.44202757 0.67876740 0.52588006
1779396347.30589986 1.20576180 1.51390256 -1.31540610 0.25966352 -0.44180939 0.67859730 0.52619865
1779396347.31617951 1.20790543 1.51122558 -1.31640440 0.25956480 -0.44230459 0.67781193 0.52684320
1779396347.32647181 1.21304728 1.50449599 -1.31949759 0.25906954 -0.44270959 0.67635425 0.52861718
1779396347.33680725 1.21410079 1.50246784 -1.32070051 0.25893073 -0.44293424 0.67596042 0.52900061
1779396347.34708047 1.20330512 1.50507734 -1.32858886 0.26065300 -0.44113350 0.67687508 0.52848971
1779396347.35743833 1.20685634 1.50167004 -1.32903154 0.26009795 -0.44177896 0.67619226 0.52909775
1779396347.36772776 1.20454808 1.50228352 -1.33058085 0.26107894 -0.44180786 0.67557050 0.52938463
1779396347.36788511 1.20597890 1.50091653 -1.33087962 0.26085068 -0.44198292 0.67532655 0.52966222
1779396347.37798405 1.21038322 1.49257443 -1.33628538 0.26034313 -0.44192420 0.67365811 0.53208007
1779396347.38832307 1.20653381 1.49238036 -1.34053231 0.26124491 -0.44142550 0.67338113 0.53240255
1779396347.39860630 1.20582728 1.49103906 -1.34333948 0.26166128 -0.44145888 0.67276924 0.53294370
1779396347.40885210 1.20372022 1.48923830 -1.34774726 0.26224531 -0.44097541 0.67219677 0.53377859
1779396347.41912293 1.20245012 1.48555887 -1.35380985 0.26256329 -0.44038966 0.67149812 0.53498387
1779396347.42940831 1.20102221 1.48466001 -1.35676208 0.26295558 -0.44029896 0.67110703 0.53535646
1779396347.43970299 1.20104495 1.48275050 -1.35908870 0.26323768 -0.44037198 0.67031590 0.53614833
1779396347.44994521 1.20079421 1.47792212 -1.36530186 0.26302093 -0.43970411 0.66994418 0.53726630
1779396347.46026874 1.19724106 1.47385785 -1.37333243 0.26375451 -0.43862175 0.66914134 0.53878974
1779396347.47061419 1.21261327 1.47171546 -1.36063897 0.26107446 -0.44219508 0.66835129 0.53815442
1779396347.47081876 1.19867047 1.46834276 -1.37840148 0.26328373 -0.43827734 0.66852765 0.54006058
1779396347.48090625 1.19298423 1.46605262 -1.38623180 0.26443941 -0.43698085 0.66794444 0.54126681
1779396347.49121714 1.19141872 1.45958925 -1.39508081 0.26419509 -0.43570046 0.66763653 0.54279603
1779396347.50151682 1.19087848 1.45577469 -1.39998473 0.26400809 -0.43520844 0.66738889 0.54358570
1779396347.51173425 1.18997460 1.45087384 -1.40634253 0.26383675 -0.43434849 0.66702099 0.54480690
1779396347.52203918 1.18952431 1.44441017 -1.41385953 0.26337089 -0.43338294 0.66669883 0.54619381
1779396347.53233194 1.18751364 1.43997005 -1.42060722 0.26331690 -0.43244238 0.66651637 0.54718711
1779396347.54272103 1.18655157 1.43734519 -1.42439071 0.26327489 -0.43204666 0.66633204 0.54774412
1779396347.54305029 1.19354735 1.43572444 -1.41950621 0.26205229 -0.43352035 0.66590160 0.54768947
1779396347.55308390 1.18785073 1.43008182 -1.43106354 0.26249720 -0.43138562 0.66581554 0.54926435
1779396347.56338716 1.18922217 1.42496216 -1.43503019 0.26210697 -0.43134969 0.66498572 0.55048285
1779396347.57375693 1.18353506 1.42139195 -1.44422565 0.26254527 -0.42972411 0.66519708 0.55128941
1779396347.58404756 1.18364497 1.41817954 -1.44754117 0.26241286 -0.42958536 0.66466934 0.55209653
1779396347.59435248 1.18516617 1.41437190 -1.45029833 0.26195025 -0.42973970 0.66415764 0.55281144
1779396347.60461783 1.18045106 1.41116473 -1.45774701 0.26276986 -0.42873392 0.66347406 0.55402293
1779396347.61490917 1.17732756 1.40974805 -1.46217492 0.26336205 -0.42818667 0.66309188 0.55462218
1779396347.62519455 1.17763742 1.40457903 -1.46750474 0.26311599 -0.42785087 0.66234931 0.55588398
1779396347.63546705 1.19040227 1.40665734 -1.45374683 0.26103192 -0.43167999 0.66210676 0.55419253
1779396347.64578199 1.17256896 1.39957160 -1.47711626 0.26402598 -0.42706354 0.66111008 0.55753069
1779396347.65608788 1.16991910 1.39886588 -1.48021306 0.26456632 -0.42680060 0.66071596 0.55794294
1779396347.66638160 1.16776020 1.39516693 -1.48587001 0.26472892 -0.42592472 0.66033789 0.55898176
1779396347.67669988 1.16378460 1.39202292 -1.49255817 0.26571760 -0.42550682 0.65901660 0.56038846
1779396347.68701816 1.16389575 1.39178742 -1.49276235 0.26547322 -0.42584090 0.65918797 0.56004885
1779396347.69730330 1.16169998 1.38831613 -1.49807313 0.26573266 -0.42535571 0.65853417 0.56106276
1779396347.70758486 1.15970804 1.38387678 -1.50424493 0.26600614 -0.42477414 0.65761420 0.56245109
1779396347.71786571 1.15937511 1.38191883 -1.50645154 0.26610658 -0.42488180 0.65695602 0.56309106
1779396347.72817564 1.15786646 1.37666245 -1.51256702 0.26601020 -0.42426546 0.65628426 0.56438317
1779396347.73851609 1.15566101 1.37208500 -1.51865838 0.26612838 -0.42360898 0.65559891 0.56561576
1779396347.74873781 1.15200941 1.36815716 -1.52540158 0.26637297 -0.42267118 0.65526572 0.56658745
1779396347.75905561 1.15086849 1.36370940 -1.53059377 0.26608694 -0.42198436 0.65507390 0.56745496
1779396347.76936078 1.14962227 1.36091916 -1.53405868 0.26610223 -0.42185958 0.65458585 0.56810339
1779396347.77964735 1.14749575 1.35720946 -1.53915572 0.26606901 -0.42131197 0.65427341 0.56888471
1779396347.78988099 1.14548130 1.35431194 -1.54349704 0.26614411 -0.42079263 0.65397865 0.56957248
1779396347.80017185 1.15050610 1.35104430 -1.54223318 0.26522896 -0.42201802 0.65312916 0.57006727
1779396347.81044888 1.14313534 1.34669854 -1.55242242 0.26589353 -0.42014702 0.65305637 0.57122192
1779396347.82065678 1.13983812 1.34352300 -1.55785895 0.26633383 -0.41946417 0.65239233 0.57227646
1779396347.82081199 1.14290357 1.34340411 -1.55538966 0.26585798 -0.42027278 0.65221518 0.57210636
1779396347.83091164 1.13629318 1.34634737 -1.55827540 0.26651261 -0.41945952 0.65341565 0.57102778
1779396347.84118629 1.13360521 1.34236759 -1.56403221 0.26653370 -0.41876476 0.65312655 0.57185800
1779396347.85150790 1.13195252 1.33912660 -1.56811103 0.26662912 -0.41854110 0.65247575 0.57271953
1779396347.86176205 1.12816396 1.33623178 -1.57363731 0.26690848 -0.41766566 0.65229974 0.57342856
1779396347.87201977 1.12783401 1.33265652 -1.57700534 0.26671033 -0.41764248 0.65172570 0.57418984
1779396347.88230538 1.12755012 1.32917628 -1.58009945 0.26664699 -0.41767002 0.65096370 0.57506295
1779396347.89263201 1.12779930 1.32711855 -1.58180912 0.26616580 -0.41768502 0.65117637 0.57503419
1779396347.90289140 1.12461858 1.32332655 -1.58749164 0.26623933 -0.41690087 0.65097131 0.57580086
1779396347.91315818 1.12338212 1.32000932 -1.59130738 0.26581731 -0.41651362 0.65120582 0.57601089
1779396347.92347288 1.11902901 1.31815224 -1.59610077 0.26626779 -0.41565845 0.65120265 0.57642400
1779396347.92371607 1.11759997 1.31766670 -1.59751653 0.26630957 -0.41537554 0.65140237 0.57638297
1779396347.93380451 1.11839299 1.31306889 -1.60062226 0.26571120 -0.41518362 0.65111204 0.57712496
1779396347.94411111 1.11489253 1.31020877 -1.60553670 0.26577523 -0.41444527 0.65128233 0.57743395
1779396347.95436692 1.11330346 1.30712990 -1.60918243 0.26534966 -0.41395750 0.65175670 0.57744432
1779396347.96463752 1.11180509 1.30324605 -1.61354898 0.26508355 -0.41332846 0.65178358 0.57798656
1779396347.97485805 1.10673443 1.30051845 -1.61926141 0.26519204 -0.41218687 0.65240166 0.57805470
1779396347.98511720 1.10356554 1.29644669 -1.62472320 0.26482173 -0.41120568 0.65305415 0.57818649
1779396347.99535608 1.10312292 1.29495158 -1.62614205 0.26469200 -0.41125151 0.65302158 0.57825008
1779396348.00573444 1.09953937 1.29563138 -1.62824704 0.26517171 -0.41103869 0.65333213 0.57783067
1779396348.01604676 1.10155038 1.29111641 -1.63036770 0.26399512 -0.41107428 0.65375552 0.57786524
1779396348.02631950 1.09896023 1.28974338 -1.63354725 0.26398696 -0.41065267 0.65423337 0.57762788
1779396348.03658628 1.10479624 1.28456208 -1.63340471 0.26206999 -0.41120222 0.65477591 0.57749508
1779396348.04684114 1.09400365 1.28663279 -1.63942226 0.26384712 -0.40980084 0.65518851 0.57721399
1779396348.05713081 1.10065015 1.28227468 -1.63797257 0.26210210 -0.41089776 0.65530609 0.57709570
1779396348.06746244 1.09113809 1.28212224 -1.64463705 0.26321639 -0.40920979 0.65604033 0.57695369
1779396348.07779598 1.09525919 1.27793617 -1.64517123 0.26208627 -0.40985681 0.65584153 0.57723485
1779396348.08806229 1.09331457 1.27537935 -1.64833861 0.26180730 -0.40946220 0.65628788 0.57713418
1779396348.09837079 1.09306448 1.27315318 -1.65025637 0.26139603 -0.40933092 0.65661351 0.57704334
1779396348.09856343 1.09265962 1.27257795 -1.65092311 0.26137030 -0.40929368 0.65662979 0.57706289
1779396348.10864711 1.09000409 1.27367898 -1.65194537 0.26146762 -0.40907545 0.65751827 0.57616116
1779396348.11894298 1.09312003 1.26863480 -1.65344673 0.26020365 -0.40935130 0.65770053 0.57632941
1779396348.12926030 1.09559579 1.26577285 -1.65384750 0.25920026 -0.40978241 0.65807381 0.57604901
1779396348.13961864 1.09322442 1.26475604 -1.65621201 0.25917904 -0.40934760 0.65867806 0.57567698
1779396348.14997125 1.09388727 1.26256043 -1.65738490 0.25839367 -0.40944689 0.65940823 0.57512324
1779396348.16032243 1.09369422 1.26233565 -1.65770747 0.25808130 -0.40975842 0.65992144 0.57445258
1779396348.17063856 1.09460613 1.25856015 -1.65987987 0.25728862 -0.40960354 0.66027561 0.57451164
1779396348.17082667 1.09144051 1.25803947 -1.66240009 0.25761405 -0.40900259 0.66046033 0.57458161
1779396348.18094325 1.09385264 1.25728218 -1.66148025 0.25680743 -0.40951663 0.66110693 0.57383246
1779396348.19124246 1.09861780 1.25663894 -1.65889956 0.25559606 -0.41066398 0.66175916 0.57280062
1779396348.20153785 1.09893033 1.25519772 -1.65954324 0.25523191 -0.41098128 0.66194705 0.57251826
1779396348.21183133 1.09671551 1.25370876 -1.66235455 0.25512563 -0.41050630 0.66253374 0.57222770
1779396348.22217917 1.10136991 1.25038634 -1.66178551 0.25351503 -0.41116199 0.66334174 0.57153625
1779396348.23247218 1.09311231 1.24905631 -1.66909099 0.25453688 -0.40962926 0.66380212 0.57164814
1779396348.24282527 1.10006841 1.25219264 -1.66184487 0.25335802 -0.41168584 0.66456982 0.56979947
1779396348.24301100 1.10585027 1.25012641 -1.65942242 0.25217061 -0.41262821 0.66450393 0.56972139
1779396348.25316501 1.10154108 1.25162464 -1.66140886 0.25263740 -0.41219651 0.66532122 0.56887262
1779396348.26349235 1.10697151 1.24841473 -1.66088145 0.25122268 -0.41300056 0.66573196 0.56843527
1779396348.27379537 1.11329264 1.24437899 -1.65957122 0.24997927 -0.41425762 0.66513305 0.56876974
1779396348.28411627 1.11157189 1.24422706 -1.66125116 0.25004769 -0.41410903 0.66560480 0.56829580
1779396348.29442644 1.11052448 1.24587058 -1.66109226 0.25009672 -0.41447900 0.66626156 0.56723392
1779396348.30473852 1.11117192 1.24469213 -1.66197039 0.24968421 -0.41474932 0.66669661 0.56670664
1779396348.31502223 1.11043925 1.24555376 -1.66219631 0.24971476 -0.41496502 0.66712278 0.56603336
1779396348.31522083 1.11184303 1.24523824 -1.66163164 0.24943217 -0.41527640 0.66715830 0.56588771
1779396348.32531571 1.11377834 1.24393991 -1.66179794 0.24870966 -0.41555782 0.66775133 0.56529936
1779396348.33558226 1.11783430 1.24209062 -1.66058536 0.24763081 -0.41639590 0.66813817 0.56469888
1779396348.34583831 1.11835336 1.24290567 -1.66019095 0.24735824 -0.41684287 0.66883126 0.56366717
1779396348.35613132 1.11705054 1.24244375 -1.66172236 0.24723309 -0.41667860 0.66948438 0.56306785
1779396348.36640167 1.11390465 1.24095498 -1.66560270 0.24752144 -0.41615868 0.66974728 0.56301303
1779396348.37675214 1.11316418 1.24192036 -1.66597742 0.24737343 -0.41623833 0.67077503 0.56179435
1779396348.38705754 1.11433970 1.24085231 -1.66622533 0.24700952 -0.41658235 0.67093375 0.56150989
1779396348.39737225 1.10897753 1.23996447 -1.67121546 0.24750926 -0.41551528 0.67178791 0.56105902
1779396348.40767050 1.10797554 1.24177515 -1.67136622 0.24699085 -0.41539414 0.67377717 0.55898797
1779396348.41793704 1.10307701 1.24401806 -1.67344606 0.24789896 -0.41494217 0.67431870 0.55826821
1779396348.41814041 1.10319417 1.24386593 -1.67367016 0.24785348 -0.41499861 0.67440496 0.55814223
1779396348.42862439 1.10483175 1.24238295 -1.67418837 0.24734848 -0.41524862 0.67471423 0.55780643
1779396348.43891907 1.10214114 1.24476607 -1.67513727 0.24778739 -0.41520676 0.67557751 0.55659660
1779396348.44918442 1.10177998 1.24585979 -1.67548329 0.24793844 -0.41553569 0.67594829 0.55583318
1779396348.45943522 1.10202241 1.24571809 -1.67619108 0.24774069 -0.41562975 0.67645646 0.55523249
1779396348.45959210 1.10237543 1.24539536 -1.67639781 0.24768113 -0.41573587 0.67644901 0.55518868
1779396348.46968412 1.09994257 1.24664972 -1.67786918 0.24826710 -0.41567737 0.67659868 0.55478824
1779396348.47994280 1.09950572 1.24662142 -1.67936448 0.24821817 -0.41568820 0.67720376 0.55406329
1779396348.49024487 1.09658829 1.24798486 -1.68124469 0.24897991 -0.41564680 0.67729686 0.55363861
1779396348.50048947 1.09339923 1.24790893 -1.68424746 0.24964072 -0.41524753 0.67731492 0.55361855
1779396348.51076746 1.08877840 1.24841404 -1.68787642 0.25046525 -0.41464527 0.67770938 0.55321466
1779396348.52101064 1.08050077 1.24801507 -1.69454590 0.25185796 -0.41325638 0.67802002 0.55324098
1779396348.53127670 1.08185439 1.24432488 -1.69715424 0.25165387 -0.41326734 0.67744723 0.55402679
1779396348.54160500 1.08175662 1.24129767 -1.70014710 0.25182333 -0.41324641 0.67683588 0.55471219
1779396348.55187440 1.07806253 1.24059020 -1.70428194 0.25250124 -0.41262861 0.67702512 0.55463298
1779396348.56215811 1.07414821 1.24087955 -1.70748516 0.25334138 -0.41211671 0.67703517 0.55461819
1779396348.57243752 1.07284231 1.24102963 -1.70954894 0.25380433 -0.41211442 0.67704616 0.55439478
1779396348.58270335 1.06939932 1.23869509 -1.71491984 0.25447986 -0.41139348 0.67669318 0.55505112
1779396348.59297967 1.06637706 1.24042660 -1.71713790 0.25536701 -0.41129707 0.67678088 0.55460802
1779396348.60332012 1.06551505 1.23970690 -1.71945352 0.25567398 -0.41121664 0.67660194 0.55474454
1779396348.61360598 1.06093255 1.24010865 -1.72393104 0.25689348 -0.41072307 0.67619057 0.55504830
1779396348.62386727 1.05753173 1.24187095 -1.72656616 0.25812831 -0.41075603 0.67560080 0.55516917
1779396348.63413620 1.05318775 1.24368161 -1.72948743 0.25943252 -0.41047269 0.67519235 0.55526770
1779396348.64447188 1.05115221 1.24390329 -1.73272847 0.26021869 -0.41040795 0.67473500 0.55550358
1779396348.65469694 1.04693721 1.24854464 -1.73424018 0.26179198 -0.41055897 0.67453885 0.55489066
1779396348.66495514 1.04591255 1.25141502 -1.73455536 0.26271598 -0.41112269 0.67389815 0.55481504
1779396348.67526460 1.04687635 1.25592827 -1.73308755 0.26338268 -0.41216669 0.67372383 0.55393536
1779396348.68568015 1.05280404 1.26103280 -1.72775854 0.26355703 -0.41439762 0.67301715 0.55304630
1779396348.69599223 1.04420006 1.26354945 -1.73432554 0.26547574 -0.41323110 0.67308189 0.55292265
1779396348.70629334 1.04144216 1.26702710 -1.73558450 0.26655671 -0.41330040 0.67304177 0.55239937
1779396348.71658301 1.04329146 1.27109607 -1.73392839 0.26702707 -0.41440233 0.67292904 0.55148323
1779396348.72684646 1.04313317 1.27400775 -1.73448613 0.26773403 -0.41493913 0.67273769 0.55097006
1779396348.73712182 1.04245281 1.27870074 -1.73322366 0.26854274 -0.41554930 0.67289121 0.54992818
1779396348.74737406 1.03817359 1.28498457 -1.73375097 0.26978861 -0.41548531 0.67391008 0.54811611
1779396348.75765252 1.03765947 1.28817316 -1.73395526 0.27043875 -0.41586698 0.67413368 0.54723059
1779396348.76791334 1.03687327 1.28945152 -1.73505079 0.27082944 -0.41587790 0.67439461 0.54670732
1779396348.76807833 1.03633015 1.28975658 -1.73572872 0.27107770 -0.41584664 0.67434221 0.54667269
1779396348.77814674 1.03859939 1.29129287 -1.73484538 0.27111936 -0.41649119 0.67441673 0.54606910
1779396348.78842115 1.03437759 1.29267939 -1.73875715 0.27226986 -0.41585755 0.67464517 0.54569728
1779396348.79869366 1.03694919 1.29352926 -1.73857612 0.27235778 -0.41646805 0.67455929 0.54529383
1779396348.80901194 1.03543950 1.29551547 -1.73969965 0.27314634 -0.41647358 0.67458444 0.54486390
1779396348.81926966 1.03787746 1.29609493 -1.73996135 0.27323845 -0.41697205 0.67454046 0.54449079
1779396348.82966948 1.03677011 1.29682419 -1.74214520 0.27385694 -0.41681746 0.67467226 0.54413502
1779396348.83998919 1.03681162 1.29689111 -1.74368406 0.27428215 -0.41684911 0.67446334 0.54415561
1779396348.85028291 1.03519613 1.29562835 -1.74768328 0.27473564 -0.41623308 0.67470375 0.54410036
1779396348.86058116 1.03531201 1.29524799 -1.74985271 0.27525806 -0.41622726 0.67437724 0.54424554
1779396348.87083459 1.03253588 1.29522171 -1.75323708 0.27613522 -0.41570421 0.67421802 0.54439820
1779396348.88111758 1.02919218 1.29450578 -1.75802731 0.27722289 -0.41502141 0.67379069 0.54489522
1779396348.89139438 1.03130787 1.29285232 -1.76021467 0.27749685 -0.41523331 0.67302766 0.54553696
1779396348.90168858 1.02766515 1.29293336 -1.76463576 0.27886770 -0.41468891 0.67230435 0.54614355
1779396348.91203666 1.02544706 1.29167829 -1.76871545 0.27963167 -0.41412618 0.67185726 0.54672978
1779396348.92235208 1.02465766 1.29118451 -1.77189642 0.28054059 -0.41400044 0.67102970 0.54737533
1779396348.93269157 1.02356400 1.28965803 -1.77600294 0.28150739 -0.41375245 0.66987775 0.54847634
1779396348.94295287 1.02543210 1.28798262 -1.77796990 0.28180419 -0.41397695 0.66892369 0.54931828
1779396348.94316244 1.02471726 1.28843902 -1.77867971 0.28222281 -0.41396713 0.66860910 0.54949374
1779396348.95324945 1.02021643 1.28799815 -1.78362827 0.28353430 -0.41316925 0.66789076 0.55029212
1779396348.96355224 1.01942918 1.28639122 -1.78772851 0.28462336 -0.41305403 0.66635552 0.55167584
1779396348.97381949 1.01953020 1.28636494 -1.78951009 0.28537442 -0.41322713 0.66536069 0.55235852
1779396348.98406935 1.01240729 1.28724080 -1.79580524 0.28746661 -0.41217694 0.66441183 0.55319982
1779396348.99434733 1.00932408 1.28853012 -1.79941774 0.28915497 -0.41202815 0.66301902 0.55410107
1779396349.00462818 1.00712528 1.28936789 -1.80292883 0.29052777 -0.41185775 0.66190275 0.55484372
1779396349.01488066 1.00552416 1.29138882 -1.80465873 0.29172342 -0.41193831 0.66103656 0.55518910
1779396349.02517819 1.00469419 1.29233112 -1.80752028 0.29303285 -0.41210248 0.65956063 0.55613224
1779396349.03544402 1.00398337 1.29386040 -1.80993638 0.29428360 -0.41229770 0.65832423 0.55679168
1779396349.04576445 1.00221957 1.29576576 -1.81270336 0.29572170 -0.41235298 0.65711020 0.55742253
1779396349.05602813 1.00253634 1.29808421 -1.81312107 0.29676743 -0.41290943 0.65589177 0.55788967
1779396349.06634212 1.00312471 1.29927317 -1.81516897 0.29754283 -0.41308976 0.65522766 0.55812349
1779396349.07661891 1.00373319 1.29806610 -1.81862490 0.29836448 -0.41314057 0.65374948 0.55937923
1779396349.08687830 1.00485688 1.29730893 -1.82082030 0.29868559 -0.41316330 0.65316847 0.55986959
1779396349.09715128 1.00489863 1.29569895 -1.82495972 0.29933298 -0.41288841 0.65222754 0.56082276
1779396349.10742021 1.00816464 1.29818599 -1.82412004 0.29976193 -0.41367423 0.65177504 0.56054055
1779396349.11770821 1.01042356 1.29828376 -1.82504976 0.29987565 -0.41389180 0.65158034 0.56054548
1779396349.12802601 1.00935415 1.29544626 -1.83069787 0.30056112 -0.41316508 0.65070957 0.56172474
1779396349.13829064 1.01220728 1.29718205 -1.83071552 0.30097601 -0.41369282 0.65035415 0.56152575
1779396349.14865947 1.01384709 1.29751580 -1.83234601 0.30147135 -0.41383435 0.64981572 0.56177904
1779396349.15901470 1.01307112 1.29771671 -1.83498815 0.30209741 -0.41349683 0.64961556 0.56192273
1779396349.16929293 1.01196735 1.29525318 -1.84011726 0.30259281 -0.41262708 0.64936479 0.56258498
1779396349.17956567 1.01172448 1.29502455 -1.84235998 0.30280357 -0.41217305 0.64976708 0.56233986
1779396349.18986201 1.01163595 1.29365853 -1.84590350 0.30312136 -0.41158498 0.64983436 0.56252159
1779396349.20015216 1.01177991 1.29406806 -1.84819588 0.30366205 -0.41129899 0.64984927 0.56242192
1779396349.21044040 1.01211272 1.29085895 -1.85273399 0.30356256 -0.41039010 0.65030494 0.56261286
1779396349.22077274 1.01439125 1.28791773 -1.85525652 0.30327434 -0.41012022 0.65022504 0.56305726
1779396349.22105646 1.01552366 1.28658990 -1.85609077 0.30298279 -0.40997932 0.65046050 0.56304487
1779396349.23109984 1.01562154 1.28418359 -1.85951224 0.30292447 -0.40928715 0.65078964 0.56319947
1779396349.24137712 1.01829191 1.27836596 -1.86426442 0.30214237 -0.40842295 0.65126136 0.56370145
1779396349.25165129 1.02074668 1.27196826 -1.86953828 0.30120840 -0.40737642 0.65203127 0.56406841
1779396349.26191187 1.02673790 1.26632233 -1.87149663 0.29992791 -0.40732227 0.65220051 0.56459393
1779396349.27218604 1.03118707 1.26103385 -1.87459353 0.29886602 -0.40683497 0.65282978 0.56478109
1779396349.28248644 1.03474335 1.25567910 -1.87768718 0.29789436 -0.40633858 0.65324606 0.56517033
1779396349.29274940 1.04124935 1.24875669 -1.88060351 0.29645838 -0.40609192 0.65355435 0.56574597
1779396349.30300784 1.04464421 1.24183616 -1.88530551 0.29534722 -0.40523178 0.65414527 0.56626071
1779396349.31327605 1.04943657 1.23442808 -1.88948371 0.29414262 -0.40465310 0.65436596 0.56704601
1779396349.32360888 1.05250042 1.22843849 -1.89364259 0.29317476 -0.40387856 0.65500523 0.56736128
1779396349.33390665 1.05730340 1.22539385 -1.89438536 0.29251411 -0.40414760 0.65481949 0.56772498
1779396349.34418011 1.06345670 1.22031276 -1.89633154 0.29111789 -0.40391575 0.65573796 0.56754750
1779396349.35451031 1.06840436 1.21312925 -1.90013898 0.29001082 -0.40351005 0.65569051 0.56845696
1779396349.36473775 1.07328473 1.21072182 -1.90038140 0.28911150 -0.40363921 0.65629179 0.56812940
1779396349.37503052 1.07678460 1.20399140 -1.90464137 0.28812437 -0.40291739 0.65666279 0.56871426
1779396349.38531828 1.08239184 1.19832640 -1.90708575 0.28687435 -0.40263249 0.65727102 0.56884531
1779396349.39569902 1.08526572 1.19110404 -1.91201330 0.28583115 -0.40162314 0.65791913 0.56933454
1779396349.40594959 1.08765574 1.18676072 -1.91495164 0.28499814 -0.40093877 0.65880874 0.56920577
1779396349.41624856 1.09231860 1.18067837 -1.91793799 0.28384529 -0.40041935 0.65945225 0.56940225
1779396349.42658496 1.09586773 1.17478046 -1.92151139 0.28288804 -0.39971721 0.66012499 0.56959241
1779396349.43688655 1.10195068 1.17035181 -1.92218524 0.28146431 -0.39961149 0.66113220 0.56920358
1779396349.44717169 1.10451180 1.16438413 -1.92642696 0.28072396 -0.39878238 0.66157396 0.56963722
1779396349.45739007 1.11106869 1.15797917 -1.92854361 0.27905868 -0.39832264 0.66282680 0.56932061
1779396349.46768713 1.11187069 1.15450882 -1.93167735 0.27861910 -0.39751744 0.66359080 0.56920870
1779396349.47802448 1.11524817 1.15057914 -1.93413593 0.27799909 -0.39710306 0.66411458 0.56919021
1779396349.48831964 1.12138779 1.14282075 -1.93688334 0.27637309 -0.39655935 0.66496406 0.56936929
1779396349.49861693 1.12609231 1.13604601 -1.94016539 0.27494351 -0.39571251 0.66621719 0.56918566
1779396349.50891471 1.13136477 1.13021768 -1.94171536 0.27348794 -0.39530282 0.66718463 0.56903840
1779396349.51921225 1.13587242 1.12247746 -1.94528295 0.27217276 -0.39448051 0.66793940 0.56935409
1779396349.52948117 1.14553025 1.11352805 -1.94632976 0.26995097 -0.39443677 0.66863099 0.56963033
1779396349.53981900 1.13935448 1.11187947 -1.95234220 0.27068656 -0.39258698 0.66959846 0.56942265
1779396349.55013156 1.14524023 1.10450051 -1.95474538 0.26916364 -0.39201855 0.67048752 0.56949002
1779396349.56038809 1.14914500 1.09697560 -1.95819141 0.26780664 -0.39101298 0.67159376 0.56951758
1779396349.57066584 1.15186372 1.09124911 -1.96148662 0.26686644 -0.39002649 0.67267182 0.56936303
1779396349.58096623 1.15359746 1.08538618 -1.96501044 0.26612387 -0.38913129 0.67322745 0.56966632
1779396349.59125233 1.15888703 1.07922248 -1.96622430 0.26482698 -0.38887268 0.67365611 0.56994048
1779396349.59147573 1.15782736 1.07765349 -1.96824224 0.26482656 -0.38829019 0.67395543 0.56998395
1779396349.60157895 1.16002902 1.07355547 -1.97080293 0.26417018 -0.38747401 0.67496424 0.56965014
1779396349.61182046 1.17004224 1.06944408 -1.96803944 0.26225974 -0.38812428 0.67581739 0.56907840
1779396349.62207294 1.16917322 1.06529549 -1.97219448 0.26200805 -0.38684383 0.67676260 0.56894289
1779396349.63234639 1.17527691 1.06036840 -1.97280528 0.26099746 -0.38692806 0.67692074 0.56916194
1779396349.64271092 1.17874795 1.06019699 -1.97166151 0.26030355 -0.38685305 0.67818478 0.56802480
1779396349.65295959 1.17813517 1.05213848 -1.97783316 0.25970508 -0.38519383 0.67881734 0.56867038
1779396349.66319060 1.18552061 1.04581042 -1.97822649 0.25815975 -0.38515657 0.67938350 0.56872315
1779396349.67347956 1.18168224 1.04104907 -1.98406229 0.25854996 -0.38376914 0.67930156 0.56958103
1779396349.67365837 1.18150214 1.03614506 -1.98719776 0.25819345 -0.38308899 0.67916135 0.57036728
1779396349.68375492 1.18745001 1.03362285 -1.98568686 0.25708957 -0.38339207 0.67979709 0.56990472
1779396349.69401979 1.19049840 1.03807228 -1.98248716 0.25712119 -0.38388931 0.68093191 0.56819841
1779396349.70431232 1.19423640 1.03293331 -1.98428751 0.25600902 -0.38322834 0.68198489 0.56788381
1779396349.71458817 1.20144568 1.02955090 -1.98246565 0.25485285 -0.38388220 0.68200746 0.56793513
1779396349.72482586 1.20389805 1.02920965 -1.98247922 0.25463690 -0.38379944 0.68268594 0.56727238
1779396349.73511481 1.21127865 1.02718369 -1.97998364 0.25338920 -0.38437073 0.68341295 0.56656843
1779396349.74547243 1.21272772 1.02480179 -1.98123833 0.25316588 -0.38417764 0.68347832 0.56672036
1779396349.75579739 1.21474838 1.02621383 -1.98056529 0.25328239 -0.38440523 0.68387966 0.56602938
1779396349.76611280 1.21597411 1.02183767 -1.98345204 0.25303104 -0.38394856 0.68377711 0.56657538
1779396349.77637982 1.22163940 1.01930192 -1.98243510 0.25208698 -0.38429762 0.68421068 0.56623603
1779396349.78671718 1.22098525 1.02174594 -1.98263785 0.25276027 -0.38442707 0.68421237 0.56584583
1779396349.79699397 1.22231667 1.01918038 -1.98463095 0.25259557 -0.38414485 0.68431079 0.56599202
1779396349.80724955 1.22079017 1.02372884 -1.98498315 0.25367906 -0.38431030 0.68443399 0.56524565
1779396349.81750965 1.22149942 1.02377605 -1.98564796 0.25394494 -0.38448977 0.68412459 0.56537875
1779396349.82780957 1.22628146 1.02688401 -1.98286600 0.25376702 -0.38540173 0.68454373 0.56432942
1779396349.83812332 1.22767491 1.02661988 -1.98394924 0.25404168 -0.38566319 0.68411377 0.56454857
1779396349.84845066 1.23392888 1.02743559 -1.98098890 0.25335819 -0.38663798 0.68435235 0.56389943
1779396349.85873723 1.23538274 1.02824313 -1.98170058 0.25343802 -0.38667259 0.68473689 0.56337276
1779396349.86900139 1.22903398 1.03447584 -1.98434527 0.25556376 -0.38643824 0.68440100 0.56298128
1779396349.87926674 1.22698421 1.03408623 -1.98795565 0.25611704 -0.38584293 0.68448296 0.56303852
1779396349.88954282 1.23401186 1.03271752 -1.98583968 0.25530341 -0.38685995 0.68420511 0.56304788
1779396349.89981747 1.22766080 1.03721735 -1.98959271 0.25710113 -0.38623724 0.68417927 0.56268866
1779396349.91010404 1.23382597 1.03803284 -1.98739172 0.25671009 -0.38736482 0.68391591 0.56241218
1779396349.92041826 1.23338889 1.04059411 -1.98778252 0.25744076 -0.38770539 0.68355468 0.56228265
1779396349.93072796 1.23454634 1.04514219 -1.98651577 0.25795025 -0.38830449 0.68381814 0.56131456
1779396349.94105649 1.23220545 1.04329285 -1.99102029 0.25878289 -0.38795366 0.68287251 0.56232419
1779396349.95136738 1.23335187 1.04567277 -1.99122800 0.25907075 -0.38822251 0.68316752 0.56164736
1779396349.96165872 1.23650429 1.04533799 -1.99071707 0.25916967 -0.38908632 0.68214632 0.56224489
1779396349.97193646 1.23454950 1.04401002 -1.99453176 0.25950178 -0.38840112 0.68242260 0.56223019
1779396349.98218966 1.23484958 1.04181013 -1.99731391 0.25985838 -0.38847518 0.68154042 0.56308375
1779396349.99247241 1.23439405 1.04122885 -1.99909133 0.26020962 -0.38847131 0.68111614 0.56343749
1779396350.00277066 1.23239413 1.03910914 -2.00327553 0.26080419 -0.38810163 0.68043260 0.56424266
1779396350.01313615 1.23382730 1.03475626 -2.00646278 0.26059169 -0.38795019 0.67992409 0.56505739
1779396350.02345228 1.23428719 1.03496677 -2.00744836 0.26079021 -0.38807016 0.67980746 0.56502375
1779396350.02362466 1.22999201 1.03554688 -2.01009948 0.26174638 -0.38765632 0.67924766 0.56553870
1779396350.03380418 1.22896756 1.03352813 -2.01314097 0.26207537 -0.38742852 0.67875397 0.56613487
1779396350.04411435 1.22786410 1.03049749 -2.01704083 0.26233796 -0.38703345 0.67822159 0.56692097
1779396350.05441475 1.22892230 1.03105185 -2.01805097 0.26279072 -0.38755517 0.67750396 0.56721284
1779396350.06474876 1.22722462 1.02811489 -2.02172582 0.26306451 -0.38708893 0.67709292 0.56789470
1779396350.07510710 1.22429156 1.02661486 -2.02620018 0.26386908 -0.38669603 0.67635566 0.56866713
1779396350.08540201 1.22298375 1.02193086 -2.03115154 0.26406397 -0.38619653 0.67560327 0.56980934
1779396350.09569502 1.21893097 1.02206678 -2.03498445 0.26500959 -0.38567275 0.67524054 0.57015494
1779396350.09585762 1.21818027 1.02122506 -2.03624644 0.26509871 -0.38547708 0.67518140 0.57031585
1779396350.10594916 1.21852210 1.01760101 -2.03930330 0.26494766 -0.38517838 0.67492220 0.57089437
1779396350.11623931 1.21417391 1.01566977 -2.04480156 0.26583937 -0.38447966 0.67428585 0.57170221
1779396350.12650776 1.20656202 1.01378522 -2.05210063 0.26722067 -0.38326822 0.67359957 0.57267985
1779396350.13675618 1.20147410 1.01323873 -2.05685229 0.26836777 -0.38270403 0.67274373 0.57352614
1779396350.14701104 1.19950148 1.00946007 -2.06187792 0.26866867 -0.38215357 0.67223831 0.57434437
1779396350.15726399 1.19421046 1.00914087 -2.06701308 0.26985703 -0.38155632 0.67153927 0.57500172
1779396350.16756749 1.18652869 1.00775178 -2.07344944 0.27131403 -0.38058034 0.67051434 0.57615781
1779396350.17800474 1.17908769 1.00635874 -2.08011667 0.27275443 -0.37962102 0.66958992 0.57718475
1779396350.18827748 1.17420385 1.00139626 -2.08696396 0.27335415 -0.37859622 0.66884196 0.57844001
1779396350.19853520 1.16945643 0.99928697 -2.09157637 0.27415445 -0.37795714 0.66808620 0.57935185
1779396350.19865394 1.16853008 0.99749779 -2.09330603 0.27419186 -0.37768963 0.66789581 0.57972799
1779396350.20880461 1.16572755 0.99567321 -2.09708128 0.27491637 -0.37756436 0.66676287 0.58076968
1779396350.21908975 1.15761973 0.99159380 -2.10504408 0.27600796 -0.37611657 0.66609991 0.58195089
1779396350.22936368 1.14840453 0.99007961 -2.11226701 0.27771819 -0.37511310 0.66477301 0.58330062
1779396350.23974061 1.14304900 0.98478404 -2.11861009 0.27827629 -0.37411984 0.66382294 0.58475273
1779396350.25010419 1.13652465 0.98245959 -2.12443285 0.27955875 -0.37365707 0.66215979 0.58632048
1779396350.26040411 1.12717063 0.97962665 -2.13204154 0.28116111 -0.37264757 0.66053803 0.58802357
1779396350.27069926 1.12170297 0.97369571 -2.13845112 0.28169380 -0.37179075 0.65916501 0.58984890
1779396350.27088284 1.11896716 0.97397073 -2.14011926 0.28218350 -0.37150832 0.65898859 0.58998990
1779396350.28101993 1.11600920 0.97014761 -2.14434687 0.28254900 -0.37121202 0.65781660 0.59130789
1779396350.29130697 1.10748974 0.96707677 -2.15127263 0.28402630 -0.37053971 0.65580738 0.59325042
1779396350.30161214 1.09933188 0.96216743 -2.15890985 0.28532244 -0.36984786 0.65336030 0.59575497
1779396350.31192374 1.09421660 0.95771222 -2.16420210 0.28592538 -0.36931354 0.65188366 0.59741266
1779396350.32218313 1.08440036 0.95447917 -2.17183048 0.28750405 -0.36844748 0.64972795 0.59953437
1779396350.33246660 1.08025714 0.94459416 -2.17913490 0.28749086 -0.36778425 0.64752551 0.60232421
1779396350.34277391 1.06917691 0.94029535 -2.18747829 0.28896923 -0.36642672 0.64564369 0.60446048
1779396350.35306478 1.05841940 0.93721799 -2.19555239 0.29060472 -0.36539271 0.64348507 0.60660039
1779396350.36338067 1.04334423 0.93119978 -2.20674447 0.29257087 -0.36362074 0.64058937 0.60977660
1779396350.37380648 1.03232842 0.92394851 -2.21629461 0.29376993 -0.36237765 0.63773473 0.61292420
1779396350.38415670 1.03003956 0.91865490 -2.22074643 0.29382632 -0.36221961 0.63609806 0.61468878
1779396350.39445353 1.00817267 0.90868840 -2.23639038 0.29604341 -0.35887738 0.63321920 0.61854569
1779396350.40476179 1.00366109 0.90013792 -2.24313461 0.29615832 -0.35856023 0.63034589 0.62160186
1779396350.41502905 0.98523359 0.89019837 -2.25630543 0.29770481 -0.35553240 0.62804979 0.62491761
1779396350.41524696 0.98598558 0.89111891 -2.25594000 0.29784809 -0.35604798 0.62744803 0.62516024
1779396350.42531514 0.97959063 0.88230476 -2.26324164 0.29803205 -0.35512043 0.62506807 0.62797793
1779396350.43563080 0.95709952 0.87166253 -2.27815125 0.30001185 -0.35164173 0.62226034 0.63176977
1779396350.44591117 0.94388910 0.86200808 -2.28894719 0.30099445 -0.34976601 0.61936398 0.63518056
1779396350.45629835 0.93445267 0.85673756 -2.29599312 0.30186361 -0.34862275 0.61729102 0.63741065
1779396350.46672630 0.92032761 0.84719778 -2.30675971 0.30291116 -0.34664960 0.61431269 0.64085787
1779396350.47701335 0.90444853 0.83647640 -2.31858323 0.30396513 -0.34417553 0.61158509 0.64429193
1779396350.48738170 0.89578632 0.83278256 -2.32448392 0.30503946 -0.34358496 0.60876808 0.64676250
1779396350.48761821 0.89195086 0.82950890 -2.32756737 0.30521780 -0.34298692 0.60793878 0.64777504
1779396350.49772549 0.87928410 0.82441066 -2.33528903 0.30638624 -0.34123209 0.60619194 0.64978417
1779396350.50808764 0.85774744 0.81603611 -2.34754960 0.30841059 -0.33832569 0.60299073 0.65331525
1779396350.51835775 0.83780356 0.80923099 -2.35843399 0.31043764 -0.33589153 0.59957926 0.65674200
1779396350.52869058 0.82812191 0.80472549 -2.36432837 0.31136221 -0.33494360 0.59716234 0.65898672
1779396350.53904366 0.81074696 0.79818031 -2.37364944 0.31303854 -0.33298946 0.59373530 0.66227131
1779396350.54929376 0.79162636 0.79264213 -2.38311173 0.31499245 -0.33073431 0.59062522 0.66524915
1779396350.55957317 0.77350443 0.78833428 -2.39121642 0.31692244 -0.32862118 0.58770354 0.66796170
1779396350.55976558 0.76607286 0.78695449 -2.39435802 0.31773515 -0.32767627 0.58673330 0.66889212
1779396350.56985950 0.75511869 0.78205799 -2.40019987 0.31867070 -0.32650531 0.58425386 0.67118604
1779396350.58016276 0.73548237 0.77332992 -2.41034016 0.32018388 -0.32384458 0.58103724 0.67453888
1779396350.59045839 0.71544222 0.76825686 -2.41899328 0.32221283 -0.32160468 0.57752009 0.67765763
1779396350.60073256 0.69821625 0.76354552 -2.42639951 0.32383052 -0.31940546 0.57512513 0.67995958
1779396350.61100531 0.67652620 0.76068792 -2.43436217 0.32623645 -0.31699869 0.57194702 0.68261132
1779396350.62129879 0.65833670 0.75515547 -2.44233355 0.32786725 -0.31490309 0.56862553 0.68556846
1779396350.63169289 0.64259009 0.75332824 -2.44788103 0.32960951 -0.31322186 0.56615480 0.68754518
1779396350.64201403 0.62304835 0.75132537 -2.45463210 0.33180389 -0.31129149 0.56272166 0.69017978
1779396350.65233970 0.60231490 0.74765716 -2.46221037 0.33386536 -0.30897171 0.55936153 0.69295389
1779396350.66274071 0.58479219 0.74458205 -2.46844158 0.33560889 -0.30727791 0.55579458 0.69572936
1779396350.67313147 0.56132723 0.74898495 -2.47345394 0.33897275 -0.30503981 0.55279930 0.69746765
1779396350.68345857 0.53722951 0.74608036 -2.48063287 0.34137759 -0.30224490 0.54934044 0.70023884
1779396350.69372606 0.52337715 0.73686730 -2.48741892 0.34173875 -0.30036265 0.54637753 0.70318454
1779396350.70399690 0.50871466 0.73726765 -2.49101825 0.34347227 -0.29896859 0.54402264 0.70475808
1779396350.71429467 0.49159684 0.73144242 -2.49707174 0.34459829 -0.29691623 0.54087415 0.70749412
1779396350.72463489 0.47753827 0.72565476 -2.50249126 0.34538207 -0.29522749 0.53816797 0.70987829
1779396350.73504472 0.45786343 0.72738429 -2.50656012 0.34782110 -0.29342114 0.53505802 0.71178468
1779396350.74534464 0.44435844 0.72335843 -2.51104431 0.34873198 -0.29180467 0.53258337 0.71385642
1779396350.75571632 0.42221708 0.72333250 -2.51584828 0.35112702 -0.28952498 0.52902640 0.71625147
1779396350.76600504 0.41387637 0.72046793 -2.51874817 0.35156456 -0.28925732 0.52565524 0.71862308
1779396350.77633023 0.39879702 0.71580933 -2.52369951 0.35252467 -0.28752762 0.52269007 0.72100577
1779396350.78666925 0.38416904 0.71412764 -2.52710667 0.35377366 -0.28603289 0.51987280 0.72302259
1779396350.79701138 0.37032404 0.71899150 -2.52892365 0.35593885 -0.28527057 0.51729914 0.72410624
1779396350.80730724 0.35568459 0.71089359 -2.53397341 0.35616879 -0.28374983 0.51282461 0.72776421
1779396350.81764579 0.34795376 0.70872218 -2.53608340 0.35655915 -0.28324494 0.51042885 0.72945203
1779396350.82800913 0.33347958 0.70661127 -2.53947516 0.35765862 -0.28195172 0.50714171 0.73170406
1779396350.83836079 0.31729444 0.71249140 -2.54074787 0.36005924 -0.28108095 0.50347477 0.73339212
1779396350.84869480 0.30273259 0.70995148 -2.54394333 0.36102065 -0.27980722 0.49977565 0.73593228
1779396350.85905313 0.28297898 0.70441254 -2.54854105 0.36205756 -0.27716497 0.49661771 0.73855586
1779396350.86939526 0.27236330 0.70571320 -2.55007929 0.36312827 -0.27685513 0.49291885 0.74062143
1779396350.87976980 0.25625738 0.70042532 -2.55383527 0.36365509 -0.27530398 0.48833654 0.74396916
1779396350.89018273 0.24112259 0.70619504 -2.55469168 0.36585811 -0.27436074 0.48505133 0.74538529
1779396350.89042377 0.23577351 0.70616445 -2.55541995 0.36631446 -0.27384617 0.48393025 0.74607875
1779396350.90052676 0.23111781 0.69887800 -2.55806953 0.36534216 -0.27374969 0.48018228 0.74900680
1779396350.91084218 0.21142760 0.69774526 -2.56109684 0.36673978 -0.27196208 0.47535689 0.75204680
1779396350.92121267 0.19541236 0.69829942 -2.56311170 0.36797672 -0.27089806 0.47050923 0.75486982
1779396350.93156672 0.17680170 0.70574567 -2.56358954 0.37069264 -0.26936812 0.46741973 0.75600700
1779396350.94191694 0.15862861 0.69840752 -2.56734622 0.37077470 -0.26747900 0.46188168 0.76003054
1779396350.95224977 0.14556522 0.70058959 -2.56840618 0.37192763 -0.26690697 0.45728683 0.76244296
1779396350.96257043 0.12758792 0.70103223 -2.57019026 0.37321344 -0.26538302 0.45251592 0.76518816
1779396350.97285175 0.11224617 0.70315443 -2.57115941 0.37457744 -0.26414813 0.44849768 0.76731176
1779396350.98316431 0.08202423 0.71275509 -2.57122806 0.37845799 -0.26109857 0.44392544 0.76910811
1779396350.99349928 0.07061459 0.70937491 -2.57293081 0.37815929 -0.26069942 0.43760720 0.77300149
1779396351.00377107 0.05683809 0.71040892 -2.57389992 0.37912492 -0.25954070 0.43368230 0.77512746
1779396351.01412845 0.03331000 0.70924325 -2.57592721 0.38042583 -0.25692601 0.42833149 0.77832985
1779396351.02441835 0.01836573 0.71179184 -2.57638744 0.38145609 -0.25601794 0.42290053 0.78108975
1779396351.03476214 -0.00269929 0.71690307 -2.57641100 0.38348675 -0.25417936 0.41767518 0.78350380
1779396351.04515743 -0.02119810 0.71845015 -2.57680844 0.38486156 -0.25212436 0.41382290 0.78553516
1779396351.05549979 -0.04842570 0.72190997 -2.57687999 0.38716579 -0.24898884 0.40872166 0.78806968
1779396351.06575060 -0.07178361 0.72680065 -2.57615024 0.38923260 -0.24663039 0.40333803 0.79056300
1779396351.07606554 -0.09562211 0.72863276 -2.57601756 0.39102841 -0.24362524 0.39923332 0.79268927
1779396351.07630730 -0.09905148 0.73117250 -2.57542055 0.39152244 -0.24353524 0.39786052 0.79316314
1779396351.08639836 -0.11677932 0.73499855 -2.57448903 0.39304336 -0.24171011 0.39367502 0.79505542
1779396351.09668851 -0.14039106 0.74159861 -2.57277854 0.39532336 -0.23929453 0.38834716 0.79727288
1779396351.10697961 -0.16367342 0.75564186 -2.56839869 0.39878356 -0.23743788 0.38293147 0.79872299
1779396351.11727214 -0.18033937 0.76040952 -2.56681910 0.40029683 -0.23572953 0.37878846 0.80044571
1779396351.12763524 -0.20675636 0.76148621 -2.56602201 0.40180796 -0.23232719 0.37352406 0.80315267
1779396351.13790178 -0.22493538 0.76851371 -2.56352117 0.40351824 -0.23072263 0.36809236 0.80526276
1779396351.14816856 -0.24896992 0.76451972 -2.56376854 0.40420130 -0.22701340 0.36427917 0.80770472
1779396351.15846038 -0.26824456 0.76673975 -2.56232550 0.40522102 -0.22475653 0.35924726 0.81007520
1779396351.16872859 -0.28599297 0.77656939 -2.55856360 0.40742274 -0.22320309 0.35436989 0.81154733
1779396351.17897987 -0.30308356 0.78279139 -2.55554669 0.40920311 -0.22127198 0.35071993 0.81276507
1779396351.17916155 -0.30721612 0.78318387 -2.55524029 0.40935989 -0.22078497 0.34946359 0.81335950
1779396351.18923259 -0.32314345 0.78795140 -2.55279054 0.41073483 -0.21893380 0.34568937 0.81477834
1779396351.19954515 -0.35475020 0.78868182 -2.54990952 0.41249235 -0.21426363 0.34068413 0.81723649
1779396351.20984316 -0.37859366 0.79436040 -2.54597070 0.41428267 -0.21124824 0.33530233 0.81933900
1779396351.22009730 -0.39007089 0.80270475 -2.54226509 0.41593602 -0.21027427 0.33193851 0.82012120
1779396351.23035383 -0.41340735 0.81144408 -2.53699385 0.41828777 -0.20741120 0.32688907 0.82168088
1779396351.24063754 -0.43390424 0.81315416 -2.53416762 0.41912691 -0.20460162 0.32192377 0.82391498
1779396351.25087094 -0.44899508 0.81822097 -2.53068395 0.42038886 -0.20274185 0.31821128 0.82517303
1779396351.26116228 -0.46733419 0.82783107 -2.52516085 0.42242247 -0.20070230 0.31332691 0.82650112
1779396351.27143240 -0.48566938 0.83208526 -2.52126046 0.42353236 -0.19828855 0.30869654 0.82825626
1779396351.28168750 -0.49854575 0.83772455 -2.51756653 0.42468481 -0.19674881 0.30501842 0.82939525
1779396351.29196572 -0.51508429 0.84395453 -2.51299000 0.42606082 -0.19460669 0.30070872 0.83076752
1779396351.30225229 -0.53106771 0.85257971 -2.50742246 0.42781743 -0.19271199 0.29636477 0.83186673
1779396351.31256437 -0.55249224 0.85566242 -2.50257061 0.42906366 -0.18945334 0.29223850 0.83343174
1779396351.32287598 -0.56409265 0.85949847 -2.49926606 0.42986246 -0.18786921 0.28900714 0.83450482
1779396351.33319926 -0.58456520 0.86596757 -2.49286446 0.43162756 -0.18491318 0.28489243 0.83566804
1779396351.34347749 -0.60136354 0.86962272 -2.48817587 0.43259613 -0.18239419 0.28095842 0.83705156
1779396351.35377622 -0.61397141 0.87393780 -2.48402905 0.43360398 -0.18057490 0.27797782 0.83791922
1779396351.36413646 -0.62871500 0.87942051 -2.47889528 0.43474257 -0.17846746 0.27412294 0.83904998
1779396351.37442708 -0.64112868 0.88428376 -2.47447797 0.43564549 -0.17669062 0.27056860 0.84011074
1779396351.38473296 -0.65356543 0.89175875 -2.46895398 0.43700242 -0.17501683 0.26691691 0.84092411
1779396351.39500070 -0.66258979 0.89769332 -2.46470430 0.43806762 -0.17381002 0.26419310 0.84148015
1779396351.40530443 -0.67546619 0.89844533 -2.46144542 0.43826174 -0.17162210 0.26076780 0.84289540
1779396351.41558647 -0.68713206 0.90537383 -2.45589695 0.43963390 -0.16993246 0.25777090 0.84344482
1779396351.42584801 -0.69805031 0.91084343 -2.45094381 0.44085409 -0.16827411 0.25534887 0.84387703
1779396351.43615365 -0.70573556 0.91771083 -2.44619325 0.44192348 -0.16726185 0.25252438 0.84436873
1779396351.44640875 -0.71533870 0.91606525 -2.44429822 0.44134465 -0.16548265 0.24899022 0.84606989
1779396351.45672679 -0.72262731 0.91883017 -2.44112310 0.44153331 -0.16431006 0.24589121 0.84710569
1779396351.46705937 -0.72884073 0.92286896 -2.43760295 0.44211112 -0.16338228 0.24359064 0.84764827
1779396351.47736073 -0.73159305 0.92634256 -2.43542873 0.44227918 -0.16301651 0.24120798 0.84831212
1779396351.48767543 -0.73722895 0.93046739 -2.43193268 0.44260585 -0.16215495 0.23826176 0.84913908
1779396351.49795842 -0.74218446 0.93361353 -2.42915229 0.44288103 -0.16139473 0.23596089 0.84978268
1779396351.50825930 -0.74637438 0.93629727 -2.42676309 0.44294681 -0.16070364 0.23352525 0.85055183
1779396351.51855302 -0.74965450 0.93948516 -2.42448134 0.44301027 -0.16019069 0.23108103 0.85128280
1779396351.52886343 -0.74946396 0.94283393 -2.42327023 0.44302817 -0.16032669 0.22928272 0.85173401
1779396351.53918195 -0.75067041 0.94667736 -2.42153907 0.44297126 -0.16020182 0.22662679 0.85249759
1779396351.54950714 -0.74904718 0.95087402 -2.42054592 0.44280248 -0.16059222 0.22418665 0.85315676
1779396351.55978346 -0.74702642 0.95362398 -2.42029681 0.44233767 -0.16098310 0.22174984 0.85396068
1779396351.57007575 -0.74808440 0.95825177 -2.41830858 0.44269413 -0.16090753 0.21991765 0.85426395
1779396351.58033442 -0.74814764 0.96267861 -2.41671913 0.44263628 -0.16094972 0.21720439 0.85497986
1779396351.59068155 -0.74990192 0.96599540 -2.41513162 0.44274876 -0.16060586 0.21521097 0.85549023
1779396351.60093451 -0.75053375 0.96834571 -2.41411670 0.44260530 -0.16044485 0.21325062 0.85608538
1779396351.61123657 -0.74861558 0.97465099 -2.41243614 0.44290488 -0.16087494 0.21096877 0.85641503
1779396351.62156940 -0.74845241 0.97941236 -2.41081995 0.44335565 -0.16085998 0.20953351 0.85653695
1779396351.63187695 -0.75384839 0.98073325 -2.40892119 0.44311996 -0.15968286 0.20672515 0.85756096
1779396351.64216614 -0.75619064 0.98256042 -2.40747281 0.44324158 -0.15915347 0.20535677 0.85792521
1779396351.65246367 -0.75995505 0.99077635 -2.40289737 0.44455180 -0.15850962 0.20352932 0.85780196
1779396351.66279554 -0.76098497 0.99092933 -2.40236174 0.44401388 -0.15806906 0.20133013 0.85868040
1779396351.67309189 -0.76081756 0.99401636 -2.40093108 0.44425217 -0.15801648 0.20017749 0.85883629
1779396351.68341064 -0.76209978 0.99744103 -2.39886395 0.44452050 -0.15761507 0.19846261 0.85916914
1779396351.69371605 -0.76344506 0.99712175 -2.39820216 0.44415691 -0.15706392 0.19696254 0.85980307
1779396351.70398164 -0.76310217 0.99918478 -2.39708295 0.44416785 -0.15696906 0.19572203 0.86009797
1779396351.70413661 -0.76348520 1.00020598 -2.39641348 0.44429720 -0.15685641 0.19537148 0.86013142
1779396351.71424699 -0.76498728 1.00047245 -2.39561877 0.44404112 -0.15637350 0.19395617 0.86067172
1779396351.72460318 -0.76526843 1.00025730 -2.39526671 0.44374200 -0.15598800 0.19281537 0.86115214
1779396351.73488212 -0.76521111 1.00295554 -2.39375424 0.44379905 -0.15578369 0.19116763 0.86152701
1779396351.74518967 -0.76393517 1.00329996 -2.39376524 0.44346045 -0.15580444 0.18999799 0.86195624
1779396351.75551677 -0.76176911 1.00436359 -2.39366151 0.44318248 -0.15592274 0.18870063 0.86236272
1779396351.76582575 -0.76224128 1.00688725 -2.39215400 0.44339188 -0.15558123 0.18740018 0.86260031
1779396351.77610922 -0.76121220 1.01098869 -2.39059450 0.44387454 -0.15567409 0.18643412 0.86254466
1779396351.78640771 -0.76254950 1.01106008 -2.38990752 0.44367685 -0.15508837 0.18509332 0.86304051
1779396351.79666805 -0.76126471 1.01615963 -2.38779778 0.44431882 -0.15516081 0.18394366 0.86294301
1779396351.80696797 -0.75920167 1.01809165 -2.38734245 0.44428830 -0.15525318 0.18275470 0.86319469
1779396351.81725764 -0.76012264 1.02106353 -2.38552193 0.44467886 -0.15494245 0.18164317 0.86328402
1779396351.82756066 -0.76078396 1.02276676 -2.38404045 0.44480639 -0.15447842 0.18044416 0.86355289
1779396351.83785391 -0.76046056 1.02399602 -2.38334508 0.44485867 -0.15423070 0.17945931 0.86377544
1779396351.84813905 -0.76019524 1.02484111 -2.38270679 0.44496828 -0.15402299 0.17899317 0.86385276
1779396351.85846329 -0.75951041 1.02670897 -2.38153916 0.44501497 -0.15383662 0.17770725 0.86412736
1779396351.86877108 -0.76183289 1.02822323 -2.37960521 0.44542477 -0.15306199 0.17702424 0.86419397
1779396351.87905526 -0.76133314 1.02934149 -2.37893436 0.44551872 -0.15291558 0.17636032 0.86430719
1779396351.87923908 -0.76179867 1.03032529 -2.37815852 0.44558619 -0.15276561 0.17577778 0.86441760
1779396351.88935113 -0.76477622 1.03186652 -2.37619204 0.44614871 -0.15198213 0.17546755 0.86432859
1779396351.89965105 -0.76641155 1.03363279 -2.37438134 0.44629794 -0.15136966 0.17403660 0.86464827
1779396351.90991735 -0.76882687 1.03506337 -2.37229346 0.44662684 -0.15059727 0.17314988 0.86479133
1779396351.92023349 -0.76400123 1.03633381 -2.37279683 0.44613564 -0.15130282 0.17160349 0.86522985
1779396351.93051887 -0.76423284 1.03899260 -2.37099055 0.44640272 -0.15102257 0.17025246 0.86540794
1779396351.94085431 -0.76345364 1.04089024 -2.36965435 0.44645097 -0.15087926 0.16898667 0.86565610
1779396351.95115280 -0.76198138 1.04063416 -2.36970181 0.44622765 -0.15088650 0.16838495 0.86588721
1779396351.96146417 -0.75987084 1.04336319 -2.36837649 0.44632479 -0.15103549 0.16702498 0.86607454
1779396351.97183061 -0.76120159 1.04288077 -2.36748558 0.44617223 -0.15041335 0.16604109 0.86645053
1779396351.98214126 -0.76104338 1.04407363 -2.36627258 0.44622861 -0.15012695 0.16502281 0.86666568
1779396351.99240088 -0.76018673 1.04477640 -2.36559066 0.44607003 -0.15007080 0.16390173 0.86696973
1779396352.00271988 -0.76011947 1.04713648 -2.36367059 0.44633796 -0.14980286 0.16277216 0.86709097
1779396352.01302576 -0.76307838 1.04864349 -2.36126202 0.44659385 -0.14895913 0.16148406 0.86734538
1779396352.02332163 -0.76021332 1.05018310 -2.36086584 0.44661522 -0.14928918 0.16079254 0.86740610
1779396352.03363395 -0.76065248 1.05202161 -2.35904363 0.44682729 -0.14889233 0.15973215 0.86756100
1779396352.04398417 -0.76288723 1.05415148 -2.35654186 0.44721907 -0.14821332 0.15851813 0.86769806
1779396352.05435228 -0.76438883 1.05561138 -2.35431686 0.44744487 -0.14759552 0.15742914 0.86788520
1779396352.06468844 -0.76585249 1.05692048 -2.35256350 0.44774320 -0.14711041 0.15675594 0.86793556
1779396352.07498527 -0.76632456 1.05957263 -2.35015141 0.44809031 -0.14674360 0.15551393 0.86804194
1779396352.08530164 -0.76644362 1.06145764 -2.34829076 0.44838853 -0.14643065 0.15464052 0.86809683
1779396352.09560609 -0.76851767 1.06290115 -2.34613276 0.44870354 -0.14581382 0.15378909 0.86818914
1779396352.09578514 -0.76827701 1.06279182 -2.34601005 0.44865345 -0.14576951 0.15362236 0.86825198
1779396352.10589504 -0.76993221 1.06434520 -2.34392414 0.44892378 -0.14525240 0.15275516 0.86835191
1779396352.11616063 -0.77055703 1.06688594 -2.34149759 0.44931526 -0.14488568 0.15157990 0.86841665
1779396352.12646484 -0.77060819 1.06679834 -2.34031813 0.44925554 -0.14454683 0.15080919 0.86863817
1779396352.13680911 -0.77209449 1.06843195 -2.33821159 0.44953906 -0.14407284 0.14990423 0.86872687
1779396352.14710402 -0.77016701 1.07140190 -2.33628274 0.44977931 -0.14424782 0.14869558 0.86878120
1779396352.15741301 -0.76863944 1.07231109 -2.33520267 0.44970803 -0.14426668 0.14764725 0.86899373
1779396352.16771650 -0.76866863 1.07362203 -2.33375572 0.44987788 -0.14409461 0.14689805 0.86906133
1779396352.17805171 -0.76594125 1.07746598 -2.33163117 0.45011966 -0.14445650 0.14526959 0.86914979
1779396352.18831658 -0.76363153 1.07888908 -2.33044064 0.45016338 -0.14469055 0.14444283 0.86922600
1779396352.19864202 -0.76374643 1.08077746 -2.32838314 0.45030699 -0.14446840 0.14313519 0.86940486
1779396352.20894051 -0.76010884 1.08183356 -2.32801344 0.45017335 -0.14499338 0.14242024 0.86950408
1779396352.21920419 -0.75802983 1.08296114 -2.32686300 0.45013990 -0.14517967 0.14143216 0.86965158
1779396352.22947192 -0.75327382 1.08550924 -2.32594685 0.45016851 -0.14591614 0.14031320 0.86969477
1779396352.23974395 -0.75036123 1.08432570 -2.32648415 0.44974431 -0.14626551 0.13995698 0.86991293
1779396352.25001407 -0.74823811 1.08627080 -2.32497299 0.44978454 -0.14648091 0.13875750 0.87004803
1779396352.26031566 -0.74302863 1.08968823 -2.32386433 0.44997113 -0.14732907 0.13770254 0.86997594
1779396352.27058768 -0.73924968 1.08975493 -2.32416667 0.44982548 -0.14786924 0.13759890 0.86997602
1779396352.27074313 -0.73872862 1.08970761 -2.32405643 0.44980324 -0.14789797 0.13753215 0.86999319
1779396352.28086042 -0.73796332 1.09118720 -2.32274295 0.44999845 -0.14789026 0.13697178 0.86998195
1779396352.29116464 -0.73398545 1.09349306 -2.32192339 0.45018252 -0.14848873 0.13638851 0.86987641
1779396352.30146956 -0.73336325 1.09424155 -2.32081016 0.45031937 -0.14835953 0.13599034 0.86988996
1779396352.31182265 -0.73305115 1.09501128 -2.31983459 0.45045897 -0.14822959 0.13565222 0.86989262
1779396352.32215071 -0.73095166 1.09703584 -2.31868831 0.45073968 -0.14845032 0.13521592 0.86977750
1779396352.33245468 -0.72831504 1.10048054 -2.31700646 0.45130258 -0.14879781 0.13488607 0.86947739
1779396352.34276175 -0.72929407 1.09813050 -2.31728138 0.45085925 -0.14833903 0.13450493 0.86984475
1779396352.35310149 -0.72955741 1.09964493 -2.31565485 0.45124383 -0.14806451 0.13425675 0.86973044
1779396352.36342621 -0.72853979 1.10173116 -2.31431964 0.45163360 -0.14807361 0.13396532 0.86957150
1779396352.37376499 -0.73004113 1.10399210 -2.31217642 0.45210099 -0.14759813 0.13332164 0.86950838
1779396352.38412738 -0.73153416 1.10181846 -2.31223898 0.45188288 -0.14706279 0.13347321 0.86968920
1779396352.39440870 -0.73058506 1.10469530 -2.31064068 0.45229537 -0.14709995 0.13275031 0.86957913
1779396352.40467763 -0.73251728 1.10424288 -2.30982153 0.45239417 -0.14648310 0.13263901 0.86964884
1779396352.41492963 -0.73375357 1.10585018 -2.30845621 0.45273045 -0.14613435 0.13217811 0.86960269
1779396352.42524910 -0.73523277 1.10678886 -2.30702226 0.45309074 -0.14566120 0.13215395 0.86949809
1779396352.43551064 -0.73243872 1.10894531 -2.30661845 0.45318427 -0.14606590 0.13133155 0.86950606
1779396352.44578338 -0.73215528 1.11102223 -2.30532324 0.45357330 -0.14598681 0.13105677 0.86935794
1779396352.45604420 -0.73422789 1.11170530 -2.30429330 0.45381259 -0.14547057 0.13077635 0.86936183
1779396352.46629882 -0.73562174 1.11084964 -2.30408898 0.45366040 -0.14500937 0.13031520 0.86958753
1779396352.47656941 -0.73552914 1.11159914 -2.30363991 0.45379942 -0.14489891 0.12998479 0.86958286
1779396352.48684978 -0.73474257 1.11560360 -2.30177634 0.45460848 -0.14506653 0.12993760 0.86913926
1779396352.49708891 -0.73644440 1.11770029 -2.30016900 0.45517242 -0.14466143 0.12968016 0.86895005
1779396352.50740480 -0.73437546 1.11957481 -2.29985155 0.45535895 -0.14497380 0.12919880 0.86887197
1779396352.51774740 -0.73090854 1.11915062 -2.30114235 0.45496743 -0.14555182 0.12875578 0.86904617
1779396352.52803254 -0.72813000 1.11782390 -2.30263119 0.45462810 -0.14594464 0.12879581 0.86915194
1779396352.53831506 -0.72577921 1.11932929 -2.30263125 0.45487263 -0.14633258 0.12877777 0.86896142
1779396352.54864097 -0.72748128 1.11937210 -2.30214150 0.45505095 -0.14592529 0.12871294 0.86894615
1779396352.55893922 -0.72561488 1.12234641 -2.30139962 0.45550360 -0.14627236 0.12825977 0.86871762
1779396352.56919360 -0.72336010 1.12189994 -2.30232204 0.45542316 -0.14659787 0.12841715 0.86868167
1779396352.57946777 -0.72185652 1.12185317 -2.30284816 0.45532356 -0.14679726 0.12809201 0.86874821
1779396352.58972764 -0.72129486 1.12178444 -2.30315540 0.45532719 -0.14682805 0.12798802 0.86875643
1779396352.60006118 -0.72223756 1.12301594 -2.30243072 0.45579743 -0.14658793 0.12806348 0.86853925
1779396352.61037850 -0.72418813 1.12440913 -2.30147404 0.45630601 -0.14616313 0.12796856 0.86835777
1779396352.62076306 -0.72218048 1.12528013 -2.30179881 0.45622276 -0.14654337 0.12729856 0.86843590
1779396352.62092352 -0.72289114 1.12727397 -2.30070744 0.45666610 -0.14644905 0.12717426 0.86823698
1779396352.63101697 -0.72499541 1.13059240 -2.29868332 0.45753907 -0.14607519 0.12704269 0.86785955
1779396352.64128470 -0.72757617 1.13073213 -2.29823691 0.45767823 -0.14551552 0.12648867 0.86796111
1779396352.65153790 -0.73194461 1.13135555 -2.29694696 0.45818726 -0.14462147 0.12638189 0.86785753
1779396352.66176653 -0.73421454 1.13439427 -2.29491980 0.45886619 -0.14423630 0.12577731 0.86765072
1779396352.67204213 -0.73730540 1.13735480 -2.29288479 0.45949048 -0.14367127 0.12482346 0.86755183
1779396352.68236089 -0.74163529 1.13835848 -2.29165663 0.45981879 -0.14283640 0.12398243 0.86763633
1779396352.69280005 -0.74245404 1.14168276 -2.29018228 0.46043165 -0.14275705 0.12327839 0.86742467
1779396352.70323420 -0.74833698 1.14504799 -2.28705108 0.46123470 -0.14170043 0.12210712 0.86733695
1779396352.71354222 -0.75032491 1.14804507 -2.28572067 0.46184111 -0.14137763 0.12127735 0.86718335
1779396352.72387052 -0.75256766 1.15187920 -2.28381416 0.46261008 -0.14105482 0.12037514 0.86695171
1779396352.73422980 -0.75626444 1.15338019 -2.28257456 0.46297016 -0.14038881 0.11952266 0.86698555
1779396352.74462104 -0.75811021 1.15866631 -2.28007908 0.46394568 -0.14019261 0.11845475 0.86664232
1779396352.75488448 -0.76401760 1.16290264 -2.27674981 0.46479316 -0.13918344 0.11691970 0.86655933
1779396352.76517653 -0.76396245 1.16312165 -2.27739570 0.46465796 -0.13924093 0.11612876 0.86672894
1779396352.76536274 -0.76371253 1.16379759 -2.27738977 0.46473484 -0.13932532 0.11590257 0.86670443
1779396352.77550077 -0.76266591 1.16486247 -2.27814292 0.46473911 -0.13958152 0.11513044 0.86676383
1779396352.78586102 -0.76413560 1.17044663 -2.27576660 0.46570731 -0.13948620 0.11393398 0.86641754
1779396352.79621553 -0.76549318 1.17768970 -2.27234091 0.46721946 -0.13947205 0.11326391 0.86569325
1779396352.80655169 -0.76401065 1.17706690 -2.27423026 0.46686930 -0.13979151 0.11255570 0.86592298
1779396352.81683660 -0.76645106 1.18439337 -2.27065469 0.46829831 -0.13961666 0.11146917 0.86531989
1779396352.82713270 -0.76944505 1.18968818 -2.26794993 0.46961612 -0.13924315 0.11110847 0.86471206
1779396352.83746815 -0.76979423 1.18707379 -2.27057059 0.46868955 -0.13909263 0.10955582 0.86543681
1779396352.83764172 -0.76910789 1.18889140 -2.27017208 0.46888210 -0.13928939 0.10904372 0.86536553
1779396352.84770036 -0.77095145 1.19183265 -2.26881851 0.46958037 -0.13908024 0.10865099 0.86506990
1779396352.85798407 -0.77304530 1.20260221 -2.26357760 0.47207688 -0.13905468 0.10850435 0.86373261
1779396352.86830544 -0.77634588 1.21003917 -2.26007612 0.47372416 -0.13870162 0.10767777 0.86299060
1779396352.87861919 -0.77653670 1.20817850 -2.26226155 0.47310440 -0.13866021 0.10670571 0.86345785
1779396352.88904977 -0.77815198 1.21921946 -2.25733112 0.47516809 -0.13866366 0.10519505 0.86250894
1779396352.89943457 -0.77902420 1.22888620 -2.25326551 0.47722897 -0.13885440 0.10462369 0.86140922
1779396352.90976477 -0.78401959 1.23319176 -2.25071278 0.47815319 -0.13803229 0.10350455 0.86116399
1779396352.91000676 -0.78367368 1.23380115 -2.25088040 0.47826469 -0.13814887 0.10339587 0.86109644
1779396352.92005515 -0.79073219 1.23039933 -2.25208021 0.47713912 -0.13664828 0.10059469 0.86229126
1779396352.93036771 -0.78719066 1.24919641 -2.24430355 0.48105678 -0.13796413 0.10064201 0.85989619
1779396352.94072032 -0.79104049 1.25520167 -2.24154361 0.48223282 -0.13743693 0.09921870 0.85948720
1779396352.95102596 -0.79572716 1.25049854 -2.24440927 0.48071031 -0.13636406 0.09648944 0.86082067
1779396352.96138787 -0.79959860 1.26273278 -2.23794089 0.48338324 -0.13599644 0.09560081 0.85948013
1779396352.97167778 -0.80430923 1.26939971 -2.23463331 0.48456836 -0.13526965 0.09365726 0.85914140
1779396352.98194122 -0.80940299 1.27531378 -2.23142918 0.48577941 -0.13449192 0.09207151 0.85875091
1779396352.99224067 -0.81120529 1.28249947 -2.22816774 0.48714266 -0.13435414 0.09094240 0.85812032
1779396353.00254107 -0.81535890 1.29158440 -2.22345799 0.48924937 -0.13383273 0.09026624 0.85707401
1779396353.01277995 -0.81743781 1.30148922 -2.21894756 0.49128088 -0.13372142 0.08908607 0.85605219
1779396353.02301455 -0.82077003 1.30539345 -2.21697753 0.49192804 -0.13319570 0.08754766 0.85592121
1779396353.03331780 -0.82620375 1.31414413 -2.21189348 0.49415250 -0.13241761 0.08710607 0.85480490
1779396353.04356694 -0.82715171 1.32011039 -2.20998845 0.49523151 -0.13241903 0.08580358 0.85431183
1779396353.05385876 -0.82467475 1.32998452 -2.20629651 0.49698287 -0.13317551 0.08484184 0.85327262
1779396353.06415987 -0.82738644 1.33539582 -2.20412282 0.49821206 -0.13283136 0.08393923 0.85269853
1779396353.07442594 -0.83603289 1.34265095 -2.19837621 0.50049429 -0.13138411 0.08386022 0.85159330
1779396353.08474755 -0.83592846 1.35066467 -2.19531504 0.50215586 -0.13166427 0.08308005 0.85064782
1779396353.09510279 -0.83887704 1.35563906 -2.19250579 0.50329440 -0.13123312 0.08229978 0.85011726
1779396353.10540032 -0.83795905 1.36169925 -2.19075199 0.50433093 -0.13159247 0.08102862 0.84956936
1779396353.11569977 -0.83994699 1.36873961 -2.18723516 0.50611196 -0.13142854 0.08078685 0.84855801
1779396353.12600207 -0.83983260 1.37298848 -2.18574531 0.50713853 -0.13160628 0.08068866 0.84792667
1779396353.13631320 -0.83942581 1.38057034 -2.18272957 0.50892408 -0.13195330 0.08054725 0.84681565
1779396353.14658570 -0.83949209 1.38549302 -2.18094253 0.51008011 -0.13212224 0.08012994 0.84613308
1779396353.15692902 -0.83918598 1.38776530 -2.18085076 0.51092260 -0.13232629 0.08048276 0.84555921
1779396353.16721725 -0.83700302 1.39337169 -2.17921040 0.51206080 -0.13289124 0.08019721 0.84480889
1779396353.17758751 -0.83504833 1.39559736 -2.17961261 0.51278880 -0.13340044 0.08056946 0.84425146
1779396353.18793249 -0.83461945 1.40199977 -2.17689450 0.51428656 -0.13365904 0.08039855 0.84331529
1779396353.19827437 -0.83328775 1.40401230 -2.17703306 0.51479801 -0.13400081 0.08044506 0.84294447
1779396353.20855951 -0.83460389 1.40915439 -2.17437037 0.51632191 -0.13394268 0.08082498 0.84198478
1779396353.21886444 -0.83557180 1.41193429 -2.17338935 0.51719798 -0.13387002 0.08095253 0.84144623
1779396353.22915626 -0.83594008 1.41552766 -2.17205265 0.51817072 -0.13391853 0.08094465 0.84084059
1779396353.23944068 -0.83503597 1.41715106 -2.17210255 0.51858946 -0.13415228 0.08095407 0.84054422
1779396353.24977422 -0.83800260 1.42113430 -2.16954050 0.51984853 -0.13374040 0.08113092 0.83981473
1779396353.26006889 -0.83835204 1.42105391 -2.17045796 0.51998037 -0.13369341 0.08110814 0.83974279
1779396353.27035379 -0.84093753 1.42282933 -2.16908324 0.52059706 -0.13324705 0.08104942 0.83943726
1779396353.28070593 -0.84221990 1.42663779 -2.16722502 0.52147496 -0.13310700 0.08069673 0.83894841
1779396353.29105330 -0.84088381 1.42954481 -2.16678342 0.52206774 -0.13342887 0.08059548 0.83853824
1779396353.30142760 -0.84101357 1.42696037 -2.16931966 0.52176744 -0.13340964 0.08090113 0.83869876
1779396353.31181693 -0.83800355 1.43017995 -2.16907173 0.52221808 -0.13404369 0.08058627 0.83834743
1779396353.32216358 -0.83878708 1.43023953 -2.16955761 0.52232419 -0.13391403 0.08042334 0.83831769
1779396353.33268428 -0.83701740 1.42881204 -2.17201273 0.52205020 -0.13424150 0.08046623 0.83843187
1779396353.34302497 -0.84155916 1.42752835 -2.17183275 0.52231882 -0.13339291 0.08087900 0.83836028
1779396353.35337996 -0.84091848 1.42724636 -2.17279515 0.52219551 -0.13349133 0.08062866 0.83844554
1779396353.36373663 -0.84052618 1.42572266 -2.17455625 0.52198677 -0.13354904 0.08072276 0.83855727
1779396353.37405467 -0.84281556 1.42624626 -2.17395347 0.52228275 -0.13311560 0.08054724 0.83845877
1779396353.38435841 -0.84404040 1.42662339 -2.17369206 0.52240809 -0.13287400 0.08027346 0.83844526
1779396353.39472508 -0.84223083 1.42751656 -2.17442282 0.52233153 -0.13321758 0.07969882 0.83849326
1779396353.40505505 -0.84375261 1.42625649 -2.17508316 0.52230401 -0.13289282 0.07979840 0.83855246
1779396353.41542530 -0.84566489 1.42526678 -2.17551219 0.52224619 -0.13248125 0.07966746 0.83866605
1779396353.42575788 -0.84386912 1.42806483 -2.17490630 0.52238906 -0.13284903 0.07859771 0.83861982
1779396353.43606663 -0.84507856 1.42702330 -2.17541454 0.52227327 -0.13257257 0.07843655 0.83875077
1779396353.44639826 -0.84845192 1.42517282 -2.17558278 0.52225996 -0.13184996 0.07863413 0.83885445
1779396353.45673370 -0.84843188 1.42494938 -2.17602321 0.52216207 -0.13181574 0.07831814 0.83895033
1779396353.45694137 -0.84866031 1.42468631 -2.17617258 0.52209707 -0.13174935 0.07819387 0.83901280
1779396353.46708632 -0.84923190 1.42409127 -2.17652966 0.52197470 -0.13158661 0.07795515 0.83913668
1779396353.47739744 -0.84908599 1.42373277 -2.17696136 0.52183747 -0.13154775 0.07761489 0.83925966
1779396353.48768473 -0.84926456 1.42303930 -2.17756834 0.52168916 -0.13142868 0.07735801 0.83939422
1779396353.49795437 -0.84923868 1.42247641 -2.17809777 0.52157125 -0.13137142 0.07721858 0.83948929
1779396353.50825024 -0.85080905 1.42253676 -2.17754093 0.52155210 -0.13097141 0.07663689 0.83961699
1779396353.51850891 -0.85114733 1.42191931 -2.17785609 0.52141578 -0.13080698 0.07638221 0.83975049
1779396353.52871799 -0.85261786 1.42057303 -2.17815975 0.52124016 -0.13043260 0.07628573 0.83992650
1779396353.53905272 -0.85451952 1.41858843 -2.17868775 0.52106386 -0.12995009 0.07643322 0.84009725
1779396353.54937410 -0.85586929 1.41825698 -2.17840210 0.52095647 -0.12956971 0.07592424 0.84026874
1779396353.55970192 -0.85761775 1.41685240 -2.17859439 0.52076576 -0.12910897 0.07575114 0.84047348
1779396353.56995702 -0.85853650 1.41586485 -2.17883699 0.52057177 -0.12883095 0.07551618 0.84065744
1779396353.58030081 -0.86017604 1.41555611 -2.17827606 0.52045113 -0.12839100 0.07494053 0.84085093
1779396353.59059668 -0.86094248 1.41504872 -2.17809702 0.52028927 -0.12812192 0.07452305 0.84102923
1779396353.60087609 -0.86242925 1.41354745 -2.17834017 0.51996934 -0.12772146 0.07415487 0.84132049
1779396353.61120129 -0.86510059 1.41237169 -2.17787340 0.51964586 -0.12704951 0.07338123 0.84168985
1779396353.62152028 -0.86764340 1.41165188 -2.17713923 0.51945782 -0.12642346 0.07275888 0.84195417
1779396353.63183427 -0.86971088 1.41098582 -2.17656058 0.51927119 -0.12591958 0.07221155 0.84219189
1779396353.63202047 -0.87030482 1.41086033 -2.17634163 0.51922470 -0.12576888 0.07203344 0.84225832
1779396353.64219880 -0.87136859 1.41016912 -2.17622878 0.51895359 -0.12546236 0.07146522 0.84251949
1779396353.65255809 -0.87265678 1.41028251 -2.17536648 0.51870813 -0.12507885 0.07044212 0.84281378
1779396353.66292048 -0.87289469 1.41070314 -2.17476349 0.51842958 -0.12490178 0.06937195 0.84310014
1779396353.67326713 -0.87428635 1.40992365 -2.17445844 0.51805925 -0.12451264 0.06854970 0.84345252
1779396353.68363523 -0.87452381 1.41058804 -2.17361788 0.51779494 -0.12433320 0.06739790 0.84373407
1779396353.69395804 -0.87629435 1.41328612 -2.17070154 0.51743481 -0.12378421 0.06468889 0.84424761
1779396353.70431066 -0.87770913 1.41277418 -2.17014997 0.51691145 -0.12333979 0.06331803 0.84473705
1779396353.71460414 -0.87810575 1.41313844 -2.16950864 0.51664180 -0.12314893 0.06231217 0.84500460
1779396353.72500300 -0.87866362 1.41190924 -2.16963343 0.51612833 -0.12288172 0.06151713 0.84541545
1779396353.73533273 -0.87948171 1.41129400 -2.16935606 0.51551231 -0.12256130 0.05998972 0.84594741
1779396353.74567914 -0.88226322 1.41026841 -2.16855511 0.51505628 -0.12187754 0.05885412 0.84640362
1779396353.74585724 -0.88243780 1.41117532 -2.16774209 0.51510140 -0.12181358 0.05843813 0.84641419
1779396353.75602341 -0.88612215 1.41147508 -2.16555618 0.51480913 -0.12094772 0.05689780 0.84682103
1779396353.76631927 -0.89152825 1.40954274 -2.16394547 0.51417795 -0.11969415 0.05536709 0.84748383
1779396353.77661419 -0.89610258 1.40788982 -2.16254991 0.51361945 -0.11862301 0.05391038 0.84806681
1779396353.78697777 -0.89824505 1.40848651 -2.16070566 0.51320471 -0.11803780 0.05210722 0.84851213
1779396353.79727674 -0.90179209 1.40848455 -2.15860610 0.51287699 -0.11718531 0.05053328 0.84892355
1779396353.80763245 -0.90535314 1.40748302 -2.15713497 0.51232889 -0.11630267 0.04889127 0.84947186
1779396353.81794882 -0.90769520 1.40631831 -2.15644883 0.51188057 -0.11571630 0.04782605 0.84988275
1779396353.81813717 -0.90891510 1.40386868 -2.15728452 0.51137790 -0.11539784 0.04767561 0.85023704
1779396353.82824922 -0.91153471 1.40713964 -2.15376208 0.51165702 -0.11480217 0.04601724 0.85024113
1779396353.83859468 -0.91464022 1.40614190 -2.15260141 0.51117047 -0.11401844 0.04458463 0.85071544
1779396353.84888482 -0.91878508 1.40918474 -2.14826904 0.51161955 -0.11308604 0.04316766 0.85064301
1779396353.85918951 -0.92199426 1.40853303 -2.14704412 0.51094844 -0.11227057 0.04125615 0.85124905
1779396353.86947703 -0.92634131 1.40751145 -2.14561053 0.51077882 -0.11129564 0.04043193 0.85151837
1779396353.87977242 -0.93199412 1.41001661 -2.14119025 0.51084896 -0.10999533 0.03824076 0.85174645
1779396353.89005733 -0.93615751 1.40973950 -2.13950486 0.51074909 -0.10907061 0.03732651 0.85196579
1779396353.90040469 -0.94270808 1.40949405 -2.13672393 0.51039684 -0.10757570 0.03546099 0.85244651
1779396353.91072035 -0.95015684 1.41002858 -2.13320622 0.51032801 -0.10593412 0.03374831 0.85276276
1779396353.92098880 -0.95517398 1.41303414 -2.12921865 0.51065579 -0.10480009 0.03208479 0.85277088
1779396353.93129635 -0.95938930 1.41607087 -2.12547545 0.51101746 -0.10385625 0.03065476 0.85272230
1779396353.94158506 -0.96665444 1.41668755 -2.12223647 0.51066528 -0.10221658 0.02830801 0.85321240
1779396353.95181823 -0.97013037 1.41850343 -2.11999501 0.51062878 -0.10138651 0.02672413 0.85338435
1779396353.96214819 -0.97249319 1.42058863 -2.11788919 0.51072747 -0.10082935 0.02546061 0.85342994
1779396353.97240424 -0.97779955 1.42283227 -2.11458670 0.51072449 -0.09962359 0.02345807 0.85363069
1779396353.98274374 -0.98405391 1.42551009 -2.11044274 0.51082798 -0.09822099 0.02135325 0.85378653
1779396353.99311066 -0.99148470 1.42263807 -2.10968632 0.50979285 -0.09655984 0.01928036 0.85464362
1779396354.00340414 -0.99524872 1.42114951 -2.10945973 0.50937241 -0.09572984 0.01840889 0.85500682
1779396354.01383448 -1.00224321 1.42155074 -2.10650116 0.50889005 -0.09413421 0.01607412 0.85551814
1779396354.02419686 -1.00581714 1.42225545 -2.10504009 0.50875858 -0.09333904 0.01476011 0.85570712
1779396354.03451443 -1.00995831 1.41927707 -2.10563237 0.50780528 -0.09238925 0.01339678 0.85639859
1779396354.03466392 -1.01208140 1.42031713 -2.10399554 0.50803073 -0.09194669 0.01306856 0.85631758
1779396354.04485536 -1.01646899 1.41931115 -2.10308789 0.50743155 -0.09093229 0.01150153 0.85680351
1779396354.05517721 -1.02301166 1.41904744 -2.10090102 0.50704237 -0.08949956 0.00968470 0.85720714
1779396354.06550670 -1.02818244 1.41667680 -2.10078103 0.50621895 -0.08835785 0.00810477 0.85782841
1779396354.07582402 -1.03185284 1.41610902 -2.09986999 0.50576347 -0.08753305 0.00672101 0.85819351
1779396354.08617258 -1.03913143 1.41577862 -2.09726834 0.50541461 -0.08598037 0.00492526 0.85856810
1779396354.09647346 -1.04441262 1.41403763 -2.09655096 0.50465141 -0.08480998 0.00314534 0.85914162
1779396354.10676217 -1.05151423 1.41399977 -2.09360360 0.50436537 -0.08330375 0.00144649 0.85946144
1779396354.11706614 -1.05687564 1.41190337 -2.09312300 0.50348537 -0.08214030 -0.00046876 0.86009025
1779396354.12741470 -1.06184785 1.41353166 -2.09043067 0.50318976 -0.08106864 -0.00292724 0.86036002
1779396354.13766623 -1.06611900 1.41388127 -2.08885001 0.50263128 -0.08013825 -0.00516886 0.86076300
1779396354.14803123 -1.07265088 1.41586115 -2.08495512 0.50276899 -0.07877818 -0.00684854 0.86079640
1779396354.15835762 -1.08015271 1.41650882 -2.08165786 0.50225674 -0.07718211 -0.00955139 0.86121418
1779396354.16861677 -1.08464584 1.41669470 -2.08012160 0.50166538 -0.07622398 -0.01182674 0.86161585
1779396354.17886853 -1.08914720 1.42033629 -2.07606109 0.50197337 -0.07526286 -0.01369173 0.86149334
1779396354.18920016 -1.09535094 1.42045818 -2.07395753 0.50120829 -0.07392667 -0.01641886 0.86200668
1779396354.19945145 -1.10341276 1.42235946 -2.06964625 0.50082691 -0.07222101 -0.01933167 0.86231248
1779396354.20975327 -1.11059888 1.42239005 -2.06725819 0.50014024 -0.07071721 -0.02185444 0.86277529
1779396354.22014213 -1.11597976 1.42251979 -2.06540393 0.49956856 -0.06958125 -0.02387876 0.86314513
1779396354.23048854 -1.12328834 1.42306078 -2.06258633 0.49892730 -0.06804216 -0.02650160 0.86356209
1779396354.24079847 -1.13287813 1.42388636 -2.05854633 0.49842828 -0.06603082 -0.02915819 0.86392070
1779396354.25110245 -1.13685991 1.42603769 -2.05626808 0.49824790 -0.06518806 -0.03105719 0.86402257
1779396354.26142192 -1.14113704 1.42758093 -2.05503734 0.49769840 -0.06431552 -0.03354826 0.86431148
1779396354.27172565 -1.14815208 1.42929632 -2.05217214 0.49705499 -0.06283362 -0.03656765 0.86466819
1779396354.28206968 -1.15324377 1.43274027 -2.04894315 0.49666258 -0.06172170 -0.03960417 0.86484000
1779396354.29247046 -1.15995850 1.43822701 -2.04269654 0.49697318 -0.06022623 -0.04223078 0.86464271
1779396354.30277538 -1.16227239 1.43854514 -2.04232181 0.49674115 -0.05978074 -0.04319083 0.86475953
1779396354.31306958 -1.17154312 1.44239901 -2.03757189 0.49604635 -0.05782967 -0.04749792 0.86506514
1779396354.32333994 -1.17246411 1.44455653 -2.03719495 0.49583785 -0.05765902 -0.04909076 0.86510714
1779396354.33365774 -1.17896956 1.44642681 -2.03435229 0.49541739 -0.05634157 -0.05161365 0.86528797
1779396354.34398413 -1.18443407 1.44662442 -2.03308801 0.49468312 -0.05526241 -0.05389142 0.86563872
1779396354.35430670 -1.18728545 1.44946716 -2.03155402 0.49436730 -0.05470368 -0.05624356 0.86570500
1779396354.36462355 -1.18867826 1.45110616 -2.03124274 0.49378856 -0.05442343 -0.05835023 0.86591350
1779396354.37486410 -1.19324053 1.45336189 -2.02913297 0.49326468 -0.05347850 -0.06096379 0.86609089
1779396354.38519645 -1.19327735 1.45986603 -2.02655763 0.49334257 -0.05340250 -0.06384462 0.86584360
1779396354.39574003 -1.19483108 1.46146306 -2.02622728 0.49305162 -0.05312995 -0.06542806 0.86590789
1779396354.39593840 -1.19657921 1.46176092 -2.02548258 0.49302631 -0.05279634 -0.06583047 0.86591221
1779396354.40604353 -1.19798897 1.46188881 -2.02613476 0.49220980 -0.05252516 -0.06772089 0.86624737
1779396354.41639733 -1.19891722 1.46834923 -2.02260740 0.49185869 -0.05213395 -0.07143913 0.86617177
1779396354.42671895 -1.20380642 1.46917786 -2.02105890 0.49108967 -0.05113931 -0.07392172 0.86645905
1779396354.43702292 -1.21950662 1.47015821 -2.01175660 0.49037345 -0.04772941 -0.07716114 0.86677675
1779396354.44735122 -1.21090104 1.47038795 -2.01910218 0.48937655 -0.04963123 -0.07868436 0.86709636
1779396354.45765638 -1.21539799 1.46910084 -2.01926468 0.48831001 -0.04878190 -0.08079253 0.86755186
1779396354.46800828 -1.21780058 1.47187915 -2.01728925 0.48807548 -0.04822488 -0.08278867 0.86752679
1779396354.46818876 -1.21923223 1.46992241 -2.01844467 0.48751518 -0.04799374 -0.08319415 0.86781581
1779396354.47835350 -1.22196397 1.47122523 -2.01723451 0.48682674 -0.04737839 -0.08540705 0.86802111
1779396354.48862791 -1.22710027 1.47375383 -2.01412177 0.48631761 -0.04623094 -0.08810022 0.86809921
1779396354.49894476 -1.23208527 1.47332024 -2.01337676 0.48525411 -0.04520006 -0.09055929 0.86849549
1779396354.50927138 -1.23600552 1.47475856 -2.01127891 0.48469927 -0.04431783 -0.09269655 0.86862529
1779396354.51956773 -1.24178953 1.47723251 -2.00785884 0.48410703 -0.04303681 -0.09554665 0.86871114
1779396354.52983308 -1.24483512 1.48327725 -2.00348869 0.48442733 -0.04224714 -0.09801395 0.86829638
1779396354.54016328 -1.24720446 1.48658311 -2.00115546 0.48422435 -0.04164404 -0.10010443 0.86820024
1779396354.55046940 -1.25541290 1.49017060 -1.99543187 0.48395334 -0.03982821 -0.10299702 0.86809820
1779396354.56078577 -1.25677101 1.49406825 -1.99377757 0.48356834 -0.03941295 -0.10567532 0.86800980
1779396354.57109547 -1.26367557 1.49630196 -1.98977899 0.48305191 -0.03788243 -0.10832547 0.86803881
1779396354.58139491 -1.26782309 1.49929841 -1.98637010 0.48297727 -0.03691988 -0.11020695 0.86788496
1779396354.59171510 -1.26887016 1.50538453 -1.98311248 0.48295646 -0.03647595 -0.11310880 0.86754191
1779396354.60199642 -1.26632141 1.51226892 -1.98180969 0.48286089 -0.03675939 -0.11618581 0.86717643
1779396354.61231637 -1.27696605 1.51806046 -1.97190005 0.48330713 -0.03421059 -0.11871644 0.86668925
1779396354.61249828 -1.27757537 1.51990227 -1.97061357 0.48336600 -0.03401914 -0.11947967 0.86655907
1779396354.62267447 -1.27700956 1.52272499 -1.97047879 0.48326858 -0.03405489 -0.12100777 0.86639994
1779396354.63296723 -1.28035497 1.52650212 -1.96736369 0.48298463 -0.03318762 -0.12360414 0.86622540
1779396354.64331055 -1.29457168 1.53015617 -1.95671513 0.48280199 -0.02988276 -0.12668948 0.86600175
1779396354.65366864 -1.29809899 1.53205158 -1.95424404 0.48241897 -0.02899501 -0.12860101 0.86596363
1779396354.66402864 -1.30243380 1.54077049 -1.94623650 0.48311968 -0.02765701 -0.13154655 0.86517395
1779396354.67440557 -1.30593790 1.54413851 -1.94308970 0.48278845 -0.02672092 -0.13404366 0.86500497
1779396354.68482137 -1.31239459 1.55099726 -1.93485281 0.48313644 -0.02495505 -0.13697265 0.86440437
1779396354.69518280 -1.31802841 1.55299871 -1.93049013 0.48282441 -0.02356122 -0.13893696 0.86430433
1779396354.70553327 -1.32319524 1.55934238 -1.92333076 0.48308415 -0.02206035 -0.14174079 0.86374336
1779396354.71583533 -1.32697265 1.56259216 -1.91955837 0.48261576 -0.02096886 -0.14442983 0.86358691
1779396354.72618270 -1.33302253 1.56268652 -1.91637049 0.48195467 -0.01953917 -0.14622169 0.86368810
1779396354.73653531 -1.34045401 1.56785970 -1.90829357 0.48242718 -0.01758921 -0.14828538 0.86311418
1779396354.74680257 -1.34876022 1.57070146 -1.90152324 0.48221279 -0.01550554 -0.15064203 0.86286580
1779396354.75713706 -1.35671437 1.57611677 -1.89268224 0.48263697 -0.01338239 -0.15294387 0.86225903
1779396354.76745415 -1.35920934 1.58429896 -1.88477209 0.48336168 -0.01228513 -0.15544981 0.86142087
1779396354.77771473 -1.36889114 1.58566500 -1.87815554 0.48275197 -0.00990425 -0.15793392 0.86134158
1779396354.78807330 -1.37557799 1.59125899 -1.86982978 0.48281745 -0.00795423 -0.16079622 0.86079534
1779396354.79838729 -1.38338646 1.59945288 -1.85787619 0.48383442 -0.00568218 -0.16308974 0.85981027
1779396354.80874419 -1.39541041 1.60175572 -1.84816699 0.48349047 -0.00267821 -0.16558989 0.85954045
1779396354.81904030 -1.40431670 1.60762524 -1.83737813 0.48331067 -0.00004110 -0.16900206 0.85898143
1779396354.82930303 -1.41524817 1.61672610 -1.82218232 0.48327757 0.00328393 -0.17355283 0.85808591
1779396354.83959007 -1.42425620 1.62505387 -1.80849792 0.48334575 0.00611018 -0.17739623 0.85724566
1779396354.85001755 -1.43887705 1.63273087 -1.79093996 0.48315122 0.01025714 -0.18176612 0.85639989
1779396354.86033750 -1.45306534 1.64150744 -1.77276007 0.48223662 0.01455679 -0.18759231 0.85559632
1779396354.87064695 -1.46283598 1.64536809 -1.76184445 0.48099374 0.01744546 -0.19173528 0.85532348
1779396354.88099766 -1.47667397 1.65983390 -1.73793441 0.48135213 0.02210656 -0.19762480 0.85367199
1779396354.89129972 -1.49279175 1.66909065 -1.71643718 0.47983520 0.02717953 -0.20446268 0.85276871
1779396354.90164661 -1.49844312 1.68635019 -1.69562862 0.48045434 0.03025685 -0.21044134 0.85085991
1779396354.91197324 -1.50488882 1.69465385 -1.68261123 0.47964710 0.03287388 -0.21520944 0.85002521
1779396354.92230344 -1.52021797 1.70736336 -1.65673157 0.47928858 0.03816657 -0.22140766 0.84841288
1779396354.93260956 -1.53121724 1.71953675 -1.63515536 0.47883715 0.04237609 -0.22728250 0.84691317
1779396354.94293642 -1.54023547 1.72735373 -1.61921454 0.47830968 0.04566767 -0.23145433 0.84590969
1779396354.94314408 -1.54593507 1.72950123 -1.61179140 0.47783188 0.04748040 -0.23324951 0.84558676
1779396354.95330572 -1.55535502 1.73924115 -1.59288289 0.47767677 0.05114218 -0.23762881 0.84424044
1779396354.96364141 -1.57131657 1.74979213 -1.56640997 0.47673219 0.05678751 -0.24375595 0.84266520
1779396354.97394633 -1.58202517 1.76330539 -1.54121045 0.47664988 0.06138626 -0.24943745 0.84072444
1779396354.98428464 -1.58933795 1.77456695 -1.52144381 0.47669575 0.06486172 -0.25390732 0.83909785
1779396354.99463344 -1.59781159 1.78350075 -1.50295382 0.47542502 0.06861234 -0.25939266 0.83784178
1779396355.00493503 -1.60534785 1.79705933 -1.47964284 0.47519921 0.07266055 -0.26507727 0.83584699
1779396355.01528454 -1.61366534 1.81212179 -1.45245622 0.47511055 0.07728361 -0.27113400 0.83353678
1779396355.02565455 -1.61906414 1.82026279 -1.43696327 0.47455531 0.08013170 -0.27512491 0.83227547
1779396355.03595757 -1.62526808 1.82988134 -1.41833757 0.47356731 0.08359501 -0.28025576 0.83078432
1779396355.04625368 -1.63194481 1.84129583 -1.39664635 0.47279022 0.08748172 -0.28574388 0.82895524
1779396355.05660963 -1.63730346 1.84923542 -1.38032189 0.47242721 0.09042738 -0.28938384 0.82758227
1779396355.06693411 -1.64248810 1.85669537 -1.36461822 0.47142622 0.09344486 -0.29367882 0.82630390
1779396355.07724237 -1.65079217 1.86525658 -1.34330727 0.47066683 0.09754797 -0.29817762 0.82464976
1779396355.08755755 -1.65921168 1.87411475 -1.32126083 0.46984326 0.10170302 -0.30283001 0.82292028
1779396355.09787536 -1.66405868 1.88068568 -1.30630501 0.46921108 0.10450616 -0.30622200 0.82167361
1779396355.10826159 -1.66401684 1.89114456 -1.29170539 0.46799150 0.10677723 -0.31146902 0.82010342
1779396355.11854982 -1.66861823 1.89760260 -1.27665649 0.46761547 0.10950823 -0.31449085 0.81880354
1779396355.12881279 -1.67216649 1.90610441 -1.25975835 0.46652909 0.11253353 -0.31902680 0.81725682
1779396355.13915157 -1.67625703 1.91459087 -1.24196944 0.46554108 0.11573402 -0.32342391 0.81564337
1779396355.14941144 -1.68100669 1.92112644 -1.22589387 0.46429804 0.11885468 -0.32747595 0.81428520
1779396355.15983963 -1.68397344 1.92845968 -1.21074541 0.46319975 0.12160596 -0.33153129 0.81286222
1779396355.17022586 -1.68846480 1.93400557 -1.19584935 0.46228507 0.12445497 -0.33478526 0.81161710
1779396355.18055749 -1.69269223 1.94028581 -1.18021757 0.46097838 0.12748751 -0.33871170 0.81025937
1779396355.19083762 -1.69457540 1.94899745 -1.16344767 0.46028374 0.13026551 -0.34269107 0.80853733
1779396355.20113897 -1.69601795 1.95412925 -1.15344149 0.45936017 0.13209869 -0.34560620 0.80752370
1779396355.21147776 -1.69857111 1.96205222 -1.13685628 0.45815658 0.13506127 -0.34982167 0.80590062
1779396355.22178626 -1.69812857 1.97155146 -1.12187171 0.45744192 0.13735740 -0.35391353 0.80413000
1779396355.23212361 -1.70005754 1.97888033 -1.10685285 0.45606103 0.14009448 -0.35803217 0.80261749
1779396355.24249196 -1.69916341 1.98586230 -1.09643793 0.45554212 0.14165679 -0.36097614 0.80131826
1779396355.25277424 -1.69882028 1.99522769 -1.08072824 0.45484781 0.14410153 -0.36494989 0.79947470
1779396355.26307178 -1.70000507 2.00215739 -1.06682404 0.45352004 0.14664434 -0.36880583 0.79799578
1779396355.27344465 -1.69804171 2.01012130 -1.05530035 0.45322868 0.14822154 -0.37179398 0.79648187
1779396355.27364850 -1.69932400 2.01107620 -1.05165722 0.45269566 0.14904704 -0.37274418 0.79618678
1779396355.28379416 -1.69995971 2.01668221 -1.04045273 0.45215572 0.15092598 -0.37528057 0.79494720
1779396355.29409909 -1.69669827 2.02627545 -1.02784906 0.45183557 0.15256959 -0.37877764 0.79315486
1779396355.30441546 -1.69977575 2.03153839 -1.01347726 0.45011871 0.15555120 -0.38248520 0.79177146
1779396355.31472516 -1.69980169 2.04001181 -0.99665981 0.45012203 0.15807172 -0.38535923 0.78987452
1779396355.32507372 -1.69773503 2.04866288 -0.98345650 0.44940844 0.16008200 -0.38894469 0.78811664
1779396355.33538342 -1.69968005 2.05713173 -0.96316051 0.44870177 0.16356320 -0.39259661 0.78599090
1779396355.34567976 -1.69985881 2.06305457 -0.95075124 0.44810780 0.16564207 -0.39521257 0.78458214
1779396355.34586930 -1.69933230 2.06563794 -0.94629182 0.44802346 0.16629005 -0.39615280 0.78401885
1779396355.35598135 -1.69767383 2.07381570 -0.93182655 0.44816836 0.16830181 -0.39871828 0.78220416
1779396355.36629844 -1.69534989 2.08085182 -0.92152457 0.44730878 0.16995850 -0.40184151 0.78073834
1779396355.37668109 -1.69535204 2.08981146 -0.90182322 0.44685391 0.17309185 -0.40534981 0.77849362
1779396355.38710785 -1.68901089 2.09740041 -0.89692324 0.44685650 0.17329421 -0.40766759 0.77723582
1779396355.39752030 -1.68757853 2.10618993 -0.87951900 0.44670081 0.17589585 -0.41072737 0.77512713
1779396355.40796208 -1.68646138 2.11295053 -0.86629762 0.44613697 0.17801889 -0.41351940 0.77348095
1779396355.41835833 -1.68077471 2.12150434 -0.85764013 0.44553515 0.17901077 -0.41677000 0.77185254
1779396355.42874026 -1.68086302 2.12495284 -0.84970549 0.44439629 0.18059745 -0.41899104 0.77093645
1779396355.43909025 -1.67910922 2.13203554 -0.83617737 0.44412591 0.18264483 -0.42154450 0.76921601
1779396355.44944453 -1.67608961 2.13900112 -0.82561566 0.44332113 0.18426324 -0.42449544 0.76766989
1779396355.45979643 -1.67418481 2.14383331 -0.81786999 0.44262093 0.18551427 -0.42666884 0.76656693
1779396355.46002817 -1.67285589 2.14565984 -0.81604742 0.44261357 0.18568571 -0.42723590 0.76621376
1779396355.47014260 -1.67150260 2.14944048 -0.80966440 0.44199061 0.18676893 -0.42900931 0.76531867
1779396355.48046803 -1.66968130 2.15431738 -0.80156645 0.44094176 0.18821368 -0.43151671 0.76415922
1779396355.49082351 -1.66707306 2.15925396 -0.79472398 0.44007451 0.18934065 -0.43384469 0.76306181
1779396355.50124264 -1.66499661 2.16301825 -0.78967695 0.43940950 0.19017838 -0.43560778 0.76223181
1779396355.50150442 -1.66346124 2.16484636 -0.78813990 0.43936237 0.19030572 -0.43620161 0.76188753
1779396355.51162457 -1.66106329 2.16870488 -0.78325201 0.43870206 0.19107988 -0.43798993 0.76104783
1779396355.52195859 -1.65803890 2.17386832 -0.77605133 0.43810357 0.19217650 -0.44012790 0.75988215
1779396355.53233051 -1.65501648 2.17826791 -0.77114490 0.43725138 0.19300091 -0.44222326 0.75894695
1779396355.54272294 -1.65332913 2.18056795 -0.76896186 0.43650807 0.19347033 -0.44358011 0.75846333
1779396355.55309558 -1.65148441 2.18382051 -0.76432733 0.43552324 0.19440105 -0.44546894 0.75768408
1779396355.56340313 -1.64886672 2.18712272 -0.76091701 0.43469804 0.19503779 -0.44722637 0.75695868
1779396355.57370639 -1.64670081 2.19017387 -0.75675798 0.43382480 0.19584710 -0.44897159 0.75621721
1779396355.58407640 -1.64612902 2.19167898 -0.75356199 0.43288617 0.19663879 -0.45030229 0.75575830
1779396355.59445953 -1.64509576 2.19363150 -0.75001399 0.43175002 0.19752974 -0.45195667 0.75518812
1779396355.60478234 -1.64193771 2.19669669 -0.74776153 0.43063218 0.19803117 -0.45389824 0.75453030
1779396355.61518383 -1.63925455 2.19924546 -0.74567987 0.42988524 0.19841779 -0.45536726 0.75396931
1779396355.61537290 -1.63854435 2.19989599 -0.74518580 0.42965436 0.19852647 -0.45577988 0.75382298
1779396355.62549734 -1.63708080 2.20157939 -0.74300019 0.42892148 0.19902587 -0.45698922 0.75337635
1779396355.63580346 -1.63482923 2.20482015 -0.73712051 0.42812787 0.20007785 -0.45878230 0.75245876
1779396355.64609909 -1.63221837 2.20774369 -0.73305498 0.42726389 0.20083788 -0.46052617 0.75168169
1779396355.65644741 -1.63065466 2.20969141 -0.72964376 0.42649596 0.20154090 -0.46187669 0.75110078
1779396355.66678357 -1.62900740 2.21235215 -0.72336393 0.42588842 0.20266984 -0.46337615 0.75021766
1779396355.67711020 -1.62544291 2.21564717 -0.71978494 0.42536517 0.20317524 -0.46494974 0.74940379
1779396355.68747616 -1.62165275 2.21981123 -0.71388200 0.42466582 0.20409331 -0.46694302 0.74831082
1779396355.69777012 -1.61877738 2.22231145 -0.71180866 0.42422511 0.20438285 -0.46814007 0.74773363
1779396355.70807290 -1.61595448 2.22485429 -0.70929095 0.42329521 0.20492993 -0.46978524 0.74707879
1779396355.71837163 -1.61108125 2.22914636 -0.70607141 0.42279183 0.20531045 -0.47156240 0.74613912
1779396355.72867775 -1.60780466 2.23190286 -0.70464643 0.42248366 0.20545598 -0.47267272 0.74557086
1779396355.73901749 -1.60166680 2.23633549 -0.70432633 0.42221247 0.20524320 -0.47425574 0.74477738
1779396355.74932933 -1.59510455 2.24139654 -0.70247891 0.42212422 0.20516901 -0.47588444 0.74380832
1779396355.75964785 -1.59171825 2.24362236 -0.70306416 0.42131629 0.20520085 -0.47724430 0.74338622
1779396355.76995111 -1.58617096 2.24732762 -0.70341025 0.42103621 0.20488709 -0.47859942 0.74275998
1779396355.78025436 -1.58081554 2.25093050 -0.70357545 0.42040879 0.20476521 -0.48022899 0.74209687
1779396355.79055905 -1.57517530 2.25446746 -0.70442265 0.41991250 0.20448567 -0.48173077 0.74148134
1779396355.80087066 -1.57093925 2.25764778 -0.70283144 0.41974918 0.20456106 -0.48287808 0.74080642
1779396355.81124496 -1.56736455 2.25994460 -0.70241433 0.41913032 0.20470027 -0.48414767 0.74028955
1779396355.82155943 -1.56226513 2.26342117 -0.70130629 0.41904498 0.20466501 -0.48534816 0.73956115
1779396355.83186769 -1.55801237 2.26640939 -0.69998923 0.41895877 0.20470385 -0.48638505 0.73891777
1779396355.83205056 -1.55698333 2.26694830 -0.70022098 0.41886329 0.20466090 -0.48664729 0.73881112
1779396355.84215927 -1.55340928 2.26926490 -0.69970297 0.41883093 0.20461661 -0.48743078 0.73832508
1779396355.85250306 -1.54740927 2.27467919 -0.69261188 0.41936280 0.20526919 -0.48877755 0.73695041
1779396355.86281490 -1.54420491 2.27650787 -0.69197823 0.41917666 0.20537831 -0.48959021 0.73648632
1779396355.87313032 -1.54253689 2.27714184 -0.69194956 0.41883942 0.20550837 -0.49015879 0.73626368
1779396355.88346624 -1.53969760 2.27909122 -0.68929814 0.41890015 0.20586909 -0.49083633 0.73567675
1779396355.89374900 -1.53677398 2.28219030 -0.68212106 0.41915189 0.20688669 -0.49175409 0.73463427
1779396355.90404058 -1.53513694 2.28259082 -0.68216550 0.41907043 0.20691679 -0.49206072 0.73446693
1779396355.90425014 -1.53456319 2.28268384 -0.68234182 0.41902389 0.20690041 -0.49216524 0.73442806
1779396355.91435671 -1.53357300 2.28246736 -0.68329497 0.41850578 0.20696834 -0.49262527 0.73439591
1779396355.92467117 -1.53196609 2.28297511 -0.68194143 0.41816024 0.20733381 -0.49322938 0.73408411
1779396355.93501043 -1.52824994 2.28522940 -0.67930730 0.41828266 0.20757811 -0.49396592 0.73344981
1779396355.94536972 -1.52437475 2.28673066 -0.68049505 0.41824199 0.20720950 -0.49455929 0.73317731
1779396355.95568705 -1.52260539 2.28503063 -0.68769088 0.41726255 0.20641612 -0.49495917 0.73368915
1779396355.96597409 -1.52154520 2.28427564 -0.68949854 0.41658160 0.20642862 -0.49542238 0.73375995
1779396355.97633553 -1.52083721 2.28370601 -0.69062574 0.41621541 0.20642913 -0.49565284 0.73381197
1779396355.97651696 -1.51964453 2.28399662 -0.69140897 0.41609995 0.20629102 -0.49587473 0.73376638
1779396355.98658228 -1.51884692 2.28460533 -0.68843034 0.41586729 0.20690476 -0.49636069 0.73339681
1779396355.99681473 -1.51459337 2.28515399 -0.69263638 0.41569295 0.20612564 -0.49680631 0.73341331
1779396356.00712180 -1.51222868 2.28325935 -0.70127062 0.41489540 0.20500355 -0.49700448 0.73404489
1779396356.01741576 -1.51026140 2.28470579 -0.69779039 0.41483261 0.20557336 -0.49762477 0.73350057
1779396356.02776694 -1.50907072 2.28446757 -0.69770742 0.41424456 0.20588827 -0.49818156 0.73336662
1779396356.03811407 -1.50750246 2.28500973 -0.69565937 0.41393439 0.20638558 -0.49875670 0.73301096
1779396356.04839849 -1.50663198 2.28430568 -0.69732335 0.41361931 0.20632491 -0.49891569 0.73309769
1779396356.05877233 -1.50432604 2.28400313 -0.70002112 0.41296973 0.20615143 -0.49950856 0.73310899
1779396356.06906700 -1.50164517 2.28666510 -0.69250445 0.41336640 0.20725122 -0.50018179 0.73211565
1779396356.07933617 -1.49810095 2.28819993 -0.69199706 0.41299360 0.20741134 -0.50109158 0.73165843
1779396356.08958864 -1.49563449 2.28930542 -0.69072442 0.41306961 0.20757534 -0.50149609 0.73129177
1779396356.09990358 -1.49435574 2.29000391 -0.68728662 0.41275304 0.20839322 -0.50214731 0.73079085
1779396356.11015248 -1.49045867 2.29301749 -0.68175522 0.41273629 0.20921811 -0.50324508 0.72980883
1779396356.12037921 -1.48782089 2.29530514 -0.67637556 0.41258271 0.21009406 -0.50420756 0.72897924
1779396356.13068748 -1.48376726 2.29701451 -0.67570761 0.41234448 0.21020569 -0.50508434 0.72847472
1779396356.14105082 -1.48182230 2.29885404 -0.66902890 0.41223223 0.21141454 -0.50592717 0.72760304
1779396356.15133739 -1.47852344 2.30076141 -0.66717318 0.41208184 0.21168224 -0.50674023 0.72704438
1779396356.15152073 -1.47718682 2.30168496 -0.66598791 0.41206463 0.21182877 -0.50707084 0.72678090
1779396356.16170335 -1.47532977 2.30351077 -0.66075847 0.41176447 0.21279567 -0.50798854 0.72602732
1779396356.17201090 -1.47169135 2.30548800 -0.65771353 0.41139715 0.21335563 -0.50906379 0.72531774
1779396356.18232155 -1.46943511 2.30598658 -0.65711625 0.41057012 0.21378464 -0.51004057 0.72497373
1779396356.19268632 -1.46635816 2.30766215 -0.65510615 0.41028633 0.21413235 -0.51090311 0.72442424
1779396356.20298123 -1.46052649 2.31073944 -0.65312905 0.40993680 0.21433728 -0.51229673 0.72357682
1779396356.21327066 -1.45779367 2.31151734 -0.65242708 0.40921155 0.21469318 -0.51328530 0.72318113
1779396356.22355843 -1.45828758 2.31094015 -0.65027508 0.40843226 0.21550183 -0.51384692 0.72298229
1779396356.22375321 -1.45768604 2.31124250 -0.64947180 0.40817415 0.21572409 -0.51418721 0.72281982
1779396356.23385406 -1.45473798 2.31262567 -0.64790006 0.40752776 0.21612026 -0.51525446 0.72230603
1779396356.24415970 -1.44821098 2.31592670 -0.64582108 0.40747755 0.21620412 -0.51651783 0.72140638
1779396356.25450373 -1.44474379 2.31642740 -0.64701780 0.40648635 0.21630147 -0.51767431 0.72110736
1779396356.26489949 -1.44227523 2.31812535 -0.64186703 0.40641084 0.21714933 -0.51844498 0.72034103
1779396356.27519321 -1.43962058 2.31992832 -0.63610953 0.40578262 0.21831602 -0.51970646 0.71943295
1779396356.28548741 -1.43643073 2.32063512 -0.63615078 0.40524910 0.21847685 -0.52054660 0.71907737
1779396356.29583907 -1.43448668 2.31967462 -0.64122861 0.40445478 0.21794104 -0.52101688 0.71934653
1779396356.29602218 -1.43368888 2.32003289 -0.64035079 0.40437766 0.21811267 -0.52125002 0.71916895
1779396356.30618715 -1.43226237 2.32151704 -0.63306549 0.40405616 0.21949445 -0.52215570 0.71827170
1779396356.31650496 -1.42878424 2.32286232 -0.63054706 0.40350879 0.22004830 -0.52324436 0.71761741
1779396356.32679343 -1.42486779 2.32430215 -0.62812228 0.40313891 0.22052070 -0.52424672 0.71694841
1779396356.33709264 -1.42242604 2.32523801 -0.62575548 0.40311361 0.22092453 -0.52474819 0.71647129
1779396356.34742713 -1.41909399 2.32643617 -0.62280290 0.40250495 0.22162754 -0.52585798 0.71578235
1779396356.35770082 -1.41235850 2.32841263 -0.62472105 0.40218579 0.22116448 -0.52703005 0.71524275
1779396356.36797142 -1.41048850 2.32922544 -0.62168011 0.40189699 0.22181127 -0.52768581 0.71472110
1779396356.36812615 -1.40897300 2.32964328 -0.62185473 0.40176259 0.22178327 -0.52800879 0.71456681
1779396356.37826395 -1.40911545 2.32823360 -0.62247553 0.40115788 0.22209684 -0.52823296 0.71464346
1779396356.38862419 -1.40068957 2.33199691 -0.62033148 0.40139865 0.22200491 -0.52957905 0.71353975
1779396356.39886642 -1.39783512 2.33271985 -0.61803335 0.40100838 0.22256581 -0.53038434 0.71298611
1779396356.40912485 -1.39260920 2.33427080 -0.61828198 0.40124127 0.22226124 -0.53097951 0.71250694
1779396356.41942072 -1.39147680 2.33487765 -0.61222418 0.40045373 0.22370875 -0.53203930 0.71170597
1779396356.42971897 -1.38867218 2.33605319 -0.60753219 0.40009726 0.22467142 -0.53296537 0.71090987
1779396356.44005013 -1.38510697 2.33629292 -0.60928566 0.40012017 0.22431997 -0.53330674 0.71075194
1779396356.45035648 -1.38118134 2.33731621 -0.60738547 0.39971787 0.22475585 -0.53426562 0.71012019
1779396356.46061993 -1.37812039 2.33844004 -0.60256566 0.39953580 0.22565853 -0.53508492 0.70931904
1779396356.47091746 -1.37390511 2.33969912 -0.60015297 0.39909143 0.22620159 -0.53615373 0.70858877
1779396356.48128986 -1.37332799 2.33836355 -0.60259036 0.39853737 0.22613113 -0.53636250 0.70876508
1779396356.49159813 -1.36944459 2.34025890 -0.59649108 0.39836515 0.22720372 -0.53742228 0.70771532
1779396356.50188804 -1.36529112 2.34078656 -0.59651094 0.39773494 0.22739175 -0.53845580 0.70722363
1779396356.51219463 -1.36148805 2.34167564 -0.59618488 0.39742196 0.22748285 -0.53925201 0.70676347
1779396356.52255034 -1.36010166 2.34145464 -0.59184986 0.39693067 0.22855653 -0.53991611 0.70618592
1779396356.53285503 -1.35591109 2.34254849 -0.58897192 0.39656358 0.22915210 -0.54092479 0.70542683
1779396356.54321575 -1.35382611 2.34352273 -0.58186260 0.39594907 0.23067446 -0.54203478 0.70442311
1779396356.55356669 -1.35260605 2.34355675 -0.58049595 0.39569116 0.23104216 -0.54243021 0.70414309
1779396356.56386662 -1.34685068 2.34575724 -0.57449690 0.39517414 0.23217635 -0.54399148 0.70285476
1779396356.57416892 -1.34103784 2.34808069 -0.57061890 0.39504962 0.23274498 -0.54520380 0.70179654
1779396356.58448792 -1.33978003 2.34870736 -0.56479518 0.39443297 0.23404378 -0.54612278 0.70099647
1779396356.59481597 -1.33494382 2.35016282 -0.56160818 0.39406317 0.23464380 -0.54728289 0.70009853
1779396356.60510588 -1.33112818 2.35157737 -0.55589862 0.39379296 0.23569811 -0.54832511 0.69908017
1779396356.61542749 -1.32718062 2.35301436 -0.55043996 0.39317247 0.23683091 -0.54964919 0.69800595
1779396356.62567210 -1.32280400 2.35457383 -0.54750128 0.39306730 0.23726636 -0.55055724 0.69720119
1779396356.63589954 -1.31882783 2.35576570 -0.54295401 0.39289799 0.23808137 -0.55148097 0.69628814
1779396356.64618087 -1.31310311 2.35793254 -0.53813205 0.39254788 0.23889335 -0.55286678 0.69510751
1779396356.65642548 -1.30901660 2.35899107 -0.53681868 0.39259051 0.23900469 -0.55350576 0.69453641
1779396356.66673088 -1.30771345 2.35862979 -0.53265751 0.39195825 0.24010006 -0.55425153 0.69392070
1779396356.67707205 -1.30107191 2.36121982 -0.52806367 0.39192124 0.24069786 -0.55555317 0.69269254
1779396356.68741083 -1.29695406 2.36309040 -0.52255777 0.39188240 0.24155001 -0.55650395 0.69165391
1779396356.68755817 -1.29528978 2.36418681 -0.51879069 0.39199123 0.24209796 -0.55688613 0.69109282
1779396356.69767523 -1.29448864 2.36286344 -0.52131124 0.39143728 0.24198531 -0.55718585 0.69120467
1779396356.70800853 -1.28563508 2.36833834 -0.50646380 0.39176594 0.24406939 -0.55915113 0.68869412
1779396356.71826530 -1.28178454 2.36851400 -0.50671561 0.39154588 0.24408143 -0.55980018 0.68828762
1779396356.72850800 -1.27900500 2.36914331 -0.50406105 0.39111553 0.24468407 -0.56062725 0.68764485
