1778702175.35562825 -1.53972691 2.40532277 2.27272193 0.25575882 0.56863785 -0.68166695 0.38284278
1778702175.38895702 -1.53466633 2.41016152 2.27281387 0.25569788 0.56865499 -0.68210735 0.38207286
1778702175.42228651 -1.52631073 2.41309606 2.27619045 0.25546721 0.56906387 -0.68242205 0.38105505
1778702175.45561457 -1.51573258 2.41271538 2.28129289 0.25457780 0.56943951 -0.68312750 0.37982312
1778702175.48894358 -1.50504651 2.41222153 2.28658648 0.25396110 0.56993866 -0.68383097 0.37821805
1778702175.52227211 -1.48933952 2.41897331 2.28769680 0.25442463 0.56961922 -0.68474304 0.37673467
1778702175.55560136 -1.48393662 2.42376698 2.28680833 0.25495126 0.56944880 -0.68515049 0.37589457
1778702175.58892965 -1.48478426 2.42218763 2.28606350 0.25510559 0.56939698 -0.68493875 0.37625407
1778702175.62225819 -1.49024509 2.41971605 2.27968577 0.25538729 0.56873881 -0.68499080 0.37696300
1778702175.65558696 -1.49727510 2.41948236 2.27571624 0.25589757 0.56830251 -0.68476630 0.37768214
1778702175.68891501 -1.50120493 2.41834529 2.27398029 0.25720833 0.56803585 -0.68414859 0.37831185
1778702175.72224307 -1.51227934 2.41754775 2.27117305 0.25918750 0.56786833 -0.68298026 0.37932224
1778702175.75557160 -1.52873908 2.41219296 2.25956470 0.26346497 0.56640491 -0.68121563 0.38172891
1778702175.78889942 -1.55929337 2.41103939 2.24019349 0.27005152 0.56417329 -0.67848928 0.38527000
1778702175.82222724 -1.60998524 2.40590975 2.20730118 0.27836833 0.56056069 -0.67497835 0.39075187
1778702175.85555530 -1.67760166 2.39318995 2.17002849 0.28839681 0.55598380 -0.67003974 0.39844203
1778702175.88888192 -1.75247382 2.37499525 2.12772057 0.30110804 0.55164924 -0.66268717 0.40726254
1778702175.92220974 -1.84529453 2.35344502 2.08117827 0.31540252 0.54788113 -0.65354811 0.41619993
1778702175.95553732 -1.90064524 2.32595005 2.03137573 0.33348091 0.54186310 -0.64292770 0.42640221
1778702175.98886466 -1.99557032 2.29306643 1.97348544 0.34852087 0.53722897 -0.63166412 0.43694242
1778702176.02219224 -2.08879238 2.25633180 1.90902711 0.36417433 0.53214679 -0.61945503 0.44774135
1778702176.05551934 -2.19113127 2.22283233 1.84811481 0.37875812 0.52694493 -0.60731610 0.45829955
1778702176.08884621 -2.27551490 2.19025058 1.77241720 0.39197576 0.52164648 -0.59425045 0.47021948
1778702176.12217331 -2.36618018 2.15111031 1.69067995 0.40338343 0.51617721 -0.58236854 0.48134165
1778702176.15550017 -2.46458207 2.12029718 1.60552723 0.41293427 0.51156572 -0.57058480 0.49215727
1778702176.18882704 -2.54201115 2.09086347 1.52768560 0.42280580 0.50615917 -0.55893124 0.50262711
1778702176.22215557 -2.62947107 2.04974550 1.43705887 0.42981352 0.50135163 -0.54875175 0.51261915
1778702176.25548506 -2.67715591 2.02698356 1.37001534 0.44038214 0.49517164 -0.53729601 0.52171028
1778702176.28881454 -2.73271663 2.00818977 1.28823884 0.45088788 0.48875080 -0.52653662 0.52969988
1778702176.32214260 -2.79466906 1.97865000 1.19945317 0.46045028 0.48287693 -0.51505221 0.53808608
1778702176.35547113 -2.83507342 1.96388637 1.12675677 0.47226021 0.47557259 -0.50381992 0.54494632
1778702176.38880038 -2.86631425 1.93939477 1.04213201 0.48304629 0.46770981 -0.49267737 0.55243355
1778702176.42212915 -2.88408941 1.95001444 0.96523486 0.49527715 0.45907108 -0.48198280 0.55825341
1778702176.45545793 -2.95817294 2.01067224 0.86756274 0.50356652 0.45668469 -0.47138203 0.56183525
1778702176.48878646 -2.96534181 2.01621514 0.78976163 0.51147661 0.44759886 -0.46330573 0.56867806
1778702176.52211523 -3.02952552 2.06841396 0.71290857 0.51699850 0.44621052 -0.45420213 0.57210939
1778702176.55544329 -3.05043320 2.07463049 0.64474306 0.52181687 0.44125478 -0.44632440 0.57775073
1778702176.58877206 -3.07825128 2.07648508 0.58321422 0.52566165 0.43713243 -0.44044321 0.58189763
1778702176.62210011 -3.07973534 2.03160964 0.53682495 0.52869484 0.43207715 -0.43500173 0.58699625
1778702176.65542793 -3.10544880 1.94586184 0.51997352 0.52979151 0.42780930 -0.43121843 0.59190440
1778702176.68875599 -3.04699644 1.88194753 0.52120618 0.53524976 0.41913798 -0.42864578 0.59505785
1778702176.72208428 -3.12496375 1.90999339 0.52993257 0.53692247 0.42476114 -0.42406984 0.59283809
1778702176.75541210 -3.11341505 1.91806061 0.52800730 0.53981281 0.42555375 -0.42000973 0.59253520
1778702176.78873873 -3.11626149 1.93746238 0.53402461 0.54148051 0.42673013 -0.41763495 0.59184568
1778702176.82206631 -3.13658643 1.91452104 0.54483035 0.53955923 0.42879740 -0.41768911 0.59206793
1778702176.85539365 -3.11021619 1.83748068 0.55425078 0.53717125 0.42667793 -0.42040535 0.59384538
1778702176.88872099 -3.07822646 1.81618966 0.53797167 0.53527082 0.42829590 -0.42030198 0.59446952
1778702176.92204833 -3.07940461 1.80794525 0.55826289 0.53273909 0.43098608 -0.42140998 0.59401489
1778702176.95537543 -3.11526626 1.79723730 0.59404505 0.52801388 0.43304514 -0.42505535 0.59413904
1778702176.98870254 -3.13024770 1.80714470 0.62376458 0.52648625 0.43587577 -0.42628569 0.59254118
1778702177.02202964 -3.20548711 1.86183208 0.66374664 0.52444173 0.44299915 -0.42754723 0.58814624
1778702177.05535650 -3.16654043 1.81823590 0.66952058 0.52186280 0.44142212 -0.43018789 0.58969832
1778702177.08868313 -3.13763789 1.79130970 0.68343408 0.52035529 0.44204252 -0.43184018 0.58935799
1778702177.12200999 -3.13613532 1.78452088 0.70509106 0.51825197 0.44487764 -0.43307195 0.58817299
1778702177.15533662 -3.13486623 1.78253983 0.72594133 0.51620489 0.44657323 -0.43524421 0.58708375
1778702177.18866301 -3.16228620 1.80419878 0.75466397 0.51428483 0.44933799 -0.43736314 0.58508116
1778702177.22201943 -3.12314172 1.78563989 0.72945248 0.51247493 0.44734254 -0.43968814 0.58645412
1778702177.25539279 -3.17653089 1.82339412 0.74336394 0.50984706 0.45162710 -0.44152398 0.58407663
1778702177.28876686 -3.18240316 1.81742965 0.75514541 0.50730757 0.45190008 -0.44359474 0.58450753
1778702177.32214069 -3.17052747 1.82028645 0.75258119 0.50715288 0.45183587 -0.44446800 0.58402783
1778702177.35551548 -3.19344646 1.83607313 0.77248267 0.50663787 0.45469468 -0.44379314 0.58276793
1778702177.38889074 -3.20133928 1.82079859 0.77743148 0.50540894 0.45515461 -0.44467122 0.58280665
1778702177.42226624 -3.18635324 1.80887534 0.78440711 0.50575093 0.45522504 -0.44399438 0.58297096
1778702177.45564222 -3.20570876 1.79492364 0.79364995 0.50508383 0.45751982 -0.44476274 0.58116439
1778702177.48901892 -3.14354734 1.76130271 0.78697566 0.50695747 0.45539439 -0.44296820 0.58257123
1778702177.52239609 -3.13973634 1.73344299 0.80198175 0.50610587 0.45714868 -0.44251946 0.58227867
1778702177.55577326 -3.14776060 1.74225321 0.81347568 0.50532337 0.45946348 -0.44271593 0.58098555
1778702177.58915138 -3.14223431 1.73880958 0.81580584 0.50412045 0.45975040 -0.44336786 0.58130636
1778702177.62252975 -3.14382674 1.73541158 0.82387319 0.50250486 0.46054077 -0.44383211 0.58172513
1778702177.65590739 -3.14175165 1.71649915 0.81603455 0.50103734 0.46015166 -0.44563594 0.58191979
1778702177.68928695 -3.13607241 1.71812870 0.82351645 0.50049565 0.46008769 -0.44642905 0.58182861
1778702177.72266698 -3.13588291 1.71054373 0.82351050 0.49913902 0.46007569 -0.44781415 0.58193907
1778702177.75604701 -3.15038654 1.74340682 0.84409868 0.49901313 0.46265335 -0.44839448 0.57955169
1778702177.78942776 -3.14376874 1.74353446 0.85677902 0.49826093 0.46309945 -0.44906573 0.57932281
1778702177.82280922 -3.13265227 1.74514587 0.86180532 0.49751673 0.46284381 -0.45164705 0.57815884
1778702177.85619092 -3.10925702 1.75243987 0.86864968 0.49769381 0.46177885 -0.45343808 0.57745569
1778702177.88957286 -3.11817794 1.76739171 0.87201533 0.49564710 0.46231697 -0.45612400 0.57666963
1778702177.92295551 -3.09447194 1.77520846 0.87362832 0.49564157 0.46010816 -0.45847093 0.57657985
1778702177.95633888 -3.10192949 1.79042943 0.88410461 0.49298649 0.46131474 -0.46178251 0.57524772
1778702177.98972249 -3.08657730 1.80298299 0.90545534 0.48873551 0.46193380 -0.46707720 0.57410248
1778702178.02310610 -3.06567463 1.82143274 0.93380194 0.48414435 0.46277383 -0.47349481 0.57205532
1778702178.05649090 -3.04337684 1.83442590 0.97394099 0.48010151 0.46507567 -0.47922806 0.56881247
1778702178.08987594 -3.02597606 1.82905952 1.02906476 0.47636900 0.47032028 -0.48269864 0.56468879
1778702178.12326026 -3.00211052 1.83057729 1.08347683 0.47227835 0.47483499 -0.48748493 0.56021721
1778702178.15664601 -2.95865835 1.83533625 1.13526341 0.46793130 0.47813758 -0.49256173 0.55660371
1778702178.19003248 -2.94448146 1.84469533 1.19251948 0.46181947 0.48440195 -0.49764979 0.55174470
1778702178.22338581 -2.93783331 1.85703052 1.24869347 0.45680286 0.49183960 -0.50226425 0.54511979
1778702178.25672245 -2.90804276 1.85820573 1.30038121 0.45286839 0.49675101 -0.50611916 0.54036289
1778702178.29005957 -2.87735411 1.86598542 1.34051140 0.44924585 0.49975787 -0.51069961 0.53628924
1778702178.32339644 -2.85145977 1.87492757 1.36819335 0.44640769 0.50179352 -0.51437140 0.53324057
1778702178.35673356 -2.83368962 1.88912036 1.38824222 0.44441310 0.50334925 -0.51743180 0.53047229
1778702178.39007044 -2.81322105 1.90103534 1.40153665 0.44322637 0.50390478 -0.52021433 0.52821151
1778702178.42340755 -2.79134428 1.91260761 1.40981850 0.44317898 0.50400095 -0.52227800 0.52611893
1778702178.45674396 -2.77859293 1.92085320 1.41812405 0.44378090 0.50467780 -0.52309168 0.52415067
1778702178.49008083 -2.76696927 1.92324656 1.41901829 0.44449552 0.50487193 -0.52339494 0.52305430
1778702178.52341771 -2.75646056 1.92461486 1.41961491 0.44720358 0.50499795 -0.52254308 0.52147364
1778702178.55675316 -2.74867564 1.92967971 1.40898806 0.45066193 0.50385836 -0.52149944 0.52064278
1778702178.59008980 -2.74140707 1.93979521 1.39085489 0.45401448 0.50170801 -0.52090703 0.52039965
1778702178.62342668 -2.73775187 1.94673636 1.37045195 0.45694998 0.49966024 -0.51998178 0.52072576
1778702178.65676332 -2.73806316 1.95355879 1.34410383 0.45884169 0.49716109 -0.51929517 0.52213760
1778702178.69010019 -2.73560618 1.96551559 1.30763237 0.46051090 0.49317508 -0.51960919 0.52413199
1778702178.72343636 -2.73405408 1.98465684 1.28062125 0.46406062 0.48978705 -0.51924761 0.52453627
1778702178.75677323 -2.73433500 1.99059842 1.25513998 0.46773113 0.48733128 -0.51784397 0.52495088
1778702178.79010963 -2.74050348 1.99315281 1.23113439 0.47017708 0.48569804 -0.51616291 0.52593419
1778702178.82344580 -2.75318500 1.99229052 1.21034305 0.47240317 0.48496905 -0.51368961 0.52703250
1778702178.85678220 -2.76822041 1.98037687 1.19361632 0.47472388 0.48536161 -0.51028945 0.52788826
1778702178.89011884 -2.74851827 1.96608928 1.19827859 0.47839668 0.48397286 -0.50669392 0.52930914
1778702178.92345476 -2.75570542 1.95726216 1.19406502 0.47939972 0.48449942 -0.50486710 0.52966540
1778702178.95679116 -2.75611853 1.94585407 1.17900470 0.48086519 0.48549050 -0.50274497 0.52944795
1778702178.99012637 -2.76003661 1.93396841 1.17314547 0.48316871 0.48679416 -0.50009587 0.52866206
1778702179.02346277 -2.76427143 1.92315319 1.16690728 0.48519731 0.48799846 -0.49772498 0.52793079
1778702179.05679917 -2.77004424 1.90944748 1.16426557 0.48650374 0.48978341 -0.49544953 0.52721542
1778702179.09013510 -2.77406948 1.90045895 1.15934091 0.48705490 0.49093649 -0.49426122 0.52674921
1778702179.12347150 -2.77491943 1.90151497 1.14962400 0.48677986 0.49073386 -0.49479485 0.52669128
1778702179.15680718 -2.77114999 1.90844050 1.14239593 0.48643161 0.49026422 -0.49624329 0.52608733
1778702179.19014335 -2.76701504 1.91455231 1.14102113 0.48657294 0.49040116 -0.49740270 0.52473235
1778702179.22348070 -2.76356802 1.91872532 1.14082359 0.48642906 0.49088244 -0.49867852 0.52320257
1778702179.25681853 -2.76196115 1.92044572 1.14273016 0.48518378 0.49180688 -0.50024596 0.52199299
1778702179.29015660 -2.75974259 1.92630383 1.14446614 0.48363106 0.49252324 -0.50243710 0.52065230
1778702179.32349443 -2.75462782 1.93897173 1.14349985 0.48130098 0.49248802 -0.50592140 0.51946939
1778702179.35683227 -2.74604479 1.95501935 1.14413096 0.47787257 0.49232475 -0.51063413 0.51817655
1778702179.39017034 -2.71204286 1.96912594 1.14780671 0.47453551 0.49131144 -0.51582250 0.51706505
1778702179.42350841 -2.69496623 1.98584415 1.16495682 0.46949211 0.49292943 -0.52170208 0.51422240
1778702179.45684528 -2.69581171 2.00489903 1.18299922 0.46309739 0.49630926 -0.52818472 0.51013609
1778702179.49018288 -2.69220241 2.01899081 1.20296863 0.45668641 0.50125606 -0.53411748 0.50487465
1778702179.52352047 -2.65016634 2.00354961 1.25392187 0.45169663 0.50450476 -0.53796700 0.50203247
1778702179.55685830 -2.65765532 2.01655085 1.27789545 0.44545530 0.51083745 -0.54309887 0.49563928
1778702179.59019613 -2.64240690 2.01323020 1.31207642 0.43964074 0.51547135 -0.54735651 0.49133101
1778702179.62353373 -2.62949847 1.99667402 1.35515976 0.43415548 0.52185970 -0.54998017 0.48651134
1778702179.65687132 -2.61525452 1.97473719 1.40722225 0.43082375 0.52931302 -0.55100858 0.48021679
1778702179.69020891 -2.56476890 1.94219145 1.46535290 0.43145884 0.53457600 -0.54975268 0.47523022
1778702179.72354674 -2.54111656 1.93017911 1.50940114 0.43240391 0.54058607 -0.54903618 0.46835118
1778702179.75688410 -2.53374819 1.90866927 1.54083058 0.43236194 0.54610335 -0.54860190 0.46246107
1778702179.79022169 -2.52321251 1.89309053 1.56681887 0.43230930 0.55074234 -0.54792610 0.45778656
1778702179.82355905 -2.51491192 1.88585498 1.57865442 0.43196544 0.55351191 -0.54801150 0.45465791
1778702179.85689640 -2.50658042 1.89166855 1.57589198 0.43132907 0.55390240 -0.54949958 0.45298740
1778702179.89023280 -2.50172071 1.90161115 1.56222781 0.42866375 0.55305798 -0.55213545 0.45334391
1778702179.92357063 -2.49934547 1.90371236 1.55114734 0.42555964 0.55304772 -0.55402886 0.45397052
1778702179.95690775 -2.49754962 1.90186222 1.54131248 0.42356090 0.55343935 -0.55484619 0.45436412
1778702179.99024487 -2.49745105 1.89647095 1.53047168 0.42394569 0.55397424 -0.55385294 0.45456519
1778702180.02358222 -2.49968184 1.89232129 1.51404427 0.42610913 0.55396401 -0.55199211 0.45481820
1778702180.05691957 -2.50462631 1.88914495 1.49015767 0.42830746 0.55302756 -0.54994775 0.45636685
1778702180.09025693 -2.51121186 1.89057369 1.45874405 0.43115149 0.55115495 -0.54789052 0.45842404
1778702180.12359405 -2.51899117 1.88745658 1.43329796 0.43485244 0.54912359 -0.54501260 0.46079053
1778702180.15693140 -2.52761089 1.88011486 1.40148914 0.43779230 0.54752684 -0.54203540 0.46341115
1778702180.19026852 -2.53493429 1.87917045 1.35572331 0.43985060 0.54497256 -0.54003879 0.46679166
1778702180.22361970 -2.53937683 1.88403491 1.30806141 0.44213081 0.54126404 -0.53872074 0.47046100
1778702180.25697803 -2.54313513 1.88677931 1.26221937 0.44435626 0.53785594 -0.53714223 0.47406405
1778702180.29033637 -2.54730847 1.88786237 1.23184547 0.44719117 0.53504001 -0.53494902 0.47705534
1778702180.32369423 -2.54540231 1.89286952 1.19261223 0.45020280 0.53195857 -0.53330843 0.47949935
1778702180.35705304 -2.54171956 1.89936267 1.15001508 0.45230522 0.52854713 -0.53223716 0.48247438
1778702180.39041233 -2.53674329 1.90600082 1.10018847 0.45368611 0.52447107 -0.53175249 0.48614637
1778702180.42377186 -2.53007703 1.91604053 1.05367080 0.45446768 0.52033851 -0.53194666 0.48963222
1778702180.45713139 -2.52086820 1.92627737 1.01395241 0.45536460 0.51677740 -0.53218688 0.49230206
1778702180.49049139 -2.51732211 1.93899015 0.98724151 0.45678209 0.51437209 -0.53200547 0.49370199
1778702180.52385163 -2.50458062 1.95196930 0.95618614 0.45910164 0.51141255 -0.53185012 0.49479122
1778702180.55721211 -2.49237155 1.96420881 0.92781236 0.46163014 0.50880816 -0.53148929 0.49551085
1778702180.59057283 -2.47535644 1.97435119 0.88714360 0.46408114 0.50550889 -0.53136571 0.49672924
1778702180.62393355 -2.46380669 1.98865811 0.84688822 0.46652177 0.50121409 -0.53151845 0.49862814
1778702180.65729499 -2.45316767 2.00120110 0.80445867 0.46969268 0.49682760 -0.53092595 0.50066831
1778702180.69065619 -2.44832411 1.99993526 0.77380147 0.47286202 0.49483452 -0.52846484 0.50226012
1778702180.72401786 -2.44788506 1.99138638 0.75463143 0.47443614 0.49470771 -0.52590853 0.50358203
1778702180.75737977 -2.44737724 1.98993443 0.73851350 0.47558429 0.49489950 -0.52401867 0.50428019
1778702180.79074073 -2.44480174 1.98606437 0.72498808 0.47643233 0.49514797 -0.52255986 0.50474937
1778702180.82410336 -2.44370591 1.97916603 0.71470152 0.47664294 0.49603274 -0.52115558 0.50513353
1778702180.85746574 -2.43687254 1.96858956 0.69644538 0.47672835 0.49585803 -0.52021315 0.50619479
1778702180.89082837 -2.43280371 1.96702751 0.67405313 0.47706101 0.49482240 -0.51976880 0.50734996
1778702180.92419171 -2.43002377 1.96373581 0.65318320 0.47733213 0.49418043 -0.51913316 0.50837045
1778702180.95755482 -2.42757380 1.95947084 0.63804302 0.47713022 0.49436297 -0.51870165 0.50882277
1778702180.99091816 -2.42440358 1.95610219 0.62436155 0.47634529 0.49468371 -0.51889380 0.50905050
1778702181.02428198 -2.42087886 1.95075716 0.61727823 0.47523337 0.49596864 -0.51924316 0.50848293
1778702181.05764627 -2.41730570 1.94592345 0.61575191 0.47404346 0.49793197 -0.51995393 0.50694621
1778702181.09101033 -2.40967015 1.94743259 0.61520728 0.47250766 0.49945205 -0.52189809 0.50488270
1778702181.12437463 -2.40103547 1.94655850 0.61491153 0.47011525 0.50107909 -0.52437224 0.50293651
1778702181.15773940 -2.39298523 1.94533274 0.61290895 0.46700953 0.50259355 -0.52731747 0.50123658
1778702181.19110441 -2.37463711 1.94559460 0.61052187 0.46354466 0.50345779 -0.53071178 0.50000161
1778702181.22445273 -2.36352749 1.95152336 0.61108199 0.46024129 0.50486635 -0.53452458 0.49756547
1778702181.25779366 -2.34820492 1.95245151 0.61519488 0.45751891 0.50676837 -0.53759168 0.49483073
1778702181.29113483 -2.34019292 1.95134888 0.62681329 0.45557035 0.51036532 -0.53942323 0.49092308
1778702181.32447577 -2.33204089 1.94607521 0.64142192 0.45374259 0.51467858 -0.54042572 0.48699452
1778702181.35781693 -2.32403101 1.94426900 0.64338378 0.45042493 0.51735512 -0.54283692 0.48455046
1778702181.39115787 -2.31479670 1.94738220 0.63804087 0.44658616 0.51796542 -0.54657931 0.48324289
1778702181.42449927 -2.30706964 1.94886678 0.62866919 0.44215783 0.51854140 -0.55040125 0.48235852
1778702181.45784044 -2.29712911 1.95125918 0.62295312 0.43846965 0.51942461 -0.55395393 0.48070520
1778702181.49118137 -2.28624772 1.95812768 0.62773770 0.43812877 0.52170080 -0.55514748 0.47716112
1778702181.52452278 -2.27328417 1.96227347 0.63128472 0.43852627 0.52367165 -0.55602583 0.47360108
1778702181.55786371 -2.26518698 1.96272270 0.62919656 0.43820191 0.52559220 -0.55655649 0.47114413
1778702181.59120488 -2.26103212 1.95692304 0.62973703 0.43768521 0.52822411 -0.55599806 0.46933688
1778702181.62454581 -2.26094268 1.95172799 0.63243015 0.43723259 0.53005747 -0.55572077 0.46801833
1778702181.65788627 -2.25976672 1.94660616 0.61814805 0.43585798 0.53085643 -0.55583184 0.46826300
1778702181.69122720 -2.26075312 1.93933055 0.59699920 0.43425186 0.53117899 -0.55571279 0.46952902
1778702181.72456837 -2.26104826 1.93041377 0.57562834 0.43232356 0.53162885 -0.55561697 0.47091070
1778702181.75790954 -2.26307278 1.92271268 0.54967658 0.43023856 0.53175445 -0.55509779 0.47328472
1778702181.79125071 -2.26549045 1.90899217 0.52319422 0.42907777 0.53216432 -0.55359472 0.47563251
1778702181.82459188 -2.27062120 1.88989650 0.49973735 0.42840783 0.53323470 -0.55085498 0.47821154
1778702181.85793281 -2.27703963 1.86625134 0.47483323 0.42804589 0.53439824 -0.54767608 0.48088060
1778702181.89127421 -2.28165438 1.84374873 0.44996765 0.42878029 0.53557694 -0.54352434 0.48361771
1778702181.92461538 -2.28703707 1.82661703 0.42853987 0.43009378 0.53674113 -0.53905249 0.48615913
1778702181.95795655 -2.28733442 1.81007187 0.39965069 0.43144913 0.53694532 -0.53518500 0.48899733
1778702181.99129748 -2.28372446 1.80250065 0.35618259 0.43086493 0.53442511 -0.53426884 0.49325655
1778702182.02463865 -2.27429412 1.80365885 0.30936743 0.43058864 0.53076131 -0.53456887 0.49711364
1778702182.05797982 -2.25995356 1.80119392 0.25868666 0.43093768 0.52681359 -0.53502933 0.50050352
1778702182.09132099 -2.24216088 1.81178719 0.20680828 0.43431329 0.52205960 -0.53446646 0.50316135
1778702182.12466121 -2.23062212 1.82792590 0.15415572 0.43829318 0.51694935 -0.53335078 0.50616143
1778702182.15800214 -2.21497604 1.83607372 0.09385821 0.44231319 0.51153816 -0.53164484 0.50994266
1778702182.19134331 -2.19932830 1.84240648 0.04407000 0.44881288 0.50789125 -0.52721594 0.51250057
1778702182.22468424 -2.18031703 1.85349030 -0.00762408 0.45628225 0.50375567 -0.52266732 0.51464124
1778702182.25802541 -2.15911506 1.86600908 -0.05134755 0.46495817 0.49984985 -0.51759185 0.51581266
1778702182.29136634 -2.13899129 1.87582410 -0.09486795 0.47291759 0.49611517 -0.51252036 0.51724421
1778702182.32470751 -2.12036511 1.88550504 -0.13249523 0.48088869 0.49289841 -0.50723535 0.51817905
1778702182.35804868 -2.10293002 1.89447245 -0.17535132 0.48738746 0.48877704 -0.50314667 0.51999413
1778702182.39138961 -2.08361326 1.90352104 -0.21511491 0.49332209 0.48532623 -0.49917137 0.52145922
1778702182.42473078 -2.07263061 1.90586557 -0.24120997 0.49846169 0.48408945 -0.49463534 0.52204332
1778702182.45807171 -2.06031158 1.91102500 -0.26670946 0.50300413 0.48255686 -0.49132389 0.52223228
1778702182.49141288 -2.04619220 1.91884418 -0.29555339 0.50688536 0.48001185 -0.48928217 0.52274163
1778702182.52475381 -2.02827535 1.92350832 -0.31757499 0.51047099 0.47754499 -0.48759648 0.52308683
1778702182.55809402 -2.01721006 1.92691475 -0.34491027 0.51236112 0.47542250 -0.48694226 0.52378121
1778702182.59143496 -2.00839798 1.92938424 -0.37065303 0.51413605 0.47387699 -0.48608293 0.52424050
1778702182.62477612 -2.00071740 1.93207051 -0.39443335 0.51620449 0.47277664 -0.48487472 0.52432020
1778702182.65811729 -1.99157210 1.94447061 -0.41577356 0.51811509 0.47209359 -0.48383296 0.52401341
1778702182.69145823 -1.99452305 1.94135237 -0.43501469 0.51823188 0.47239275 -0.48346890 0.52396434
1778702182.72479939 -1.99858704 1.93375961 -0.44658304 0.51778857 0.47416804 -0.48270375 0.52350431
1778702182.75814033 -2.00211472 1.92773373 -0.45531233 0.51679882 0.47604527 -0.48301648 0.52248920
1778702182.79148149 -1.99696199 1.91915629 -0.45763877 0.51467803 0.47728093 -0.48474935 0.52185008
1778702182.85816360 -2.00563587 1.90746280 -0.46285049 0.50798078 0.48168912 -0.49143285 0.51809736
1778702182.89150453 -2.01408703 1.91290076 -0.45813162 0.50438765 0.48496292 -0.49521227 0.51494551
1778702182.92484570 -2.02185649 1.91096883 -0.45513974 0.49988925 0.48796501 -0.49979082 0.51206446
1778702182.95818663 -2.01784784 1.91474694 -0.46012384 0.49589925 0.48976877 -0.50475373 0.50934680
1778702182.99152660 -2.01900950 1.92089255 -0.46465057 0.49189270 0.49122212 -0.50995488 0.50664428
1778702183.02486777 -2.02229377 1.92511707 -0.47702357 0.48737452 0.49195097 -0.51548332 0.50470513
1778702183.05820870 -2.02560412 1.92699067 -0.48892048 0.48335536 0.49297496 -0.52016952 0.50275933
1778702183.09154987 -2.03646177 1.92273789 -0.47963640 0.48000288 0.49566765 -0.52332772 0.50003892
1778702183.12489080 -2.03875944 1.92412767 -0.48274202 0.47815205 0.49755785 -0.52585652 0.49727430
1778702183.15823197 -2.03700835 1.93027128 -0.49174879 0.47591953 0.49904086 -0.52881326 0.49478819
1778702183.19157290 -2.03901747 1.93203529 -0.49416419 0.47422337 0.50130057 -0.53081048 0.49198594
1778702183.22491431 -2.03984342 1.93685805 -0.48983931 0.47375848 0.50452447 -0.53157370 0.48830048
1778702183.25825572 -2.03809811 1.94422112 -0.48774082 0.47436255 0.50752068 -0.53147479 0.48470350
1778702183.29159713 -2.03840291 1.95037358 -0.48360661 0.47515693 0.50975088 -0.53116599 0.48191557
1778702183.32493877 -2.03660159 1.95283039 -0.49716740 0.47538153 0.51061760 -0.53111464 0.48083188
1778702183.35828042 -2.03951061 1.94772869 -0.51320295 0.47437219 0.51174422 -0.53078896 0.48099060
1778702183.39162207 -2.04206150 1.94117667 -0.53413050 0.47255284 0.51217632 -0.53122733 0.48183685
1778702183.42496371 -2.04675313 1.93277495 -0.55320147 0.47036084 0.51230210 -0.53205644 0.48293186
1778702183.45830417 -2.05030184 1.92294349 -0.57421239 0.46831094 0.51295837 -0.53236928 0.48388173
1778702183.49164557 -2.04916217 1.91657219 -0.59762949 0.46745401 0.51309466 -0.53236302 0.48457222
1778702183.52498674 -2.04550191 1.91037752 -0.62295127 0.46723160 0.51294735 -0.53199243 0.48534905
1778702183.55832839 -2.04219425 1.90390775 -0.64580768 0.46829161 0.51346503 -0.52983274 0.48614185
1778702183.59167004 -2.03803153 1.90209241 -0.66406383 0.47044781 0.51412254 -0.52651198 0.48697229
1778702183.62501168 -2.03657694 1.89064005 -0.69235492 0.47149473 0.51424436 -0.52334972 0.48923464
1778702183.65835333 -2.03601503 1.87072501 -0.73006999 0.47057182 0.51360511 -0.52094821 0.49334056
1778702183.69169474 -2.03594264 1.84350136 -0.78131666 0.46717629 0.51077311 -0.52075541 0.49967083
1778702183.72503638 -2.03524920 1.81805092 -0.83600903 0.46345415 0.50675465 -0.52174180 0.50615755
1778702183.75837803 -2.03299736 1.79229429 -0.88381612 0.46002012 0.50441965 -0.52172447 0.51161107
1778702183.79171944 -2.02835924 1.77650213 -0.92428245 0.45745507 0.50249781 -0.52216093 0.51534335
1778702183.82506132 -2.01930310 1.76709183 -0.96422736 0.45518428 0.50000533 -0.52398527 0.51792025
1778702183.85840273 -2.00740977 1.76479343 -1.00096696 0.45417689 0.49767184 -0.52557283 0.51944133
1778702183.89174342 -1.99314565 1.76559070 -1.03379908 0.45450461 0.49520520 -0.52645088 0.52062159
1778702183.92508507 -1.96868859 1.77384240 -1.07686619 0.45730455 0.49127166 -0.52663273 0.52171130
1778702183.95842624 -1.93593447 1.78391473 -1.13152371 0.46143254 0.48511193 -0.52683541 0.52363239
1778702183.99176788 -1.90610700 1.79071710 -1.18561074 0.46581359 0.47939770 -0.52564198 0.52620913
1778702184.02510929 -1.87877164 1.79959390 -1.22054731 0.47109669 0.47647012 -0.52206621 0.52772247
1778702184.05845094 -1.85374497 1.81594064 -1.25002825 0.47732947 0.47472523 -0.51767010 0.52802481
1778702184.09179306 -1.82345017 1.83307809 -1.28659892 0.48362100 0.47124827 -0.51458509 0.52842974
1778702184.12513447 -1.79001399 1.85671244 -1.31829126 0.49102878 0.46785265 -0.51124418 0.52785795
1778702184.15847588 -1.75664378 1.87782046 -1.34945799 0.49863098 0.46423198 -0.50805627 0.52700535
1778702184.19181728 -1.72344023 1.89133776 -1.38571515 0.50355800 0.45957588 -0.50685822 0.52755482
1778702184.22515893 -1.70174150 1.89679791 -1.42769776 0.50649342 0.45481718 -0.50632524 0.52937747
1778702184.25850081 -1.68751212 1.88811816 -1.47001419 0.50726726 0.45090002 -0.50569077 0.53258421
1778702184.29184222 -1.68090709 1.87487062 -1.50849765 0.50709210 0.44842367 -0.50458057 0.53588456
1778702184.32518268 -1.66404917 1.86067745 -1.54884143 0.50730655 0.44565710 -0.50393047 0.53859437
1778702184.35852408 -1.66420247 1.85455959 -1.57560556 0.50657771 0.44498898 -0.50355559 0.54018108
1778702184.39186573 -1.67199053 1.83705463 -1.60413590 0.50373717 0.44463004 -0.50478738 0.54198034
1778702184.42520690 -1.68255405 1.82747562 -1.62069238 0.50167627 0.44571684 -0.50600515 0.54186365
1778702184.45854831 -1.69924715 1.80491984 -1.63282237 0.49871916 0.44718042 -0.50811791 0.54141026
1778702184.49188995 -1.71341700 1.79898570 -1.64196258 0.49608247 0.44988417 -0.51022114 0.53961172
1778702184.52523136 -1.73403180 1.78957239 -1.65611277 0.49224385 0.45137410 -0.51390902 0.53838178
1778702184.55857325 -1.75226987 1.77437662 -1.67528252 0.48777402 0.45157100 -0.51856027 0.53782467
1778702184.59191465 -1.77219393 1.75974858 -1.69246017 0.48298882 0.45201946 -0.52340050 0.53707739
1778702184.62525606 -1.79437716 1.74285896 -1.69643055 0.47772711 0.45338386 -0.52825829 0.53587598
1778702184.65859747 -1.81554334 1.72949836 -1.71415971 0.47274315 0.45507739 -0.53218755 0.53497187
1778702184.69193888 -1.83979025 1.70971354 -1.73232407 0.46672092 0.45552631 -0.53743727 0.53462934
1778702184.72528052 -1.85756682 1.69606533 -1.75082900 0.46256864 0.45577284 -0.54153359 0.53389395
1778702184.75862241 -1.87951035 1.67593934 -1.77345048 0.45799397 0.45602967 -0.54457000 0.53452968
1778702184.79196239 -1.89543397 1.65624600 -1.78803177 0.45457859 0.45710375 -0.54611063 0.53495575
1778702184.82530427 -1.91389037 1.64704161 -1.79723792 0.45259521 0.45990406 -0.54599594 0.53435406
1778702184.85864568 -1.92631902 1.64788043 -1.80509923 0.45254325 0.46317681 -0.54424628 0.53335525
1778702184.89198732 -1.93152016 1.65251494 -1.81701571 0.45380115 0.46584878 -0.54164972 0.53260211
1778702184.92532873 -1.94130397 1.65032006 -1.82596369 0.45442222 0.46874595 -0.53852134 0.53270297
1778702184.95867014 -1.94894518 1.64310367 -1.84342516 0.45333777 0.47027266 -0.53683352 0.53398339
1778702184.99201179 -1.95360142 1.62910708 -1.86730011 0.45195049 0.47073853 -0.53570501 0.53587884
1778702185.02535343 -1.96009870 1.60968573 -1.89169586 0.44956631 0.47101644 -0.53536940 0.53797143
1778702185.05869508 -1.97272406 1.58583149 -1.91304459 0.44624183 0.47213506 -0.53514176 0.53998149
1778702185.09203672 -1.98850064 1.55266597 -1.93504702 0.44209746 0.47286353 -0.53598542 0.54191286
1778702185.12537789 -1.99342921 1.53861427 -1.95461853 0.44037085 0.47359220 -0.53589622 0.54276992
1778702185.15871954 -1.99495795 1.54295080 -1.96956142 0.44102266 0.47509655 -0.53477406 0.54203228
1778702185.19206095 -1.99053999 1.54738391 -1.98415480 0.44268277 0.47661018 -0.53284539 0.54124901
1778702185.22540164 -1.98245517 1.55200250 -2.00234757 0.44491732 0.47751054 -0.53057609 0.54085236
1778702185.25874376 -1.97240563 1.54136084 -2.02233859 0.44632497 0.47757780 -0.52884832 0.54132515
1778702185.29208517 -1.95868129 1.53509616 -2.05382537 0.44757115 0.47617088 -0.52781261 0.54254513
1778702185.32542706 -1.93880856 1.53203082 -2.08869031 0.44966704 0.47392645 -0.52688364 0.54367904
1778702185.35876822 -1.91460785 1.52798752 -2.12968044 0.45173964 0.47015393 -0.52676490 0.54534881
1778702185.39211011 -1.89284186 1.52295683 -2.16727225 0.45376530 0.46751264 -0.52544282 0.54721004
1778702185.42545199 -1.86619284 1.52873915 -2.19656376 0.45730080 0.46632442 -0.52258453 0.54801727
1778702185.45879364 -1.84980749 1.53990292 -2.22805102 0.45973167 0.46467536 -0.52141910 0.54849405
1778702185.49213529 -1.82579920 1.55650153 -2.25559097 0.46373553 0.46352712 -0.51933987 0.54806757
1778702185.52547669 -1.79560376 1.57321026 -2.28751356 0.46812845 0.46113490 -0.51774209 0.54786266
1778702185.55881858 -1.77247533 1.57938307 -2.31979237 0.47071891 0.45900585 -0.51652524 0.54857908
1778702185.59216046 -1.74772920 1.56829467 -2.34792826 0.47248461 0.45753609 -0.51461313 0.55008394
1778702185.62550211 -1.73291467 1.57866721 -2.36896804 0.47523020 0.45778271 -0.51188989 0.55005454
1778702185.65884304 -1.71597604 1.59355446 -2.39003328 0.47843579 0.45778424 -0.50921505 0.54975705
1778702185.69218445 -1.70013988 1.61202654 -2.40880690 0.48205678 0.45807616 -0.50627088 0.54906947
1778702185.72552609 -1.68156068 1.63040368 -2.42884398 0.48540779 0.45771182 -0.50379560 0.54869770
1778702185.75886798 -1.66040426 1.63560612 -2.44990213 0.48830746 0.45648550 -0.50196889 0.54882059
1778702185.79220986 -1.64521823 1.63610743 -2.47637496 0.48957781 0.45483532 -0.50146353 0.54952045
1778702185.82555151 -1.63918448 1.62856889 -2.50434622 0.48927555 0.45305883 -0.50228040 0.55051025
1778702185.85889316 -1.63269021 1.62021794 -2.53186857 0.48903086 0.45145425 -0.50292320 0.55145819
1778702185.89223480 -1.63233542 1.61513186 -2.55424642 0.48880018 0.45098924 -0.50319833 0.55179210
1778702185.92557693 -1.63040963 1.60540878 -2.57311965 0.48832887 0.45000753 -0.50353767 0.55270060
1778702185.95891881 -1.62682094 1.59098592 -2.60022398 0.48701744 0.44854864 -0.50446810 0.55419317
1778702185.99226022 -1.63234540 1.57067094 -2.62665056 0.48493936 0.44786301 -0.50533368 0.55577910
1778702186.02560186 -1.63869394 1.55123026 -2.65250669 0.48302511 0.44713886 -0.50639889 0.55705812
1778702186.05894351 -1.64575932 1.53564915 -2.67576839 0.48137888 0.44649011 -0.50795286 0.55758842
1778702186.09228563 -1.66877650 1.52460513 -2.68341780 0.48002695 0.44752480 -0.50922426 0.55676416
1778702186.12562656 -1.68233761 1.52214011 -2.69500361 0.47877598 0.44819180 -0.51093760 0.55573414
1778702186.15896821 -1.69801019 1.51554955 -2.70854052 0.47726716 0.44873681 -0.51290840 0.55477590
1778702186.19230986 -1.71215807 1.49370173 -2.73183279 0.47427612 0.44727237 -0.51657532 0.55512118
1778702186.22565103 -1.72665514 1.46858482 -2.75712201 0.47085818 0.44527435 -0.52058298 0.55589269
1778702186.25899220 -1.74878432 1.42273000 -2.78124399 0.46601605 0.44339876 -0.52442995 0.55785285
1778702186.29233336 -1.76770320 1.38947152 -2.80667932 0.46145485 0.44194032 -0.52788538 0.55954017
1778702186.32567430 -1.79057223 1.35820246 -2.82802905 0.45712054 0.44160919 -0.53039832 0.56098107
1778702186.35901523 -1.81627022 1.32712392 -2.84687976 0.45260080 0.44219954 -0.53201064 0.56265154
1778702186.39235616 -1.84445333 1.29225921 -2.86229058 0.44775639 0.44348781 -0.53308642 0.56449238
1778702186.42569733 -1.87143563 1.26551004 -2.86585133 0.44398691 0.44591744 -0.53307318 0.56556719
1778702186.45903826 -1.88731201 1.26305754 -2.87306357 0.44256342 0.44831210 -0.53223107 0.56558285
1778702186.49237943 -1.89539432 1.27336950 -2.88220147 0.44324402 0.45052349 -0.53095087 0.56449490
1778702186.52572036 -1.89990296 1.28498364 -2.89384200 0.44415173 0.45197312 -0.53023658 0.56329274
1778702186.55906057 -1.89845385 1.30313318 -2.90762698 0.44621745 0.45347443 -0.52833424 0.56224004
1778702186.59240150 -1.90460383 1.30257460 -2.91627021 0.44719691 0.45476310 -0.52739716 0.56129999
1778702186.62574244 -1.90371666 1.31322163 -2.93004201 0.44830524 0.45561625 -0.52668428 0.56039264
1778702186.65908360 -1.90723606 1.31037637 -2.94785497 0.44779603 0.45578661 -0.52720168 0.56017468
1778702186.69242454 -1.91518458 1.30495264 -2.96181270 0.44680088 0.45648392 -0.52772877 0.55990513
1778702186.72576571 -1.91756816 1.30090640 -2.97854494 0.44646456 0.45671878 -0.52803766 0.55969062
1778702186.75910664 -1.90792431 1.30057398 -2.98873493 0.44761730 0.45623097 -0.52755911 0.55961901
1778702186.79244781 -1.90587222 1.29530284 -3.00543988 0.44842900 0.45628787 -0.52673123 0.55970262
1778702186.82578874 -1.88760183 1.31773707 -3.01909336 0.45243742 0.45724398 -0.52350253 0.55872482
1778702186.85912991 -1.86888201 1.33769392 -3.03476368 0.45624317 0.45815836 -0.52014432 0.55801700
1778702186.89247084 -1.83284321 1.34232627 -3.05738041 0.45832010 0.45623157 -0.51814258 0.55975326
1778702186.92581177 -1.80316798 1.34446667 -3.08645243 0.46095945 0.45324555 -0.51691974 0.56114066
1778702186.95915294 -1.76615748 1.35923272 -3.11654764 0.46487625 0.44964673 -0.51539090 0.56221002
1778702186.99249291 -1.72054173 1.35141668 -3.15593821 0.46764448 0.44453778 -0.51424069 0.56502329
1778702187.02583408 -1.67169817 1.32612519 -3.20272056 0.46908467 0.43781832 -0.51394885 0.56932528
1778702187.05917501 -1.62420877 1.30886242 -3.24426868 0.47108430 0.43243440 -0.51228654 0.57327356
1778702187.09251618 -1.57089215 1.28777187 -3.27436464 0.47372769 0.42790284 -0.50977686 0.57672245
1778702187.12585711 -1.52458885 1.28171327 -3.30627148 0.47642427 0.42306489 -0.50832704 0.57934414
1778702187.15919805 -1.47859529 1.26692170 -3.33964328 0.47843985 0.41742734 -0.50783464 0.58219731
1778702187.19253898 -1.43388251 1.24670205 -3.37357871 0.47977681 0.41162625 -0.50771703 0.58532167
1778702187.22588015 -1.39415268 1.21098726 -3.40726227 0.47962694 0.40555798 -0.50805364 0.58937443
1778702187.25922155 -1.35594040 1.17451856 -3.43727672 0.47947557 0.39999922 -0.50766202 0.59361862
1778702187.29256248 -1.32685615 1.15222918 -3.46278568 0.47971450 0.39639902 -0.50650816 0.59681764
1778702187.32590365 -1.30078526 1.13713353 -3.48605667 0.48027721 0.39383864 -0.50472516 0.59956438
1778702187.35924482 -1.28211491 1.11338090 -3.50792723 0.47955057 0.39114975 -0.50402565 0.60248756
1778702187.39258599 -1.26949069 1.08833376 -3.52702515 0.47815496 0.38855968 -0.50422373 0.60510134
1778702187.42592692 -1.25428505 1.06469908 -3.54045599 0.47703624 0.38565209 -0.50500029 0.60719322
1778702187.45926738 -1.24928474 1.04679768 -3.55332315 0.47586549 0.38356190 -0.50622738 0.60841280
1778702187.49260831 -1.25215280 1.04022838 -3.56211644 0.47518538 0.38320367 -0.50682575 0.60867188
1778702187.52594948 -1.25978927 1.03835089 -3.56929531 0.47462195 0.38367343 -0.50728099 0.60843627
1778702187.55929089 -1.25055107 1.03251557 -3.53247671 0.47370773 0.38339669 -0.50738759 0.60923378
1778702187.59263182 -1.27767369 1.00654744 -3.57912279 0.47122301 0.38314655 -0.50941423 0.60962672
1778702187.62597346 -1.29786170 0.98204821 -3.58414634 0.46790326 0.38358460 -0.51092487 0.61064324
1778702187.65931439 -1.32614590 0.97696969 -3.58283715 0.46568022 0.38562784 -0.51215047 0.61002869
1778702187.69265556 -1.35384959 0.96971729 -3.58221498 0.46337820 0.38734946 -0.51410481 0.60904621
1778702187.72599673 -1.38773447 0.96212181 -3.57852834 0.46053821 0.38949146 -0.51618158 0.60807691
1778702187.75933790 -1.42359860 0.95117146 -3.56712093 0.45744575 0.39094384 -0.51877029 0.60727563
1778702187.79267883 -1.44519220 0.93903741 -3.56750778 0.45507359 0.39126290 -0.52113283 0.60682942
1778702187.82602024 -1.46431857 0.93006605 -3.56854319 0.45319400 0.39201488 -0.52231211 0.60673684
1778702187.85936141 -1.48814333 0.92457039 -3.56918426 0.45159167 0.39405185 -0.52245453 0.60648938
1778702187.89270139 -1.52129547 0.93310094 -3.54865957 0.45051153 0.39786674 -0.52234396 0.60489520
1778702187.92604280 -1.54830281 0.95478368 -3.53625500 0.45071043 0.40181737 -0.52221987 0.60223693
1778702187.95938373 -1.57127442 0.97543528 -3.52623448 0.45123547 0.40503923 -0.52229233 0.59961696
1778702187.99272513 -1.59564895 0.98798310 -3.51843062 0.45095910 0.40806377 -0.52243692 0.59764497
1778702188.02606606 -1.63097850 0.99998721 -3.49408770 0.45034358 0.41202335 -0.52244065 0.59538491
1778702188.05940723 -1.64887247 1.01400877 -3.48573562 0.45070356 0.41420291 -0.52256072 0.59349182
1778702188.09274840 -1.66687345 1.02203307 -3.48062623 0.45056177 0.41607631 -0.52257683 0.59227363
1778702188.12608933 -1.68287445 1.03152905 -3.47659123 0.45058665 0.41774914 -0.52264344 0.59101706
1778702188.15943074 -1.70049458 1.04040161 -3.45444670 0.45032970 0.41984560 -0.52268491 0.58968917
1778702188.19277167 -1.70935718 1.04949930 -3.44915599 0.45078504 0.42083199 -0.52275686 0.58857331
1778702188.22611332 -1.71655742 1.05705727 -3.44450348 0.45121512 0.42169970 -0.52267414 0.58769552
1778702188.25945520 -1.72205579 1.06482735 -3.44140262 0.45173613 0.42272710 -0.52187203 0.58726983
1778702188.29279733 -1.72209435 1.06687465 -3.43321405 0.45164076 0.42334069 -0.52097419 0.58769820
1778702188.32613826 -1.71753944 1.06844029 -3.43380319 0.45219462 0.42288058 -0.52047239 0.58804807
1778702188.35947967 -1.71564707 1.07645872 -3.43107166 0.45309362 0.42318505 -0.51953300 0.58796773
1778702188.39282155 -1.72093452 1.08925217 -3.42288447 0.45384802 0.42474068 -0.51850690 0.58716942
1778702188.42616367 -1.71746435 1.10187823 -3.41068535 0.45500208 0.42550663 -0.51736534 0.58672849
1778702188.45950556 -1.71504594 1.11413026 -3.40376172 0.45610921 0.42558524 -0.51729446 0.58587373
1778702188.49284720 -1.70853547 1.11987469 -3.40002564 0.45697281 0.42462538 -0.51773910 0.58550437
1778702188.52618885 -1.69725896 1.12403856 -3.39971832 0.45799216 0.42290923 -0.51838845 0.58537542
1778702188.55953097 -1.68913689 1.13358106 -3.39757472 0.45933951 0.42152374 -0.51877853 0.58497332
1778702188.59287310 -1.66709098 1.13904814 -3.38567230 0.46107052 0.42033954 -0.51810170 0.58506349
1778702188.62621450 -1.65078458 1.15154986 -3.38121394 0.46324423 0.41948566 -0.51717509 0.58477901
1778702188.65955663 -1.63652581 1.16020419 -3.37586099 0.46480782 0.41875014 -0.51637885 0.58476910
1778702188.69289875 -1.62744943 1.16892709 -3.36777579 0.46604358 0.41917197 -0.51483856 0.58484142
1778702188.72624040 -1.62245380 1.19439125 -3.34433868 0.46836014 0.42055411 -0.51317059 0.58346291
1778702188.75958228 -1.61656386 1.20549757 -3.33153188 0.46963078 0.42117646 -0.51198580 0.58303332
1778702188.79292321 -1.60603764 1.21384614 -3.32189280 0.47085112 0.42096685 -0.51136895 0.58274173
1778702188.82626510 -1.59305257 1.22724218 -3.31292879 0.47257561 0.42074937 -0.51035061 0.58239550
1778702188.85960722 -1.57853535 1.24357698 -3.29568412 0.47444337 0.42071131 -0.50896366 0.58211810
1778702188.89294910 -1.56297703 1.24780824 -3.29008911 0.47573095 0.41916647 -0.50872545 0.58238986
1778702188.92629075 -1.55462963 1.25559645 -3.28034037 0.47714083 0.41885853 -0.50778663 0.58227734
1778702188.95963311 -1.54581428 1.26767879 -3.26808164 0.47853333 0.41949104 -0.50584531 0.58236899
1778702188.99297476 -1.54804063 1.26077170 -3.25846494 0.47753436 0.41968507 -0.50562516 0.58323972
1778702189.02631664 -1.54217667 1.27851647 -3.23557754 0.47760767 0.42098521 -0.50449219 0.58322380
1778702189.05965877 -1.55635214 1.29455314 -3.21323897 0.47772539 0.42390611 -0.50350082 0.58186681
1778702189.09300065 -1.57828829 1.30081688 -3.18975436 0.47718080 0.42639950 -0.50378431 0.58024419
1778702189.12634277 -1.59111114 1.31249830 -3.16819425 0.47703788 0.42850997 -0.50366835 0.57890609
1778702189.15968466 -1.60183082 1.32384200 -3.15026752 0.47703224 0.43036118 -0.50325895 0.57789266
1778702189.19302678 -1.59257572 1.35781656 -3.12176051 0.47842580 0.43189334 -0.50217347 0.57654029
1778702189.22636676 -1.59887044 1.35883052 -3.10880696 0.47775830 0.43191676 -0.50291444 0.57643038
1778702189.25970745 -1.60888294 1.36004177 -3.09551738 0.47695802 0.43171100 -0.50424662 0.57608334
1778702189.29304814 -1.63002127 1.35543673 -3.07636134 0.47510421 0.43275418 -0.50580013 0.57547028
1778702189.32638884 -1.65866378 1.34447284 -3.05840296 0.47167011 0.43405874 -0.50840918 0.57501342
1778702189.35972977 -1.66478357 1.32810770 -3.03507571 0.46832529 0.43449317 -0.51080690 0.57529420
1778702189.39307046 -1.69539686 1.32161292 -3.01190959 0.46510956 0.43568663 -0.51439521 0.57380120
1778702189.42641139 -1.72646424 1.32171175 -2.98628136 0.46246833 0.43684803 -0.51822086 0.57160650
1778702189.45975184 -1.76808014 1.29881347 -2.96785641 0.45863689 0.43760495 -0.52231080 0.57039069
1778702189.49309278 -1.79819772 1.29593749 -2.94365403 0.45611459 0.43905572 -0.52519956 0.56864309
1778702189.52643323 -1.78392068 1.31415651 -2.90762607 0.45600778 0.44004303 -0.52577014 0.56743704
1778702189.55977416 -1.80694631 1.31771385 -2.88392170 0.45445700 0.44136595 -0.52780836 0.56575902
1778702189.59311485 -1.82427606 1.32291570 -2.86319194 0.45353615 0.44165967 -0.53016768 0.56406022
1778702189.62645531 -1.83717097 1.33452557 -2.84210521 0.45386112 0.44215542 -0.53132173 0.56232187
1778702189.65979481 -1.84843278 1.35313563 -2.82098878 0.45500054 0.44281426 -0.53197100 0.56026502
1778702189.69313574 -1.75466471 1.32696197 -2.79207901 0.45768276 0.43900769 -0.53021828 0.56273201
1778702189.72647667 -1.84535816 1.38220866 -2.76118342 0.45793224 0.44412501 -0.53164867 0.55713619
1778702189.75981712 -1.86631286 1.40114203 -2.73721300 0.45826833 0.44666467 -0.53115156 0.55530067
1778702189.79315782 -1.88600795 1.41841826 -2.71425357 0.45841245 0.44833927 -0.53144716 0.55354660
1778702189.82649851 -1.89975180 1.43070796 -2.69692004 0.45868685 0.44892802 -0.53181692 0.55248600
1778702189.85983920 -1.90932915 1.44279235 -2.68091305 0.45949383 0.44939912 -0.53153938 0.55169896
1778702189.89317942 -1.91436599 1.47689783 -2.65705014 0.46277068 0.45119963 -0.52970470 0.54924960
1778702189.92652011 -1.86290735 1.51130300 -2.61733447 0.46973224 0.45240053 -0.52509059 0.54677715
1778702189.95986080 -1.85653826 1.58490722 -2.57497836 0.47788976 0.45687051 -0.52015280 0.54067714
1778702189.99320149 -1.84832961 1.64673822 -2.53885577 0.48499647 0.46005079 -0.51602283 0.53558578
1778702190.02654195 -1.84119114 1.69618305 -2.50862362 0.49055593 0.46213022 -0.51300637 0.53161547
1778702190.05988288 -1.84027318 1.72981904 -2.48136068 0.49416249 0.46389489 -0.51056002 0.52908736
1778702190.09322333 -1.84043265 1.74793601 -2.46237949 0.49587677 0.46440158 -0.50962454 0.52793961
1778702190.12656283 -1.81239781 1.73835946 -2.44303304 0.49638970 0.46311945 -0.50940674 0.52879336
1778702190.15990353 -1.82980306 1.73286093 -2.42385406 0.49431248 0.46386068 -0.51047495 0.52905932
1778702190.19324422 -1.84573829 1.71441641 -2.41209373 0.49125550 0.46376315 -0.51201184 0.53050509
1778702190.22658491 -1.85762589 1.69608712 -2.40336193 0.48831735 0.46307652 -0.51358033 0.53229836
1778702190.25992608 -1.86260381 1.68639204 -2.39338940 0.48689897 0.46244271 -0.51402385 0.53371866
1778702190.29326701 -1.85889502 1.68597820 -2.38492190 0.48730397 0.46105639 -0.51390034 0.53466651
1778702190.32660818 -1.81011136 1.67998303 -2.39203750 0.48958389 0.45767756 -0.51226690 0.53704887
1778702190.35994911 -1.79450030 1.68299232 -2.38753783 0.49146954 0.45569281 -0.51071480 0.53849062
1778702190.39329028 -1.77532360 1.69038629 -2.38310592 0.49406469 0.45349174 -0.50902412 0.53957369
1778702190.42663145 -1.75274899 1.68755392 -2.38677561 0.49578383 0.44995079 -0.50823000 0.54170558
1778702190.45997214 -1.72849462 1.68488398 -2.39235773 0.49761601 0.44612655 -0.50738491 0.54397606
1778702190.49331331 -1.70540096 1.68265542 -2.39420002 0.49937166 0.44284484 -0.50626812 0.54608513
1778702190.52665424 -1.66761772 1.67771579 -2.39157651 0.50142875 0.43977106 -0.50443626 0.54837459
1778702190.55999446 -1.65085295 1.67907523 -2.38670076 0.50287901 0.43791130 -0.50328048 0.54959545
1778702190.59333539 -1.63971295 1.68156038 -2.37903374 0.50392167 0.43673560 -0.50222499 0.55054066
1778702190.62667656 -1.63004629 1.69273680 -2.36497021 0.50576124 0.43670219 -0.50059351 0.55036616
1778702190.66001749 -1.62115233 1.71253314 -2.34505568 0.50833816 0.43727307 -0.49889824 0.54907662
1778702190.69335866 -1.61498580 1.72555755 -2.32647115 0.50992464 0.43792896 -0.49734625 0.54849047
1778702190.72669959 -1.58928671 1.72843480 -2.30341887 0.51189941 0.43822101 -0.49443416 0.54905028
1778702190.76004076 -1.58732104 1.74937897 -2.27977747 0.51419275 0.44036489 -0.49173213 0.54761674
1778702190.79338169 -1.59082466 1.77133639 -2.25368648 0.51657192 0.44290085 -0.48897408 0.54579908
1778702190.82672262 -1.58840787 1.78570236 -2.23333869 0.51825475 0.44458472 -0.48667036 0.54489301
1778702190.86006379 -1.57963963 1.80423306 -2.21468779 0.52086199 0.44552609 -0.48404539 0.54397551
1778702190.89340472 -1.57464705 1.81525349 -2.19785983 0.52253982 0.44646696 -0.48170652 0.54367106
1778702190.92674589 -1.55311633 1.80569290 -2.18202118 0.52306323 0.44651547 -0.47941837 0.54514843
1778702190.96008682 -1.56243388 1.81461688 -2.16118240 0.52317079 0.44896565 -0.47757625 0.54464952
1778702190.99342704 -1.57237978 1.82110412 -2.13963176 0.52292547 0.45142816 -0.47608593 0.54415417
1778702191.02676797 -1.58032592 1.82211739 -2.12334820 0.52210309 0.45285940 -0.47556597 0.54420927
1778702191.06010890 -1.58822791 1.81810273 -2.11137152 0.52087930 0.45331532 -0.47597650 0.54464333
1778702191.09345007 -1.58858081 1.81270250 -2.10603976 0.51984668 0.45237288 -0.47672658 0.54575633
1778702191.12679100 -1.58821773 1.80839972 -2.10080305 0.51903694 0.45117819 -0.47757208 0.54677583
1778702191.16013217 -1.58150116 1.78826572 -2.09360872 0.51769964 0.44966074 -0.47841614 0.54855292
1778702191.19347310 -1.58678540 1.78276480 -2.08711054 0.51627495 0.44895758 -0.47983107 0.54923530
1778702191.22681427 -1.60485503 1.76953554 -2.07909120 0.51398195 0.44879772 -0.48213639 0.54949765
1778702191.26015520 -1.61752219 1.75897700 -2.07069151 0.51129211 0.44818428 -0.48507160 0.54992433
1778702191.29349637 -1.63172084 1.74449465 -2.06465443 0.50778925 0.44701992 -0.48893438 0.55069632
1778702191.32683754 -1.64833616 1.73041220 -2.05658632 0.50398533 0.44581530 -0.49361704 0.55098977
1778702191.36017871 -1.64828174 1.71823425 -2.04603423 0.50037813 0.44410562 -0.49790791 0.55179674
1778702191.39351988 -1.68698658 1.72007501 -2.01891584 0.49561519 0.44480187 -0.50327821 0.55066135
1778702191.42686081 -1.69092360 1.69227138 -2.02092433 0.49139698 0.44339327 -0.50821410 0.55104432
1778702191.46020103 -1.71201749 1.68577200 -2.00187370 0.48785840 0.44386147 -0.51259332 0.54975382
1778702191.49354219 -1.73396873 1.68161611 -1.98196267 0.48466949 0.44459514 -0.51629799 0.54851347
1778702191.52688336 -1.75514829 1.67928774 -1.95904997 0.48206856 0.44592520 -0.51901247 0.54716238
1778702191.56022429 -1.77273722 1.68129728 -1.93140496 0.48059240 0.44729342 -0.52085791 0.54558829
1778702191.59356546 -1.78972586 1.69038744 -1.90698568 0.47989471 0.44909221 -0.52225584 0.54338393
1778702191.62690639 -1.80734156 1.69440333 -1.88769360 0.47856942 0.45017071 -0.52392581 0.54205110
1778702191.66024780 -1.81167008 1.67764516 -1.87549418 0.47712246 0.45028181 -0.52503019 0.54216579
1778702191.69358921 -1.82010979 1.67600913 -1.86666593 0.47633404 0.44961363 -0.52622326 0.54225690
1778702191.72693014 -1.82658234 1.67741203 -1.85926015 0.47601637 0.44856561 -0.52734303 0.54231599
1778702191.76027131 -1.83380839 1.68107267 -1.84790871 0.47635774 0.44852713 -0.52725270 0.54213587
1778702191.79361224 -1.85866431 1.69897541 -1.81595817 0.47667083 0.45058104 -0.52691161 0.54048664
1778702191.82695365 -1.87387139 1.71256354 -1.79202268 0.47727177 0.45287764 -0.52595211 0.53896927
1778702191.86029458 -1.87937545 1.73465227 -1.76486616 0.47993745 0.45513808 -0.52485142 0.53576148
1778702191.89363456 -1.88726000 1.76469653 -1.72794826 0.48339030 0.45854228 -0.52349733 0.53105870
1778702191.92697549 -1.89395134 1.79790499 -1.68732195 0.48691589 0.46222436 -0.52222552 0.52587267
1778702191.96031690 -1.89587827 1.82371839 -1.64569560 0.49052180 0.46492924 -0.52142965 0.52090333
1778702191.99365807 -1.89848754 1.85888160 -1.61660980 0.49378959 0.46703104 -0.52134894 0.51599334
1778702192.02699924 -1.89763074 1.88764697 -1.58401109 0.49689863 0.46860519 -0.52132201 0.51158996
1778702192.06034040 -1.88787656 1.91487151 -1.55067200 0.49937576 0.46901295 -0.52168760 0.50842183
1778702192.09368134 -1.89326679 1.91437425 -1.55032958 0.49919752 0.46733073 -0.52383691 0.50793575
1778702192.12702250 -1.87994950 1.92308656 -1.55016259 0.50081417 0.46405862 -0.52535234 0.50777916
1778702192.16036344 -1.86280383 1.93031210 -1.54772732 0.50338795 0.46024613 -0.52572551 0.50831757
1778702192.19370484 -1.83508688 1.93646288 -1.55965273 0.50679335 0.45513359 -0.52558390 0.50968175
1778702192.22704554 -1.80745639 1.95441631 -1.57298224 0.51077475 0.45042215 -0.52472434 0.51077726
1778702192.26038647 -1.78319866 1.95608881 -1.57594314 0.51393078 0.44590611 -0.52369773 0.51262421
1778702192.29372740 -1.76082306 1.95617693 -1.58623590 0.51615079 0.44153930 -0.52258728 0.51529985
1778702192.32706690 -1.73761559 1.95478569 -1.59764224 0.51808149 0.43668621 -0.52176214 0.51832518
1778702192.36040783 -1.71242439 1.95051194 -1.61202647 0.51963402 0.43159262 -0.52097699 0.52181535
1778702192.39374852 -1.69035938 1.93885045 -1.62905386 0.52026218 0.42659309 -0.52001567 0.52624073
1778702192.42708945 -1.67368840 1.92615170 -1.64086005 0.52060292 0.42266513 -0.51837525 0.53067305
1778702192.46043015 -1.66181285 1.91390296 -1.64774954 0.52046372 0.42000660 -0.51624985 0.53497483
1778702192.49377108 -1.65259017 1.89577890 -1.65265542 0.51999010 0.41789905 -0.51380467 0.53942140
1778702192.52711177 -1.63886043 1.88424981 -1.65215665 0.51977458 0.41622811 -0.51113611 0.54344128
1778702192.56045270 -1.63849168 1.88038220 -1.64439689 0.52037883 0.41655316 -0.50804497 0.54550861
1778702192.59379339 -1.62637689 1.88005754 -1.63024328 0.52116836 0.41697021 -0.50462641 0.54760530
1778702192.62713432 -1.62883750 1.87004911 -1.61501896 0.52163486 0.41863726 -0.50111596 0.54911083
1778702192.66047525 -1.62857971 1.86897109 -1.59755838 0.52167578 0.42037298 -0.49833880 0.55027210
1778702192.69381618 -1.63468650 1.86618019 -1.57467311 0.52099972 0.42358631 -0.49559078 0.55092986
1778702192.72715688 -1.64024965 1.85915434 -1.55723469 0.51963645 0.42571816 -0.49395816 0.55203926
1778702192.76049781 -1.63837768 1.85498621 -1.54251144 0.51889639 0.42657437 -0.49295938 0.55296646
1778702192.79383707 -1.64247252 1.86078045 -1.52680179 0.51901992 0.42783814 -0.49239006 0.55238110
1778702192.82717800 -1.65385002 1.86193858 -1.49783628 0.51852544 0.43156555 -0.49081634 0.55134550
1778702192.86051869 -1.66651434 1.87045058 -1.45879444 0.51875369 0.43663252 -0.48894690 0.54879648
1778702192.89385962 -1.67734559 1.87934199 -1.42214845 0.51884361 0.44075618 -0.48832405 0.54596237
1778702192.92720008 -1.68880408 1.88539365 -1.39274583 0.51768664 0.44356518 -0.48921534 0.54398422
1778702192.96054101 -1.70382619 1.88157589 -1.36560705 0.51512982 0.44612969 -0.49074197 0.54293820
1778702192.99388194 -1.71560077 1.88363682 -1.33746636 0.51347731 0.44821810 -0.49245384 0.54123081
1778702193.02722263 -1.72477704 1.88569926 -1.31370023 0.51197126 0.44963064 -0.49474628 0.53939210
1778702193.06056333 -1.74079825 1.88581748 -1.28634798 0.50931477 0.45163553 -0.49781585 0.53740412
1778702193.09390426 -1.76028614 1.88585755 -1.25541319 0.50582581 0.45451545 -0.50091667 0.53538625
1778702193.12724519 -1.78124494 1.88141488 -1.22749588 0.50117141 0.45669773 -0.50529773 0.53378703
1778702193.16058564 -1.80234113 1.87837155 -1.19700010 0.49657764 0.45880394 -0.51002583 0.53177368
1778702193.19392657 -1.82314634 1.87666077 -1.16884939 0.49172459 0.46006214 -0.51570012 0.52971987
1778702193.22726679 -1.84651849 1.86892842 -1.14311880 0.48616979 0.46096950 -0.52138755 0.52848942
1778702193.26060867 -1.86636371 1.86353275 -1.11984571 0.48099683 0.46166116 -0.52674976 0.52730040
1778702193.29395008 -1.88450286 1.86034742 -1.09526934 0.47713092 0.46269611 -0.53074710 0.52589534
1778702193.32729173 -1.90720175 1.86068327 -1.05939284 0.47458227 0.46510007 -0.53311745 0.52367869
1778702193.36063337 -1.92557385 1.86281681 -1.02230515 0.47390599 0.46835328 -0.53327584 0.52122470
1778702193.39397526 -1.94538353 1.85914853 -0.99401943 0.47237530 0.47086657 -0.53331236 0.52031161
1778702193.42731714 -1.97367698 1.85449837 -0.95530495 0.47083515 0.47595601 -0.53127815 0.51915668
1778702193.46065879 -2.00080829 1.84800087 -0.92129629 0.46904001 0.48042895 -0.52941753 0.51856202
1778702193.49400020 -2.01601553 1.84660674 -0.90446095 0.46806191 0.48143017 -0.52912278 0.51881801
1778702193.52734208 -2.01507382 1.84959077 -0.89379298 0.46951974 0.47994678 -0.52897646 0.51902429
1778702193.56068397 -2.01381643 1.85670571 -0.88728441 0.47160242 0.47826973 -0.52838077 0.51929086
1778702193.59402585 -2.00532016 1.86298106 -0.88467373 0.47445775 0.47635582 -0.52680999 0.52004443
1778702193.62736726 -2.00343459 1.86571299 -0.88363538 0.47705547 0.47437814 -0.52523159 0.52107123
1778702193.66070795 -2.00256155 1.87056436 -0.87859420 0.47990699 0.47325922 -0.52281543 0.52189943
1778702193.69404984 -1.99824525 1.88134388 -0.87120530 0.48436565 0.47218682 -0.51974599 0.52181762
1778702193.72739196 -1.98702891 1.89411274 -0.87247206 0.48899205 0.46934255 -0.51736688 0.52243264
1778702193.76073337 -1.98712273 1.91543421 -0.86835038 0.49380945 0.46846194 -0.51377827 0.52223322
1778702193.79407525 -1.98167840 1.91898541 -0.85961233 0.49719841 0.46776311 -0.51012611 0.52322343
1778702193.82741666 -1.97938776 1.91896718 -0.85632188 0.49918826 0.46655427 -0.50760025 0.52486206
1778702193.86075854 -1.97667039 1.91546515 -0.85979035 0.49949723 0.46405406 -0.50704891 0.52731182
1778702193.89410067 -1.98050330 1.91461789 -0.86165031 0.49903609 0.46220175 -0.50706604 0.52935484
1778702193.92744231 -1.97992765 1.91267115 -0.85772357 0.49896575 0.46076927 -0.50690173 0.53082529
1778702193.96078396 -1.97371922 1.91598066 -0.85410479 0.50025463 0.45909531 -0.50610374 0.53182310
1778702193.99412584 -1.96607758 1.91962283 -0.84828332 0.50237520 0.45767992 -0.50436639 0.53269390
1778702194.02746773 -1.96029811 1.92143694 -0.84084179 0.50543545 0.45665399 -0.50171878 0.53317952
1778702194.06080961 -1.95014267 1.92709351 -0.83134410 0.50936113 0.45548399 -0.49840879 0.53354873
1778702194.09415078 -1.94113644 1.92515927 -0.82909058 0.51185630 0.45366461 -0.49568063 0.53524973
1778702194.12749195 -1.93864348 1.91610250 -0.82978450 0.51261744 0.45187474 -0.49345214 0.53808696
1778702194.16083360 -1.93273322 1.91283005 -0.82541406 0.51471287 0.45030141 -0.49057299 0.54003467
1778702194.19417524 -1.91957350 1.91416894 -0.82288927 0.51791234 0.44771403 -0.48808787 0.54137712
1778702194.22751689 -1.90375594 1.91950808 -0.81325777 0.52254001 0.44576315 -0.48433691 0.54190858
1778702194.26085734 -1.87985716 1.92674857 -0.81029406 0.52697128 0.44281267 -0.48056996 0.54338818
1778702194.29419827 -1.86546512 1.93052180 -0.80341492 0.53104953 0.44054829 -0.47699533 0.54440707
1778702194.32753897 -1.85036929 1.93555841 -0.80280851 0.53464599 0.43724195 -0.47427872 0.54592384
1778702194.36087990 -1.82700752 1.94871437 -0.80680537 0.53894750 0.43239710 -0.47209664 0.54744233
1778702194.39422059 -1.80391107 1.96286111 -0.80848435 0.54348118 0.42774107 -0.46982490 0.54857119
1778702194.42756152 -1.79331605 1.97280252 -0.79368899 0.54726947 0.42657476 -0.46650165 0.54854928
1778702194.46090245 -1.78942484 1.97901452 -0.77623237 0.55031242 0.42693241 -0.46314962 0.54806695
1778702194.49424314 -1.77508809 1.99726123 -0.75478309 0.55533573 0.42619958 -0.46034325 0.54593061
1778702194.52758408 -1.77562113 2.00388980 -0.73435429 0.55779261 0.42658931 -0.45872678 0.54448022
1778702194.56092405 -1.78594503 2.00171782 -0.70769981 0.55769564 0.42955951 -0.45673828 0.54391575
1778702194.59426498 -1.79885739 1.99601800 -0.68439208 0.55591746 0.43214246 -0.45602035 0.54429231
1778702194.62760568 -1.80421863 1.99428725 -0.66923484 0.55430739 0.43256740 -0.45683187 0.54491596
1778702194.66094661 -1.80638042 1.99596271 -0.65412199 0.55314080 0.43252315 -0.45816988 0.54501316
1778702194.69428730 -1.81183049 1.99396982 -0.63689482 0.55150970 0.43299753 -0.45921537 0.54540942
1778702194.72762823 -1.80733260 1.99044538 -0.61841301 0.55020094 0.43295773 -0.45960494 0.54643373
1778702194.76096845 -1.81436847 1.98498408 -0.60480977 0.54778341 0.43332508 -0.46099931 0.54739597
1778702194.79430938 -1.82660156 1.97737252 -0.58905695 0.54444212 0.43418564 -0.46308657 0.54828500
1778702194.82765007 -1.84174317 1.96747055 -0.56880695 0.54050940 0.43592839 -0.46525315 0.54895859
1778702194.86099100 -1.85507656 1.96219774 -0.55073892 0.53637698 0.43723972 -0.46778673 0.54981518
1778702194.89433169 -1.86996004 1.95138246 -0.54168546 0.53165030 0.43747359 -0.47039989 0.55198620
1778702194.92767239 -1.88431222 1.93787572 -0.54396280 0.52680148 0.43604642 -0.47253866 0.55592350
1778702194.96101308 -1.89780653 1.92083826 -0.54055730 0.52250294 0.43470912 -0.47394148 0.55981974
1778702194.99435329 -1.92023398 1.90290133 -0.52687523 0.51882572 0.43613754 -0.47368776 0.56233782
1778702195.02769375 -1.94179381 1.88954193 -0.50246807 0.51617996 0.43867448 -0.47309979 0.56329348
1778702195.06103468 -1.96212123 1.87810169 -0.47675205 0.51337268 0.44116986 -0.47336300 0.56368885
1778702195.09437537 -1.98542045 1.86401736 -0.44824609 0.50942934 0.44411269 -0.47452026 0.56398243
1778702195.12771606 -2.00574078 1.85480899 -0.41025757 0.50617202 0.44822348 -0.47517912 0.56310780
1778702195.16105700 -2.02558759 1.84777144 -0.36950094 0.50365311 0.45231788 -0.47611236 0.56130126
1778702195.19439745 -2.04289975 1.84502226 -0.33525836 0.50139787 0.45541031 -0.47774295 0.55943122
1778702195.22773862 -2.05591804 1.84633037 -0.30688123 0.50019879 0.45740204 -0.47867897 0.55807794
1778702195.26107955 -2.06990946 1.84213131 -0.29721825 0.49695568 0.45734115 -0.48053344 0.55942983
1778702195.29442120 -2.08701166 1.83275054 -0.29315359 0.49310373 0.45690712 -0.48177853 0.56211569
1778702195.32776213 -2.10504664 1.82042139 -0.28692870 0.48865451 0.45694048 -0.48318676 0.56475899
1778702195.36110353 -2.12138623 1.81124798 -0.27703924 0.48441383 0.45716849 -0.48501658 0.56665610
1778702195.39444447 -2.14157798 1.81059870 -0.25182877 0.48204355 0.45964676 -0.48593831 0.56588235
1778702195.42778587 -2.15618306 1.80711541 -0.21738461 0.48126634 0.46316040 -0.48570477 0.56387591
1778702195.46112609 -2.15606422 1.81771005 -0.18062729 0.48268813 0.46573365 -0.48503621 0.56110980
1778702195.49446726 -2.16014268 1.82805691 -0.16127626 0.48498854 0.46604271 -0.48555257 0.55841652
1778702195.52780843 -2.14890788 1.84670820 -0.15035513 0.48665267 0.46391844 -0.48662007 0.55780800
1778702195.56114960 -2.15313109 1.85035429 -0.13286950 0.48732505 0.46416656 -0.48645399 0.55715906
1778702195.59449077 -2.15803878 1.85161401 -0.11503496 0.48804820 0.46474316 -0.48568352 0.55671741
1778702195.62783194 -2.15969310 1.85344308 -0.10721297 0.48824982 0.46350020 -0.48572045 0.55754401
1778702195.66117311 -2.16098894 1.85770700 -0.10411086 0.48941328 0.46166867 -0.48498481 0.55868275
1778702195.69451427 -2.16316274 1.85822144 -0.10182406 0.48971856 0.46009311 -0.48415875 0.56042873
1778702195.72785544 -2.16963739 1.85613231 -0.09911338 0.48992649 0.45886578 -0.48338916 0.56191561
1778702195.76119661 -2.16938815 1.85937221 -0.08579116 0.49190028 0.45829932 -0.48190719 0.56192643
1778702195.79453778 -2.16619317 1.86540631 -0.07453938 0.49433394 0.45713376 -0.48062858 0.56183525
1778702195.82787895 -2.16199224 1.87245224 -0.06868522 0.49611229 0.45502481 -0.48017780 0.56236492
1778702195.86122012 -2.15444217 1.88326862 -0.06470023 0.49818105 0.45229616 -0.48007169 0.56282768
1778702195.89456034 -2.14943912 1.89360337 -0.06190710 0.49959915 0.44970211 -0.48019721 0.56354179
1778702195.92790151 -2.14455097 1.90046388 -0.05816771 0.50068207 0.44728464 -0.48019809 0.56450306
1778702195.96124268 -2.14368673 1.90419897 -0.05638733 0.50077045 0.44445971 -0.48134071 0.56568158
1778702195.99458408 -2.13153821 1.91401790 -0.05284146 0.50246614 0.44221310 -0.48077082 0.56642278
1778702196.02792501 -2.13177933 1.91406852 -0.03708227 0.50410777 0.44148236 -0.48031226 0.56592298
1778702196.06126666 -2.12497538 1.92033556 -0.01430791 0.50659582 0.44182702 -0.47891110 0.56461821
1778702196.09460735 -2.12032017 1.92565409 0.01129077 0.50874985 0.44259648 -0.47808748 0.56277376
1778702196.12794900 -2.11285330 1.93461684 0.03169542 0.51088063 0.44238763 -0.47792980 0.56113926
1778702196.16129017 -2.10513288 1.94422097 0.04629040 0.51266121 0.44139283 -0.47811334 0.56014149
1778702196.19463134 -2.10052999 1.94917360 0.06282317 0.51416146 0.44084265 -0.47790393 0.55937786
1778702196.22797298 -2.09768533 1.94954315 0.08618289 0.51587257 0.44153285 -0.47725688 0.55780830
1778702196.26131487 -2.09544920 1.95179360 0.10974312 0.51716731 0.44252143 -0.47665732 0.55633673
1778702196.29465723 -2.09112757 1.95704653 0.13655320 0.51876957 0.44343750 -0.47661298 0.55414924
1778702196.32799864 -2.08698340 1.96110046 0.17223876 0.52099765 0.44573515 -0.47597507 0.55075345
1778702196.36134028 -2.08937671 1.95653012 0.21658432 0.52208220 0.45003626 -0.47499757 0.54706019
1778702196.39468241 -2.09142160 1.95215307 0.26077183 0.52230723 0.45427125 -0.47463513 0.54364905
1778702196.42802501 -2.08984234 1.95248676 0.29491436 0.52201545 0.45677788 -0.47544022 0.54111961
1778702196.46136665 -2.09006884 1.95323757 0.32800316 0.52211789 0.45877879 -0.47601656 0.53881644
1778702196.49470878 -2.08650398 1.95708951 0.35617871 0.52274295 0.46029625 -0.47620824 0.53674285
1778702196.52805138 -2.08859498 1.95563956 0.38212994 0.52208414 0.46158853 -0.47679177 0.53575534
1778702196.56139302 -2.09034030 1.95570863 0.40125774 0.52160313 0.46203229 -0.47727533 0.53541068
1778702196.59473538 -2.08929693 1.96171268 0.41796163 0.52156317 0.46165738 -0.47813334 0.53500732
1778702196.62807775 -2.08768596 1.97080112 0.43122656 0.52114572 0.46067433 -0.47985937 0.53471608
1778702196.66141963 -2.08655348 1.97817859 0.44625259 0.51981802 0.46013389 -0.48196693 0.53457826
1778702196.69476175 -2.08501653 1.98763199 0.45536450 0.51761669 0.45865677 -0.48501918 0.53522268
1778702196.72810435 -2.08456905 1.99656422 0.46052758 0.51486325 0.45682345 -0.48819286 0.53655932
1778702196.76144624 -2.08577459 2.00570941 0.46324948 0.51156597 0.45500545 -0.49142350 0.53830589
1778702196.79478741 -2.08741233 2.01466772 0.46594015 0.50761412 0.45323645 -0.49504345 0.54021904
1778702196.82812953 -2.08754408 2.02248005 0.47203106 0.50415938 0.45202908 -0.49827896 0.54148971
1778702196.86147213 -2.08843700 2.03142455 0.48239650 0.50060224 0.45121006 -0.50184791 0.54217669
1778702196.89481401 -2.08947706 2.03834131 0.49717724 0.49708103 0.45106905 -0.50515793 0.54245979
1778702196.92815638 -2.08970474 2.04457529 0.51804615 0.49346882 0.45165711 -0.50864154 0.54201307
1778702196.96149874 -2.09340113 2.05067161 0.53950806 0.49013771 0.45264892 -0.51175082 0.54128096
1778702196.99484086 -2.09487291 2.05630137 0.56211501 0.48696997 0.45355865 -0.51478159 0.54050413
1778702197.02818298 -2.09903168 2.05774911 0.58623021 0.48358356 0.45503700 -0.51739500 0.53980616
1778702197.06152511 -2.10362122 2.05753389 0.61622868 0.48128597 0.45736811 -0.51901813 0.53832927
1778702197.09486747 -2.10831488 2.05803802 0.64471334 0.47923523 0.45937234 -0.52052810 0.53699269
1778702197.12821007 -2.11504686 2.05741916 0.67526741 0.47831893 0.46190679 -0.52106895 0.53510772
1778702197.16155195 -2.11970508 2.05836559 0.69891368 0.47744502 0.46355208 -0.52161716 0.53393002
1778702197.19489455 -2.12494438 2.05988449 0.72508226 0.47730712 0.46535715 -0.52187377 0.53222966
1778702197.22823501 -2.12820369 2.05881290 0.74891709 0.47894586 0.46678616 -0.52143865 0.52992762
1778702197.26157713 -2.13011872 2.05853680 0.77328734 0.48122185 0.46830160 -0.52073301 0.52721558
1778702197.29491878 -2.12951463 2.05690359 0.80243930 0.48401043 0.47028664 -0.51941851 0.52418393
1778702197.32826018 -2.12894696 2.05363038 0.83994388 0.48831439 0.47309349 -0.51727824 0.51976421
1778702197.36160207 -2.12719090 2.05288480 0.87466357 0.49355359 0.47527355 -0.51466909 0.51539852
1778702197.39494395 -2.12476056 2.05553290 0.89806268 0.49766867 0.47593149 -0.51312783 0.51236212
1778702197.42828560 -2.12678798 2.05825309 0.91460370 0.50027504 0.47613176 -0.51192215 0.51084160
1778702197.46162724 -2.13016848 2.06004096 0.93786560 0.50169898 0.47590361 -0.51113403 0.51044676
1778702197.49496889 -2.13098210 2.06449225 0.94181051 0.50292987 0.47589427 -0.51043165 0.50994678
1778702197.52831054 -2.13404906 2.06496206 0.96613845 0.50345726 0.47594002 -0.51026037 0.50955494
1778702197.56165266 -2.13689592 2.06747246 0.97385079 0.50424638 0.47504422 -0.50988241 0.50998874
1778702197.59499431 -2.14296733 2.07052486 0.97254561 0.50466370 0.47331624 -0.50927568 0.51178567
1778702197.62833595 -2.15201187 2.07490928 0.96439940 0.50464386 0.47088665 -0.50874978 0.51456195
1778702197.66167641 -2.15848994 2.08016560 0.95573966 0.50510823 0.46797166 -0.50808820 0.51741143
1778702197.69501829 -2.16443784 2.08447000 0.94710200 0.50635734 0.46490683 -0.50706437 0.51995154
1778702197.72836041 -2.17246903 2.08875521 0.93288460 0.50794995 0.46209181 -0.50588142 0.52205555
1778702197.76170206 -2.18082337 2.09013988 0.92339923 0.50985921 0.45919330 -0.50380886 0.52474921
1778702197.79504371 -2.18966033 2.09223533 0.90766217 0.51104559 0.45581564 -0.50216467 0.52810524
1778702197.82838559 -2.19715474 2.09900682 0.88810368 0.51194744 0.45141808 -0.50127114 0.53184469
1778702197.86172724 -2.20466895 2.10798899 0.86285979 0.51290769 0.44627989 -0.50034486 0.53611098
1778702197.89506936 -2.21233777 2.11770880 0.83556851 0.51425887 0.44065699 -0.49929177 0.54043219
1778702197.92841077 -2.22137864 2.13006297 0.80865326 0.51703940 0.43440098 -0.49762159 0.54437010
1778702197.96175241 -2.22583356 2.13641133 0.78152385 0.52139641 0.42862053 -0.49442663 0.54769749
1778702197.99509430 -2.23299646 2.14125669 0.76239546 0.52659669 0.42320584 -0.49049425 0.55046175
1778702198.02843618 -2.24460480 2.13856303 0.74889159 0.53181199 0.41969912 -0.48551255 0.55254522
1778702198.06177807 -2.25402561 2.13753936 0.73335401 0.53691027 0.41610447 -0.48040552 0.55479273
1778702198.09511971 -2.26419677 2.13672207 0.71619334 0.54056608 0.41255461 -0.47616131 0.55754589
1778702198.12846041 -2.27539940 2.13194932 0.70975118 0.54370541 0.41088289 -0.47185392 0.55938676
1778702198.16180229 -2.28840532 2.11498614 0.72278162 0.54616824 0.41242451 -0.46700082 0.55992545
1778702198.19514394 -2.30133226 2.09450801 0.74357199 0.54689418 0.41565356 -0.46312563 0.56004779
1778702198.22848582 -2.30905124 2.07444010 0.76849428 0.54574374 0.41932157 -0.46111553 0.56009433
1778702198.26182747 -2.31401096 2.05880364 0.80453258 0.54506255 0.42370562 -0.45966198 0.55865126
1778702198.29516864 -2.31236155 2.04920792 0.84316638 0.54463244 0.42779520 -0.45937093 0.55618802
1778702198.32851028 -2.30751437 2.04105557 0.88811175 0.54395653 0.43236639 -0.45973522 0.55300463
1778702198.36185169 -2.29963198 2.03376426 0.93842548 0.54280123 0.43749724 -0.46073748 0.54925765
1778702198.39519310 -2.29314725 2.02239803 0.98683535 0.54103799 0.44228320 -0.46274216 0.54546600
1778702198.42853498 -2.28180609 2.02354968 1.02870377 0.53931747 0.44624639 -0.46421105 0.54268676
1778702198.46187639 -2.27353535 2.02279114 1.05683288 0.53525697 0.44875067 -0.46806657 0.54132846
1778702198.49521804 -2.26576866 2.02533168 1.07872779 0.53037048 0.45089075 -0.47177627 0.54113939
1778702198.52855897 -2.25635924 2.02528373 1.10777872 0.52590401 0.45369316 -0.47544408 0.53994482
1778702198.56189990 -2.24562480 2.02639819 1.14117727 0.52256884 0.45686280 -0.47863557 0.53768594
1778702198.59524131 -2.23380341 2.02943486 1.17350862 0.51997114 0.45932243 -0.48179060 0.53528566
1778702198.62858272 -2.22135373 2.03453670 1.20070459 0.51728405 0.46128696 -0.48506506 0.53323864
1778702198.66192436 -2.21021697 2.03811084 1.23059526 0.51406032 0.46375146 -0.48826732 0.53129239
1778702198.69526553 -2.19534518 2.04728554 1.27153545 0.51113466 0.46667104 -0.49108089 0.52896035
1778702198.72860742 -2.18065769 2.04882071 1.30389321 0.50802941 0.46946434 -0.49451004 0.52627862
1778702198.76194906 -2.16580157 2.05325178 1.33592907 0.50436312 0.47214370 -0.49837624 0.52375499
1778702198.79529023 -2.15235355 2.05525304 1.36486583 0.50005384 0.47479116 -0.50214988 0.52188601
1778702198.82863188 -2.14105850 2.05705665 1.39632521 0.49530758 0.47791028 -0.50589476 0.51994487
1778702198.86197305 -2.12774400 2.05921445 1.43036533 0.49056374 0.48117364 -0.50982168 0.51759153
1778702198.89531469 -2.11759633 2.05603475 1.46649678 0.48518775 0.48505092 -0.51407640 0.51482415
1778702198.92865658 -2.09850635 2.05325501 1.51585611 0.48087384 0.49007864 -0.51739542 0.51076928
1778702198.96199799 -2.08150306 2.04007671 1.57222085 0.47585185 0.49661497 -0.52094281 0.50552663
1778702198.99533868 -2.05794867 2.02476688 1.63880465 0.47097361 0.50414691 -0.52403933 0.49940217
1778702199.02868009 -2.02812899 2.01595535 1.70216134 0.46509132 0.51100769 -0.52850857 0.49319357
1778702199.06202149 -1.99559551 2.00204887 1.77303583 0.45893896 0.51925361 -0.53236428 0.48614708
1778702199.09536290 -1.96209951 1.99309132 1.83681708 0.45118808 0.52703372 -0.53689937 0.48000400
1778702199.12870431 -1.92902739 1.98809563 1.89475369 0.44239864 0.53421227 -0.54189697 0.47460337
1778702199.16204596 -1.89361337 1.97956370 1.95275789 0.43397739 0.54135886 -0.54656397 0.46889449
1778702199.19538760 -1.84396548 1.96877546 2.01373526 0.42711611 0.54895266 -0.55015185 0.46212093
1778702199.22872901 -1.79768652 1.95753161 2.07746872 0.41948904 0.55563997 -0.55553436 0.45461495
1778702199.26207018 -1.74311345 1.95648844 2.12901120 0.41354533 0.56221049 -0.55955358 0.44698929
1778702199.29541135 -1.69137754 1.94830094 2.18722990 0.40954644 0.56820633 -0.56327041 0.43833745
1778702199.32875276 -1.64636076 1.93892283 2.23871906 0.40706561 0.57351755 -0.56575141 0.43046550
1778702199.36209369 -1.61123458 1.93814213 2.27500632 0.40292633 0.57714715 -0.56895718 0.42525200
1778702199.39543486 -1.58844338 1.94424992 2.29683339 0.39804072 0.57926952 -0.57214326 0.42268487
1778702199.42877579 -1.57113748 1.95366942 2.31230836 0.39550348 0.57997199 -0.57473393 0.42058341
1778702199.46211648 -1.56378072 1.95441084 2.33822813 0.39405638 0.57975640 -0.57725432 0.41878339
1778702199.49545765 -1.55236500 1.97137972 2.34790588 0.39446368 0.57850557 -0.57850634 0.41840187
1778702199.52879858 -1.55705610 1.98239190 2.34784311 0.39616339 0.57654278 -0.57922537 0.41851040
1778702199.56213999 -1.57016582 1.99960153 2.33807186 0.39872023 0.57305861 -0.57980701 0.42005934
1778702199.59548092 -1.59189355 2.03094548 2.31091275 0.40089176 0.56683568 -0.58133414 0.42430381
1778702199.62882233 -1.62878823 2.07193848 2.26604624 0.40340472 0.55822679 -0.58279243 0.43127771
1778702199.66216350 -1.67533438 2.11743025 2.20642277 0.40611292 0.54801552 -0.58373259 0.44046287
1778702199.69550467 -1.72421772 2.15716200 2.14898027 0.41002925 0.53796049 -0.58339116 0.44958789
1778702199.72884583 -1.77502931 2.17270056 2.10784232 0.41562603 0.53059732 -0.58016571 0.45730651
1778702199.76218700 -1.84276940 2.15679304 2.07207270 0.42199329 0.52509193 -0.57500272 0.46429731
1778702199.79552865 -1.90260888 2.14784354 2.04154733 0.43085329 0.51989068 -0.56742162 0.47128741
1778702199.82886982 -1.96684956 2.12714690 2.01561386 0.44028213 0.51600490 -0.55803809 0.47800008
1778702199.86221099 -2.02556902 2.10795092 1.98613746 0.44944100 0.51181436 -0.54911428 0.48427508
1778702199.89555120 -2.07387452 2.09464371 1.95719347 0.45687167 0.50695482 -0.54213250 0.49026262
1778702199.92889237 -2.11521895 2.08603231 1.93088678 0.46319968 0.50266728 -0.53648106 0.49493407
1778702199.96223354 -2.14510873 2.08018098 1.91238812 0.46990099 0.49881706 -0.53099987 0.49841121
1778702199.99557495 -2.16330181 2.08214352 1.89922774 0.47645033 0.49501312 -0.52634199 0.50092036
1778702200.02891612 -2.18306841 2.07738623 1.88337596 0.48129000 0.49134385 -0.52309958 0.50329711
1778702200.06225729 -2.19393642 2.07900277 1.87938977 0.48575683 0.48896415 -0.51946148 0.50508824
1778702200.09559846 -2.20508884 2.07343892 1.87909024 0.49107282 0.48698409 -0.51571082 0.50570380
1778702200.12893939 -2.21430006 2.07363725 1.87499555 0.49578246 0.48456187 -0.51264152 0.50655526
1778702200.16228080 -2.22485459 2.07183453 1.87051237 0.49954475 0.48241505 -0.50958875 0.50798629
1778702200.19562173 -2.23493253 2.06897452 1.86820215 0.50252816 0.48056311 -0.50682329 0.50956325
1778702200.22896338 -2.24375283 2.06779645 1.86592304 0.50492863 0.47876601 -0.50462311 0.51106331
1778702200.26230550 -2.24881179 2.06278001 1.87032049 0.50745534 0.47798192 -0.50220512 0.51167604
1778702200.29564714 -2.25365530 2.04520587 1.88935040 0.51026743 0.47931960 -0.49885267 0.51090692
1778702200.32898784 -2.25908824 2.02813162 1.90057388 0.51256916 0.48081457 -0.49595151 0.51002186
1778702200.36232948 -2.26348161 2.01012403 1.92151402 0.51305197 0.48207067 -0.49415204 0.51009734
1778702200.39567113 -2.26667218 2.00513988 1.92648785 0.51304597 0.48302228 -0.49294842 0.51036768
1778702200.42901278 -2.26769466 1.99695475 1.94025951 0.51301108 0.48411456 -0.49173557 0.51053781
1778702200.46235466 -2.26874386 1.98705857 1.95534539 0.51392246 0.48527464 -0.49022076 0.50997631
1778702200.49569654 -2.26835248 1.97592008 1.97111873 -0.51494762 -0.48656089 0.48867940 -0.50919534
1778702200.52903819 -2.27003590 1.95157718 1.99388337 -0.51561535 -0.48939724 0.48629289 -0.50808501
1778702200.56237984 -2.26826467 1.92931509 2.01706875 -0.51633078 -0.49234833 0.48411973 -0.50658044
1778702200.59572148 -2.26503998 1.91762338 2.03633524 -0.51673803 -0.49421429 0.48319950 -0.50522499
1778702200.62906337 -2.25313765 1.90644100 2.06188038 -0.51713627 -0.49613015 0.48203403 -0.50405173
1778702200.66240525 -2.24784337 1.89510521 2.08173207 -0.51732931 -0.49808010 0.48134617 -0.50258577
1778702200.69574690 -2.24326678 1.89417700 2.09401582 -0.51733163 -0.49870653 0.48149801 -0.50181615
1778702200.72908854 -2.24068015 1.90314990 2.09718724 -0.51577887 -0.49819703 0.48282334 -0.50264650
1778702200.76243067 -2.24045509 1.91362179 2.09820498 -0.51309640 -0.49765410 0.48452506 -0.50428955
1778702200.79577136 -2.23870282 1.92463552 2.09901662 -0.51059547 -0.49681222 0.48652360 -0.50573182
1778702200.82911301 -2.24146961 1.93941971 2.09937909 -0.50823723 -0.49641258 0.48839956 -0.50669058
1778702200.86245465 -2.23589218 1.94796298 2.09686684 -0.50524236 -0.49531838 0.49072327 -0.50850814
1778702200.89579630 -2.24198112 1.96487204 2.09076392 0.50320688 0.49410543 -0.49254512 0.50994310
1778702200.92913818 -2.24540784 1.97744108 2.08407511 0.50165851 0.49258368 -0.49401414 0.51151743
1778702200.96248031 -2.25083346 1.98368359 2.07978626 0.50037108 0.49156843 -0.49481351 0.51298036
1778702200.99582195 -2.25880492 1.98963804 2.07371843 0.49951816 0.49057750 -0.49530371 0.51428549
1778702201.02916360 -2.26648106 1.99939093 2.06385549 0.49925125 0.48882482 -0.49578587 0.51574689
1778702201.06250548 -2.27611076 2.01851104 2.04442930 0.49963106 0.48560903 -0.49662719 0.51760420
1778702201.09584737 -2.28880217 2.03520983 2.02185791 0.50029916 0.48231345 -0.49684629 0.51982521
1778702201.12918925 -2.30521555 2.04033376 2.00698739 0.50158840 0.47994590 -0.49579629 0.52177299
1778702201.16253090 -2.31863597 2.03881764 1.99255681 0.50240307 0.47840221 -0.49469697 0.52344760
1778702201.19587278 -2.33089811 2.03944650 1.98344230 0.50299028 0.47765131 -0.49393328 0.52428991
1778702201.22921371 -2.33837665 2.03398941 1.98411144 0.50435053 0.47796922 -0.49311638 0.52346175
1778702201.26255560 -2.34031566 2.03371794 1.98754096 0.50604985 0.47835649 -0.49273213 0.52182724
1778702201.29589772 -2.34096733 2.02515934 1.99509245 0.50659755 0.47924639 -0.49255906 0.52064133
1778702201.32923961 -2.34536038 2.01490814 2.00702640 0.50635006 0.48119037 -0.49257572 0.51907091
1778702201.36258125 -2.34376859 2.01071806 2.01571267 0.50540399 0.48322883 -0.49276553 0.51791779
1778702201.39592361 -2.34271739 2.00169255 2.02417496 0.50226006 0.48487753 -0.49472635 0.51756589
1778702201.42926502 -2.34050712 1.99536760 2.03559881 0.49783775 0.48760436 -0.49672969 0.51735789
1778702201.46260715 -2.33600316 1.98891472 2.05113260 0.49284595 0.49106526 -0.49884210 0.51683105
1778702201.49594951 -2.33205450 2.00006735 2.04973304 0.48718647 0.49206507 -0.50237567 0.51782236
1778702201.52929139 -2.33153594 2.01935176 2.03650039 0.48264341 0.49129899 -0.50588344 0.51938674
1778702201.56263304 -2.33233500 2.03286530 2.02828330 0.47893429 0.49123280 -0.50847929 0.52034710
1778702201.59597516 -2.33200041 2.03952952 2.03012177 0.47615411 0.49240610 -0.51035379 0.51995434
1778702201.62931728 -2.33304966 2.03596111 2.03741689 0.47208286 0.49488760 -0.51230436 0.51939222
1778702201.66265821 -2.32938520 2.03087466 2.04731741 0.46779544 0.49767073 -0.51418326 0.51875509
1778702201.69600010 -2.31836940 2.02437434 2.06120892 0.46292038 0.50073480 -0.51625489 0.51812187
1778702201.72934198 -2.30707358 2.02010010 2.07550244 0.45649154 0.50441479 -0.51923669 0.51727598
1778702201.76268435 -2.29592750 2.01155863 2.09150130 0.45016651 0.50847458 -0.52174006 0.51632453
1778702201.79602623 -2.28322057 1.99729186 2.11377011 0.44495272 0.51320551 -0.52339365 0.51448641
1778702201.82936811 -2.27268736 1.97890728 2.13930210 0.43997283 0.51901536 -0.52415375 0.51216190
1778702201.86271048 -2.25687791 1.93804497 2.18380692 0.43509674 0.52659926 -0.52363103 0.50911157
1778702201.89605260 -2.23790167 1.90475159 2.22759575 0.43126188 0.53484092 -0.52291523 0.50449781
1778702201.92939425 -2.21347317 1.87501559 2.26942853 0.42611202 0.54216837 -0.52339940 0.50053478
1778702201.96273661 -2.18971528 1.84766715 2.30694783 0.42187173 0.54886790 -0.52374471 0.49644713
1778702201.99607849 -2.16408616 1.83363482 2.33530188 0.41866839 0.55375439 -0.52485986 0.49253933
1778702202.02942038 -2.13858502 1.83146817 2.35417683 0.41510944 0.55720353 -0.52735107 0.48898796
1778702202.06276250 -2.11080031 1.82502231 2.37423616 0.41212363 0.56087639 -0.52922087 0.48528039
1778702202.09610462 -2.08011071 1.83063163 2.38481296 0.41001507 0.56268834 -0.53214583 0.48175750
1778702202.12944579 -2.04061228 1.83898567 2.38989905 0.40832656 0.56315718 -0.53565647 0.47874372
1778702202.16278768 -2.00785933 1.84786692 2.39787725 0.40768786 0.56449543 -0.53843294 0.47457927
1778702202.19612956 -1.98015972 1.85522182 2.40263597 0.40770864 0.56557906 -0.54060364 0.47078839
1778702202.22947145 -1.95570355 1.86297539 2.40363689 0.40756895 0.56636577 -0.54290961 0.46729704
1778702202.26281238 -1.93030708 1.87481028 2.39709019 0.40735115 0.56611721 -0.54544947 0.46482386
1778702202.29615378 -1.91007774 1.88548472 2.38844592 0.40794647 0.56549485 -0.54742055 0.46273749
1778702202.32949519 -1.90345172 1.88916156 2.37614874 0.40943526 0.56471010 -0.54787543 0.46184173
1778702202.36283612 -1.90084354 1.89803748 2.34740402 0.41158807 0.56254920 -0.54802543 0.46238705
1778702202.39617753 -1.90945426 1.92303751 2.30915944 0.41252450 0.55767317 -0.54946830 0.46573466
1778702202.42951846 -1.92735515 1.95052861 2.25466423 0.41425360 0.55153855 -0.55019168 0.47062544
1778702202.46285963 -1.95138237 1.96755408 2.20326311 0.41663727 0.54628864 -0.54921757 0.47575430
1778702202.49620104 -1.97868802 1.96690945 2.16129252 0.41885914 0.54330861 -0.54626062 0.48059558
1778702202.52954221 -2.00695884 1.95735441 2.12448082 0.42302231 0.54106772 -0.54170679 0.48461490
1778702202.56288242 -2.03580757 1.96540781 2.07146392 0.42720471 0.53593054 -0.53878592 0.48988194
1778702202.59622359 -2.06250438 1.98768469 2.00549061 0.43048341 0.52877126 -0.53739583 0.49627684
1778702202.62956476 -2.08501739 2.01303308 1.93409056 0.43412793 0.52107931 -0.53607529 0.50262568
1778702202.66290593 -2.10984419 2.03872282 1.86021595 0.43723045 0.51251633 -0.53563351 0.50916921
1778702202.69624710 -2.13176384 2.06192091 1.79132978 0.44055406 0.50438926 -0.53480959 0.51524975
1778702202.72958827 -2.15274322 2.07679878 1.73114585 0.44441668 0.49760168 -0.53302474 0.52035662
1778702202.76292968 -2.17133245 2.07658110 1.68674667 0.44964679 0.49319904 -0.52954024 0.52360253
1778702202.79627085 -2.18648536 2.06077350 1.66630263 0.45722303 0.49172303 -0.52420272 0.52380060
1778702202.82961226 -2.19418014 2.05826327 1.64267718 0.46487849 0.48970087 -0.51988104 0.52326356
1778702202.86295342 -2.20017899 2.04678265 1.63152379 0.47214568 0.48842070 -0.51556792 0.52221967
1778702202.89629459 -2.20508846 2.05023909 1.60147076 0.47774888 0.48590265 -0.51291165 0.52208837
1778702202.92963576 -2.20730760 2.06319869 1.55964574 0.48107072 0.48126017 -0.51243025 0.52380802
1778702202.96297693 -2.21357859 2.07978344 1.51064851 0.48311767 0.47602238 -0.51244073 0.52669205
1778702202.99631715 -2.22026066 2.09201521 1.46421998 0.48503174 0.47146356 -0.51204751 0.52940879
1778702203.02965856 -2.22567410 2.10375107 1.41899144 0.48727895 0.46707972 -0.51149953 0.53175557
1778702203.06299973 -2.23158259 2.11242092 1.37476756 0.48820698 0.46334107 -0.51129567 0.53436479
1778702203.09634089 -2.24019660 2.11020725 1.34255855 0.48881589 0.46173832 -0.51017647 0.53626180
1778702203.12968206 -2.24521900 2.10231740 1.32386561 0.49024874 0.46177474 -0.50846544 0.53654745
1778702203.16302323 -2.24943126 2.09467453 1.31317582 0.49125345 0.46177952 -0.50772245 0.53632792
1778702203.19636440 -2.25087754 2.08625069 1.29891727 0.49166374 0.46276074 -0.50701125 0.53577875
1778702203.22970533 -2.25168899 2.07484844 1.28961841 0.49147093 0.46450344 -0.50636567 0.53505765
1778702203.26304579 -2.25101847 2.07343411 1.27157498 0.49044866 0.46484282 -0.50723428 0.53487817
1778702203.29638672 -2.24530016 2.07923074 1.24860756 0.48911223 0.46438310 -0.50892085 0.53489918
1778702203.32972765 -2.23678932 2.08409029 1.21988037 0.48654421 0.46283159 -0.51138687 0.53623234
1778702203.36306834 -2.23961281 2.08747419 1.20072986 0.48338715 0.46337603 -0.51406010 0.53606132
1778702203.39640903 -2.22614782 2.09205894 1.18508751 0.48084770 0.46390463 -0.51641722 0.53562228
1778702203.42974973 -2.21676084 2.09409049 1.17763958 0.47873742 0.46566307 -0.51881651 0.53366452
1778702203.46308923 -2.20696253 2.09037677 1.18184382 0.47778335 0.46914998 -0.51998529 0.53031751
1778702203.49642992 -2.19726097 2.07759382 1.19191380 0.47676290 0.47379868 -0.52035283 0.52673037
1778702203.52977085 -2.18905792 2.06965379 1.19972115 0.47459496 0.47819122 -0.52144780 0.52362675
1778702203.56311154 -2.18222981 2.06063108 1.19886874 0.47112716 0.48163846 -0.52309743 0.52195083
1778702203.59645247 -2.17432236 2.05721481 1.19401110 0.46667505 0.48418858 -0.52584078 0.52083327
1778702203.62979293 -2.16247601 2.05184523 1.19580067 0.46316004 0.48731782 -0.52833332 0.51852485
1778702203.66313386 -2.15223413 2.04146469 1.21416709 0.46143728 0.49174725 -0.52992258 0.51423957
1778702203.69647431 -2.13480885 2.03488072 1.22620811 0.46001385 0.49594173 -0.53135585 0.50999021
1778702203.72981524 -2.11775390 2.02217273 1.25312441 0.45873613 0.50280981 -0.53150682 0.50422610
1778702203.76315546 -2.10113588 2.00755033 1.27324573 0.45578230 0.50825956 -0.53307480 0.49976592
1778702203.79649639 -2.08383464 2.00780803 1.27623009 0.45215315 0.51122976 -0.53604680 0.49684554
1778702203.82983685 -2.07010311 2.00660982 1.26658433 0.44749691 0.51319179 -0.53927231 0.49554624
1778702203.86317778 -2.06197479 2.00187846 1.26690581 0.44368765 0.51579065 -0.54119874 0.49417123
1778702203.89651752 -2.05443734 1.99227577 1.25469430 0.44097835 0.51755284 -0.54237330 0.49346567
1778702203.92985821 -2.04760001 1.98882515 1.23972513 0.43990838 0.51845285 -0.54306499 0.49271460
1778702203.96319890 -2.04239868 1.98422885 1.22003510 0.44020155 0.51880114 -0.54285098 0.49232183
1778702203.99653959 -2.04187236 1.98220396 1.18928099 0.43941845 0.51772844 -0.54328689 0.49366795
1778702204.02987981 -2.04137157 1.98169631 1.15512183 0.43978356 0.51613938 -0.54310778 0.49520147
1778702204.06322074 -2.04038217 1.97989712 1.12468709 0.44062217 0.51496905 -0.54259061 0.49624027
1778702204.09656119 -2.04012256 1.97979675 1.09011160 0.44128593 0.51317187 -0.54228866 0.49783970
1778702204.12990189 -2.03809320 1.98459552 1.05192876 0.44310386 0.51039939 -0.54204897 0.49933390
1778702204.16324234 -2.02619978 1.99865882 1.00190178 0.44516181 0.50556400 -0.54265527 0.50175817
1778702204.19658303 -2.02719931 2.00843385 0.94744697 0.44683031 0.50079347 -0.54261222 0.50509461
1778702204.22995949 -2.03023325 2.01609243 0.89720581 0.44885424 0.49691834 -0.54170719 0.50808991
1778702204.26337886 -2.03113011 2.02373994 0.84997885 0.45318736 0.49332324 -0.53934710 0.51025297
1778702204.29679847 -2.02924302 2.03056478 0.80364012 0.45993829 0.48927172 -0.53590135 0.51174183
1778702204.33021784 -2.03321494 2.04557972 0.74205703 0.46549136 0.48240223 -0.53401952 0.51519805
1778702204.36363864 -2.03121001 2.05337321 0.66962680 0.47074879 0.47538298 -0.53126948 0.51976854
1778702204.39705992 -2.04309920 2.05172370 0.61721557 0.47643537 0.47018736 -0.52705135 0.52359340
1778702204.43048167 -2.05181755 2.04554353 0.57390204 0.48430497 0.46703901 -0.52024047 0.52599725
1778702204.46390438 -2.05865359 2.03793096 0.54231876 0.49237578 0.46542139 -0.51322027 0.52683392
1778702204.49732685 -2.06069611 2.03701154 0.50745045 0.50104653 0.46276945 -0.50674916 0.52725904
1778702204.53075027 -2.06015818 2.04001160 0.46787568 0.50934258 0.45895298 -0.50118057 0.52796812
1778702204.56417418 -2.06069684 2.04242656 0.42628586 0.51682583 0.45512494 -0.49565913 0.52922054
1778702204.59759831 -2.06337621 2.04317834 0.37856589 0.52225299 0.45100672 -0.49099517 0.53175981
1778702204.63102317 -2.06627740 2.04439567 0.32265882 0.52501036 0.44622108 -0.48805521 0.53577325
1778702204.66444874 -2.06850124 2.05466062 0.26507523 0.52776310 0.44249432 -0.48505013 0.53887964
1778702204.69787455 -2.06626497 2.04919783 0.21788881 0.52967096 0.43848648 -0.48319041 0.54194586
1778702204.73130083 -2.06206884 2.04437253 0.17419959 0.53051551 0.43547057 -0.48206759 0.54454524
1778702204.76472735 -2.06448711 2.03558581 0.14360099 0.53049552 0.43458349 -0.48123444 0.54600834
1778702204.79815412 -2.06615359 2.02601242 0.12220111 0.53018855 0.43516873 -0.48070980 0.54630245
1778702204.83158183 -2.06198449 2.01997276 0.10421850 0.52945647 0.43568975 -0.48143623 0.54595737
1778702204.86500978 -2.06120353 2.01925307 0.08106990 0.52750230 0.43562632 -0.48376063 0.54584492
1778702204.89843869 -2.05557749 2.01921900 0.05150166 0.52396911 0.43463085 -0.48747333 0.54673773
1778702204.93186808 -2.05713526 2.01686561 0.02659648 0.51954807 0.43480409 -0.49161318 0.54711214
1778702204.96529794 -2.05931206 2.01525475 0.00598879 0.51439719 0.43590343 -0.49609440 0.54705949
1778702204.99872828 -2.06086749 2.01373636 -0.01202364 0.50913057 0.43731612 -0.50087834 0.54649937
1778702205.03215909 -2.06025645 2.01483591 -0.02254891 0.50377716 0.43950082 -0.50620503 0.54479728
1778702205.06559038 -2.05988253 2.01582911 -0.02877053 0.49833275 0.44209404 -0.51174952 0.54252167
1778702205.09902215 -2.06309838 2.01225151 -0.02936039 0.49238252 0.44576719 -0.51693312 0.54002891
1778702205.13245487 -2.06586228 2.00824898 -0.02400327 0.48702044 0.45021786 -0.52154047 0.53675927
1778702205.16588736 -2.06557106 2.00574436 -0.00006888 0.48442162 0.45694172 -0.52419412 0.53081116
1778702205.19932079 -2.06874255 2.00368275 0.04280739 0.48408938 0.46573293 -0.52517327 0.52243980
1778702205.23270798 -2.06597994 2.00083652 0.08912912 0.48565551 0.47582355 -0.52375361 0.51323760
1778702205.26604199 -2.06955123 1.99093959 0.13266815 0.48594806 0.48571269 -0.52221043 0.50520682
1778702205.29937601 -2.07342566 1.97974254 0.16327566 0.48494733 0.49387604 -0.52139799 0.49905580
1778702205.33271003 -2.07571205 1.96955321 0.18730534 0.48313006 0.50030280 -0.52152204 0.49426431
1778702205.36604404 -2.07756421 1.96339411 0.20081789 0.48127034 0.50600051 -0.52165673 0.49011897
1778702205.39937758 -2.07652541 1.95598890 0.21241406 0.47957942 0.51020932 -0.52219956 0.48682404
1778702205.43271160 -2.07651560 1.95105115 0.21418202 0.47825942 0.51354489 -0.52263690 0.48413866
1778702205.46604538 -2.07781247 1.94497991 0.21408118 0.47719067 0.51673883 -0.52261367 0.48181428
1778702205.49937868 -2.08187218 1.93462996 0.20621759 0.47533715 0.51937942 -0.52263719 0.48078060
1778702205.53271246 -2.08671454 1.92302810 0.19557036 0.47377933 0.52187630 -0.52187720 0.48043986
1778702205.56604600 -2.08676391 1.91541078 0.17488228 0.47274085 0.52247500 -0.52175541 0.48094412
1778702205.59937930 -2.08578660 1.90757398 0.15972931 0.47216171 0.52366922 -0.52141973 0.48057812
1778702205.63271284 -2.08392330 1.89701945 0.14982503 -0.47227335 -0.52610487 0.51964244 -0.47973252
1778702205.66604495 -2.08437606 1.88427695 0.13511914 -0.47303331 -0.52805927 0.51709810 -0.47958571
1778702205.69937825 -2.08690987 1.87376390 0.10078123 -0.47432450 -0.52847981 0.51360697 -0.48159447
1778702205.73271155 -2.08951369 1.86204495 0.05051210 -0.47516045 -0.52631828 0.51040222 -0.48651946
1778702205.76604486 -2.08842441 1.85466045 -0.01526779 -0.47667804 -0.52169060 0.50749725 -0.49301471
1778702205.79937768 -2.08500276 1.85170714 -0.08016076 -0.47905616 -0.51686354 0.50432942 -0.49900813
1778702205.83271074 -2.08118126 1.85708680 -0.13491548 0.48245101 0.51226912 -0.50142972 0.50337820
1778702205.86604404 -2.06419114 1.86480507 -0.19899389 0.48635480 0.50636584 -0.49927043 0.50772205
1778702205.89937639 -2.05290091 1.87804663 -0.25203272 0.49086540 0.50171821 -0.49624255 0.51095335
1778702205.93270922 -2.03770678 1.88353871 -0.30792698 0.49558237 0.49646245 -0.49320772 0.51446019
1778702205.96604228 -2.02545591 1.89274342 -0.36537669 0.50008600 0.49106415 -0.48989858 0.51842972
1778702205.99937487 -2.01176633 1.89668976 -0.42188436 0.50557319 0.48607934 -0.48499592 0.52239982
1778702206.03270745 -1.99789210 1.90288534 -0.46885562 0.51273806 0.48214749 -0.47841892 0.52511791
1778702206.06603980 -1.98480052 1.90976045 -0.51103406 -0.52049252 -0.47916596 0.47053421 -0.52733772
1778702206.09937239 -1.96952713 1.91655379 -0.56102126 -0.52685189 -0.47466448 0.46440945 -0.53051350
1778702206.13270378 -1.95340310 1.92410967 -0.61047437 -0.53299996 -0.46996239 0.45868398 -0.53353107
1778702206.16603637 -1.93926327 1.93410864 -0.65239263 -0.53869819 -0.46601181 0.45366583 -0.53556005
1778702206.19936848 -1.92633278 1.93987424 -0.69542722 -0.54196722 -0.46206446 0.45100979 -0.53792020
1778702206.23270178 -1.90706515 1.93100526 -0.75014659 -0.54225988 -0.45642349 0.45144083 -0.54206365
1778702206.26603556 -1.89819146 1.92595549 -0.79966051 0.54125880 0.45187109 -0.45320738 0.54539390
1778702206.29936934 -1.88972715 1.92392837 -0.83369505 0.54022731 0.44899344 -0.45468251 0.54756110
1778702206.33270335 -1.89007481 1.91852801 -0.86243111 0.53883498 0.44787594 -0.45588580 0.54884620
1778702206.36603737 -1.89328888 1.90947251 -0.89044758 0.53682619 0.44721008 -0.45737886 0.55011396
1778702206.39937091 -1.89995034 1.89624437 -0.91714494 0.53352024 0.44674946 -0.45975681 0.55171981
1778702206.43270469 -1.90847643 1.88838356 -0.92733738 0.53147367 0.44861750 -0.46130684 0.55088481
1778702206.46603799 -1.91581030 1.88443361 -0.94122306 0.52886533 0.44934452 -0.46507231 0.54963507
1778702206.49937129 -1.91980128 1.88422350 -0.95729049 0.52634687 0.44935709 -0.46991963 0.54791671
1778702206.53270483 -1.93074148 1.88110553 -0.97240976 0.52310697 0.45031493 -0.47432299 0.54643688
1778702206.56603742 -1.95178578 1.86598538 -0.99258285 0.51760191 0.45179188 -0.47857867 0.54674932
1778702206.59937072 -1.97150855 1.84291206 -1.01745238 0.51121853 0.45246402 -0.48337163 0.54798156
1778702206.63270354 -1.99397228 1.82439622 -1.03666555 0.50433925 0.45393124 -0.48853035 0.54856763
1778702206.66603684 -2.02680369 1.79957099 -1.05625257 0.49551141 0.45651285 -0.49393052 0.54963360
1778702206.69937015 -2.06141568 1.77620270 -1.06624703 0.48640928 0.46012030 -0.49943628 0.54978062
1778702206.73270297 -2.08729763 1.75385808 -1.07837241 0.47721376 0.46304302 -0.50550862 0.54983563
1778702206.76603580 -2.12877173 1.72533054 -1.07833294 0.46607386 0.46683771 -0.51308443 0.54916490
1778702206.79936886 -2.14949156 1.71734876 -1.06729836 0.45849075 0.47177452 -0.51845230 0.54628037
1778702206.83270192 -2.17371730 1.72152723 -1.04093254 0.45523120 0.47858965 -0.52113430 0.54049564
1778702206.86603451 -2.18688753 1.73637678 -1.02092508 0.45466617 0.48374439 -0.52325542 0.53429749
1778702206.89936709 -2.19716131 1.75451842 -1.00491443 0.45577218 0.48847203 -0.52355236 0.52873407
1778702206.93269968 -2.20230225 1.76938446 -0.99984298 0.45791173 0.49195349 -0.52259744 0.52458606
1778702206.96603251 -2.20455480 1.77869675 -1.01041625 0.45913392 0.49305560 -0.52260409 0.52247218
1778702206.99936366 -2.20962196 1.78090298 -1.02443029 0.45900110 0.49372398 -0.52312377 0.52143662
1778702207.03269625 -2.21522894 1.78150453 -1.03485554 0.45875798 0.49479249 -0.52356731 0.52019111
1778702207.06602859 -2.22371335 1.78016632 -1.04068940 0.45819276 0.49655564 -0.52391357 0.51865833
1778702207.09936118 -2.24408380 1.76524601 -1.04548084 0.45639114 0.49816401 -0.52503400 0.51757033
1778702207.13269305 -2.24298575 1.76494803 -1.06163376 0.45596109 0.49920922 -0.52535253 0.51661818
1778702207.16602540 -2.24970517 1.75840016 -1.07760625 0.45449637 0.49902561 -0.52704735 0.51635994
1778702207.19935727 -2.24902119 1.74802523 -1.11143221 0.45305257 0.49663209 -0.52898138 0.51795622
1778702207.23269033 -2.24417421 1.73584289 -1.15252222 0.45188189 0.49354293 -0.53036249 0.52051298
1778702207.26602387 -2.24132415 1.71940851 -1.18896600 0.45165967 0.49221846 -0.52891446 0.52342528
1778702207.29935718 -2.24072973 1.69744518 -1.22674221 0.45113977 0.49137634 -0.52640715 0.52717902
1778702207.33269072 -2.23711842 1.67387634 -1.26849606 0.45017182 0.49028560 -0.52351524 0.53188077
1778702207.36602402 -2.23870360 1.64605276 -1.31696447 0.44860299 0.48833926 -0.52092190 0.53751325
1778702207.39935732 -2.23373432 1.62408628 -1.36071255 0.44916679 0.48725682 -0.51645886 0.54231008
1778702207.43269062 -2.22644214 1.59690347 -1.41473754 0.44869415 0.48460619 -0.51326822 0.54807494
1778702207.46602249 -2.21752734 1.57771384 -1.46524263 0.44900657 0.48224922 -0.50996735 0.55295760
1778702207.49935579 -2.20215114 1.56767588 -1.51652528 0.45049795 0.47911309 -0.50729875 0.55691132
1778702207.53268838 -2.17556365 1.55865402 -1.58150497 0.45185673 0.47275920 -0.50685661 0.56162320
1778702207.56602144 -2.15202571 1.55050594 -1.63936141 0.45352898 0.46748463 -0.50586942 0.56556673
1778702207.59935451 -2.12739972 1.53478188 -1.69835298 0.45470806 0.46195500 -0.50462070 0.57025969
1778702207.63268733 -2.09937013 1.51727854 -1.76702138 0.45662415 0.45620596 -0.50248779 0.57521868
1778702207.66601968 -2.08267395 1.50601505 -1.81040973 0.45977814 0.45246573 -0.49879689 0.57886137
1778702207.69935250 -2.05357761 1.52499105 -1.85298303 0.46627020 0.45030163 -0.49279117 0.58049756
1778702207.73268509 -2.03525018 1.53874503 -1.87818873 0.47264855 0.45004860 -0.48697061 0.58044744
1778702207.76601791 -2.01160894 1.56980577 -1.89753346 0.48008653 0.45031761 -0.48128081 0.57887801
1778702207.79934978 -1.99270840 1.59673122 -1.91652800 0.48606900 0.45003502 -0.47771656 0.57705484
1778702207.83268261 -1.97902612 1.60905882 -1.94059178 0.48913228 0.44882979 -0.47663431 0.57629955
1778702207.86601472 -1.97194899 1.60963822 -1.96601673 0.48978242 0.44720374 -0.47755502 0.57624926
1778702207.89934587 -1.96914608 1.60055919 -1.99309724 0.48888962 0.44511563 -0.47963345 0.57689754
1778702207.93267798 -1.96829667 1.58700341 -2.02089292 0.48755142 0.44322800 -0.48171567 0.57774783
1778702207.96601033 -1.97303545 1.58317473 -2.03998972 0.48733028 0.44307108 -0.48272916 0.57720860
1778702207.99934220 -1.97761905 1.59040110 -2.05030164 0.48897309 0.44479088 -0.48190812 0.57517907
1778702208.03267407 -1.98385855 1.59863357 -2.05814716 0.49055302 0.44669297 -0.48145221 0.57273632
1778702208.06600618 -2.00047078 1.61525189 -2.06060557 0.49180314 0.44959078 -0.48179833 0.56909416
1778702208.09933758 -2.00012199 1.62383958 -2.06571388 0.49316603 0.45073619 -0.48299881 0.56598260
1778702208.13266945 -2.01936306 1.62870937 -2.07733318 0.49224798 0.45061519 -0.48731548 0.56317093
1778702208.16600132 -2.02103228 1.61246412 -2.10380352 0.48939425 0.44811332 -0.49256462 0.56308775
1778702208.19933271 -2.04432159 1.57685402 -2.13096905 0.48272625 0.44560213 -0.50017365 0.56412803
1778702208.23267007 -2.08201721 1.54875890 -2.14173995 0.47613254 0.44624982 -0.50644075 0.56362813
1778702208.26608157 -2.12422629 1.51913766 -2.14983258 0.46881073 0.44784748 -0.51243911 0.56307663
1778702208.29949355 -2.16669959 1.49569328 -2.15339973 0.46242444 0.45024623 -0.51746440 0.56184745
1778702208.33290482 -2.20651200 1.47488432 -2.15900015 0.45641679 0.45245494 -0.52199705 0.56079169
1778702208.36631775 -2.24589420 1.45186212 -2.16697149 0.45027794 0.45447759 -0.52619633 0.56019401
1778702208.39973068 -2.28506514 1.42459152 -2.17430653 0.44407706 0.45682545 -0.52958466 0.56004122
1778702208.43314433 -2.32293218 1.39708682 -2.17751544 0.43769491 0.45963019 -0.53280784 0.55971337
1778702208.46655846 -2.38827134 1.37601323 -2.15727949 0.43051760 0.46490623 -0.53669770 0.55720048
1778702208.49997282 -2.43055298 1.35910896 -2.14316245 0.42563003 0.47074716 -0.53888171 0.55393383
1778702208.53338790 -2.46847789 1.38519757 -2.11092178 0.42461074 0.47842036 -0.53954385 0.54745968
1778702208.56680298 -2.49171863 1.41094202 -2.08838576 0.42585739 0.48520573 -0.53906918 0.54094853
1778702208.60021901 -2.52222964 1.43404287 -2.06281719 0.42574276 0.49233693 -0.53851854 0.53511236
1778702208.63363528 -2.55435039 1.44124619 -2.04375089 0.42301367 0.49821490 -0.53920848 0.53112669
1778702208.66705155 -2.58498187 1.42951993 -2.03336706 0.41808793 0.50141087 -0.54259642 0.52856290
1778702208.70046854 -2.61820180 1.41902970 -2.01658870 0.41288008 0.50509674 -0.54617658 0.52545073
1778702208.73388600 -2.65057145 1.41453408 -1.99395635 0.40869995 0.51005208 -0.54833448 0.52167090
1778702208.76730394 -2.67278955 1.40841758 -1.98320934 0.40545463 0.51348681 -0.55022791 0.51883243
1778702208.80072117 -2.68170286 1.40783111 -1.98585852 0.40457634 0.51567921 -0.55062188 0.51692213
1778702208.83414006 -2.68816893 1.40044107 -1.99857403 0.40352528 0.51659567 -0.55114260 0.51627329
1778702208.86755919 -2.67789059 1.39716461 -2.02377769 0.40430155 0.51561264 -0.55140376 0.51636979
1778702208.90097880 -2.66885573 1.38913938 -2.06547392 0.40513300 0.51278976 -0.55258107 0.51726982
1778702208.93439913 -2.65512059 1.38723724 -2.09894216 0.40662654 0.50915180 -0.55369768 0.51849607
1778702208.96781969 -2.62562845 1.36217072 -2.15563694 0.40703809 0.50324381 -0.55438632 0.52318398
1778702209.00124049 -2.58953693 1.31924225 -2.23171634 0.40645558 0.49528810 -0.55512460 0.53039631
1778702209.03466177 -2.55452836 1.27776707 -2.30253118 0.40646602 0.48869455 -0.55407143 0.53755731
1778702209.06808352 -2.51912871 1.24215578 -2.36916200 0.40682292 0.48295996 -0.55238998 0.54415999
1778702209.10150576 -2.47895874 1.22553783 -2.43018322 0.40918297 0.47833175 -0.54997389 0.54890505
1778702209.13492823 -2.43410358 1.22558827 -2.48758691 0.41359292 0.47373113 -0.54761029 0.55194446
1778702209.16835165 -2.38791603 1.22112919 -2.54930913 0.41734439 0.46794542 -0.54632512 0.55531937
1778702209.20177507 -2.35647877 1.21597044 -2.59628263 0.42045268 0.46412238 -0.54481806 0.55765871
1778702209.23519802 -2.32874972 1.20558849 -2.64066233 0.42235628 0.46107169 -0.54334514 0.56018223
1778702209.26852489 -2.30752514 1.20463056 -2.67427269 0.42469453 0.46021052 -0.54059702 0.56177904
1778702209.30185151 -2.26955667 1.22274141 -2.71491632 0.42896957 0.46052400 -0.53587075 0.56280130
1778702209.33517838 -2.25844782 1.25092762 -2.73354776 0.43324009 0.46160004 -0.53220331 0.56212815
1778702209.36850476 -2.22967022 1.27842495 -2.76061491 0.43887830 0.46110861 -0.52841325 0.56173314
1778702209.40183139 -2.19362458 1.31327748 -2.78703638 0.44596792 0.46065937 -0.52358783 0.56103595
1778702209.43515730 -2.16779684 1.33552489 -2.81454268 0.45062383 0.45970587 -0.52049821 0.56097263
1778702209.46848345 -2.14835058 1.34560549 -2.84254873 0.45380298 0.45856362 -0.51797650 0.56167838
1778702209.50180960 -2.12992469 1.33686482 -2.87731299 0.45515967 0.45576559 -0.51718122 0.56358761
1778702209.53513527 -2.11048027 1.33197540 -2.91163310 0.45646362 0.45297012 -0.51632062 0.56557232
1778702209.56846118 -2.10181548 1.33071409 -2.93891700 0.45791990 0.45181519 -0.51486279 0.56664690
1778702209.60178685 -2.09524244 1.33219647 -2.96325157 0.45955985 0.45076430 -0.51384558 0.56707937
1778702209.63511205 -2.09414323 1.32724064 -2.98447983 0.46005515 0.44980911 -0.51397131 0.56732224
1778702209.66843653 -2.11043217 1.31751612 -2.99777760 0.45893976 0.45049490 -0.51450184 0.56720058
1778702209.70176196 -2.14547368 1.29709426 -3.00195578 0.45692149 0.45334112 -0.51563111 0.56553438
1778702209.73508668 -2.16181612 1.31336654 -2.99987193 0.45662803 0.45447874 -0.51883817 0.56191358
1778702209.76841187 -2.19687734 1.32689814 -2.99727435 0.45540607 0.45398899 -0.52565644 0.55694220
1778702209.80173683 -2.23156444 1.33307993 -2.99534047 0.45301504 0.45199928 -0.53459042 0.55198470
1778702209.83506131 -2.27221224 1.32411926 -2.99326359 0.44874780 0.44977273 -0.54423397 0.54784969
1778702209.86838579 -2.31754662 1.29359505 -2.99521475 0.44222402 0.44669215 -0.55430650 0.54557158
1778702209.90171051 -2.36470468 1.26481849 -2.99336790 0.43575216 0.44459631 -0.56321706 0.54336058
1778702209.93503475 -2.41794298 1.24579595 -2.98235828 0.42961444 0.44472691 -0.57059398 0.54043678
1778702209.96835899 -2.46912957 1.23607937 -2.96618969 0.42457048 0.44658390 -0.57579295 0.53736878
1778702210.00168276 -2.51534313 1.23157104 -2.94903443 0.42066716 0.44935605 -0.57918997 0.53446915
1778702210.03500676 -2.55837217 1.21843268 -2.93476710 0.41607040 0.45203230 -0.58217509 0.53256398
1778702210.06833053 -2.60237083 1.20214583 -2.92065543 0.41151308 0.45389206 -0.58592910 0.53040181
1778702210.10165429 -2.63606905 1.20287239 -2.89429521 0.41040467 0.45791848 -0.58723364 0.52634146
1778702210.13497686 -2.64388794 1.26416238 -2.88039936 0.41317375 0.46157574 -0.58760240 0.52053695
1778702210.16830039 -2.66307068 1.30829580 -2.86204625 0.41476889 0.46447190 -0.58880555 0.51530637
1778702210.20162368 -2.66368269 1.33647457 -2.86180844 0.41640308 0.46483376 -0.58995021 0.51234442
1778702210.23494720 -2.66489769 1.33021922 -2.87341844 0.41547692 0.46294195 -0.59202252 0.51241878
1778702210.26827335 -2.67196755 1.29335884 -2.88983782 0.41201408 0.46088443 -0.59389606 0.51489553
1778702210.30159926 -2.67378182 1.26139488 -2.90772326 0.40957424 0.45955479 -0.59401612 0.51788338
1778702210.33492565 -2.66753652 1.24223029 -2.92641556 0.40919601 0.45833538 -0.59296267 0.52046381
1778702210.36825156 -2.66536187 1.24562835 -2.93136377 0.41027804 0.45944763 -0.59077054 0.52112376
1778702210.40157723 -2.66182336 1.24151326 -2.94084941 0.41051068 0.45947543 -0.58970004 0.52212755
1778702210.43490291 -2.65851099 1.24711569 -2.94704003 0.41122225 0.45966404 -0.58908031 0.52210115
1778702210.46822858 -2.66186747 1.23898890 -2.95074841 0.41007715 0.45932110 -0.58990141 0.52237648
1778702210.50155354 -2.68081012 1.23114028 -2.94555200 0.40808579 0.45844284 -0.59279594 0.52142989
1778702210.53487873 -2.69558036 1.21195959 -2.95201716 0.40604871 0.45760443 -0.59444937 0.52187409
1778702210.56820321 -2.70008289 1.19641135 -2.95799913 0.40430348 0.45671413 -0.59533853 0.52299420
1778702210.60152793 -2.70681939 1.17751969 -2.96218614 0.40226761 0.45666285 -0.59532299 0.52462400
1778702210.63485265 -2.71202637 1.16394353 -2.96358936 0.40093740 0.45700768 -0.59505810 0.52564155
1778702210.66817737 -2.71604151 1.16647318 -2.96126799 0.40085835 0.45794398 -0.59468736 0.52530642
1778702210.70150208 -2.72209248 1.17057060 -2.95395151 0.40064878 0.45921509 -0.59449544 0.52457338
1778702210.73482609 -2.74190982 1.16983700 -2.93851014 0.39881521 0.46180112 -0.59467955 0.52349058
1778702210.76815057 -2.76246395 1.17107446 -2.92090504 0.39695592 0.46411151 -0.59550320 0.52192188
1778702210.80147457 -2.79039941 1.17551315 -2.89427276 0.39458426 0.46690601 -0.59724809 0.51922709
1778702210.83479905 -2.81530567 1.18545296 -2.86870185 0.39301714 0.47020087 -0.59816447 0.51637965
1778702210.86812282 -2.83536418 1.19596288 -2.84706885 0.39193549 0.47288811 -0.59893660 0.51384663
1778702210.90144658 -2.85162037 1.23406828 -2.82434340 0.39256844 0.47637506 -0.59855232 0.51058000
1778702210.93477035 -2.86875247 1.20456870 -2.81764804 0.38975168 0.47851379 -0.59880169 0.51044561
1778702210.96809363 -2.87056287 1.21374352 -2.81259359 0.39017777 0.48024073 -0.59758799 0.50992032
1778702211.00141573 -2.86675311 1.21185956 -2.81477265 0.39088888 0.48237807 -0.59404158 0.51149963
1778702211.03473902 -2.88873838 1.15911765 -2.80847859 0.38577014 0.48640920 -0.58958179 0.51670184
1778702211.06806207 -2.89087491 1.10377994 -2.81738894 0.38142075 0.48632402 -0.58744195 0.52241660
1778702211.10138535 -2.86359217 1.07702431 -2.84689739 0.38097752 0.48134182 -0.58830428 0.52636894
1778702211.13470793 -2.83246177 1.06226719 -2.87249775 0.38166816 0.47617681 -0.58950165 0.52921911
1778702211.16803050 -2.79931076 1.05621531 -2.89647802 0.38349277 0.47215383 -0.58922857 0.53180236
1778702211.20135307 -2.76041287 1.06037288 -2.91915109 0.38687787 0.46906149 -0.58729990 0.53421500
1778702211.23467612 -2.72326766 1.06327006 -2.93870738 0.39019128 0.46653044 -0.58479361 0.53676489
1778702211.26800132 -2.68876560 1.05394739 -2.96050157 0.39222952 0.46395738 -0.58230223 0.54020706
1778702211.30132699 -2.65638498 1.05790344 -2.97829312 0.39406445 0.46097263 -0.58067178 0.54317375
1778702211.33465195 -2.64496304 1.00643680 -2.98409937 0.39318977 0.45709123 -0.58075905 0.54698111
1778702211.36797714 -2.61020977 0.99762369 -3.00058623 0.39451173 0.45355478 -0.58018845 0.54957249
1778702211.40130186 -2.57854800 0.99133370 -3.01076473 0.39556900 0.45022959 -0.58007845 0.55165883
1778702211.43462682 -2.54843415 0.98745976 -3.01887373 0.39663788 0.44684720 -0.58037603 0.55332598
1778702211.46795011 -2.52364932 0.98302459 -3.02393868 0.39734117 0.44387837 -0.58077730 0.55478799
1778702211.50127506 -2.49935757 0.99031178 -3.02375162 0.39871908 0.44171275 -0.58124940 0.55503341
1778702211.53459930 -2.47270012 1.00556936 -3.02242312 0.40088627 0.43962817 -0.58173449 0.55461902
1778702211.56792331 -2.45095409 1.02337999 -3.01836918 0.40296336 0.43852746 -0.58194682 0.55376177
1778702211.60124755 -2.43030840 1.02706912 -3.01678178 0.40366678 0.43626723 -0.58323936 0.55367489
1778702211.63457155 -2.39964055 1.01574639 -3.02322594 0.40460459 0.43241414 -0.58435772 0.55483258
1778702211.66789532 -2.36943701 1.00918426 -3.03195888 0.40588821 0.42896505 -0.58445106 0.55647166
1778702211.70121908 -2.29672799 1.12307992 -3.05562886 0.41372725 0.42994911 -0.57848778 0.55617032
1778702211.73454237 -2.30689643 1.04189965 -3.04386892 0.41154060 0.42795308 -0.57856171 0.55924668
1778702211.76786590 -2.27943754 1.06362111 -3.04109181 0.41572683 0.43006837 -0.57308124 0.56016988
1778702211.80118918 -2.25670834 1.07436794 -3.03892456 0.41828232 0.43138084 -0.56847511 0.56194886
1778702211.83451223 -2.22929569 1.08738669 -3.04255720 0.42159626 0.43233428 -0.56359588 0.56365180
1778702211.86783552 -2.20742737 1.10979066 -3.03753145 0.42515765 0.43379305 -0.55948413 0.56395219
1778702211.90115690 -2.19559753 1.11344993 -3.03260346 0.42620971 0.43488345 -0.55679393 0.56497981
1778702211.93447971 -2.18940336 1.10950576 -3.02555214 0.42579779 0.43507947 -0.55599171 0.56592872
1778702211.96780252 -2.18491919 1.10227002 -3.01936055 0.42492999 0.43463147 -0.55631118 0.56661085
1778702212.00112486 -2.18899216 1.10832102 -3.00310656 0.42459262 0.43579660 -0.55619342 0.56608419
1778702212.03444695 -2.20361727 1.10395503 -2.98118372 0.42259025 0.43786521 -0.55650591 0.56567898
1778702212.06776953 -2.22316667 1.09608237 -2.95678930 0.41983975 0.44004816 -0.55723567 0.56531462
1778702212.10109138 -2.24916532 1.09537961 -2.92208619 0.41768777 0.44380587 -0.55716784 0.56403659
1778702212.13441324 -2.25886024 1.12591941 -2.88941149 0.41683878 0.44878789 -0.55639921 0.56147553
1778702212.16773486 -2.29459412 1.12267717 -2.84361696 0.41320762 0.45364845 -0.55666188 0.55999115
1778702212.20105672 -2.33252461 1.10015814 -2.80129023 0.40778799 0.45762507 -0.55888079 0.55851635
1778702212.23437929 -2.38142431 1.09828778 -2.74863620 0.40262305 0.46259020 -0.56120454 0.55583671
1778702212.26770616 -2.43488770 1.08751556 -2.69324698 0.39631985 0.46696062 -0.56532071 0.55253131
1778702212.30103278 -2.49056162 1.07378778 -2.63040821 0.38904481 0.47145492 -0.57005862 0.54900597
1778702212.33435845 -2.55155907 1.05297626 -2.56252802 0.38048187 0.47578761 -0.57569155 0.54537962
1778702212.36768460 -2.61252632 1.03578466 -2.48905575 0.37177440 0.48003658 -0.58191015 0.54104460
1778702212.40101075 -2.66451780 1.03590399 -2.41777063 0.36528861 0.48413764 -0.58748705 0.53575549
1778702212.43433690 -2.70788762 1.04918335 -2.35022212 0.36071219 0.48776104 -0.59274208 0.52974778
1778702212.46766305 -2.73936940 1.06062819 -2.29519035 0.35696038 0.48924142 -0.59825842 0.52469895
1778702212.50098848 -2.75875008 1.06684616 -2.25842612 0.35351585 0.48738759 -0.60490856 0.52111947
1778702212.53431439 -2.77614768 1.05550363 -2.23400157 0.34868359 0.48331116 -0.61241434 0.51940230
1778702212.56763983 -2.80176022 1.03575625 -2.20469388 0.34218636 0.47976201 -0.62006508 0.51793456
1778702212.60096550 -2.76879127 1.14001420 -2.18541839 0.34417119 0.48018189 -0.62273533 0.51300318
1778702212.63429046 -2.80024004 1.12168001 -2.14238671 0.34107448 0.47877175 -0.62953847 0.50806212
1778702212.66761589 -2.79183742 1.20114781 -2.10977718 0.34789046 0.47897389 -0.63292136 0.49896572
1778702212.70094085 -2.77784928 1.27982432 -2.08825625 0.35536227 0.47931011 -0.63500418 0.49066197
1778702212.73426580 -2.76643040 1.32809978 -2.06658591 0.36020494 0.48087763 -0.63452798 0.48619271
1778702212.76759052 -2.75976894 1.36522014 -2.04726294 0.36434374 0.48312181 -0.63283006 0.48308701
1778702212.80091429 -2.74616363 1.41346068 -2.02795042 0.37001407 0.48545046 -0.63072253 0.47918318
1778702212.83423877 -2.73240098 1.45530658 -2.00615715 0.37541816 0.48826079 -0.62768199 0.47610705
1778702212.86756349 -2.72640085 1.47320402 -1.98869339 0.37862098 0.49132572 -0.62388817 0.47540377
1778702212.90088773 -2.72633323 1.46238136 -1.97868104 0.37908653 0.49365007 -0.61995819 0.47776024
1778702212.93421197 -2.71636073 1.44549607 -1.98146757 0.38012043 0.49396043 -0.61604797 0.48166010
1778702212.96753573 -2.69162705 1.43929887 -1.99549456 0.38360774 0.49309433 -0.61135395 0.48574626
1778702213.00085974 -2.66216833 1.43691950 -2.01335108 0.38834932 0.49208945 -0.60580088 0.48993680
1778702213.03418326 -2.61110115 1.50660620 -2.02301969 0.39662012 0.49246065 -0.59793251 0.49259690
1778702213.06750679 -2.57828845 1.50389514 -2.04077903 0.40111709 0.49106996 -0.59236445 0.49705103
1778702213.10083032 -2.52618705 1.48265110 -2.06794754 0.40616126 0.48717865 -0.58779022 0.50218787
1778702213.13415384 -2.48184040 1.48672894 -2.09248169 0.41166126 0.48293948 -0.58424528 0.50592680
1778702213.16747737 -2.44035009 1.48216449 -2.11835531 0.41568471 0.47800082 -0.58177320 0.51015820
1778702213.20080042 -2.40072366 1.48480147 -2.13310302 0.41989425 0.47402609 -0.57929958 0.51322517
1778702213.23412490 -2.36211435 1.48837793 -2.14315805 0.42377793 0.47020858 -0.57740393 0.51567515
1778702213.26745200 -2.32266703 1.49910152 -2.14818698 0.42797580 0.46636062 -0.57622759 0.51701669
1778702213.30077863 -2.28043214 1.50914365 -2.15635742 0.43162597 0.46133980 -0.57643249 0.51825689
1778702213.33410525 -2.23703136 1.53336656 -2.15842132 0.43697306 0.45760532 -0.57548891 0.51813553
1778702213.36743116 -2.19738728 1.55745132 -2.15812887 0.44230962 0.45478077 -0.57369029 0.51808889
1778702213.40075755 -2.16492474 1.57731091 -2.15207076 0.44668002 0.45352136 -0.57116365 0.51823491
1778702213.43408370 -2.14480487 1.58423460 -2.14292510 0.44843344 0.45323473 -0.56893355 0.51942309
1778702213.46740961 -2.13716883 1.58474534 -2.12539259 0.44872646 0.45508751 -0.56579563 0.52097526
1778702213.50073528 -2.16262842 1.59742562 -2.10197656 0.44751129 0.45971192 -0.56215393 0.52190186
1778702213.53406119 -2.16354345 1.57706759 -2.08663582 0.44496093 0.46157267 -0.55914250 0.52566159
1778702213.56738663 -2.17808179 1.54475505 -2.07479519 0.44066577 0.46396947 -0.55636437 0.53009876
1778702213.60071206 -2.19160183 1.50961518 -2.06122778 0.43593415 0.46611034 -0.55370095 0.53489983
1778702213.63403726 -2.19895865 1.47372970 -2.05975214 0.43128389 0.46631620 -0.55202957 0.54019141
1778702213.66736174 -2.20023979 1.43184839 -2.06546706 0.42627967 0.46433456 -0.55202070 0.54584999
1778702213.70068669 -2.19625148 1.39878645 -2.07206091 0.42246714 0.46177926 -0.55186036 0.55111847
1778702213.73401165 -2.19098565 1.37662974 -2.07705358 0.42042918 0.45987377 -0.55105328 0.55506370
1778702213.76733661 -2.18176978 1.37267508 -2.07393561 0.42057042 0.45896604 -0.54964389 0.55710169
1778702213.80066109 -2.18017225 1.37210379 -2.06423636 0.42068412 0.45944890 -0.54801992 0.55821658
1778702213.83398557 -2.18648202 1.36469890 -2.04934156 0.41892924 0.46028743 -0.54782118 0.55904001
1778702213.86731029 -2.19903682 1.35272511 -2.03029428 0.41575863 0.46130396 -0.54892565 0.55948553
1778702213.90063453 -2.21329810 1.33527308 -2.01142763 0.41132248 0.46159170 -0.55145501 0.56003954
1778702213.93395877 -2.23457659 1.32122388 -1.98485583 0.40734409 0.46404660 -0.55218591 0.56019841
1778702213.96728253 -2.26443059 1.30943612 -1.95047224 0.40408136 0.46824732 -0.55181739 0.55942852
1778702214.00060654 -2.28398466 1.33484258 -1.91808789 0.40376401 0.47142325 -0.55251532 0.55629270
1778702214.03393006 -2.29483996 1.33871912 -1.89019945 0.40330605 0.47185456 -0.55520578 0.55357389
1778702214.06725383 -2.30201894 1.37907896 -1.85778350 0.40470321 0.47296152 -0.55809478 0.54868291
1778702214.10057735 -2.31339595 1.40651514 -1.82021880 0.40540329 0.47473413 -0.56112567 0.54351969
1778702214.13389993 -2.32228123 1.44335194 -1.78068034 0.40715315 0.47621154 -0.56444574 0.53744756
1778702214.16722322 -2.33172303 1.47527386 -1.74382724 0.40851653 0.47765663 -0.56724662 0.53215567
1778702214.20054626 -2.34252988 1.50415066 -1.70559599 0.40979336 0.47958495 -0.56917980 0.52735380
1778702214.23386908 -2.34924060 1.52725380 -1.67784887 0.41103337 0.47965909 -0.57175679 0.52351972
1778702214.26725292 -2.34581806 1.55698663 -1.65975925 0.41334806 0.47786185 -0.57498499 0.51979197
1778702214.30065703 -2.34043432 1.58944071 -1.64360400 0.41667757 0.47609525 -0.57726854 0.51621133
1778702214.33406115 -2.33575812 1.62854521 -1.62505803 0.42081709 0.47528090 -0.57876266 0.51191291
1778702214.36746573 -2.32574658 1.67223671 -1.59980515 0.42659772 0.47534781 -0.57888699 0.50690108
1778702214.40087104 -2.31329068 1.72357347 -1.56873447 0.43483068 0.47688986 -0.57675328 0.50085327
1778702214.43427682 -2.30088799 1.77556549 -1.52978923 0.44448723 0.47966241 -0.57280197 0.49421956
1778702214.46768236 -2.28001162 1.83622012 -1.49787899 0.45548624 0.48244664 -0.56731857 0.48777779
1778702214.50108862 -2.25989531 1.90081316 -1.46037004 0.46644558 0.48549832 -0.56085412 0.48183250
1778702214.53449535 -2.23706329 1.93601138 -1.44683093 0.47537288 0.48627186 -0.55580706 0.47816190
1778702214.56790137 -2.22106128 1.97737477 -1.42421664 0.48248796 0.48694521 -0.55128566 0.47557739
1778702214.60130882 -2.20789067 1.99281583 -1.41624693 0.48629268 0.48637441 -0.54869490 0.47528231
1778702214.63471627 -2.20501634 1.99058975 -1.41530881 0.48755368 0.48525355 -0.54740077 0.47662648
1778702214.66812420 -2.19850251 1.98906147 -1.41776253 0.48823510 0.48343460 -0.54680748 0.47845486
1778702214.70153284 -2.19167964 1.98570983 -1.41812851 0.48927964 0.48222116 -0.54511520 0.48053887
1778702214.73494148 -2.18649134 1.97703310 -1.41874844 0.49040535 0.48182520 -0.54175389 0.48358018
1778702214.76835084 -2.17541665 1.96906087 -1.42243200 0.49272775 0.48102656 -0.53717255 0.48711238
1778702214.80176044 -2.16073501 1.95936422 -1.43100943 0.49535722 0.47996192 -0.53173681 0.49144048
1778702214.83517027 -2.13902130 1.94887024 -1.44886560 0.49843217 0.47732398 -0.52644928 0.49656655
1778702214.86858058 -2.11124289 1.93745180 -1.47361270 0.50156982 0.47318899 -0.52154228 0.50250726
1778702214.90199113 -2.07753459 1.92291381 -1.50859929 0.50443816 0.46725266 -0.51721870 0.50960957
1778702214.93540215 -2.04344738 1.90389036 -1.54637257 0.50641200 0.46078940 -0.51349420 0.51724628
1778702214.96881318 -2.01094259 1.88245467 -1.58867066 0.50845778 0.45424411 -0.51049370 0.52395530
1778702215.00222397 -1.96962059 1.88482908 -1.60437973 0.51238832 0.44889094 -0.50651416 0.52858163
1778702215.03563619 -1.94023087 1.87295017 -1.61936306 0.51463069 0.44498313 -0.50354794 0.53252675
1778702215.06904840 -1.90899287 1.88228942 -1.61671297 0.51737535 0.44247161 -0.50094668 0.53441000
1778702215.10246134 -1.88491819 1.88156402 -1.61631548 0.51880491 0.43994405 -0.49970231 0.53627260
1778702215.13587451 -1.86677618 1.87754226 -1.61443801 0.51884486 0.43810129 -0.49890379 0.53848146
1778702215.16928816 -1.85239886 1.86716614 -1.61640445 0.51786111 0.43629338 -0.49821347 0.54152683
1778702215.20270157 -1.84489993 1.85080811 -1.61817242 0.51587202 0.43509181 -0.49751553 0.54502245
1778702215.23611617 -1.83530956 1.83937951 -1.61771851 0.51498216 0.43410697 -0.49606349 0.54796490
1778702215.26943493 -1.82753626 1.83179443 -1.61270340 0.51467201 0.43412185 -0.49366846 0.55040204
1778702215.30275369 -1.82383004 1.82708100 -1.60070208 0.51512783 0.43535301 -0.49037195 0.55194785
1778702215.33607173 -1.81630783 1.82724235 -1.59035890 0.51627256 0.43600161 -0.48737201 0.55302239
1778702215.36939025 -1.80784003 1.82795584 -1.58046113 0.51748458 0.43641927 -0.48456626 0.55402479
1778702215.40270805 -1.80719911 1.82477727 -1.56810841 0.51742119 0.43727025 -0.48286461 0.55489802
1778702215.43602562 -1.80870185 1.82497394 -1.55524108 0.51616029 0.43784847 -0.48300011 0.55549813
1778702215.46934223 -1.81491176 1.81788911 -1.54530381 0.51331361 0.43744150 -0.48560507 0.55618503
1778702215.50265980 -1.82396248 1.79281973 -1.54465888 0.50889162 0.43646948 -0.48895852 0.55807103
1778702215.53597713 -1.83744146 1.78338170 -1.53084352 0.50383393 0.43678747 -0.49219602 0.55956337
1778702215.56929398 -1.85815426 1.75232284 -1.52427677 0.49731631 0.43713896 -0.49629462 0.56149592
1778702215.60261083 -1.88117244 1.73483859 -1.50281695 0.49162097 0.43896231 -0.50010139 0.56171123
1778702215.63592744 -1.90492928 1.72459649 -1.47279190 0.48632029 0.44194392 -0.50380718 0.56067502
1778702215.66924381 -1.93025630 1.71853539 -1.43631834 0.48171577 0.44573591 -0.50698655 0.55877908
1778702215.70255995 -1.95654900 1.71823858 -1.39487433 0.47795246 0.45017195 -0.50970595 0.55597348
1778702215.73587584 -1.98325419 1.71894351 -1.34880570 0.47438530 0.45524948 -0.51206454 0.55271730
1778702215.76919150 -2.01285929 1.71383878 -1.30060530 0.46976538 0.46068444 -0.51454613 0.54984781
1778702215.80250740 -2.04318031 1.71064033 -1.25337410 0.46467934 0.46550085 -0.51810087 0.54676645
1778702215.83582282 -2.07018667 1.70542554 -1.21117093 0.45934590 0.46916900 -0.52230355 0.54413307
1778702215.86913753 -2.08972122 1.70876821 -1.17329712 0.45516877 0.47141944 -0.52711238 0.54105235
1778702215.90245152 -2.10177963 1.71967068 -1.14138087 0.45266853 0.47254792 -0.53157101 0.53779357
1778702215.93576670 -2.09472182 1.74840859 -1.11092264 0.45313506 0.47296097 -0.53477703 0.53384461
1778702215.96908092 -2.10476683 1.75897623 -1.08057015 0.45178158 0.47435607 -0.53805176 0.53045266
1778702216.00239515 -2.12122688 1.76618797 -1.04740484 0.44982425 0.47651477 -0.54111489 0.52705454
1778702216.03570962 -2.12825858 1.78077653 -1.00239750 0.45035581 0.47988386 -0.54262567 0.52196600
1778702216.06902361 -2.13545460 1.81229760 -0.95109118 0.45430720 0.48470632 -0.54190608 0.51478399
1778702216.10233712 -2.12981920 1.85128846 -0.89653367 0.46052050 0.48916725 -0.54043337 0.50652546
1778702216.13565063 -2.11615758 1.88317101 -0.85001078 0.46605141 0.49212463 -0.53949502 0.49955436
1778702216.16896415 -2.10901407 1.90748020 -0.81870513 0.46939547 0.49351913 -0.53962422 0.49488631
1778702216.20227718 -2.10626965 1.91879726 -0.80117855 0.47041530 0.49366530 -0.54050881 0.49280244
1778702216.23559022 -2.10081727 1.92296308 -0.79485700 0.46948818 0.49201809 -0.54270187 0.49292366
1778702216.26895428 -2.09666971 1.92074435 -0.79320470 0.46758413 0.48978244 -0.54535961 0.49402544
1778702216.30235028 -2.09728245 1.91617009 -0.78719945 0.46615320 0.48875401 -0.54621776 0.49544613
1778702216.33574533 -2.09902703 1.90880842 -0.78020320 0.46613642 0.48876960 -0.54432703 0.49752305
1778702216.36914182 -2.09692966 1.90272261 -0.77701114 0.46850580 0.48852280 -0.54002337 0.50022249
1778702216.40253854 -2.09283761 1.89191345 -0.78579207 0.47133160 0.48707018 -0.53461115 0.50477726
1778702216.43593574 -2.08648600 1.88090874 -0.80571594 0.47492784 0.48355068 -0.52919063 0.51046994
1778702216.46933317 -2.08468124 1.88174251 -0.82863487 0.47984368 0.47964095 -0.52346184 0.51544380
1778702216.50273061 -2.05595472 1.88860905 -0.85778428 0.48633218 0.47326953 -0.51777385 0.52096756
1778702216.53612900 -2.02864824 1.89461707 -0.89063112 0.49206896 0.46594398 -0.51288692 0.52698325
1778702216.56952715 -1.99469014 1.89148009 -0.93099115 0.49754537 0.45676750 -0.50912324 0.53348438
1778702216.60292578 -1.95851148 1.89370838 -0.96848002 0.50315846 0.44758500 -0.50539917 0.53950988
1778702216.63632441 -1.92418658 1.90273781 -0.99920458 0.50859887 0.43913751 -0.50145499 0.54500305
1778702216.66972375 -1.89393430 1.89765976 -1.03490311 0.51287353 0.43042838 -0.49709614 0.55189454
1778702216.70312333 -1.87209877 1.87675241 -1.08085624 0.51512725 0.42207983 -0.49092005 0.56168500
1778702216.73652291 -1.85496173 1.84904785 -1.12419704 0.51675618 0.41469852 -0.48329572 0.57220052
1778702216.76992297 -1.84663310 1.82133499 -1.15097313 0.51783593 0.41058202 -0.47463449 0.58136947
1778702216.80332255 -1.84448308 1.79977481 -1.15909356 0.51785371 0.40909834 -0.46785068 0.58786208
1778702216.83672309 -1.83828814 1.78880425 -1.15984268 0.51763059 0.40739113 -0.46421444 0.59211147
1778702216.87012386 -1.82493221 1.78872929 -1.15939922 0.51748630 0.40421487 -0.46394000 0.59462421
1778702216.90352488 -1.81449481 1.79461250 -1.14832567 0.51797647 0.40259593 -0.46383325 0.59537854
1778702216.93692684 -1.81435364 1.79851712 -1.12603501 0.51852323 0.40383298 -0.46258183 0.59503835
1778702216.97032833 -1.81739441 1.80077197 -1.10027508 0.51898692 0.40620580 -0.46055068 0.59459440
1778702217.00373054 -1.82545290 1.78554397 -1.07808005 0.51852977 0.40889522 -0.45898195 0.59436281
1778702217.03713298 -1.83397008 1.80008193 -1.04486661 0.52039452 0.41239737 -0.45713541 0.59173066
1778702217.07053590 -1.83166908 1.80650579 -1.01585438 0.52157432 0.41437499 -0.45610378 0.59010418
1778702217.10393858 -1.83953009 1.81403868 -0.99241376 0.52066482 0.41629833 -0.45686695 0.58896217
1778702217.13734174 -1.85119367 1.80441132 -0.96964934 0.51686855 0.41859503 -0.45888739 0.58910734
1778702217.17074537 -1.86455258 1.79851230 -0.94321717 0.51239331 0.42132186 -0.46188483 0.58873032
1778702217.20414925 -1.88449456 1.78854157 -0.91230385 0.50629229 0.42505170 -0.46593786 0.58813356
1778702217.23755240 -1.91198340 1.77516204 -0.87080733 0.49924583 0.43120160 -0.46964697 0.58672864
1778702217.27090859 -1.94378161 1.76161714 -0.81665636 0.49232349 0.43960872 -0.47287049 0.58374245
1778702217.30421948 -1.96845796 1.75828482 -0.75832196 0.48737376 0.44751573 -0.47610415 0.57924203
1778702217.33753014 -1.98568479 1.75985147 -0.70554814 0.48300643 0.45342697 -0.48065625 0.57452445
1778702217.37084055 -2.00133943 1.76735829 -0.65077992 0.47911064 0.45894008 -0.48564485 0.56918896
1778702217.40415096 -2.01440824 1.77616100 -0.59722673 0.47517329 0.46355100 -0.49159656 0.56361657
1778702217.43746066 -2.02081074 1.79178777 -0.55069726 0.47185215 0.46601493 -0.49878527 0.55803126
1778702217.47077036 -2.01630569 1.80030993 -0.51050547 0.46774212 0.46704723 -0.50617241 0.55396181
1778702217.50407958 -2.02504377 1.81210385 -0.47607404 0.46253529 0.46761291 -0.51437746 0.55028638
1778702217.53738832 -2.03490989 1.82216244 -0.44156073 0.45804796 0.46874826 -0.52123079 0.54661283
1778702217.57069731 -2.03925818 1.83964583 -0.40199449 0.45520225 0.46989021 -0.52724189 0.54222697
1778702217.60400605 -2.04715408 1.85200313 -0.37353136 0.45186192 0.47042037 -0.53312478 0.53879815
1778702217.63731408 -2.05145020 1.86830640 -0.34532654 0.44932120 0.47065727 -0.53851797 0.53534157
1778702217.67062140 -2.05304400 1.88400667 -0.32556491 0.44607235 0.46952555 -0.54476034 0.53273012
1778702217.70392895 -2.05465952 1.89865399 -0.30446139 0.44319511 0.46866325 -0.55067076 0.52980615
1778702217.73723626 -2.04853968 1.92310119 -0.27987256 0.44398145 0.46767140 -0.55515124 0.52532946
1778702217.77054381 -2.03086783 1.95962737 -0.25540143 0.44871964 0.46590488 -0.55834834 0.51945207
1778702217.80385065 -2.00828810 2.00078188 -0.22620735 0.45601492 0.46433262 -0.56020822 0.51245718
1778702217.83715725 -1.98013188 2.04204649 -0.21141377 0.46246107 0.46068034 -0.56298765 0.50690067
1778702217.87046361 -1.95458406 2.08061057 -0.20697340 0.46702883 0.45557703 -0.56680241 0.50305931
1778702217.90376973 -1.93892924 2.10559033 -0.20251081 0.46896642 0.45188249 -0.57014890 0.50080231
1778702217.93707561 -1.93032068 2.12272257 -0.19064642 0.47040251 0.45008515 -0.57207030 0.49887916
1778702217.97038126 -1.92254930 2.14495227 -0.17349645 0.47246136 0.44898350 -0.57327026 0.49654334
1778702218.00368619 -1.91732572 2.15413270 -0.15990607 0.47473243 0.44838962 -0.57301498 0.49520673
1778702218.03699136 -1.92123357 2.15513343 -0.14685636 0.47597198 0.44887799 -0.57137357 0.49547095
1778702218.07029653 -1.93008675 2.14641453 -0.13193877 0.47722100 0.44960306 -0.56839496 0.49703559
1778702218.10360074 -1.94004445 2.14054231 -0.12148098 0.47998204 0.45115254 -0.56371453 0.49830167
1778702218.13690400 -1.94701741 2.13231045 -0.10200115 0.48196919 0.45217210 -0.56031476 0.49929297
1778702218.17020822 -1.94575880 2.13213223 -0.10192782 0.48481901 0.45025760 -0.55754199 0.50136368
1778702218.20351219 -1.94631611 2.13036374 -0.10803952 0.48978652 0.44780176 -0.55250506 0.50430239
1778702218.23681545 -1.95315889 2.12174536 -0.11708923 0.49485023 0.44564962 -0.54575379 0.50859853
1778702218.27014375 -1.95801474 2.11313022 -0.13551696 0.49956622 0.44173806 -0.53935158 0.51419933
1778702218.30353308 -1.96072439 2.10615085 -0.16219185 0.50278260 0.43640097 -0.53464497 0.52049842
1778702218.33692217 -1.96008651 2.09951095 -0.18573529 0.50601272 0.43122152 -0.52991703 0.52648558
1778702218.37031174 -1.95583676 2.09412068 -0.20809999 0.50941336 0.42575656 -0.52552883 0.53202334
1778702218.40370154 -1.95350308 2.08916916 -0.22835870 0.51241004 0.42068292 -0.52122055 0.53739275
1778702218.43709207 -1.95608906 2.07874478 -0.23732953 0.51519158 0.41784675 -0.51583271 0.54212392
1778702218.47048235 -1.96149445 2.06688247 -0.22933219 0.51904460 0.41776232 -0.50898837 0.54497540
1778702218.50387287 -1.96905365 2.06762598 -0.23601756 0.52272943 0.41674714 -0.50280951 0.54795836
1778702218.53726339 -1.96484625 2.06269305 -0.23963858 0.52720968 0.41404532 -0.49668978 0.55128548
1778702218.57065392 -1.95880307 2.06483310 -0.25234001 0.53210773 0.40975767 -0.49129139 0.55461049
1778702218.60404491 -1.95238047 2.06024921 -0.26926851 0.53435620 0.40504801 -0.48748831 0.55924476
1778702218.63743663 -1.95828775 2.05004862 -0.27920595 0.53408402 0.40246225 -0.48448057 0.56396539
1778702218.67082810 -1.96202093 2.04018726 -0.28347449 0.53362508 0.40050220 -0.48215578 0.56777466
1778702218.70422029 -1.96503855 2.03356507 -0.28397031 0.53318565 0.39910137 -0.48023125 0.57079690
1778702218.73761249 -1.97472751 2.02292510 -0.26915587 0.53335047 0.40039938 -0.47701812 0.57242583
1778702218.77100468 -1.98697603 2.01141934 -0.24915608 0.53411769 0.40294370 -0.47292707 0.57331897
1778702218.80439711 -2.00054942 1.99904946 -0.23606932 0.53305515 0.40486886 -0.47019857 0.57519276
1778702218.83779025 -2.01731465 1.98443713 -0.22373724 0.53057556 0.40714433 -0.46816661 0.57753190
1778702218.87118340 -2.03428069 1.97027378 -0.21281379 0.52774459 0.40914871 -0.46652887 0.58002913
1778702218.90457678 -2.04985755 1.95750930 -0.20231855 0.52464443 0.41061070 -0.46574621 0.58243243
1778702218.93797040 -2.06278794 1.94863877 -0.18879453 0.52207316 0.41192935 -0.46559991 0.58392684
1778702218.97136450 -2.07225821 1.94539915 -0.16833477 0.52088729 0.41339528 -0.46566590 0.58389729
1778702219.00475764 -2.07670402 1.94601789 -0.13892642 0.51954555 0.41503767 -0.46652847 0.58323866
1778702219.03815150 -2.07994998 1.94957063 -0.10868926 0.51810767 0.41731332 -0.46857606 0.58124910
1778702219.07154632 -2.08072147 1.96032333 -0.07684380 0.51531733 0.41927375 -0.47315362 0.57860455
1778702219.10494089 -2.08095199 1.96773994 -0.04592044 0.51041226 0.42063431 -0.47976863 0.57651380
1778702219.13833618 -2.08162758 1.97910890 -0.01324077 0.50507521 0.42216893 -0.48695382 0.57406307
1778702219.17173100 -2.07882154 1.99576933 0.02242930 0.49970900 0.42357769 -0.49472673 0.57106769
1778702219.20512652 -2.07128827 2.01366112 0.05737665 0.49332883 0.42447040 -0.50324591 0.56850251
1778702219.23852253 -2.06752986 2.03078506 0.08983686 0.48475200 0.42520668 -0.51341968 0.56622876
1778702219.27191186 -2.06383633 2.04846031 0.12514094 0.47518119 0.42629566 -0.52431960 0.56352800
1778702219.30521536 -2.05850712 2.06802809 0.16249442 0.46605941 0.42756913 -0.53499331 0.56013875
1778702219.33851838 -2.05410705 2.08731868 0.20128162 0.45828114 0.42919817 -0.54410146 0.55652576
1778702219.37182093 -2.05507522 2.09986990 0.25173064 0.45253459 0.43309264 -0.55041306 0.55198612
1778702219.40512371 -2.06003326 2.10572265 0.30750367 0.44653818 0.43858239 -0.55554430 0.54737525
1778702219.43842602 -2.06521038 2.10936101 0.37241163 0.44164834 0.44545711 -0.55935692 0.54188056
1778702219.47172666 -2.06130451 2.12016574 0.42250316 0.43704998 0.44933675 -0.56450236 0.53704830
1778702219.50502801 -2.05036116 2.12740941 0.46564760 0.43316523 0.45163352 -0.56976801 0.53269077
1778702219.53832912 -2.03488441 2.14825830 0.51111804 0.43260539 0.45418192 -0.57407391 0.52631787
1778702219.57163024 -2.01091923 2.18150752 0.56237656 0.43535004 0.45681858 -0.57707049 0.51843686
1778702219.60493016 -1.99633387 2.18952133 0.60565722 0.43745193 0.45883262 -0.57954703 0.51208756
1778702219.63823032 -1.98251641 2.20549765 0.64241861 0.44005142 0.46018597 -0.58097817 0.50699899
1778702219.67153001 -1.96493284 2.22881360 0.68165221 0.44581651 0.46152041 -0.58025126 0.50155262
1778702219.70482969 -1.95521033 2.24000213 0.71438703 0.45055946 0.46268970 -0.57918270 0.49745534
1778702219.73812866 -1.94603464 2.25157325 0.73800786 0.45291053 0.46279946 -0.57956753 0.49476277
1778702219.77142739 -1.94140022 2.25836516 0.75628183 0.45315447 0.46297500 -0.58016851 0.49366960
1778702219.80472589 -1.94084246 2.26304389 0.77388673 0.45318574 0.46334228 -0.58010008 0.49337665
1778702219.83802414 -1.94581713 2.26406635 0.77973157 0.45236240 0.46266806 -0.58002087 0.49485586
1778702219.87132168 -1.95417231 2.26391547 0.77917153 0.45242977 0.46124684 -0.57884175 0.49749461
1778702219.90461826 -1.96685220 2.26057069 0.77440909 0.45327132 0.45940981 -0.57661063 0.50100690
1778702219.93791556 -1.98211574 2.25499374 0.76731661 0.45438953 0.45733843 -0.57375183 0.50515399
1778702219.97121215 -2.00005441 2.24783578 0.75844940 0.45597501 0.45529457 -0.57017628 0.50960048
1778702220.00450826 -2.02830235 2.23160113 0.74379715 0.45714491 0.45314725 -0.56676765 0.51424753
1778702220.03780437 -2.03824402 2.23114876 0.73037028 0.46011882 0.44961040 -0.56317533 0.51862772
1778702220.07110000 -2.05172186 2.22962912 0.71087618 0.46259545 0.44478515 -0.56039579 0.52357252
1778702220.10439539 -2.05883271 2.23724091 0.68927159 0.46500803 0.43894820 -0.55824646 0.52863305
1778702220.13769102 -2.06273984 2.24660793 0.65764109 0.46698399 0.43219864 -0.55696855 0.53377554
1778702220.17098570 -2.06430719 2.25742823 0.62728052 0.46853932 0.42502016 -0.55627121 0.53887949
1778702220.20427990 -2.06591374 2.27066617 0.59680028 0.47007145 0.41738051 -0.55558878 0.54419432
1778702220.23757410 -2.06620255 2.27975895 0.57204278 0.47223278 0.41083462 -0.55422765 0.54867370
1778702220.27087140 -2.06539892 2.29063675 0.56052242 0.47525449 0.40631142 -0.55221218 0.55145798
1778702220.30421734 -2.06554932 2.29688219 0.56022259 0.47916732 0.40358101 -0.54936338 0.55292036
1778702220.33756280 -2.06572853 2.29640428 0.57244207 0.48257379 0.40298878 -0.54607439 0.55364732
1778702220.37090898 -2.07424286 2.28744395 0.58765631 0.48354623 0.40405795 -0.54287724 0.55516170
1778702220.40425587 -2.09104122 2.26834759 0.60525043 0.48215857 0.40669983 -0.53944236 0.55778159
1778702220.43760252 -2.11206257 2.24309235 0.62747615 0.48057821 0.41064674 -0.53510910 0.56042135
1778702220.47094941 -2.13367655 2.21394867 0.65511119 0.47903757 0.41549813 -0.53035606 0.56267821
1778702220.50429654 -2.15478303 2.18269754 0.68928385 0.47860956 0.42143755 -0.52499091 0.56365577
1778702220.53764439 -2.17494219 2.14702423 0.73654502 0.47967462 0.42898124 -0.51871415 0.56287031
1778702220.57099199 -2.18674008 2.11812837 0.78155457 0.48099636 0.43648148 -0.51282591 0.56136976
1778702220.60434008 -2.20319724 2.08573132 0.82259288 0.48078600 0.44343695 -0.50864773 0.55989819
1778702220.63768816 -2.21038451 2.06310422 0.86947838 0.48126296 0.44962178 -0.50504861 0.55781012
1778702220.67103672 -2.21551616 2.04359103 0.90467273 0.48130709 0.45447359 -0.50300310 0.55568438
1778702220.70438528 -2.21403670 2.03658366 0.93611209 0.48221569 0.45735095 -0.50212199 0.55332779
1778702220.73773432 -2.20909164 2.03965422 0.96264202 0.48367307 0.45835809 -0.50191218 0.55140946
1778702220.77108335 -2.20695549 2.03794620 0.98866445 0.48483761 0.45998096 -0.50155874 0.54935311
1778702220.80443168 -2.20583186 2.03311859 1.02032901 0.48563393 0.46237218 -0.50116962 0.54699238
1778702220.83778143 -2.20244684 2.02920137 1.05729575 0.48533057 0.46538097 -0.50170758 0.54420979
1778702220.87113118 -2.19654261 2.02802981 1.09780453 0.48385949 0.46871214 -0.50333565 0.54114891
1778702220.90448141 -2.18600067 2.03377767 1.13702859 0.48124698 0.47137690 -0.50668538 0.53802890
1778702220.93783164 -2.17119661 2.04287763 1.17744632 0.47815973 0.47393411 -0.51087321 0.53456365
1778702220.97118187 -2.15530892 2.05355507 1.22215767 0.47466901 0.47671872 -0.51562390 0.53062283
1778702221.00453281 -2.13658833 2.06818736 1.26403001 0.47044251 0.47892791 -0.52128498 0.52685279
1778702221.03788376 -2.11666755 2.08385501 1.30499168 0.46589690 0.48090796 -0.52735653 0.52303222
1778702221.07123494 -2.09862468 2.09793026 1.34667312 0.46167426 0.48303904 -0.53285334 0.51922777
1778702221.10458636 -2.08513262 2.10423958 1.38176916 0.45807943 0.48494219 -0.53759883 0.51573424
1778702221.13793778 -2.07283622 2.11511321 1.41478438 0.45627311 0.48676836 -0.54033165 0.51275055
1778702221.17128944 -2.08109478 2.10801145 1.44912654 0.45400567 0.48912888 -0.54183367 0.51092864
1778702221.20464158 -2.08909517 2.09716464 1.48547412 0.45200701 0.49274282 -0.54165346 0.50941702
1778702221.23799300 -2.10062636 2.08429186 1.50975228 0.44778907 0.49638114 -0.54060274 0.51072437
1778702221.27133703 -2.13153988 2.05714128 1.52915690 0.43941504 0.50087948 -0.53941299 0.51484736
1778702221.30464840 -2.16225381 2.01625972 1.56134669 0.43215049 0.50717544 -0.53627313 0.51810246
1778702221.33795929 -2.18297417 1.98140407 1.59820019 0.42737994 0.51292291 -0.53366198 0.51909668
1778702221.37126970 -2.18660372 1.96063494 1.64041517 0.42589977 0.51768609 -0.53228259 0.51699686
1778702221.40458012 -2.17696739 1.94144343 1.69299538 0.42704837 0.52284178 -0.53117549 0.51197535
1778702221.43789053 -2.15727662 1.92248803 1.75491248 0.43004771 0.52852698 -0.53010190 0.50468819
1778702221.47120047 -2.13390576 1.90423210 1.81752778 0.43304545 0.53427900 -0.52924870 0.49690382
1778702221.50450993 -2.10827688 1.89074433 1.87210031 0.43549817 0.53900416 -0.52904386 0.48982492
1778702221.53781915 -2.08556290 1.88623324 1.91568917 0.43778703 0.54190285 -0.52961758 0.48393082
1778702221.57112837 -2.07123535 1.88251082 1.94801853 0.43860119 0.54389917 -0.53011883 0.48039225
1778702221.60443711 -2.06254696 1.88000750 1.97277445 0.43806903 0.54540676 -0.53055026 0.47868927
1778702221.63774586 -2.06913383 1.86423316 1.99973812 0.43690156 0.54713696 -0.53084104 0.47745782
1778702221.67105317 -2.06564763 1.86453334 2.01987092 0.43754799 0.54788335 -0.52994480 0.47700535
1778702221.70436144 -2.06852002 1.86614853 2.02248085 0.43778956 0.54704654 -0.52981758 0.47788462
1778702221.73766899 -2.06906402 1.87988122 2.01421253 0.43895734 0.54461440 -0.52922698 0.48023996
1778702221.77097631 -2.09095598 1.88684209 2.00890664 0.43932618 0.54159527 -0.52874573 0.48383367
1778702221.80428386 -2.11142643 1.89893144 1.98565540 0.44191246 0.53655926 -0.52743488 0.48849769
1778702221.83759093 -2.13806642 1.91171263 1.95660224 0.44634527 0.53062685 -0.52513340 0.49340243
1778702221.87089753 -2.17450184 1.92123402 1.92180416 0.45133136 0.52467538 -0.52168779 0.49885629
1778702221.90420389 -2.20946577 1.92679735 1.88661671 0.45665465 0.51858932 -0.51743447 0.50477045
1778702221.93751001 -2.24302107 1.93293794 1.84943581 0.46269346 0.51199475 -0.51297592 0.51052115
1778702221.97081614 -2.27241340 1.93716937 1.81624762 0.46906895 0.50600618 -0.50834060 0.51528817
1778702222.00412178 -2.29726025 1.93439038 1.78538304 0.47548828 0.50072256 -0.50345486 0.51934672
1778702222.03742695 -2.31768683 1.93445636 1.77074328 0.48292065 0.49654126 -0.49794929 0.52180546
1778702222.07073212 -2.33510058 1.93032583 1.74953766 0.49087426 0.49236349 -0.49235271 0.52365014
1778702222.10403728 -2.34657230 1.92679538 1.73108042 0.49869615 0.48867872 -0.48621304 0.52544471
1778702222.13734078 -2.36823023 1.91520371 1.72293242 0.50324770 0.48688888 -0.48084551 0.52770121
1778702222.17064500 -2.38769501 1.89983940 1.71653073 0.50563998 0.48597628 -0.47608014 0.53056853
1778702222.20394945 -2.40767784 1.89176920 1.70530012 0.50612776 0.48509016 -0.47253216 0.53407452
1778702222.23725295 -2.42220060 1.88499741 1.69652174 0.50637592 0.48332452 -0.47004262 0.53762512
1778702222.27056551 -2.43640681 1.87275841 1.69684751 0.50773126 0.48324658 -0.46670354 0.53932319
1778702222.30394340 -2.45256489 1.85376370 1.70312965 -0.51093707 -0.48400576 0.46237252 -0.53934532
1778702222.33733225 -2.46469314 1.83668176 1.71090070 -0.51502135 -0.48417430 0.45798970 -0.53904887
1778702222.37072182 -2.47866276 1.82221469 1.71443587 -0.51861059 -0.48394902 0.45395304 -0.53922448
1778702222.40411210 -2.49070376 1.80833928 1.72167475 -0.52196392 -0.48403986 0.45029744 -0.53897244
1778702222.43750191 -2.49754878 1.80117593 1.73042171 -0.52424169 -0.48388517 0.44828167 -0.53858086
1778702222.47089243 -2.49859589 1.81269790 1.73187622 -0.52452525 -0.48212489 0.44907411 -0.53922286
1778702222.50428247 -2.49235570 1.83583124 1.73116682 -0.52290095 -0.47959455 0.45227341 -0.54038174
1778702222.53767300 -2.48191880 1.86403768 1.73503090 -0.52068439 -0.47724015 0.45647671 -0.54107173
1778702222.57106352 -2.46646656 1.88887734 1.74564828 -0.51828479 -0.47589730 0.46091878 -0.54079249
1778702222.60445452 -2.44858619 1.90182363 1.77232597 -0.51695620 -0.47670165 0.46440170 -0.53837059
1778702222.63784575 -2.41950895 1.90135735 1.80891694 -0.51645726 -0.47916358 0.46675073 -0.53461942
1778702222.67123723 -2.39781077 1.89633404 1.85235925 -0.51460140 -0.48297965 0.46932518 -0.53070701
1778702222.70462966 -2.37340624 1.89445634 1.90443235 -0.51196500 -0.48727770 0.47241619 -0.52656930
1778702222.73802137 -2.34605330 1.89225329 1.94893613 -0.50963268 -0.49128549 0.47582824 -0.52201588
1778702222.77141380 -2.31858117 1.89107843 1.99753173 -0.50618115 -0.49545294 0.47972960 -0.51784799
1778702222.80480647 -2.29227085 1.89514129 2.04690092 -0.50235946 -0.49919700 0.48376716 -0.51420489
1778702222.83819914 -2.26940690 1.89357416 2.08973631 -0.49892449 -0.50273853 0.48715288 -0.51089177
1778702222.87159228 -2.25217097 1.88938619 2.12897590 -0.49658357 -0.50583390 0.48948062 -0.50788340
1778702222.90498567 -2.24172041 1.88292334 2.16318957 -0.49447884 -0.50873065 0.49120868 -0.50536901
1778702222.93837905 -2.23397658 1.87685928 2.19612058 -0.49278187 -0.51140754 0.49239065 -0.50316975
1778702222.97177315 -2.22632118 1.87415559 2.22482789 -0.49269151 -0.51312887 0.49338082 -0.50052892
1778702223.00516629 -2.21798620 1.87643776 2.25064947 -0.49331972 -0.51409802 0.49462024 -0.49768434
1778702223.03856039 -2.21204020 1.87808716 2.27590933 -0.49290219 -0.51532263 0.49593110 -0.49552231
1778702223.07195449 -2.20404139 1.87287011 2.30672138 -0.49233921 -0.51729000 0.49702147 -0.49293288
1778702223.10534954 -2.19248809 1.86552820 2.33942983 -0.49345491 -0.51911869 0.49758454 -0.48931346
1778702223.13874435 -2.18976924 1.84604175 2.36731832 -0.49427124 -0.52062085 0.49886334 -0.48557723
1778702223.17213964 -2.17553298 1.84547343 2.39323023 -0.49607086 -0.52136302 0.49937330 -0.48241125
1778702223.20553517 -2.16307395 1.84900075 2.42329224 -0.49773229 -0.52222458 0.50002192 -0.47908468
1778702223.23893046 -2.15232372 1.84233716 2.44331047 -0.49930642 -0.52321495 0.50040753 -0.47595329
1778702223.27232647 -2.14006003 1.82633770 2.48144818 -0.50120757 -0.52609146 0.49940992 -0.47181404
1778702223.30565286 -2.13209631 1.80003331 2.51609447 -0.50334111 -0.52955885 0.49750081 -0.46766237
1778702223.33895636 -2.13024091 1.77159311 2.54553658 -0.50493276 -0.53297540 0.49512943 -0.46457183
1778702223.37226009 -2.13096300 1.75226435 2.56641835 -0.50434944 -0.53574679 0.49370767 -0.46352968
1778702223.40556288 -2.13322104 1.74497499 2.57749802 -0.50173829 -0.53743053 0.49372559 -0.46439439
1778702223.43886614 -2.13596510 1.74734649 2.58084265 -0.49965667 -0.53761666 0.49437368 -0.46573190
1778702223.47216749 -2.13839648 1.75902161 2.58005361 -0.49885031 -0.53642782 0.49530938 -0.46697129
1778702223.50546956 -2.14108110 1.77413194 2.57589545 -0.49797606 -0.53464586 0.49655822 -0.46861881
1778702223.53877163 -2.14402843 1.78945172 2.57113493 -0.49711134 -0.53294271 0.49781976 -0.47013602
1778702223.57207298 -2.14563062 1.81181812 2.56207179 -0.49597371 -0.53035616 0.49977092 -0.47218794
1778702223.60537434 -2.14580440 1.84072047 2.54964440 -0.49501606 -0.52694671 0.50225158 -0.47437286
1778702223.63867497 -2.14632028 1.86441918 2.53827084 -0.49484013 -0.52385239 0.50463193 -0.47545614
1778702223.67197585 -2.14394094 1.89048442 2.52900613 -0.49557176 -0.52075146 0.50651574 -0.47609700
1778702223.70527577 -2.14403207 1.91602332 2.51844544 -0.49544941 -0.51778812 0.50843351 -0.47741042
1778702223.73857570 -2.13857335 1.94166124 2.50435651 -0.49442257 -0.51455728 0.51084890 -0.47938557
1778702223.77187514 -2.13062952 1.97808200 2.49722763 -0.49313474 -0.51192985 0.51413019 -0.48001677
1778702223.80517435 -2.11881589 2.01346856 2.48475987 0.49044277 0.50895829 -0.51822737 0.48152647
1778702223.83847308 -2.10621092 2.04193187 2.47192974 0.48672595 0.50641314 -0.52214093 0.48374830
1778702223.87177205 -2.09816302 2.06486772 2.46645081 0.48291447 0.50524691 -0.52540464 0.48525163
1778702223.90506911 -2.08660036 2.08322038 2.46487916 0.47950388 0.50466552 -0.52833049 0.48606135
1778702223.93836713 -2.07531311 2.09749199 2.46385105 0.47653587 0.50439330 -0.53086000 0.48650655
1778702223.97166467 -2.06939384 2.11068331 2.45979295 0.47351237 0.50404219 -0.53305716 0.48741930
1778702224.00496197 -2.06164372 2.12124145 2.45822958 0.47058672 0.50412612 -0.53505918 0.48797199
1778702224.03825855 -2.05241657 2.12734194 2.46059978 0.46731083 0.50486262 -0.53702478 0.48819946
1778702224.07155514 -2.04078400 2.12883670 2.46731223 0.46444984 0.50607964 -0.53873710 0.48778282
1778702224.10485125 -2.02692417 2.12269560 2.47731349 0.46210688 0.50795767 -0.54008709 0.48656159
1778702224.13814712 -2.01440752 2.11535393 2.48807912 0.45977545 0.51019809 -0.54101468 0.48539423
1778702224.17144299 -2.00752031 2.10602644 2.50311945 0.45782031 0.51266613 -0.54154831 0.48404486
1778702224.20473814 -1.99754523 2.09842785 2.51312927 0.45661263 0.51455020 -0.54192045 0.48276829
1778702224.23803329 -1.98969217 2.08899260 2.51552024 0.45536084 0.51643415 -0.54206013 0.48178117
1778702224.27132797 -1.97790145 2.08524526 2.51876606 0.45425639 0.51780975 -0.54249503 0.48085688
1778702224.30467367 -1.96627043 2.08826804 2.51932502 0.45155008 0.51884199 -0.54434138 0.48020617
1778702224.33801842 -1.95453493 2.10147565 2.50918827 0.44657621 0.51933347 -0.54719474 0.48108248
1778702224.37136436 -1.94134803 2.12500808 2.49014218 0.44105252 0.51871893 -0.55072590 0.48280879
1778702224.40471077 -1.93216194 2.14828190 2.46687965 0.43580270 0.51745591 -0.55427988 0.48485997
1778702224.43805742 -1.92283907 2.16157056 2.44842524 0.43235311 0.51677493 -0.55662406 0.48598777
1778702224.47140408 -1.91597941 2.15444250 2.44403283 0.43156608 0.51801474 -0.55663247 0.48535734
1778702224.50475097 -1.91508299 2.12734878 2.44979682 0.43240634 0.52118509 -0.55418701 0.48401201
1778702224.53809857 -1.92411739 2.09481049 2.44937247 0.43363396 0.52422300 -0.55051581 0.48382247
1778702224.57144594 -1.93720845 2.06651951 2.44204797 0.43493505 0.52637590 -0.54695018 0.48436084
1778702224.60479379 -1.96033080 2.04099746 2.42307308 0.43661259 0.52729358 -0.54276808 0.48655292
1778702224.63814163 -1.99577640 2.01962572 2.38934651 0.43767201 0.52678685 -0.53835439 0.49103297
1778702224.67148972 -2.04244303 2.00680263 2.33810285 0.43739751 0.52453431 -0.53416166 0.49821531
1778702224.70483804 -2.09477375 1.98629933 2.29289036 0.43757624 0.52237425 -0.52917782 0.50559175
1778702224.73818660 -2.15258494 1.97660166 2.22795986 0.43957373 0.51856579 -0.52352881 0.51359716
1778702224.77153540 -2.20910436 1.97430412 2.14850470 0.44234847 0.51239784 -0.51806629 0.52286098
1778702224.80488348 -2.26668468 1.97072496 2.05950810 0.44509674 0.50583959 -0.51278190 0.53204316
1778702224.83823323 -2.32156368 1.96741123 1.97903814 0.44931841 0.49951591 -0.50682499 0.54011597
1778702224.87158227 -2.37194903 1.96264286 1.91067369 0.45557118 0.49374348 -0.50001674 0.54649386
1778702224.90493226 -2.41455443 1.95598442 1.84251463 0.46462533 0.48779820 -0.49271815 0.55082215
1778702224.93828201 -2.45565052 1.94553691 1.77499971 0.47495272 0.48186686 -0.48453913 0.55447820
1778702224.97163224 -2.49747022 1.93847260 1.70466749 0.48410481 0.47575491 -0.47664294 0.55866922
1778702225.00498295 -2.53603823 1.93939039 1.62713375 0.49051895 0.46884419 -0.47037778 0.56419946
1778702225.03833318 -2.57078265 1.94133914 1.55203204 0.49604514 0.46226624 -0.46465994 0.56950881
1778702225.07168436 -2.60062333 1.93421509 1.49338160 0.50327385 0.45725784 -0.45810226 0.57251464
1778702225.10503531 -2.62249558 1.93818528 1.43189935 0.50986207 0.45142521 -0.45322109 0.57519265
1778702225.13838673 -2.63688770 1.94780858 1.37232351 0.51559946 0.44545837 -0.44971557 0.57747723
1778702225.17173839 -2.64442361 1.96264347 1.31669539 0.52120922 0.43942429 -0.44727896 0.57895490
1778702225.20509005 -2.64747115 1.97590627 1.26799104 0.52599948 0.43424877 -0.44560413 0.57981852
1778702225.23844123 -2.63800371 1.99067655 1.21311536 0.53020505 0.42912617 -0.44504030 0.58023484
1778702225.27179337 -2.63115426 2.01093230 1.17271248 0.53344508 0.42433498 -0.44574354 0.58024897
1778702225.30513859 -2.62163621 2.04240189 1.13475532 0.53716561 0.41932687 -0.44756019 0.57905781
1778702225.33849788 -2.60874019 2.06933923 1.09998263 0.54075027 0.41481901 -0.44948072 0.57747850
1778702225.37186933 -2.59171582 2.09162791 1.06401772 0.54353532 0.41044867 -0.45164311 0.57629831
1778702225.40524077 -2.57778061 2.11214605 1.03138756 0.54462133 0.40703386 -0.45470801 0.57528398
1778702225.43861175 -2.56672805 2.12291777 1.00593788 0.54369480 0.40563239 -0.45806892 0.57448342
1778702225.47198343 -2.55640707 2.12904668 0.98930713 0.54168682 0.40579130 -0.46188926 0.57320774
1778702225.50535512 -2.54284392 2.13991014 0.97435147 0.53956627 0.40596481 -0.46628563 0.57152299
1778702225.53872728 -2.52918298 2.15190901 0.95831145 0.53898217 0.40592265 -0.46981620 0.56920802
1778702225.57209921 -2.52212772 2.15581905 0.94645553 0.53700718 0.40762061 -0.47282958 0.56736313
1778702225.60547113 -2.51945957 2.14317045 0.95964252 0.53578116 0.41343643 -0.47365915 0.56360968
1778702225.63884354 -2.51445474 2.12734246 0.98381502 0.53505611 0.42060045 -0.47416905 0.55854626
1778702225.67221427 -2.50723864 2.10755544 1.01393923 0.53419079 0.42832238 -0.47475690 0.55297923
1778702225.70558715 -2.50338216 2.08215742 1.04576288 0.53076341 0.43707916 -0.47595648 0.54837709
1778702225.73895979 -2.49724373 2.05831025 1.07500823 0.52422583 0.44573191 -0.47884947 0.54517293
1778702225.77233219 -2.48376310 2.03770594 1.11933473 0.51852057 0.45497738 -0.48277978 0.53949577
1778702225.80570507 -2.46465692 2.01068534 1.17810444 0.51438145 0.46577198 -0.48570599 0.53156174
1778702225.83907795 -2.43404596 1.99410803 1.22948077 0.50985053 0.47503520 -0.48950208 0.52419625
1778702225.87245059 -2.40322348 1.98142441 1.27365276 0.50371712 0.48361464 -0.49427194 0.51776557
1778702225.90582418 -2.37018389 1.96441613 1.31715710 0.49735331 0.49261362 -0.49807482 0.51175481
1778702225.93919730 -2.34057725 1.95507161 1.35117900 0.49057086 0.49990917 -0.50298435 0.50639688
1778702225.97257066 -2.30930769 1.95213096 1.37624954 0.48398892 0.50577819 -0.50818180 0.50169155
1778702226.00594425 -2.28199919 1.94161726 1.40126737 0.47880428 0.51181362 -0.51174815 0.49689749
1778702226.03931761 -2.26015302 1.92901941 1.41986729 0.47576656 0.51715592 -0.51361744 0.49233430
1778702226.07269168 -2.24978715 1.91720603 1.42502914 0.47212298 0.52099330 -0.51560493 0.48971157
1778702226.10606551 -2.24313989 1.89699824 1.42551832 -0.47067500 -0.52483271 0.51492226 -0.48771994
1778702226.13943815 -2.23954921 1.88692167 1.40779186 -0.46937903 -0.52617912 0.51476082 -0.48768859
1778702226.17281270 -2.24088566 1.88053287 1.37855482 0.46843945 0.52607400 -0.51455572 0.48892028
1778702226.20618677 -2.24565088 1.87547898 1.33883971 0.46867766 0.52468123 -0.51341061 0.49138620
1778702226.23956108 -2.25232820 1.88124471 1.28136246 0.46850151 0.52057211 -0.51339717 0.49591768
1778702226.27293587 -2.26322635 1.90043987 1.21093342 0.46718252 0.51409399 -0.51463813 0.50258876
1778702226.30631018 -2.27349886 1.90139641 1.14073492 0.46944229 0.50920728 -0.51198916 0.50813284
1778702226.33964658 -2.28540644 1.91589796 1.05086635 0.47065516 0.50145128 -0.51079331 0.51586871
1778702226.37295175 -2.29870806 1.93570137 0.94732369 0.46983478 0.49188233 -0.51095086 0.52558185
1778702226.40625596 -2.31258866 1.94408342 0.85901941 0.47009022 0.48442106 -0.50928466 0.53383570
1778702226.43956041 -2.32621716 1.95102459 0.76901741 0.46928756 0.47654349 -0.50820594 0.54258844
1778702226.47286415 -2.34459965 1.95306962 0.69371150 0.46911646 0.47028960 -0.50602305 0.55018006
1778702226.50616765 -2.35800398 1.94691096 0.62629333 0.47267379 0.46537063 -0.50117539 0.55572736
1778702226.53947091 -2.36827398 1.93691502 0.57821413 0.48035850 0.46271765 -0.49357086 0.55815401
1778702226.57277298 -2.37644745 1.92659416 0.53466193 0.48746600 0.46072850 -0.48633296 0.55998786
1778702226.60607576 -2.38190738 1.91776588 0.50111405 0.49356539 0.45972934 -0.48023491 0.56072860
1778702226.63937807 -2.38417070 1.91132885 0.47166425 0.49707400 0.45897622 -0.47639739 0.56151918
1778702226.67268014 -2.38459403 1.90985177 0.43880553 0.49685032 0.45762436 -0.47599450 0.56315979
1778702226.70598173 -2.38124534 1.91188832 0.40661575 0.49525868 0.45594167 -0.47727991 0.56483619
1778702226.73928308 -2.37818544 1.91396596 0.37008417 0.49412436 0.45362060 -0.47862903 0.56655425
1778702226.77258396 -2.37035238 1.91372140 0.32593348 0.49543795 0.45060075 -0.47844226 0.56797290
1778702226.80588508 -2.36270125 1.91779229 0.28207508 0.49727147 0.44760574 -0.47784931 0.56923652
1778702226.83918524 -2.36469431 1.92146854 0.26147971 0.49918257 0.44648050 -0.47756735 0.56868388
1778702226.87248540 -2.35514162 1.91981150 0.23510907 0.50172212 0.44571393 -0.47698252 0.56754003
1778702226.90578508 -2.35167862 1.92564517 0.21905778 0.50304210 0.44541873 -0.47824373 0.56553845
1778702226.93908501 -2.34467130 1.93253084 0.19824874 0.50136348 0.44440977 -0.48210403 0.56454435
1778702226.97238374 -2.33745599 1.93982187 0.18103777 0.49851375 0.44376343 -0.48714055 0.56325140
1778702227.00568175 -2.32606315 1.95290210 0.15996287 0.49585925 0.44208068 -0.49315979 0.56167757
1778702227.03898048 -2.30887860 1.97086288 0.13213587 0.49301672 0.43936879 -0.49995986 0.56029431
1778702227.07227850 -2.29922260 1.98444439 0.10233278 0.48854232 0.43673811 -0.50736315 0.55961492
1778702227.10557652 -2.29021789 1.99579220 0.08240823 0.48529923 0.43576432 -0.51358812 0.55751355
1778702227.13887429 -2.28015133 2.01340969 0.06266259 0.48191193 0.43480678 -0.52047385 0.55480711
1778702227.17217112 -2.27245551 2.02802450 0.03670730 0.47675090 0.43331596 -0.52806269 0.55325912
1778702227.20546818 -2.26759851 2.03862273 0.01470642 0.47318131 0.43279655 -0.53377974 0.55124023
1778702227.23876524 -2.26507316 2.04517481 0.00249269 0.47107250 0.43406092 -0.53751867 0.54841180
1778702227.27206135 -2.27012517 2.04232741 0.00123407 0.46853675 0.43773728 -0.53993620 0.54527817
1778702227.30535746 -2.27746548 2.03513601 0.00595920 0.46504518 0.44241734 -0.54206930 0.54236588
1778702227.33865833 -2.27956320 2.03208091 0.03358366 0.46339605 0.44785598 -0.54463680 0.53671210
1778702227.37196326 -2.26169529 2.04982007 0.06829916 0.46631473 0.45506483 -0.54600354 0.52663717
1778702227.40526748 -2.23654845 2.07388525 0.11162108 0.47068866 0.46146958 -0.54790265 0.51507349
1778702227.43857193 -2.22229788 2.08715121 0.15278112 0.47331266 0.46828414 -0.54915679 0.50508604
1778702227.47187471 -2.21958922 2.08255613 0.18340347 0.47405357 0.47569448 -0.54823671 0.49842199
1778702227.50517797 -2.22415122 2.06738030 0.20727911 0.47327214 0.48305534 -0.54653852 0.49392981
1778702227.53848124 -2.23194373 2.04526119 0.23152211 0.47124631 0.49093404 -0.54464148 0.49017990
1778702227.57178402 -2.23891961 2.01773713 0.25561431 0.46815442 0.49806937 -0.54353751 0.48716047
1778702227.60508633 -2.24115108 2.00344005 0.25998845 0.46517139 0.50340644 -0.54328978 0.48480279
1778702227.63838887 -2.24165113 1.98333419 0.26485306 0.46318485 0.50738606 -0.54265575 0.48326382
1778702227.67169094 -2.23904439 1.97184699 0.25216127 0.46194876 0.50921402 -0.54267832 0.48249836
1778702227.70499229 -2.23523763 1.96226527 0.23419142 0.46218075 0.51132354 -0.54100762 0.48192110
1778702227.73829365 -2.23567176 1.94310322 0.21690965 0.46276133 0.51338521 -0.53805222 0.48248044
1778702227.77159429 -2.23501100 1.92442170 0.19126082 0.46398119 0.51459691 -0.53458394 0.48387136
1778702227.80489492 -2.23608147 1.90639761 0.16003215 0.46619758 0.51521587 -0.53003520 0.48608138
1778702227.83819532 -2.23623099 1.89441993 0.10508245 0.46745728 0.51262234 -0.52696122 0.49093167
1778702227.87149501 -2.23823984 1.89209135 0.05384634 0.46867516 0.50996367 -0.52407873 0.49560279
1778702227.90479398 -2.22822938 1.88312812 -0.00450781 0.47091187 0.50633599 -0.52129574 0.50011661
1778702227.93809319 -2.21633895 1.89010717 -0.05822115 0.47385613 0.50216117 -0.51956129 0.50333944
1778702227.97139239 -2.20447101 1.89920526 -0.10472601 0.47720187 0.49890187 -0.51756134 0.50547558
1778702228.00469089 -2.19498690 1.90190114 -0.15643932 0.47957579 0.49502690 -0.51582379 0.50880375
1778702228.03798890 -2.18630609 1.89999724 -0.21403080 0.48104039 0.49031508 -0.51458060 0.51322322
1778702228.07128716 -2.16909860 1.89676005 -0.26449323 0.48586302 0.48650552 -0.51064664 0.51622623
1778702228.10458517 -2.15926259 1.90127844 -0.29519533 0.49397679 0.48536580 -0.50322243 0.51688892
1778702228.13788223 -2.15212634 1.90291142 -0.33430081 0.50036972 0.48373725 -0.49650635 0.51875800
1778702228.17117953 -2.14633481 1.90627815 -0.36609918 0.50612160 0.48282695 -0.49015726 0.52006243
1778702228.20447636 -2.13935764 1.91050159 -0.39809302 0.51085746 0.48163258 -0.48503447 0.52134084
1778702228.23777270 -2.13700370 1.92056674 -0.42756492 0.51360556 0.48006533 -0.48223560 0.52268101
1778702228.27106881 -2.13152523 1.92231021 -0.46135187 0.51454667 0.47806321 -0.48118168 0.52455837
1778702228.30436468 -2.12830377 1.92118281 -0.48766067 0.51521007 0.47717043 -0.48006990 0.52573744
1778702228.33766484 -2.12449919 1.92054457 -0.51371974 0.51722935 0.47668287 -0.47761539 0.52643212
1778702228.37097025 -2.12237736 1.91620572 -0.54227326 0.51846410 0.47608145 -0.47542040 0.52774698
1778702228.40427494 -2.10709582 1.90883223 -0.57512888 0.52059738 0.47516718 -0.47296093 0.52867993
1778702228.43757963 -2.11559337 1.91745383 -0.58240700 -0.52296710 -0.47635906 0.47087679 -0.52712665
1778702228.47088385 -2.11219681 1.91919911 -0.60577981 -0.52400306 -0.47572012 0.47045020 -0.52705575
1778702228.50418806 -2.09783022 1.91057071 -0.64113025 -0.52402005 -0.47375691 0.47128757 -0.52805814
1778702228.53749156 -2.09136735 1.91144609 -0.67114559 0.52378381 0.47146901 -0.47326564 0.52857084
1778702228.57079458 -2.08723762 1.90899324 -0.70566160 0.52256898 0.46865710 -0.47611052 0.52971781
1778702228.60409760 -2.08217783 1.90042602 -0.74223771 0.52032572 0.46572552 -0.47952099 0.53143250
1778702228.63740039 -2.08153049 1.89782788 -0.77719134 0.51802845 0.46317311 -0.48308996 0.53267372
1778702228.67070270 -2.08340785 1.89820503 -0.80062073 0.51607977 0.46232044 -0.48636400 0.53232654
1778702228.70400476 -2.08696416 1.89547572 -0.82898490 0.51238264 0.46083138 -0.49136378 0.53259751
1778702228.73730659 -2.08776081 1.89217677 -0.86241248 0.50822149 0.45852210 -0.49743008 0.53294626
1778702228.77060795 -2.08975006 1.89576045 -0.88910815 0.50441468 0.45673318 -0.50396082 0.53196252
1778702228.80390787 -2.09531624 1.90311213 -0.90223559 0.50168519 0.45720179 -0.50911812 0.52922324
1778702228.83720899 -2.10241421 1.91727174 -0.90206220 0.50028968 0.45945580 -0.51322372 0.52460654
1778702228.87050939 -2.11068862 1.93017204 -0.89798126 0.49926702 0.46253658 -0.51640055 0.51973342
1778702228.90380931 -2.12093222 1.93354495 -0.89703353 0.49743928 0.46544584 -0.51921912 0.51606766
1778702228.93710971 -2.14236729 1.93442745 -0.88556279 0.49499644 0.46985850 -0.52118453 0.51242385
1778702228.97040915 -2.15412618 1.94009914 -0.87108036 0.49488922 0.47493365 -0.52147515 0.50752966
1778702229.00370836 -2.15858633 1.95257381 -0.86029593 0.49617386 0.47915277 -0.52117957 0.50258927
1778702229.03700686 -2.16234245 1.96748506 -0.84476272 0.49770679 0.48405155 -0.52059928 0.49694913
1778702229.07030535 -2.17257317 1.97500327 -0.82677482 0.49802375 0.49021027 -0.51909271 0.49214732
1778702229.10360384 -2.18492096 1.97241736 -0.82131542 0.49573118 0.49489577 -0.51920419 0.48964863
1778702229.13690209 -2.19874662 1.96151885 -0.82793290 0.49159007 0.49795337 -0.52087408 0.48894972
1778702229.17019939 -2.21521741 1.94430057 -0.83719751 0.48667819 0.50090112 -0.52250883 0.48910830
1778702229.20349717 -2.22649680 1.92626980 -0.85782453 0.48269352 0.50227665 -0.52370409 0.49036635
1778702229.23679304 -2.23433652 1.90625618 -0.88715045 0.47925879 0.50262156 -0.52447367 0.49255451
1778702229.27008963 -2.24412063 1.88181460 -0.91936419 0.47668389 0.50332313 -0.52314735 0.49573697
1778702229.30338597 -2.24665991 1.86121480 -0.95460190 0.47625942 0.50353445 -0.52014511 0.49907823
1778702229.33668780 -2.23966932 1.84300013 -1.00763906 0.47652934 0.50098864 -0.51758925 0.50401542
1778702229.36999297 -2.22894907 1.81885026 -1.07395672 0.47583954 0.49657178 -0.51614132 0.51048148
1778702229.40329814 -2.21865964 1.78574859 -1.14997069 0.47261037 0.49042037 -0.51680045 0.51869508
1778702229.43660307 -2.20786537 1.75684923 -1.21908235 0.46983455 0.48479922 -0.51763877 0.52561897
1778702229.46990728 -2.20404132 1.72860337 -1.28817002 0.46651466 0.47865900 -0.52017963 0.53166040
1778702229.50321174 -2.17903436 1.71815677 -1.35124624 0.46548098 0.47264956 -0.52133819 0.53678333
1778702229.53651547 -2.16310667 1.70188203 -1.41011398 0.46376803 0.46733930 -0.52285368 0.54142148
1778702229.56981874 -2.14253166 1.68067952 -1.47208111 0.46199102 0.46117382 -0.52473655 0.54638315
1778702229.60312200 -2.12831949 1.66691454 -1.52182389 0.46177369 0.45701275 -0.52385860 0.55088707
1778702229.63642478 -2.11780122 1.63825270 -1.57949030 0.46042680 0.45294915 -0.52268476 0.55645743
1778702229.66972685 -2.12262708 1.61356935 -1.62152243 0.45965343 0.45147796 -0.52006124 0.56073405
1778702229.70302916 -2.11580644 1.60956264 -1.64885971 0.46296040 0.45228843 -0.51414227 0.56281487
1778702229.73633051 -2.09697635 1.62723381 -1.67078944 0.46988034 0.45309634 -0.50725995 0.56267532
1778702229.76963234 -2.07618270 1.64714288 -1.69511282 0.47652335 0.45280942 -0.50166725 0.56233361
1778702229.80293393 -2.06513267 1.65947796 -1.71548516 0.48131202 0.45348658 -0.49664985 0.56216330
1778702229.83623457 -2.05278210 1.67799075 -1.73208552 0.48658472 0.45420233 -0.49214855 0.56100389
1778702229.86953568 -2.03873170 1.69541366 -1.75061677 0.49109362 0.45377087 -0.48949149 0.55974739
1778702229.90283585 -2.02810451 1.69571433 -1.78071124 0.49230951 0.45148041 -0.48963923 0.56040183
1778702229.93613577 -2.02178404 1.67853958 -1.81993829 0.49067358 0.44762353 -0.49194161 0.56290857
1778702229.96943545 -2.01622258 1.66508984 -1.85517614 0.48975476 0.44443488 -0.49368998 0.56470180
1778702230.00273514 -1.99357887 1.65909942 -1.88915285 0.48964036 0.44053710 -0.49543385 0.56632559
1778702230.03603411 -2.01057540 1.62910702 -1.92231335 0.48591367 0.43828042 -0.49883166 0.56830023
1778702230.06933308 -2.01565654 1.61594107 -1.94590171 0.48496641 0.43753697 -0.49961825 0.56899086
1778702230.10263181 -2.02075406 1.60585475 -1.96932410 0.48464974 0.43712786 -0.49972770 0.56947879
1778702230.13592863 -2.02420079 1.59529294 -1.99432344 0.48484071 0.43683037 -0.49883721 0.57032460
1778702230.16922688 -2.02145421 1.58666920 -2.02666030 0.48538693 0.43513181 -0.49822004 0.57169628
1778702230.20252419 -2.02467045 1.56962959 -2.06186816 0.48453193 0.43309432 -0.49864461 0.57359539
1778702230.23582172 -2.03353502 1.54506867 -2.09755759 0.48209423 0.43102579 -0.50031933 0.57574515
1778702230.26911831 -2.04001613 1.53559721 -2.12272200 0.48110141 0.43049610 -0.50122560 0.57618351
1778702230.30241513 -2.05926665 1.51519868 -2.14811445 0.47808509 0.42983097 -0.50406293 0.57671531
1778702230.33574486 -2.08319660 1.50047264 -2.16909687 0.47432253 0.42985720 -0.50772213 0.57659271
1778702230.36909294 -2.11234835 1.48348376 -2.18504433 0.46964365 0.43034113 -0.51213188 0.57616170
1778702230.40244126 -2.14094572 1.47368684 -2.19127662 0.46501478 0.43152227 -0.51757807 0.57416263
1778702230.43578982 -2.17870833 1.47305342 -2.18647987 0.46077572 0.43462952 -0.52271154 0.57057476
1778702230.46913886 -2.21880979 1.47595810 -2.17862593 0.45638325 0.43786695 -0.52836721 0.56640530
1778702230.50248766 -2.25895950 1.47378290 -2.16716588 0.45135388 0.44116274 -0.53439212 0.56221008
1778702230.53583694 -2.29930255 1.45517251 -2.15715579 0.44567934 0.44433634 -0.53987463 0.55899063
1778702230.56918573 -2.33124215 1.46533551 -2.14601515 0.44164168 0.44759178 -0.54481746 0.55478659
1778702230.60253549 -2.36264427 1.47800669 -2.12774178 0.43870825 0.45156015 -0.54955647 0.54919595
1778702230.63588548 -2.38928313 1.49550114 -2.10980492 0.43690371 0.45594825 -0.55309202 0.54342945
1778702230.66923571 -2.41339390 1.50719679 -2.09614748 0.43464047 0.45963600 -0.55664339 0.53848913
1778702230.70258617 -2.43769762 1.50721818 -2.08686010 0.43133778 0.46259030 -0.56031024 0.53479936
1778702230.73593688 -2.45996045 1.50324553 -2.07967765 0.42798607 0.46540627 -0.56351851 0.53166890
1778702230.76928806 -2.48992250 1.51141191 -2.06486543 0.42487148 0.46939366 -0.56598130 0.52803313
1778702230.80263948 -2.50145677 1.51132549 -2.06409712 0.42332041 0.47186841 -0.56745235 0.52548822
1778702230.83599091 -2.50721164 1.51220924 -2.07151497 0.42278148 0.47364539 -0.56795156 0.52378134
1778702230.86934257 -2.49856655 1.49823086 -2.09494934 0.42317087 0.47332595 -0.56779565 0.52392467
1778702230.90269423 -2.48752695 1.50794026 -2.11837550 0.42564355 0.47351474 -0.56589810 0.52380406
1778702230.93604660 -2.46300633 1.49854138 -2.15516791 0.42897128 0.47238123 -0.56285682 0.52538730
1778702230.96939945 -2.43385556 1.48653359 -2.20454703 0.43188044 0.46986389 -0.55966340 0.52866254
1778702231.00275111 -2.40074909 1.45372384 -2.26791252 0.43313173 0.46496233 -0.55725604 0.53448353
1778702231.03610373 -2.37719460 1.39292111 -2.34192730 0.43133021 0.45794643 -0.55619250 0.54303703
1778702231.06945729 -2.32422060 1.33272197 -2.43084487 0.43100320 0.44995518 -0.55314395 0.55299941
1778702231.10281062 -2.27740880 1.26999358 -2.51447964 0.43033059 0.44182575 -0.55021978 0.56290655
1778702231.13616419 -2.23323041 1.20311641 -2.59566136 0.42898189 0.43299465 -0.54843745 0.57245658
1778702231.16951847 -2.18263180 1.15404548 -2.67022073 0.42889132 0.42506386 -0.54642155 0.58034166
1778702231.20287251 -2.12750784 1.12325432 -2.74005311 0.43021208 0.41665892 -0.54567597 0.58613194
1778702231.23622704 -2.08789314 1.10218974 -2.79743558 0.43189772 0.41003944 -0.54530775 0.58989107
1778702231.26958179 -2.04178575 1.08292685 -2.85138016 0.43406582 0.40456758 -0.54374800 0.59350657
1778702231.30293679 -1.98761873 1.06565667 -2.90489959 0.43660836 0.39970976 -0.54124124 0.59721284
1778702231.33626270 -1.94982374 1.06487234 -2.94481095 0.43996911 0.39748551 -0.53766579 0.59945637
1778702231.36957550 -1.91646195 1.07550042 -2.97821134 0.44424689 0.39705020 -0.53314310 0.60062823
1778702231.40288782 -1.89795086 1.09797702 -2.99985955 0.44896781 0.39799239 -0.52898759 0.60016838
1778702231.43620014 -1.87494080 1.12622408 -3.02057603 0.45383444 0.39938652 -0.52524478 0.59886779
1778702231.46951103 -1.85617541 1.15617557 -3.03714247 0.45795664 0.40010743 -0.52338070 0.59687720
1778702231.50282240 -1.85156333 1.16193981 -3.05190765 0.45883331 0.40050964 -0.52335801 0.59595337
1778702231.53613400 -1.83608084 1.15948485 -3.07173200 0.45871458 0.40025483 -0.52349135 0.59609883
1778702231.56944513 -1.85100889 1.13896731 -3.08584858 0.45693127 0.40036272 -0.52450773 0.59650243
1778702231.60275602 -1.84599064 1.12668096 -3.10559698 0.45659082 0.39911736 -0.52541966 0.59679506
1778702231.63606668 -1.83644852 1.12310666 -3.12437307 0.45684911 0.39844392 -0.52611373 0.59643581
1778702231.66937685 -1.85516826 1.13433925 -3.12766415 0.45660564 0.39959698 -0.52844338 0.59378543
1778702231.70268726 -1.86581254 1.14682427 -3.13131251 0.45699200 0.39999142 -0.53182108 0.59019616
1778702231.73599696 -1.88387099 1.15356567 -3.13366781 0.45631957 0.40050686 -0.53593104 0.58663841
1778702231.76930666 -1.89171123 1.16128590 -3.14016193 0.45572888 0.40092817 -0.53959536 0.58344206
1778702231.80261588 -1.91400408 1.16030376 -3.14211035 0.45417979 0.40135329 -0.54426272 0.58001236
1778702231.83592534 -1.93203504 1.16035006 -3.14843362 0.45259215 0.40053993 -0.54960021 0.57677354
1778702231.86923432 -1.95431988 1.14933854 -3.15871094 0.45014330 0.39891016 -0.55577903 0.57389142
1778702231.90254164 -1.98111807 1.13378010 -3.16728151 0.44667861 0.39735270 -0.56222420 0.57139566
1778702231.93585038 -2.01209893 1.12745966 -3.17035481 0.44386151 0.39707258 -0.56795988 0.56810378
1778702231.96915817 -2.05013077 1.12775633 -3.16869969 0.44114861 0.39829275 -0.57300084 0.56428790
1778702232.00246620 -2.08918202 1.13573974 -3.16552654 0.43904114 0.40093923 -0.57669121 0.56028372
1778702232.03577375 -2.12960521 1.13718031 -3.16394638 0.43624631 0.40345970 -0.57997132 0.55726358
1778702232.06908154 -2.17807290 1.13256536 -3.15576142 0.43230963 0.40615184 -0.58310692 0.55509944
1778702232.10238862 -2.21836637 1.09668502 -3.16461367 0.42656804 0.40713364 -0.58687616 0.55484978
1778702232.13569522 -2.26493949 1.07063289 -3.16513785 0.42096691 0.40826164 -0.59133267 0.55356568
1778702232.16900182 -2.30860651 1.05222180 -3.16219971 0.41615574 0.41004415 -0.59509514 0.55185141
1778702232.20230818 -2.34612462 1.04927620 -3.15781241 0.41352286 0.41224297 -0.59784495 0.54921397
1778702232.23561430 -2.37959641 1.05360561 -3.15806981 0.41176695 0.41432625 -0.60042945 0.54613754
1778702232.26892018 -2.40091741 1.06506031 -3.15787051 0.41095756 0.41595861 -0.60278317 0.54290401
1778702232.30222607 -2.42774303 1.08340561 -3.15224628 0.41090475 0.41872527 -0.60451213 0.53887988
1778702232.33557034 -2.43852192 1.12274241 -3.14415189 0.41371655 0.42138118 -0.60517072 0.53389598
1778702232.36900353 -2.44652779 1.16355196 -3.14640102 0.41671406 0.42366164 -0.60548039 0.52938994
