1778701933.66514373 -1.97065758 2.13980916 2.23696110 0.33374919 0.57990282 -0.64308758 0.37250847
1778701933.69847584 -1.99178280 2.11780705 2.21057465 0.34278596 0.58061707 -0.63828703 0.37144484
1778701933.73180866 -2.00410613 2.11192671 2.19119606 0.34648533 0.58083686 -0.63648294 0.37076398
1778701933.76514053 -2.00356482 2.12467762 2.16553888 0.34630728 0.57946118 -0.63817958 0.37016595
1778701933.79847312 -1.99796888 2.14907223 2.14425819 0.34320542 0.57751374 -0.64222539 0.36909954
1778701933.83180428 -1.98479367 2.17108632 2.12583490 0.33532648 0.57643390 -0.64757230 0.36868715
1778701933.86513591 -1.98555752 2.19309379 2.10896039 0.32537207 0.57512492 -0.65300099 0.37007303
1778701933.89846826 -1.98863169 2.21036486 2.07616308 0.31914413 0.57266180 -0.65701988 0.37219667
1778701933.93180013 -1.99005275 2.21306477 2.02736372 0.31725540 0.57029123 -0.65863560 0.37458787
1778701933.96513200 -2.00705798 2.20594960 2.00185326 0.31673946 0.56981312 -0.65796099 0.37693031
1778701933.99846387 -2.03177819 2.18672530 1.97855217 0.31873584 0.57035310 -0.65507201 0.37945418
1778701934.03179550 -2.06863152 2.15716039 1.96008991 0.32329132 0.57197961 -0.64983447 0.38214814
1778701934.06512713 -2.11555135 2.12243022 1.92513004 0.32976429 0.57328150 -0.64255036 0.38695332
1778701934.09845877 -2.16307670 2.09318671 1.88293221 0.33714328 0.57308463 -0.63565822 0.39223339
1778701934.13178992 -2.20668582 2.06564265 1.83943200 0.34449922 0.57265131 -0.62899361 0.39718736
1778701934.16512156 -2.24401501 2.03991131 1.80581212 0.34982897 0.57233427 -0.62384399 0.40108832
1778701934.19845319 -2.26745114 2.02338563 1.76797046 0.35397834 0.57201690 -0.61959546 0.40447182
1778701934.23178434 -2.29408171 2.01036328 1.72788289 0.35725676 0.57151176 -0.61563603 0.40833099
1778701934.26511526 -2.32070547 1.99131482 1.68729183 0.36095177 0.57073125 -0.61138784 0.41253433
1778701934.29844570 -2.34825512 1.97025522 1.64336238 0.36502128 0.56989130 -0.60659507 0.41716398
1778701934.33177662 -2.38062515 1.95040979 1.58730460 0.36957801 0.56790146 -0.60152394 0.42316543
1778701934.36515927 -2.41926522 1.93111703 1.52466157 0.37623999 0.56541422 -0.59506950 0.42970049
1778701934.39856958 -2.46194283 1.90408600 1.45119748 0.38293505 0.56230688 -0.58757958 0.43808898
1778701934.43198013 -2.50706049 1.87516109 1.37033782 0.38815542 0.55864264 -0.58019002 0.44792111
1778701934.46539116 -2.54612893 1.85771139 1.27749820 0.39255712 0.55297761 -0.57446574 0.45837079
1778701934.49880290 -2.57897914 1.84643553 1.18000945 0.39542776 0.54588081 -0.57050768 0.46922491
1778701934.53221464 -2.60879636 1.83554403 1.08034047 0.39853621 0.53857198 -0.56627482 0.48004368
1778701934.56562710 -2.63692914 1.81986900 0.98457686 0.40372339 0.53268543 -0.55961732 0.48998175
1778701934.59903979 -2.66651250 1.79932430 0.88542287 0.41049513 0.52677271 -0.55134746 0.50002025
1778701934.63245320 -2.69236399 1.78033051 0.78650346 0.41775502 0.52084379 -0.54270206 0.50958509
1778701934.66586661 -2.70798580 1.77298267 0.68968559 0.42639750 0.51440933 -0.53471830 0.51734375
1778701934.69928074 -2.70650844 1.78613659 0.59829758 0.43567614 0.50686757 -0.52900635 0.52289946
1778701934.73269439 -2.69959464 1.80495749 0.51674350 0.44279711 0.49901049 -0.52617606 0.52731206
1778701934.76610923 -2.68941316 1.82527113 0.44369502 0.44776107 0.49139235 -0.52527352 0.53116035
1778701934.79952455 -2.67516495 1.84523702 0.38151640 0.45308469 0.48461441 -0.52428686 0.53384120
1778701934.83294010 -2.66369870 1.85876747 0.33064219 0.45804963 0.47969768 -0.52265152 0.53564546
1778701934.86635661 -2.65650451 1.86173853 0.29510162 0.46278700 0.47747335 -0.51962794 0.53650182
1778701934.89977312 -2.65329127 1.85674954 0.27466940 0.46652761 0.47769594 -0.51607303 0.53649530
1778701934.93319035 -2.64897332 1.85275719 0.25724435 0.46988640 0.47819576 -0.51300130 0.53606460
1778701934.96660757 -2.63901764 1.85697255 0.24155172 0.47317586 0.47813675 -0.51148311 0.53467269
1778701935.00002551 -2.62911871 1.86408180 0.23342490 0.47457700 0.47852401 -0.51185185 0.53272801
1778701935.03344369 -2.61829208 1.86973930 0.23752167 0.47388295 0.48013737 -0.51398556 0.52983195
1778701935.06686234 -2.60628317 1.87507802 0.25066467 0.47255900 0.48257264 -0.51680228 0.52604852
1778701935.10028172 -2.58874562 1.88737197 0.26808325 0.47125551 0.48505908 -0.52076463 0.52099917
1778701935.13370132 -2.57286187 1.90219852 0.28416635 0.46824048 0.48724800 -0.52638594 0.51600202
1778701935.16712022 -2.54328914 1.92068415 0.28359305 0.46412664 0.48848216 -0.53318920 0.51154757
1778701935.20054054 -2.52143618 1.94080378 0.30123385 0.45951192 0.48964347 -0.54122524 0.50613566
1778701935.23396134 -2.49919519 1.96428491 0.32079868 0.45466321 0.49081398 -0.54989666 0.49999667
1778701935.26738262 -2.48315074 1.97914167 0.34347315 0.44886914 0.49154138 -0.55856129 0.49488671
1778701935.30080414 -2.47362984 1.98668202 0.35807196 0.44347712 0.49334208 -0.56478238 0.49087932
1778701935.33422661 -2.46082599 1.99851539 0.37165588 0.43926374 0.49496409 -0.57064455 0.48623318
1778701935.36758971 -2.44685342 2.01046958 0.40012879 0.43515955 0.49851542 -0.57620129 0.47969846
1778701935.40091610 -2.43874587 2.00935034 0.44487294 0.43134273 0.50557554 -0.57914212 0.47215594
1778701935.43424225 -2.42518601 2.01279968 0.49166426 0.42784023 0.51259694 -0.58240760 0.46367931
1778701935.46756792 -2.40639988 2.02406800 0.53188976 0.42343357 0.51784515 -0.58748364 0.45541562
1778701935.50089383 -2.39639184 2.03136265 0.57597761 0.41711260 0.52425515 -0.59236785 0.44751977
1778701935.53421926 -2.38002729 2.02650927 0.63310615 0.40897552 0.53211089 -0.59728557 0.43914346
1778701935.56754470 -2.36680710 2.01371020 0.69715631 0.40029318 0.54140254 -0.60089573 0.43078182
1778701935.60087037 -2.36181993 1.99172862 0.76120497 0.39155976 0.55083905 -0.60331969 0.42339420
1778701935.63419461 -2.34824128 1.97797312 0.80854638 0.38434339 0.55804723 -0.60576007 0.41703499
1778701935.66751933 -2.32852329 1.97190635 0.84946099 0.37702435 0.56383614 -0.60938696 0.41059588
1778701935.70084429 -2.30904895 1.96536997 0.89437805 0.36874634 0.56991377 -0.61313016 0.40409879
1778701935.73416948 -2.29052476 1.95584322 0.92943276 0.35979039 0.57499801 -0.61702611 0.39900744
1778701935.76749396 -2.27097821 1.94641112 0.95949103 0.35113447 0.57945618 -0.62081018 0.39437271
1778701935.80081844 -2.25085423 1.93260702 0.98993949 0.34269627 0.58444172 -0.62377311 0.38973613
1778701935.83414316 -2.22965940 1.92027891 1.01524272 0.33467207 0.58878032 -0.62674581 0.38538556
1778701935.86746764 -2.21630129 1.91323714 1.04246822 0.32619961 0.59285015 -0.63028209 0.38061396
1778701935.90079141 -2.19243166 1.90578122 1.05416833 0.31915892 0.59543914 -0.63354336 0.37711088
1778701935.93411541 -2.17513317 1.89319469 1.05700546 0.31513182 0.59778631 -0.63449989 0.37517110
1778701935.96743917 -2.16377528 1.87585310 1.05482293 0.31233632 0.60015152 -0.63405724 0.37448043
1778701936.00076318 -2.15847231 1.86114530 1.04871897 0.30921827 0.60233076 -0.63324219 0.37494805
1778701936.03408670 -2.15066112 1.84376930 1.03605033 0.30704272 0.60398383 -0.63221053 0.37581664
1778701936.06740928 -2.14035407 1.82872207 1.02253556 0.30616966 0.60573400 -0.63070370 0.37624367
1778701936.10073280 -2.13113572 1.81663748 1.00238639 0.30695254 0.60700518 -0.62859411 0.37708659
1778701936.13405609 -2.13137212 1.80839207 0.98749619 0.30846668 0.60741967 -0.62683745 0.37810642
1778701936.16737914 -2.12117640 1.80626430 0.95554719 0.31064505 0.60721173 -0.62526022 0.37926669
1778701936.20070195 -2.10983963 1.80491681 0.92589424 0.31376969 0.60739632 -0.62306437 0.38001195
1778701936.23402500 -2.10154029 1.79983263 0.89539131 0.31697751 0.60809356 -0.61997771 0.38128091
1778701936.26734757 -2.09637091 1.79687762 0.86327435 0.32144778 0.60881050 -0.61615222 0.38259319
1778701936.30067039 -2.08611924 1.79913322 0.82814496 0.32759458 0.60892507 -0.61229631 0.38338660
1778701936.33399272 -2.07762345 1.80123096 0.81009713 0.33410747 0.60991562 -0.60776240 0.38340578
1778701936.36731815 -2.06292040 1.80313309 0.79098507 0.34247734 0.61168883 -0.60236189 0.38171481
1778701936.40064406 -2.04842366 1.80240272 0.77837700 -0.35153187 -0.61461070 0.59572059 -0.37920444
1778701936.43396974 -2.03797520 1.79480510 0.77554668 -0.36084226 -0.61910860 0.58730902 -0.37625194
1778701936.46729565 -2.03654949 1.78144226 0.77443177 -0.36948836 -0.62370028 0.57823334 -0.37432943
1778701936.50061989 -2.03704445 1.77145915 0.75655754 -0.37775841 -0.62635573 0.56998356 -0.37429378
1778701936.53394556 -2.03684060 1.76954470 0.72608894 -0.38428895 -0.62653776 0.56454277 -0.37558474
1778701936.56727076 -2.03892040 1.77111554 0.68440458 -0.38936501 -0.62487332 0.56084736 -0.37865348
1778701936.60059619 -2.03530303 1.77877280 0.64458626 -0.39332218 -0.62193340 0.55940411 -0.38152792
1778701936.63392115 -2.03629281 1.78407281 0.60253600 -0.39532255 -0.61902595 0.55893525 -0.38486145
1778701936.66724586 -2.03838564 1.78842042 0.56095905 -0.39717764 -0.61623933 0.55837314 -0.38822475
1778701936.70057106 -2.04328117 1.79408284 0.52430696 -0.40007300 -0.61346464 0.55703984 -0.39154736
1778701936.73389554 -2.04671687 1.79855195 0.48660606 -0.40204981 -0.61099912 0.55637330 -0.39431558
1778701936.76722002 -2.04889261 1.80600708 0.44614644 -0.40367052 -0.60780427 0.55662059 -0.39723745
1778701936.80054426 -2.04917739 1.81686967 0.39829140 -0.40644755 -0.60340725 0.55708513 -0.40044506
1778701936.83386874 -2.04528450 1.83115672 0.35156119 -0.41019511 -0.59740360 0.55881709 -0.40320265
1778701936.86719298 -2.03828977 1.85098998 0.29810125 -0.41371364 -0.59082155 0.56116000 -0.40604232
1778701936.90051675 -2.03604862 1.86574810 0.24874598 -0.41450705 -0.58483117 0.56494400 -0.40864983
1778701936.93384051 -2.03236571 1.88339864 0.19735831 -0.41416084 -0.57801691 0.57063229 -0.41078710
1778701936.96716332 -2.02135075 1.90934039 0.14490939 0.41572452 0.57026339 -0.57658765 0.41172742
1778701937.00048685 -2.00637857 1.93754235 0.09593073 0.41789841 0.56175441 -0.58278532 0.41249747
1778701937.03381038 -1.99397721 1.96428545 0.03853024 0.41968195 0.55331414 -0.58882897 0.41351054
1778701937.06713367 -1.98913075 1.98340353 -0.01115677 0.42003331 0.54683120 -0.59395249 0.41444915
1778701937.10045648 -1.97899195 2.00173093 -0.05729422 0.42060944 0.54159123 -0.59802646 0.41488672
1778701937.13377953 -1.96547359 2.02241207 -0.10474094 0.42319109 0.53649306 -0.60026060 0.41565816
1778701937.16710258 -1.95639565 2.03889083 -0.15549706 0.42699178 0.53155971 -0.60119888 0.41675196
1778701937.20042562 -1.95589815 2.04302960 -0.20406593 0.43050902 0.52801411 -0.59984290 0.41958502
1778701937.23374772 -1.96757111 2.03798986 -0.23673668 0.43425945 0.52625937 -0.59676368 0.42230666
1778701937.26707029 -1.96674315 2.03956593 -0.27417567 0.44103326 0.52515298 -0.59105884 0.42468043
1778701937.30039310 -1.97147890 2.03804468 -0.30333473 0.44726070 0.52561660 -0.58443671 0.42675377
1778701937.33371520 -1.98180711 2.02753292 -0.32997370 0.45187214 0.52756197 -0.57683918 0.42982147
1778701937.36707449 -1.98657324 2.01655932 -0.36485566 0.45643305 0.52821931 -0.56967447 0.43373290
1778701937.40047693 -1.98771650 2.00762325 -0.40066958 0.46073066 0.52842788 -0.56200081 0.43891494
1778701937.43388152 -2.00098580 1.98668460 -0.44378598 0.46390353 0.52884075 -0.55373724 0.44552896
1778701937.46728587 -2.00979926 1.96448982 -0.49065634 0.46665055 0.52888205 -0.54579617 0.45235780
1778701937.50069094 -2.01685766 1.94383118 -0.52464245 0.46771429 0.52975790 -0.53984667 0.45734614
1778701937.53409624 -2.02436609 1.92069811 -0.55402394 0.46666535 0.53088781 -0.53625918 0.46131082
1778701937.56750226 -2.02014277 1.91462178 -0.57452003 0.46687038 0.53159717 -0.53344630 0.46354239
1778701937.60090804 -2.02081577 1.89989103 -0.59868378 -0.46674636 -0.53260121 0.53028507 -0.46613467
1778701937.63431430 -2.02887340 1.89201951 -0.62969265 -0.46742544 -0.53287323 0.52651477 -0.46940576
1778701937.66772127 -2.01574085 1.88582421 -0.67700124 -0.47063287 -0.53011558 0.52248224 -0.47380849
1778701937.70112824 -1.98825950 1.86891762 -0.72683132 -0.47339552 -0.52619055 0.51850324 -0.47976513
1778701937.73453569 -1.97839039 1.84811006 -0.78231298 -0.47381226 -0.52292464 0.51495820 -0.48669274
1778701937.76794386 -1.96368672 1.82991432 -0.84221206 0.47450676 0.51867504 -0.51184361 0.49379718
1778701937.80135179 -1.93931733 1.81455963 -0.91638489 0.47633164 0.51192736 -0.50876610 0.50219080
1778701937.83476067 -1.90991373 1.79470595 -0.99586974 0.47965394 0.50396559 -0.50405728 0.51173923
1778701937.86816859 -1.86924922 1.78976467 -1.07556372 0.48507526 0.49552527 -0.49782897 0.52088677
1778701937.90157795 -1.82216209 1.78387095 -1.15960821 0.49134466 0.48606834 -0.49131743 0.53002374
1778701937.93498731 -1.77796407 1.79842354 -1.22864416 0.49974840 0.47836883 -0.48297749 0.53679377
1778701937.96839738 -1.71922445 1.81558563 -1.29568608 0.50959362 0.46962594 -0.47514699 0.54221874
1778701938.00180793 -1.64432676 1.82089896 -1.36797026 0.51865589 0.45819989 -0.47009285 0.54777882
1778701938.03521872 -1.56947496 1.83616661 -1.44011171 0.52648321 0.44534085 -0.46745038 0.55315197
1778701938.06863022 -1.50939052 1.84458049 -1.49847828 0.53285625 0.43570818 -0.46410215 0.55752290
1778701938.10204148 -1.46869798 1.84648361 -1.54264399 0.53716142 0.43002476 -0.45969247 0.56144380
1778701938.13545322 -1.44714289 1.84247698 -1.57890067 0.54057794 0.42816188 -0.45366851 0.56448010
1778701938.16886568 -1.42549500 1.85496395 -1.59039088 0.54460383 0.42845431 -0.44836254 0.56462785
1778701938.20227814 -1.41897808 1.86265875 -1.59675821 0.54588095 0.43015568 -0.44630012 0.56373424
1778701938.23569083 -1.41230509 1.87082562 -1.60293502 0.54663498 0.43166351 -0.44600608 0.56208131
1778701938.26910448 -1.41012592 1.86859371 -1.62354229 0.54699146 0.43235015 -0.44605933 0.56116376
1778701938.30251741 -1.39907417 1.87808146 -1.63420452 0.54832421 0.43251150 -0.44518964 0.56042890
1778701938.33593130 -1.38692967 1.88660948 -1.64758948 0.55042809 0.43262994 -0.44363043 0.55951076
1778701938.36930299 -1.37515275 1.89972565 -1.65658892 0.55317239 0.43313675 -0.44223668 0.55751195
1778701938.40262151 -1.38444544 1.89295942 -1.66489206 0.55309098 0.43490680 -0.44267699 0.55586286
1778701938.43594027 -1.39160517 1.89603734 -1.68331818 0.55265698 0.43691315 -0.44371565 0.55388951
1778701938.46925831 -1.39148077 1.90905692 -1.68556889 0.55234397 0.43885192 -0.44509015 0.55156132
1778701938.50257659 -1.39972117 1.90691653 -1.69831921 0.55056297 0.44035316 -0.44735859 0.55030882
1778701938.53589463 -1.41187254 1.89611097 -1.71991624 0.54696066 0.44118806 -0.45090235 0.55034009
1778701938.56921220 -1.44938847 1.85300176 -1.75802096 0.54039155 0.44126628 -0.45735626 0.55144020
1778701938.60253000 -1.47315445 1.83280036 -1.77981169 0.53512676 0.44249568 -0.46206615 0.55166276
1778701938.63584733 -1.50036290 1.82045520 -1.79370869 0.53060032 0.44510784 -0.46608847 0.55054868
1778701938.66916466 -1.52916223 1.82238055 -1.79669974 0.52712566 0.44934815 -0.46932559 0.54768446
1778701938.70248127 -1.57663912 1.81020958 -1.79304449 0.52177453 0.45475288 -0.47396212 0.54434462
1778701938.73579717 -1.60932913 1.81314768 -1.78969829 0.51715057 0.45949162 -0.47843640 0.54085243
1778701938.76911378 -1.64103517 1.81647911 -1.78965499 0.51300320 0.46335754 -0.48377854 0.53673628
1778701938.80243015 -1.67584440 1.82134525 -1.78382897 0.50869307 0.46802724 -0.48921999 0.53183237
1778701938.83574605 -1.73226954 1.80762268 -1.77206334 0.50224644 0.47330516 -0.49623058 0.52676935
1778701938.86906195 -1.77441221 1.81101247 -1.75689214 0.49671266 0.47835415 -0.50331810 0.52069639
1778701938.90237784 -1.81017576 1.82096546 -1.74018805 0.49252041 0.48336597 -0.50935091 0.51414263
1778701938.93569350 -1.84285231 1.84176823 -1.71658645 0.49026846 0.48965212 -0.51310503 0.50655786
1778701938.96900845 -1.87346553 1.85649094 -1.68675093 0.48828113 0.49549875 -0.51594671 0.49986150
1778701939.00232387 -1.89210779 1.87918647 -1.67111638 0.48654633 0.50003843 -0.51852875 0.49433002
1778701939.03563857 -1.91567786 1.88838078 -1.66313696 0.48338284 0.50405261 -0.52182633 0.48986659
1778701939.06895375 -1.94399165 1.89284399 -1.65175925 0.47942406 0.50903558 -0.52460018 0.48562331
1778701939.10226798 -1.99074614 1.86889187 -1.63201199 0.47348546 0.51450817 -0.52790554 0.48208776
1778701939.13558269 -2.02301799 1.87215757 -1.61624319 0.46948166 0.51995224 -0.52971986 0.47815636
1778701939.16889691 -2.04613636 1.87469604 -1.60605888 0.46671669 0.52492819 -0.53053541 0.47450828
1778701939.20220995 -2.06288464 1.87896487 -1.60087165 0.46541042 0.52962801 -0.52960726 0.47159671
1778701939.23552370 -2.07067061 1.86951504 -1.60091752 -0.46491443 -0.53310179 0.52764725 -0.47036734
1778701939.26883698 -2.07959661 1.86897283 -1.60344075 -0.46479679 -0.53753269 0.52443497 -0.46903146
1778701939.30215049 -2.09112327 1.86932030 -1.60044543 -0.46457878 -0.54287241 0.52069406 -0.46726203
1778701939.33546352 -2.09781180 1.86756442 -1.60458669 -0.46434980 -0.54708136 0.51732726 -0.46631937
1778701939.36879253 -2.11723271 1.84492979 -1.61155288 -0.46074540 -0.55048686 0.51584419 -0.46752825
1778701939.40218902 -2.14267206 1.80272577 -1.63077589 -0.45330636 -0.55353391 0.51608828 -0.47092084
1778701939.43558598 -2.16485606 1.75190563 -1.65966740 -0.44496319 -0.55497233 0.51730597 -0.47582351
1778701939.46898293 -2.17594408 1.71819776 -1.68702658 -0.44000933 -0.55643266 0.51618273 -0.47992694
1778701939.50238013 -2.18097731 1.70147235 -1.70601567 -0.43775100 -0.55816535 0.51414871 -0.48215828
1778701939.53577805 -2.18224088 1.69475068 -1.72597229 -0.43600314 -0.55916152 0.51341128 -0.48337203
1778701939.56917620 -2.18238405 1.70256969 -1.74564241 -0.43510079 -0.55792793 0.51577575 -0.48309327
1778701939.60257435 -2.16929839 1.70906970 -1.77239187 -0.43462301 -0.55474079 0.52041212 -0.48222062
1778701939.63597226 -2.16999303 1.71666509 -1.78101813 -0.43322910 -0.55451427 0.52418048 -0.47964705
1778701939.66937113 -2.16282050 1.70242941 -1.79252891 -0.43140764 -0.55520350 0.52660087 -0.47783685
1778701939.70277023 -2.16857089 1.71493563 -1.79086756 -0.43058547 -0.55737544 0.52784437 -0.47466735
1778701939.73616958 -2.19293479 1.73919770 -1.77601701 -0.42976229 -0.56173497 0.52807260 -0.46999737
1778701939.76956964 -2.21038264 1.75628340 -1.75920072 -0.42833091 -0.56615458 0.52894004 -0.46499898
1778701939.80296969 -2.22685439 1.77258585 -1.74413134 -0.42644685 -0.56952905 0.53148924 -0.45967263
1778701939.83637023 -2.20497120 1.74318496 -1.74145894 -0.42196829 -0.56875378 0.53781972 -0.45739681
1778701939.86977100 -2.26500786 1.74609772 -1.71779069 -0.41442022 -0.57192233 0.54631644 -0.45022114
1778701939.90317225 -2.31013808 1.75714266 -1.68071636 -0.40695324 -0.57588462 0.55380777 -0.44276734
1778701939.93657351 -2.35077416 1.75303495 -1.64667508 -0.39886761 -0.58032473 0.56026100 -0.43615988
1778701939.96997523 -2.38701876 1.75437174 -1.61306554 -0.39187457 -0.58447589 0.56616754 -0.42927447
1778701940.00337696 -2.42029586 1.76043387 -1.57899232 -0.38571360 -0.58864375 0.57160582 -0.42188902
1778701940.03677964 -2.44968751 1.73332608 -1.54990931 0.37837083 0.59158704 -0.57768208 0.41610539
1778701940.07018065 -2.48225520 1.74065373 -1.51034151 0.37190276 0.59586035 -0.58278572 0.40865583
1778701940.10358357 -2.51805806 1.74059084 -1.47075898 0.36460684 0.59998932 -0.58840717 0.40106318
1778701940.13698673 -2.55402347 1.74418134 -1.42766663 0.35722418 0.60398791 -0.59455435 0.39254888
1778701940.17039013 -2.59081922 1.74403474 -1.38769746 0.34915354 0.60720659 -0.60139590 0.38433701
1778701940.20379400 -2.62746799 1.72208275 -1.33889097 0.34043127 0.61027630 -0.60804009 0.37677134
1778701940.23719811 -2.67891390 1.72559791 -1.29226067 0.33230027 0.61504779 -0.61294261 0.36823105
1778701940.27060246 -2.71583813 1.72730926 -1.25002348 0.32516077 0.61954308 -0.61661339 0.36086669
1778701940.30400705 -2.75617246 1.72281961 -1.21144451 0.31738391 0.62390415 -0.62016589 0.35412617
1778701940.33741188 -2.79479248 1.71840800 -1.17913332 0.30940871 0.62707320 -0.62454231 0.34783956
1778701940.37081742 -2.82951719 1.71343541 -1.15658951 0.30207995 0.62884445 -0.62936326 0.34235105
1778701940.40412831 -2.85001475 1.70956963 -1.13170698 0.29668622 0.63016812 -0.63290279 0.33808206
1778701940.43743968 -2.87295802 1.71215391 -1.11767160 0.29209610 0.63160431 -0.63582273 0.33389417
1778701940.47075033 -2.90629364 1.70220286 -1.09059959 0.28486744 0.63432526 -0.63858964 0.32967450
1778701940.50406051 -2.94660843 1.68262602 -1.04834406 0.27523141 0.63760501 -0.64223716 0.32440552
1778701940.53736997 -2.97510158 1.65857746 -0.98930860 0.26509059 0.64098618 -0.64604449 0.31857529
1778701940.57067966 -3.03091346 1.64556588 -0.92001214 0.25258683 0.64614789 -0.65041362 0.30928130
1778701940.60398960 -3.07001978 1.63326056 -0.83293852 0.24045172 0.65185025 -0.65394320 0.29938689
1778701940.63729906 -3.10015994 1.63079079 -0.75627344 0.23158442 0.65783989 -0.65520697 0.29037763
1778701940.67060804 -3.11921848 1.63660701 -0.69339536 0.22497878 0.66284232 -0.65612109 0.28201013
1778701940.70391726 -3.11604800 1.63939717 -0.63482236 0.21801845 0.66502510 -0.65953526 0.27426779
1778701940.73722553 -3.14992249 1.64872937 -0.58945065 0.20992229 0.66676561 -0.66395497 0.26555612
1778701940.77053428 -3.16366824 1.65675113 -0.54578507 0.20446927 0.66888925 -0.66598792 0.25930596
1778701940.80384207 -3.17535637 1.65853125 -0.49649592 0.19873274 0.67260492 -0.66651293 0.25272204
1778701940.83714986 -3.18738875 1.65682640 -0.43971931 0.19190137 0.67672573 -0.66703406 0.24552335
1778701940.87045717 -3.19313899 1.66191805 -0.39930511 0.18647728 0.67990781 -0.66815976 0.23772700
1778701940.90376496 -3.19484143 1.66782563 -0.35582210 0.18222085 0.68332488 -0.66820861 0.23099768
1778701940.93707180 -3.20385740 1.65451084 -0.32501479 -0.17732657 -0.68694634 0.66692485 -0.22775265
1778701940.97037768 -3.21062462 1.64053428 -0.30853164 -0.17392730 -0.68981699 0.66540526 -0.22613638
1778701941.00368404 -3.20094373 1.63596938 -0.31141559 -0.17321963 -0.69133453 0.66441348 -0.22495836
1778701941.03699017 -3.21376618 1.63628722 -0.29659918 -0.17099403 -0.69254451 0.66476297 -0.22188588
1778701941.07029629 -3.21249123 1.63165037 -0.29266363 -0.16825187 -0.69292899 0.66570752 -0.21994138
1778701941.10360169 -3.21445722 1.61660813 -0.28356549 -0.16336461 -0.69310621 0.66728211 -0.21828966
1778701941.13690734 -3.22504248 1.58165957 -0.27212352 0.15485915 0.69257491 -0.66995807 0.21797895
1778701941.17021275 -3.23765658 1.54477879 -0.26646333 0.14610977 0.69109836 -0.67333891 0.21828814
1778701941.20351744 -3.24008557 1.52528393 -0.27297177 0.13972996 0.68875584 -0.67706659 0.21833864
1778701941.23682213 -3.24036160 1.51331862 -0.28466284 0.13480647 0.68589155 -0.68107206 0.21799277
1778701941.30343056 -3.22823746 1.52344223 -0.30918796 0.13166560 0.68382632 -0.68466483 0.21512742
1778701941.33673406 -3.21457680 1.53817368 -0.32342021 0.13330307 0.68283725 -0.68590108 0.21331501
1778701941.37003779 -3.19876839 1.56516767 -0.34207175 0.13477023 0.68045664 -0.68904101 0.20985289
1778701941.40337300 -3.18622471 1.58551656 -0.35948722 0.13546301 0.67809155 -0.69212395 0.20689627
1778701941.43670344 -3.17465619 1.60244061 -0.37955968 0.13589062 0.67522723 -0.69560261 0.20430110
1778701941.47003317 -3.16463351 1.61884481 -0.39661701 0.13635486 0.67292857 -0.69855155 0.20149496
1778701941.50336337 -3.14001894 1.63655478 -0.39134361 0.13756344 0.67310733 -0.69889857 0.19885577
1778701941.53669333 -3.15048505 1.65384039 -0.38509695 0.13725556 0.67563813 -0.69773558 0.19452273
1778701941.57002330 -3.14410863 1.67442722 -0.37600852 0.13812873 0.67863864 -0.69575902 0.19049786
1778701941.60335302 -3.13834381 1.69688716 -0.37389753 0.13920798 0.67960357 -0.69577584 0.18616148
1778701941.63668203 -3.12898211 1.72449072 -0.37921948 0.14036027 0.67880909 -0.69753750 0.18154514
1778701941.67001176 -3.12156282 1.74779929 -0.37748880 0.14067685 0.67849241 -0.69899193 0.17682860
1778701941.70334101 -3.10798526 1.76383829 -0.36588003 0.13993799 0.67817923 -0.70051204 0.17254903
1778701941.73666978 -3.10796759 1.77880219 -0.34505220 0.13677684 0.67799486 -0.70274552 0.16662472
1778701941.76999903 -3.10962571 1.79042633 -0.31403240 0.13239974 0.67858308 -0.70457567 0.15990137
1778701941.80332732 -3.11314409 1.79984718 -0.27071510 0.12729498 0.68072282 -0.70507703 0.15257394
1778701941.83665514 -3.11195300 1.81563022 -0.22859981 0.12270066 0.68224017 -0.70616789 0.14429073
1778701941.86998391 -3.10912492 1.83142685 -0.17968869 0.11755395 0.68306066 -0.70809414 0.13495145
1778701941.90331197 -3.10607486 1.85368351 -0.12058602 0.11099531 0.68438912 -0.70980202 0.12438917
1778701941.93664002 -3.10342400 1.87128655 -0.05610389 0.10307797 0.68492757 -0.71240153 0.11284152
1778701941.96996856 -3.09886136 1.89134480 0.00947147 0.09515511 0.68548020 -0.71477418 0.10079819
1778701942.00329638 -3.09772665 1.90234370 0.07503648 0.08705550 0.68571464 -0.71717198 0.08877570
1778701942.03662395 -3.09244938 1.91383820 0.14506228 0.07835161 0.68601413 -0.71916669 0.07774903
1778701942.06995177 -3.09074789 1.92070693 0.21475273 0.06832801 0.68638502 -0.72093813 0.06674652
1778701942.10327911 -3.09236752 1.92255618 0.28352467 0.05668778 0.68526027 -0.72391223 0.05617779
1778701942.13660669 -3.09167483 1.92661692 0.34367678 0.04423120 0.68166680 -0.72891762 0.04531083
1778701942.16993380 -3.09188863 1.92572768 0.41797701 0.03066336 0.67824417 -0.73339877 0.03421755
1778701942.20326090 -3.08712397 1.92812534 0.49750505 0.01714757 0.67621071 -0.73616374 0.02253853
1778701942.23658800 -3.07317683 1.94137662 0.57732776 0.00505084 0.67443303 -0.73825453 0.00973823
1778701942.26991439 -3.05686983 1.94865240 0.66737994 -0.00832910 0.67317839 -0.73942621 -0.00321782
1778701942.30324006 -3.05212609 1.94298170 0.77374177 -0.02423219 0.67220821 -0.73980049 -0.01562573
1778701942.33656693 -3.03601269 1.94028194 0.85720718 -0.03838927 0.67075631 -0.74018207 -0.02725317
1778701942.36989307 -3.01222693 1.94422047 0.94056289 -0.05145735 0.66813949 -0.74121131 -0.03933888
1778701942.40320778 -2.98542184 1.94714895 1.02237249 -0.06355029 0.66656572 -0.74099281 -0.05080510
1778701942.43651676 -2.95634974 1.94235575 1.10981147 -0.07496334 0.66751180 -0.73827792 -0.06127168
1778701942.46982574 -2.93806783 1.93211001 1.21386925 -0.08681048 0.67028531 -0.73349428 -0.07188664
1778701942.50313377 -2.88135773 1.92106860 1.33236600 -0.09679139 0.67304762 -0.72876265 -0.08089084
1778701942.53644204 -2.84730673 1.91133134 1.41246836 -0.10694340 0.67474925 -0.72467790 -0.09010267
1778701942.56974983 -2.81281026 1.90373546 1.48208590 -0.11684331 0.67490588 -0.72186578 -0.09879006
1778701942.60305762 -2.77687975 1.89905825 1.54195908 -0.12590661 0.67446881 -0.71957658 -0.10699950
1778701942.63636494 -2.73245268 1.89829173 1.61919980 -0.13504745 0.67377578 -0.71721693 -0.11570768
1778701942.66967154 -2.69236808 1.89659901 1.67960785 -0.14378472 0.67298394 -0.71479313 -0.12445619
1778701942.70297861 -2.64926408 1.89863455 1.73422024 -0.15104067 0.67277234 -0.71191760 -0.13318193
1778701942.73628402 -2.60772173 1.89872262 1.78326956 -0.15801006 0.67256743 -0.70908164 -0.14102870
1778701942.76959014 -2.55390998 1.90308559 1.84213416 -0.16540497 0.67122245 -0.70714777 -0.14847104
1778701942.80289626 -2.50694200 1.91324671 1.88701045 -0.17320388 0.66811143 -0.70628643 -0.15743892
1778701942.83620167 -2.45487218 1.92681513 1.93115272 -0.18102130 0.66453251 -0.70550881 -0.16698847
1778701942.86950684 -2.40225106 1.93926683 1.97273516 -0.18833059 0.66127311 -0.70446297 -0.17601531
1778701942.90281177 -2.34919391 1.95080078 2.00930646 -0.19512735 0.65818037 -0.70335045 -0.18445070
1778701942.93611670 -2.28531676 1.96041281 2.05333232 -0.20117907 0.65538713 -0.70252919 -0.19091207
1778701942.96942091 -2.24696695 1.96889706 2.07644192 -0.20703622 0.65201235 -0.70224181 -0.19716069
1778701943.00272512 -2.21248461 1.98103645 2.09034627 -0.21166368 0.64853997 -0.70256873 -0.20246378
1778701943.03602934 -2.18181991 1.99167963 2.09795369 -0.21537394 0.64568927 -0.70279098 -0.20684360
1778701943.06933260 -2.14356688 1.99904853 2.09578474 -0.21782766 0.64363719 -0.70305450 -0.20975381
1778701943.10263610 -2.11568319 2.01688294 2.09456872 -0.22022743 0.64032470 -0.70397815 -0.21424034
1778701943.13593888 -2.08380237 2.04242098 2.08841351 -0.22154491 0.63676807 -0.70518604 -0.21944687
1778701943.16924095 -2.04833919 2.06964660 2.08150310 -0.22314196 0.63267391 -0.70654611 -0.22521983
1778701943.20254350 -2.00860622 2.10090445 2.07295671 -0.22484386 0.62787170 -0.70827205 -0.23145859
1778701943.23584580 -1.95302424 2.13938065 2.06169358 -0.22532141 0.62273346 -0.71058096 -0.23771414
1778701943.26914716 -1.91382175 2.17870979 2.04608443 -0.22655041 0.61662851 -0.71311716 -0.24476134
1778701943.30244899 -1.87375207 2.21728547 2.02969581 -0.22724099 0.61113445 -0.71522594 -0.25165069
1778701943.33575058 -1.83494365 2.24969246 2.01438666 -0.22800122 0.60648311 -0.71667553 -0.25801136
1778701943.36905122 -1.78476692 2.28071521 2.00523799 -0.22829000 0.60256349 -0.71790992 -0.26345068
1778701943.40238810 -1.74920504 2.30849462 1.99215549 -0.22931791 0.59806066 -0.71917203 -0.26931084
1778701943.43574095 -1.71618976 2.33399443 1.97547121 -0.22994130 0.59372171 -0.72053054 -0.27469487
1778701943.46909428 -1.68530136 2.35476813 1.95956158 -0.23047149 0.58988075 -0.72168932 -0.27944254
1778701943.50244784 -1.64685113 2.37522413 1.95028063 -0.23037574 0.58685477 -0.72255427 -0.28362620
1778701943.53580117 -1.62039484 2.38688859 1.94188427 -0.23099138 0.58480549 -0.72254332 -0.28736157
1778701943.56915545 -1.59570688 2.38624124 1.94568694 -0.23328177 0.58414661 -0.72117036 -0.29028548
1778701943.60250974 -1.57505094 2.37608716 1.95819715 -0.23696249 0.58444610 -0.71890802 -0.29230599
1778701943.63586307 -1.53879662 2.37183164 1.97071065 -0.23965578 0.58464415 -0.71692293 -0.29458077
1778701943.66921806 -1.51060868 2.37110089 1.97622650 -0.24329451 0.58329001 -0.71546076 -0.29781948
1778701943.70257354 -1.48725529 2.37136261 1.97859801 -0.24775032 0.58051812 -0.71458397 -0.30164257
1778701943.73592901 -1.46121485 2.37754642 1.98418014 -0.25251619 0.57781640 -0.71340885 -0.30563312
1778701943.76928473 -1.43400473 2.37846120 1.98752579 -0.25737642 0.57517068 -0.71222335 -0.30931207
1778701943.80264044 -1.40495112 2.38097548 1.98901782 -0.26163688 0.57269774 -0.71090957 -0.31332254
1778701943.83599710 -1.34758925 2.37410913 1.98686614 -0.26345263 0.57184411 -0.70980711 -0.31584947
1778701943.86935353 -1.33440510 2.36240340 2.00600518 -0.26928035 0.57091746 -0.70661012 -0.31975535
1778701943.90271068 -1.30758599 2.35017344 2.01516035 -0.27369118 0.57098627 -0.70364153 -0.32242273
1778701943.93606758 -1.27763795 2.34265413 2.02063408 -0.27776953 0.57041224 -0.70085452 -0.32600140
1778701943.96942496 -1.24377156 2.33819297 2.02399662 -0.28166063 0.56953471 -0.69781237 -0.33068927
1778701944.00278306 -1.20364812 2.33136381 2.03291038 -0.28574487 0.56890985 -0.69471251 -0.33476257
1778701944.03614116 -1.16842927 2.31880002 2.04328040 -0.29119747 0.56825561 -0.69103182 -0.33876928
1778701944.06949878 -1.13160180 2.30773563 2.05179236 -0.29717210 0.56687687 -0.68738632 -0.34327743
1778701944.10285735 -1.09112770 2.30314065 2.05559278 -0.30288201 0.56440216 -0.68406660 -0.34894925
1778701944.13621616 -1.04865099 2.30587723 2.05432342 -0.30895159 0.56068452 -0.68103057 -0.35549846
1778701944.16957545 -0.99346362 2.30668747 2.05515364 -0.31489239 0.55668665 -0.67791219 -0.36246078
1778701944.20293498 -0.93956360 2.30984602 2.05556619 -0.32120031 0.55291953 -0.67388821 -0.37011489
1778701944.23629475 -0.88102696 2.32491284 2.04469621 -0.32569129 0.54830678 -0.67039688 -0.37927943
1778701944.26965523 -0.82425682 2.34901487 2.02237993 -0.32856657 0.54277682 -0.66782423 -0.38916336
1778701944.30301547 -0.75122506 2.36590942 2.00109992 -0.32986406 0.53944881 -0.66512949 -0.39722467
1778701944.33637619 -0.71261885 2.37520218 1.99254887 -0.33458937 0.53526689 -0.66112682 -0.40552512
1778701944.36973739 -0.67075097 2.38052559 1.97830507 -0.33868516 0.53178862 -0.65797953 -0.41177198
1778701944.40306807 -0.63515701 2.38208243 1.96581153 -0.34315521 0.52844269 -0.65499047 -0.41710947
1778701944.43638492 -0.60212364 2.37652904 1.96011443 -0.34775174 0.52639681 -0.65137636 -0.42152577
1778701944.46970177 -0.56239472 2.36825147 1.95232975 -0.35115787 0.52533275 -0.64783786 -0.42546418
1778701944.50301814 -0.53374706 2.36035670 1.94839175 -0.35494534 0.52460392 -0.64402310 -0.42899740
1778701944.53633308 -0.50239657 2.34954676 1.94734613 -0.35855102 0.52427250 -0.64001583 -0.43238784
1778701944.56964898 -0.47891866 2.33343808 1.95036023 -0.36321781 0.52409456 -0.63618445 -0.43435822
1778701944.60296512 -0.45830501 2.31524876 1.95660145 -0.36927278 0.52351477 -0.63244393 -0.43541311
1778701944.63628054 -0.43043320 2.29924284 1.95790116 -0.37537268 0.52289630 -0.62875275 -0.43628521
1778701944.66959572 -0.40598771 2.28603914 1.95833499 -0.38116839 0.52130150 -0.62545973 -0.43789900
1778701944.70291090 -0.37852016 2.28121717 1.95147099 -0.38555051 0.51898436 -0.62267419 -0.44077533
1778701944.73622561 -0.34835518 2.28039311 1.94000269 -0.38936623 0.51590504 -0.62026216 -0.44442186
1778701944.76954055 -0.31194784 2.27922484 1.92688793 -0.39258381 0.51315521 -0.61816403 -0.44768617
1778701944.80285478 -0.28371655 2.27849319 1.91317040 -0.39571728 0.51029735 -0.61629751 -0.45075695
1778701944.83616900 -0.25481476 2.28144357 1.89506242 -0.39767784 0.50752640 -0.61471749 -0.45430353
1778701944.86948347 -0.22687385 2.28784466 1.87234915 -0.39852747 0.50475689 -0.61365099 -0.45807073
1778701944.90279722 -0.20252479 2.29322213 1.85019814 -0.39876355 0.50246857 -0.61304007 -0.46118851
1778701944.93611073 -0.17099723 2.28973584 1.83472493 -0.39796407 0.50173814 -0.61344646 -0.46213298
1778701944.96942306 -0.15963065 2.28345108 1.82462016 -0.39809750 0.50206384 -0.61306403 -0.46217181
1778701945.00273633 -0.15233101 2.27483263 1.81844979 -0.39845797 0.50281323 -0.61280721 -0.46138642
1778701945.03604937 -0.14960519 2.27100512 1.80815472 -0.39855055 0.50295887 -0.61330736 -0.46048227
1778701945.06936193 -0.12648325 2.26645218 1.79322478 -0.39595456 0.50394803 -0.61464695 -0.45985378
1778701945.10267425 -0.11347573 2.26623429 1.77865271 -0.39350511 0.50519650 -0.61500141 -0.46011247
1778701945.13598680 -0.10389448 2.26912006 1.76092109 -0.39169457 0.50554380 -0.61588548 -0.46009337
1778701945.16929913 -0.09499762 2.27921020 1.73638428 -0.38925829 0.50518696 -0.61646315 -0.46177625
1778701945.20261049 -0.07487117 2.28753574 1.71638652 -0.38706331 0.50508528 -0.61643174 -0.46377016
1778701945.23592257 -0.05073565 2.29188329 1.69959170 -0.38684418 0.50454272 -0.61513438 -0.46625950
1778701945.26923394 -0.01553226 2.29881231 1.68024013 -0.38701329 0.50300744 -0.61308296 -0.47046096
1778701945.30254531 0.04522134 2.29538550 1.66630421 -0.38615802 0.50227872 -0.61126538 -0.47429179
1778701945.33585620 0.07737564 2.28594653 1.65565428 -0.38838805 0.50286839 -0.60684577 -0.47751054
1778701945.36916733 0.10644377 2.26584840 1.66574824 -0.39250014 0.50572771 -0.60137663 -0.47804735
1778701945.40248275 0.13205467 2.23386542 1.68239268 -0.39754692 0.50983980 -0.59527470 -0.47714553
1778701945.43579912 0.15392295 2.19688915 1.70412645 -0.40228156 0.51541934 -0.58873518 -0.47529289
1778701945.46911550 0.17337032 2.15703360 1.72944292 -0.40616279 0.52240821 -0.58178362 -0.47291570
1778701945.50243163 0.19692269 2.11202058 1.76276856 -0.40909342 0.52993030 -0.57578532 -0.46934818
1778701945.53574753 0.21077686 2.07944196 1.77992758 -0.41170427 0.53594245 -0.57028932 -0.46694258
1778701945.56906295 0.22178736 2.06377447 1.78064418 -0.41269736 0.53893820 -0.56728445 -0.46627766
1778701945.60237861 0.22761898 2.05938647 1.76858437 -0.41377891 0.53915521 -0.56607083 -0.46654312
1778701945.63569379 0.23255198 2.05912133 1.75516073 -0.41516999 0.53839216 -0.56548073 -0.46690395
1778701945.66900849 0.24687077 2.05192626 1.73958586 -0.41683200 0.53719563 -0.56528746 -0.46703536
1778701945.70232368 0.26108360 2.05323291 1.72635461 -0.41853226 0.53606402 -0.56480284 -0.46740118
1778701945.73563814 0.26831087 2.04912966 1.71331340 -0.42124396 0.53429126 -0.56362860 -0.46841133
1778701945.76895237 0.27893638 2.04408826 1.70192868 -0.42410644 0.53286516 -0.56172756 -0.46973461
1778701945.80226684 0.29153690 2.04296200 1.68649786 -0.42643078 0.53078335 -0.56019620 -0.47181145
1778701945.83558083 0.30463019 2.04365287 1.66913436 -0.42859390 0.52843801 -0.55862706 -0.47433779
1778701945.86889338 0.30703588 2.04001940 1.64082652 -0.43180073 0.52614253 -0.55610744 -0.47693467
1778701945.90220714 0.33517426 2.02884583 1.62970045 -0.43441223 0.52578786 -0.55340251 -0.47809916
1778701945.93552017 0.35261891 2.02022614 1.61682099 -0.43767392 0.52460215 -0.55002508 -0.48031920
1778701945.96883321 0.37171782 2.01734478 1.59813583 -0.44058538 0.52251688 -0.54685150 -0.48354324
1778701946.00214624 0.39346814 2.01778869 1.57415743 -0.44267659 0.52003444 -0.54400045 -0.48750910
1778701946.03545856 0.41195475 2.01648415 1.55165801 -0.44534049 0.51754161 -0.54100740 -0.49105348
1778701946.06877089 0.42765620 2.01688977 1.52766658 -0.44841712 0.51468647 -0.53851590 -0.49398435
1778701946.10208344 0.43998319 2.01454244 1.50684171 -0.45164154 0.51233293 -0.53612086 -0.49609406
1778701946.13539553 0.44713635 2.01295003 1.48909228 -0.45454618 0.51087247 -0.53397228 -0.49726321
1778701946.16870713 0.45202872 2.01284996 1.46754007 -0.45616161 0.50980161 -0.53279901 -0.49814066
1778701946.20201874 0.45565162 2.01643828 1.44409578 -0.45662387 0.50873662 -0.53240324 -0.49922789
1778701946.23533010 0.47320299 2.01579458 1.41356425 -0.45541073 0.50881758 -0.53305636 -0.49955646
1778701946.26864123 0.45574064 2.01842091 1.39838452 -0.45602882 0.50761507 -0.53190822 -0.50143623
1778701946.30195141 0.45084413 2.01585190 1.38094314 -0.45581028 0.50738636 -0.53128053 -0.50253067
1778701946.33526182 0.44761573 2.00982120 1.36635730 -0.45677637 0.50773047 -0.53000515 -0.50265262
1778701946.36857247 0.44658458 1.99958937 1.35884424 -0.45878044 0.50890122 -0.52803607 -0.50171503
1778701946.40193343 0.43659771 1.98768712 1.35427541 -0.46215197 0.51023529 -0.52500976 -0.50044006
1778701946.43532777 0.44145691 1.97484010 1.35273384 -0.46562889 0.51170092 -0.52197913 -0.49888845
1778701946.46872306 0.45083536 1.96597507 1.34623887 -0.46963594 0.51156394 -0.51931667 -0.49805081
1778701946.50211859 0.47564833 1.96143101 1.33242252 -0.47288314 0.50982963 -0.51762384 -0.49851865
1778701946.53551412 0.49184192 1.96215320 1.31101356 -0.47658498 0.50635000 -0.51582774 -0.50039801
1778701946.56891012 0.50837558 1.96373508 1.28731813 -0.48001874 0.50250615 -0.51453629 -0.50231662
1778701946.60230637 0.52030241 1.96412191 1.26647833 -0.48391790 0.49877121 -0.51317350 -0.50369009
1778701946.63570285 0.51544448 1.96267411 1.24914422 -0.48848699 0.49532903 -0.51175424 -0.50412023
1778701946.66909957 0.52039146 1.96237430 1.23277822 -0.49119150 0.49342605 -0.51151985 -0.50359616
1778701946.70249677 0.53454593 1.96353469 1.21622208 -0.49128875 0.49273337 -0.51306682 -0.50260483
1778701946.73589301 0.55134887 1.97365544 1.21004696 -0.48988067 0.49445966 -0.51471895 -0.50059063
1778701946.76929092 0.52622425 1.96029363 1.19072050 -0.48905233 0.49447079 -0.51655336 -0.49949883
1778701946.80268884 0.51905533 1.95313422 1.18041533 -0.48774397 0.49683803 -0.51875103 -0.49614026
1778701946.83608723 0.50576979 1.95019760 1.16972844 -0.48633609 0.49867679 -0.52171098 -0.49256099
1778701946.86948562 0.48018077 1.95279294 1.15029410 -0.48521873 0.49902901 -0.52521119 -0.48957741
1778701946.90288448 0.48246835 1.95416491 1.13206416 -0.48256802 0.50011872 -0.52937184 -0.48659513
1778701946.93628359 0.50751131 1.96929277 1.15774923 -0.48032969 0.50395320 -0.53176790 -0.48222138
1778701946.96968317 0.50755691 1.96770499 1.14780218 -0.47806790 0.50613517 -0.53325400 -0.48053974
1778701947.00308228 0.51041944 1.96920374 1.13188637 -0.47550627 0.50733771 -0.53451211 -0.48041549
1778701947.03648233 0.51835292 1.96724540 1.11836164 -0.47332915 0.50923458 -0.53489251 -0.48013505
1778701947.06988263 0.52531485 1.96270448 1.11077825 -0.47161713 0.51175036 -0.53494516 -0.47908509
1778701947.10328317 0.53254744 1.95838156 1.10335268 -0.46905500 0.51477167 -0.53531984 -0.47794372
1778701947.13668418 0.54191962 1.95332598 1.09530819 -0.46552542 0.51815516 -0.53592289 -0.47706181
1778701947.17008471 0.56213052 1.96309282 1.08795841 -0.46275754 0.52241787 -0.53628103 -0.47469748
1778701947.20348501 0.57408898 1.95861158 1.07882450 -0.45871479 0.52503469 -0.53697900 -0.47494512
1778701947.23688698 0.58051199 1.95726222 1.06586163 -0.45466402 0.52703964 -0.53776341 -0.47573140
1778701947.27028847 0.58785958 1.95701137 1.05382099 -0.45077344 0.52895499 -0.53846589 -0.47651277
1778701947.30369115 0.59191929 1.95593717 1.04344421 -0.44780927 0.53071590 -0.53951268 -0.47616548
1778701947.33709359 0.59189017 1.95359295 1.03965149 -0.44584452 0.53283245 -0.54040548 -0.47463055
1778701947.37049603 0.60140143 1.94823413 1.02947625 -0.44369667 0.53539763 -0.54195142 -0.47198656
1778701947.40386271 0.59746324 1.94659357 1.02660358 -0.44216168 0.53754049 -0.54292261 -0.46987053
1778701947.43717146 0.59185824 1.94530761 1.02423735 -0.44110576 0.53952575 -0.54364027 -0.46775306
1778701947.47047973 0.58846737 1.94404988 1.02136052 -0.44057976 0.54132526 -0.54394272 -0.46581407
1778701947.50378823 0.58787437 1.94153948 1.01416832 -0.43970200 0.54274368 -0.54417195 -0.46472394
1778701947.53709602 0.59553130 1.94061695 1.00012449 -0.43842849 0.54370479 -0.54500307 -0.46382886
1778701947.57040334 0.59443450 1.94141134 0.98929437 -0.43687780 0.54434979 -0.54569052 -0.46372723
1778701947.60371089 0.59275947 1.94017926 0.97939872 -0.43589696 0.54523874 -0.54585826 -0.46340837
1778701947.63701701 0.58958458 1.93617212 0.97353217 -0.43560736 0.54659459 -0.54543750 -0.46257813
1778701947.67032361 0.58968201 1.93106977 0.96508486 -0.43581365 0.54799426 -0.54430247 -0.46206448
1778701947.70363021 0.59469161 1.92673596 0.95133039 -0.43657191 0.54852684 -0.54356939 -0.46157946
1778701947.73693633 0.59615729 1.92013057 0.94663351 -0.43888820 0.54905569 -0.54097514 -0.46180179
1778701947.77024221 0.60087022 1.91372976 0.93795212 -0.44214884 0.54835279 -0.53747611 -0.46360873
1778701947.80354786 0.61359142 1.91127937 0.91775879 -0.44388347 0.54641029 -0.53407621 -0.46815153
1778701947.83685279 0.61930282 1.91448741 0.89060112 -0.44415015 0.54140741 -0.53137662 -0.47670488
1778701947.87015820 0.64686047 1.91767975 0.84084511 -0.44380710 0.53655085 -0.52907983 -0.48499791
1778701947.90346265 0.67182538 1.91808271 0.80040400 -0.44564835 0.53230521 -0.52570795 -0.49160947
1778701947.93676710 0.68692583 1.91691355 0.77420691 -0.44974145 0.52839098 -0.52046672 -0.49764444
1778701947.97007132 0.70120784 1.91715883 0.74782088 -0.45441902 0.52443182 -0.51494034 -0.50330018
1778701948.00337529 0.71319171 1.92156715 0.71401738 -0.45874727 0.51903428 -0.51074974 -0.50920434
1778701948.03667903 0.72367913 1.92868493 0.67408375 -0.46245860 0.51234529 -0.50758178 -0.51574711
1778701948.06998110 0.71344106 1.93763138 0.64404109 -0.46689821 0.50453093 -0.50432233 -0.52260271
1778701948.10328412 0.72036537 1.94132572 0.60642391 -0.47119337 0.49823933 -0.50238599 -0.52663336
1778701948.13658690 0.71734317 1.94219388 0.58026593 -0.47635289 0.49303581 -0.49983813 -0.52930658
1778701948.16988945 0.71313815 1.94207107 0.56038750 -0.48148082 0.48880194 -0.49713533 -0.53113590
1778701948.20319176 0.70950393 1.94074374 0.54157902 -0.48675682 0.48458518 -0.49400050 -0.53311209
1778701948.23649311 0.71115098 1.93888946 0.52638666 -0.49200512 0.48098860 -0.49020934 -0.53504741
1778701948.26979494 0.71348593 1.93742598 0.52134105 -0.49718070 0.47750297 -0.48587905 -0.53733026
1778701948.30309653 0.71608271 1.93325532 0.51615846 -0.50245888 0.47543590 -0.48140171 -0.53828261
1778701948.33639717 0.72304682 1.92865050 0.51490595 -0.50780415 0.47386371 -0.47667113 -0.53886246
1778701948.36969781 0.73100823 1.92836230 0.50457886 -0.51268102 0.47072385 -0.47227435 -0.54086428
1778701948.40300345 0.73798234 1.93330334 0.48121722 -0.51726303 0.46458943 -0.46875300 -0.54485433
1778701948.43631315 0.72998354 1.93926037 0.44487434 -0.52165952 0.45558867 -0.46579748 -0.55076584
1778701948.46962285 0.73971672 1.94896564 0.41191729 -0.52444230 0.44762279 -0.46472114 -0.55554332
1778701948.50293159 0.73200895 1.95561209 0.36987491 -0.52645492 0.43970790 -0.46396674 -0.56056850
1778701948.53624082 0.72136673 1.95863211 0.33316026 -0.52675879 0.43398701 -0.46340792 -0.56518453
1778701948.56954908 0.71843915 1.96074504 0.30965856 -0.52589096 0.43045589 -0.46408414 -0.56813057
1778701948.60285759 0.72544969 1.95910083 0.30196646 -0.52569410 0.43003174 -0.46277874 -0.56969664
1778701948.63616633 0.77277194 1.95598106 0.32129199 -0.52389758 0.43319360 -0.46155165 -0.56995150
1778701948.66947389 0.78991976 1.94738737 0.32373749 -0.52202044 0.43768356 -0.45833957 -0.57083501
1778701948.70278192 0.80108956 1.94349107 0.32149349 -0.51906343 0.44049816 -0.45802154 -0.57162120
1778701948.73608947 0.80201530 1.94799380 0.30585147 -0.51427537 0.44039045 -0.46189370 -0.57291475
1778701948.76939631 0.79537497 1.95523398 0.28638743 -0.50826641 0.43924031 -0.46848085 -0.57381086
1778701948.80270314 0.79697082 1.96208926 0.27994714 -0.50235184 0.43995734 -0.47545264 -0.57273463
1778701948.83600974 0.78929624 1.96649339 0.27684254 -0.49860972 0.44133329 -0.48086747 -0.57042068
1778701948.86931610 0.78168317 1.96899389 0.28664632 -0.49738958 0.44411114 -0.48417363 -0.56651990
1778701948.90262198 0.78039694 1.96678479 0.30136350 -0.49641851 0.44826361 -0.48590921 -0.56260167
1778701948.93592787 0.78383961 1.96350602 0.31159223 -0.49430309 0.45245170 -0.48740648 -0.55980965
1778701948.96923256 0.78603650 1.95628967 0.31583383 -0.49165902 0.45511238 -0.48938921 -0.55824934
1778701949.00253749 0.78153099 1.94616974 0.30945105 -0.48901781 0.45616564 -0.49154798 -0.55781276
1778701949.03584266 0.78525256 1.94377893 0.30336829 -0.48633312 0.45679664 -0.49350818 -0.55791272
1778701949.06914759 0.78959373 1.93939458 0.30255243 -0.48523646 0.45766449 -0.49429040 -0.55746372
1778701949.10245156 0.79314415 1.93615902 0.30477779 -0.48587993 0.45845699 -0.49365187 -0.55681749
1778701949.13575578 0.79842015 1.93339009 0.30703784 -0.48715166 0.45925491 -0.49202669 -0.55648713
1778701949.16905999 0.80280893 1.93222361 0.30963621 -0.48967216 0.45946763 -0.48981925 -0.55604655
1778701949.20236325 0.80549579 1.93087065 0.31330077 -0.49347521 0.45930655 -0.48662251 -0.55562419
1778701949.23566675 0.80534848 1.93130463 0.31280301 -0.49844889 0.45782848 -0.48306928 -0.55550505
1778701949.26896977 0.80960469 1.93770444 0.30897194 -0.50344632 0.45550877 -0.47946174 -0.55603058
1778701949.30227256 0.80974425 1.93979308 0.29860737 -0.50737346 0.45243674 -0.47582612 -0.55808840
1778701949.33557487 0.80870196 1.94003385 0.28734337 -0.51170078 0.44883803 -0.47173100 -0.56051458
1778701949.36887717 0.80621981 1.93976711 0.27841365 -0.51728809 0.44508686 -0.46667057 -0.56260937
1778701949.40219975 0.80224573 1.94035730 0.26577398 -0.52379993 0.44021605 -0.46076370 -0.56527893
1778701949.43558764 0.80122063 1.93557291 0.25237423 -0.53089707 0.43402338 -0.45393505 -0.56895956
1778701949.46897602 0.80290315 1.93559455 0.23576316 -0.54000879 0.42712532 -0.44506298 -0.57260231
1778701949.50236416 0.79514312 1.93569108 0.21757250 -0.55092522 0.41805599 -0.43461980 -0.57690226
1778701949.53575301 0.78689034 1.93767621 0.19380690 -0.56248024 0.40662221 -0.42321290 -0.58237891
1778701949.56914186 0.77637846 1.94276973 0.16026157 -0.57364982 0.39287849 -0.41157812 -0.58921628
1778701949.60253119 0.76777507 1.94693632 0.12285823 -0.58364591 0.37859869 -0.39926118 -0.59716915
1778701949.63592076 0.75763503 1.95027374 0.08603473 -0.59287973 0.36449908 -0.38644800 -0.60522061
1778701949.66931033 0.74740185 1.94884973 0.05262673 -0.60097283 0.34994497 -0.37374550 -0.61374626
1778701949.70269990 0.72783973 1.95058714 0.01063930 -0.60883437 0.33607054 -0.36092932 -0.62137535
1778701949.73608994 0.70714370 1.95067354 -0.02763020 -0.61547879 0.32366299 -0.34861232 -0.62840877
1778701949.76947999 0.68104258 1.94990119 -0.06237368 -0.62087680 0.31211581 -0.33700660 -0.63523403
1778701949.80287027 0.65714384 1.94542140 -0.09796876 -0.62485092 0.30128681 -0.32591336 -0.64231461
1778701949.83626056 0.63500033 1.93921050 -0.13873454 -0.62717560 0.29031141 -0.31442615 -0.65077357
1778701949.86965132 0.67910884 1.93873369 -0.14874457 -0.62780414 0.28141456 -0.30557329 -0.65824979
1778701949.90304232 0.66852444 1.93066530 -0.19255366 -0.62930978 0.27179921 -0.29208914 -0.66691703
1778701949.93643379 0.65370506 1.92211359 -0.23462586 -0.63156805 0.26204170 -0.27838003 -0.67450760
1778701949.96982551 0.63224996 1.91514845 -0.27376682 -0.63478790 0.25184453 -0.26420405 -0.68103955
1778701950.00321674 0.61286409 1.90972368 -0.30458912 -0.63793332 0.24191105 -0.25066611 -0.68679446
1778701950.03660917 0.63870774 1.91472566 -0.29227180 -0.64083676 0.23242326 -0.23932877 -0.69139671
1778701950.07000136 0.62278066 1.91415494 -0.31610864 -0.64398580 0.22117419 -0.22690055 -0.69633354
1778701950.10339355 0.61036761 1.91304013 -0.33854402 -0.64676458 0.21050580 -0.21384149 -0.70118094
1778701950.13678622 0.59552374 1.91267247 -0.35646159 -0.65036302 0.19958776 -0.20067674 -0.70492661
1778701950.17017913 0.58542606 1.90912383 -0.37911705 -0.65443481 0.18869090 -0.18648997 -0.70804825
1778701950.20357227 0.56887941 1.90719611 -0.39421180 -0.65871234 0.17695822 -0.17163514 -0.71086230
1778701950.23696566 0.54886119 1.90855939 -0.40880772 -0.66339587 0.16364818 -0.15583389 -0.71333091
1778701950.27035904 0.52955831 1.91016490 -0.42199470 -0.66800734 0.14968753 -0.13881637 -0.71560453
1778701950.30375195 0.51057086 1.91245102 -0.43384905 -0.67236080 0.13546929 -0.12138796 -0.71752630
1778701950.33714628 0.50862706 1.90810430 -0.45280968 -0.67494103 0.12215054 -0.10430492 -0.72017660
1778701950.37054038 0.48808082 1.90571107 -0.47412611 -0.67628535 0.10653264 -0.08765361 -0.72360609
1778701950.40393066 0.46361955 1.90482327 -0.49561227 -0.67677191 0.09031244 -0.07207821 -0.72706820
1778701950.43727493 0.43779135 1.90435317 -0.51345874 -0.67658201 0.07458379 -0.05804138 -0.73027751
1778701950.47061944 0.41388359 1.90943162 -0.52236638 -0.67649772 0.05918225 -0.04523793 -0.73266761
1778701950.50396395 0.38582005 1.90426308 -0.54446089 -0.67529794 0.04456678 -0.03330294 -0.73544368
1778701950.53730893 0.35923185 1.90494229 -0.55391139 -0.67471461 0.03022454 -0.02188403 -0.73713483
1778701950.57065439 0.33926580 1.90571101 -0.55928521 -0.67461304 0.01735367 -0.01226880 -0.73786556
1778701950.60399961 0.31512122 1.90644605 -0.56021523 -0.67460729 0.00503420 -0.00190160 -0.73815720
1778701950.63734484 0.29532603 1.90791476 -0.56304930 -0.67413881 -0.00613474 0.00647507 -0.73855081
1778701950.67069077 0.27547194 1.90938471 -0.56507995 -0.67339157 -0.01689781 0.01439977 -0.73895257
1778701950.70403647 0.26646108 1.90780513 -0.56557275 -0.67270338 -0.02528927 0.02230882 -0.73914338
1778701950.73738170 0.24966487 1.91037170 -0.55629108 -0.67189705 -0.03480297 0.03175693 -0.73914451
1778701950.77072811 0.23297905 1.91366937 -0.55236846 -0.67154649 -0.04372285 0.03859345 -0.73866377
1778701950.80407453 0.22974174 1.91238164 -0.54918086 -0.66963300 -0.05074373 0.04758767 -0.73942690
1778701950.83742118 0.22302529 1.91212739 -0.55032768 -0.66824985 -0.05784205 0.05497937 -0.73964431
1778701950.87076831 0.21728971 1.91272261 -0.55048182 -0.66701302 -0.06501519 0.06283830 -0.73953904
1778701950.90411568 0.20480129 1.91914468 -0.52922657 -0.66664638 -0.07592602 0.07313744 -0.73788126
1778701950.93746257 0.19364394 1.92395750 -0.51986587 -0.66679733 -0.08513305 0.08038128 -0.73598406
1778701950.97081041 0.18323356 1.92871980 -0.50510523 -0.66593351 -0.09596638 0.08948964 -0.73438043
1778701951.00415826 0.16948453 1.93240167 -0.49768236 -0.66509947 -0.10621257 0.09658234 -0.73282566
1778701951.03750610 0.15765431 1.93637627 -0.48457710 -0.66405411 -0.11870117 0.10453575 -0.73076293
1778701951.07085443 0.14556142 1.94066189 -0.47007731 -0.66414253 -0.12938360 0.11200125 -0.72775704
1778701951.10420322 0.15661483 1.94079954 -0.46395161 -0.66363105 -0.13825787 0.12113007 -0.72512488
1778701951.13755178 0.15024693 1.94350743 -0.45144778 -0.66324623 -0.14744959 0.12905544 -0.72229339
1778701951.17089963 0.16565037 1.94151977 -0.45420317 -0.66211207 -0.15495426 0.13661523 -0.72037008
1778701951.20424843 0.16551367 1.94231270 -0.44637760 -0.66114689 -0.16171480 0.14438044 -0.71825302
1778701951.23759770 0.14800697 1.94607128 -0.42635046 -0.66023488 -0.16833661 0.15256290 -0.71587517
1778701951.27094746 0.19594037 1.93467953 -0.46180852 -0.65710734 -0.17192765 0.15846019 -0.71661788
1778701951.30429697 0.19395987 1.93334450 -0.46134480 -0.65482106 -0.17797899 0.16584004 -0.71556267
1778701951.33764696 0.21369328 1.92773499 -0.47471333 -0.65258762 -0.18249744 0.17220022 -0.71496235
1778701951.37099695 0.20985078 1.92710900 -0.47395550 -0.65036299 -0.18871787 0.17889782 -0.71372902
1778701951.40434480 0.18386003 1.93260234 -0.45627031 -0.64844997 -0.19680208 0.18580599 -0.71151789
1778701951.43765378 0.17424636 1.93419879 -0.45595793 -0.64580909 -0.20457774 0.19175628 -0.71014653
1778701951.47096300 0.22028568 1.91986914 -0.50950183 -0.64231659 -0.20778231 0.19456150 -0.71161909
1778701951.50427198 0.20916447 1.92061872 -0.51543712 -0.63895623 -0.21516951 0.20047687 -0.71080661
1778701951.53758049 0.21485414 1.91624918 -0.53996257 -0.63512897 -0.22180237 0.20636174 -0.71051371
1778701951.57088852 0.21177112 1.91496582 -0.55455810 -0.63191369 -0.22887845 0.21243433 -0.70934575
1778701951.60419679 0.20127322 1.91592004 -0.56013756 -0.62955330 -0.23608804 0.21852211 -0.70722922
1778701951.63750339 0.20658017 1.91473778 -0.57750790 -0.62822570 -0.24236566 0.22382134 -0.70462427
1778701951.67081046 0.19346699 1.91746872 -0.57646679 -0.62762226 -0.25045292 0.22961029 -0.70045896
1778701951.70411777 0.19899879 1.91819973 -0.59052976 -0.62796634 -0.25746466 0.23619828 -0.69539960
1778701951.73742485 0.19195629 1.92169894 -0.59272149 -0.62881092 -0.26645815 0.24300463 -0.68887273
1778701951.77073121 0.18011361 1.92492255 -0.58988525 -0.62906647 -0.27563884 0.25088294 -0.68217032
1778701951.80403757 0.16251962 1.92806619 -0.58139290 -0.62854808 -0.28543114 0.25985653 -0.67522660
1778701951.83734345 0.16697264 1.92652082 -0.62424301 -0.62790793 -0.29291470 0.26875854 -0.66910497
1778701951.87064886 0.15639575 1.92981302 -0.62571057 -0.62738861 -0.30228032 0.27887687 -0.66123962
1778701951.90395427 0.14273697 1.93110150 -0.64747004 -0.62651038 -0.31205032 0.28887449 -0.65319283
1778701951.93725967 0.12752883 1.93348009 -0.65373030 -0.62468775 -0.32210547 0.29951435 -0.64521658
1778701951.97056437 0.10778147 1.93208147 -0.68392071 -0.62140901 -0.33164281 0.31067817 -0.63823426
1778701952.00386906 0.08782546 1.93041067 -0.70919694 -0.61724915 -0.34055760 0.32191659 -0.63197604
1778701952.03717327 0.06082817 1.92976360 -0.73454898 -0.61237620 -0.35023072 0.33210676 -0.62613013
1778701952.07047629 0.02795378 1.93066051 -0.75828190 -0.60710302 -0.36067149 0.34125815 -0.62039090
1778701952.10378027 -0.00715183 1.93286371 -0.77765882 -0.60136466 -0.37152910 0.34966677 -0.61486570
1778701952.13708377 -0.04765641 1.93564983 -0.80357975 -0.59568328 -0.38183711 0.35716743 -0.60974854
1778701952.17038655 -0.08743551 1.94156686 -0.81906609 -0.58989115 -0.39369046 0.36619611 -0.60244225
1778701952.20368934 -0.13751950 1.94677126 -0.83234894 -0.58196189 -0.40789887 0.37512149 -0.59516614
1778701952.23699212 -0.20256259 1.94765860 -0.84998655 -0.57164009 -0.42311061 0.38301437 -0.58949555
1778701952.27029467 -0.26601714 1.94850671 -0.86063349 -0.56184413 -0.43795025 0.38889300 -0.58420286
1778701952.30359674 -0.32267208 1.94928414 -0.86908259 -0.55323994 -0.45116372 0.39314641 -0.57949354
1778701952.33689809 -0.37502993 1.94462684 -0.88283116 -0.54458229 -0.46136388 0.39759027 -0.57662421
1778701952.37019992 -0.42019863 1.93842416 -0.89918231 -0.53622341 -0.46996412 0.40229410 -0.57424527
1778701952.40350199 -0.46335528 1.93215343 -0.91487607 -0.52841262 -0.47815847 0.40670316 -0.57160924
1778701952.43681145 -0.50306350 1.92397933 -0.92734481 -0.52005950 -0.48575403 0.41256439 -0.56865786
1778701952.47012091 -0.53808085 1.91589089 -0.94216832 -0.51182227 -0.49253788 0.42001791 -0.56482684
1778701952.50342941 -0.57106484 1.91084354 -0.95136764 -0.50434173 -0.49949331 0.42722248 -0.56002394
1778701952.53673720 -0.60307211 1.90855527 -0.95658459 -0.49762172 -0.50663826 0.43357845 -0.55470715
1778701952.57004571 -0.63052073 1.89674810 -0.98260084 -0.48863124 -0.51027482 0.44184265 -0.55284193
1778701952.60335398 -0.65158160 1.88294532 -1.01397267 -0.47987464 -0.51164627 0.45132985 -0.55157935
1778701952.63666153 -0.66746048 1.87880740 -1.03133558 -0.47414640 -0.51414398 0.45871526 -0.54810717
1778701952.66996932 -0.68818353 1.87936531 -1.03281977 -0.46942255 -0.51910220 0.46399590 -0.54303147
1778701952.70327640 -0.70406339 1.88341012 -1.03778379 -0.46650573 -0.52328918 0.46825915 -0.53784218
1778701952.73658323 -0.71493184 1.88820798 -1.03933261 -0.46465050 -0.52712371 0.47152094 -0.53283066
1778701952.76989007 -0.72424676 1.88708272 -1.05602043 -0.46160187 -0.52900178 0.47571530 -0.52988281
1778701952.80319643 -0.73325022 1.88331715 -1.07367624 -0.45725219 -0.53070725 0.48223087 -0.52604528
1778701952.83650279 -0.73792444 1.88430993 -1.08374169 -0.45461419 -0.53264854 0.48795146 -0.52107087
1778701952.86980867 -0.73157128 1.88359970 -1.10319871 -0.45319026 -0.53231970 0.49343914 -0.51746705
1778701952.90311408 -0.71955282 1.88346290 -1.12423203 -0.45338926 -0.53077554 0.49703989 -0.51542880
1778701952.93641973 -0.70786923 1.88512834 -1.14139337 -0.45433787 -0.52943832 0.49903638 -0.51403779
1778701952.96972346 -0.69523742 1.88541879 -1.16103277 -0.45505090 -0.52892534 0.50030415 -0.51270110
1778701953.00302839 -0.69667667 1.88173797 -1.18026835 -0.45242009 -0.52939600 0.50349004 -0.51142323
1778701953.03633261 -0.70233002 1.87348399 -1.20240402 -0.44766730 -0.53159646 0.50737586 -0.50947906
1778701953.06963706 -0.71900184 1.86647365 -1.21827027 -0.44192806 -0.53555750 0.50997407 -0.50774422
1778701953.10294080 -0.73292069 1.86754065 -1.22661609 -0.43849592 -0.53948374 0.51058989 -0.50594129
1778701953.13624430 -0.72306071 1.87888463 -1.23206806 -0.44080908 -0.54295028 0.50705260 -0.50377575
1778701953.16954756 -0.71467865 1.90101482 -1.22441301 -0.44568418 -0.54631761 0.50235907 -0.50053776
1778701953.20285082 -0.71231030 1.90380534 -1.23838362 -0.44429052 -0.55002408 0.50308787 -0.49697288
1778701953.23615360 -0.72271896 1.90259283 -1.25326497 -0.43990639 -0.55270719 0.50856159 -0.49230299
1778701953.26945615 -0.74052976 1.89680859 -1.27019173 -0.43341249 -0.55566915 0.51583718 -0.48713183
1778701953.30275822 -0.76638518 1.87522148 -1.29306486 -0.42320905 -0.56163323 0.52146818 -0.48325269
1778701953.33606029 -0.81697927 1.87429703 -1.28327235 -0.41364162 -0.57159933 0.52432952 -0.47671099
1778701953.36936212 -0.85492444 1.88328991 -1.26212633 -0.40770313 -0.58134296 0.52616111 -0.46794551
1778701953.40267253 -0.87577474 1.88610830 -1.25308831 -0.40201259 -0.59077177 0.52822349 -0.45864425
1778701953.43602419 -0.91949047 1.89882370 -1.22346427 -0.39497939 -0.60132298 0.53137095 -0.44726599
1778701953.46937633 -0.94680203 1.90184005 -1.21169760 -0.38810319 -0.60970515 0.53535473 -0.43707078
1778701953.50272822 -0.99346947 1.90742475 -1.18749615 -0.37931223 -0.61871933 0.54002354 -0.42624313
1778701953.53608108 -1.03061984 1.90370614 -1.17369673 -0.37022863 -0.62746833 0.54389026 -0.41641044
1778701953.56943369 -1.08231702 1.91116788 -1.13808998 -0.36147890 -0.63803415 0.54604002 -0.40507495
1778701953.60278702 -1.12336441 1.91140267 -1.11058319 -0.35299932 -0.64835994 0.54730378 -0.39430882
1778701953.63614011 -1.17381147 1.92151740 -1.06755954 -0.34484733 -0.65908071 0.54858216 -0.38177291
1778701953.66949391 -1.20576579 1.92375713 -1.04365530 -0.33806245 -0.66731942 0.55022343 -0.37101584
1778701953.70284796 -1.24940212 1.93277184 -1.00846630 -0.33081271 -0.67561769 0.55243461 -0.35905389
1778701953.73620200 -1.27953161 1.92824000 -0.99558238 -0.32338089 -0.68109182 0.55634258 -0.34931599
1778701953.76955628 -1.32351566 1.92968142 -0.97082247 -0.31480409 -0.68669791 0.56141137 -0.33787814
1778701953.80291104 -1.36727078 1.92913929 -0.94988523 -0.30617293 -0.69135644 0.56695691 -0.32687042
1778701953.83626509 -1.38142787 1.92593845 -0.95228054 -0.30101537 -0.69337890 0.57234863 -0.31785609
1778701953.86962032 -1.41535108 1.93138774 -0.93791012 -0.29493223 -0.69595871 0.57815612 -0.30723273
1778701953.90297580 -1.44112477 1.93215695 -0.93210060 -0.28969537 -0.69870803 0.58199417 -0.29860755
1778701953.93633199 -1.48184168 1.94129127 -0.90754223 -0.28293656 -0.70271164 0.58608372 -0.28748761
1778701953.96968818 -1.53165269 1.94717904 -0.87751520 -0.27410252 -0.70738575 0.59014408 -0.27604922
1778701954.00304437 -1.58015315 1.95167116 -0.84977824 -0.26480108 -0.71172292 0.59420021 -0.26506035
1778701954.03640127 -1.62824843 1.95909550 -0.81674726 -0.25528837 -0.71552811 0.59914603 -0.25272792
1778701954.06975818 -1.67126893 1.96588525 -0.78954852 -0.24678025 -0.71822378 0.60401834 -0.24169391
1778701954.10311532 -1.70379626 1.96734500 -0.77966747 -0.23922477 -0.71934483 0.60923222 -0.23270290
1778701954.13647270 -1.74957699 1.96669272 -0.75589159 -0.22963123 -0.72109829 0.61462312 -0.22254251
1778701954.16983080 -1.79243523 1.96744708 -0.72408327 -0.22090297 -0.72414368 0.61770773 -0.21273215
1778701954.20318890 -1.82786825 1.96759601 -0.69415992 -0.21280088 -0.72797422 0.61877801 -0.20465361
1778701954.23654723 -1.86716786 1.97231245 -0.65551865 -0.20529980 -0.73240007 0.61908039 -0.19540112
1778701954.26990581 -1.90422297 1.97915309 -0.61612032 -0.19914632 -0.73744660 0.61756143 -0.18743303
1778701954.30326366 -1.89264664 1.96247869 -0.63951866 -0.19639101 -0.73970258 0.61615805 -0.18606429
1778701954.33662271 -1.92608421 1.96486058 -0.61814945 -0.19069022 -0.74278830 0.61593407 -0.18035522
1778701954.36998224 -1.95709854 1.96512549 -0.60139484 -0.18525383 -0.74533627 0.61592574 -0.17547181
1778701954.40333605 -1.96451456 1.96425174 -0.60039034 -0.18198551 -0.74721546 0.61527407 -0.17317086
1778701954.43665314 -1.99236002 1.96495235 -0.59009677 -0.17846854 -0.74975291 0.61410828 -0.16997229
1778701954.46996975 -2.02002696 1.96143688 -0.58536555 -0.17518129 -0.75222571 0.61251272 -0.16821464
1778701954.50328636 -2.04189665 1.96004175 -0.58832688 -0.17334379 -0.75480294 0.61007486 -0.16743092
1778701954.53660274 -2.03650827 1.95489351 -0.60764311 -0.17314031 -0.75663965 0.60721585 -0.16972856
1778701954.56991887 -2.05125223 1.95219546 -0.62643496 -0.17272637 -0.75747046 0.60604305 -0.17063388
1778701954.60323477 -2.05788419 1.95392188 -0.65620271 -0.17417381 -0.75687287 0.60594912 -0.17214127
1778701954.63655019 -2.06785595 1.95752221 -0.69307721 -0.17655489 -0.75581359 0.60603561 -0.17405467
1778701954.66986585 -2.04848042 1.95273946 -0.74451332 -0.17953762 -0.75445209 0.60528163 -0.17945037
1778701954.70318103 -2.05992327 1.94191982 -0.78471002 -0.17951268 -0.75314046 0.60572284 -0.18345162
1778701954.73649502 -2.07645998 1.92763156 -0.81840791 -0.17743136 -0.75222192 0.60630819 -0.18727164
1778701954.76980972 -2.09962068 1.91431652 -0.85716596 -0.17511811 -0.75082061 0.60786421 -0.19000833
1778701954.80312443 -2.09262175 1.90014242 -0.89689327 -0.17356569 -0.75042687 0.60729038 -0.19476360
1778701954.83643866 -2.11674596 1.88657273 -0.92051690 -0.17023934 -0.75160064 0.60558501 -0.19844859
1778701954.86975288 -2.13391855 1.87600792 -0.95476110 -0.16790391 -0.75075709 0.60603667 -0.20221677
1778701954.90306687 -2.15410018 1.86342381 -0.99692780 -0.16550794 -0.74801293 0.60938328 -0.20429340
1778701954.93638086 -2.17187016 1.85048045 -1.02921992 -0.16212441 -0.74541946 0.61327102 -0.20485158
1778701954.96969438 -2.18796159 1.82616522 -1.05383960 -0.15734228 -0.74312096 0.61710804 -0.20540765
1778701955.00300765 -2.21024744 1.80926267 -1.07296421 -0.15263028 -0.74132993 0.62062267 -0.20484490
1778701955.03632069 -2.22708400 1.80252056 -1.09016297 -0.14988620 -0.73988509 0.62343342 -0.20355577
1778701955.06963348 -2.23899325 1.80388476 -1.10188409 -0.14877732 -0.73972194 0.62436110 -0.20211380
1778701955.10294604 -2.23484632 1.81408213 -1.11335800 -0.14908230 -0.74100155 0.62293276 -0.20160840
1778701955.13625836 -2.24600410 1.81923929 -1.12223359 -0.14891528 -0.74231975 0.62163607 -0.20088362
1778701955.16957068 -2.25830713 1.82333287 -1.12787495 -0.14809130 -0.74320218 0.62122786 -0.19948793
1778701955.20288157 -2.28963529 1.81737108 -1.13358709 -0.14521208 -0.74282751 0.62338963 -0.19622974
1778701955.23619366 -2.23329133 1.82371504 -1.18847951 -0.14609787 -0.74117919 0.62430317 -0.19888278
1778701955.26950479 -2.25024417 1.82501655 -1.19932392 -0.14445365 -0.74019978 0.62684765 -0.19570245
1778701955.30281663 -2.26651275 1.83006987 -1.20553612 -0.14329621 -0.73987913 0.62858314 -0.19216738
1778701955.33612752 -2.29210465 1.83378640 -1.20677097 -0.14187956 -0.73990467 0.63012561 -0.18802389
1778701955.36943841 -2.27737927 1.85540307 -1.22137563 -0.14308433 -0.73926023 0.63148173 -0.18507299
1778701955.40275216 -2.29325432 1.85944451 -1.23320888 -0.14217128 -0.73830484 0.63390013 -0.18128407
1778701955.43611193 -2.31527968 1.86000004 -1.24076480 -0.14051554 -0.73820496 0.63530271 -0.17804293
1778701955.46947217 -2.34726244 1.86152635 -1.23944954 -0.13885497 -0.73893832 0.63586828 -0.17424403
1778701955.50283241 -2.32024524 1.87412577 -1.26188019 -0.13928588 -0.74076423 0.63388048 -0.17338783
1778701955.53619361 -2.35525997 1.87138876 -1.25285767 -0.13493400 -0.74245597 0.63398259 -0.16916864
1778701955.56955481 -2.40659247 1.84532119 -1.24337813 -0.12585823 -0.74261518 0.63664350 -0.16543112
1778701955.60291648 -2.46821343 1.80582271 -1.22849234 -0.11345961 -0.74205781 0.64062968 -0.16146433
1778701955.63627768 -2.52933193 1.76726278 -1.20165262 -0.09942208 -0.74185789 0.64411419 -0.15773088
1778701955.66963983 -2.60662557 1.72055436 -1.16050053 -0.08290152 -0.74181444 0.64799890 -0.15144669
1778701955.70300245 -2.67386494 1.69173120 -1.11160740 -0.06914729 -0.74276402 0.65020987 -0.14403956
1778701955.73636580 -2.72987720 1.67679579 -1.06212740 -0.05785588 -0.74434476 0.65118298 -0.13625084
1778701955.76972890 -2.72708681 1.66793695 -1.06144052 -0.05089057 -0.74439248 0.65266836 -0.13158266
1778701955.80309248 -2.77190031 1.65743968 -1.02349700 -0.04142735 -0.74342284 0.65612874 -0.12288750
1778701955.83645654 -2.80869740 1.65401506 -0.98630687 -0.03335928 -0.74231961 0.65947023 -0.11378825
1778701955.86982131 -2.84139190 1.65470727 -0.94250052 -0.02574214 -0.74302285 0.66045343 -0.10514584
1778701955.90318608 -2.85625720 1.64524133 -0.91001570 -0.01794414 -0.74500352 0.65931992 -0.09972467
1778701955.93655109 -2.89855857 1.63118156 -0.85074304 -0.00756736 -0.74775902 0.65738525 -0.09297212
1778701955.96991658 -2.93510687 1.61881145 -0.79589050 0.00222333 -0.74996195 0.65581551 -0.08636052
1778701956.00328255 -2.96280347 1.61707472 -0.74756035 0.00975386 -0.75061532 0.65597936 -0.07856578
1778701956.03664851 -2.97763910 1.62992506 -0.71288383 0.01439508 -0.75088833 0.65649200 -0.07055319
1778701956.07001400 -2.95909600 1.64254145 -0.71244931 0.01681726 -0.75113277 0.65667002 -0.06558370
1778701956.10338116 -2.96663744 1.65252471 -0.69214447 0.02047040 -0.75071435 0.65766954 -0.05898899
1778701956.13674808 -2.97084990 1.66034771 -0.68110965 0.02325882 -0.75036289 0.65842048 -0.05382408
1778701956.17011571 -2.97115812 1.66509184 -0.68029556 0.02523184 -0.74990994 0.65914152 -0.05030796
1778701956.20348382 -2.96417787 1.66902776 -0.70620712 0.02502842 -0.74854396 0.66079212 -0.04908461
1778701956.23685193 -2.95681654 1.66623304 -0.75425624 0.02288655 -0.74574926 0.66389939 -0.05071333
1778701956.27022076 -2.94741233 1.65204284 -0.81867929 0.02025728 -0.74251439 0.66721723 -0.05552653
1778701956.30358958 -2.95406341 1.63399578 -0.87804105 0.01799867 -0.74000274 0.66962293 -0.06063928
1778701956.33695889 -2.94098312 1.61826494 -0.94807532 0.01448770 -0.73743214 0.67192442 -0.06709336
1778701956.37032866 -2.92391360 1.60819637 -1.01417172 0.01068051 -0.73555238 0.67340973 -0.07326637
1778701956.40369606 -2.90356853 1.60161006 -1.07965912 0.00671973 -0.73312104 0.67549032 -0.07874782
1778701956.43702054 -2.87668766 1.60443404 -1.14495426 0.00171574 -0.73083120 0.67744213 -0.08339648
1778701956.47034502 -2.84660513 1.61393508 -1.20541335 -0.00361829 -0.72916852 0.67875273 -0.08714877
1778701956.50366950 -2.80403292 1.62065393 -1.27734300 -0.00826271 -0.72656620 0.68110145 -0.09018925
1778701956.53699279 -2.77858173 1.62467703 -1.32521417 -0.01110072 -0.72268885 0.68509815 -0.09076411
1778701956.57031655 -2.76021584 1.62541776 -1.36168786 -0.01275253 -0.71917234 0.68888109 -0.08984076
1778701956.60364079 -2.74645662 1.62924064 -1.38596865 0.01349211 0.71749733 -0.69079023 0.08845562
1778701956.63696456 -2.75133771 1.63028688 -1.39330442 0.01282337 0.71743738 -0.69115025 0.08620031
1778701956.67028832 -2.74879297 1.63956611 -1.39568249 -0.01201130 -0.71936317 0.68931458 -0.08495743
1778701956.70361185 -2.74954826 1.64926464 -1.39249997 -0.01060573 -0.72173894 0.68704630 -0.08335349
1778701956.73693514 -2.75337879 1.65671703 -1.38649839 -0.00848426 -0.72348612 0.68550299 -0.08112652
1778701956.77025795 -2.75974435 1.66066603 -1.37791572 -0.00554096 -0.72419498 0.68516943 -0.07780601
1778701956.80358100 -2.76118579 1.66252613 -1.37548142 -0.00106770 -0.72483337 0.68484746 -0.07482925
1778701956.83690405 -2.77945136 1.65935292 -1.35076504 0.00458490 -0.72595953 0.68409358 -0.07055294
1778701956.87022710 -2.80088071 1.65628761 -1.32153849 0.01071441 -0.72737417 0.68298228 -0.06593345
1778701956.90354943 -2.82446683 1.65166975 -1.28822959 0.01723414 -0.72884913 0.68175939 -0.06071303
1778701956.93687177 -2.84542445 1.65496667 -1.25547864 0.02387018 -0.73101249 0.67968615 -0.05547694
1778701956.97019315 -2.86898973 1.65766811 -1.21626346 0.03023122 -0.73258192 0.67824569 -0.04891420
1778701957.00351524 -2.89170452 1.65994320 -1.17823802 0.03655305 -0.73335511 0.67758163 -0.04168092
1778701957.03683734 -2.91311790 1.66294881 -1.14311190 0.04242524 -0.73348413 0.67752754 -0.03402306
1778701957.07015920 -2.93105392 1.67010105 -1.10977207 0.04809935 -0.73333131 0.67765727 -0.02631106
1778701957.10348105 -2.95069465 1.67556245 -1.07811369 0.05332861 -0.73239795 0.67854722 -0.01797151
1778701957.13680267 -2.96923944 1.68287970 -1.04786390 0.05829740 -0.73133903 0.67945241 -0.00943713
1778701957.17012382 -2.98580377 1.69446038 -1.01826771 0.06279450 -0.73016326 0.68038090 -0.00054507
1778701957.20344520 -3.00318516 1.70509448 -0.99107225 0.06788654 -0.72856092 0.68155399 0.00863470
1778701957.23676634 -3.02360669 1.71347837 -0.95841955 0.07349642 -0.72592214 0.68358643 0.01857197
1778701957.27008724 -3.04359107 1.72256371 -0.92675512 0.07915963 -0.72300651 0.68569396 0.02862050
1778701957.30340791 -3.06382333 1.73207705 -0.89059031 0.08539536 -0.72068443 0.68692385 0.03817340
1778701957.33672905 -3.08630837 1.73915285 -0.85021929 0.09236060 -0.71912661 0.68711063 0.04696196
1778701957.37004948 -3.11552650 1.74278528 -0.80413539 0.10039794 -0.71807128 0.68644811 0.05552375
1778701957.40337157 -3.14370373 1.74419693 -0.75460559 0.10898734 -0.71651624 0.68603043 0.06394133
1778701957.43670702 -3.17212163 1.73737417 -0.70796647 0.11804656 -0.71389109 0.68645489 0.07214023
1778701957.47004199 -3.20143616 1.72170879 -0.66317746 0.12755792 -0.71048612 0.68745773 0.07962617
1778701957.50337696 -3.23539935 1.70006859 -0.60684664 -0.13842925 0.70689827 -0.68813161 -0.08721844
1778701957.53671241 -3.26536753 1.68071122 -0.53892015 -0.14977440 0.70488709 -0.68681665 -0.09478768
1778701957.57004738 -3.29013409 1.67101554 -0.45442981 0.16126214 -0.70523354 0.68268499 0.10286585
1778701957.60338235 -3.31020440 1.66685145 -0.35794886 0.17299712 -0.70681522 0.67676815 0.11166517
1778701957.63671732 -3.32151475 1.66212823 -0.27162307 0.18509253 -0.70884789 0.67012375 0.11920394
1778701957.67005253 -3.33355978 1.66044569 -0.17629247 0.19645016 -0.70854575 0.66534907 0.12915446
1778701957.70338750 -3.34344072 1.65101879 -0.08868934 0.20802045 -0.70600967 0.66251465 0.13911214
1778701957.73672247 -3.34998307 1.63996178 -0.00434820 0.21948502 -0.70229972 0.66057094 0.14915581
1778701957.77005792 -3.35978953 1.62713686 0.07714523 0.23138111 -0.69823350 0.65851132 0.15904591
1778701957.80339289 -3.36384135 1.61028937 0.16255592 0.24330498 -0.69447337 0.65587294 0.16834521
1778701957.83672690 -3.36415593 1.59486871 0.24757835 0.25499506 -0.69106008 0.65265688 0.17734848
1778701957.87006164 -3.35754815 1.58726413 0.32678581 0.26528002 -0.68798741 0.64927955 0.18637572
1778701957.90339637 -3.34662099 1.58533198 0.39578801 0.27428878 -0.68455616 0.64643042 0.19564316
1778701957.93673182 -3.33450890 1.58428842 0.46261210 0.28290068 -0.68083279 0.64382461 0.20475299
1778701957.97006655 -3.31979243 1.58138941 0.52015917 0.29094342 -0.67687216 0.64177059 0.21290024
1778701958.00340152 -3.30460495 1.58351455 0.57219687 0.29808512 -0.67243340 0.64023724 0.22152846
1778701958.03673673 -3.28637931 1.59141870 0.61856739 0.30409567 -0.66825115 0.63871100 0.23024875
1778701958.07007170 -3.26688063 1.59877169 0.65584233 0.30974542 -0.66432292 0.63759719 0.23707099
1778701958.10340643 -3.25346952 1.59917338 0.68389674 0.31494737 -0.65903842 0.63795456 0.24390672
1778701958.13674140 -3.24176351 1.59803686 0.70607656 0.31994908 -0.65326254 0.63893892 0.25027525
1778701958.17007661 -3.22944980 1.60116623 0.72501308 0.32431770 -0.64776657 0.63986492 0.25649441
1778701958.20341134 -3.21541333 1.60765498 0.74552385 0.32850287 -0.64295092 0.64006982 0.26269869
1778701958.23674607 -3.19909360 1.61735000 0.76686133 0.33265234 -0.63877426 0.63935617 0.26932053
1778701958.27008104 -3.17818965 1.63437043 0.79663224 0.33651454 -0.63555042 0.63748488 0.27648988
1778701958.30341506 -3.15976145 1.64752636 0.83327017 0.34129476 -0.63127792 0.63563235 0.28456563
1778701958.33675003 -3.13880579 1.66118148 0.86491086 0.34585431 -0.62635101 0.63440468 0.29257461
1778701958.37008500 -3.11400332 1.67724064 0.89184456 0.34976261 -0.62301419 0.63224138 0.29965025
1778701958.40341973 -3.09450357 1.68718745 0.92671034 0.35382834 -0.62190217 0.62828367 0.30545513
1778701958.43674636 -3.07505336 1.69818145 0.95804483 0.35696901 -0.62330887 0.62292931 0.30986812
1778701958.47007275 -3.05614944 1.71166072 0.98548705 0.35920651 -0.62616739 0.61701708 0.31332891
1778701958.50339866 -3.02297215 1.73872365 1.00564173 0.35967155 -0.63115263 0.61089470 0.31478628
1778701958.53672481 -3.00315066 1.75746916 1.02328114 0.36035134 -0.63386953 0.60589107 0.31820173
1778701958.57005095 -2.98527951 1.77631735 1.03494660 0.36070087 -0.63455987 0.60259863 0.32265081
1778701958.60337639 -2.96944111 1.79635066 1.03888745 0.36081092 -0.63362938 0.60105077 0.32721133
1778701958.63670206 -2.96070325 1.81517570 1.03831295 0.36130405 -0.63241685 0.59989121 0.33111756
1778701958.67002797 -2.95713241 1.81626212 1.03314210 0.36298994 -0.63047673 0.59979366 0.33314406
1778701958.70335317 -2.95827326 1.81050271 1.02997000 0.36520554 -0.62841481 0.60007294 0.33411407
1778701958.73667741 -2.96171200 1.80099170 1.02388631 0.36717370 -0.62726744 0.60009780 0.33406835
1778701958.77000284 -2.96520106 1.80133768 1.00187350 0.36632267 -0.62821121 0.60017146 0.33309547
1778701958.80332756 -2.97569050 1.81214035 0.96442313 0.36348901 -0.62851869 0.60133186 0.33352660
1778701958.83665276 -2.97957850 1.82976540 0.91401476 0.35949062 -0.62593463 0.60565493 0.33489467
1778701958.86997747 -2.97804103 1.84794694 0.85917939 0.35522661 -0.62192516 0.61117419 0.33688168
1778701958.90330195 -2.98200765 1.86054784 0.81984467 0.35271401 -0.61818774 0.61501305 0.33940489
1778701958.93662643 -2.98586801 1.86442025 0.79526247 0.35217112 -0.61524442 0.61713272 0.34146304
1778701958.96995115 -2.98952124 1.86253811 0.78126624 0.35317882 -0.61273975 0.61804021 0.34327980
1778701959.00327539 -2.99517949 1.85566151 0.77747778 0.35565873 -0.60996065 0.61802282 0.34569158
1778701959.03659916 -2.99808360 1.84581660 0.77820930 0.35933063 -0.60743062 0.61726476 0.34769778
1778701959.06992316 -3.00018845 1.83428106 0.78837761 0.36415412 -0.60371657 0.61671313 0.35011855
1778701959.10324717 -3.00697846 1.81054571 0.80905122 0.37130201 -0.59870505 0.61609372 0.35230044
1778701959.13657045 -3.01088827 1.78849456 0.83655110 0.37905885 -0.59367831 0.61472700 0.35492417
1778701959.16989422 -3.01027237 1.76923237 0.86980114 0.38696132 -0.58907632 0.61247004 0.35795317
1778701959.20321703 -3.00165891 1.75249359 0.90478635 0.39485873 -0.58464184 0.60984947 0.36105972
1778701959.23654032 -2.99489608 1.73739796 0.93554135 0.40202715 -0.57863633 0.60812046 0.36570982
1778701959.26986361 -2.98515844 1.72676474 0.96868261 0.40888502 -0.57296796 0.60583176 0.37079460
1778701959.30318618 -2.97135637 1.71393303 1.00621546 0.41587197 -0.56991833 0.60172934 0.37438670
1778701959.33650899 -2.96144667 1.70722566 1.05202437 0.42253007 -0.56877302 0.59584473 0.37806700
1778701959.36983204 -2.94458056 1.70665871 1.08999991 0.42865594 -0.56893902 0.58942379 0.38097515
1778701959.40315533 -2.92822666 1.69548297 1.13206514 0.43526053 -0.56990684 0.58256544 0.38258591
1778701959.43654180 -2.91102211 1.68252920 1.17390035 0.44189952 -0.57051685 0.57580128 0.38430225
1778701959.46994615 -2.89548467 1.67098577 1.21019480 0.44802705 -0.56909530 0.57060437 0.38705679
1778701959.50335073 -2.87971169 1.66171337 1.24716442 0.45426961 -0.56613389 0.56626068 0.39048738
1778701959.53675556 -2.86113519 1.65001881 1.27584989 0.46013864 -0.56325159 0.56233333 0.39344798
1778701959.57016110 -2.84414766 1.64167913 1.30409380 0.46537675 -0.56085608 0.55833328 0.39639487
1778701959.60356665 -2.83075842 1.62904461 1.32916839 0.47059403 -0.55865271 0.55466653 0.39848895
1778701959.63697195 -2.82157867 1.61429155 1.34408354 0.47503721 -0.55655928 0.55211061 0.39969400
1778701959.67037845 -2.81845663 1.60057060 1.34628694 0.47838259 -0.55462121 0.55085127 0.40013533
1778701959.70378518 -2.82010940 1.59506191 1.34398178 0.48057193 -0.55240693 0.55107362 0.40026874
1778701959.73719239 -2.82059054 1.59210229 1.32469887 0.48070487 -0.55130159 0.55186298 0.40054541
1778701959.77059984 -2.82383866 1.58816064 1.30066392 0.48010746 -0.55204153 0.55244893 0.39943355
1778701959.80400753 -2.82935576 1.58726160 1.26810939 0.47862424 -0.55288966 0.55388076 0.39805522
1778701959.83741570 -2.83577543 1.58846977 1.22682290 0.47625124 -0.55353463 0.55621903 0.39674244
1778701959.87082458 -2.84361033 1.58841621 1.17709179 0.47388027 -0.55388584 0.55912052 0.39500913
1778701959.90423369 -2.85133494 1.59077970 1.12446705 0.47037905 -0.55412692 0.56290591 0.39347661
1778701959.93764257 -2.85942507 1.59192871 1.07204772 0.46713906 -0.55432795 0.56674481 0.39153792
1778701959.97105241 -2.86535274 1.59503724 1.02215335 0.46387473 -0.55536023 0.56977672 0.38955069
1778701960.00446272 -2.86764126 1.60973011 0.96928474 0.45941156 -0.55656076 0.57255252 0.38905622
1778701960.03787303 -2.86817836 1.62286951 0.91961761 0.45574313 -0.55833669 0.57441170 0.38808445
1778701960.07128286 -2.86820082 1.63252495 0.88274814 0.45340434 -0.56029866 0.57516100 0.38688464
1778701960.10469413 -2.86269781 1.65197811 0.84376922 0.45008575 -0.56283640 0.57554617 0.38650307
1778701960.13810539 -2.85580345 1.67526814 0.80194025 0.44589508 -0.56527105 0.57618695 0.38685245
1778701960.17151761 -2.85196637 1.69149324 0.76225075 0.44254809 -0.56712892 0.57706191 0.38667238
1778701960.20492935 -2.84372705 1.70157583 0.71555057 0.43919403 -0.56868973 0.57879325 0.38561504
1778701960.23834252 -2.84114241 1.71291387 0.67667424 0.43620107 -0.57062374 0.57975581 0.38470816
1778701960.27175546 -2.83627504 1.72629645 0.64286439 0.43327742 -0.57303067 0.57997428 0.38410461
1778701960.30516839 -2.83405727 1.73422746 0.61458336 0.43159786 -0.57478383 0.58011659 0.38315999
1778701960.33858228 -2.83116026 1.73992324 0.59040169 0.43040951 -0.57563827 0.58025821 0.38299955
1778701960.37199664 -2.82566047 1.74773733 0.56945437 0.42913011 -0.57629402 0.58016581 0.38358857
1778701960.40541077 -2.81959666 1.75728080 0.55270662 0.42837206 -0.57709104 0.57946618 0.38429449
1778701960.43875337 -2.81542466 1.76101461 0.54189879 0.42865015 -0.57817464 0.57816427 0.38431657
1778701960.47207236 -2.80780326 1.76659939 0.53163127 0.42866409 -0.58020104 0.57631205 0.38402901
1778701960.50539064 -2.80129392 1.77066748 0.52507100 0.42907887 -0.58301986 0.57353660 0.38345134
1778701960.53870773 -2.79976711 1.76969854 0.52736860 0.43076460 -0.58611313 0.56996345 0.38217133
1778701960.57202601 -2.79726770 1.76729814 0.52991382 0.43288205 -0.58958991 0.56596240 0.38037275
1778701960.60534382 -2.79493635 1.76348386 0.53428018 0.43531286 -0.59254696 0.56188472 0.37904665
1778701960.63866138 -2.79596502 1.75659360 0.53832097 0.43812130 -0.59413453 0.55855629 0.37824431
1778701960.67197919 -2.79869096 1.74892792 0.54594451 0.44143095 -0.59476883 0.55536763 0.37809464
1778701960.70529628 -2.79719073 1.74009417 0.55733378 0.44377889 -0.59424163 0.55333125 0.37915921
1778701960.73861337 -2.79199466 1.75459189 0.55770000 0.44529917 -0.59417369 0.55069791 0.38131101
1778701960.77193022 -2.79128918 1.76004283 0.55339675 0.44643817 -0.59258341 0.54955812 0.38408819
1778701960.80524683 -2.79291498 1.76315090 0.54990960 0.44807968 -0.58971687 0.54893418 0.38746598
1778701960.83856344 -2.79214936 1.77098795 0.54542396 0.44921723 -0.58619785 0.54863774 0.39188338
1778701960.87187958 -2.79397197 1.77500159 0.54000557 0.45080413 -0.58162748 0.54899225 0.39634911
1778701960.90519571 -2.80055582 1.75709813 0.53996028 0.45403130 -0.57510906 0.55047725 0.40009992
1778701960.93851137 -2.81089739 1.75448896 0.54111105 0.45852501 -0.56912641 0.55101368 0.40278266
1778701960.97182631 -2.81887186 1.74534417 0.54569234 0.46271961 -0.56404972 0.55059552 0.40568837
1778701961.00514150 -2.82905887 1.73280047 0.55524788 0.46775428 -0.55956231 0.54941398 0.40772568
1778701961.03845668 -2.83834846 1.71745416 0.56613373 0.47298034 -0.55511217 0.54822071 0.40938263
1778701961.07177210 -2.84384689 1.69680226 0.58051300 0.47794780 -0.55070643 0.54738404 0.41068120
1778701961.10508657 -2.85138047 1.67350443 0.59615729 0.48404335 -0.54662826 0.54536736 0.41167223
1778701961.13840151 -2.85365311 1.65461914 0.61940571 0.49027428 -0.54428728 0.54181276 0.41209395
1778701961.17171597 -2.85092520 1.64304572 0.64543417 0.49586423 -0.54355313 0.53719093 0.41242523
1778701961.20502996 -2.84556547 1.63524885 0.67472130 0.50150249 -0.54329715 0.53179501 0.41293768
1778701961.23834419 -2.83860788 1.62973683 0.70415766 0.50692352 -0.54305916 0.52627482 0.41370293
1778701961.27165842 -2.83455088 1.61948140 0.73157814 0.51177191 -0.54126226 0.52154324 0.41607370
1778701961.30497193 -2.82686270 1.61504016 0.75560932 0.51638859 -0.53957719 0.51725395 0.41790864
1778701961.33828545 -2.82091804 1.60729682 0.77574660 0.52089779 -0.53778188 0.51351098 0.41924053
1778701961.37159872 -2.81593222 1.59879406 0.78736234 0.52465097 -0.53593925 0.51075610 0.42028405
1778701961.40491080 -2.81597709 1.58938762 0.79655889 0.52825616 -0.53432101 0.50844643 0.42062896
1778701961.43822813 -2.81911508 1.57530621 0.79317902 0.53121209 -0.53285155 0.50726871 0.42019210
1778701961.47154570 -2.82198708 1.56068450 0.78110698 0.53329451 -0.53189572 0.50719091 0.41885711
1778701961.50486350 -2.82635830 1.54991099 0.75779508 0.53393961 -0.53197766 0.50792610 0.41703639
1778701961.53818130 -2.83185409 1.53846646 0.72752888 0.53396400 -0.53289888 0.50928886 0.41415708
1778701961.57149887 -2.83719239 1.52845327 0.69071545 0.53336448 -0.53440213 0.51118652 0.41063979
1778701961.60481572 -2.71256503 1.75380821 0.21105236 0.55123533 -0.51613630 0.49842191 0.42581513
1778701961.63813281 -2.84699600 1.50601115 0.60556341 0.53116607 -0.53539987 0.51735234 0.40442074
1778701961.67144942 -2.85061436 1.49616301 0.56353867 0.53005952 -0.53435341 0.52114996 0.40237551
1778701961.70476604 -2.85439077 1.48990979 0.52473433 0.52885312 -0.53270692 0.52480797 0.40139046
1778701961.73808241 -2.85371283 1.48893303 0.48494020 0.52716904 -0.53091173 0.52832321 0.40137280
1778701961.77139878 -2.84717233 1.49881242 0.44476298 0.52461857 -0.53047881 0.53096530 0.40180025
1778701961.80471492 -2.83949397 1.51032915 0.41309060 0.52185406 -0.53167587 0.53236441 0.40196672
1778701961.83802938 -2.83581069 1.52202715 0.38038897 0.52004435 -0.53329475 0.53321732 0.40103600
1778701961.87134528 -2.83049499 1.53144963 0.34468962 0.51768942 -0.53417551 0.53508350 0.40042457
1778701961.90466070 -2.82838231 1.53473266 0.30420333 0.51529470 -0.53381281 0.53794570 0.40016206
1778701961.93797541 -2.82683215 1.53541208 0.26717375 0.51334961 -0.53427192 0.54034649 0.39881243
1778701961.97129059 -2.81548799 1.54202965 0.23288582 0.51061905 -0.53735140 0.54177215 0.39623805
1778701962.00460505 -2.81464065 1.54831470 0.20320759 0.50953132 -0.54124403 0.54178769 0.39229941
1778701962.03791976 -2.81417858 1.54982032 0.17084529 0.50811416 -0.54454224 0.54265370 0.38835643
1778701962.07123423 -2.81084900 1.55441469 0.14039740 0.50646485 -0.54697427 0.54376368 0.38553024
1778701962.10454822 -2.80789454 1.55941288 0.11585090 0.50525946 -0.54821467 0.54461285 0.38414893
1778701962.13786197 -2.80538200 1.56194040 0.10065778 0.50503682 -0.54899142 0.54472974 0.38316543
1778701962.17117572 -2.80294696 1.56472152 0.09096449 0.50541596 -0.54949805 0.54413661 0.38278186
1778701962.20448923 -2.79573150 1.55817369 0.08614443 0.50691162 -0.54940359 0.54355712 0.38176165
1778701962.23780251 -2.79617713 1.55042133 0.08988195 0.50973386 -0.54977677 0.54163488 0.38019542
1778701962.27111554 -2.79489531 1.54557403 0.09834746 0.51250588 -0.55051845 0.53899164 0.37915058
1778701962.30442739 -2.79667984 1.53444047 0.11062106 0.51630662 -0.55011434 0.53639423 0.37826304
1778701962.33774018 -2.79965560 1.52127207 0.12863311 0.52079719 -0.54865373 0.53370343 0.37803442
1778701962.37105274 -2.80296725 1.50722453 0.14685081 0.52518008 -0.54669939 0.53117144 0.37836829
1778701962.40436482 -2.80539620 1.49115333 0.16557339 0.52861080 -0.54397272 0.52956668 0.37976761
1778701962.43771362 -2.80791593 1.48458354 0.17616721 0.53199924 -0.54011611 0.52836347 0.38220862
1778701962.47107553 -2.80908825 1.48342782 0.18058682 0.53335826 -0.53652086 0.52783404 0.38609009
1778701962.50443745 -2.80875159 1.49149552 0.18222454 0.53360598 -0.53376911 0.52712753 0.39050194
1778701962.53780007 -2.80867597 1.50293551 0.18346344 0.53368887 -0.53154332 0.52611514 0.39476670
1778701962.57116270 -2.80518159 1.52415053 0.18048162 0.53248345 -0.53008423 0.52493706 0.39989145
1778701962.60452557 -2.79907073 1.55128241 0.17085629 0.52988979 -0.52862425 0.52420098 0.40618536
1778701962.63788915 -2.79286760 1.57473632 0.15670389 0.52615715 -0.52589566 0.52480948 0.41372384
1778701962.67125344 -2.77883971 1.60524736 0.12719463 0.52174950 -0.52343771 0.52622681 0.42056600
1778701962.70461750 -2.77303599 1.63504772 0.09775800 0.51656055 -0.52006406 0.52777835 0.42912537
1778701962.73798108 -2.76985127 1.66020975 0.06305153 0.51102586 -0.51547131 0.53039010 0.43798202
1778701962.77134609 -2.76830267 1.68382144 0.02475645 0.50520380 -0.51057081 0.53335756 0.44678437
1778701962.80471158 -2.76612877 1.70541428 -0.01307965 0.49940302 -0.50595812 0.53601229 0.45529533
1778701962.83807731 -2.76844410 1.72033568 -0.04744437 0.49468758 -0.50193481 0.53837180 0.46206218
1778701962.87144303 -2.77513838 1.72690548 -0.08248857 0.49051016 -0.49724720 0.54098596 0.46848607
1778701962.90480947 -2.78458928 1.72687334 -0.12028774 -0.48715081 0.49148769 -0.54447515 -0.47399446
1778701962.93817663 -2.79986140 1.72283095 -0.15403313 -0.48434963 0.48489031 -0.54807030 -0.47948490
1778701962.97154403 -2.81706917 1.71045119 -0.18054159 -0.48333180 0.47883444 -0.55114604 -0.48305900
1778701963.00491118 -2.83764549 1.69427755 -0.19152246 -0.48403196 0.47375107 -0.55289444 -0.48536660
1778701963.03827929 -2.85555409 1.67788106 -0.20643417 -0.48522144 0.46931527 -0.55443586 -0.48672806
1778701963.07164764 -2.86857560 1.66755383 -0.21960967 -0.48602722 0.46514973 -0.55528251 -0.48895256
1778701963.10501647 -2.88707280 1.65564771 -0.22224892 -0.48741604 0.45915428 -0.55586949 -0.49255665
1778701963.13838530 -2.88825015 1.64716693 -0.22480581 -0.48907546 0.45389206 -0.55578421 -0.49587408
1778701963.17175436 -2.89640920 1.64196861 -0.20951621 -0.49178994 0.44934874 -0.55343828 -0.49993443
1778701963.20512319 -2.89867675 1.64663365 -0.18470502 -0.49494565 0.44652138 -0.54906273 -0.50416027
1778701963.23849320 -2.89408927 1.66194343 -0.15416835 -0.49862044 0.44662062 -0.54275432 -0.50727253
1778701963.27186394 -2.88715844 1.68089023 -0.12042045 -0.50279849 0.44851222 -0.53549539 -0.50919069
1778701963.30523491 -2.88387681 1.69513923 -0.08980062 -0.50721379 0.45085532 -0.52874248 -0.50979903
1778701963.33860564 -2.88999338 1.71020328 -0.05956981 -0.51176438 0.45269229 -0.52272757 -0.50982624
1778701963.37197733 -2.89415383 1.72247577 -0.03092170 -0.51650520 0.45422576 -0.51734628 -0.50917007
1778701963.40534949 -2.89607682 1.71848032 -0.01476949 -0.52051780 0.45389151 -0.51405986 -0.50871031
1778701963.43868709 -2.89570134 1.72030788 -0.00127168 -0.52347814 0.45356232 -0.51080476 -0.50924489
1778701963.47201276 -2.89539069 1.71871432 0.01135585 -0.52652255 0.45276348 -0.50804985 -0.50957294
1778701963.50533819 -2.89856119 1.71371425 0.01968263 -0.52930700 0.45128279 -0.50608142 -0.50996033
1778701963.53866363 -2.90068796 1.70883154 0.01692924 -0.53077628 0.44990004 -0.50520826 -0.51052044
1778701963.57198858 -2.89409337 1.70970176 0.00089393 0.53135929 -0.44990841 0.50495320 0.51015879
1778701963.60531402 -2.89486193 1.70111973 -0.01626723 0.53171846 -0.44916613 0.50577127 0.50962799
1778701963.63863802 -2.89378152 1.69511910 -0.04207305 -0.53086689 0.44879729 -0.50720744 -0.50941334
1778701963.67196274 -2.88869454 1.69461574 -0.07587328 -0.52890266 0.44981051 -0.50884789 -0.50892662
1778701963.70528722 -2.87525514 1.70697735 -0.11659776 -0.52578941 0.45397780 -0.50979662 -0.50750081
1778701963.73861146 -2.85803767 1.72177477 -0.16585115 -0.52172580 0.45925366 -0.51119266 -0.50553964
1778701963.77193618 -2.83392928 1.72699835 -0.22176581 -0.51581832 0.46325622 -0.51468675 -0.50440329
1778701963.80526042 -2.81948069 1.73811501 -0.29469588 -0.50979552 0.46508611 -0.51878042 -0.50464870
1778701963.83858442 -2.79943311 1.74876353 -0.36484614 -0.50215598 0.46640430 -0.52353023 -0.50618426
1778701963.87190843 -2.77979492 1.75701447 -0.43006896 -0.49526855 0.46766157 -0.52791042 -0.50725961
1778701963.90523219 -2.76080499 1.76340391 -0.48876402 -0.48957034 0.46924382 -0.53160835 -0.50746791
1778701963.93855596 -2.74332159 1.76793062 -0.54277429 -0.48504107 0.47095346 -0.53504983 -0.50661591
1778701963.97187948 -2.72407605 1.77184749 -0.59456937 -0.48060242 0.47265117 -0.53823866 -0.50588668
1778701964.00520277 -2.70030338 1.77709890 -0.64759300 -0.47584036 0.47401859 -0.54167748 -0.50543826
1778701964.03852606 -2.67791281 1.78031311 -0.70367489 -0.47011061 0.47503580 -0.54515896 -0.50610148
1778701964.07184863 -2.65476288 1.78021483 -0.76183298 -0.46384732 0.47566477 -0.54895238 -0.50718830
1778701964.10517168 -2.63134344 1.77939105 -0.82173512 -0.45756818 0.47651769 -0.55288905 -0.50781488
1778701964.13849425 -2.60984013 1.78046772 -0.87309561 -0.45266451 0.47895408 -0.55579935 -0.50673949
1778701964.17181683 -2.59081381 1.78393978 -0.91015872 -0.45024901 0.48310225 -0.55710234 -0.50351269
1778701964.20513964 -2.56515782 1.79593157 -0.93793360 -0.44861369 0.48866409 -0.55724717 -0.49942843
1778701964.23846197 -2.55218664 1.80731934 -0.96371788 -0.44863108 0.49330689 -0.55657789 -0.49557998
1778701964.27178431 -2.54110452 1.81637326 -0.98078751 -0.44879467 0.49675524 -0.55586999 -0.49277391
1778701964.30510664 -2.53972094 1.81680627 -0.99310432 -0.44946839 0.49756128 -0.55577230 -0.49145508
1778701964.33842850 -2.54344633 1.80724998 -1.00559242 -0.45017510 0.49560845 -0.55661878 -0.49182331
1778701964.37175059 -2.54635903 1.79879939 -1.01544693 -0.45083055 0.49355980 -0.55700166 -0.49284855
1778701964.40507197 -2.53871303 1.79350447 -1.02986895 -0.45052237 0.49255482 -0.55716958 -0.49394474
1778701964.43839836 -2.53722710 1.78622304 -1.04823304 -0.45003554 0.49083913 -0.55736076 -0.49587694
1778701964.47172379 -2.54318242 1.78320960 -1.05481885 -0.45060859 0.48911942 -0.55677049 -0.49771549
1778701964.50504971 -2.55112545 1.78145046 -1.05485287 -0.45246246 0.48796080 -0.55526165 -0.49885517
1778701964.53837419 -2.56754655 1.77326747 -1.04585723 -0.45607284 0.48579089 -0.55350045 -0.49964190
1778701964.57169986 -2.58359388 1.77008273 -1.03231534 -0.45972288 0.48380161 -0.55077952 -0.50123129
1778701964.60502505 -2.59694513 1.77164738 -1.01663520 -0.46289687 0.48154247 -0.54731558 -0.50427075
1778701964.63835049 -2.60248521 1.76502072 -1.00787202 -0.46486408 0.47759782 -0.54499626 -0.50870501
1778701964.67167521 -2.62302136 1.75842276 -0.98845020 -0.46844065 0.47225923 -0.54194946 -0.51363933
1778701964.70500040 -2.64816315 1.75320355 -0.96168998 -0.47302345 0.46671403 -0.53832606 -0.51829710
1778701964.73832512 -2.66835384 1.75674248 -0.93479479 -0.47691018 0.46188719 -0.53393299 -0.52357662
1778701964.77164960 -2.68693851 1.75975058 -0.91183171 -0.48018405 0.45650334 -0.52994662 -0.52932463
1778701964.80497456 -2.70637145 1.76109557 -0.88717811 -0.48352271 0.45058357 -0.52591999 -0.53533952
1778701964.83829880 -2.73263392 1.75735094 -0.85449297 -0.48815033 0.44406678 -0.52181764 -0.54057404
1778701964.87162304 -2.76096926 1.74470237 -0.82047066 -0.49325926 0.43641334 -0.51834207 -0.54549078
1778701964.90494704 -2.78846948 1.72964641 -0.78633314 -0.49758027 0.42815267 -0.51523726 -0.55102607
1778701964.93827105 -2.81274758 1.71477905 -0.75779883 -0.50109352 0.41988924 -0.51250976 -0.55671542
1778701964.97159410 -2.83243013 1.70355114 -0.73277059 -0.50412530 0.41324942 -0.50949111 -0.56169512
1778701965.00491762 -2.84530618 1.70278009 -0.70505216 -0.50780907 0.40974596 -0.50531950 -0.56470382
1778701965.03824115 -2.85205511 1.71423526 -0.67468692 -0.51270538 0.41009489 -0.49988785 -0.56486062
1778701965.07156491 -2.85363901 1.73080721 -0.64278594 -0.51843996 0.41271498 -0.49383757 -0.56303712
1778701965.10488820 -2.85797781 1.74874802 -0.60610503 -0.52411317 0.41488478 -0.48806930 -0.56121686
1778701965.13821149 -2.86437414 1.75377608 -0.57930207 -0.52890217 0.41438222 -0.48397626 -0.56063968
1778701965.17153430 -2.87224787 1.74785322 -0.56067553 -0.53192116 0.41057000 -0.48188937 -0.56238314
1778701965.20485711 -2.88255225 1.73187623 -0.54789312 -0.53369256 0.40439316 -0.48134690 -0.56563555
1778701965.23817992 -2.89143872 1.71254609 -0.54124175 -0.53485400 0.39832218 -0.48167954 -0.56855559
1778701965.27150273 -2.89581114 1.69726098 -0.53882174 -0.53577710 0.39408212 -0.48191168 -0.57044133
1778701965.30482531 -2.89585077 1.68405554 -0.54051874 -0.53733056 0.39264917 -0.48223364 -0.56969572
1778701965.33814740 -2.89140161 1.68590858 -0.54396763 -0.53934160 0.39512927 -0.48141436 -0.56676601
1778701965.37146997 -2.87523592 1.70001717 -0.55809907 -0.54001269 0.40127860 -0.48038936 -0.56266139
1778701965.40479088 -2.85740496 1.71110189 -0.58389169 -0.53887751 0.40663222 -0.48099641 -0.55937797
1778701965.43815088 -2.83697665 1.71939508 -0.62311094 -0.53523710 0.41022125 -0.48310947 -0.55843085
1778701965.47151971 -2.81581053 1.72521657 -0.66659819 -0.53085219 0.41330005 -0.48604747 -0.55779644
1778701965.50488925 -2.79567520 1.72339415 -0.71023146 -0.52798359 0.41637228 -0.48962320 -0.55510051
1778701965.53825879 -2.78643619 1.70782266 -0.75124080 -0.52499066 0.41792828 -0.49419228 -0.55271579
1778701965.57162929 -2.77291592 1.69190122 -0.79977321 -0.52136839 0.41881301 -0.49969397 -0.55052393
1778701965.60499978 -2.75572474 1.68121312 -0.84744552 -0.51725801 0.42008619 -0.50469440 -0.54886730
1778701965.63837099 -2.73487288 1.67580245 -0.89404595 -0.51294243 0.42215329 -0.50901827 -0.54733634
1778701965.67174268 -2.71526788 1.66948545 -0.93542044 -0.50960894 0.42447540 -0.51277506 -0.54514319
1778701965.70511484 -2.69512857 1.66482873 -0.97482363 -0.50639383 0.42693042 -0.51618363 -0.54300107
1778701965.73848701 -2.67122166 1.66430143 -1.01976890 -0.50291505 0.42944606 -0.51995181 -0.54065021
1778701965.77185988 -2.65225121 1.65532380 -1.05799609 -0.50015779 0.43166928 -0.52359798 -0.53791168
1778701965.80523300 -2.63542425 1.64723800 -1.08601775 -0.49881509 0.43424646 -0.52636172 -0.53437520
1778701965.83860660 -2.61847387 1.64632074 -1.10788185 -0.49754135 0.43697426 -0.52797391 -0.53174209
1778701965.87197995 -2.60789644 1.63799996 -1.12462675 -0.49708309 0.43822302 -0.52978964 -0.52933158
1778701965.90535426 -2.60362963 1.62295863 -1.13407907 -0.49790567 0.43828927 -0.53173660 -0.52654406
1778701965.93872929 -2.60105905 1.60858902 -1.13590956 -0.50017663 0.43815205 -0.53318382 -0.52303072
1778701965.97210479 -2.60918757 1.59317973 -1.12672103 -0.50383888 0.43694974 -0.53364525 -0.52004236
1778701966.00548077 -2.62395050 1.57517049 -1.10869053 -0.50838119 0.43418037 -0.53371551 -0.51786458
1778701966.03885698 -2.63691175 1.56533763 -1.08792481 -0.51220309 0.43139102 -0.53265924 -0.51751706
1778701966.07223392 -2.64291698 1.56073082 -1.07487581 -0.51390774 0.42888673 -0.53162683 -0.51896812
1778701966.10561085 -2.64972249 1.55108821 -1.06663467 -0.51496588 0.42593436 -0.53141615 -0.52056406
1778701966.13898873 -2.66019747 1.53543857 -1.05720470 -0.51670958 0.42275111 -0.53203850 -0.52079531
1778701966.17236638 -2.66766875 1.52872027 -1.05349503 -0.51848022 0.42201016 -0.53209644 -0.51957585
1778701966.20574522 -2.66657790 1.52650384 -1.06530413 -0.51760242 0.42225594 -0.53326467 -0.51905341
1778701966.23912406 -2.66978299 1.52006252 -1.07258882 -0.51743444 0.42182168 -0.53439903 -0.51840693
1778701966.27250314 -2.67550274 1.51296429 -1.07371474 -0.51804705 0.42092012 -0.53513783 -0.51776540
1778701966.30588198 -2.67928798 1.50818817 -1.07677759 -0.51792261 0.42017237 -0.53583488 -0.51777633
1778701966.33926225 -2.68125749 1.50549535 -1.07219232 -0.51815380 0.41917856 -0.53600563 -0.51817365
1778701966.37264299 -2.68085837 1.50140709 -1.06853346 -0.51866381 0.41881490 -0.53565005 -0.51832514
1778701966.40602398 -2.68389448 1.50597045 -1.06084081 -0.51976341 0.41920602 -0.53433888 -0.51826082
1778701966.43937016 -2.68603521 1.51018878 -1.05650490 -0.52023081 0.41948332 -0.53340519 -0.51852922
1778701966.47270346 -2.68789966 1.50973467 -1.05748884 -0.51974662 0.41872818 -0.53346383 -0.51956376
1778701966.50603604 -2.69273585 1.49821235 -1.06189855 -0.51879266 0.41633394 -0.53481541 -0.52104961
1778701966.53936934 -2.69808549 1.48821721 -1.06503724 -0.51795589 0.41395669 -0.53584359 -0.52271714
1778701966.57270241 -2.70731007 1.48487914 -1.05466728 -0.51869594 0.41174578 -0.53543908 -0.52414208
1778701966.60603523 -2.71400949 1.48609312 -1.04026870 -0.52035944 0.41051701 -0.53365424 -0.52527611
1778701966.63936806 -2.71806965 1.49734975 -1.01719800 -0.52257172 0.41046646 -0.53020777 -0.52660783
1778701966.67270088 -2.72575837 1.51022683 -0.98141653 -0.52611277 0.40964223 -0.52544934 -0.52848991
1778701966.70603347 -2.73093322 1.52901292 -0.94358087 -0.52938406 0.40924922 -0.51988355 -0.53102608
1778701966.73936534 -2.73062128 1.55165454 -0.90622512 -0.53184601 0.40933610 -0.51485205 -0.53339587
1778701966.77269745 -2.73915781 1.56264660 -0.86666168 -0.53531652 0.40759796 -0.50946033 -0.53642362
1778701966.80603027 -2.74646109 1.57840803 -0.82208295 -0.53884795 0.40556314 -0.50342081 -0.54011935
1778701966.83936238 -2.75449412 1.59274339 -0.77684842 -0.54204134 0.40255412 -0.49757431 -0.54457430
1778701966.87269497 -2.76193471 1.60408562 -0.73405702 -0.54493789 0.39898402 -0.49217715 -0.54919586
1778701966.90602708 -2.76615556 1.61675196 -0.69670923 -0.54704693 0.39593433 -0.48719816 -0.55372702
1778701966.93935943 -2.77199943 1.62453144 -0.65912668 -0.54884293 0.39134658 -0.48265737 -0.55916111
1778701966.97269130 -2.77599125 1.63268172 -0.62170336 -0.55014689 0.38643276 -0.47804668 -0.56522517
1778701967.00602365 -2.77075848 1.65156196 -0.58216862 -0.55135553 0.38269471 -0.47262966 -0.57111561
1778701967.03935552 -2.77008535 1.66852465 -0.53663638 -0.55333221 0.37869065 -0.46637530 -0.57698435
1778701967.07268715 -2.76976994 1.68485445 -0.48743883 -0.55572945 0.37406247 -0.45962422 -0.58308458
1778701967.10601950 -2.76600805 1.70599895 -0.43146113 -0.55791980 0.36854413 -0.45162123 -0.59071058
1778701967.13935113 -2.76174495 1.72685062 -0.36739777 -0.56043909 0.36135593 -0.44264397 -0.59949665
1778701967.17268157 -2.75313200 1.75067247 -0.30801507 -0.56220179 0.35486065 -0.43387595 -0.60807460
1778701967.20601344 -2.74265787 1.77657878 -0.25477490 -0.56354457 0.34941305 -0.42606463 -0.61546484
1778701967.23934531 -2.72905917 1.80403979 -0.21480165 -0.56426870 0.34618950 -0.41844612 -0.62181710
1778701967.27267647 -2.71242587 1.83262354 -0.18709754 -0.56503023 0.34650621 -0.41204010 -0.62521775
1778701967.30600786 -2.70374276 1.84825295 -0.16234338 -0.56789869 0.34877207 -0.40725485 -0.62449388
1778701967.33933902 -2.70148858 1.85206027 -0.13574884 -0.57292500 0.35201532 -0.40364276 -0.62041493
1778701967.37267065 -2.70288175 1.84729343 -0.11779137 -0.57675720 0.35353294 -0.40183039 -0.61716929
1778701967.40600204 -2.69873337 1.85186081 -0.11277867 -0.57609375 0.35250536 -0.40172844 -0.61844177
1778701967.43933511 -2.69805418 1.84778236 -0.13612102 -0.57234088 0.34899830 -0.40460930 -0.62202686
1778701967.47266793 -2.69987756 1.83837468 -0.17034030 -0.56758491 0.34630262 -0.40885040 -0.62511057
1778701967.50600100 -2.69790510 1.83266976 -0.22241696 -0.56235907 0.34850261 -0.41455513 -0.62485378
1778701967.53933406 -2.68933245 1.83102365 -0.29763145 -0.55665888 0.35680509 -0.42226447 -0.62009173
1778701967.57266641 -2.67764937 1.82768871 -0.39038285 -0.55058235 0.36873018 -0.43199273 -0.61178379
1778701967.60599923 -2.66188350 1.82275032 -0.49504213 -0.54431533 0.38340297 -0.44323177 -0.60022378
1778701967.63933110 -2.64532259 1.81240368 -0.60918912 -0.53713805 0.39787932 -0.45540527 -0.58803129
1778701967.67266393 -2.62652592 1.79402881 -0.71935805 -0.53024792 0.41012593 -0.46806294 -0.57580460
1778701967.70599651 -2.60412077 1.77923412 -0.81751969 -0.52420175 0.42136872 -0.47899749 -0.56411198
1778701967.73932862 -2.58047443 1.76944175 -0.90335233 -0.51934414 0.43193510 -0.48761545 -0.55312286
1778701967.77266145 -2.56160144 1.76508289 -0.97248600 -0.51536930 0.44094580 -0.49493508 -0.54313953
1778701967.80599332 -2.54159190 1.75638310 -1.03744892 -0.51165422 0.44806972 -0.50199422 -0.53427081
1778701967.83932590 -2.52701640 1.73893643 -1.09464835 -0.50869343 0.45261143 -0.50899530 -0.52659061
1778701967.87265801 -2.52141903 1.71976042 -1.14482753 -0.50604691 0.45435826 -0.51520314 -0.52157532
1778701967.90598989 -2.51509218 1.69752529 -1.19287522 -0.50280815 0.45428771 -0.52120230 -0.51880132
1778701967.93932223 -2.51251798 1.67673973 -1.22770488 -0.50091831 0.45337433 -0.52549032 -0.51710008
1778701967.97265410 -2.51471801 1.65982008 -1.24936823 -0.50064710 0.45232464 -0.52811663 -0.51560424
1778701968.00598621 -2.51322562 1.65606614 -1.26553127 -0.50038725 0.45237192 -0.52853032 -0.51539107
1778701968.03931785 -2.51647557 1.65762865 -1.26744666 -0.50156564 0.45201286 -0.52691633 -0.51621262
1778701968.07264876 -2.53080794 1.66389583 -1.24597149 -0.50579121 0.45055511 -0.52267482 -0.51767402
1778701968.10598016 -2.54962947 1.67145929 -1.21315741 -0.51102887 0.44786526 -0.51632776 -0.52122150
1778701968.13931227 -2.57746234 1.68661080 -1.15397398 -0.51874510 0.44382593 -0.50705792 -0.52613148
1778701968.17264366 -2.61193819 1.70089200 -1.07774108 -0.52807196 0.43779870 -0.49606930 -0.53234157
1778701968.20597482 -2.64543803 1.71529670 -0.99860074 -0.53638867 0.42974930 -0.48439235 -0.54126407
1778701968.23930669 -2.67412254 1.73333415 -0.91559544 -0.54405574 0.42112325 -0.47183374 -0.55139050
1778701968.27263784 -2.70453405 1.75013501 -0.82625460 -0.55235828 0.41172977 -0.45880985 -0.56113496
1778701968.30596900 -2.72940950 1.76206171 -0.74422368 -0.56035268 0.40170884 -0.44667686 -0.57018827
1778701968.33930039 -2.76127694 1.76716731 -0.65320298 -0.56908200 0.39065083 -0.43480393 -0.57834518
1778701968.37263131 -2.79663440 1.76266411 -0.55692757 -0.57925293 0.37845820 -0.42338581 -0.58479047
1778701968.40596271 -2.83552666 1.74627248 -0.45926509 -0.59008790 0.36492800 -0.41325943 -0.58978002
1778701968.43933320 -2.87125313 1.72504045 -0.36171706 -0.60047777 0.35052522 -0.40351770 -0.59475373
1778701968.47274613 -2.90228892 1.70174919 -0.27444830 -0.60914546 0.33610182 -0.39473852 -0.60013238
1778701968.50615788 -2.92737028 1.67776827 -0.19334089 -0.61700471 0.32242135 -0.38670764 -0.60481970
1778701968.53957152 -2.95019278 1.65955977 -0.11054416 -0.62513854 0.30973756 -0.37790451 -0.60864821
1778701968.57298541 -2.96564416 1.63738109 -0.03360943 -0.63258067 0.29823060 -0.36968729 -0.61174464
1778701968.60640001 -2.97500974 1.62557852 0.04740787 -0.64043380 0.28839171 -0.36012304 -0.61399199
1778701968.63981485 -2.97536400 1.62360291 0.13377502 0.64806288 -0.27937235 0.34919586 0.61646398
1778701968.67322993 -2.96963491 1.62532766 0.22395910 0.65480922 -0.26894986 0.33734344 0.62055641
1778701968.70664597 -2.95844371 1.62781298 0.32251509 0.66117958 -0.25679219 0.32452850 0.62576400
1778701968.74006176 -2.94125029 1.63387792 0.41759598 0.66641033 -0.24444257 0.31136904 0.63181835
1778701968.77347827 -2.91763845 1.63857553 0.50663161 0.67105432 -0.23263964 0.29878073 0.63741272
1778701968.80689573 -2.89535275 1.65265162 0.58859527 0.67537384 -0.22128519 0.28603290 0.64271939
1778701968.84031296 -2.87050290 1.65780099 0.65890843 0.67843587 -0.21034215 0.27490729 0.64800226
1778701968.87373066 -2.84424985 1.66448428 0.72229605 0.68095861 -0.19973876 0.26425725 0.65312166
1778701968.90714908 -2.81396672 1.66846795 0.78955476 0.68342878 -0.18842901 0.25320828 0.65825920
1778701968.94056821 -2.77548774 1.68191318 0.85377888 0.68638874 -0.18035547 0.24109260 0.66197943
1778701968.97398615 -2.73246681 1.69534612 0.92270468 0.68997267 -0.17229046 0.22803213 0.66502260
1778701969.00740600 -2.69285459 1.70297849 0.98608772 0.69221436 -0.16117482 0.21638606 0.66935717
1778701969.04082608 -2.63625196 1.73002443 1.02017523 -0.69273537 0.15074650 -0.20521073 -0.67474569
1778701969.07424641 -2.58867749 1.75532576 1.07366243 -0.69254543 0.13935653 -0.19238283 -0.68113834
1778701969.10766721 -2.53369684 1.77829048 1.14204792 -0.69389099 0.12775265 -0.17764941 -0.68602860
1778701969.14108896 -2.46782369 1.81009242 1.21510646 -0.69482194 0.11575148 -0.16070525 -0.69137391
1778701969.17451072 -2.39165737 1.84965682 1.28836617 -0.69385395 0.10229600 -0.14196856 -0.69853214
1778701969.20793295 -2.31150689 1.88664946 1.36268210 -0.69188302 0.08667345 -0.12247509 -0.70624744
1778701969.24135590 -2.22083942 1.92365690 1.41454978 -0.68999399 0.07269604 -0.10337322 -0.71269738
1778701969.27477908 -2.13060014 1.95805697 1.49018335 -0.68823471 0.05685279 -0.08256633 -0.71852874
1778701969.30820251 -2.02734780 1.99351419 1.57652410 -0.68732638 0.04027098 -0.05915994 -0.72281450
1778701969.34162641 -1.91735689 2.02970150 1.65771875 -0.68757992 0.02733008 -0.03517285 -0.72474119
1778701969.37505078 -1.81546831 2.06168455 1.72665710 -0.68807834 0.01683628 -0.01314189 -0.72532202
1778701969.50850940 -1.58774580 2.12762931 1.81846417 -0.68486149 -0.01162223 0.03652259 -0.72766460
1778701969.54183507 -1.57022364 2.13705794 1.81612533 -0.68417576 -0.01382469 0.04180370 -0.72798685
1778701969.74178648 -1.58079810 2.12698769 1.76423580 -0.68871626 -0.01283271 0.05404523 -0.72289995
1778701969.87508368 -1.68172155 2.12497531 1.65130734 -0.68698858 -0.01136634 0.04877176 -0.72494056
1778701969.90840769 -1.70824061 2.11785552 1.63388455 -0.68856080 -0.01082056 0.04674071 -0.72358983
1778701969.94173169 -1.73273958 2.11842555 1.62545286 -0.69008199 -0.00953435 0.04404969 -0.72232650
1778701969.97505546 -1.76229815 2.12288476 1.59028278 -0.69011959 -0.00686315 0.04099942 -0.72250045
1778701970.00837946 -1.79117017 2.12851712 1.55229613 -0.68991980 -0.00359295 0.03804313 -0.72287654
1778701970.04170299 -1.82437416 2.12118725 1.52039851 -0.68976582 -0.00335143 0.03396829 -0.72322752
1778701970.07502627 -1.85567498 2.10728835 1.49465727 -0.69051370 -0.00363550 0.02980277 -0.72269593
1778701970.10834980 -1.87999987 2.09743240 1.46991624 -0.69216869 -0.00149112 0.02651886 -0.72124686
1778701970.14167333 -1.90058454 2.08788869 1.42722680 -0.69453127 0.00292971 0.02261087 -0.71910116
1778701970.17499638 -1.92263743 2.07576459 1.40815716 -0.69739800 0.00583096 0.01911616 -0.71640534
1778701970.20831943 -1.94320770 2.06261002 1.39134143 -0.70028685 0.00807433 0.01572303 -0.71364271
1778701970.24164200 -1.96452721 2.04862521 1.34803699 -0.70137079 0.01011165 0.01173792 -0.71262823
1778701970.27496457 -1.97927184 2.04434780 1.34632649 -0.70216685 0.01020790 0.00905845 -0.71188163
1778701970.30828667 -1.99928502 2.03460421 1.31914565 -0.70220449 0.01072027 0.00518389 -0.71187573
1778701970.34160852 -2.03005301 2.02670234 1.30208977 -0.70279669 0.01064969 0.00222655 -0.71130755
1778701970.37493110 -2.05334992 2.01311280 1.27904845 -0.70356496 0.01086110 -0.00119382 -0.71054694
1778701970.40825319 -2.06797745 2.00043699 1.25492938 -0.70476714 0.01186816 -0.00464926 -0.70932419
1778701970.44157767 -2.08109571 1.98838273 1.22858606 -0.70574236 0.01298285 -0.00817498 -0.70830244
1778701970.47490358 -2.09314025 1.97716545 1.20058512 -0.70571793 0.01278294 -0.01118494 -0.70828928
1778701970.50822997 -2.10088236 1.96870671 1.17333119 -0.70507383 0.01241972 -0.01351011 -0.70889641
1778701970.54155612 -2.08852959 1.96124132 1.14751887 -0.70489009 0.01366407 -0.01682155 -0.70898539
1778701970.57488227 -2.09517312 1.95133656 1.12110345 -0.70486238 0.01363859 -0.01929195 -0.70895052
1778701970.60820770 -2.10603818 1.94424682 1.08505101 -0.70358633 0.01368044 -0.02233741 -0.71012686
1778701970.64153361 -2.11581525 1.94078807 1.04270420 -0.70174846 0.01441652 -0.02556288 -0.71182006
1778701970.67485905 -2.14535352 1.93514101 1.00133648 -0.69962928 0.01391544 -0.02785246 -0.71382734
1778701970.70818472 -2.15938487 1.92911095 0.96017534 -0.69771953 0.01378791 -0.03179362 -0.71553233
1778701970.74150872 -2.16954963 1.92308920 0.92303273 -0.69611186 0.01324398 -0.03505272 -0.71695480
1778701970.77483392 -2.17492473 1.92116271 0.88809607 -0.69529711 0.01355798 -0.03759747 -0.71761030
1778701970.80815935 -2.17415386 1.92715261 0.86165259 -0.69603370 0.01538433 -0.03881356 -0.71679420
1778701970.84148407 -2.15492272 1.93428716 0.83209737 -0.69640650 0.01846374 -0.04102003 -0.71623630
1778701970.87480903 -2.15179041 1.94122432 0.79540648 -0.69514400 0.02030719 -0.04224460 -0.71734081
1778701970.90813375 -2.15131757 1.94422458 0.75710987 -0.69377287 0.02209400 -0.04395896 -0.71851143
1778701970.94145799 -2.15199014 1.94438391 0.72047358 -0.69328344 0.02469160 -0.04610688 -0.71876460
1778701970.97478247 -2.15213557 1.94445679 0.68485524 -0.69348186 0.02811448 -0.04814619 -0.71831361
1778701971.00810695 -2.15287143 1.94471529 0.65464786 -0.69517104 0.03251793 -0.05010739 -0.71635819
1778701971.04143095 -2.16680022 1.93515582 0.63567242 -0.69795233 0.03478068 -0.05182318 -0.71341937
1778701971.07475519 -2.17031217 1.92566991 0.62076334 -0.70190878 0.03735596 -0.05399099 -0.70923450
1778701971.10807872 -2.16850438 1.91949259 0.60807311 -0.70533208 0.03925427 -0.05608451 -0.70556381
1778701971.14140248 -2.17056987 1.91500880 0.59207134 -0.70708693 0.03996182 -0.05713204 -0.70368108
1778701971.17472529 -2.17314097 1.90965597 0.57719432 -0.70811851 0.03957154 -0.05768340 -0.70262002
1778701971.20804882 -2.17191365 1.90994814 0.56215015 0.70944629 -0.03904319 0.05792086 0.70128936
1778701971.24137211 -2.17139159 1.90854683 0.54818787 0.71039580 -0.03892950 0.05755451 0.70036403
1778701971.27469540 -2.16863875 1.90976178 0.53175708 0.71094869 -0.03938006 0.05665771 0.69985075
1778701971.30801797 -2.17020148 1.91369509 0.51956758 0.71192530 -0.03967779 0.05566976 0.69891982
1778701971.34134102 -2.17164162 1.91288892 0.50393267 0.71281039 -0.03989168 0.05503447 0.69805531
1778701971.37466407 -2.17511576 1.90936174 0.48499049 0.71325886 -0.03987975 0.05474001 0.69762092
1778701971.40798688 -2.18120334 1.89971849 0.46617011 0.71312941 -0.03836235 0.05475231 0.69783734
1778701971.44131112 -2.18600443 1.89038163 0.45399420 0.71366561 -0.03635475 0.05403357 0.69745258
1778701971.47463727 -2.18737886 1.88739127 0.44518604 0.71418709 -0.03456821 0.05226612 0.69714424
1778701971.50796270 -2.18574280 1.88826634 0.43131187 0.71376753 -0.03310717 0.04992509 0.69781611
1778701971.54128861 -2.17710927 1.90020113 0.41611099 0.71345631 -0.03192492 0.04768765 0.69834575
1778701971.57461405 -2.17655710 1.89708148 0.40405943 0.71245470 -0.02906505 0.04540491 0.69964414
1778701971.60793972 -2.17914697 1.89757495 0.39252805 0.71120035 -0.02594451 0.04276535 0.70120758
1778701971.64126372 -2.18250932 1.90010179 0.37742791 0.70974977 -0.02290394 0.04036073 0.70292367
1778701971.67458916 -2.18563210 1.90434139 0.36178308 -0.70833146 0.02046785 -0.03798684 -0.70455987
1778701971.70791435 -2.19021743 1.90560349 0.34793412 -0.70735890 0.01784318 -0.03605835 -0.70570873
1778701971.74123907 -2.19673868 1.90559830 0.33309797 -0.70625735 0.01495930 -0.03440220 -0.70696058
1778701971.77456403 -2.19913030 1.90185983 0.31104322 -0.70463431 0.01184199 -0.03292769 -0.70870729
1778701971.80788851 -2.20697455 1.89311332 0.29742505 -0.70284646 0.00811764 -0.03066777 -0.71063384
1778701971.84121299 -2.20925951 1.88975752 0.29382631 -0.70302566 0.00470818 -0.02826926 -0.71058681
1778701971.87453747 -2.20757393 1.88966761 0.30111802 -0.70518458 0.00213745 -0.02539242 -0.70856571
1778701971.90786171 -2.20395747 1.88908724 0.31505170 -0.70880750 -0.00031322 -0.02228837 -0.70504969
1778701971.94118571 -2.19957097 1.88898030 0.33757271 0.71370746 0.00282770 0.01875293 0.70018711
1778701971.97450972 -2.19585971 1.88856601 0.35868952 0.71809601 0.00545596 0.01509745 0.69575888
1778701972.00783372 -2.19049155 1.89848320 0.36624197 0.72028246 0.00770415 0.01134569 0.69354532
1778701972.04115725 -2.18956656 1.90859594 0.35487363 0.71935023 0.00902063 0.00707635 0.69455295
1778701972.07448006 -2.18318525 1.91821078 0.33809027 0.71817850 0.00913804 0.00447073 0.69578456
1778701972.10780334 -2.18232514 1.92065324 0.32035702 0.71770401 0.00963403 0.00320528 0.69627427
1778701972.14112639 -2.18439151 1.91730879 0.30655761 0.71849413 0.01056955 0.00324260 0.69544515
1778701972.17444968 -2.18462178 1.91562889 0.28732041 0.71925478 0.01040832 0.00353242 0.69465945
1778701972.20777273 -2.18118526 1.91723322 0.25566672 0.71903177 0.00846279 0.00482336 0.69490894
1778701972.24109578 -2.17489021 1.91759820 0.20707519 0.71693008 0.00591634 0.00735911 0.69708113
1778701972.27441859 -2.17623280 1.91295029 0.15864020 0.71476521 0.00399790 0.01066802 0.69927170
1778701972.30774093 -2.18583489 1.90524370 0.12104526 0.71451392 0.00230309 0.01404584 0.69947642
1778701972.34106350 -2.19135658 1.89136418 0.08584176 0.71528441 0.00126890 0.01883927 0.69857833
1778701972.37438631 -2.19852686 1.87623741 0.04702459 0.71525606 0.00069540 0.02376163 0.69845806
1778701972.40770817 -2.20374690 1.86328974 0.00114195 0.71357999 0.00013237 0.02848382 0.69999447
1778701972.44103193 -2.20488812 1.85348312 -0.05158478 -0.71088889 0.00133809 -0.03338780 -0.70251011
1778701972.47435784 -2.20272181 1.84761953 -0.10322488 -0.70887717 0.00368497 -0.03830346 -0.70428150
1778701972.50768232 -2.19820910 1.84213839 -0.15558983 -0.70739621 0.00684256 -0.04320160 -0.70546254
1778701972.54100800 -2.18905505 1.84450726 -0.21120588 -0.70555970 0.01130166 -0.04762124 -0.70695828
1778701972.57433319 -2.17626351 1.84891644 -0.27135195 -0.70287867 0.01633170 -0.05174150 -0.70923738
1778701972.60765862 -2.16723141 1.84570148 -0.33496295 -0.69891270 0.02064783 -0.05608689 -0.71270539
1778701972.64098334 -2.15898985 1.84141584 -0.39445029 -0.69567018 0.02437090 -0.06088608 -0.71536141
1778701972.67430854 -2.14960914 1.83702902 -0.44333902 -0.69444879 0.02842204 -0.06537455 -0.71600226
1778701972.70763326 -2.13628526 1.84037825 -0.48333736 -0.69544719 0.03366029 -0.06973123 -0.71439327
1778701972.74095798 -2.12818037 1.84620143 -0.50884790 -0.69878947 0.03842157 -0.07426267 -0.71042389
1778701972.77428269 -2.11860454 1.85525742 -0.52491521 -0.70319475 0.04288535 -0.07790484 -0.70541394
1778701972.80760717 -2.11190551 1.85907583 -0.54029827 -0.70667432 0.04556377 -0.08114986 -0.70139151
1778701972.84093118 -2.10566751 1.86227384 -0.55907760 -0.70784377 0.04709214 -0.08311193 -0.69987994
1778701972.87425542 -2.09904450 1.86568455 -0.58237651 -0.70731234 0.04837404 -0.08352540 -0.70028046
1778701972.90757942 -2.09258452 1.86966560 -0.60240497 -0.70699480 0.04954781 -0.08329383 -0.70054657
1778701972.94090319 -2.08810584 1.87058747 -0.62586295 -0.70620564 0.05091674 -0.08207857 -0.70138733
1778701972.97422576 -2.08522852 1.87320288 -0.64004133 -0.70610775 0.05125980 -0.08139461 -0.70154059
1778701973.00754929 -2.08663924 1.87281912 -0.65365034 -0.70627487 0.05075161 -0.08089850 -0.70146669
1778701973.04087281 -2.08866907 1.87425664 -0.66406369 -0.70690128 0.05012136 -0.07984634 -0.70100142
1778701973.07419634 -2.09240618 1.87685750 -0.67147751 -0.70746008 0.04839344 -0.07721105 -0.70085431
1778701973.10751963 -2.09680086 1.87867438 -0.67866717 -0.70694823 0.04622987 -0.07397610 -0.70186504
1778701973.14084244 -2.10077846 1.87975732 -0.68672191 -0.70579143 0.04398387 -0.06968143 -0.70361095
1778701973.17416525 -2.10131062 1.88826070 -0.69077395 -0.70500484 0.04225278 -0.06409289 -0.70503544
1778701973.20748806 -2.10209302 1.90070619 -0.68898816 -0.70471699 0.04051040 -0.05732457 -0.70600763
1778701973.24081087 -2.10147117 1.91612773 -0.68549768 -0.70434488 0.03871898 -0.04937754 -0.70707919
1778701973.27413344 -2.09249422 1.93119061 -0.67704940 -0.70404868 0.03707827 -0.04141829 -0.70797258
1778701973.30745554 -2.11151081 1.94066196 -0.66352121 -0.70319679 0.03148528 -0.03074332 -0.70963215
1778701973.34077811 -2.12810026 1.94731995 -0.64317139 -0.70217210 0.02409022 -0.02093742 -0.71129152
1778701973.37409997 -2.14630220 1.95321373 -0.62177582 -0.70085039 0.01586716 -0.01099147 -0.71304708
1778701973.40742111 -2.15952939 1.96488410 -0.59298634 -0.70076168 0.00858774 -0.00058334 -0.71334352
1778701973.44074559 -2.17758853 1.97329676 -0.55792021 -0.70193716 0.00068709 0.00878985 -0.71218430
1778701973.47407198 -2.19976420 1.97045401 -0.51974457 -0.70282863 -0.00890371 0.01629772 -0.71111675
1778701973.50739837 -2.22906948 1.95678399 -0.50109248 -0.70217299 -0.01963621 0.02228468 -0.71138661
1778701973.54072404 -2.25816996 1.94117977 -0.47589484 -0.70102879 -0.03019075 0.02809368 -0.71193953
1778701973.57405043 -2.28270905 1.93043820 -0.44164114 -0.70127365 -0.04015844 0.03419636 -0.71093823
1778701973.60737658 -2.30201399 1.92725828 -0.39752379 -0.70323514 -0.04959871 0.04088135 -0.70804591
1778701973.64070201 -2.31672244 1.92694892 -0.35290022 -0.70523590 -0.05837700 0.04794586 -0.70493663
1778701973.67402792 -2.32710006 1.92684540 -0.32310708 -0.70507308 -0.06564471 0.05465747 -0.70397108
1778701973.70735312 -2.34096846 1.92395630 -0.30692059 -0.70345040 -0.07294219 0.06077412 -0.70437453
1778701973.74067879 -2.35566471 1.91383754 -0.29612379 -0.70193733 -0.07967725 0.06453195 -0.70481994
1778701973.77400374 -2.37008863 1.90321921 -0.28690430 -0.70090416 -0.08589357 0.06747356 -0.70484252
1778701973.80732918 -2.38184440 1.89316592 -0.28024459 -0.69995651 -0.09125036 0.07028398 -0.70483645
1778701973.84065390 -2.39003810 1.88679116 -0.27546336 -0.69939115 -0.09564161 0.07305604 -0.70453354
1778701973.87397790 -2.39368914 1.88215535 -0.27395997 -0.69923640 -0.09896991 0.07554251 -0.70396501
1778701973.90730262 -2.38667324 1.88360034 -0.28131132 -0.69941094 -0.10067926 0.07674823 -0.70341860
1778701973.94062710 -2.39906574 1.87288494 -0.29524122 -0.69900962 -0.10336539 0.07778915 -0.70331358
1778701973.97395134 -2.40092854 1.86524747 -0.31485567 -0.69938405 -0.10381763 0.07631191 -0.70303651
1778701974.00727582 -2.40530164 1.85372979 -0.34410344 -0.69926875 -0.10372886 0.07373605 -0.70343907
1778701974.04060006 -2.40509160 1.83958053 -0.38363109 -0.69799571 -0.10288703 0.07040914 -0.70516579
1778701974.07392430 -2.40179969 1.82532466 -0.43122181 -0.69649309 -0.10090102 0.06644972 -0.70731944
1778701974.10724831 -2.40896524 1.80544817 -0.47842975 -0.69493086 -0.09953407 0.06238437 -0.70941684
1778701974.14057207 -2.39986507 1.80030801 -0.52835383 -0.69397628 -0.09673300 0.05750467 -0.71114898
1778701974.17389584 -2.39011573 1.78695154 -0.58466408 -0.69176769 -0.09326885 0.05323689 -0.71408978
1778701974.20721912 -2.38074972 1.77931314 -0.64038415 -0.69006605 -0.08982109 0.04916413 -0.71646626
1778701974.24054265 -2.36331796 1.78325836 -0.70373143 -0.68850912 -0.08412855 0.04562478 -0.71888522
1778701974.27386594 -2.34227645 1.78728601 -0.77819602 -0.68506586 -0.07737995 0.04251428 -0.72311109
1778701974.30718803 -2.31992459 1.78979766 -0.85259181 -0.68155487 -0.07080430 0.03924272 -0.72727554
1778701974.34051108 -2.28333373 1.79895875 -0.92523277 -0.67943868 -0.06221922 0.03552630 -0.73022581
1778701974.37383389 -2.25254252 1.81292795 -0.98737207 -0.67836257 -0.05419239 0.03324182 -0.73197157
1778701974.40715671 -2.22454678 1.82206696 -1.04570483 -0.67698085 -0.04734550 0.03119414 -0.73381351
1778701974.44048166 -2.20043434 1.82695433 -1.09715467 -0.67590691 -0.04158078 0.02908793 -0.73523791
1778701974.47380805 -2.18467159 1.82900095 -1.13559361 -0.67674948 -0.03761514 0.02590554 -0.73479531
1778701974.50713444 -2.17606799 1.83224222 -1.15839517 -0.67956979 -0.03564016 0.02252768 -0.73239824
1778701974.54046035 -2.15911676 1.83387016 -1.17866003 -0.68270209 -0.03393106 0.01960500 -0.72964525
1778701974.57378650 -2.14560145 1.84671048 -1.19041260 -0.68590739 -0.03249460 0.01781602 -0.72674462
1778701974.60711265 -2.14364044 1.85177803 -1.19883386 -0.68784993 -0.03247152 0.01817436 -0.72489846
1778701974.64043808 -2.14320410 1.85835256 -1.20250723 -0.68949654 -0.03322216 0.01956916 -0.72326196
1778701974.67376399 -2.14783918 1.86196257 -1.20094282 -0.69104093 -0.03530015 0.02151165 -0.72163258
1778701974.70708919 -2.16035913 1.86283528 -1.19144187 -0.69268774 -0.03920941 0.02389514 -0.71977450
1778701974.74041390 -2.17559839 1.86583552 -1.17340817 -0.69456541 -0.04401580 0.02752121 -0.71755424
1778701974.77373886 -2.18791979 1.87580186 -1.15341202 -0.69709937 -0.04948214 0.03143433 -0.71457390
1778701974.80706382 -2.20326511 1.88090282 -1.13008848 -0.69793703 -0.05496706 0.03762215 -0.71305476
1778701974.84038901 -2.21778421 1.88367963 -1.10835342 -0.69776078 -0.06062816 0.04495945 -0.71234315
1778701974.87371373 -2.23934769 1.88323449 -1.08144366 -0.69694112 -0.06746000 0.05295091 -0.71198204
1778701974.90703821 -2.26134693 1.88342232 -1.05209270 -0.69631540 -0.07450792 0.06117180 -0.71123234
1778701974.94036293 -2.27888150 1.88771235 -1.02423031 -0.69544078 -0.08089730 0.07008872 -0.71056690
1778701974.97368741 -2.30463048 1.88654985 -0.99162091 -0.69357672 -0.08765768 0.07980746 -0.71056191
1778701975.00701165 -2.32124865 1.90728350 -0.95766315 -0.69339279 -0.09461643 0.08812190 -0.70886437
1778701975.04033589 -2.34139998 1.90805396 -0.93261440 -0.69111777 -0.10139468 0.09707309 -0.70897966
1778701975.07365990 -2.36190157 1.90549873 -0.91125650 -0.68805691 -0.10859351 0.10552571 -0.70968265
1778701975.10698414 -2.38918665 1.89659714 -0.89439459 -0.68353182 -0.11635567 0.11361549 -0.71157370
1778701975.14030790 -2.41308978 1.88314051 -0.88667377 -0.67800243 -0.12372671 0.12068549 -0.71445043
1778701975.17363167 -2.43697233 1.87095667 -0.87985454 -0.67318394 -0.13045765 0.12671773 -0.71676133
1778701975.20695376 -2.48001642 1.87276720 -0.84712065 -0.67070802 -0.13874667 0.13191570 -0.71658799
1778701975.24027705 -2.50561413 1.85871481 -0.83324016 -0.66854730 -0.14566107 0.13550415 -0.71656541
1778701975.27360034 -2.53193203 1.84275356 -0.81617474 -0.66673170 -0.15301327 0.13874640 -0.71610420
1778701975.30692363 -2.55660215 1.83073454 -0.79198190 -0.66562237 -0.16059998 0.14203580 -0.71482889
1778701975.34024692 -2.57842146 1.81480963 -0.76534860 -0.66469099 -0.16789101 0.14615496 -0.71318807
1778701975.37356949 -2.61023640 1.82507853 -0.71233471 -0.66653175 -0.17625244 0.15176724 -0.70826352
1778701975.40689206 -2.62753725 1.82742696 -0.66613943 -0.66825562 -0.18349135 0.15674115 -0.70370275
1778701975.44024086 -2.64456614 1.82895461 -0.62508759 -0.66903066 -0.19063935 0.16169497 -0.69993525
1778701975.47361040 -2.66391300 1.81941859 -0.58847635 -0.66763558 -0.19825027 0.16676750 -0.69796000
1778701975.50697970 -2.67728782 1.80945966 -0.56237887 -0.66552942 -0.20563528 0.17112142 -0.69677987
1778701975.54035044 -2.70895374 1.80001019 -0.52293112 -0.66290081 -0.21446525 0.17776911 -0.69495706
1778701975.57372069 -2.72520352 1.79356681 -0.48487592 -0.66088428 -0.22151590 0.18385536 -0.69308000
1778701975.60709214 -2.73945960 1.78470445 -0.45226334 -0.65877261 -0.22834722 0.18929273 -0.69140759
1778701975.64046240 -2.74784310 1.78355529 -0.42492995 -0.65741931 -0.23336145 0.19457124 -0.68955371
1778701975.67383432 -2.75317703 1.78441790 -0.40599684 -0.65667478 -0.23700927 0.19908259 -0.68772884
1778701975.70720673 -2.75270119 1.78258287 -0.40890072 -0.65671156 -0.23932491 0.20208932 -0.68601270
1778701975.74057961 -2.75746587 1.78452748 -0.39757958 -0.65673962 -0.24177806 0.20509343 -0.68423178
1778701975.77395320 -2.76232577 1.78166071 -0.39322872 -0.65630850 -0.24400826 0.20742179 -0.68315103
1778701975.80732656 -2.76667853 1.77808040 -0.39576502 -0.65582341 -0.24562463 0.20922365 -0.68248785
1778701975.84070086 -2.76128191 1.76839976 -0.40934203 -0.65469701 -0.24611127 0.21016354 -0.68310494
1778701975.87407541 -2.75911546 1.75483027 -0.43525346 -0.65347832 -0.24670435 0.21063613 -0.68391189
1778701975.90745044 -2.76080439 1.74802624 -0.45097089 -0.65227430 -0.24699149 0.21169496 -0.68463032
1778701975.94082570 -2.76388199 1.73903988 -0.46720536 -0.65119572 -0.24769490 0.21183733 -0.68535853
1778701975.97420168 -2.76653733 1.73050258 -0.48168733 -0.65014348 -0.24856939 0.21216315 -0.68593988
1778701976.00757813 -2.77000774 1.72173900 -0.49292256 -0.64939522 -0.25012690 0.21221249 -0.68606723
1778701976.04095507 -2.76268932 1.72640594 -0.50496668 -0.65107027 -0.25098587 0.21207746 -0.68420519
1778701976.07433128 -2.75832844 1.73777859 -0.50996324 -0.65198825 -0.25090936 0.21382661 -0.68281329
1778701976.10770845 -2.75146297 1.74974136 -0.52331082 -0.65170580 -0.24975667 0.21638908 -0.68269827
1778701976.14108658 -2.74786886 1.75646105 -0.54065255 -0.65011656 -0.24868078 0.21923502 -0.68369754
1778701976.17446542 -2.73662367 1.75987669 -0.56841826 -0.64857459 -0.24746652 0.22117290 -0.68497728
1778701976.20784426 -2.73615865 1.76182148 -0.57885771 -0.64714704 -0.24762317 0.22341807 -0.68554201
1778701976.24122357 -2.73584133 1.76650813 -0.58026735 -0.64759402 -0.24843616 0.22503227 -0.68429668
1778701976.27460337 -2.73550316 1.77558056 -0.57033937 -0.64934408 -0.25001263 0.22640738 -0.68160520
1778701976.30798364 -2.73736102 1.78616672 -0.55898192 -0.65054318 -0.25174764 0.22859712 -0.67908767
1778701976.34136438 -2.73131615 1.79805871 -0.55908984 -0.65033906 -0.25272662 0.23165810 -0.67788117
1778701976.37474537 -2.72808605 1.80722595 -0.55590011 -0.64885347 -0.25370010 0.23581396 -0.67750809
1778701976.40812707 -2.72804975 1.81639916 -0.54689491 -0.64758278 -0.25523389 0.24017462 -0.67661537
1778701976.44149327 -2.73454780 1.81898676 -0.53014641 -0.64599591 -0.25818611 0.24437282 -0.67550806
1778701976.47490597 -2.74330515 1.81572960 -0.49939886 -0.64465260 -0.26158377 0.24868848 -0.67390726
1778701976.50831795 -2.74576657 1.82755680 -0.48290824 -0.64487275 -0.26598969 0.25197606 -0.67074339
1778701976.54173136 -2.75405222 1.83393796 -0.44752067 -0.64448735 -0.27099537 0.25643007 -0.66741380
1778701976.57514524 -2.76095782 1.84261178 -0.40545440 -0.64394890 -0.27635428 0.26200440 -0.66355997
1778701976.60855961 -2.77065924 1.84788573 -0.35441075 -0.64258028 -0.28327326 0.26825069 -0.65946070
1778701976.64197469 -2.78223364 1.84967979 -0.29666117 -0.64022614 -0.29118552 0.27554918 -0.65528172
1778701976.67538977 -2.79293287 1.84440608 -0.23822681 -0.63627685 -0.29975718 0.28347598 -0.65187328
1778701976.70880532 -2.80509813 1.84074165 -0.16520501 -0.63146316 -0.30978455 0.29279618 -0.64773313
1778701976.74222136 -2.81410593 1.84070592 -0.08205973 -0.62617713 -0.32061839 0.30325303 -0.64276251
1778701976.77563787 -2.81849144 1.84468414 0.00506672 -0.61985349 -0.33129126 0.31525354 -0.63768563
1778701976.80905509 -2.81811156 1.84770014 0.10070520 -0.61162714 -0.34122523 0.32904266 -0.63341023
1778701976.84247231 -2.82924947 1.86002295 0.18386731 0.60207379 0.35169257 -0.34421060 0.62875953
1778701976.87589025 -2.81967982 1.87566355 0.26557302 0.59280024 0.36026828 -0.35884521 0.62451963
1778701976.90930867 -2.80835708 1.89261907 0.34920035 0.58498971 0.36895619 -0.37214290 0.61900568
1778701976.94272757 -2.79915555 1.90339775 0.43473710 0.57763245 0.37846368 -0.38392247 0.61295150
1778701976.97614551 -2.79235050 1.90759745 0.52460583 0.56996150 0.38903929 -0.39470870 0.60662786
1778701977.00956511 -2.78018609 1.90626326 0.63293250 0.56148529 0.39959195 -0.40610558 0.60011566
1778701977.04298544 -2.79310675 1.91200033 0.74021255 0.55235510 0.41161119 -0.41873234 0.59172907
1778701977.07640553 -2.76344091 1.92527613 0.83830664 0.54457571 0.42145402 -0.43074397 0.58332961
1778701977.10982656 -2.73149791 1.94203840 0.93066565 0.53530210 0.43067763 -0.44366187 0.57544121
1778701977.14324832 -2.70155474 1.96176838 1.01954987 0.52360171 0.43973795 -0.45738608 0.56856816
1778701977.17666984 -2.66697272 1.97333937 1.11052636 0.51017754 0.44957656 -0.47081338 0.56208055
1778701977.21009207 -2.65945716 1.96903123 1.24614101 0.49600986 0.46157942 -0.48375130 0.55398858
1778701977.24351501 -2.61080774 1.97806914 1.34455293 0.48590169 0.47122852 -0.49496745 0.54483983
1778701977.27693820 -2.56291556 1.98651464 1.43761062 0.47502658 0.48062264 -0.50581734 0.53619068
1778701977.31036162 -2.51189413 2.00479600 1.51380015 0.46375841 0.48773947 -0.51728200 0.52863757
1778701977.34378576 -2.45722511 2.03059218 1.57781592 0.45496265 0.49288078 -0.52817205 0.52068398
1778701977.37720990 -2.40848087 2.05074015 1.65632351 0.44673233 0.49866652 -0.53793053 0.51224278
1778701977.41063404 -2.35979336 2.06373117 1.71569683 0.44073696 0.50381207 -0.54547904 0.50435795
1778701977.44404864 -2.35064264 2.06109426 1.82425153 0.43533899 0.51275971 -0.55112323 0.49378197
1778701977.47737408 -2.30233431 2.05284880 1.89644201 0.43367870 0.51999840 -0.55430911 0.48401020
1778701977.51069999 -2.25861614 2.04702602 1.95709761 0.43422188 0.52552005 -0.55662569 0.47481352
1778701977.54402494 -2.22290375 2.03767961 2.00940008 0.43524405 0.53054364 -0.55764807 0.46702751
1778701977.57735062 -2.19226802 2.02832716 2.05178932 0.43531968 0.53481940 -0.55852061 0.46099861
1778701977.61067557 -2.20084142 2.02068023 2.10333237 0.43307638 0.53866660 -0.56056081 0.45613016
1778701977.64400029 -2.17986945 2.03143802 2.11789160 0.43192228 0.53903449 -0.56316016 0.45358086
1778701977.67732549 -2.16015276 2.04071225 2.13202215 0.43006094 0.53936735 -0.56569304 0.45179844
1778701977.71064997 -2.14350430 2.04482082 2.14547470 0.42863594 0.53988283 -0.56742800 0.45035900
1778701977.74397445 -2.12129902 2.05216569 2.16808281 0.42750738 0.54033577 -0.56924360 0.44859381
1778701977.77729917 -2.13398428 2.05568942 2.19043727 0.42374152 0.54178645 -0.57192654 0.44700180
1778701977.81062317 -2.12028643 2.07855628 2.18657777 0.42076881 0.53988958 -0.57562896 0.44735238
1778701977.84394598 -2.09797679 2.11599934 2.17853055 0.41910267 0.53619806 -0.58041737 0.44716917
1778701977.87727022 -2.07784101 2.15636769 2.16493717 0.41775997 0.53167992 -0.58524985 0.44752172
1778701977.91059422 -2.05672439 2.18779724 2.16928672 0.41665005 0.52837260 -0.58867419 0.44798196
1778701977.94391799 -2.06693011 2.20979319 2.16711600 0.41627485 0.52591370 -0.59168957 0.44725102
1778701977.97724152 -2.05537163 2.23678931 2.15324684 0.41802925 0.52202567 -0.59422971 0.44680175
1778701978.01056504 -2.04684992 2.25278420 2.14900709 0.41916729 0.51933140 -0.59583133 0.44674233
1778701978.04388833 -2.04362527 2.25261436 2.15306990 0.42112900 0.51859495 -0.59524811 0.44653032
1778701978.07721114 -2.04087829 2.25270029 2.15671992 0.42362450 0.51779067 -0.59446903 0.44614087
1778701978.11053419 -2.00837476 2.25531245 2.15894767 0.42618645 0.51458623 -0.59334157 0.44890077
1778701978.14385724 -2.01645326 2.25796377 2.15124296 0.42677884 0.51296894 -0.59264322 0.45110610
1778701978.17718005 -2.04563721 2.26819422 2.14107595 0.42577534 0.51145559 -0.59335764 0.45283027
1778701978.21050286 -2.05656070 2.28258734 2.11480170 0.42450563 0.50781914 -0.59454981 0.45653609
1778701978.24382520 -2.06893087 2.29825269 2.08806020 0.42222427 0.50452731 -0.59603274 0.46035185
1778701978.27714777 -2.08040885 2.31398347 2.06536038 0.41941280 0.50176205 -0.59767186 0.46380610
1778701978.31046867 -2.09271991 2.32164201 2.04544585 0.41650726 0.50001889 -0.59877827 0.46686979
1778701978.34379101 -2.10830709 2.31365167 2.04180724 0.41395890 0.50079683 -0.59815909 0.46909090
1778701978.37711287 -2.12613372 2.29416067 2.05072866 0.41264269 0.50323783 -0.59616441 0.47017623
1778701978.41043472 -2.08717007 2.27358072 2.03617480 0.41486671 0.50350493 -0.59250072 0.47255825
1778701978.44375682 -2.10287315 2.25034658 2.05452370 0.41484833 0.50704712 -0.58994197 0.47198788
1778701978.47708249 -2.13724152 2.24200658 2.13260021 0.41355093 0.51195726 -0.58902807 0.46895769
1778701978.51040840 -2.13367461 2.23265150 2.15192807 0.41299732 0.51432739 -0.58866834 0.46730090
1778701978.54373360 -2.12539815 2.21923129 2.17820585 0.41266738 0.51746864 -0.58811381 0.46481608
1778701978.57705927 -2.11432349 2.20439967 2.20903821 0.41280977 0.52113091 -0.58761417 0.46121606
1778701978.61038423 -2.09329732 2.19585434 2.23196416 0.41358948 0.52337301 -0.58736173 0.45829100
1778701978.64370966 -2.07956100 2.19288238 2.25391823 0.41315160 0.52532206 -0.58812089 0.45547373
1778701978.67703462 -2.06743805 2.18770177 2.27585719 0.41313767 0.52736974 -0.58853383 0.45257746
1778701978.71035910 -2.06276335 2.18839276 2.27599592 0.41300193 0.52849594 -0.58934456 0.45032704
1778701978.74368286 -2.05501135 2.19281021 2.28917987 0.41290926 0.52905253 -0.59037232 0.44840817
1778701978.77700758 -2.03920568 2.20730782 2.31401726 0.41276434 0.52831141 -0.59256143 0.44652392
1778701978.81033206 -2.02494482 2.24155658 2.30811088 0.41145656 0.52542055 -0.59699268 0.44523757
1778701978.84365606 -2.01265550 2.28463721 2.28378831 0.40823843 0.52218684 -0.60271378 0.44429538
1778701978.87698030 -1.98815799 2.32506400 2.29616877 0.40511511 0.51930587 -0.60827662 0.44294775
1778701978.91030431 -1.97264976 2.35841160 2.28601336 0.40217171 0.51779942 -0.61343122 0.44027697
1778701978.94362807 -1.95334846 2.40342074 2.28698383 0.39793540 0.51266114 -0.62052518 0.44019823
1778701978.97695184 -1.93483872 2.46235396 2.26320638 0.39408067 0.50690332 -0.62787708 0.43990888
1778701979.01027536 -1.91752887 2.51103964 2.24461468 0.39015651 0.50228046 -0.63440193 0.43934774
1778701979.04359889 -1.90405271 2.54351264 2.23704089 0.38733451 0.49931765 -0.63911978 0.43838312
1778701979.07692218 -1.89786274 2.55675265 2.24452552 0.38525538 0.49933472 -0.64151651 0.43669178
1778701979.11024547 -1.89942489 2.54837826 2.28319263 0.38300502 0.50401521 -0.64149730 0.43330939
1778701979.14356852 -1.91264454 2.51820253 2.32633526 0.38073052 0.50934809 -0.64033748 0.43078614
1778701979.17689037 -1.91210007 2.49808519 2.35665051 0.37820337 0.51383725 -0.63975580 0.42853938
1778701979.21021318 -1.91111346 2.48312257 2.38163346 0.37546179 0.51764279 -0.63963825 0.42654108
1778701979.24353600 -1.90750710 2.45986164 2.41740558 0.37352077 0.52280624 -0.63847955 0.42367409
1778701979.27685833 -1.91060584 2.43401382 2.45777116 0.37042522 0.52771755 -0.63780427 0.42131349
1778701979.31018066 -1.91447567 2.42041040 2.47623907 0.36792162 0.53047770 -0.63765443 0.42026648
1778701979.34350324 -1.91838061 2.41779536 2.48307372 0.36519200 0.53158796 -0.63845412 0.42003020
1778701979.37682486 -1.93556041 2.41472138 2.49985819 0.36218241 0.53261068 -0.63966345 0.41950021
1778701979.41014719 -1.93809492 2.40301675 2.51504912 0.36013601 0.53446105 -0.63969755 0.41885617
1778701979.44346952 -1.93745006 2.38629301 2.53847779 0.35900620 0.53745358 -0.63892215 0.41717706
1778701979.47679591 -1.93263383 2.37603120 2.55770835 0.35695740 0.53964502 -0.63934458 0.41545538
1778701979.51012206 -1.92334818 2.37546002 2.57325761 0.35438959 0.54116002 -0.64059503 0.41375338
1778701979.54344869 -1.93006815 2.37474132 2.59588049 0.35221220 0.54313833 -0.64142800 0.41172496
1778701979.57677460 -1.91740131 2.37707126 2.60979818 0.35149505 0.54414064 -0.64236384 0.40954963
1778701979.61010051 -1.90506560 2.38384776 2.62179191 0.35144017 0.54458591 -0.64379525 0.40674768
1778701979.67675090 -1.86377194 2.41768443 2.62445149 0.35201986 0.54290081 -0.64783887 0.40205165
1778701979.71007681 -1.85754913 2.44181057 2.62599487 0.35167340 0.54073404 -0.65117226 0.39988399
1778701979.74340200 -1.84637517 2.45754817 2.62709236 0.35202155 0.53942630 -0.65311136 0.39817792
1778701979.77672744 -1.83605458 2.46220532 2.63678045 0.35392023 0.53913989 -0.65388173 0.39561006
1778701979.81005239 -1.82621183 2.46225565 2.64690815 0.35598973 0.53910102 -0.65433200 0.39305348
1778701979.84337783 -1.80590815 2.47166856 2.65714417 0.35696274 0.53864248 -0.65607104 0.38988803
1778701979.87670255 -1.78279101 2.48413434 2.66414484 0.35710304 0.53806887 -0.65822402 0.38691142
1778701979.91002727 -1.75965833 2.49451279 2.67305865 0.35547752 0.53800804 -0.66053800 0.38454212
1778701979.94335222 -1.73612465 2.50526606 2.67986408 0.35196334 0.53805411 -0.66328634 0.38297626
1778701979.97667646 -1.71637413 2.51696685 2.68619276 0.34742015 0.53816427 -0.66601367 0.38223587
1778701980.01000094 -1.69721049 2.52272069 2.69459521 0.34291123 0.53882807 -0.66825203 0.38146484
1778701980.04332519 -1.70251782 2.52709284 2.70792685 0.33806382 0.54174945 -0.66958222 0.37931522
1778701980.07664847 -1.67657565 2.52382992 2.73159658 0.33503726 0.54371976 -0.67038620 0.37775813
1778701980.10997248 -1.65643295 2.51891857 2.75238366 0.33230044 0.54499629 -0.67128633 0.37673615
1778701980.14329648 -1.63675558 2.51923220 2.76748584 0.32887728 0.54629030 -0.67234115 0.37598406
1778701980.17661977 -1.61721567 2.51460549 2.78759949 0.32700546 0.54807275 -0.67237322 0.37496392
1778701980.20994377 -1.59885497 2.51151432 2.80724086 0.32495222 0.54955238 -0.67261194 0.37415425
1778701980.24326730 -1.57530782 2.52286846 2.81836838 0.32298823 0.54932492 -0.67420440 0.37332179
1778701980.27659035 -1.55175858 2.54010178 2.82497144 0.32205743 0.54804207 -0.67604652 0.37267949
1778701980.30991364 -1.55015904 2.55016810 2.76933530 0.32183632 0.54770348 -0.67747425 0.37077070
1778701980.34323692 -1.56156079 2.54601271 2.76538283 0.32124980 0.54737685 -0.67833934 0.37017954
1778701980.37655973 -1.55661896 2.56462736 2.74876590 0.32251234 0.54445804 -0.67977513 0.37075195
1778701980.40988278 -1.55188246 2.59399947 2.72468318 0.32345054 0.54011308 -0.68217465 0.37188083
1778701980.44320655 -1.55048888 2.61849479 2.70232071 0.32468366 0.53611627 -0.68401847 0.37320048
1778701980.47653294 -1.55287998 2.63166311 2.68754296 0.32657977 0.53327853 -0.68467080 0.37441363
1778701980.50985909 -1.54822058 2.62609875 2.68960313 0.32902756 0.53284612 -0.68419628 0.37375303
1778701980.54318452 -1.52927795 2.60759919 2.71108306 0.33192830 0.53501581 -0.68279664 0.37063518
1778701980.57651067 -1.52483622 2.59498679 2.71809555 0.33260309 0.53597655 -0.68187723 0.37033467
1778701980.60983658 -1.53240090 2.60185361 2.70107566 0.33198517 0.53414413 -0.68221096 0.37291299
1778701980.64316249 -1.53337272 2.61737918 2.67669920 0.33388428 0.53296678 -0.68045044 0.37610490
1778701980.67648864 -1.56702845 2.58798139 2.67930075 0.33366869 0.53511117 -0.67738022 0.37878394
1778701980.70981407 -1.59076102 2.55949553 2.68220035 0.33353574 0.53707151 -0.67416151 0.38185647
1778701980.74313974 -1.61228158 2.53832056 2.68043586 0.33304501 0.53836694 -0.67163892 0.38489377
1778701980.77646494 -1.63147986 2.52288302 2.67104442 0.33304882 0.53868106 -0.66940405 0.38832901
1778701980.80979037 -1.64661653 2.51601996 2.65676470 0.33310645 0.53806338 -0.66805642 0.39144413
1778701980.84311533 -1.64586306 2.51754066 2.64488995 0.33243387 0.53719196 -0.66810743 0.39312209
1778701980.87644053 -1.63818259 2.52498176 2.62966174 0.33065119 0.53585946 -0.66905191 0.39483411
1778701980.90976524 -1.63439194 2.52661727 2.61799053 0.32805549 0.53547244 -0.66940599 0.39691873
1778701980.94308996 -1.59870035 2.54445343 2.60366293 0.32811091 0.53475009 -0.66871745 0.39900193
1778701980.97641325 -1.59203740 2.54724120 2.59238797 0.32555754 0.53424097 -0.66932399 0.40075462
1778701981.00973773 -1.58813564 2.55105961 2.58244057 0.32374445 0.53332590 -0.66986933 0.40252715
1778701981.04306221 -1.57964812 2.55786104 2.57299698 0.32316099 0.53243623 -0.67042085 0.40325491
1778701981.07638645 -1.56390744 2.55490748 2.57476044 0.32230484 0.53308921 -0.67039947 0.40311293
1778701981.10971045 -1.52907125 2.54927164 2.59018615 0.31883282 0.53572575 -0.67130352 0.40086798
1778701981.14303446 -1.45745394 2.56972080 2.60117168 0.31529051 0.53675134 -0.67571861 0.39483447
1778701981.17635822 -1.38326038 2.61187361 2.59250134 0.31527987 0.53335550 -0.68232659 0.38802183
1778701981.20968199 -1.32854277 2.64910634 2.57640839 0.31572336 0.52967304 -0.68758373 0.38339776
1778701981.24300528 -1.29648571 2.66644406 2.56708814 0.31644647 0.52782530 -0.69005961 0.38089343
1778701981.27632880 -1.28907810 2.66311069 2.56318298 0.31841388 0.52744577 -0.68960186 0.38060850
1778701981.30965209 -1.30303044 2.64070206 2.56845061 0.32199816 0.52884155 -0.68624136 0.38172842
1778701981.34297562 -1.32959313 2.59995060 2.58360778 0.32646392 0.53218117 -0.68049215 0.38358174
1778701981.37629867 -1.36505907 2.54895506 2.60048533 0.33178159 0.53612013 -0.67340830 0.38602777
1778701981.40962005 -1.38165835 2.50926794 2.61362364 0.33757401 0.53926568 -0.66637721 0.38881580
1778701981.44294429 -1.40604144 2.47812475 2.61696035 0.34047248 0.54111185 -0.66211688 0.39099577
1778701981.47627044 -1.41928286 2.45635364 2.61744554 0.34321584 0.54256758 -0.65879793 0.39218440
1778701981.50959682 -1.43029249 2.43104234 2.62409046 0.34583477 0.54459651 -0.65535781 0.39283469
1778701981.54292250 -1.43852720 2.40863751 2.63018606 0.34788454 0.54650134 -0.65245014 0.39321933
1778701981.57624865 -1.44513874 2.39374210 2.62981579 0.34912113 0.54767291 -0.65045135 0.39380434
1778701981.60957456 -1.45062712 2.38379619 2.62688948 0.34960339 0.54837987 -0.64918701 0.39447841
1778701981.64289975 -1.45213042 2.38065825 2.62137256 0.34974603 0.54835968 -0.64882531 0.39497479
1778701981.67622542 -1.44054565 2.38497714 2.61604083 0.35005619 0.54811714 -0.64863812 0.39534397
1778701981.70955062 -1.44308539 2.37438427 2.61398076 0.34908384 0.54922207 -0.64883215 0.39435064
1778701981.74287605 -1.42696306 2.37218947 2.61781248 0.34878876 0.55038936 -0.64838292 0.39372267
1778701981.77620077 -1.41364464 2.36898282 2.61924307 0.34730228 0.55156933 -0.64896654 0.39242173
1778701981.80952597 -1.40247425 2.35508549 2.62764558 0.34509513 0.55438641 -0.64846378 0.39122856
1778701981.84284949 -1.39466374 2.33591172 2.63763079 0.34369546 0.55739312 -0.64730076 0.39011290
1778701981.87617397 -1.38385890 2.33448144 2.63531702 0.34254646 0.55796914 -0.64797378 0.38918163
1778701981.90949845 -1.36919983 2.34399346 2.62347283 0.34114529 0.55720217 -0.64988313 0.38832660
1778701981.94282269 -1.34938413 2.35783185 2.61065303 0.33963314 0.55614913 -0.65236548 0.38699710
1778701981.97614694 -1.33180655 2.37367331 2.58965980 0.33671401 0.55586201 -0.65514057 0.38526865
1778701982.00947142 -1.30214079 2.39338049 2.57626615 0.33372571 0.55468766 -0.65894745 0.38306266
1778701982.04279542 -1.26590826 2.41195910 2.56131212 0.33108946 0.55326197 -0.66308758 0.38025759
1778701982.07611918 -1.23321490 2.42714555 2.54802700 0.32824190 0.55257827 -0.66675891 0.37728911
1778701982.10944295 -1.19972753 2.44340227 2.53275063 0.32536841 0.55163760 -0.67071778 0.37412433
1778701982.14276624 -1.16390017 2.46213845 2.51500203 0.32137721 0.55078618 -0.67492812 0.37124561
1778701982.17608976 -1.13044307 2.48225685 2.49738255 0.31640409 0.55031220 -0.67928058 0.36827005
1778701982.20941305 -1.08509429 2.49956375 2.48604676 0.31284212 0.54981725 -0.68349217 0.36423791
1778701982.24273610 -1.04518830 2.50568462 2.48035939 0.30993309 0.55076543 -0.68644010 0.35972061
1778701982.27605891 -1.00739416 2.51214782 2.47215056 0.30668780 0.55157172 -0.68959673 0.35520076
1778701982.30938101 -0.97270032 2.52777208 2.45758081 0.30203213 0.55191356 -0.69317710 0.35167248
1778701982.34270382 -0.94204732 2.53840094 2.44024397 0.29657739 0.55250243 -0.69641498 0.34898294
1778701982.37602615 -0.91939119 2.54097538 2.42650578 0.29232310 0.55352032 -0.69850915 0.34676711
1778701982.40934873 -0.90291783 2.54414989 2.41002162 0.28857786 0.55410063 -0.70030736 0.34534753
1778701982.44267368 -0.89297191 2.54407897 2.39200330 0.28355377 0.55501195 -0.70179137 0.34503313
1778701982.47599959 -0.88316265 2.54124239 2.37564196 0.27987440 0.55581339 -0.70287575 0.34453949
1778701982.50932574 -0.86446761 2.53986412 2.35668262 0.27878464 0.55622757 -0.70356809 0.34333942
1778701982.54265118 -0.86155853 2.53958065 2.34068143 0.27745384 0.55592095 -0.70438455 0.34323996
1778701982.57597709 -0.85941133 2.54315892 2.32170191 0.27447024 0.55610204 -0.70535666 0.34334908
1778701982.60930228 -0.85675543 2.53904681 2.31342400 0.27142586 0.55780014 -0.70530237 0.34312616
1778701982.64262795 -0.85195324 2.52570092 2.31536331 0.26848783 0.56094371 -0.70417513 0.34262783
1778701982.67595291 -0.84713644 2.51727521 2.31198803 0.26468580 0.56363327 -0.70360226 0.34234898
