1778701933.66548085 -2.20008054 2.18752615 1.94870448 -0.31717937 -0.56195320 0.64376848 -0.41130037
1778701933.66548085 -2.20008054 2.18752615 1.94870448 -0.31717937 -0.56195320 0.64376848 -0.41130037
1778701933.66548085 -2.20008054 2.18752615 1.94870448 -0.31717937 -0.56195320 0.64376848 -0.41130037
1778701933.66548085 -2.20008054 2.18752615 1.94870448 -0.31717937 -0.56195320 0.64376848 -0.41130037
1778701933.66548085 -2.20008054 2.18752615 1.94870448 -0.31717937 -0.56195320 0.64376848 -0.41130037
1778701933.66548085 -2.20008054 2.18752615 1.94870448 -0.31717937 -0.56195320 0.64376848 -0.41130037
1778701933.66548085 -2.20008054 2.18752615 1.94870448 -0.31717937 -0.56195320 0.64376848 -0.41130037
1778701933.66548085 -2.20008054 2.18752615 1.94870448 -0.31717937 -0.56195320 0.64376848 -0.41130037
1778701933.66548085 -2.20008054 2.18752615 1.94870448 -0.31717937 -0.56195320 0.64376848 -0.41130037
1778701933.66548085 -2.20008054 2.18752615 1.94870448 -0.31717937 -0.56195320 0.64376848 -0.41130037
1778701933.66548085 -2.20008054 2.18752615 1.94870448 -0.31717937 -0.56195320 0.64376848 -0.41130037
1778701933.66548085 -2.20008054 2.18752615 1.94870448 -0.31717937 -0.56195320 0.64376848 -0.41130037
1778701933.66548085 -2.20008054 2.18752615 1.94870448 -0.31717937 -0.56195320 0.64376848 -0.41130037
1778701933.66548085 -2.20008054 2.18752615 1.94870448 -0.31717937 -0.56195320 0.64376848 -0.41130037
1778701933.66548085 -2.20008054 2.18752615 1.94870448 -0.31717937 -0.56195320 0.64376848 -0.41130037
1778701933.66548085 -2.20008054 2.18752615 1.94870448 -0.31717937 -0.56195320 0.64376848 -0.41130037
1778701933.66548085 -2.20008054 2.18752615 1.94870448 -0.31717937 -0.56195320 0.64376848 -0.41130037
1778701933.66548085 -2.20008054 2.18752615 1.94870448 -0.31717937 -0.56195320 0.64376848 -0.41130037
1778701933.66548085 -2.20008054 2.18752615 1.94870448 -0.31717937 -0.56195320 0.64376848 -0.41130037
1778701933.66548085 -2.20008054 2.18752615 1.94870448 -0.31717937 -0.56195320 0.64376848 -0.41130037
1778701933.66548085 -2.20008054 2.18752615 1.94870448 -0.31717937 -0.56195320 0.64376848 -0.41130037
1778701933.66548085 -2.20008054 2.18752615 1.94870448 -0.31717937 -0.56195320 0.64376848 -0.41130037
1778701933.66548085 -2.20008054 2.18752615 1.94870448 -0.31717937 -0.56195320 0.64376848 -0.41130037
1778701933.66548085 -2.20008054 2.18752615 1.94870448 -0.31717937 -0.56195320 0.64376848 -0.41130037
1778701933.66548085 -2.20008054 2.18752615 1.94870448 -0.31717937 -0.56195320 0.64376848 -0.41130037
1778701933.66548085 -2.20008054 2.18752615 1.94870448 -0.31717937 -0.56195320 0.64376848 -0.41130037
1778701933.66548085 -2.20008054 2.18752615 1.94870448 -0.31717937 -0.56195320 0.64376848 -0.41130037
1778701933.66548085 -2.20008054 2.18752615 1.94870448 -0.31717937 -0.56195320 0.64376848 -0.41130037
1778701933.66548085 -2.20008054 2.18752615 1.94870448 -0.31717937 -0.56195320 0.64376848 -0.41130037
1778701933.66548085 -2.20008054 2.18752615 1.94870448 -0.31717937 -0.56195320 0.64376848 -0.41130037
1778701933.66548085 -2.20008054 2.18752615 1.94870448 -0.31717937 -0.56195320 0.64376848 -0.41130037
1778701933.66548085 -2.20008054 2.18752615 1.94870448 -0.31717937 -0.56195320 0.64376848 -0.41130037
1778701933.66548085 -2.20008054 2.18752615 1.94870448 -0.31717937 -0.56195320 0.64376848 -0.41130037
1778701933.66548085 -2.20008054 2.18752615 1.94870448 -0.31717937 -0.56195320 0.64376848 -0.41130037
1778701933.66548085 -2.20008054 2.18752615 1.94870448 -0.31717937 -0.56195320 0.64376848 -0.41130037
1778701933.66548085 -2.20008054 2.18752615 1.94870448 -0.31717937 -0.56195320 0.64376848 -0.41130037
1778701933.66548085 -2.20008054 2.18752615 1.94870448 -0.31717937 -0.56195320 0.64376848 -0.41130037
1778701933.66548085 -2.20008054 2.18752615 1.94870448 -0.31717937 -0.56195320 0.64376848 -0.41130037
1778701933.66548085 -2.20008054 2.18752615 1.94870448 -0.31717937 -0.56195320 0.64376848 -0.41130037
1778701933.66548085 -2.20008054 2.18752615 1.94870448 -0.31717937 -0.56195320 0.64376848 -0.41130037
1778701933.66548085 -2.20008054 2.18752615 1.94870448 -0.31717937 -0.56195320 0.64376848 -0.41130037
1778701933.66548085 -2.20008054 2.18752615 1.94870448 -0.31717937 -0.56195320 0.64376848 -0.41130037
1778701933.66548085 -2.20008054 2.18752615 1.94870448 -0.31717937 -0.56195320 0.64376848 -0.41130037
1778701933.66548085 -2.20008054 2.18752615 1.94870448 -0.31717937 -0.56195320 0.64376848 -0.41130037
1778701933.66548085 -2.20008054 2.18752615 1.94870448 -0.31717937 -0.56195320 0.64376848 -0.41130037
1778701933.66548085 -2.20008054 2.18752615 1.94870448 -0.31717937 -0.56195320 0.64376848 -0.41130037
1778701933.66548085 -2.20008054 2.18752615 1.94870448 -0.31717937 -0.56195320 0.64376848 -0.41130037
1778701933.66548085 -2.20008054 2.18752615 1.94870448 -0.31717937 -0.56195320 0.64376848 -0.41130037
1778701933.66548085 -2.20008054 2.18752615 1.94870448 -0.31717937 -0.56195320 0.64376848 -0.41130037
1778701933.66548085 -2.20008054 2.18752615 1.94870448 -0.31717937 -0.56195320 0.64376848 -0.41130037
1778701933.66548085 -2.20008054 2.18752615 1.94870448 -0.31717937 -0.56195320 0.64376848 -0.41130037
1778701933.66548085 -2.20008054 2.18752615 1.94870448 -0.31717937 -0.56195320 0.64376848 -0.41130037
1778701933.66548085 -2.20008054 2.18752615 1.94870448 -0.31717937 -0.56195320 0.64376848 -0.41130037
1778701933.66548085 -2.20008054 2.18752615 1.94870448 -0.31717937 -0.56195320 0.64376848 -0.41130037
1778701933.66548085 -2.20008054 2.18752615 1.94870448 -0.31717937 -0.56195320 0.64376848 -0.41130037
1778701933.66548085 -2.20008054 2.18752615 1.94870448 -0.31717937 -0.56195320 0.64376848 -0.41130037
1778701933.66548085 -2.20008054 2.18752615 1.94870448 -0.31717937 -0.56195320 0.64376848 -0.41130037
1778701933.66548085 -2.20008054 2.18752615 1.94870448 -0.31717937 -0.56195320 0.64376848 -0.41130037
1778701933.66548085 -2.20008054 2.18752615 1.94870448 -0.31717937 -0.56195320 0.64376848 -0.41130037
1778701933.66548085 -2.20008054 2.18752615 1.94870448 -0.31717937 -0.56195320 0.64376848 -0.41130037
1778701933.66548085 -2.20008054 2.18752615 1.94870448 -0.31717937 -0.56195320 0.64376848 -0.41130037
1778701933.66548085 -2.20008054 2.18752615 1.94870448 -0.31717937 -0.56195320 0.64376848 -0.41130037
1778701933.66548085 -2.20008054 2.18752615 1.94870448 -0.31717937 -0.56195320 0.64376848 -0.41130037
1778701933.66548085 -2.20008054 2.18752615 1.94870448 -0.31717937 -0.56195320 0.64376848 -0.41130037
1778701933.66548085 -2.20008054 2.18752615 1.94870448 -0.31717937 -0.56195320 0.64376848 -0.41130037
1778701933.66548085 -2.20008054 2.18752615 1.94870448 -0.31717937 -0.56195320 0.64376848 -0.41130037
1778701933.66548085 -2.20008054 2.18752615 1.94870448 -0.31717937 -0.56195320 0.64376848 -0.41130037
1778701933.66548085 -2.20008054 2.18752615 1.94870448 -0.31717937 -0.56195320 0.64376848 -0.41130037
1778701933.66548085 -2.20008054 2.18752615 1.94870448 -0.31717937 -0.56195320 0.64376848 -0.41130037
1778701933.66548085 -2.20008054 2.18752615 1.94870448 -0.31717937 -0.56195320 0.64376848 -0.41130037
1778701933.66548085 -2.20008054 2.18752615 1.94870448 -0.31717937 -0.56195320 0.64376848 -0.41130037
1778701933.66548085 -2.20008054 2.18752615 1.94870448 -0.31717937 -0.56195320 0.64376848 -0.41130037
1778701933.66548085 -2.20008054 2.18752615 1.94870448 -0.31717937 -0.56195320 0.64376848 -0.41130037
1778701933.66548085 -2.20008054 2.18752615 1.94870448 -0.31717937 -0.56195320 0.64376848 -0.41130037
1778701933.66548085 -2.20008054 2.18752615 1.94870448 -0.31717937 -0.56195320 0.64376848 -0.41130037
1778701933.66548085 -2.20008054 2.18752615 1.94870448 -0.31717937 -0.56195320 0.64376848 -0.41130037
1778701933.66548085 -2.20008054 2.18752615 1.94870448 -0.31717937 -0.56195320 0.64376848 -0.41130037
1778701933.66548085 -2.20008054 2.18752615 1.94870448 -0.31717937 -0.56195320 0.64376848 -0.41130037
1778701933.66548085 -2.20008054 2.18752615 1.94870448 -0.31717937 -0.56195320 0.64376848 -0.41130037
1778701933.66548085 -2.20008054 2.18752615 1.94870448 -0.31717937 -0.56195320 0.64376848 -0.41130037
1778701933.66548085 -2.20008054 2.18752615 1.94870448 -0.31717937 -0.56195320 0.64376848 -0.41130037
1778701933.66548085 -2.20008054 2.18752615 1.94870448 -0.31717937 -0.56195320 0.64376848 -0.41130037
1778701933.66548085 -2.20008054 2.18752615 1.94870448 -0.31717937 -0.56195320 0.64376848 -0.41130037
1778701933.66548085 -2.20008054 2.18752615 1.94870448 -0.31717937 -0.56195320 0.64376848 -0.41130037
1778701933.66548085 -2.20008054 2.18752615 1.94870448 -0.31717937 -0.56195320 0.64376848 -0.41130037
1778701933.66548085 -2.20008054 2.18752615 1.94870448 -0.31717937 -0.56195320 0.64376848 -0.41130037
1778701933.66548085 -2.20008054 2.18752615 1.94870448 -0.31717937 -0.56195320 0.64376848 -0.41130037
1778701933.66548085 -2.20008054 2.18752615 1.94870448 -0.31717937 -0.56195320 0.64376848 -0.41130037
1778701933.66548085 -2.20008054 2.18752615 1.94870448 -0.31717937 -0.56195320 0.64376848 -0.41130037
1778701933.66548085 -2.20008054 2.18752615 1.94870448 -0.31717937 -0.56195320 0.64376848 -0.41130037
1778701933.66548085 -2.20008054 2.18752615 1.94870448 -0.31717937 -0.56195320 0.64376848 -0.41130037
1778701933.66548085 -2.20008054 2.18752615 1.94870448 -0.31717937 -0.56195320 0.64376848 -0.41130037
1778701933.66548085 -2.20008054 2.18752615 1.94870448 -0.31717937 -0.56195320 0.64376848 -0.41130037
1778701933.66548085 -2.20008054 2.18752615 1.94870448 -0.31717937 -0.56195320 0.64376848 -0.41130037
1778701933.66548085 -2.20008054 2.18752615 1.94870448 -0.31717937 -0.56195320 0.64376848 -0.41130037
1778701933.66548085 -2.20008054 2.18752615 1.94870448 -0.31717937 -0.56195320 0.64376848 -0.41130037
1778701933.66548085 -2.20008054 2.18752615 1.94870448 -0.31717937 -0.56195320 0.64376848 -0.41130037
1778701933.66548085 -2.20008054 2.18752615 1.94870448 -0.31717937 -0.56195320 0.64376848 -0.41130037
1778701933.66548085 -2.20008054 2.18752615 1.94870448 -0.31717937 -0.56195320 0.64376848 -0.41130037
1778701933.66548085 -2.20008054 2.18752615 1.94870448 -0.31717937 -0.56195320 0.64376848 -0.41130037
1778701933.66548085 -2.20008054 2.18752615 1.94870448 -0.31717937 -0.56195320 0.64376848 -0.41130037
1778701933.66548085 -2.20008054 2.18752615 1.94870448 -0.31717937 -0.56195320 0.64376848 -0.41130037
1778701933.66548085 -2.20008054 2.18752615 1.94870448 -0.31717937 -0.56195320 0.64376848 -0.41130037
1778701933.66548085 -2.20008054 2.18752615 1.94870448 -0.31717937 -0.56195320 0.64376848 -0.41130037
1778701933.66548085 -2.20008054 2.18752615 1.94870448 -0.31717937 -0.56195320 0.64376848 -0.41130037
1778701933.66548085 -2.20008054 2.18752615 1.94870448 -0.31717937 -0.56195320 0.64376848 -0.41130037
1778701933.66548085 -2.20008054 2.18752615 1.94870448 -0.31717937 -0.56195320 0.64376848 -0.41130037
1778701933.66548085 -2.20008054 2.18752615 1.94870448 -0.31717937 -0.56195320 0.64376848 -0.41130037
1778701933.66548085 -2.20008054 2.18752615 1.94870448 -0.31717937 -0.56195320 0.64376848 -0.41130037
1778701933.66548085 -2.20008054 2.18752615 1.94870448 -0.31717937 -0.56195320 0.64376848 -0.41130037
1778701933.66548085 -2.20008054 2.18752615 1.94870448 -0.31717937 -0.56195320 0.64376848 -0.41130037
1778701933.66548085 -2.20008054 2.18752615 1.94870448 -0.31717937 -0.56195320 0.64376848 -0.41130037
1778701933.66548085 -2.20008054 2.18752615 1.94870448 -0.31717937 -0.56195320 0.64376848 -0.41130037
1778701933.66548085 -2.20008054 2.18752615 1.94870448 -0.31717937 -0.56195320 0.64376848 -0.41130037
1778701933.66548085 -2.20008054 2.18752615 1.94870448 -0.31717937 -0.56195320 0.64376848 -0.41130037
1778701933.66548085 -2.20008054 2.18752615 1.94870448 -0.31717937 -0.56195320 0.64376848 -0.41130037
1778701933.66548085 -2.20008054 2.18752615 1.94870448 -0.31717937 -0.56195320 0.64376848 -0.41130037
1778701933.66548085 -2.20008054 2.18752615 1.94870448 -0.31717937 -0.56195320 0.64376848 -0.41130037
1778701933.66548085 -2.20008054 2.18752615 1.94870448 -0.31717937 -0.56195320 0.64376848 -0.41130037
1778701933.66548085 -2.20008054 2.18752615 1.94870448 -0.31717937 -0.56195320 0.64376848 -0.41130037
1778701933.66548085 -2.20008054 2.18752615 1.94870448 -0.31717937 -0.56195320 0.64376848 -0.41130037
1778701933.66548085 -2.20008054 2.18752615 1.94870448 -0.31717937 -0.56195320 0.64376848 -0.41130037
1778701933.66548085 -2.20008054 2.18752615 1.94870448 -0.31717937 -0.56195320 0.64376848 -0.41130037
1778701933.66548085 -2.20008054 2.18752615 1.94870448 -0.31717937 -0.56195320 0.64376848 -0.41130037
1778701933.66548085 -2.20008054 2.18752615 1.94870448 -0.31717937 -0.56195320 0.64376848 -0.41130037
1778701933.66548085 -2.20008054 2.18752615 1.94870448 -0.31717937 -0.56195320 0.64376848 -0.41130037
1778701933.66548085 -2.20008054 2.18752615 1.94870448 -0.31717937 -0.56195320 0.64376848 -0.41130037
1778701933.66548085 -2.20008054 2.18752615 1.94870448 -0.31717937 -0.56195320 0.64376848 -0.41130037
1778701933.66548085 -2.20008054 2.18752615 1.94870448 -0.31717937 -0.56195320 0.64376848 -0.41130037
1778701933.66548085 -2.20008054 2.18752615 1.94870448 -0.31717937 -0.56195320 0.64376848 -0.41130037
1778701933.66548085 -2.20008054 2.18752615 1.94870448 -0.31717937 -0.56195320 0.64376848 -0.41130037
1778701933.66548085 -2.20008054 2.18752615 1.94870448 -0.31717937 -0.56195320 0.64376848 -0.41130037
1778701933.66548085 -2.20008054 2.18752615 1.94870448 -0.31717937 -0.56195320 0.64376848 -0.41130037
1778701933.66548085 -2.20008054 2.18752615 1.94870448 -0.31717937 -0.56195320 0.64376848 -0.41130037
1778701933.66548085 -2.20008054 2.18752615 1.94870448 -0.31717937 -0.56195320 0.64376848 -0.41130037
1778701933.66548085 -2.20008054 2.18752615 1.94870448 -0.31717937 -0.56195320 0.64376848 -0.41130037
1778701933.66548085 -2.20008054 2.18752615 1.94870448 -0.31717937 -0.56195320 0.64376848 -0.41130037
1778701933.66548085 -2.20008054 2.18752615 1.94870448 -0.31717937 -0.56195320 0.64376848 -0.41130037
1778701933.66548085 -2.20008054 2.18752615 1.94870448 -0.31717937 -0.56195320 0.64376848 -0.41130037
1778701933.66548085 -2.20008054 2.18752615 1.94870448 -0.31717937 -0.56195320 0.64376848 -0.41130037
1778701933.66548085 -2.20008054 2.18752615 1.94870448 -0.31717937 -0.56195320 0.64376848 -0.41130037
1778701933.66548085 -2.20008054 2.18752615 1.94870448 -0.31717937 -0.56195320 0.64376848 -0.41130037
1778701933.66548085 -2.20008054 2.18752615 1.94870448 -0.31717937 -0.56195320 0.64376848 -0.41130037
1778701933.66548085 -2.20008054 2.18752615 1.94870448 -0.31717937 -0.56195320 0.64376848 -0.41130037
1778701933.66548085 -2.20008054 2.18752615 1.94870448 -0.31717937 -0.56195320 0.64376848 -0.41130037
1778701933.66548085 -2.20008054 2.18752615 1.94870448 -0.31717937 -0.56195320 0.64376848 -0.41130037
1778701933.66548085 -2.20008054 2.18752615 1.94870448 -0.31717937 -0.56195320 0.64376848 -0.41130037
1778701933.66548085 -2.20008054 2.18752615 1.94870448 -0.31717937 -0.56195320 0.64376848 -0.41130037
1778701933.66548085 -2.20008054 2.18752615 1.94870448 -0.31717937 -0.56195320 0.64376848 -0.41130037
1778701933.66548085 -2.20008054 2.18752615 1.94870448 -0.31717937 -0.56195320 0.64376848 -0.41130037
1778701933.66548085 -2.20008054 2.18752615 1.94870448 -0.31717937 -0.56195320 0.64376848 -0.41130037
1778701933.66548085 -2.20008054 2.18752615 1.94870448 -0.31717937 -0.56195320 0.64376848 -0.41130037
1778701933.66548085 -2.20008054 2.18752615 1.94870448 -0.31717937 -0.56195320 0.64376848 -0.41130037
1778701933.66548085 -2.20008054 2.18752615 1.94870448 -0.31717937 -0.56195320 0.64376848 -0.41130037
1778701933.66548085 -2.20008054 2.18752615 1.94870448 -0.31717937 -0.56195320 0.64376848 -0.41130037
1778701933.66548085 -2.20008054 2.18752615 1.94870448 -0.31717937 -0.56195320 0.64376848 -0.41130037
1778701933.66548085 -2.20008054 2.18752615 1.94870448 -0.31717937 -0.56195320 0.64376848 -0.41130037
1778701933.66548085 -2.20008054 2.18752615 1.94870448 -0.31717937 -0.56195320 0.64376848 -0.41130037
1778701933.66548085 -2.20008054 2.18752615 1.94870448 -0.31717937 -0.56195320 0.64376848 -0.41130037
1778701933.66548085 -2.20008054 2.18752615 1.94870448 -0.31717937 -0.56195320 0.64376848 -0.41130037
1778701933.66548085 -2.20008054 2.18752615 1.94870448 -0.31717937 -0.56195320 0.64376848 -0.41130037
1778701933.66548085 -2.20008054 2.18752615 1.94870448 -0.31717937 -0.56195320 0.64376848 -0.41130037
1778701933.66548085 -2.20008054 2.18752615 1.94870448 -0.31717937 -0.56195320 0.64376848 -0.41130037
1778701933.66548085 -2.20008054 2.18752615 1.94870448 -0.31717937 -0.56195320 0.64376848 -0.41130037
1778701933.66548085 -2.20008054 2.18752615 1.94870448 -0.31717937 -0.56195320 0.64376848 -0.41130037
1778701933.66548085 -2.20008054 2.18752615 1.94870448 -0.31717937 -0.56195320 0.64376848 -0.41130037
1778701933.66548085 -2.20008054 2.18752615 1.94870448 -0.31717937 -0.56195320 0.64376848 -0.41130037
1778701933.66548085 -2.20008054 2.18752615 1.94870448 -0.31717937 -0.56195320 0.64376848 -0.41130037
1778701933.66548085 -2.20008054 2.18752615 1.94870448 -0.31717937 -0.56195320 0.64376848 -0.41130037
1778701933.66548085 -2.20008054 2.18752615 1.94870448 -0.31717937 -0.56195320 0.64376848 -0.41130037
1778701933.66548085 -2.20008054 2.18752615 1.94870448 -0.31717937 -0.56195320 0.64376848 -0.41130037
1778701933.66548085 -2.20008054 2.18752615 1.94870448 -0.31717937 -0.56195320 0.64376848 -0.41130037
1778701933.66548085 -2.20008054 2.18752615 1.94870448 -0.31717937 -0.56195320 0.64376848 -0.41130037
1778701933.66548085 -2.20008054 2.18752615 1.94870448 -0.31717937 -0.56195320 0.64376848 -0.41130037
1778701933.66548085 -2.20008054 2.18752615 1.94870448 -0.31717937 -0.56195320 0.64376848 -0.41130037
1778701933.66548085 -2.20008054 2.18752615 1.94870448 -0.31717937 -0.56195320 0.64376848 -0.41130037
1778701933.66548085 -2.20008054 2.18752615 1.94870448 -0.31717937 -0.56195320 0.64376848 -0.41130037
1778701933.66548085 -2.20008054 2.18752615 1.94870448 -0.31717937 -0.56195320 0.64376848 -0.41130037
1778701933.66548085 -2.20008054 2.18752615 1.94870448 -0.31717937 -0.56195320 0.64376848 -0.41130037
1778701933.66548085 -2.20008054 2.18752615 1.94870448 -0.31717937 -0.56195320 0.64376848 -0.41130037
1778701933.66548085 -2.20008054 2.18752615 1.94870448 -0.31717937 -0.56195320 0.64376848 -0.41130037
1778701933.66548085 -2.20008054 2.18752615 1.94870448 -0.31717937 -0.56195320 0.64376848 -0.41130037
1778701933.66548085 -2.20008054 2.18752615 1.94870448 -0.31717937 -0.56195320 0.64376848 -0.41130037
1778701933.66548085 -2.20008054 2.18752615 1.94870448 -0.31717937 -0.56195320 0.64376848 -0.41130037
1778701933.66548085 -2.20008054 2.18752615 1.94870448 -0.31717937 -0.56195320 0.64376848 -0.41130037
1778701933.66548085 -2.20008054 2.18752615 1.94870448 -0.31717937 -0.56195320 0.64376848 -0.41130037
1778701933.66548085 -2.20008054 2.18752615 1.94870448 -0.31717937 -0.56195320 0.64376848 -0.41130037
1778701933.66548085 -2.20008054 2.18752615 1.94870448 -0.31717937 -0.56195320 0.64376848 -0.41130037
1778701933.66548085 -2.20008054 2.18752615 1.94870448 -0.31717937 -0.56195320 0.64376848 -0.41130037
1778701933.66548085 -2.20008054 2.18752615 1.94870448 -0.31717937 -0.56195320 0.64376848 -0.41130037
1778701933.66548085 -2.20008054 2.18752615 1.94870448 -0.31717937 -0.56195320 0.64376848 -0.41130037
1778701933.66548085 -2.20008054 2.18752615 1.94870448 -0.31717937 -0.56195320 0.64376848 -0.41130037
1778701933.66548085 -2.20008054 2.18752615 1.94870448 -0.31717937 -0.56195320 0.64376848 -0.41130037
1778701933.66548085 -2.20008054 2.18752615 1.94870448 -0.31717937 -0.56195320 0.64376848 -0.41130037
1778701933.66548085 -2.20008054 2.18752615 1.94870448 -0.31717937 -0.56195320 0.64376848 -0.41130037
1778701933.66548085 -2.20008054 2.18752615 1.94870448 -0.31717937 -0.56195320 0.64376848 -0.41130037
1778701933.66548085 -2.20008054 2.18752615 1.94870448 -0.31717937 -0.56195320 0.64376848 -0.41130037
1778701933.66548085 -2.20008054 2.18752615 1.94870448 -0.31717937 -0.56195320 0.64376848 -0.41130037
1778701933.66548085 -2.20008054 2.18752615 1.94870448 -0.31717937 -0.56195320 0.64376848 -0.41130037
1778701933.66548085 -2.20008054 2.18752615 1.94870448 -0.31717937 -0.56195320 0.64376848 -0.41130037
1778701933.66548085 -2.20008054 2.18752615 1.94870448 -0.31717937 -0.56195320 0.64376848 -0.41130037
1778701933.66548085 -2.20008054 2.18752615 1.94870448 -0.31717937 -0.56195320 0.64376848 -0.41130037
1778701933.66548085 -2.20008054 2.18752615 1.94870448 -0.31717937 -0.56195320 0.64376848 -0.41130037
1778701933.66548085 -2.20008054 2.18752615 1.94870448 -0.31717937 -0.56195320 0.64376848 -0.41130037
1778701933.66548085 -2.20008054 2.18752615 1.94870448 -0.31717937 -0.56195320 0.64376848 -0.41130037
1778701933.66548085 -2.20008054 2.18752615 1.94870448 -0.31717937 -0.56195320 0.64376848 -0.41130037
1778701933.66548085 -2.20008054 2.18752615 1.94870448 -0.31717937 -0.56195320 0.64376848 -0.41130037
1778701933.66548085 -2.20008054 2.18752615 1.94870448 -0.31717937 -0.56195320 0.64376848 -0.41130037
1778701933.66548085 -2.20008054 2.18752615 1.94870448 -0.31717937 -0.56195320 0.64376848 -0.41130037
1778701933.66548085 -2.20008054 2.18752615 1.94870448 -0.31717937 -0.56195320 0.64376848 -0.41130037
1778701933.66548085 -2.20008054 2.18752615 1.94870448 -0.31717937 -0.56195320 0.64376848 -0.41130037
1778701933.66548085 -2.20008054 2.18752615 1.94870448 -0.31717937 -0.56195320 0.64376848 -0.41130037
1778701933.66548085 -2.20008054 2.18752615 1.94870448 -0.31717937 -0.56195320 0.64376848 -0.41130037
1778701933.66548085 -2.20008054 2.18752615 1.94870448 -0.31717937 -0.56195320 0.64376848 -0.41130037
1778701933.66548085 -2.20008054 2.18752615 1.94870448 -0.31717937 -0.56195320 0.64376848 -0.41130037
1778701933.66548085 -2.20008054 2.18752615 1.94870448 -0.31717937 -0.56195320 0.64376848 -0.41130037
1778701933.66548085 -2.20008054 2.18752615 1.94870448 -0.31717937 -0.56195320 0.64376848 -0.41130037
1778701933.66548085 -2.20008054 2.18752615 1.94870448 -0.31717937 -0.56195320 0.64376848 -0.41130037
1778701933.66548085 -2.20008054 2.18752615 1.94870448 -0.31717937 -0.56195320 0.64376848 -0.41130037
1778701933.66548085 -2.20008054 2.18752615 1.94870448 -0.31717937 -0.56195320 0.64376848 -0.41130037
1778701933.66548085 -2.20008054 2.18752615 1.94870448 -0.31717937 -0.56195320 0.64376848 -0.41130037
1778701933.66548085 -2.20008054 2.18752615 1.94870448 -0.31717937 -0.56195320 0.64376848 -0.41130037
1778701933.66548085 -2.20008054 2.18752615 1.94870448 -0.31717937 -0.56195320 0.64376848 -0.41130037
1778701933.66548085 -2.20008054 2.18752615 1.94870448 -0.31717937 -0.56195320 0.64376848 -0.41130037
1778701933.66548085 -2.20008054 2.18752615 1.94870448 -0.31717937 -0.56195320 0.64376848 -0.41130037
1778701933.66548085 -2.20008054 2.18752615 1.94870448 -0.31717937 -0.56195320 0.64376848 -0.41130037
1778701933.66548085 -2.20008054 2.18752615 1.94870448 -0.31717937 -0.56195320 0.64376848 -0.41130037
1778701933.66548085 -2.20008054 2.18752615 1.94870448 -0.31717937 -0.56195320 0.64376848 -0.41130037
1778701933.66548085 -2.20008054 2.18752615 1.94870448 -0.31717937 -0.56195320 0.64376848 -0.41130037
1778701933.66548085 -2.20008054 2.18752615 1.94870448 -0.31717937 -0.56195320 0.64376848 -0.41130037
1778701933.66548085 -2.20008054 2.18752615 1.94870448 -0.31717937 -0.56195320 0.64376848 -0.41130037
1778701933.66548085 -2.20008054 2.18752615 1.94870448 -0.31717937 -0.56195320 0.64376848 -0.41130037
1778701933.66548085 -2.20008054 2.18752615 1.94870448 -0.31717937 -0.56195320 0.64376848 -0.41130037
1778701933.66548085 -2.20008054 2.18752615 1.94870448 -0.31717937 -0.56195320 0.64376848 -0.41130037
1778701933.66548085 -2.20008054 2.18752615 1.94870448 -0.31717937 -0.56195320 0.64376848 -0.41130037
1778701933.66548085 -2.20008054 2.18752615 1.94870448 -0.31717937 -0.56195320 0.64376848 -0.41130037
1778701933.66548085 -2.20008054 2.18752615 1.94870448 -0.31717937 -0.56195320 0.64376848 -0.41130037
1778701933.66548085 -2.20008054 2.18752615 1.94870448 -0.31717937 -0.56195320 0.64376848 -0.41130037
1778701933.66548085 -2.20008054 2.18752615 1.94870448 -0.31717937 -0.56195320 0.64376848 -0.41130037
1778701933.66548085 -2.20008054 2.18752615 1.94870448 -0.31717937 -0.56195320 0.64376848 -0.41130037
1778701933.66548085 -2.20008054 2.18752615 1.94870448 -0.31717937 -0.56195320 0.64376848 -0.41130037
1778701933.66548085 -2.20008054 2.18752615 1.94870448 -0.31717937 -0.56195320 0.64376848 -0.41130037
1778701933.66548085 -2.20008054 2.18752615 1.94870448 -0.31717937 -0.56195320 0.64376848 -0.41130037
1778701933.66548085 -2.20008054 2.18752615 1.94870448 -0.31717937 -0.56195320 0.64376848 -0.41130037
1778701933.66548085 -2.20008054 2.18752615 1.94870448 -0.31717937 -0.56195320 0.64376848 -0.41130037
1778701933.66548085 -2.20008054 2.18752615 1.94870448 -0.31717937 -0.56195320 0.64376848 -0.41130037
1778701933.66548085 -2.20008054 2.18752615 1.94870448 -0.31717937 -0.56195320 0.64376848 -0.41130037
1778701933.66548085 -2.20008054 2.18752615 1.94870448 -0.31717937 -0.56195320 0.64376848 -0.41130037
1778701933.66548085 -2.20008054 2.18752615 1.94870448 -0.31717937 -0.56195320 0.64376848 -0.41130037
1778701933.66548085 -2.20008054 2.18752615 1.94870448 -0.31717937 -0.56195320 0.64376848 -0.41130037
1778701933.66548085 -2.20008054 2.18752615 1.94870448 -0.31717937 -0.56195320 0.64376848 -0.41130037
1778701933.66548085 -2.20008054 2.18752615 1.94870448 -0.31717937 -0.56195320 0.64376848 -0.41130037
1778701933.66548085 -2.20008054 2.18752615 1.94870448 -0.31717937 -0.56195320 0.64376848 -0.41130037
1778701933.66548085 -2.20008054 2.18752615 1.94870448 -0.31717937 -0.56195320 0.64376848 -0.41130037
1778701933.66548085 -2.20008054 2.18752615 1.94870448 -0.31717937 -0.56195320 0.64376848 -0.41130037
1778701933.66548085 -2.20008054 2.18752615 1.94870448 -0.31717937 -0.56195320 0.64376848 -0.41130037
1778701933.66548085 -2.20008054 2.18752615 1.94870448 -0.31717937 -0.56195320 0.64376848 -0.41130037
1778701933.66548085 -2.20008054 2.18752615 1.94870448 -0.31717937 -0.56195320 0.64376848 -0.41130037
1778701933.66548085 -2.20008054 2.18752615 1.94870448 -0.31717937 -0.56195320 0.64376848 -0.41130037
1778701933.66548085 -2.20008054 2.18752615 1.94870448 -0.31717937 -0.56195320 0.64376848 -0.41130037
1778701933.66548085 -2.20008054 2.18752615 1.94870448 -0.31717937 -0.56195320 0.64376848 -0.41130037
1778701933.66548085 -2.20008054 2.18752615 1.94870448 -0.31717937 -0.56195320 0.64376848 -0.41130037
1778701933.66548085 -2.20008054 2.18752615 1.94870448 -0.31717937 -0.56195320 0.64376848 -0.41130037
1778701933.66548085 -2.20008054 2.18752615 1.94870448 -0.31717937 -0.56195320 0.64376848 -0.41130037
1778701933.66548085 -2.20008054 2.18752615 1.94870448 -0.31717937 -0.56195320 0.64376848 -0.41130037
1778701933.66548085 -2.20008054 2.18752615 1.94870448 -0.31717937 -0.56195320 0.64376848 -0.41130037
1778701933.66548085 -2.20008054 2.18752615 1.94870448 -0.31717937 -0.56195320 0.64376848 -0.41130037
1778701933.66548085 -2.20008054 2.18752615 1.94870448 -0.31717937 -0.56195320 0.64376848 -0.41130037
1778701933.66548085 -2.20008054 2.18752615 1.94870448 -0.31717937 -0.56195320 0.64376848 -0.41130037
1778701933.66548085 -2.20008054 2.18752615 1.94870448 -0.31717937 -0.56195320 0.64376848 -0.41130037
1778701933.66548085 -2.20008054 2.18752615 1.94870448 -0.31717937 -0.56195320 0.64376848 -0.41130037
1778701933.66548085 -2.20008054 2.18752615 1.94870448 -0.31717937 -0.56195320 0.64376848 -0.41130037
1778701933.66548085 -2.20008054 2.18752615 1.94870448 -0.31717937 -0.56195320 0.64376848 -0.41130037
1778701933.66548085 -2.20008054 2.18752615 1.94870448 -0.31717937 -0.56195320 0.64376848 -0.41130037
1778701933.66548085 -2.20008054 2.18752615 1.94870448 -0.31717937 -0.56195320 0.64376848 -0.41130037
1778701933.66548085 -2.20008054 2.18752615 1.94870448 -0.31717937 -0.56195320 0.64376848 -0.41130037
1778701933.66548085 -2.20008054 2.18752615 1.94870448 -0.31717937 -0.56195320 0.64376848 -0.41130037
1778701933.66548085 -2.20008054 2.18752615 1.94870448 -0.31717937 -0.56195320 0.64376848 -0.41130037
1778701933.66548085 -2.20008054 2.18752615 1.94870448 -0.31717937 -0.56195320 0.64376848 -0.41130037
1778701933.66548085 -2.20008054 2.18752615 1.94870448 -0.31717937 -0.56195320 0.64376848 -0.41130037
1778701933.66548085 -2.20008054 2.18752615 1.94870448 -0.31717937 -0.56195320 0.64376848 -0.41130037
1778701933.66548085 -2.20008054 2.18752615 1.94870448 -0.31717937 -0.56195320 0.64376848 -0.41130037
1778701933.66548085 -2.20008054 2.18752615 1.94870448 -0.31717937 -0.56195320 0.64376848 -0.41130037
1778701933.66548085 -2.20008054 2.18752615 1.94870448 -0.31717937 -0.56195320 0.64376848 -0.41130037
1778701933.66548085 -2.20008054 2.18752615 1.94870448 -0.31717937 -0.56195320 0.64376848 -0.41130037
1778701933.66548085 -2.20008054 2.18752615 1.94870448 -0.31717937 -0.56195320 0.64376848 -0.41130037
1778701933.66548085 -2.20008054 2.18752615 1.94870448 -0.31717937 -0.56195320 0.64376848 -0.41130037
1778701933.66548085 -2.20008054 2.18752615 1.94870448 -0.31717937 -0.56195320 0.64376848 -0.41130037
1778701933.66548085 -2.20008054 2.18752615 1.94870448 -0.31717937 -0.56195320 0.64376848 -0.41130037
1778701933.66548085 -2.20008054 2.18752615 1.94870448 -0.31717937 -0.56195320 0.64376848 -0.41130037
1778701933.66548085 -2.20008054 2.18752615 1.94870448 -0.31717937 -0.56195320 0.64376848 -0.41130037
1778701933.66548085 -2.20008054 2.18752615 1.94870448 -0.31717937 -0.56195320 0.64376848 -0.41130037
1778701933.66548085 -2.20008054 2.18752615 1.94870448 -0.31717937 -0.56195320 0.64376848 -0.41130037
1778701933.66548085 -2.20008054 2.18752615 1.94870448 -0.31717937 -0.56195320 0.64376848 -0.41130037
1778701933.66548085 -2.20008054 2.18752615 1.94870448 -0.31717937 -0.56195320 0.64376848 -0.41130037
1778701933.66548085 -2.20008054 2.18752615 1.94870448 -0.31717937 -0.56195320 0.64376848 -0.41130037
1778701933.66548085 -2.20008054 2.18752615 1.94870448 -0.31717937 -0.56195320 0.64376848 -0.41130037
1778701933.66548085 -2.20008054 2.18752615 1.94870448 -0.31717937 -0.56195320 0.64376848 -0.41130037
1778701933.66548085 -2.20008054 2.18752615 1.94870448 -0.31717937 -0.56195320 0.64376848 -0.41130037
1778701933.66548085 -2.20008054 2.18752615 1.94870448 -0.31717937 -0.56195320 0.64376848 -0.41130037
1778701933.66548085 -2.20008054 2.18752615 1.94870448 -0.31717937 -0.56195320 0.64376848 -0.41130037
1778701933.66548085 -2.20008054 2.18752615 1.94870448 -0.31717937 -0.56195320 0.64376848 -0.41130037
1778701933.66548085 -2.20008054 2.18752615 1.94870448 -0.31717937 -0.56195320 0.64376848 -0.41130037
1778701933.66548085 -2.20008054 2.18752615 1.94870448 -0.31717937 -0.56195320 0.64376848 -0.41130037
1778701933.66548085 -2.20008054 2.18752615 1.94870448 -0.31717937 -0.56195320 0.64376848 -0.41130037
1778701933.66548085 -2.20008054 2.18752615 1.94870448 -0.31717937 -0.56195320 0.64376848 -0.41130037
1778701933.66548085 -2.20008054 2.18752615 1.94870448 -0.31717937 -0.56195320 0.64376848 -0.41130037
1778701933.66548085 -2.20008054 2.18752615 1.94870448 -0.31717937 -0.56195320 0.64376848 -0.41130037
1778701933.66548085 -2.20008054 2.18752615 1.94870448 -0.31717937 -0.56195320 0.64376848 -0.41130037
1778701933.66548085 -2.20008054 2.18752615 1.94870448 -0.31717937 -0.56195320 0.64376848 -0.41130037
1778701933.66548085 -2.20008054 2.18752615 1.94870448 -0.31717937 -0.56195320 0.64376848 -0.41130037
1778701933.66548085 -2.20008054 2.18752615 1.94870448 -0.31717937 -0.56195320 0.64376848 -0.41130037
1778701933.66548085 -2.20008054 2.18752615 1.94870448 -0.31717937 -0.56195320 0.64376848 -0.41130037
1778701933.66548085 -2.20008054 2.18752615 1.94870448 -0.31717937 -0.56195320 0.64376848 -0.41130037
1778701933.66548085 -2.20008054 2.18752615 1.94870448 -0.31717937 -0.56195320 0.64376848 -0.41130037
1778701933.66548085 -2.20008054 2.18752615 1.94870448 -0.31717937 -0.56195320 0.64376848 -0.41130037
1778701933.66548085 -2.20008054 2.18752615 1.94870448 -0.31717937 -0.56195320 0.64376848 -0.41130037
1778701933.66548085 -2.20008054 2.18752615 1.94870448 -0.31717937 -0.56195320 0.64376848 -0.41130037
1778701933.66548085 -2.20008054 2.18752615 1.94870448 -0.31717937 -0.56195320 0.64376848 -0.41130037
1778701933.66548085 -2.20008054 2.18752615 1.94870448 -0.31717937 -0.56195320 0.64376848 -0.41130037
1778701933.66548085 -2.20008054 2.18752615 1.94870448 -0.31717937 -0.56195320 0.64376848 -0.41130037
1778701933.66548085 -2.20008054 2.18752615 1.94870448 -0.31717937 -0.56195320 0.64376848 -0.41130037
1778701933.67578220 -2.17601312 2.20583431 1.94891112 -0.32257155 -0.56108127 0.64489093 -0.40651087
1778701933.68607736 -2.19141961 2.19853295 1.93536714 -0.32785317 -0.56058326 0.64217864 -0.40726564
1778701933.68625712 -2.18921532 2.19501913 1.94055672 -0.32647861 -0.56147417 0.64233219 -0.40690028
1778701933.69636607 -2.18929115 2.19330477 1.93827744 -0.32374946 -0.56195781 0.64309684 -0.40720530
1778701933.70661807 -2.19979832 2.18208381 1.93362989 -0.32634262 -0.56279472 0.64093189 -0.40739282
1778701933.71684146 -2.19225799 2.18892088 1.92892972 -0.32994948 -0.56232091 0.64093780 -0.40512624
1778701933.72714567 -2.19577989 2.18539216 1.92508698 -0.33006442 -0.56265040 0.64054899 -0.40519008
1778701933.73732924 -2.20420437 2.18276373 1.91392603 -0.32956992 -0.56244050 0.64031469 -0.40625294
1778701933.74757743 -2.19918072 2.18797261 1.90921246 -0.33027088 -0.56218313 0.64092312 -0.40507880
1778701933.75789618 -2.20032513 2.18974710 1.90271651 -0.33053987 -0.56189084 0.64106330 -0.40504312
1778701933.76820970 -2.20247470 2.19841571 1.88659504 -0.33357912 -0.56028117 0.64100517 -0.40487326
1778701933.77850580 -2.19995687 2.20362662 1.87957100 -0.33144851 -0.55994366 0.64244375 -0.40480985
1778701933.78887558 -2.19731434 2.20787494 1.87477103 -0.32914522 -0.55972414 0.64379997 -0.40483813
1778701933.78904152 -2.19758814 2.20875293 1.87258188 -0.32846071 -0.55963031 0.64412485 -0.40500698
1778701933.79913044 -2.19837953 2.21213133 1.86491750 -0.32573955 -0.55922810 0.64542169 -0.40569511
1778701933.80937982 -2.19360588 2.21822093 1.85973943 -0.32461117 -0.55890712 0.64665526 -0.40507702
1778701933.81965756 -2.19059420 2.22343098 1.85336459 -0.32322694 -0.55851791 0.64784783 -0.40481512
1778701933.82992315 -2.19312361 2.22322644 1.84776107 -0.32090925 -0.55849082 0.64860289 -0.40548680
1778701933.84017420 -2.18027813 2.23188562 1.84833708 -0.31560309 -0.55858075 0.65180212 -0.40439612
1778701933.85042286 -2.17771812 2.24165083 1.83580832 -0.31404353 -0.55728435 0.65354799 -0.40458105
1778701933.86070180 -2.17647245 2.24339654 1.83168998 -0.31004927 -0.55723474 0.65524238 -0.40498929
1778701933.87095237 -2.17674422 2.24649563 1.82375600 -0.30944129 -0.55673627 0.65592494 -0.40503492
1778701933.88120985 -2.16964967 2.25701694 1.81504391 -0.30820406 -0.55567910 0.65785249 -0.40430323
1778701933.89152575 -2.17216336 2.25671161 1.80947455 -0.30667368 -0.55552053 0.65836722 -0.40484665
1778701933.90178466 -2.15805647 2.24664137 1.83483585 -0.29830462 -0.55900250 0.66044790 -0.40291332
1778701933.91209030 -2.15068661 2.24253136 1.84385564 -0.29388774 -0.56057107 0.66178393 -0.40178614
1778701933.92239475 -2.17276581 2.23915770 1.81920744 -0.29498860 -0.55889294 0.66069760 -0.40509145
1778701933.93267894 -2.18163448 2.23552110 1.81001478 -0.29583986 -0.55854523 0.65996007 -0.40615109
1778701933.94302154 -2.18186478 2.23388381 1.80576848 -0.29079576 -0.55882341 0.66155977 -0.40680818
1778701933.95331693 -2.19883551 2.22732515 1.78872409 -0.29234504 -0.55806078 0.66013306 -0.40905609
1778701933.96363401 -2.19774253 2.21978227 1.79436757 -0.28983977 -0.55950385 0.66023957 -0.40869556
1778701933.97392535 -2.21879911 2.21182941 1.77425882 -0.29250518 -0.55851998 0.65818753 -0.41144298
1778701933.98431206 -2.19993450 2.24153641 1.75275277 -0.29345064 -0.55496789 0.66189537 -0.40962407
1778701933.99459672 -2.21025933 2.22179284 1.75748453 -0.29293738 -0.55730373 0.65973677 -0.41030189
1778701934.00484943 -2.21468735 2.20994798 1.76145591 -0.29254706 -0.55890044 0.65854515 -0.41032279
1778701934.01512694 -2.22038367 2.19930989 1.76096427 -0.29323990 -0.56010613 0.65711604 -0.41047533
1778701934.02531910 -2.23544224 2.19125887 1.74517557 -0.29552002 -0.55973727 0.65526028 -0.41230580
1778701934.03553987 -2.24159279 2.18472580 1.74048575 -0.29648404 -0.56014214 0.65419161 -0.41276062
1778701934.04583049 -2.25612423 2.18801238 1.71152408 -0.29809484 -0.55772564 0.65387324 -0.41536895
1778701934.05613923 -2.25947780 2.18218276 1.70876664 -0.29976070 -0.55832110 0.65271463 -0.41519235
1778701934.05629802 -2.27033838 2.18000811 1.69607560 -0.30058806 -0.55741823 0.65192782 -0.41703940
1778701934.06632590 -2.28001808 2.16891611 1.69142987 -0.30221232 -0.55820864 0.64996546 -0.41787047
1778701934.07662368 -2.30019077 2.15194250 1.67872013 -0.30428863 -0.55878055 0.64692310 -0.42031326
1778701934.08691454 -2.31924180 2.12493895 1.67866023 -0.30637325 -0.56130259 0.64269427 -0.42192287
1778701934.09718180 -2.33320266 2.11110867 1.67137328 -0.30733983 -0.56201468 0.64049954 -0.42360603
1778701934.09736943 -2.34081532 2.11432938 1.65680207 -0.30677752 -0.56047997 0.64094232 -0.42537360
1778701934.10752940 -2.34539524 2.10236636 1.65786460 -0.30930492 -0.56191915 0.63864463 -0.42510042
1778701934.11784434 -2.36904125 2.09860879 1.62398350 -0.31185665 -0.55953245 0.63684755 -0.42906184
1778701934.12807369 -2.38253072 2.08904435 1.60903247 -0.31398946 -0.55936491 0.63478271 -0.43078117
1778701934.13835311 -2.38655168 2.08711305 1.59936652 -0.31559394 -0.55902689 0.63396841 -0.43124640
1778701934.14866400 -2.39324871 2.10069773 1.56527074 -0.31844672 -0.55534530 0.63453999 -0.43306152
1778701934.15891027 -2.40500222 2.08924440 1.55389726 -0.32005112 -0.55565878 0.63242268 -0.43457124
1778701934.16922402 -2.41336809 2.08533901 1.53940495 -0.32154432 -0.55502496 0.63127235 -0.43594926
1778701934.17947555 -2.42465829 2.07391863 1.52842694 -0.32369301 -0.55534591 0.62898811 -0.43725016
1778701934.18978000 -2.43615061 2.06485643 1.51359666 -0.32452126 -0.55511562 0.62746297 -0.43911595
1778701934.20019269 -2.44223555 2.04991803 1.51473626 -0.32331068 -0.55675316 0.62615362 -0.43980424
1778701934.21049619 -2.45168383 2.04260345 1.50223156 -0.32546219 -0.55655992 0.62427788 -0.44112646
1778701934.22077250 -2.45637394 2.02402828 1.50947640 -0.32635750 -0.55922233 0.62167545 -0.44077296
1778701934.23105407 -2.46787732 2.01487903 1.49410082 -0.32766397 -0.55892965 0.61987196 -0.44271066
1778701934.24141073 -2.47407243 2.00620396 1.48811739 -0.32786713 -0.55937697 0.61869258 -0.44364406
1778701934.25165939 -2.48251908 2.00053318 1.47186133 -0.33010574 -0.55886085 0.61698662 -0.44500817
1778701934.26190519 -2.48808636 1.99859361 1.45505220 -0.33148656 -0.55796996 0.61617090 -0.44622821
1778701934.27220845 -2.49830770 1.98197017 1.44883895 -0.33189523 -0.55916705 0.61390489 -0.44754726
1778701934.28241968 -2.49862597 1.97856782 1.44327306 -0.33348543 -0.55936323 0.61288444 -0.44751861
1778701934.29269052 -2.51048202 1.97195909 1.42257588 -0.33431792 -0.55835875 0.61156389 -0.44995182
1778701934.30304480 -2.51561446 1.96288617 1.41180166 -0.33621353 -0.55870604 0.60962972 -0.45073233
1778701934.31338215 -2.51959652 1.94926402 1.41404378 -0.33453992 -0.56023274 0.60875401 -0.45126586
1778701934.32365465 -2.52883913 1.94885289 1.38582803 -0.33879002 -0.55827726 0.60673293 -0.45323611
1778701934.33394861 -2.54133455 1.93884175 1.36483390 -0.33998404 -0.55756442 0.60479889 -0.45579717
1778701934.34420395 -2.55396961 1.93478842 1.34018300 -0.33945603 -0.55571527 0.60435574 -0.45902536
1778701934.35442019 -2.55508736 1.94404230 1.31337473 -0.34165618 -0.55297314 0.60467509 -0.46028230
1778701934.36472225 -2.57366991 1.95420867 1.24662345 -0.35016740 -0.54671096 0.60176853 -0.46515005
1778701934.37506652 -2.59120029 1.93770472 1.21994723 -0.35354716 -0.54619324 0.59767976 -0.46846159
1778701934.38525748 -2.60170837 1.92681221 1.20337718 -0.35513225 -0.54587275 0.59537644 -0.47056447
1778701934.39547300 -2.61162793 1.91966378 1.17771767 -0.35730436 -0.54452237 0.59330202 -0.47309798
1778701934.40572715 -2.62532166 1.90870094 1.14853230 -0.36020336 -0.54315787 0.59023639 -0.47629200
1778701934.41602206 -2.63752645 1.89485034 1.13098683 -0.36022658 -0.54284406 0.58825823 -0.47907139
1778701934.42630029 -2.64838622 1.88422082 1.10570703 -0.36165493 -0.54170880 0.58605546 -0.48197125
1778701934.43658519 -2.66117360 1.87460543 1.07390249 -0.36429078 -0.53993930 0.58322634 -0.48539140
1778701934.44688940 -2.67385791 1.86222886 1.05054856 -0.36447475 -0.53890930 0.58131052 -0.48868497
1778701934.45719600 -2.68588086 1.85261866 1.01883576 -0.36603392 -0.53703285 0.57902707 -0.49228299
1778701934.46744037 -2.69546890 1.84520708 0.98797823 -0.36730887 -0.53503277 0.57722753 -0.49561326
1778701934.47768402 -2.70391435 1.84013156 0.96039510 -0.36784228 -0.53299600 0.57612426 -0.49868644
1778701934.48801613 -2.70839357 1.84023090 0.92790905 -0.36835959 -0.53017546 0.57579873 -0.50167820
1778701934.49832940 -2.72232227 1.82747169 0.89272420 -0.36991616 -0.52816109 0.57292758 -0.50592677
1778701934.50862646 -2.72888973 1.82303704 0.86104411 -0.37078618 -0.52580474 0.57170863 -0.50911317
1778701934.51892233 -2.73396133 1.81940937 0.83670853 -0.37160888 -0.52401795 0.57064285 -0.51154546
1778701934.52931309 -2.74284524 1.81095748 0.80336835 -0.37240713 -0.52179072 0.56885419 -0.51522062
1778701934.53968525 -2.75138961 1.80387019 0.76768551 -0.37369939 -0.51928664 0.56692106 -0.51893224
1778701934.55000591 -2.75725406 1.79668901 0.74654528 -0.37483702 -0.51820032 0.56507866 -0.52120220
1778701934.55021095 -2.76003577 1.79404767 0.73636138 -0.37534291 -0.51754949 0.56432922 -0.52229566
1778701934.56030893 -2.76536360 1.78807219 0.71262838 -0.37675185 -0.51613172 0.56251148 -0.52463981
1778701934.57052445 -2.77555598 1.77548139 0.67925246 -0.37834958 -0.51440828 0.55950680 -0.52838230
1778701934.58076382 -2.78438665 1.76407870 0.64719687 -0.38047627 -0.51281414 0.55630632 -0.53177322
1778701934.59100771 -2.78813882 1.76472092 0.60970630 -0.38381207 -0.50967449 0.55411928 -0.53467002
1778701934.60129142 -2.79654104 1.75620434 0.56699769 -0.38765887 -0.50700569 0.55007399 -0.53859487
1778701934.61154509 -2.80121279 1.75171914 0.53042473 -0.38972203 -0.50435976 0.54780850 -0.54188912
1778701934.62183309 -2.80326432 1.74851756 0.50666653 -0.39083757 -0.50272614 0.54648328 -0.54393791
1778701934.63216805 -2.81264520 1.73615918 0.46816759 0.39410386 0.50064248 -0.54217358 0.54780203
1778701934.64244747 -2.81832058 1.72722330 0.43550282 0.39644204 0.49881190 -0.53903959 0.55086905
1778701934.65276575 -2.82278570 1.72188399 0.40477493 0.39882696 0.49670629 -0.53646885 0.55355315
1778701934.65292239 -2.81909445 1.72564432 0.40394087 0.39952278 0.49657702 -0.53657789 0.55306146
1778701934.66308117 -2.81969451 1.72476536 0.37973138 0.40163136 0.49480298 -0.53479836 0.55484500
1778701934.67333102 -2.82593962 1.71481050 0.34408614 0.40479276 0.49279468 -0.53094527 0.55802630
1778701934.68358994 -2.83200441 1.70782886 0.29515708 0.41001587 0.48936484 -0.52593401 0.56196304
1778701934.69389582 -2.83068798 1.71049771 0.26707523 0.41299859 0.48690236 -0.52406524 0.56366114
1778701934.70420456 -2.81637580 1.72983844 0.25039731 0.41431395 0.48424057 -0.52611803 0.56307623
1778701934.71463823 -2.80846928 1.73969396 0.22479867 0.41512618 0.48130074 -0.52707944 0.56409850
1778701934.72501421 -2.80753020 1.73896982 0.19701795 0.41724684 0.47915055 -0.52519412 0.56611921
1778701934.73530984 -2.80477747 1.74080752 0.17849953 0.41766986 0.47740743 -0.52512787 0.56734006
1778701934.74565268 -2.80296308 1.74000478 0.15776604 0.41858630 0.47589466 -0.52422649 0.56876742
1778701934.75591159 -2.80673822 1.73056463 0.14040650 0.42300837 0.47588293 -0.51933605 0.56999073
1778701934.76624942 -2.80683442 1.72888414 0.11571203 0.42478291 0.47387144 -0.51762953 0.57189597
1778701934.77659321 -2.80313092 1.73228908 0.07820898 0.42516469 0.46990028 -0.51785372 0.57467925
1778701934.78688622 -2.79611937 1.73968374 0.05730874 0.42638590 0.46757368 -0.51810798 0.57544247
1778701934.79715538 -2.79418965 1.73961322 0.04151663 0.42803238 0.46642372 -0.51687144 0.57626479
1778701934.80738950 -2.78746364 1.74629907 0.02494226 0.42968546 0.46471394 -0.51668050 0.57658705
1778701934.81771994 -2.78246854 1.74915011 0.01346696 0.43102876 0.46391526 -0.51617268 0.57668241
1778701934.82813525 -2.77297081 1.75965895 -0.00189403 0.43234883 0.46194665 -0.51691020 0.57661393
1778701934.83848143 -2.76816757 1.76344483 -0.01172622 0.43392939 0.46112848 -0.51638328 0.57655365
1778701934.84879255 -2.75931158 1.77196090 -0.01827727 0.43471620 0.46033849 -0.51739685 0.57568290
1778701934.85907197 -2.75514459 1.77384145 -0.03502302 0.43541732 0.45893115 -0.51719919 0.57645378
1778701934.86934185 -2.75340861 1.77275083 -0.04341902 0.43679867 0.45871677 -0.51602720 0.57662967
1778701934.87961578 -2.74876999 1.77499504 -0.05103993 0.43733327 0.45835511 -0.51605734 0.57648507
1778701934.88990164 -2.75319633 1.76391257 -0.06462417 0.44079852 0.45893613 -0.51129069 0.57762974
1778701934.90021873 -2.74302934 1.77414089 -0.05588093 0.44233756 0.45992057 -0.51205011 0.57499150
1778701934.91050982 -2.74359514 1.77000393 -0.06859245 0.44312002 0.45939878 -0.51073741 0.57597284
1778701934.92080808 -2.74821001 1.75903704 -0.09270540 0.44372893 0.45829325 -0.50826341 0.57856741
1778701934.93106461 -2.74700911 1.75666573 -0.09390223 0.44492088 0.45922043 -0.50700679 0.57801915
1778701934.94137096 -2.74371203 1.75849831 -0.09568878 0.44589850 0.45946460 -0.50663006 0.57740177
1778701934.95162439 -2.73979677 1.76046738 -0.09868791 0.44737244 0.45977424 -0.50589500 0.57665916
1778701934.96185827 -2.72939946 1.77229344 -0.09410152 0.44823480 0.45996478 -0.50748600 0.57443532
1778701934.97215581 -2.72800142 1.77176014 -0.09160526 0.45010602 0.46103173 -0.50594221 0.57347781
1778701934.97232962 -2.72877301 1.76970737 -0.09469083 0.45010021 0.46101256 -0.50560206 0.57379768
1778701934.98246956 -2.72140600 1.77799996 -0.08206415 0.45143504 0.46236329 -0.50616718 0.57115792
1778701934.99274206 -2.72221993 1.77331496 -0.10036866 0.45066058 0.46113032 -0.50609618 0.57282679
1778701935.00298309 -2.71783142 1.77663275 -0.09248986 0.45134133 0.46245054 -0.50636203 0.57098861
1778701935.01329064 -2.70798823 1.78849750 -0.07344894 0.45203320 0.46411108 -0.50819381 0.56745568
1778701935.02350545 -2.70020251 1.79645032 -0.05918796 0.45247272 0.46569484 -0.50958718 0.56455085
1778701935.03372884 -2.70840175 1.78258111 -0.09538762 0.45041211 0.46303789 -0.50878057 0.56909330
1778701935.04399824 -2.70693067 1.78286785 -0.10004374 0.44969262 0.46280245 -0.50957597 0.56914214
1778701935.05421281 -2.70097592 1.78887797 -0.08779587 0.44964315 0.46426558 -0.51100332 0.56670462
1778701935.06446338 -2.69862276 1.79006627 -0.08403591 0.44926055 0.46514592 -0.51178294 0.56558153
1778701935.07472992 -2.69479674 1.79398664 -0.07945391 0.44878362 0.46569908 -0.51309182 0.56431765
1778701935.08502007 -2.68794719 1.80179990 -0.06226368 0.44929358 0.46765781 -0.51438796 0.56110292
1778701935.09533286 -2.68332793 1.80656190 -0.05386653 0.44871193 0.46871798 -0.51599477 0.55920520
1778701935.10563660 -2.68235801 1.80696625 -0.06276653 0.44716460 0.46784279 -0.51751329 0.55977400
1778701935.11589074 -2.67770413 1.81192187 -0.05369517 0.44638717 0.46889613 -0.51934327 0.55781491
1778701935.12615657 -2.66874216 1.82221764 -0.03026302 0.44610111 0.47118371 -0.52182554 0.55378500
1778701935.13646579 -2.66933356 1.82101082 -0.04533748 0.44388255 0.46972521 -0.52363830 0.55509408
1778701935.14672756 -2.66041365 1.83153520 -0.02014723 0.44320549 0.47199043 -0.52641583 0.55107195
1778701935.15705538 -2.65726878 1.83584703 -0.03699763 0.44048377 0.46967771 -0.52965634 0.55212413
1778701935.16740704 -2.65400929 1.83970002 -0.03007571 0.43989640 0.47052387 -0.53112902 0.55045473
1778701935.17774653 -2.65300527 1.84036621 -0.02353887 0.43839304 0.47138039 -0.53271563 0.54938705
1778701935.17793131 -2.65051509 1.84370736 -0.02172476 0.43795367 0.47133771 -0.53375500 0.54876492
1778701935.18810272 -2.64566517 1.85004165 -0.01569963 0.43730678 0.47171380 -0.53563132 0.54712701
1778701935.19835162 -2.64000942 1.85744696 -0.01070701 0.43575412 0.47186112 -0.53852697 0.54539356
1778701935.20858073 -2.63397875 1.86484814 0.00374864 0.43472213 0.47319357 -0.54099856 0.54260951
1778701935.21884489 -2.62856882 1.87249747 0.00217963 -0.43263443 -0.47234502 0.54425939 -0.54175580
1778701935.22910595 -2.62499618 1.87693136 0.01231324 -0.43185313 -0.47347886 0.54596478 -0.53966944
1778701935.23935127 -2.61907627 1.88546793 0.01038368 -0.42890291 -0.47248779 0.55011554 -0.53867474
1778701935.24964070 -2.61349307 1.89301672 0.01613854 -0.42796724 -0.47267631 0.55241361 -0.53689883
1778701935.25998402 -2.61003488 1.89788075 0.01675209 -0.42577928 -0.47244277 0.55529982 -0.53586560
1778701935.27031207 -2.60653933 1.90252508 0.02275732 -0.42416904 -0.47299456 0.55764044 -0.53422272
1778701935.28061676 -2.60368400 1.90603945 0.03510113 -0.42362415 -0.47445373 0.55881900 -0.53212551
1778701935.28077722 -2.60369257 1.90644153 0.02926638 -0.42262469 -0.47370835 0.55975923 -0.53259589
1778701935.29088783 -2.60062413 1.91083101 0.03373958 -0.42170488 -0.47410610 0.56139000 -0.53125292
1778701935.30116391 -2.59868654 1.91359028 0.03819319 -0.42000664 -0.47468427 0.56340636 -0.52994580
1778701935.31146646 -2.59638819 1.91711795 0.04251294 -0.41856553 -0.47521194 0.56534122 -0.52855067
1778701935.32175803 -2.59328154 1.92140376 0.04823710 -0.41772989 -0.47578932 0.56687194 -0.52705072
1778701935.33208537 -2.58889477 1.92700859 0.06153960 -0.41678824 -0.47729290 0.56873211 -0.52442620
1778701935.34234452 -2.58541972 1.93216742 0.06899192 -0.41558540 -0.47811326 0.57069001 -0.52250301
1778701935.35259151 -2.58383477 1.93590387 0.06245276 -0.41389986 -0.47720054 0.57275324 -0.52241772
1778701935.36284161 -2.58010343 1.94122999 0.07412819 -0.41259630 -0.47854558 0.57473512 -0.52003651
1778701935.37308288 -2.57814884 1.94361808 0.08984116 -0.41147426 -0.48069996 0.57600920 -0.51752284
1778701935.38338161 -2.57646458 1.94557304 0.10614640 -0.41012858 -0.48295647 0.57734283 -0.51499791
1778701935.39362979 -2.57641316 1.94538467 0.11775943 -0.40938898 -0.48478460 0.57784040 -0.51330792
1778701935.40395498 -2.57417948 1.94769007 0.13528456 -0.40827103 -0.48721526 0.57902228 -0.51055779
1778701935.41417432 -2.57200315 1.94977462 0.15154075 -0.40701050 -0.48947112 0.58029107 -0.50795940
1778701935.42439651 -2.56970656 1.95245445 0.16191118 -0.40612515 -0.49083782 0.58139452 -0.50608400
1778701935.43464088 -2.56524392 1.95779690 0.17448542 -0.40475284 -0.49227401 0.58334251 -0.50354042
1778701935.44490838 -2.56745756 1.95490942 0.18148362 -0.40322202 -0.49377751 0.58409379 -0.50242435
1778701935.45524931 -2.56232580 1.96004590 0.19768420 -0.40206239 -0.49547231 0.58579433 -0.49969794
1778701935.46548510 -2.55448751 1.96558038 0.23275156 -0.40141850 -0.49951733 0.58706457 -0.49467244
1778701935.47576714 -2.54983662 1.96950222 0.24812893 -0.39984916 -0.50129098 0.58889241 -0.49196925
1778701935.48606038 -2.54765227 1.97044015 0.25990935 -0.39862634 -0.50282449 0.58995737 -0.49011719
1778701935.48622084 -2.54395993 1.97185504 0.27635915 -0.39860003 -0.50470818 0.59018246 -0.48792657
1778701935.49631786 -2.54353423 1.97346649 0.27245283 -0.39660877 -0.50426126 0.59198135 -0.48783209
1778701935.50660014 -2.54070882 1.97349723 0.29070690 -0.39416187 -0.50656141 0.59374909 -0.48527722
1778701935.51682377 -2.53806478 1.97237725 0.31084377 -0.39115953 -0.50908642 0.59571328 -0.48264991
1778701935.52707386 -2.53368734 1.97383936 0.32910301 -0.38922783 -0.51117699 0.59727916 -0.48005977
1778701935.53729343 -2.53184145 1.97088924 0.34881297 -0.38601258 -0.51377606 0.59905766 -0.47765926
1778701935.54759502 -2.52868016 1.96731418 0.37836869 -0.38371619 -0.51767964 0.59994222 -0.47417191
1778701935.55784941 -2.52774351 1.96480696 0.38981293 -0.38122876 -0.51928639 0.60122630 -0.47279298
1778701935.56809330 -2.52287402 1.96158289 0.42100832 -0.37868082 -0.52330863 0.60230139 -0.46902234
1778701935.57829404 -2.52240622 1.95567479 0.44040005 -0.37577322 -0.52620268 0.60320716 -0.46695433
1778701935.58863163 -2.51899987 1.95376991 0.45945981 -0.37346213 -0.52863180 0.60432085 -0.46461894
1778701935.59890628 -2.52014130 1.94345510 0.48238510 -0.37135250 -0.53243796 0.60402524 -0.46234256
1778701935.60912657 -2.50878808 1.94819429 0.50862532 -0.36959254 -0.53531723 0.60579987 -0.45808660
1778701935.61936188 -2.50812214 1.94506493 0.51683892 -0.36754911 -0.53664185 0.60660092 -0.45711978
1778701935.61955214 -2.50547482 1.94654581 0.52130889 -0.36683673 -0.53704742 0.60728897 -0.45630141
1778701935.62963390 -2.50202939 1.94664379 0.53027258 -0.36558311 -0.53830099 0.60806385 -0.45479599
1778701935.63997197 -2.49426759 1.93780055 0.58069143 -0.36642805 -0.54526066 0.60572055 -0.44891414
1778701935.65024805 -2.49907020 1.92444806 0.59516849 -0.36640840 -0.54856319 0.60346480 -0.44794368
1778701935.66046119 -2.50526191 1.91728043 0.58656272 -0.36194738 -0.54809185 0.60539608 -0.44953867
1778701935.67073655 -2.49860030 1.92007008 0.59472310 -0.36292739 -0.54938453 0.60513031 -0.44752393
1778701935.68097878 -2.48730412 1.92609837 0.60975664 -0.35524298 -0.54994741 0.61102000 -0.44498858
1778701935.69122243 -2.48076349 1.92788448 0.62133961 -0.35651472 -0.55159775 0.61037092 -0.44281432
1778701935.70156360 -2.47554510 1.92293311 0.64447854 -0.34999955 -0.55413247 0.61356784 -0.44042256
1778701935.71185040 -2.46555916 1.92374879 0.66592070 -0.35128707 -0.55700425 0.61264629 -0.43704484
1778701935.72210908 -2.46038229 1.91911537 0.68727106 -0.34804663 -0.55960864 0.61379490 -0.43469246
1778701935.72227240 -2.46172174 1.91679358 0.68666039 -0.35060810 -0.56020452 0.61178740 -0.43469649
1778701935.73236847 -2.45930233 1.91248929 0.69710550 -0.34810963 -0.56168861 0.61264654 -0.43357791
1778701935.74270630 -2.45213119 1.91382776 0.70451157 -0.34282651 -0.56207132 0.61623005 -0.43221098
1778701935.75293446 -2.45190482 1.90796283 0.70790350 -0.34227480 -0.56330768 0.61568134 -0.43182045
1778701935.76320601 -2.44943342 1.90651884 0.70998930 -0.33971188 -0.56359741 0.61714446 -0.43137745
1778701935.77345276 -2.43401000 1.91528158 0.72317407 -0.33685786 -0.56427114 0.62023039 -0.42829793
1778701935.78370833 -2.44145221 1.89628686 0.73330584 -0.33371275 -0.56698263 0.61918647 -0.42868941
1778701935.79409146 -2.42558157 1.90793422 0.74270633 -0.33094396 -0.56691424 0.62266343 -0.42588097
1778701935.80448389 -2.43119027 1.88830298 0.75891709 -0.33099248 -0.57075309 0.61945131 -0.42539976
1778701935.81483865 -2.41659213 1.89082043 0.78044283 -0.32846775 -0.57290628 0.62129347 -0.42176031
1778701935.82516551 -2.41332134 1.88147649 0.79589960 -0.32138347 -0.57475402 0.62404889 -0.42063460
1778701935.83551002 -2.41002987 1.88221459 0.79200620 -0.32356306 -0.57490290 0.62299326 -0.42032487
1778701935.84583306 -2.39731459 1.88607194 0.80340336 -0.31433404 -0.57487877 0.62911874 -0.41823213
1778701935.85611868 -2.38645941 1.88793189 0.81278389 -0.31607699 -0.57636339 0.62840969 -0.41593489
1778701935.86641693 -2.39002698 1.87485115 0.82039894 -0.31550194 -0.57846987 0.62668448 -0.41605011
1778701935.87667584 -2.37252762 1.88360486 0.83104699 -0.30941638 -0.57840304 0.63167278 -0.41315968
1778701935.88691926 -2.36319482 1.88332956 0.83961315 -0.30904388 -0.57966805 0.63193050 -0.41126716
1778701935.89723587 -2.35430357 1.88541100 0.84122656 -0.30760299 -0.57985736 0.63327025 -0.41001784
1778701935.90754628 -2.35321673 1.87919859 0.84409003 -0.30603199 -0.58077841 0.63330126 -0.40984189
1778701935.91782427 -2.34331023 1.87867741 0.85275539 -0.30370468 -0.58183752 0.63458814 -0.40807654
1778701935.92806745 -2.35198960 1.86552534 0.84047766 -0.30529187 -0.58228138 0.63198958 -0.41028579
1778701935.93837357 -2.33962472 1.87098392 0.84607041 -0.30257987 -0.58237097 0.63447171 -0.40833213
1778701935.94866657 -2.32739979 1.87339591 0.85324598 -0.30138231 -0.58321997 0.63558622 -0.40626755
1778701935.95897031 -2.33977503 1.85340792 0.84420267 -0.30174560 -0.58444374 0.63251287 -0.40902637
1778701935.96927428 -2.32471547 1.86115616 0.85079390 -0.30000240 -0.58459019 0.63480756 -0.40653688
1778701935.97965884 -2.32165198 1.85454452 0.85243063 -0.29623909 -0.58523679 0.63598376 -0.40652793
1778701935.98995161 -2.32023375 1.84697016 0.85133317 -0.29760389 -0.58640144 0.63423024 -0.40659228
1778701936.00028896 -2.31469352 1.84529522 0.84814469 -0.29536244 -0.58632653 0.63544940 -0.40643117
1778701936.01061535 -2.31528763 1.83879143 0.84433480 -0.29376321 -0.58657056 0.63550171 -0.40715566
1778701936.02089930 -2.30940135 1.83651614 0.84337568 -0.29506045 -0.58736822 0.63457378 -0.40651446
1778701936.03116894 -2.30695885 1.82975600 0.84231760 -0.29340620 -0.58812499 0.63456301 -0.40663447
1778701936.04152322 -2.31514248 1.81563787 0.83509562 -0.29494324 -0.58918010 0.63160953 -0.40858866
1778701936.04170465 -2.31655559 1.81333191 0.83078002 -0.29342569 -0.58880957 0.63219406 -0.40931080
1778701936.05180621 -2.31094027 1.81546286 0.82503605 -0.28977922 -0.58780481 0.63472535 -0.40943526
1778701936.06212902 -2.32022737 1.80264806 0.80698811 -0.28925721 -0.58734951 0.63329712 -0.41265674
1778701936.07246494 -2.31655884 1.80000469 0.80046515 -0.28856353 -0.58736931 0.63344264 -0.41289079
1778701936.08283877 -2.31505239 1.79507589 0.79885376 -0.28912899 -0.58820251 0.63236478 -0.41296129
1778701936.09315491 -2.31366321 1.79022236 0.79127954 -0.28934143 -0.58849171 0.63159107 -0.41358406
1778701936.10365891 -2.31227684 1.78494322 0.78474210 -0.28981408 -0.58902087 0.63054267 -0.41409921
1778701936.11395478 -2.30861410 1.78510141 0.77825486 -0.28939784 -0.58879012 0.63090231 -0.41417070
1778701936.11416054 -2.31011422 1.78157915 0.77635977 -0.29028241 -0.58921029 0.62982040 -0.41460055
1778701936.12442207 -2.30590981 1.78039614 0.77431434 -0.29073922 -0.58973789 0.62936051 -0.41422853
1778701936.13480639 -2.30294520 1.78025792 0.76161677 -0.29124286 -0.58919351 0.62918985 -0.41490812
1778701936.14511180 -2.29935584 1.77788310 0.75543469 -0.29237693 -0.58970457 0.62814932 -0.41496106
1778701936.15539122 -2.29792604 1.77701825 0.74549762 -0.29223436 -0.58926055 0.62818012 -0.41564506
1778701936.16575623 -2.29510048 1.77449835 0.73761228 -0.29359873 -0.58967991 0.62696774 -0.41591929
1778701936.17609572 -2.29104747 1.77623129 0.72421250 -0.29414587 -0.58900398 0.62700222 -0.41643816
1778701936.18639135 -2.28806144 1.77314607 0.71829289 -0.29537713 -0.58976347 0.62565938 -0.41651139
1778701936.19669461 -2.28591550 1.77444572 0.70587968 -0.29542994 -0.58896593 0.62589648 -0.41724558
1778701936.20702291 -2.28061399 1.77250498 0.70422154 -0.29739787 -0.59027472 0.62417458 -0.41657695
1778701936.21738720 -2.27536725 1.77340054 0.69604629 -0.29867368 -0.59051756 0.62345191 -0.41640216
1778701936.22769761 -2.27578133 1.77003409 0.68638412 -0.29891721 -0.59053410 0.62269321 -0.41733818
1778701936.23804259 -2.27026873 1.76738702 0.68643652 -0.30352204 -0.59264772 0.61921838 -0.41618704
1778701936.24833345 -2.27304277 1.76098988 0.67085870 -0.30682818 -0.59303181 0.61612185 -0.41780810
1778701936.25865340 -2.27167553 1.75825966 0.66000832 -0.30798083 -0.59330259 0.61480828 -0.41851000
1778701936.26895356 -2.26387900 1.76307158 0.65593350 -0.30787367 -0.59321152 0.61554598 -0.41763267
1778701936.27928782 -2.26569465 1.75761084 0.64354555 -0.30771259 -0.59322674 0.61456636 -0.41916964
1778701936.28959799 -2.26429159 1.75563162 0.63124014 -0.31031745 -0.59350462 0.61253828 -0.41982400
1778701936.29993129 -2.26579625 1.75291754 0.61761051 -0.30930941 -0.59275995 0.61274652 -0.42131346
1778701936.30041528 -2.26499467 1.75300508 0.61482087 -0.30964807 -0.59274422 0.61252382 -0.42141065
1778701936.31053305 -2.25756537 1.75752626 0.61161225 -0.31197868 -0.59313745 0.61170441 -0.42032724
1778701936.32087851 -2.25283602 1.76020114 0.59949784 -0.31377281 -0.59281275 0.61101945 -0.42044607
1778701936.33126593 -2.24943470 1.75903804 0.59236761 -0.31512267 -0.59332109 0.60991005 -0.42033025
1778701936.34162021 -2.25028731 1.75295956 0.58943247 -0.31770166 -0.59471582 0.60704740 -0.42056177
1778701936.35192966 -2.24249090 1.75777273 0.58353587 -0.31991397 -0.59499435 0.60634339 -0.41950504
1778701936.36224580 -2.24688203 1.74454805 0.58309170 -0.32181152 -0.59746520 0.60253528 -0.42002848
1778701936.37255716 -2.24376237 1.74650838 0.57036700 -0.32134205 -0.59674632 0.60321476 -0.42043437
1778701936.38288546 -2.23903587 1.74808216 0.56737931 -0.32334004 -0.59733874 0.60212369 -0.41962449
1778701936.39320040 -2.23297010 1.74853187 0.56746514 -0.32630352 -0.59879602 0.60003175 -0.41824781
1778701936.40346909 -2.22854617 1.74901912 0.56222486 0.33033343 0.59980959 -0.59727547 0.41757670
1778701936.41376686 -2.22135864 1.75532143 0.55445918 0.33423506 0.59971459 -0.59575226 0.41678362
1778701936.42412925 -2.21418706 1.76082654 0.54557127 0.33994295 0.60007585 -0.59271744 0.41597331
1778701936.43435240 -2.21467485 1.75468843 0.54315853 0.34298149 0.60187462 -0.58922442 0.41584278
1778701936.44468808 -2.21367784 1.75143333 0.54210584 0.34486614 0.60310882 -0.58713308 0.41545377
1778701936.44487882 -2.21319612 1.74999385 0.54335748 0.34536077 0.60371377 -0.58643449 0.41515084
1778701936.45504236 -2.20711568 1.75391291 0.53977060 0.34854952 0.60411984 -0.58484281 0.41413927
1778701936.46530700 -2.21034412 1.74488440 0.53765259 0.35127145 0.60614494 -0.58091690 0.41440588
1778701936.47561741 -2.20931522 1.74216666 0.53200518 0.35459057 0.60720144 -0.57784350 0.41432937
1778701936.48591018 -2.20368071 1.74464140 0.53310202 0.35665591 0.60804868 -0.57664246 0.41298526
1778701936.49626756 -2.20759495 1.73687712 0.52591573 0.35883896 0.60923117 -0.57339867 0.41386707
1778701936.50661230 -2.20571999 1.73755363 0.51953146 0.36106109 0.60941067 -0.57183784 0.41382969
1778701936.50680351 -2.20391266 1.73713319 0.52280022 0.36113526 0.61006035 -0.57160725 0.41312570
1778701936.51697779 -2.20732516 1.73042984 0.51617871 0.36297767 0.61109651 -0.56876468 0.41390217
1778701936.52744365 -2.20261057 1.73639666 0.50484574 0.36523758 0.61009454 -0.56833530 0.41398205
1778701936.53784847 -2.20275738 1.73510602 0.49423089 0.36718575 0.61010332 -0.56656532 0.41467132
1778701936.54820943 -2.20377348 1.73365918 0.48117603 0.36864387 0.60974247 -0.56517678 0.41580167
1778701936.55855608 -2.20665926 1.73081869 0.46685903 0.37045893 0.60940719 -0.56320754 0.41734916
1778701936.56891108 -2.20730363 1.72984221 0.45722097 0.37134404 0.60909482 -0.56235664 0.41816517
1778701936.57921815 -2.20648296 1.73237702 0.43974612 0.37306199 0.60777352 -0.56166630 0.41948428
1778701936.58951592 -2.20559289 1.73388973 0.42576676 0.37392934 0.60682290 -0.56137801 0.42047301
1778701936.59982133 -2.20486580 1.73622351 0.41159269 0.37512875 0.60563010 -0.56105269 0.42155721
1778701936.61011314 -2.20424909 1.73752217 0.39789341 0.37643343 0.60478399 -0.56034810 0.42254490
1778701936.62037873 -2.20439489 1.73815582 0.38437304 0.37657916 0.60382288 -0.56045284 0.42364925
1778701936.63074422 -2.20399445 1.73689832 0.37999953 0.37643587 0.60408039 -0.56023625 0.42369596
1778701936.64104199 -2.20441348 1.73800227 0.36468058 0.37746267 0.60281559 -0.55982855 0.42512033
1778701936.65133524 -2.20490244 1.73757194 0.35377072 0.37759462 0.60223335 -0.55969584 0.42600218
1778701936.66166282 -2.20452793 1.73914348 0.33910401 0.37811642 0.60106703 -0.55972138 0.42715147
1778701936.67202640 -2.20590237 1.73789142 0.32843286 0.37894056 0.60054685 -0.55891364 0.42820915
1778701936.68240237 -2.20612279 1.73862330 0.31476961 0.37965542 0.59959891 -0.55860626 0.42930404
1778701936.69273949 -2.20653566 1.73897204 0.30213017 0.38030944 0.59878653 -0.55827056 0.43029457
1778701936.70307159 -2.20686018 1.73949742 0.29114634 0.38111364 0.59799337 -0.55787794 0.43119430
1778701936.71343684 -2.20718971 1.74024256 0.27696832 0.38211712 0.59700283 -0.55738745 0.43231164
1778701936.72373033 -2.20799027 1.73954983 0.26809303 0.38243957 0.59668110 -0.55706000 0.43289237
1778701936.73406291 -2.20850633 1.74044294 0.25307314 0.38317061 0.59548496 -0.55687308 0.43413169
1778701936.74435973 -2.20733944 1.74264600 0.24277161 0.38352800 0.59450066 -0.55724550 0.43468689
1778701936.75468326 -2.20915918 1.74215583 0.22692660 0.38406630 0.59328090 -0.55698753 0.43620607
1778701936.76501727 -2.20969025 1.74305695 0.21185228 0.38469478 0.59202033 -0.55695489 0.43740497
1778701936.77534103 -2.21066013 1.74340367 0.19808819 0.38526324 0.59095337 -0.55684127 0.43849076
1778701936.78564239 -2.21111759 1.74415122 0.18748236 0.38561624 0.59005457 -0.55692025 0.43928983
1778701936.79600954 -2.21009257 1.74778759 0.16934519 0.38656274 0.58814132 -0.55731584 0.44052025
1778701936.80634093 -2.20908423 1.75127133 0.15332049 0.38778451 0.58654090 -0.55737899 0.44149927
1778701936.81673527 -2.20728237 1.75588362 0.13709186 0.38889984 0.58473198 -0.55784015 0.44233448
1778701936.82706094 -2.20430302 1.76155641 0.12262899 0.38976516 0.58283450 -0.55872783 0.44295629
1778701936.83741069 -2.20217412 1.76646386 0.10721456 0.39105610 0.58113097 -0.55905785 0.44363976
1778701936.84774184 -2.20063070 1.77102076 0.08752002 0.39237187 0.57889294 -0.55944276 0.44491694
1778701936.85809922 -2.19873524 1.77516670 0.07259563 0.39382094 0.57718529 -0.55949555 0.44578800
1778701936.86840177 -2.19800537 1.77868521 0.05283359 0.39448605 0.57490960 -0.56025909 0.44717946
1778701936.87867141 -2.19463548 1.78513889 0.03498234 0.39527594 0.57253951 -0.56153854 0.44791730
1778701936.88895631 -2.19324136 1.78871315 0.01947044 0.39521061 0.57062324 -0.56294726 0.44865140
1778701936.89929533 -2.19113394 1.79286968 0.00790469 0.39520341 0.56900945 -0.56430008 0.44900772
1778701936.90954518 -2.19055367 1.79573098 -0.01002779 0.39554953 0.56689365 -0.56525884 0.45017175
1778701936.91981387 -2.18937347 1.79938314 -0.02713674 -0.39535023 -0.56466525 0.56690668 -0.45107446
1778701936.93012571 -2.18781964 1.80318352 -0.03933031 -0.39491794 -0.56288411 0.56863013 -0.45150977
1778701936.94040585 -2.18170494 1.81288438 -0.05050328 -0.39593447 -0.56094360 0.57032071 -0.45090183
1778701936.95066833 -2.18049842 1.81694430 -0.06849603 -0.39640283 -0.55868064 0.57147801 -0.45183363
1778701936.96108890 -2.17690278 1.82348941 -0.08814239 -0.39624596 -0.55569112 0.57379822 -0.45271639
1778701936.96128511 -2.17647630 1.82466207 -0.09179498 -0.39612169 -0.55517396 0.57432326 -0.45279385
1778701936.97143960 -2.17340261 1.83022476 -0.10349199 -0.39672100 -0.55348561 0.57546930 -0.45288101
1778701936.98174000 -2.16821522 1.83898829 -0.12277514 -0.39713255 -0.55050642 0.57780100 -0.45318254
1778701936.99203825 -2.16172414 1.84892601 -0.14466643 -0.39806795 -0.54713403 0.58001258 -0.45362062
1778701937.00237536 -2.15750355 1.85545870 -0.16192740 -0.39894402 -0.54463564 0.58132499 -0.45417723
1778701937.01268506 -2.15424449 1.86182154 -0.18007594 -0.39899719 -0.54204645 0.58339255 -0.45457674
1778701937.02299261 -2.14867614 1.87053720 -0.19874758 -0.40000834 -0.53933041 0.58508806 -0.45473948
1778701937.03334808 -2.14059715 1.88094698 -0.21988608 -0.40147144 -0.53597202 0.58684244 -0.45516000
1778701937.03353667 -2.14124301 1.88094191 -0.22209754 -0.40117706 -0.53579590 0.58718687 -0.45518271
1778701937.04366374 -2.13765342 1.88638926 -0.23843784 -0.40158177 -0.53354270 0.58859493 -0.45565368
1778701937.05396080 -2.13541832 1.89146115 -0.25351968 -0.40151248 -0.53160326 0.59027594 -0.45580700
1778701937.06425381 -2.13183218 1.89763663 -0.26831409 -0.40140434 -0.52960557 0.59223613 -0.45568504
1778701937.07470179 -2.12569971 1.90601618 -0.28014782 -0.40271232 -0.52785154 0.59325507 -0.45524055
1778701937.07522821 -2.12452423 1.90726776 -0.28856685 -0.40226494 -0.52662567 0.59430010 -0.45569257
1778701937.08525681 -2.11893619 1.91437705 -0.30421183 -0.40254867 -0.52417838 0.59628514 -0.45567052
1778701937.09563613 -2.11620885 1.91928033 -0.31856727 -0.40293821 -0.52252505 0.59743084 -0.45572445
1778701937.10607195 -2.10768117 1.92923462 -0.33932461 -0.40317024 -0.51917537 0.60039257 -0.45545522
1778701937.11644125 -2.10493552 1.93308692 -0.35146976 -0.40355763 -0.51770888 0.60133557 -0.45553736
1778701937.12673640 -2.09863699 1.94041733 -0.37032798 -0.40496785 -0.51530834 0.60231271 -0.45571676
1778701937.13702893 -2.09647052 1.94335264 -0.38716314 -0.40556764 -0.51359354 0.60295750 -0.45626617
1778701937.14737964 -2.09096619 1.94969120 -0.40276963 -0.40723296 -0.51182331 0.60334838 -0.45625536
1778701937.15773463 -2.09033018 1.95050946 -0.41380062 -0.40833051 -0.51101611 0.60289418 -0.45677932
1778701937.16807890 -2.08940127 1.95018861 -0.43715789 -0.40909936 -0.50873649 0.60300739 -0.45848335
1778701937.17837477 -2.08782588 1.95184324 -0.45070600 -0.40989960 -0.50763006 0.60305229 -0.45893570
1778701937.18866611 -2.08644240 1.95336236 -0.45979758 -0.41093343 -0.50706129 0.60262409 -0.45920232
1778701937.19903302 -2.08804918 1.95084193 -0.47414031 -0.41171624 -0.50635388 0.60179919 -0.46036205
1778701937.20938778 -2.08883041 1.94910962 -0.48785284 -0.41301722 -0.50582461 0.60050923 -0.46146170
1778701937.21974182 -2.09060990 1.94704752 -0.49447165 -0.41370636 -0.50597344 0.59949294 -0.46200233
1778701937.21992207 -2.08965237 1.94716643 -0.50038570 -0.41449630 -0.50557412 0.59887102 -0.46253770
1778701937.23010540 -2.09330731 1.94218565 -0.51077286 -0.41639210 -0.50595072 0.59597894 -0.46415578
1778701937.24043083 -2.09233233 1.94103456 -0.52664622 -0.41790246 -0.50506547 0.59476967 -0.46531220
1778701937.25074220 -2.09308493 1.93996293 -0.53433051 -0.41965908 -0.50551218 0.59277742 -0.46578818
1778701937.26109743 -2.08901185 1.94129655 -0.54991438 -0.42076152 -0.50385275 0.59285880 -0.46648751
1778701937.26126981 -2.08951080 1.94045891 -0.55259107 -0.42115956 -0.50392142 0.59231607 -0.46674351
1778701937.27145100 -2.09659094 1.93320344 -0.55474009 -0.42109308 -0.50517831 0.59069765 -0.46749521
1778701937.28180695 -2.09719685 1.93125820 -0.56409548 -0.42302528 -0.50555383 0.58836520 -0.46828551
1778701937.29214430 -2.09501821 1.93142886 -0.57688894 -0.42516229 -0.50521892 0.58643017 -0.46913807
1778701937.30250931 -2.09747693 1.92804978 -0.58229255 -0.42611757 -0.50591392 0.58457685 -0.46983489
1778701937.31280947 -2.09897643 1.92585805 -0.58827500 -0.42834956 -0.50711919 0.58133102 -0.47053270
1778701937.32310343 -2.09204553 1.93020515 -0.60241093 -0.43199801 -0.50663053 0.57843892 -0.47128721
1778701937.33345437 -2.10273343 1.92039059 -0.59960513 -0.43367446 -0.51014203 0.57313303 -0.47244058
1778701937.34374928 -2.10171490 1.91724722 -0.61612801 -0.43477491 -0.50913886 0.57169469 -0.47425054
1778701937.35408354 -2.10307010 1.91355694 -0.62522258 -0.43654936 -0.50984196 0.56876267 -0.47538916
1778701937.36437964 -2.11088365 1.90341598 -0.63122541 -0.43649310 -0.51132079 0.56622812 -0.47687581
1778701937.37473512 -2.12376308 1.88853203 -0.63343553 -0.43403112 -0.51299617 0.56535723 -0.47835460
1778701937.38506866 -2.12678396 1.88018998 -0.64931653 -0.43508137 -0.51306147 0.56246393 -0.48073533
1778701937.39530969 -2.11263030 1.88728699 -0.67569619 -0.44066002 -0.51077406 0.55857256 -0.48262336
1778701937.40566468 -2.10890090 1.88216819 -0.70365392 -0.44191620 -0.50836314 0.55701752 -0.48580703
1778701937.40584135 -2.10862982 1.88133256 -0.70634362 -0.44306184 -0.50869163 0.55541946 -0.48624918
1778701937.41602302 -2.10789579 1.87892800 -0.71467142 -0.44397506 -0.50874415 0.55380943 -0.48719672
1778701937.42630434 -2.11338775 1.86633759 -0.73062032 -0.44425775 -0.50909298 0.55072582 -0.49006169
1778701937.43656206 -2.11889077 1.86268672 -0.72023489 -0.44433331 -0.51217065 0.54861889 -0.48914870
1778701937.44685149 -2.11767805 1.85803733 -0.73501033 -0.44568523 -0.51166786 0.54630438 -0.49103178
1778701937.45714474 -2.12054105 1.84832904 -0.74977257 -0.44598651 -0.51176031 0.54384590 -0.49338531
1778701937.46742821 -2.11991886 1.84229468 -0.76464843 -0.44661206 -0.51144020 0.54199339 -0.49518659
1778701937.47769666 -2.12113553 1.83619167 -0.77380364 -0.44718339 -0.51173451 0.53994836 -0.49659901
1778701937.48794317 -2.12294908 1.82734554 -0.78775065 -0.44753447 -0.51183108 0.53762086 -0.49870398
1778701937.49820638 -2.12459077 1.82229795 -0.79144409 -0.44852435 -0.51319411 0.53485701 -0.49938531
1778701937.50854540 -2.12731722 1.81186281 -0.80593223 -0.44726987 -0.51290343 0.53425980 -0.50144412
1778701937.51879287 -2.12773643 1.80757460 -0.81171004 -0.44710616 -0.51321395 0.53347869 -0.50210359
1778701937.52905226 -2.12876439 1.80014239 -0.82259022 -0.44702874 -0.51339940 0.53194922 -0.50360340
1778701937.53934693 -2.12782387 1.79854624 -0.82404936 -0.44689850 -0.51418007 0.53161831 -0.50327186
1778701937.54963803 -2.12802205 1.79238462 -0.83468099 -0.44693799 -0.51402818 0.53037541 -0.50470129
1778701937.55990148 -2.12780932 1.78637815 -0.84504103 -0.44684459 -0.51404328 0.52928465 -0.50591223
1778701937.57019353 -2.12442463 1.78436574 -0.85390515 -0.44702089 -0.51378288 0.52892812 -0.50639364
1778701937.58049774 -2.12639154 1.77811643 -0.85941883 -0.44656063 -0.51428932 0.52798517 -0.50726892
1778701937.59078717 -2.12628299 1.77442669 -0.86308293 -0.44631657 -0.51504214 0.52729950 -0.50743309
1778701937.60108566 -2.12725438 1.76717435 -0.87129096 -0.44605863 -0.51551197 0.52592951 -0.50860325
1778701937.61142039 -2.12716446 1.76123267 -0.87859419 -0.44652323 -0.51617563 0.52395375 -0.50956079
1778701937.62173057 -2.12589209 1.75715133 -0.88616233 -0.44650908 -0.51611991 0.52323795 -0.51036450
1778701937.63201237 -2.12395600 1.75001691 -0.90076394 -0.44713744 -0.51580433 0.52114604 -0.51227026
1778701937.64231968 -2.11886719 1.74661004 -0.91516006 -0.44767767 -0.51491250 0.52027405 -0.51358031
1778701937.65259838 -2.11658805 1.74258443 -0.92525467 -0.44780727 -0.51451390 0.51948015 -0.51466927
1778701937.66292858 -2.10932808 1.74333536 -0.93558225 -0.45013134 -0.51429789 0.51695628 -0.51539853
1778701937.67327118 -2.10312908 1.73757369 -0.95679503 0.45028888 0.51247835 -0.51643452 0.51759178
1778701937.68358350 -2.09629752 1.73459764 -0.97319131 0.45168207 0.51147900 -0.51455401 0.51923666
1778701937.69389272 -2.09025290 1.73447819 -0.98236013 0.45304718 0.51098345 -0.51313618 0.51993791
1778701937.70418835 -2.08747349 1.72299437 -1.00485382 0.45239708 0.50947405 -0.51217208 0.52292718
1778701937.71457887 -2.08241553 1.71702075 -1.02096297 0.45270099 0.50852208 -0.51099172 0.52474238
1778701937.72486305 -2.07874186 1.71100333 -1.03534787 0.45287515 0.50761572 -0.50988018 0.52654779
1778701937.73515868 -2.07451329 1.70260817 -1.05351500 0.45266538 0.50646228 -0.50886877 0.52881242
1778701937.74547338 -2.06617929 1.69777671 -1.07410295 0.45319983 0.50460862 -0.50798975 0.53096748
1778701937.75582576 -2.06045680 1.69161166 -1.09115176 0.45279255 0.50325409 -0.50789600 0.53268741
1778701937.76616955 -2.05559540 1.68722307 -1.10454958 0.45254569 0.50209953 -0.50786841 0.53401136
1778701937.77647281 -2.04663026 1.68342147 -1.12315982 0.45355192 0.50056636 -0.50647831 0.53591390
1778701937.78677607 -2.03934521 1.67371295 -1.14745247 0.45475724 0.49898547 -0.50327221 0.53937597
1778701937.79715538 -2.03319496 1.66615462 -1.16739582 0.45440808 0.49701981 -0.50297967 0.54175276
1778701937.79736018 -2.03127412 1.66117669 -1.17753534 0.45329089 0.49569385 -0.50408854 0.54287173
1778701937.80755162 -2.02218478 1.65599997 -1.19862317 0.45426409 0.49364465 -0.50253649 0.54535875
1778701937.81791711 -2.00999988 1.65358261 -1.21974534 0.45643667 0.49185154 -0.49976945 0.54770259
1778701937.82822514 -2.00050309 1.63986904 -1.25222370 0.45663150 0.48893963 -0.49754895 0.55215102
1778701937.83857489 -1.99354404 1.63454169 -1.26919335 0.45680736 0.48739724 -0.49685746 0.55398884
1778701937.84887266 -1.98591087 1.62661222 -1.28983130 0.45760078 0.48610283 -0.49437076 0.55668942
1778701937.85916543 -1.97303132 1.62016418 -1.31681095 0.45918724 0.48366246 -0.49157852 0.55997166
1778701937.86942840 -1.96234927 1.61857081 -1.33429384 0.46084340 0.48204250 -0.48942448 0.56189151
1778701937.86957812 -1.95600385 1.61510676 -1.34836975 0.46064559 0.48000838 -0.48991153 0.56336869
1778701937.87971210 -1.94402692 1.61039218 -1.37126602 0.46179096 0.47755991 -0.48816075 0.56602537
1778701937.89007044 -1.92675550 1.60979102 -1.39619291 0.46465921 0.47505840 -0.48482268 0.56864604
1778701937.90040421 -1.90367918 1.61466391 -1.42242535 0.46830579 0.47159328 -0.48225619 0.57071747
1778701937.91073680 -1.88548794 1.61730840 -1.44419622 0.47160007 0.46898570 -0.47908043 0.57282434
1778701937.92102551 -1.87946699 1.60203027 -1.47067832 0.47030687 0.46706626 -0.47759008 0.57668733
1778701937.93127513 -1.85735740 1.60644608 -1.49580506 0.47389807 0.46398822 -0.47428880 0.57895222
1778701937.94153833 -1.83989476 1.61032998 -1.51474873 0.47678567 0.46161765 -0.47168862 0.58059833
1778701937.94173980 -1.83354900 1.61422467 -1.51868502 0.47823896 0.46111260 -0.47055720 0.58072247
1778701937.95183372 -1.81741033 1.61663852 -1.53727892 0.48037596 0.45867576 -0.46881453 0.58229582
1778701937.96209550 -1.79584513 1.62384093 -1.55723721 0.48443253 0.45630754 -0.46506555 0.58380013
1778701937.97239709 -1.77772285 1.62851637 -1.57554569 0.48725101 0.45411771 -0.46252451 0.58517915
1778701937.98267913 -1.76295427 1.63037733 -1.59226749 0.48925853 0.45200783 -0.46062239 0.58663619
1778701937.99295783 -1.74176075 1.63698187 -1.61120441 0.49267212 0.44936113 -0.45788945 0.58795068
1778701938.00325537 -1.71935003 1.64089325 -1.63377063 0.49522518 0.44582936 -0.45650330 0.58957013
1778701938.01349354 -1.69831639 1.64254556 -1.65624638 0.49673161 0.44178091 -0.45671899 0.59118111
1778701938.02377915 -1.66970990 1.63784612 -1.69308759 0.49752228 0.43534918 -0.45791960 0.59435034
1778701938.03409266 -1.64243010 1.64304349 -1.71699320 0.50016522 0.43085523 -0.45757177 0.59567323
1778701938.04439473 -1.61715209 1.64424151 -1.74175132 0.50204678 0.42615473 -0.45758810 0.59745653
1778701938.04457736 -1.61109735 1.64489826 -1.74733640 0.50264840 0.42519915 -0.45730209 0.59785036
1778701938.05474305 -1.59934715 1.64811136 -1.75722437 0.50410708 0.42381777 -0.45630182 0.59836711
1778701938.06499529 -1.56995490 1.65446542 -1.78009102 0.50732380 0.41949379 -0.45509016 0.59961693
1778701938.07527542 -1.54957831 1.65192522 -1.80239956 0.50864423 0.41577715 -0.45427365 0.60170246
1778701938.08549619 -1.52787437 1.65034490 -1.82509900 0.51051316 0.41241181 -0.45238245 0.60385672
1778701938.09573889 -1.51289532 1.64902962 -1.84102228 0.51193897 0.41055806 -0.45038170 0.60540639
1778701938.10598969 -1.50947695 1.64989252 -1.84508639 0.51301077 0.41144187 -0.44768783 0.60589698
1778701938.11630869 -1.50840240 1.65213995 -1.84571145 0.51359342 0.41231792 -0.44646412 0.60571075
1778701938.12662506 -1.49812465 1.65245333 -1.85655585 0.51481086 0.41153288 -0.44444030 0.60669868
1778701938.13689566 -1.49239156 1.65388641 -1.86278818 0.51589329 0.41179946 -0.44227407 0.60718116
1778701938.14718485 -1.48703142 1.65667375 -1.86682521 0.51703597 0.41197774 -0.44056690 0.60732936
1778701938.15744567 -1.47460132 1.65832237 -1.87856514 0.51862343 0.41087353 -0.43848401 0.60823060
1778701938.16769862 -1.46955189 1.66561972 -1.87921212 0.52014235 0.41157145 -0.43721008 0.60737816
1778701938.17802525 -1.46437784 1.66664932 -1.88580651 0.52071230 0.41148202 -0.43632414 0.60758743
1778701938.18834496 -1.46205276 1.66864794 -1.88842652 0.52107708 0.41175835 -0.43601707 0.60730788
1778701938.19857216 -1.46318260 1.66981054 -1.88979681 0.52122393 0.41294416 -0.43515087 0.60699791
1778701938.20884204 -1.46091738 1.67053592 -1.89433955 0.52143791 0.41329320 -0.43473028 0.60687793
1778701938.21914911 -1.46142157 1.67146851 -1.89560974 0.52140431 0.41394255 -0.43475061 0.60644952
1778701938.22943091 -1.46212421 1.67146428 -1.89852888 0.52132151 0.41471659 -0.43448686 0.60618083
1778701938.23976159 -1.46173283 1.67617310 -1.89802025 0.52178492 0.41560998 -0.43467584 0.60503368
1778701938.25007319 -1.46030067 1.67466799 -1.90419418 0.52158174 0.41568105 -0.43475656 0.60510204
1778701938.26034117 -1.45972880 1.67562634 -1.90665372 0.52169298 0.41603618 -0.43466924 0.60482475
1778701938.27065873 -1.45511380 1.67648292 -1.91325355 0.52210671 0.41576970 -0.43446573 0.60479721
1778701938.28090477 -1.44557469 1.67882419 -1.92249849 0.52312629 0.41466338 -0.43419291 0.60487162
1778701938.29116392 -1.44122933 1.68149037 -1.92645062 0.52373438 0.41441441 -0.43421813 0.60449781
1778701938.30140376 -1.44254722 1.68183473 -1.92921368 0.52365741 0.41511287 -0.43418798 0.60410680
1778701938.31166124 -1.44132346 1.68442332 -1.93216116 0.52407840 0.41552627 -0.43410151 0.60351937
1778701938.32189965 -1.44449553 1.68594150 -1.93143754 0.52395547 0.41650972 -0.43438536 0.60274346
1778701938.33217239 -1.44591923 1.68912611 -1.93193173 0.52433031 0.41748376 -0.43418087 0.60189037
1778701938.34243798 -1.44404944 1.69183004 -1.93551693 0.52512325 0.41794924 -0.43328365 0.60152247
1778701938.35274768 -1.44543532 1.69065158 -1.93902312 0.52520199 0.41856926 -0.43242641 0.60163946
1778701938.35294890 -1.44547658 1.69079406 -1.94009208 0.52537744 0.41875458 -0.43199369 0.60166819
1778701938.36305714 -1.44610269 1.69184061 -1.94221582 0.52573235 0.41939034 -0.43129184 0.60141881
1778701938.37334919 -1.44749782 1.69474473 -1.94355788 0.52619780 0.42029859 -0.43087819 0.60067375
1778701938.38363481 -1.44694786 1.69722769 -1.94670142 0.52666660 0.42075511 -0.43073834 0.60004327
1778701938.39391685 -1.44342410 1.69834768 -1.95203309 0.52704359 0.42032860 -0.43103290 0.59979960
1778701938.40426326 -1.43696442 1.70284434 -1.95804589 0.52791158 0.41958275 -0.43181980 0.59899193
1778701938.41455722 -1.43250471 1.70612682 -1.96349862 0.52859473 0.41919426 -0.43229879 0.59831559
1778701938.42489839 -1.43139032 1.70430569 -1.96975972 0.52847375 0.41895502 -0.43256125 0.59840032
1778701938.42509222 -1.43188302 1.70479625 -1.97025638 0.52851142 0.41912709 -0.43264796 0.59818384
1778701938.43524790 -1.43735282 1.70363847 -1.97108816 0.52795148 0.42009836 -0.43310553 0.59766564
1778701938.44558501 -1.44202974 1.70335608 -1.97313392 0.52752301 0.42094252 -0.43383522 0.59692032
1778701938.45590639 -1.45558823 1.70315872 -1.96845707 0.52653137 0.42343741 -0.43440339 0.59561663
1778701938.46617675 -1.45646842 1.70670964 -1.96856422 0.52731574 0.42422665 -0.43354370 0.59498716
1778701938.47646713 -1.46456337 1.70297915 -1.97134394 0.52623475 0.42535426 -0.43432906 0.59456624
1778701938.48677826 -1.46974040 1.69901672 -1.97643650 0.52536976 0.42593078 -0.43498798 0.59443674
1778701938.49705076 -1.47652441 1.69715893 -1.97719627 0.52452527 0.42687343 -0.43589079 0.59384471
1778701938.50735044 -1.48031971 1.69348148 -1.98319389 0.52373234 0.42713221 -0.43674325 0.59373214
1778701938.51763630 -1.48522439 1.68846906 -1.98956401 0.52264827 0.42738260 -0.43778620 0.59373912
1778701938.52788496 -1.48755492 1.68508436 -1.99499504 0.52183251 0.42722862 -0.43910819 0.59359121
1778701938.52804852 -1.48940792 1.68357040 -1.99633744 0.52149144 0.42738560 -0.43935344 0.59359648
1778701938.53819394 -1.49063279 1.67881640 -2.00377936 0.52060969 0.42687720 -0.44066691 0.59376265
1778701938.54845524 -1.50139328 1.66817524 -2.01018204 0.51819376 0.42744901 -0.44267888 0.59396800
1778701938.55872488 -1.50423939 1.66096234 -2.01992179 0.51671063 0.42674777 -0.44486089 0.59413404
1778701938.56901383 -1.50430508 1.65980572 -2.02537217 0.51625916 0.42622011 -0.44639952 0.59375110
1778701938.57924652 -1.51214642 1.65263191 -2.03181029 0.51407082 0.42618201 -0.44951963 0.59332301
1778701938.58949542 -1.52073023 1.64505443 -2.03797039 0.51237672 0.42669244 -0.45079900 0.59345085
1778701938.59974408 -1.52733010 1.63949979 -2.04239993 0.51106787 0.42710455 -0.45186346 0.59347346
1778701938.60996914 -1.53508477 1.63426355 -2.04753010 0.50962280 0.42754811 -0.45348584 0.59315917
1778701938.62043285 -1.54447747 1.63110237 -2.04989042 0.50839487 0.42850575 -0.45485194 0.59247548
1778701938.63073015 -1.54835178 1.62381071 -2.06025899 0.50729436 0.42825049 -0.45549947 0.59310554
1778701938.64102745 -1.54869606 1.62419512 -2.06531944 0.50757744 0.42833970 -0.45519099 0.59303575
1778701938.65131927 -1.55926754 1.62006357 -2.06830839 0.50605426 0.42933213 -0.45670401 0.59245629
1778701938.66161299 -1.57916199 1.61884054 -2.06188370 0.50435200 0.43240038 -0.45751293 0.59105067
1778701938.67198920 -1.59125146 1.61741842 -2.05992124 0.50285858 0.43374320 -0.45927735 0.58996983
1778701938.68235540 -1.60597347 1.61739731 -2.05661820 0.50083271 0.43516436 -0.46276962 0.58791398
1778701938.69265556 -1.62112365 1.61528062 -2.05477241 0.49930271 0.43721689 -0.46378546 0.58689116
1778701938.70293212 -1.63487119 1.61433498 -2.05323231 0.49742759 0.43856902 -0.46660417 0.58523803
1778701938.71330214 -1.64549323 1.61577637 -2.04998906 0.49693752 0.44045036 -0.46653495 0.58429591
1778701938.72362399 -1.66011815 1.61148769 -2.05046207 0.49510777 0.44209376 -0.46775884 0.58362923
1778701938.73395395 -1.67238557 1.61034912 -2.05022300 0.49370285 0.44345198 -0.46937652 0.58248907
1778701938.74425507 -1.68049889 1.60997528 -2.05052265 0.49281453 0.44430485 -0.47051957 0.58166861
1778701938.75462365 -1.69148736 1.60863937 -2.05146510 0.49149722 0.44537736 -0.47214110 0.58064815
1778701938.76492023 -1.70347726 1.60907600 -2.04994328 0.49012725 0.44662479 -0.47424687 0.57912993
1778701938.77523589 -1.71535672 1.60805440 -2.04967117 0.48856907 0.44767005 -0.47648856 0.57779792
1778701938.78549910 -1.72453276 1.60762237 -2.04883215 0.48753084 0.44861185 -0.47784593 0.57682264
1778701938.79585457 -1.73652547 1.61349343 -2.04239881 0.48681461 0.45035641 -0.47979978 0.57444129
1778701938.80616975 -1.75251661 1.61129539 -2.03888784 0.48493656 0.45222645 -0.48157759 0.57307136
1778701938.81652546 -1.76117527 1.60877880 -2.03995166 0.48351793 0.45270449 -0.48347437 0.57229503
1778701938.81670856 -1.76602663 1.60861771 -2.03797317 0.48300244 0.45334624 -0.48395950 0.57181206
1778701938.82682633 -1.77908062 1.61090058 -2.03083835 0.48176201 0.45509965 -0.48576850 0.56992863
1778701938.83713031 -1.79420787 1.61224645 -2.02465877 0.48005065 0.45684775 -0.48828243 0.56782196
1778701938.84749389 -1.80995828 1.60946965 -2.02126758 0.47779406 0.45829437 -0.49087699 0.56632048
1778701938.85781288 -1.82212742 1.60845486 -2.01720267 0.47608791 0.45946401 -0.49310601 0.56487130
1778701938.86813426 -1.83353534 1.61089231 -2.01294430 0.47504600 0.46090995 -0.49479349 0.56309210
1778701938.87843800 -1.84688533 1.61351336 -2.00668125 0.47365064 0.46252567 -0.49704776 0.56095329
1778701938.88874078 -1.85810700 1.61521587 -2.00096052 0.47247127 0.46396529 -0.49867177 0.55931527
1778701938.89904380 -1.86747089 1.61992752 -1.99658277 0.47163016 0.46505599 -0.50082329 0.55719292
1778701938.90933752 -1.88000208 1.62531181 -1.98856403 0.47074900 0.46701967 -0.50239015 0.55488029
1778701938.91968536 -1.88891673 1.63125650 -1.98134145 0.47016545 0.46843252 -0.50397109 0.55274638
1778701938.91986632 -1.89244699 1.63880260 -1.97347437 0.47083003 0.46986089 -0.50351334 0.55138385
1778701938.93003583 -1.90416189 1.63727864 -1.96990164 0.46921241 0.47115322 -0.50508019 0.55022573
1778701938.94036508 -1.91463418 1.64440766 -1.96201315 0.46871329 0.47302549 -0.50636016 0.54786324
1778701938.95070696 -1.92497450 1.65215819 -1.95343866 0.46841477 0.47509228 -0.50723142 0.54551922
1778701938.96100330 -1.93522540 1.65645832 -1.94564676 0.46761517 0.47681879 -0.50837303 0.54363292
1778701938.96120358 -1.93805866 1.65833922 -1.94321809 0.46744335 0.47732926 -0.50875863 0.54297160
1778701938.97134185 -1.94584049 1.66780166 -1.93284403 0.46762997 0.47935647 -0.50915992 0.54064383
1778701938.98170424 -1.95667725 1.67154072 -1.92633060 0.46680568 0.48119596 -0.51010944 0.53882397
1778701938.99200130 -1.96365275 1.67598129 -1.92284860 0.46622248 0.48225129 -0.51149132 0.53707255
1778701939.00236607 -1.97013228 1.68033852 -1.91780093 0.46591271 0.48352173 -0.51213088 0.53558756
1778701939.01266980 -1.98169280 1.67585703 -1.91732985 0.46373518 0.48437254 -0.51424270 0.53468436
1778701939.02294898 -1.99143263 1.67769333 -1.91260490 0.46272376 0.48590410 -0.51527970 0.53317048
1778701939.03329921 -1.99870101 1.67837512 -1.90957919 0.46177485 0.48688346 -0.51636161 0.53205185
1778701939.03351235 -2.00006164 1.67876624 -1.90956594 0.46153887 0.48699500 -0.51680918 0.53171986
1778701939.04361796 -2.00703139 1.67940838 -1.90660789 0.46067984 0.48799957 -0.51768732 0.53068855
1778701939.05391073 -2.01792856 1.67904225 -1.90195610 0.45920571 0.48952652 -0.51896997 0.52930528
1778701939.06429458 -2.02991682 1.67922306 -1.89525151 0.45787226 0.49152476 -0.51973141 0.52785952
1778701939.07457829 -2.03887521 1.67750939 -1.89179452 0.45631053 0.49251072 -0.52131931 0.52672581
1778701939.08482814 -2.04787032 1.67762500 -1.88781336 0.45558889 0.49431473 -0.52114675 0.52583056
1778701939.09509563 -2.06136625 1.67314900 -1.88306191 0.45297652 0.49561184 -0.52368958 0.52433806
1778701939.10537553 -2.06695333 1.67290591 -1.88138088 0.45244709 0.49671049 -0.52368977 0.52375504
1778701939.11567569 -2.08086755 1.67097581 -1.87315435 -0.45087479 -0.49920985 0.52395613 -0.52246667
1778701939.12594318 -2.09036925 1.67150181 -1.86749030 -0.44992895 -0.50111424 0.52422737 -0.52118530
1778701939.13629985 -2.10166676 1.67733954 -1.85447064 -0.44936047 -0.50393367 0.52433264 -0.51884612
1778701939.14662623 -2.10692444 1.67915533 -1.85082507 -0.44918327 -0.50537690 0.52396394 -0.51796753
1778701939.15693545 -2.11465947 1.67215450 -1.85420212 -0.44711741 -0.50570984 0.52575249 -0.51761752
1778701939.16721129 -2.12269186 1.67540839 -1.84704793 -0.44669400 -0.50783409 0.52562663 -0.51602874
1778701939.17748904 -2.12768019 1.67563433 -1.84484157 -0.44619606 -0.50896948 0.52573142 -0.51523355
1778701939.18774724 -2.13853627 1.67480955 -1.83795019 -0.44503603 -0.51127879 0.52576005 -0.51391955
1778701939.19808888 -2.13984965 1.68525369 -1.83100635 -0.44638030 -0.51325695 0.52445577 -0.51211140
1778701939.20834732 -2.14918053 1.67617206 -1.83243320 -0.44440268 -0.51425286 0.52501227 -0.51226201
1778701939.21871495 -2.15286550 1.67510707 -1.83362143 -0.44434964 -0.51562905 0.52391798 -0.51204495
1778701939.22901654 -2.15338940 1.67623423 -1.83630231 -0.44457689 -0.51638266 0.52346865 -0.51154756
1778701939.23934913 -2.15795471 1.68392503 -1.82741907 -0.44543229 -0.51903779 0.52178624 -0.50983230
1778701939.24957252 -2.16235964 1.67475604 -1.83435557 -0.44416602 -0.51940488 0.52167296 -0.51067841
1778701939.25988650 -2.16627865 1.67565173 -1.83287099 0.44428988 0.52121575 -0.52037974 0.51004468
1778701939.27021146 -2.16884637 1.68189714 -1.82720458 0.44521913 0.52345377 -0.51859059 0.50876309
1778701939.28045487 -2.17237709 1.67277472 -1.83464487 0.44388043 0.52359381 -0.51882902 0.50954503
1778701939.29078054 -2.17785426 1.67550722 -1.82911015 0.44391528 0.52585949 -0.51768972 0.50833884
1778701939.30107164 -2.18118885 1.67466435 -1.82912778 0.44371452 0.52728553 -0.51686307 0.50787789
1778701939.31135201 -2.18685674 1.67396295 -1.82618271 0.44319752 0.52916171 -0.51618799 0.50706390
1778701939.32165480 -2.18972347 1.68314823 -1.81563406 0.44451878 0.53189950 -0.51378743 0.50547844
1778701939.33194613 -2.18794610 1.67169963 -1.83158879 0.44324819 0.53084576 -0.51447665 0.50699863
1778701939.34222078 -2.19198704 1.66824308 -1.83222547 0.44262600 0.53222467 -0.51372248 0.50686126
1778701939.35244536 -2.19550471 1.66307973 -1.83427900 0.44188449 0.53316491 -0.51309642 0.50715416
1778701939.36272025 -2.20502031 1.66068600 -1.82641536 0.44092531 0.53592587 -0.51188912 0.50629820
1778701939.37297416 -2.20832800 1.64358529 -1.84003684 0.43845905 0.53538588 -0.51281050 0.50807579
1778701939.38329244 -2.21875823 1.63273421 -1.83831431 0.43645003 0.53724510 -0.51215142 0.50850762
1778701939.39354300 -2.22757913 1.61845707 -1.84141117 0.43385346 0.53828132 -0.51248562 0.50929646
1778701939.40384603 -2.23115153 1.60936536 -1.84562944 0.43271304 0.53927422 -0.51155824 0.51014793
1778701939.41415191 -2.23997931 1.58399416 -1.85851266 0.42882259 0.53914574 -0.51256921 0.51254841
1778701939.42445874 -2.24297131 1.57166368 -1.86640316 0.42674389 0.53873301 -0.51375883 0.51352533
1778701939.43473196 -2.24815075 1.55372971 -1.87677977 0.42411611 0.53881376 -0.51411973 0.51525349
1778701939.44501162 -2.25288460 1.53923956 -1.88489566 0.42207340 0.53935863 -0.51376738 0.51671016
1778701939.45529342 -2.25828103 1.53975887 -1.87897943 0.42186695 0.54157812 -0.51212839 0.51618401
1778701939.46551490 -2.26175458 1.51945816 -1.89441485 0.41886572 0.54072576 -0.51330919 0.51834432
1778701939.47580314 -2.25971231 1.50946477 -1.90788332 0.41807299 0.54051351 -0.51242394 0.52007868
1778701939.48608637 -2.26034338 1.50657420 -1.91171712 0.41757517 0.54093942 -0.51213092 0.52032436
1778701939.48625183 -2.26130281 1.50414962 -1.91329095 0.41710846 0.54101961 -0.51227394 0.52047451
1778701939.49629235 -2.26075794 1.49970751 -1.92008232 0.41658849 0.54109037 -0.51197982 0.52110642
1778701939.50653911 -2.26449119 1.49495176 -1.92282237 0.41561430 0.54218203 -0.51136922 0.52134913
1778701939.51683187 -2.26734361 1.49122721 -1.92608082 0.41478251 0.54310239 -0.51093075 0.52148349
1778701939.52720642 -2.26600556 1.49068046 -1.93100219 0.41463593 0.54314778 -0.51091087 0.52157226
1778701939.53754282 -2.26639887 1.48515119 -1.93859451 0.41373586 0.54316016 -0.51112409 0.52206499
1778701939.54784012 -2.26451696 1.48269027 -1.94662604 0.41324966 0.54275360 -0.51173259 0.52227676
1778701939.55820370 -2.25955807 1.48046256 -1.95705584 0.41327158 0.54187233 -0.51200737 0.52290481
1778701939.56850147 -2.25499600 1.47919908 -1.96714336 0.41312172 0.54087698 -0.51295452 0.52312542
1778701939.57879210 -2.25183105 1.48763244 -1.96778994 0.41400818 0.54123827 -0.51304657 0.52195937
1778701939.58908033 -2.24473344 1.47947049 -1.98639066 0.41295324 0.53848986 -0.51577943 0.52294347
1778701939.59939551 -2.24543903 1.48078825 -1.98749171 0.41242808 0.53830825 -0.51725524 0.52208651
1778701939.60964417 -2.23852817 1.48010547 -1.99988551 0.41247170 0.53671864 -0.51870961 0.52224567
1778701939.61992478 -2.23655006 1.48049713 -2.00584681 0.41195891 0.53581817 -0.52072449 0.52156950
1778701939.63020492 -2.23722119 1.48020598 -2.00846797 0.41163171 0.53595747 -0.52114807 0.52126156
1778701939.64057636 -2.24160361 1.48097376 -2.00687644 0.41058245 0.53634071 -0.52285649 0.51998249
1778701939.65093255 -2.24630352 1.48949669 -1.99897851 0.41077365 0.53808152 -0.52288062 0.51800497
1778701939.66129112 -2.24415257 1.49052619 -2.00519646 0.41090597 0.53800019 -0.52300619 0.51785771
1778701939.67160487 -2.24361048 1.49237801 -2.00776090 0.41084853 0.53798122 -0.52363951 0.51728266
1778701939.68194222 -2.25315667 1.49820967 -1.99684747 0.41019947 0.54022803 -0.52387617 0.51521241
1778701939.69224906 -2.25098605 1.49946663 -2.00319978 0.41042030 0.54019266 -0.52393519 0.51501357
1778701939.70256925 -2.25463226 1.50183450 -2.00086492 0.41015160 0.54119495 -0.52393112 0.51417884
1778701939.71287155 -2.25734033 1.50641266 -1.99916194 0.41017068 0.54223089 -0.52391845 0.51308395
1778701939.72317386 -2.26307739 1.50924208 -1.99552569 0.40950867 0.54342328 -0.52450141 0.51175391
1778701939.73346424 -2.26829938 1.50349443 -1.99800567 0.40697141 0.54223576 -0.52877884 0.51063450
1778701939.73365116 -2.27126779 1.49729935 -2.00081738 0.40540932 0.54142938 -0.53085611 0.51057742
1778701939.74378300 -2.27451821 1.51615263 -1.98584907 0.40824868 0.54562455 -0.52604662 0.50882395
1778701939.75405169 -2.28126065 1.49680859 -1.99897538 0.40317273 0.54213079 -0.53387409 0.50845296
1778701939.76426530 -2.28808633 1.50515321 -1.98963940 0.40310092 0.54409945 -0.53393197 0.50634187
1778701939.77456403 -2.28782498 1.52713491 -1.97604192 0.40658742 0.54787683 -0.52920758 0.50443729
1778701939.78483152 -2.29592843 1.53886775 -1.96192907 0.40728459 0.55106471 -0.52745688 0.50223121
1778701939.79507923 -2.30249877 1.54378853 -1.95520312 0.40678863 0.55248665 -0.52796045 0.50053899
1778701939.80534863 -2.30552484 1.54518735 -1.95420036 0.40615953 0.55268152 -0.52921283 0.49951112
1778701939.81566453 -2.30998721 1.54756183 -1.95186961 0.40530408 0.55298922 -0.53094279 0.49802739
1778701939.82595491 -2.31679479 1.54976248 -1.94666298 0.40411897 0.55356575 -0.53293549 0.49621828
1778701939.83623838 -2.32554627 1.55232363 -1.93855642 0.40314023 0.55503842 -0.53373018 0.49451229
1778701939.84646964 -2.33142232 1.55178772 -1.93525699 0.40181387 0.55522798 -0.53571004 0.49323651
1778701939.85674334 -2.34140543 1.54822458 -1.93058653 0.39920800 0.55518347 -0.53937948 0.49140011
1778701939.86700249 -2.35597040 1.54053716 -1.92372387 0.39541727 0.55522291 -0.54395086 0.48937732
1778701939.87731838 -2.36563910 1.53701410 -1.91804912 0.39274547 0.55500286 -0.54779865 0.48748278
1778701939.88753033 -2.37989102 1.53313035 -1.90798795 0.38956916 0.55560958 -0.55151166 0.48514817
1778701939.89778352 -2.39022330 1.53240689 -1.90020280 0.38744656 0.55622839 -0.55417272 0.48310221
1778701939.90804172 -2.40419546 1.53036386 -1.88744171 0.38519388 0.55794865 -0.55562155 0.48125219
1778701939.91829324 -2.41730924 1.53011605 -1.87542971 0.38289510 0.55929106 -0.55788143 0.47890830
1778701939.92855334 -2.42655072 1.52917879 -1.86778136 0.38112375 0.56006673 -0.55970343 0.47728609
1778701939.93885326 -2.44235843 1.52717398 -1.85360809 -0.37822397 -0.56158046 0.56228016 -0.47477894
1778701939.94909835 -2.45422129 1.53100444 -1.83955288 0.37734549 0.56427524 -0.56185219 0.47278531
1778701939.95932817 -2.46822577 1.51721776 -1.83797591 -0.37188482 -0.56212010 0.56934345 -0.47071297
1778701939.96963835 -2.48121356 1.51537879 -1.82750783 -0.36912541 -0.56287202 0.57233975 -0.46834680
1778701939.97992349 -2.49039850 1.52237273 -1.81284050 -0.36872763 -0.56527283 0.57204639 -0.46612175
1778701939.99020100 -2.50392648 1.53013230 -1.79237136 -0.36812313 -0.56886141 0.57111868 -0.46336326
1778701940.00048375 -2.51496814 1.53157884 -1.78134017 -0.36618611 -0.56991704 0.57327338 -0.46093377
1778701940.01080942 -2.52081650 1.53588664 -1.77345859 -0.36580673 -0.57121872 0.57349828 -0.45934119
1778701940.02107954 -2.53409572 1.53380580 -1.76152176 -0.36301944 -0.57208106 0.57638306 -0.45686180
1778701940.03132033 -2.54653497 1.51804377 -1.76357236 -0.35773326 -0.56948533 0.58338849 -0.45538033
1778701940.04159713 -2.55581515 1.51914503 -1.75319547 -0.35621919 -0.57058687 0.58473458 -0.45345781
1778701940.04176474 -2.55961414 1.51979123 -1.74828720 -0.35576937 -0.57127604 0.58486152 -0.45277903
1778701940.05185723 -2.56926375 1.52679164 -1.73187359 -0.35526297 -0.57374789 0.58462182 -0.45035420
1778701940.06212330 -2.58202536 1.53253894 -1.71318056 -0.35423216 -0.57660838 0.58455304 -0.44759368
1778701940.07237649 -2.59384772 1.53313345 -1.69896547 -0.35243459 -0.57828192 0.58563113 -0.44543918
1778701940.08263469 -2.60775327 1.53747824 -1.67931744 -0.35134893 -0.58149428 0.58507608 -0.44283667
1778701940.09289408 -2.61783705 1.53570306 -1.67197976 -0.34857764 -0.58114460 0.58889121 -0.44042221
1778701940.10312486 -2.62948655 1.53234267 -1.66404272 -0.34467908 -0.57990664 0.59460105 -0.43744052
1778701940.11338663 -2.63791892 1.52791406 -1.65958434 -0.34212776 -0.57932472 0.59776378 -0.43590127
1778701940.12360215 -2.65027126 1.54268725 -1.63202737 -0.34329567 -0.58486041 0.59394556 -0.43279910
1778701940.13386536 -2.66343808 1.53027919 -1.62957840 -0.33952676 -0.58419728 0.59741953 -0.43188542
1778701940.14414811 -2.67661394 1.51878260 -1.62448290 -0.33505057 -0.58286388 0.60242604 -0.43022515
1778701940.15431976 -2.68976984 1.52306301 -1.60512316 -0.33301600 -0.58469454 0.60413975 -0.42690491
1778701940.16461682 -2.70622700 1.52830505 -1.57774687 -0.33190824 -0.58911889 0.60258655 -0.42386944
1778701940.17492795 -2.71229772 1.53338845 -1.56800917 -0.33182275 -0.59080089 0.60212715 -0.42224503
1778701940.18516350 -2.72821006 1.52922173 -1.55245517 -0.32764194 -0.59093976 0.60646035 -0.41910238
1778701940.19547343 -2.74195331 1.52815856 -1.53754256 -0.32449910 -0.59159023 0.60953218 -0.41616326
1778701940.20576835 -2.75563917 1.53026016 -1.51924723 -0.32254976 -0.59379680 0.61027127 -0.41344406
1778701940.21599460 -2.76601592 1.53261292 -1.50433293 -0.32121049 -0.59567934 0.61059055 -0.41130174
1778701940.22631931 -2.77531253 1.53437102 -1.49223754 -0.32000227 -0.59730087 0.61087062 -0.40947199
1778701940.23654509 -2.79024129 1.53310811 -1.47769763 -0.31721084 -0.59870923 0.61272181 -0.40681263
1778701940.24687147 -2.80119372 1.53240641 -1.46480770 -0.31499642 -0.59976015 0.61421791 -0.40472382
1778701940.25713944 -2.81436867 1.53306325 -1.44874571 -0.31239545 -0.60105047 0.61610579 -0.40194661
1778701940.26736331 -2.83004254 1.53163525 -1.42965832 -0.30973611 -0.60333717 0.61683758 -0.39944863
1778701940.27765012 -2.84019948 1.53168320 -1.41736228 -0.30804510 -0.60476762 0.61744537 -0.39765005
1778701940.28798461 -2.85417372 1.53100364 -1.40081132 -0.30564308 -0.60667175 0.61827911 -0.39530068
1778701940.29823589 -2.86065037 1.53184501 -1.39958921 -0.30424786 -0.60643555 0.62004625 -0.39396930
1778701940.30954385 -2.87015580 1.52537993 -1.40009585 -0.30007836 -0.60385910 0.62578657 -0.39204379
1778701940.31997299 -2.88404790 1.52491098 -1.38323051 -0.29766206 -0.60578855 0.62653724 -0.38970325
1778701940.33029819 -2.89386509 1.52594354 -1.37004227 -0.29606834 -0.60730160 0.62700105 -0.38781180
1778701940.34066534 -2.90535794 1.52549386 -1.35812870 -0.29390234 -0.60845392 0.62810376 -0.38586385
1778701940.35099983 -2.91672545 1.52185174 -1.35027795 -0.29158962 -0.60922096 0.62929720 -0.38446112
1778701940.36129379 -2.93417142 1.50936454 -1.34090907 -0.28726153 -0.60943053 0.63181151 -0.38326160
1778701940.37172961 -2.95423921 1.46149718 -1.36326688 -0.28000089 -0.60549439 0.63629347 -0.38743602
1778701940.38208842 -2.96429748 1.46424079 -1.35071731 -0.27768665 -0.60600366 0.63845268 -0.38474389
1778701940.39231586 -2.96220740 1.47399464 -1.35665036 -0.28124826 -0.60882434 0.63376510 -0.38545316
1778701940.40253139 -2.96540889 1.47786489 -1.35508569 -0.28063902 -0.60869189 0.63497007 -0.38412099
1778701940.41278386 -2.97560274 1.47850144 -1.34384443 -0.27844257 -0.60941208 0.63657348 -0.38191734
1778701940.42307186 -2.98020799 1.49649125 -1.32477421 -0.27905627 -0.61213490 0.63589515 -0.37822722
1778701940.43332314 -2.98404449 1.52682738 -1.28960116 -0.27787318 -0.61331417 0.63978230 -0.37055476
1778701940.43350720 -2.97202347 1.56347589 -1.27373405 -0.28287615 -0.61633795 0.63685462 -0.36677625
1778701940.44362164 -2.97579681 1.57501112 -1.25854323 -0.28264667 -0.61788316 0.63715245 -0.36382414
1778701940.45390773 -3.00513196 1.52420289 -1.26691098 -0.27410461 -0.61601963 0.64073837 -0.36720679
1778701940.46416163 -3.00135377 1.55516816 -1.24546427 -0.27682988 -0.61909875 0.63924772 -0.36255247
1778701940.47443604 -3.00826752 1.55729463 -1.23377003 -0.27568546 -0.62038742 0.63951180 -0.36075149
1778701940.48473501 -3.02020998 1.56266273 -1.20611260 -0.27277344 -0.62224377 0.64127282 -0.35661816
1778701940.49494934 -3.03448346 1.54968808 -1.19732031 -0.26944227 -0.62303924 0.64218773 -0.35611498
1778701940.50521588 -3.05708034 1.51591703 -1.19317433 -0.26249603 -0.62194100 0.64554229 -0.35715597
1778701940.51553273 -3.08593366 1.49208952 -1.15832431 -0.25232013 -0.62101480 0.65260220 -0.35324998
1778701940.52583075 -3.09422273 1.49415627 -1.14258856 -0.25089107 -0.62282225 0.65255731 -0.35116247
1778701940.53616261 -3.09098927 1.52539262 -1.11372426 -0.25052868 -0.62329796 0.65588874 -0.34430363
1778701940.53634953 -3.10021159 1.51298061 -1.10795947 -0.24777865 -0.62332209 0.65682745 -0.34446047
1778701940.54650187 -3.11219482 1.50198204 -1.09817717 -0.24517857 -0.62438551 0.65698426 -0.34409575
1778701940.55680561 -3.12653574 1.49191359 -1.07947192 -0.24222772 -0.62678170 0.65633023 -0.34307587
1778701940.56713200 -3.13795123 1.48617571 -1.06325346 -0.23889357 -0.62749806 0.65785374 -0.34118104
1778701940.57744098 -3.14924080 1.51443678 -0.99172733 -0.23015173 -0.62613360 0.66880919 -0.32814808
1778701940.58774471 -3.16837831 1.49534085 -0.97056178 -0.22707011 -0.63011501 0.66600890 -0.32836928
1778701940.59800291 -3.17422106 1.50707840 -0.94264051 -0.22576674 -0.63253700 0.66620971 -0.32417734
1778701940.60833573 -3.18443393 1.50183578 -0.92419946 -0.22253091 -0.63339966 0.66741999 -0.32223503
1778701940.60848427 -3.18848879 1.49693332 -0.92120212 -0.22112047 -0.63322346 0.66814232 -0.32205533
1778701940.61861563 -3.19458190 1.51030495 -0.88271692 -0.21627352 -0.63289813 0.67318630 -0.31541391
1778701940.62888265 -3.20700536 1.49812796 -0.87087315 -0.21516163 -0.63641422 0.66996393 -0.31596004
1778701940.63914037 -3.21354082 1.50553747 -0.84432458 -0.21371370 -0.63913132 0.66945827 -0.31251117
1778701940.64943624 -3.21946851 1.50729874 -0.82654373 -0.21178764 -0.64033944 0.66998404 -0.31021410
1778701940.65972042 -3.22539077 1.51221037 -0.80578665 -0.20989814 -0.64184127 0.67051536 -0.30723233
1778701940.66999483 -3.23161600 1.51186616 -0.79392073 -0.20935143 -0.64410626 0.66900346 -0.30615925
1778701940.68027520 -3.23702329 1.51487804 -0.77364227 -0.20690063 -0.64483081 0.67038152 -0.30327211
1778701940.69053650 -3.24289808 1.51727177 -0.75507147 -0.20464910 -0.64577623 0.67137292 -0.30058312
1778701940.70082140 -3.24871376 1.51920542 -0.73609199 -0.20198650 -0.64630121 0.67293013 -0.29776037
1778701940.71110010 -3.25335979 1.51483082 -0.73365122 -0.19990006 -0.64546051 0.67463446 -0.29713471
1778701940.72136188 -3.25400624 1.53777724 -0.68595453 -0.19283814 -0.64262099 0.68354855 -0.28742494
1778701940.73162436 -3.26143196 1.52511463 -0.69260974 -0.19320329 -0.64448247 0.68072284 -0.28970891
1778701940.74190855 -3.26372833 1.53406213 -0.66977810 -0.19120796 -0.64543510 0.68200896 -0.28586154
1778701940.75219417 -3.26075035 1.54860433 -0.65762746 -0.19354805 -0.64857095 0.67919872 -0.28387315
1778701940.76249957 -3.27127693 1.53147246 -0.65744689 -0.19074804 -0.64863562 0.67949314 -0.28491418
1778701940.77273560 -3.27633504 1.53304901 -0.63470573 -0.18697341 -0.64856940 0.68206915 -0.28139005
1778701940.78298593 -3.27952211 1.53325273 -0.62312697 -0.18550702 -0.64931999 0.68241330 -0.27979061
1778701940.79328942 -3.28263890 1.53677745 -0.60446614 -0.18391633 -0.65081634 0.68247846 -0.27719313
1778701940.80357099 -3.28613025 1.53554542 -0.59683747 -0.18359155 -0.65259938 0.68115606 -0.27646811
1778701940.81382036 -3.28761213 1.54437449 -0.56578158 -0.17818180 -0.65076117 0.68665860 -0.27066789
1778701940.82413745 -3.28952499 1.55010801 -0.54378789 -0.17565063 -0.65138283 0.68810791 -0.26712313
1778701940.83443761 -3.29849761 1.53503963 -0.54104848 -0.17548881 -0.65453729 0.68446993 -0.26885968
1778701940.84467244 -3.30111022 1.53499259 -0.53150698 -0.17481040 -0.65605837 0.68364403 -0.26769307
1778701940.85493875 -3.30308355 1.53680794 -0.51817242 -0.17388910 -0.65748544 0.68317405 -0.26598626
1778701940.86523008 -3.30026468 1.55153107 -0.49365706 -0.17296765 -0.65906475 0.68357928 -0.26160127
1778701940.87544107 -3.30068788 1.55662063 -0.47801772 -0.17182763 -0.66031448 0.68361945 -0.25908395
1778701940.88574767 -3.30375916 1.55622263 -0.45679391 -0.16843837 -0.66049800 0.68538424 -0.25616273
1778701940.89602184 -3.30214601 1.56180387 -0.45253939 -0.16940610 -0.66223503 0.68386885 -0.25508770
1778701940.90627217 -3.30582512 1.55804808 -0.43549803 -0.16669521 -0.66311905 0.68442485 -0.25307797
1778701940.91654539 -3.30779715 1.55686181 -0.41964568 -0.16364594 -0.66288132 0.68626234 -0.25070372
1778701940.92682219 -3.31226890 1.54792360 -0.41623158 -0.16274812 -0.66432281 0.68494997 -0.25106132
1778701940.93712902 -3.32611024 1.51226071 -0.44630690 -0.16318169 -0.66582546 0.68093995 -0.25762178
1778701940.94737506 -3.32796394 1.50832212 -0.44176284 -0.16226489 -0.66660401 0.68056634 -0.25717437
1778701940.94757938 -3.32152075 1.52732592 -0.41441780 -0.15978333 -0.66561864 0.68416849 -0.25166364
1778701940.95771050 -3.32930917 1.50555848 -0.43373062 -0.16138136 -0.66796166 0.67976937 -0.25631403
1778701940.96799231 -3.32977744 1.50421827 -0.42803316 -0.16103486 -0.66941327 0.67869168 -0.25559979
1778701940.97823215 -3.33073212 1.50119929 -0.42409916 -0.15990815 -0.66990436 0.67873715 -0.25489882
1778701940.98855901 -3.32981106 1.50189630 -0.42301914 -0.15998437 -0.67060938 0.67819283 -0.25444558
1778701940.99888349 -3.33045472 1.49844446 -0.42297791 -0.15895960 -0.67064949 0.67853601 -0.25406690
1778701941.00917840 -3.33012622 1.49614958 -0.42652309 -0.15915226 -0.67135215 0.67772799 -0.25424717
1778701941.01950407 -3.32681030 1.50250266 -0.42127182 -0.15900771 -0.67164090 0.67808842 -0.25260866
1778701941.01969004 -3.32623309 1.50278274 -0.42255294 -0.15894704 -0.67149511 0.67828902 -0.25249588
1778701941.02980781 -3.32608908 1.50163915 -0.41961529 -0.15821423 -0.67181511 0.67837541 -0.25187200
1778701941.04010510 -3.31692462 1.52297109 -0.39444048 -0.15562625 -0.67046369 0.68253147 -0.24578384
1778701941.05044127 -3.32524264 1.49628276 -0.42279188 -0.15661843 -0.67158292 0.67917194 -0.25134144
1778701941.06078434 -3.31613201 1.51845828 -0.39541172 -0.15413111 -0.67042798 0.68314958 -0.24510523
1778701941.07111597 -3.32984802 1.47717478 -0.43614772 -0.15524490 -0.67175526 0.67848490 -0.25357865
1778701941.08136654 -3.31675271 1.50994885 -0.39089888 -0.15169236 -0.67083907 0.68360593 -0.24422799
1778701941.09171677 -3.31499935 1.51038022 -0.39057212 -0.15168651 -0.67129367 0.68329245 -0.24385944
1778701941.09190226 -3.32161972 1.49177094 -0.40785167 -0.15247440 -0.67225272 0.68073559 -0.24784452
1778701941.10203052 -3.32401124 1.48288973 -0.40862663 -0.15111245 -0.67230896 0.68080410 -0.24833741
1778701941.11237073 -3.32092061 1.48814452 -0.38936499 -0.14792626 -0.67157200 0.68354318 -0.24469897
1778701941.12272477 -3.31993749 1.48780819 -0.37174284 -0.14433621 -0.67088939 0.68599032 -0.24185072
1778701941.13301945 -3.33268802 1.45442364 -0.37846483 -0.13971147 -0.66960629 0.68711871 -0.24489997
1778701941.14340258 -3.32871402 1.45844756 -0.37087958 -0.13919996 -0.67026604 0.68714217 -0.24331553
1778701941.15370226 -3.33482123 1.43883612 -0.37182977 -0.13624906 -0.67003063 0.68749235 -0.24464140
1778701941.16406035 -3.33878000 1.42324446 -0.37475450 -0.13324868 -0.66885771 0.68890518 -0.24552761
1778701941.17436028 -3.33993321 1.41683535 -0.37371682 -0.13157852 -0.66847102 0.68962606 -0.24545771
1778701941.18468928 -3.34551507 1.39620842 -0.38711547 -0.13017103 -0.66823350 0.68907318 -0.24839012
1778701941.19498658 -3.34515987 1.39336780 -0.38233119 -0.12792266 -0.66751353 0.69059337 -0.24726964
1778701941.20530057 -3.34390985 1.39395157 -0.37750956 -0.12612758 -0.66664729 0.69223334 -0.24593947
1778701941.21563363 -3.34164752 1.39722834 -0.36606492 -0.12246298 -0.66443141 0.69605681 -0.24297868
1778701941.22598481 -3.33688049 1.40451063 -0.36464753 -0.12211285 -0.66406898 0.69700658 -0.24141803
1778701941.23644733 -3.33865212 1.39489480 -0.37539968 -0.12140408 -0.66366398 0.69700856 -0.24287905
1778701941.28806019 -3.33310902 1.39020902 -0.39868682 -0.11845580 -0.66123184 0.70000996 -0.24233598
1778701941.29841518 -3.32659795 1.40603340 -0.38504324 -0.11697624 -0.66051212 0.70231959 -0.23830126
1778701941.30913854 -3.32523796 1.40446881 -0.39950775 -0.11837373 -0.66108987 0.70107049 -0.23968314
1778701941.31983042 -3.32287697 1.40764482 -0.40242881 -0.11748878 -0.66008532 0.70253430 -0.23859864
1778701941.33027244 -3.31607680 1.42281419 -0.39994602 -0.11897358 -0.66098965 0.70209378 -0.23664803
1778701941.34102345 -3.31841763 1.40936182 -0.43212466 -0.12122018 -0.66123090 0.69994855 -0.24114598
1778701941.35152698 -3.31393939 1.41748228 -0.43697634 -0.12175353 -0.66082792 0.70059327 -0.24010749
1778701941.36197114 -3.30602930 1.43487558 -0.43386836 -0.12144839 -0.65934377 0.70316427 -0.23680391
1778701941.37245512 -3.30421091 1.43397350 -0.45035688 -0.12255431 -0.65888542 0.70301111 -0.23796183
1778701941.38290930 -3.29969748 1.44209303 -0.45421921 -0.12324274 -0.65852079 0.70356770 -0.23696853
1778701941.39321136 -3.28890967 1.47321154 -0.41755998 -0.11878524 -0.65552203 0.71018417 -0.22763872
1778701941.40353608 -3.28441414 1.48054706 -0.42196572 -0.11897006 -0.65473303 0.71125799 -0.22645719
1778701941.41392946 -3.29086467 1.45261479 -0.47575702 -0.12343092 -0.65568098 0.70666112 -0.23553624
1778701941.41409969 -3.29090643 1.45088277 -0.47974226 -0.12311770 -0.65502068 0.70726569 -0.23572268
1778701941.42424059 -3.28193913 1.47329205 -0.46521130 -0.12213126 -0.65362717 0.71037653 -0.23069603
1778701941.43454599 -3.28342739 1.46406191 -0.48610078 -0.12315135 -0.65316874 0.70973228 -0.23341901
1778701941.44492221 -3.27196856 1.49206563 -0.47084462 -0.12227332 -0.65162624 0.71327109 -0.22732540
1778701941.45532489 -3.28129204 1.46075503 -0.51352254 -0.12522681 -0.65282401 0.70894059 -0.23567415
1778701941.46570349 -3.27194624 1.48333088 -0.50139017 -0.12455191 -0.65174007 0.71166845 -0.23075899
1778701941.47607327 -3.26704732 1.49314825 -0.50270883 -0.12553806 -0.65211165 0.71158632 -0.22942427
1778701941.48638368 -3.25865268 1.51622624 -0.48064410 -0.12307510 -0.65030187 0.71568757 -0.22304998
1778701941.49670529 -3.26832779 1.48457013 -0.52424785 -0.12576963 -0.65130815 0.71167670 -0.23129194
1778701941.50705075 -3.26275380 1.50058369 -0.50840527 -0.12477919 -0.65136207 0.71311956 -0.22719620
1778701941.51736760 -3.25448035 1.52206817 -0.49323405 -0.12352679 -0.65019647 0.71601102 -0.22206734
1778701941.52763653 -3.25674383 1.51437392 -0.50822372 -0.12662557 -0.65333800 0.71154488 -0.22543136
1778701941.53794456 -3.25450267 1.52021889 -0.50661890 -0.12686131 -0.65398214 0.71126900 -0.22429887
1778701941.54821825 -3.25042021 1.53272755 -0.49460991 -0.12625495 -0.65440513 0.71196827 -0.22116688
1778701941.55851793 -3.24876299 1.53799045 -0.49175936 -0.12724973 -0.65631929 0.71022616 -0.22052506
1778701941.56881618 -3.24741631 1.54147467 -0.49335789 -0.12779049 -0.65692178 0.70969078 -0.22014170
1778701941.57907081 -3.24231607 1.55708447 -0.47796424 -0.12615371 -0.65612982 0.71206178 -0.21574735
1778701941.58931065 -3.24321819 1.55425627 -0.48852293 -0.12785344 -0.65768652 0.70982897 -0.21735862
1778701941.59963465 -3.23558291 1.57419722 -0.47450663 -0.12682441 -0.65648226 0.71254462 -0.21266586
1778701941.60989833 -3.22944981 1.59357045 -0.45239280 -0.12328624 -0.65376733 0.71759487 -0.20602523
1778701941.62022948 -3.22799931 1.59619306 -0.46102522 -0.12401662 -0.65356572 0.71762052 -0.20613713
1778701941.63065147 -3.22289289 1.60640303 -0.46632547 -0.12630198 -0.65461745 0.71636172 -0.20579042
1778701941.63083506 -3.22373141 1.60282698 -0.47653631 -0.12744876 -0.65502941 0.71529411 -0.20747920
1778701941.64098835 -3.22226523 1.60843711 -0.47165580 -0.12568415 -0.65335713 0.71784103 -0.20501760
1778701941.65129924 -3.21946489 1.61486780 -0.47613784 -0.12730018 -0.65442172 0.71665394 -0.20477796
1778701941.66159987 -3.21210234 1.63237157 -0.46937381 -0.12767850 -0.65426817 0.71764342 -0.20154224
1778701941.67196631 -3.21196887 1.63329952 -0.47396906 -0.12794730 -0.65424509 0.71763897 -0.20146256
1778701941.68228006 -3.21365041 1.62677061 -0.49562778 -0.13135407 -0.65650489 0.71388107 -0.20523462
1778701941.69255328 -3.20462561 1.65348602 -0.46141766 -0.12748569 -0.65437374 0.71891737 -0.19672373
1778701941.70287418 -3.20211755 1.66020779 -0.45913895 -0.12805545 -0.65503959 0.71851155 -0.19561720
1778701941.70303679 -3.20418356 1.65615257 -0.46210952 -0.12789780 -0.65512774 0.71827683 -0.19628599
1778701941.71313334 -3.20156745 1.66248677 -0.46139283 -0.12802943 -0.65502852 0.71868596 -0.19502972
1778701941.72340465 -3.20417104 1.66090796 -0.45500878 -0.12572752 -0.65421489 0.72026809 -0.19341496
1778701941.73370337 -3.20525740 1.66076937 -0.45619819 -0.12650309 -0.65572314 0.71869247 -0.19366277
1778701941.74398637 -3.20283257 1.66879445 -0.44662511 -0.12523638 -0.65516584 0.72014230 -0.19096765
1778701941.75429678 -3.19434641 1.69161335 -0.41885202 -0.12419819 -0.65599144 0.72109211 -0.18513836
1778701941.76461840 -3.19495466 1.69492539 -0.40642904 -0.12257221 -0.65642900 0.72153715 -0.18292395
1778701941.77486134 -3.19311429 1.70244547 -0.39371796 -0.12258431 -0.65809782 0.72052768 -0.18088729
1778701941.78514791 -3.19613906 1.69934666 -0.39420687 -0.12328082 -0.66014313 0.71836036 -0.18157996
1778701941.79537320 -3.20666914 1.68669224 -0.36887468 -0.11390970 -0.65557783 0.72520043 -0.17699331
1778701941.80565000 -3.20941040 1.68660079 -0.34638316 -0.11227013 -0.65798764 0.72375417 -0.17500741
1778701941.80579710 -3.19458953 1.71392372 -0.35157908 -0.11741700 -0.65961972 0.72184805 -0.17335072
1778701941.81589460 -3.19459874 1.71498137 -0.36051221 -0.12154400 -0.66356178 0.71699594 -0.17558369
1778701941.82616305 -3.19934042 1.70885581 -0.36532237 -0.11982249 -0.66235996 0.71841967 -0.17548514
1778701941.83639908 -3.21210917 1.68710013 -0.37510904 -0.11906613 -0.66376145 0.71643880 -0.17877203
1778701941.84664536 -3.20329454 1.70932038 -0.34346221 -0.11665589 -0.66339560 0.71884312 -0.17193679
1778701941.85692406 -3.21532275 1.68903236 -0.35780572 -0.11676310 -0.66482907 0.71659102 -0.17568720
1778701941.86717319 -3.21142766 1.70206911 -0.33857888 -0.11569656 -0.66559294 0.71702299 -0.17169271
1778701941.87746382 -3.21165555 1.70638195 -0.32340006 -0.11341722 -0.66523203 0.71841648 -0.16876210
1778701941.88772440 -3.21012652 1.71476497 -0.30661477 -0.11208868 -0.66591811 0.71874545 -0.16551186
1778701941.89796734 -3.21221403 1.71636281 -0.28877691 -0.10949624 -0.66621491 0.71952313 -0.16264912
1778701941.90825963 -3.20933035 1.72599804 -0.27105070 -0.10848631 -0.66701764 0.71966047 -0.15939574
1778701941.91848874 -3.20168800 1.74475454 -0.24917256 -0.10495719 -0.66428821 0.72411986 -0.15282535
1778701941.92874432 -3.20732420 1.73916101 -0.23781924 -0.10236328 -0.66450824 0.72458894 -0.15139827
1778701941.93899608 -3.20982310 1.73859152 -0.22163218 -0.10175506 -0.66702165 0.72260559 -0.15023044
1778701941.93916106 -3.20942291 1.74053785 -0.21491356 -0.10203161 -0.66834111 0.72146516 -0.14965873
1778701941.94927096 -3.20767304 1.74766534 -0.19189529 -0.09822127 -0.66691778 0.72425250 -0.14502263
1778701941.95952821 -3.17725157 1.80620028 -0.11072383 -0.08853345 -0.66084289 0.73459777 -0.12575619
1778701941.96975923 -3.20440810 1.76247728 -0.15014636 -0.09439025 -0.66835496 0.72486124 -0.13772550
1778701941.98001218 -3.19623257 1.78034269 -0.12785159 -0.09329280 -0.66861886 0.72568332 -0.13277425
1778701941.99033594 -3.19926628 1.77896903 -0.11363813 -0.08829041 -0.66584406 0.72948292 -0.12927166
1778701942.00068378 -3.18978236 1.79969277 -0.08750338 -0.08675839 -0.66600101 0.73054114 -0.12339073
1778701942.01098943 -3.19483133 1.79384337 -0.06561811 -0.08367880 -0.66717293 0.73014553 -0.12151397
1778701942.02125573 -3.19458609 1.79813085 -0.05186944 -0.08260166 -0.66819802 0.72971393 -0.11918876
1778701942.03148150 -3.19214801 1.80582121 -0.03741793 -0.07981664 -0.66685971 0.73186779 -0.11531247
1778701942.04175186 -3.19181763 1.80839487 -0.01065381 -0.07830861 -0.66945673 0.73007476 -0.11263347
1778701942.04193664 -3.19120840 1.81024170 -0.00354743 -0.07811592 -0.67028726 0.72946194 -0.11179518
1778701942.05209613 -3.19214218 1.81087803 0.01060220 -0.07502944 -0.66928868 0.73110334 -0.10913822
1778701942.06236506 -3.18836433 1.81972405 0.03638921 -0.07244366 -0.66975615 0.73158083 -0.10472869
1778701942.07264662 -3.18740417 1.82314002 0.06379898 -0.06935972 -0.67059005 0.73165498 -0.10089210
1778701942.08301401 -3.18984670 1.82161648 0.06953601 -0.06463446 -0.66666502 0.73602671 -0.09820800
1778701942.09330845 -3.18817256 1.82602868 0.09733956 -0.06085121 -0.66657895 0.73698742 -0.09391042
1778701942.10360861 -3.18789584 1.82658711 0.13478965 -0.05290175 -0.66356546 0.74106642 -0.08776582
1778701942.11398721 -3.15653968 1.87514772 0.18389522 -0.05058666 -0.66238129 0.74360269 -0.07580938
1778701942.11414599 -3.17884378 1.84162413 0.17070883 -0.04666600 -0.66036312 0.74519568 -0.08016376
1778701942.12424088 -3.18369165 1.83666025 0.17317120 -0.04652683 -0.66174143 0.74393551 -0.08058218
1778701942.13445592 -3.17154892 1.85716572 0.20269174 -0.04513370 -0.66257849 0.74387980 -0.07480333
1778701942.14475942 -3.18901827 1.83396119 0.19583363 -0.04501021 -0.66512940 0.74120400 -0.07869941
1778701942.15505266 -3.16931467 1.86208390 0.24406501 -0.03681568 -0.65962965 0.74765179 -0.06745473
1778701942.16534185 -3.17114923 1.86101595 0.25941737 -0.03537218 -0.66112696 0.74653320 -0.06594038
1778701942.17564893 -3.16658715 1.86600126 0.29650798 -0.02812619 -0.65827241 0.74988794 -0.05961898
1778701942.18596077 -3.18406683 1.84307806 0.28688293 -0.03123779 -0.66405366 0.74417828 -0.06523521
1778701942.19627666 -3.18138785 1.84851831 0.30606281 -0.02375735 -0.65813166 0.75016359 -0.05960620
1778701942.20653296 -3.17662616 1.85538687 0.33311101 -0.01977661 -0.65738951 0.75127991 -0.05501296
1778701942.21685815 -3.16476441 1.86963398 0.37876550 -0.01841715 -0.66160503 0.74798871 -0.04952254
1778701942.22710896 -3.16184056 1.87209896 0.40163883 -0.01409279 -0.66016360 0.74959558 -0.04573708
1778701942.23737693 -3.16413793 1.86871967 0.41847137 -0.01028643 -0.65937635 0.75048262 -0.04350693
1778701942.24759841 -3.16332699 1.87378277 0.42101665 -0.00802661 -0.65716766 0.75257238 -0.04124390
1778701942.25782490 -3.16586454 1.86339434 0.45500160 -0.00416089 -0.65952121 0.75064743 -0.03927973
1778701942.26810288 -3.14977500 1.88251844 0.49186396 -0.00213548 -0.66087260 0.74976941 -0.03299513
1778701942.27835441 -3.15152782 1.87480486 0.51786704 0.00257615 -0.66080768 0.74992865 -0.03055480
1778701942.28859830 -3.14062152 1.88976402 0.53384309 0.00645017 -0.65725729 0.75321316 -0.02532177
1778701942.29884052 -3.10477264 1.92425721 0.60798497 0.01550538 -0.65394707 0.75629451 -0.01146448
1778701942.30914164 -3.11719659 1.90512116 0.61460550 0.01698305 -0.65609435 0.75437028 -0.01331379
1778701942.31942677 -3.10541601 1.91631808 0.63899242 0.02159566 -0.65336023 0.75669763 -0.00792010
1778701942.31958842 -3.10754905 1.90661245 0.65682694 0.02550564 -0.65266765 0.75718418 -0.00682110
1778701942.32970715 -3.09765029 1.91659700 0.67520197 0.02704415 -0.65275120 0.75708259 -0.00323050
1778701942.34002852 -3.08603761 1.92648083 0.70259216 0.02997764 -0.65259913 0.75710868 0.00147353
1778701942.35033822 -3.07927662 1.92188372 0.74371629 0.03740395 -0.65090496 0.75821017 0.00640337
1778701942.36060047 -3.07240209 1.92939174 0.75406005 0.03840526 -0.65067242 0.75833395 0.00894733
1778701942.37088728 -3.06407675 1.93062144 0.78419070 0.04328055 -0.64967864 0.75886149 0.01317950
1778701942.38118672 -3.06278452 1.92307645 0.80927372 0.04779465 -0.64934426 0.75883236 0.01552927
1778701942.39156985 -3.05174372 1.92870307 0.83513083 0.05151417 -0.64840061 0.75929804 0.01973409
1778701942.40196824 -3.05026239 1.93328775 0.83315091 0.04810666 -0.65198584 0.75645220 0.01950082
1778701942.41223407 -3.03949103 1.92544265 0.88423429 0.05885574 -0.64825578 0.75870736 0.02576012
1778701942.42252588 -3.03062033 1.93323626 0.89783226 0.05774492 -0.65106876 0.75630615 0.02785679
1778701942.43281412 -3.01650719 1.93415895 0.93795748 0.06476902 -0.64894853 0.75733594 0.03336243
1778701942.44306350 -3.00207616 1.94057132 0.96767629 0.06714648 -0.65024460 0.75581918 0.03755897
1778701942.45328116 -2.99176921 1.93938976 0.99892619 0.07018379 -0.65182704 0.75400645 0.04086587
1778701942.46352935 -2.98903820 1.92604954 1.02996418 0.07601579 -0.65142197 0.75366910 0.04305687
1778701942.47380018 -2.97563878 1.93266801 1.05256201 0.07708848 -0.65314285 0.75186582 0.04647122
1778701942.48407173 -2.96222026 1.93485579 1.08210381 0.08015137 -0.65402459 0.75053268 0.05028213
1778701942.49440646 -2.96283554 1.92602789 1.09541180 0.08042987 -0.65692820 0.74796975 0.05017599
1778701942.50465512 -2.95437850 1.91574742 1.13114608 0.08730295 -0.65573852 0.74800111 0.05366116
1778701942.51489162 -2.94315227 1.91448650 1.15853897 0.09041141 -0.65661468 0.74663289 0.05676503
1778701942.52520490 -2.92765451 1.92152529 1.18162386 0.09177923 -0.65786772 0.74507599 0.06040204
1778701942.53546286 -2.91754972 1.92582936 1.19679665 0.09293095 -0.65850432 0.74416746 0.06285454
1778701942.54570770 -2.91398745 1.90644305 1.23169975 0.10000290 -0.65786421 0.74364534 0.06485146
1778701942.55594921 -2.89219704 1.91762152 1.26039045 0.10159442 -0.65907446 0.74191761 0.06969718
1778701942.56625223 -2.88009591 1.91862543 1.28320713 0.10444933 -0.65911381 0.74119487 0.07272886
1778701942.57646990 -2.87059000 1.91459682 1.30635359 0.10746455 -0.65966007 0.74004017 0.07510328
1778701942.58676529 -2.86070219 1.91869604 1.31779111 0.10857238 -0.65986420 0.73946232 0.07737414
1778701942.59708858 -2.86146853 1.90666085 1.33130410 0.11368264 -0.65759179 0.74063371 0.07817293
1778701942.60733795 -2.84486936 1.91093043 1.35545186 0.11652662 -0.65749695 0.73987118 0.08191423
1778701942.61759424 -2.83110772 1.92062638 1.36581653 0.11697321 -0.65766492 0.73931647 0.08488396
1778701942.62786126 -2.81388341 1.92093673 1.39618308 0.11980013 -0.65875500 0.73747123 0.08846449
1778701942.62801981 -2.82397874 1.90936852 1.39208455 0.12193807 -0.65721720 0.73868024 0.08688020
1778701942.63814473 -2.80806510 1.91236870 1.41561057 0.12524720 -0.65658278 0.73826521 0.09042494
1778701942.64840889 -2.79827630 1.91346281 1.42894886 0.12681720 -0.65679048 0.73755005 0.09253963
1778701942.65870142 -2.78643739 1.91428966 1.44634201 0.12597746 -0.66024594 0.73437925 0.09429791
1778701942.66901302 -2.78225457 1.90619298 1.46202619 0.12728342 -0.66197770 0.73251080 0.09493358
1778701942.67929888 -2.74445012 1.92466754 1.50145983 0.13226921 -0.65997524 0.73234877 0.10297001
1778701942.68956637 -2.72855780 1.92504016 1.52530241 0.13483900 -0.66057029 0.73090507 0.10603361
1778701942.69983602 -2.73899908 1.92757318 1.50070702 0.13438442 -0.65791786 0.73359824 0.10449187
1778701942.71010900 -2.69126434 1.94859145 1.55089219 0.14014160 -0.65622407 0.73259809 0.11415055
1778701942.72032356 -2.67724505 1.94856225 1.57025336 0.14228025 -0.65674750 0.73131060 0.11672127
1778701942.73058939 -2.66781035 1.93691114 1.59654252 0.14858176 -0.65472632 0.73149601 0.11903987
1778701942.73076892 -2.63549636 1.95340949 1.62689859 0.15142749 -0.65384372 0.73065805 0.12528734
1778701942.74087024 -2.66507737 1.92774526 1.60793137 0.15179865 -0.65401285 0.73137863 0.11962300
1778701942.75115991 -2.62477770 1.96102325 1.62644574 0.15355033 -0.65127900 0.73208933 0.12768387
1778701942.76146269 -2.62142996 1.95161710 1.63880720 0.15634242 -0.65115308 0.73152592 0.12816612
1778701942.77170563 -2.61102198 1.95280760 1.65008325 0.15831393 -0.65056472 0.73128596 0.13008876
1778701942.78196335 -2.58648916 1.96078299 1.67268609 0.16359639 -0.64723854 0.73218493 0.13499528
1778701942.79218721 -2.57962443 1.96084449 1.67874462 0.16574536 -0.64596680 0.73258457 0.13629093
1778701942.80244493 -2.55514021 1.97182935 1.69825437 0.16731353 -0.64583715 0.73151807 0.14064805
1778701942.81271219 -2.50749818 1.99438451 1.73561718 0.17041972 -0.64516882 0.72972832 0.14903321
1778701942.82301354 -2.52031670 1.98003678 1.73017628 0.17162448 -0.64492837 0.73015511 0.14658083
1778701942.83328533 -2.50652136 1.98567626 1.73917714 0.17479288 -0.64232213 0.73114594 0.14931628
1778701942.84356594 -2.46054511 2.01242462 1.76640761 0.17675713 -0.64118253 0.72996942 0.15743740
1778701942.85380769 -2.48064351 1.99503688 1.75436275 0.17831403 -0.64005723 0.73133716 0.15387270
1778701942.86412954 -2.45665188 2.00463729 1.77052216 0.18037826 -0.63920063 0.73070873 0.15795880
1778701942.87436318 -2.45447632 2.00169942 1.77330744 0.18232493 -0.63798535 0.73122047 0.15826855
1778701942.88458562 -2.44204072 2.00121681 1.78520679 0.18494216 -0.63703698 0.73096595 0.16021568
1778701942.89482522 -2.40434135 2.02305765 1.80397576 0.18579285 -0.63658448 0.72971594 0.16660092
1778701942.90508485 -2.39418253 2.02203371 1.81386239 0.18762910 -0.63621232 0.72923538 0.16806239
1778701942.91536021 -2.37059178 2.03177640 1.82738185 0.19005219 -0.63467267 0.72902515 0.17202644
1778701942.92560291 -2.37164644 2.02390869 1.82959938 0.19191870 -0.63408049 0.72917452 0.17150412
1778701942.93587279 -2.35324574 2.03042884 1.84132083 0.19408325 -0.63284380 0.72896958 0.17448142
1778701942.94618106 -2.33152370 2.03809313 1.85349607 0.19614444 -0.63175062 0.72853037 0.17793824
1778701942.95640969 -2.32552396 2.03831865 1.85404426 0.19778732 -0.63039688 0.72905351 0.17877619
1778701942.96670794 -2.30516434 2.04497408 1.86743459 0.19424970 -0.63521482 0.72522075 0.18117407
1778701942.96686816 -2.30797089 2.04486933 1.86290316 0.19382322 -0.63516677 0.72550691 0.18065286
1778701942.97695565 -2.30959253 2.04364199 1.85792853 0.19950975 -0.62904430 0.72919438 0.18103781
1778701942.98725128 -2.27990595 2.05602483 1.87388715 0.20259242 -0.62693203 0.72895842 0.18582830
1778701942.99752951 -2.25643117 2.06223715 1.88747151 0.20470846 -0.62616556 0.72812690 0.18932080
1778701943.00789618 -2.19728238 2.10733689 1.90114373 0.20194731 -0.62640050 0.72606914 0.19915647
1778701943.01816988 -2.23981787 2.07314131 1.88547753 0.20633417 -0.62369170 0.72911663 0.19189533
1778701943.02843547 -2.25226242 2.06514532 1.87342860 0.20439035 -0.62530569 0.72897590 0.18923930
1778701943.03871417 -2.24516622 2.06775171 1.87429964 0.20500528 -0.62479130 0.72899453 0.19019896
1778701943.04903293 -2.19659685 2.09313841 1.89592211 0.20896188 -0.62133179 0.72867269 0.19828729
1778701943.05930328 -2.21669987 2.07952713 1.88183426 0.20925457 -0.62095454 0.72990159 0.19460642
1778701943.06963992 -2.17831380 2.10356030 1.89178071 0.20843705 -0.62103506 0.72843502 0.20062869
1778701943.07988954 -2.19917463 2.08601412 1.88416358 0.21028864 -0.62018874 0.72964087 0.19689796
1778701943.09011245 -2.19251361 2.08996853 1.88135952 0.21158349 -0.61849189 0.73045526 0.19782647
1778701943.10039258 -2.18264662 2.09691231 1.87899101 0.21130430 -0.61811011 0.73048211 0.19921413
1778701943.11068392 -2.18563096 2.09338113 1.87567434 0.21272220 -0.61683660 0.73132874 0.19854510
1778701943.12093878 -2.17526732 2.10177871 1.87219782 0.21281557 -0.61580054 0.73174560 0.20011897
1778701943.13117194 -2.17538244 2.09605772 1.87289782 0.20835618 -0.62130409 0.72873502 0.19878181
1778701943.14148855 -2.10697873 2.14970209 1.88229217 0.21191023 -0.61383839 0.73053321 0.21122907
1778701943.15174532 -2.15766471 2.11777799 1.85867021 0.21323306 -0.61290539 0.73336956 0.20260242
1778701943.16199398 -2.12899990 2.13924145 1.86009978 0.21426205 -0.61024886 0.73391790 0.20749126
1778701943.17232466 -2.12925225 2.14233179 1.85263992 0.21268910 -0.61077578 0.73400443 0.20725298
1778701943.17254138 -2.11706387 2.15239333 1.85298453 0.21159674 -0.61101959 0.73357377 0.20916835
1778701943.18267202 -2.11117066 2.15119122 1.85664305 0.21582881 -0.60755232 0.73490764 0.21025904
1778701943.19299221 -2.09327195 2.17076404 1.84851561 0.21137995 -0.60935934 0.73397050 0.21280748
1778701943.20326519 -2.03016588 2.20611044 1.86945280 0.21521067 -0.60500278 0.73334243 0.22330446
1778701943.21358967 -2.06903433 2.19252144 1.84070972 0.21553692 -0.60253351 0.73706154 0.21734190
1778701943.22385812 -2.03676102 2.21262457 1.84588816 0.21421764 -0.60283450 0.73574344 0.22222278
1778701943.23412466 -2.00249213 2.23399646 1.85212672 0.21691066 -0.59912762 0.73621628 0.22799442
1778701943.24436331 -2.03114906 2.22329684 1.83081149 0.21521424 -0.59931741 0.73798958 0.22332231
1778701943.25462699 -2.00576778 2.24125844 1.83106411 0.21684830 -0.59626371 0.73868286 0.22758303
1778701943.26488447 -1.98750129 2.25694225 1.82655141 0.21680665 -0.59447588 0.73920555 0.23058288
1778701943.27515054 -2.00595792 2.25546322 1.80475836 0.21530666 -0.59353144 0.74129658 0.22769025
1778701943.28544402 -1.98733261 2.26973019 1.80320479 0.21445214 -0.59303244 0.74105562 0.23056318
1778701943.29578352 -1.96626618 2.28501488 1.80141691 0.21631798 -0.58976240 0.74198461 0.23419157
1778701943.30600286 -1.93174017 2.30887218 1.80270197 0.21673682 -0.58749476 0.74185953 0.23983222
1778701943.31626558 -1.91938576 2.31590306 1.80249638 0.21746996 -0.58629277 0.74197922 0.24173216
1778701943.32651782 -1.93359923 2.31691895 1.78159830 0.21583864 -0.58538589 0.74387663 0.23955083
1778701943.33677554 -1.92417337 2.32469194 1.77631274 0.21582534 -0.58426479 0.74430938 0.24095150
1778701943.34701824 -1.91953483 2.32637440 1.77489065 0.21635826 -0.58362787 0.74447840 0.24149436
1778701943.35728765 -1.91437897 2.33215208 1.76790797 0.21627488 -0.58250795 0.74513162 0.24225716
1778701943.36755300 -1.88920859 2.35073903 1.76367804 0.21630183 -0.58042040 0.74539638 0.24639383
1778701943.37783313 -1.87530314 2.35873293 1.76333247 0.21709171 -0.57903102 0.74551799 0.24859041
1778701943.38819909 -1.86226755 2.36871534 1.75815700 0.21714916 -0.57758485 0.74593467 0.25064607
1778701943.39849806 -1.83681162 2.38398766 1.75764861 0.21701251 -0.57642996 0.74555274 0.25452935
1778701943.40876508 -1.83539021 2.38802728 1.74856800 0.21694326 -0.57510901 0.74649934 0.25480186
1778701943.41901660 -1.81861386 2.39922491 1.74583645 0.21648037 -0.57427667 0.74638957 0.25738135
1778701943.42930937 -1.80965480 2.40660661 1.73886134 0.21296943 -0.57619637 0.74561853 0.25825330
1778701943.43960738 -1.80224847 2.41364369 1.73124475 0.21549392 -0.57224298 0.74737587 0.25986469
1778701943.45002723 -1.80312780 2.41526242 1.72384197 0.21734701 -0.56944925 0.74888650 0.26010929
1778701943.46031308 -1.79160336 2.42146073 1.72097833 0.21723920 -0.56877086 0.74886131 0.26175097
1778701943.47060776 -1.78725511 2.42490597 1.71496343 0.21723075 -0.56781526 0.74938468 0.26233422
1778701943.48088861 -1.77476757 2.42999443 1.71563554 0.21787601 -0.56692007 0.74921562 0.26421134
1778701943.48105383 -1.78108638 2.42803901 1.71085586 0.21729519 -0.56706305 0.74964379 0.26316626
1778701943.49114704 -1.77982887 2.42874443 1.70673605 0.21764418 -0.56621083 0.75011652 0.26336575
1778701943.50137591 -1.76832989 2.43662604 1.70099277 0.21792758 -0.56459193 0.75060499 0.26520875
1778701943.51163149 -1.75339259 2.44712002 1.69512968 0.21762378 -0.56327426 0.75083264 0.26760484
1778701943.52190757 -1.72223080 2.45897164 1.70390240 0.21867150 -0.56243924 0.74946586 0.27229725
1778701943.53216386 -1.71711547 2.46298616 1.69714294 0.21856208 -0.56144515 0.74994747 0.27310943
1778701943.54242015 -1.71825288 2.46093200 1.69449313 0.21885746 -0.56120173 0.75015786 0.27279518
1778701943.55267692 -1.70269356 2.46646726 1.69490536 0.21933944 -0.56054874 0.74969038 0.27502665
1778701943.56293178 -1.68811079 2.46714894 1.70173117 0.22086316 -0.56023897 0.74877820 0.27691690
1778701943.57319307 -1.67840161 2.46636279 1.70573522 0.22129270 -0.56076397 0.74786611 0.27797409
1778701943.58344984 -1.67818733 2.46169429 1.70795652 0.22203385 -0.56106846 0.74753683 0.27765417
1778701943.58360910 -1.67664331 2.46140985 1.70832655 0.22207263 -0.56120774 0.74736810 0.27779585
1778701943.59369135 -1.67199322 2.45982523 1.71041133 0.22246663 -0.56153249 0.74686195 0.27818535
1778701943.60397983 -1.65527304 2.45972412 1.72036849 0.22519053 -0.56064612 0.74587806 0.28041234
1778701943.61428976 -1.66639996 2.45188584 1.71504031 0.22533038 -0.56092601 0.74638611 0.27838106
1778701943.62449884 -1.59105933 2.48510227 1.73221509 0.22749010 -0.55823674 0.74328053 0.29009316
1778701943.63476467 -1.64747802 2.44916595 1.72590432 0.22818041 -0.56053712 0.74495260 0.28067324
1778701943.64510512 -1.65468859 2.44123735 1.72510808 0.22808950 -0.56163049 0.74476915 0.27904352
1778701943.65535760 -1.64777008 2.44345520 1.72444968 0.22846938 -0.56121847 0.74460088 0.28000911
1778701943.66560912 -1.63878970 2.44190408 1.72914838 0.22996830 -0.56093172 0.74395627 0.28106808
1778701943.67589450 -1.62681834 2.44382561 1.73153592 0.23127428 -0.56015459 0.74350891 0.28272519
1778701943.68622613 -1.60270201 2.45151744 1.73757578 0.23389043 -0.55799191 0.74285955 0.28653094
1778701943.68639421 -1.61372409 2.44558225 1.73525415 0.23277744 -0.55936878 0.74293705 0.28454485
1778701943.69649124 -1.60823161 2.44608469 1.73490958 0.23402871 -0.55832463 0.74300591 0.28538813
1778701943.70678449 -1.59641986 2.44959687 1.73471243 0.23570921 -0.55670336 0.74300300 0.28717430
1778701943.71712971 -1.58138689 2.45313122 1.73768016 0.23580454 -0.55700244 0.74197660 0.28916298
1778701943.72736287 -1.57854599 2.45095471 1.73855871 0.23416901 -0.55908978 0.74097664 0.28902787
1778701943.73769236 -1.51086544 2.47788377 1.75242267 0.24137671 -0.55193595 0.73959896 0.30016225
1778701943.74801683 -1.52335731 2.46809635 1.74918862 0.24073344 -0.55337291 0.73968249 0.29781815
1778701943.75832176 -1.44997949 2.50612941 1.75188530 0.24364138 -0.54769066 0.73805456 0.30975683
1778701943.76861525 -1.44247961 2.50403115 1.75503651 0.24539948 -0.54699983 0.73760732 0.31065369
1778701943.77891660 -1.51012116 2.46227530 1.75147661 0.24495598 -0.55125860 0.73925280 0.29935901
1778701943.78924966 -1.50061690 2.46072311 1.75510134 0.24637753 -0.55093191 0.73854802 0.30053114
1778701943.79954243 -1.49201194 2.45438936 1.76544902 0.24778353 -0.55190144 0.73706485 0.30123665
1778701943.80989242 -1.48555123 2.45946209 1.75787377 0.24748899 -0.55110309 0.73731650 0.30232261
1778701943.82039690 -1.47830689 2.45846029 1.75814987 0.24945320 -0.54980569 0.73719383 0.30336786
1778701943.83069754 -1.45823820 2.46318631 1.76209869 0.25125334 -0.54853752 0.73628890 0.30636089
1778701943.84098625 -1.46065790 2.45621769 1.76282593 0.25206223 -0.54901414 0.73596894 0.30561058
1778701943.85128975 -1.45587926 2.45070003 1.76698940 0.25279499 -0.54991743 0.73494441 0.30584674
1778701943.86153603 -1.41876561 2.45236058 1.78515282 0.25733315 -0.54846632 0.73227781 0.31102018
1778701943.87183499 -1.43997299 2.44743353 1.77080573 0.25464793 -0.54990487 0.73353102 0.30771954
1778701943.88217521 -1.42169362 2.44860425 1.77536843 0.25692997 -0.54879625 0.73246226 0.31033643
1778701943.89247537 -1.40583822 2.44193538 1.78848116 0.25939252 -0.54941327 0.73040513 0.31203994
1778701943.90279818 -1.41729084 2.43346606 1.78572015 0.25995877 -0.54972788 0.73080691 0.31006766
1778701943.91301894 -1.40641623 2.43269167 1.78732688 0.26094675 -0.54962417 0.72993573 0.31147055
1778701943.92329884 -1.38279285 2.43685853 1.79105613 0.26329576 -0.54807782 0.72874208 0.31499368
1778701943.93365073 -1.36842392 2.43609660 1.79513553 0.26453587 -0.54806323 0.72747836 0.31689542
1778701943.94397473 -1.38101083 2.42658386 1.79298716 0.26386354 -0.54968751 0.72749810 0.31458891
1778701943.95432901 -1.36451075 2.42761061 1.79567538 0.26534858 -0.54909594 0.72638627 0.31693338
1778701943.96462727 -1.35580636 2.42330598 1.79994122 0.26710833 -0.54896212 0.72539471 0.31795635
1778701943.97492266 -1.34721988 2.42721249 1.79511055 0.26682877 -0.54859061 0.72515857 0.31936781
1778701943.98528528 -1.35183950 2.42468760 1.78759556 0.26728818 -0.54792566 0.72576876 0.31873845
1778701943.99559641 -1.30483444 2.43016108 1.80397776 0.27073168 -0.54697200 0.72221726 0.32546615
1778701944.00590754 -1.32227377 2.41960789 1.79860621 0.27072459 -0.54779607 0.72288066 0.32260071
1778701944.01626897 -1.29014875 2.41458194 1.81998376 0.27391346 -0.54862000 0.71925702 0.32658361
1778701944.02655220 -1.29137168 2.41405946 1.81173823 0.27661126 -0.54562609 0.72038797 0.32683260
1778701944.03690386 -1.29006913 2.41573510 1.80237125 0.27682331 -0.54455759 0.72090232 0.32730066
1778701944.04738975 -1.24751943 2.40504964 1.83684131 0.28074625 -0.54701039 0.71527741 0.33217375
1778701944.04775119 -1.23579133 2.40258901 1.84490323 0.28189010 -0.54741035 0.71386556 0.33358036
1778701944.05776048 -1.25564513 2.39993527 1.83041343 0.28267469 -0.54543226 0.71619789 0.33114837
1778701944.06809068 -1.24342099 2.38704468 1.84552305 0.28687610 -0.54541728 0.71407861 0.33213526
1778701944.07838464 -1.22912865 2.39185249 1.84107111 0.28741377 -0.54437414 0.71351625 0.33458136
1778701944.08872056 -1.21603948 2.39248135 1.84253938 0.28838833 -0.54406165 0.71248106 0.33645182
1778701944.09902573 -1.20518473 2.38695566 1.84826489 0.29229613 -0.54231721 0.71151362 0.33793992
1778701944.10929012 -1.18923003 2.38067210 1.85781366 0.29486291 -0.54245057 0.70947101 0.33978544
1778701944.11951756 -1.18284529 2.38644085 1.84884554 0.29507363 -0.54095168 0.70985139 0.34119473
1778701944.11968780 -1.17782110 2.38835799 1.84764990 0.29542773 -0.54041946 0.70970324 0.34203886
1778701944.12975502 -1.16905149 2.38954095 1.84561305 0.29693837 -0.53906821 0.70939019 0.34350928
1778701944.14006925 -1.15307996 2.38831418 1.84894042 0.29926625 -0.53813336 0.70801948 0.34577538
1778701944.15033793 -1.13200080 2.39208740 1.84862959 0.30000789 -0.53774359 0.70648156 0.34887089
1778701944.16062641 -1.12863902 2.39381545 1.84304305 0.30136002 -0.53604108 0.70678260 0.34971483
1778701944.17135596 -1.11381856 2.39477499 1.84273612 0.30310404 -0.53498833 0.70572521 0.35194795
1778701944.18171096 -1.10481242 2.39660932 1.83777451 0.30340187 -0.53459000 0.70518483 0.35337684
1778701944.19207835 -1.08572294 2.40187143 1.83422816 0.30416542 -0.53365240 0.70404583 0.35639583
1778701944.20235181 -1.07094414 2.40047907 1.83879351 0.30609606 -0.53319158 0.70253149 0.35841519
1778701944.21265674 -1.05599878 2.40003054 1.84045859 0.30896757 -0.53153923 0.70136850 0.36067620
1778701944.22295499 -1.03570649 2.40421332 1.83921867 0.31082839 -0.53001633 0.70003968 0.36388577
1778701944.23327160 -1.02119760 2.40642946 1.83884436 0.31257172 -0.52870690 0.69906544 0.36616314
1778701944.24351478 -0.99122343 2.41505228 1.83591327 0.31338477 -0.52748746 0.69715655 0.37083650
1778701944.25384665 -0.97032012 2.42316120 1.82966333 0.31408007 -0.52598884 0.69608340 0.37437594
1778701944.26412487 -0.96230217 2.43434387 1.81291839 0.31420917 -0.52319681 0.69691876 0.37661908
1778701944.27443528 -0.95258244 2.44292008 1.80160617 0.31333277 -0.52219637 0.69695203 0.37867057
1778701944.28473282 -0.93061124 2.44623596 1.80111494 0.31542620 -0.52065143 0.69531672 0.38205112
1778701944.29505110 -0.90791112 2.45240304 1.79648429 0.31662601 -0.51910577 0.69390527 0.38571057
1778701944.30542088 -0.89669881 2.45694695 1.79027391 0.31703539 -0.51801248 0.69342532 0.38770215
1778701944.31580234 -0.87962858 2.46115869 1.78523297 0.31798105 -0.51684588 0.69230494 0.39047697
1778701944.32610703 -0.85240807 2.46276844 1.78741425 0.31914045 -0.51677209 0.68969257 0.39423360
1778701944.33640647 -0.85611411 2.46410570 1.77865442 0.32077274 -0.51451499 0.69061784 0.39424126
1778701944.33659077 -0.84126747 2.46400909 1.78294415 0.32128973 -0.51487324 0.68903167 0.39612349
1778701944.34669685 -0.83801402 2.47091637 1.77008748 0.32014428 -0.51407223 0.68952184 0.39723672
1778701944.35703754 -0.82457065 2.47316434 1.76535577 0.32081015 -0.51341908 0.68848689 0.39933381
1778701944.36732793 -0.80452524 2.47684413 1.76108210 0.32175672 -0.51242569 0.68699883 0.40239922
1778701944.37768078 -0.79462659 2.47747694 1.75804589 0.32320536 -0.51121655 0.68629449 0.40397500
1778701944.38798475 -0.78307794 2.47983916 1.75148767 0.32440591 -0.50976787 0.68566118 0.40591412
1778701944.39832211 -0.76692022 2.47416907 1.75692739 0.32721107 -0.50935498 0.68354144 0.40775178
1778701944.40868258 -0.76352740 2.47649699 1.74705671 0.32776471 -0.50802073 0.68372378 0.40866494
1778701944.41901803 -0.75360981 2.47717369 1.74378675 0.32825014 -0.50763534 0.68290515 0.41012042
1778701944.42932081 -0.73515079 2.47260690 1.74807096 0.32982596 -0.50802119 0.68057177 0.41225159
1778701944.43962693 -0.72847357 2.47559594 1.73852612 0.33062359 -0.50644214 0.68051899 0.41364032
1778701944.44993949 -0.72615448 2.47251309 1.73704993 0.33117881 -0.50657530 0.68003500 0.41382902
1778701944.46027231 -0.70896201 2.47282464 1.73453795 0.33203768 -0.50619512 0.67845389 0.41619442
1778701944.47056365 -0.69884165 2.47016524 1.73324144 0.33381323 -0.50540291 0.67736101 0.41751490
1778701944.48092079 -0.69284844 2.46514200 1.73392241 0.33548680 -0.50522483 0.67632798 0.41806331
1778701944.49127793 -0.67940246 2.46615470 1.73089897 0.33575246 -0.50504003 0.67518321 0.41991962
1778701944.50160623 -0.66746527 2.46408241 1.72950719 0.33615415 -0.50542828 0.67380238 0.42134664
1778701944.51189303 -0.66037937 2.46129847 1.72761829 0.33751516 -0.50495316 0.67296437 0.42216676
1778701944.52214408 -0.65231118 2.45838559 1.72815811 0.33859023 -0.50491281 0.67191328 0.42302750
1778701944.53242874 -0.64534014 2.45228631 1.73092438 0.34021629 -0.50518721 0.67059036 0.42349419
1778701944.54271126 -0.63530742 2.44839661 1.73152090 0.34105105 -0.50564776 0.66920536 0.42446285
1778701944.55301380 -0.61388880 2.44026966 1.74120657 0.34358628 -0.50632842 0.66609794 0.42648978
1778701944.56324959 -0.61844594 2.43729225 1.73828836 0.34454441 -0.50590608 0.66640893 0.42573153
1778701944.57359672 -0.61265281 2.43316499 1.73817857 0.34545343 -0.50620831 0.66547897 0.42609015
1778701944.58385158 -0.60173142 2.42928882 1.73923030 0.34773706 -0.50546673 0.66415140 0.42718290
1778701944.59407473 -0.60376517 2.42071905 1.74443505 0.35142380 -0.50425062 0.66367918 0.42633622
1778701944.60439610 -0.59012390 2.41673210 1.74709252 0.35220897 -0.50511432 0.66178515 0.42760821
1778701944.61468720 -0.57784995 2.41020899 1.75214819 0.35441702 -0.50525807 0.65989880 0.42852823
1778701944.62499404 -0.57154926 2.40546836 1.75507022 0.35683976 -0.50452212 0.65888255 0.42894825
1778701944.62525249 -0.56904381 2.40549903 1.75390644 0.35714022 -0.50427014 0.65871022 0.42925904
1778701944.63536787 -0.56817198 2.40622206 1.74770583 0.35754653 -0.50347041 0.65901640 0.42938957
1778701944.64567804 -0.55389173 2.40267752 1.74957446 0.35887120 -0.50366696 0.65722636 0.43079527
1778701944.65589786 -0.55178542 2.40046793 1.74649646 0.36029826 -0.50286124 0.65705165 0.43081186
1778701944.66619444 -0.54838164 2.39892390 1.74425187 0.36129131 -0.50228366 0.65677715 0.43107250
1778701944.67651796 -0.53846861 2.39651161 1.74352958 0.36333942 -0.50128834 0.65575159 0.43206981
1778701944.68677473 -0.52912030 2.39535844 1.74107612 0.36370822 -0.50138283 0.65483623 0.43303707
1778701944.69709849 -0.50673786 2.40009708 1.73616196 0.36472964 -0.49981019 0.65333392 0.43625319
1778701944.70735550 -0.48690450 2.40500675 1.72858909 0.36522862 -0.49841114 0.65216639 0.43917353
1778701944.71760702 -0.47482717 2.40440640 1.72555730 0.36728974 -0.49679739 0.65125291 0.44063619
1778701944.72790670 -0.47052991 2.40244603 1.72445126 0.36779486 -0.49679542 0.65076362 0.44093986
1778701944.73826027 -0.46924725 2.39594630 1.72646969 0.37018966 -0.49617124 0.65024123 0.44040897
1778701944.74852943 -0.44329130 2.40815601 1.71063373 0.36812844 -0.49509216 0.64929541 0.44472540
1778701944.75883865 -0.43697872 2.40527725 1.70898275 0.36961774 -0.49436577 0.64867726 0.44519998
1778701944.76913857 -0.42846727 2.40598487 1.70520636 0.37029122 -0.49357225 0.64816124 0.44627105
1778701944.77935433 -0.41812375 2.40519641 1.70184187 0.37148562 -0.49267393 0.64736858 0.44742011
1778701944.78965211 -0.40817112 2.40366677 1.69941290 0.37253310 -0.49208068 0.64653624 0.44840449
1778701944.80001068 -0.40217151 2.40360517 1.69569813 0.37310911 -0.49144766 0.64622757 0.44906427
1778701944.81046009 -0.40716438 2.40370025 1.68743820 0.37329954 -0.49056425 0.64730078 0.44832563
1778701944.82076240 -0.38018064 2.40656406 1.68286343 0.37438050 -0.48924120 0.64518835 0.45190074
1778701944.83111286 -0.36888130 2.40684627 1.67830944 0.37520522 -0.48834089 0.64446309 0.45322350
1778701944.84142351 -0.36196411 2.40671513 1.67494470 0.37530003 -0.48815359 0.64403374 0.45395649
1778701944.85165477 -0.35696919 2.40743536 1.66793938 0.37556582 -0.48730024 0.64414549 0.45449465
1778701944.86192703 -0.35308498 2.40696538 1.66241020 0.37679048 -0.48595501 0.64423429 0.45479538
1778701944.87215185 -0.34728944 2.40818342 1.65715765 0.37702396 -0.48520813 0.64414655 0.45552302
1778701944.88250780 -0.34474777 2.40565837 1.65423080 0.37669799 -0.48575294 0.64406473 0.45532772
1778701944.89287233 -0.33642905 2.40817497 1.64567444 0.37702881 -0.48439540 0.64408192 0.45647438
1778701944.90338612 -0.31669883 2.41259079 1.63671729 0.37715057 -0.48301077 0.64308908 0.45923248
1778701944.91368103 -0.30873493 2.41219556 1.63340104 0.37719538 -0.48285354 0.64262672 0.46000760
1778701944.92403483 -0.30421369 2.41087434 1.62908574 0.37757673 -0.48239248 0.64261036 0.46020130
1778701944.93432713 -0.29796630 2.41100383 1.62310194 0.37738998 -0.48208345 0.64257909 0.46072168
1778701944.94465184 -0.29378721 2.41198914 1.61717345 0.37697920 -0.48176510 0.64276391 0.46113298
1778701944.94481516 -0.29222777 2.41031482 1.61804155 0.37772401 -0.48151191 0.64252996 0.46111399
1778701944.95497108 -0.28766516 2.40755834 1.61759159 0.37783713 -0.48192200 0.64213403 0.46114442
1778701944.96526504 -0.28360287 2.40479283 1.61514345 0.37783220 -0.48222621 0.64198724 0.46103480
1778701944.97562790 -0.27997882 2.40228579 1.61246047 0.37800244 -0.48230095 0.64194168 0.46088050
1778701944.98599434 -0.27645022 2.39877667 1.61274966 0.37825262 -0.48277098 0.64158135 0.46068482
1778701944.99641633 -0.27582419 2.39790411 1.60731424 0.37733588 -0.48317281 0.64213284 0.46024676
1778701945.00667930 -0.28187424 2.39497652 1.60367025 0.37719115 -0.48340628 0.64311115 0.45875184
1778701945.01697850 -0.26959606 2.39264671 1.60251899 0.37787402 -0.48325182 0.64214595 0.45970369
1778701945.02738428 -0.26667946 2.39116880 1.60022787 0.37744585 -0.48371951 0.64214443 0.45956566
1778701945.03778481 -0.26560402 2.39111267 1.59424878 0.37762255 -0.48304975 0.64273660 0.45929709
1778701945.04808211 -0.26480748 2.39005371 1.58952724 0.37680854 -0.48346678 0.64325457 0.45880143
1778701945.05839467 -0.26113314 2.38945938 1.58483356 0.37671108 -0.48330601 0.64344478 0.45878413
1778701945.06874871 -0.25786434 2.38936134 1.58103903 0.37652228 -0.48319057 0.64358927 0.45885804
1778701945.07907200 -0.25605255 2.38642990 1.57946405 0.37539710 -0.48459200 0.64365055 0.45821565
1778701945.08942938 -0.25143871 2.38462368 1.57711616 0.37499534 -0.48521405 0.64350428 0.45809176
1778701945.09978914 -0.24411239 2.38919707 1.56769540 0.37386962 -0.48467029 0.64383595 0.45912034
1778701945.11012340 -0.24051349 2.38794520 1.56437713 0.37316002 -0.48535827 0.64389708 0.45888506
1778701945.12040591 -0.24243872 2.38546412 1.56226939 0.37282536 -0.48601525 0.64437892 0.45778405
1778701945.13070130 -0.23867875 2.38805665 1.55524851 0.37192223 -0.48585342 0.64480501 0.45809039
1778701945.13088799 -0.23853654 2.38888622 1.55282433 0.37162761 -0.48578084 0.64506585 0.45803924
1778701945.14099360 -0.23104865 2.39042808 1.54911208 0.37181212 -0.48519314 0.64475895 0.45894363
1778701945.15135121 -0.24281007 2.39219683 1.53867360 0.36947668 -0.48598677 0.64707026 0.45673178
1778701945.16167283 -0.22324722 2.39487963 1.53250397 0.36915675 -0.48563195 0.64588276 0.45904287
1778701945.17197847 -0.21536981 2.39632856 1.52765590 0.36855025 -0.48569316 0.64565784 0.45978127
1778701945.18230987 -0.20965558 2.40063510 1.51719622 0.36798453 -0.48472502 0.64623824 0.46044020
1778701945.19262886 -0.20148919 2.40267651 1.51036682 0.36686270 -0.48497973 0.64621212 0.46110337
1778701945.20293689 -0.20161949 2.40119844 1.50852388 0.36614337 -0.48584979 0.64644980 0.46042554
1778701945.20312500 -0.20863856 2.40174305 1.50582203 0.36556874 -0.48598770 0.64742712 0.45936213
1778701945.21338129 -0.18924412 2.40429595 1.50059165 0.36564210 -0.48537965 0.64609080 0.46182153
1778701945.22363830 -0.17478478 2.40438771 1.49703856 0.36564175 -0.48547850 0.64503310 0.46319438
1778701945.23388624 -0.17628046 2.40042097 1.49848222 0.36601830 -0.48621002 0.64503060 0.46213196
1778701945.24419165 -0.16031765 2.40759936 1.48452708 0.36511634 -0.48477539 0.64490548 0.46452105
1778701945.25450778 -0.15191872 2.40705117 1.48061245 0.36548416 -0.48453867 0.64445674 0.46510119
1778701945.26477814 -0.13309929 2.40904878 1.47407391 0.36547364 -0.48396636 0.64322906 0.46739914
1778701945.27509809 -0.12282538 2.41087580 1.46767412 0.36540380 -0.48334667 0.64282137 0.46865419
1778701945.27525640 -0.11800153 2.41217222 1.46461835 0.36551985 -0.48283237 0.64262837 0.46935798
1778701945.28541183 -0.11065671 2.41235383 1.46056211 0.36546453 -0.48267435 0.64228211 0.47003707
1778701945.29566026 -0.09663708 2.41350047 1.45364754 0.36508633 -0.48241238 0.64151882 0.47163955
1778701945.30596423 -0.08408665 2.41203755 1.45195401 0.36611974 -0.48194302 0.64032537 0.47293835
1778701945.30611658 -0.08250134 2.41081824 1.45239693 0.36613101 -0.48225938 0.64010614 0.47290390
1778701945.31629848 -0.06981532 2.40953904 1.44991671 0.36630347 -0.48233829 0.63899553 0.47419011
1778701945.32656479 -0.07167237 2.40401184 1.45149380 0.36640048 -0.48359385 0.63896892 0.47287039
1778701945.33681607 -0.04718453 2.40305547 1.44690382 0.36757112 -0.48274218 0.63673059 0.47584200
1778701945.34707499 -0.03701250 2.39991626 1.44690200 0.36688292 -0.48405085 0.63562501 0.47652129
1778701945.35737371 -0.02088680 2.39372600 1.44979201 0.36836457 -0.48455794 0.63346592 0.47773639
1778701945.36765289 -0.01110327 2.38409032 1.45700686 0.37004873 -0.48593913 0.63149383 0.47764279
1778701945.37795687 -0.00501237 2.37384831 1.46682557 0.37207898 -0.48734679 0.62965385 0.47706012
1778701945.37810540 -0.00515159 2.36896076 1.47208335 0.37265366 -0.48831605 0.62907920 0.47637804
1778701945.38823986 0.00067595 2.36450570 1.47334392 0.37344952 -0.48882813 0.62817996 0.47641627
1778701945.39868617 0.01097230 2.35405998 1.48136213 0.37538675 -0.49023825 0.62597932 0.47634140
1778701945.40899396 0.01719670 2.34567724 1.48621215 0.37657709 -0.49156031 0.62454762 0.47591851
1778701945.41931415 0.02761772 2.33628586 1.49413997 0.37811106 -0.49298389 0.62236762 0.47608556
1778701945.42962122 0.03453861 2.32563742 1.50212533 0.37972947 -0.49468949 0.62047258 0.47550144
1778701945.43993044 0.04188095 2.31197127 1.51421634 0.38105188 -0.49749970 0.61808914 0.47461493
1778701945.45038652 0.04457837 2.29810860 1.52665337 0.38277558 -0.50008650 0.61611590 0.47307244
1778701945.46069455 0.05487698 2.29300530 1.52837027 0.38332034 -0.50099354 0.61456192 0.47369255
1778701945.47104478 0.05862985 2.27921569 1.54052997 0.38476709 -0.50376023 0.61247371 0.47228790
1778701945.48135781 0.05469524 2.26355254 1.55550484 0.38674052 -0.50672409 0.61087292 0.46957081
1778701945.49165630 0.06759651 2.25826970 1.55735001 0.38749504 -0.50755566 0.60894487 0.47055392
1778701945.50215912 0.06632068 2.24467104 1.56948347 0.38856732 -0.51058408 0.60736042 0.46843638
1778701945.51249313 0.07635383 2.23604339 1.57440850 0.38969868 -0.51207374 0.60529102 0.46854904
1778701945.52279091 0.07895735 2.22608944 1.58139057 0.39043817 -0.51422273 0.60382102 0.46747534
1778701945.53310108 0.06316223 2.21137637 1.59713846 0.39184109 -0.51734438 0.60349456 0.46325983
1778701945.54335690 0.07568206 2.19839985 1.60778349 0.39356564 -0.51952502 0.60048912 0.46326306
1778701945.55364203 0.08234390 2.18850788 1.61456943 0.39453457 -0.52138725 0.59858908 0.46280549
1778701945.56402373 0.08927042 2.18313744 1.61561685 0.39497081 -0.52239308 0.59733760 0.46291611
1778701945.57432103 0.08869900 2.18244846 1.61249127 0.39454341 -0.52283575 0.59754067 0.46251857
1778701945.58459306 0.09988387 2.17926638 1.61010114 0.39507743 -0.52306320 0.59618430 0.46355474
1778701945.59489965 0.10746258 2.17889767 1.60589077 0.39521829 -0.52287603 0.59556831 0.46443680
1778701945.59510231 0.10810861 2.17750001 1.60625774 0.39555048 -0.52298090 0.59536188 0.46430058
1778701945.60527229 0.10817814 2.17858909 1.60108707 0.39542018 -0.52270481 0.59573000 0.46425029
1778701945.61557460 0.10356484 2.17835901 1.59699342 0.39607717 -0.52228442 0.59641110 0.46328788
1778701945.62585235 0.10552614 2.17795489 1.59225814 0.39630987 -0.52210107 0.59642162 0.46328200
1778701945.63617444 0.11167337 2.17883021 1.58641562 0.39575705 -0.52205844 0.59617690 0.46411685
1778701945.64640760 0.11572616 2.17967300 1.57971039 0.39617498 -0.52134133 0.59614053 0.46461281
1778701945.65666080 0.11134326 2.18071844 1.57350354 0.39637920 -0.52081216 0.59702638 0.46389408
1778701945.66693735 0.11148181 2.18301300 1.56499713 0.39654508 -0.51987229 0.59762841 0.46403134
1778701945.67722607 0.11637597 2.17916833 1.56511911 0.39749452 -0.52000708 0.59673882 0.46421280
1778701945.68751311 0.11766386 2.18171231 1.55617155 0.39812420 -0.51863588 0.59722934 0.46457622
1778701945.69776940 0.12368126 2.18377438 1.54705170 0.39829376 -0.51761637 0.59718866 0.46561904
1778701945.70800972 0.11758210 2.18069410 1.54706327 0.39922826 -0.51767182 0.59755274 0.46428806
1778701945.71834183 0.12646851 2.17934552 1.54257152 0.40018200 -0.51708309 0.59661194 0.46533175
1778701945.72864079 0.10906335 2.17335778 1.54555525 0.40129994 -0.51783265 0.59780903 0.46198708
1778701945.73890400 0.11196638 2.17262362 1.54183652 0.40160757 -0.51759707 0.59758789 0.46226978
1778701945.74917650 0.13774586 2.17096127 1.53564797 0.40241964 -0.51694382 0.59481044 0.46586272
1778701945.75949287 0.14640731 2.16867071 1.53143412 0.40373939 -0.51623061 0.59373041 0.46688828
1778701945.76976228 0.14950357 2.16818733 1.52568488 0.40466148 -0.51541484 0.59348580 0.46730208
1778701945.78005719 0.15430830 2.16491243 1.52455943 0.40571377 -0.51525090 0.59262335 0.46766485
1778701945.79036212 0.15265271 2.16459485 1.51881950 0.40592115 -0.51490734 0.59299805 0.46738824
1778701945.80061603 0.15668752 2.16387514 1.51268483 0.40651637 -0.51425407 0.59268765 0.46798349
1778701945.81090164 0.15890074 2.16578892 1.50484846 0.40708681 -0.51300006 0.59287812 0.46862225
1778701945.82127619 0.16884421 2.16344358 1.50013551 0.40807555 -0.51245039 0.59162439 0.46994631
1778701945.83150291 0.17273284 2.16522730 1.49052277 0.40804825 -0.51153488 0.59169644 0.47087580
1778701945.84208155 0.17804364 2.16138459 1.48816019 0.40883708 -0.51163105 0.59071355 0.47132093
1778701945.85244751 0.17930956 2.16164271 1.48246012 0.40932807 -0.51094117 0.59072428 0.47162960
1778701945.86278129 0.19235402 2.15778886 1.47868931 0.41063832 -0.51051579 0.58884477 0.47329868
1778701945.87306929 0.19483576 2.15627450 1.47322980 0.41099287 -0.51031270 0.58852353 0.47360940
1778701945.88337564 0.20020996 2.15375078 1.47043306 0.41215545 -0.50985898 0.58759696 0.47423782
1778701945.88359880 0.19983153 2.15235412 1.47075411 0.41231059 -0.51009814 0.58745592 0.47402047
1778701945.89373326 0.20119868 2.15131148 1.46651884 0.41257916 -0.50994048 0.58725417 0.47420636
1778701945.90409732 0.21931876 2.14522412 1.46440732 0.41493003 -0.50933507 0.58431277 0.47643409
1778701945.91441989 0.21711577 2.14567491 1.45709657 0.41503692 -0.50893804 0.58469717 0.47629366
1778701945.92476797 0.22720390 2.14457762 1.45160555 0.41559567 -0.50839234 0.58349484 0.47786110
1778701945.93504000 0.23627000 2.13643107 1.45377501 0.41801886 -0.50860120 0.58112699 0.47841036
1778701945.94533443 0.23652717 2.13770286 1.44492365 0.41904387 -0.50721725 0.58125843 0.47882306
1778701945.95564008 0.24141641 2.13526163 1.44199429 0.42006350 -0.50691473 0.58029773 0.47941492
1778701945.95583463 0.25292080 2.13314651 1.44092195 0.41982985 -0.50736337 0.57876463 0.48099565
1778701945.96591663 0.25453289 2.13281353 1.43579228 0.42082483 -0.50653482 0.57846456 0.48136025
1778701945.97618222 0.24825427 2.13625050 1.42531225 0.42090507 -0.50538579 0.57965669 0.48106366
1778701945.98653269 0.27063746 2.13122857 1.42064279 0.42315213 -0.50444290 0.57622683 0.48419240
1778701945.99684024 0.26850362 2.13445891 1.41120064 0.42224956 -0.50399386 0.57707082 0.48444274
1778701946.00712347 0.28169966 2.13267883 1.40573452 0.42224553 -0.50401945 0.57536511 0.48644435
1778701946.01743793 0.28810260 2.13292155 1.39478311 0.42331250 -0.50267019 0.57458161 0.48783725
1778701946.02768183 0.29442568 2.12844695 1.39445520 0.42347445 -0.50361160 0.57318668 0.48836643
1778701946.03799891 0.29334841 2.13511495 1.37812421 0.42332634 -0.50151793 0.57426942 0.48937634
1778701946.04829049 0.29658732 2.13665292 1.36782683 0.42354692 -0.50053493 0.57411802 0.49036853
1778701946.05855632 0.30137041 2.13765686 1.36040095 0.42396203 -0.49971035 0.57362934 0.49142154
1778701946.06884098 0.31907546 2.12482537 1.36731243 0.42766815 -0.50031029 0.56920804 0.49273906
1778701946.07916307 0.30565171 2.12982372 1.35650342 0.42730363 -0.49933469 0.57145707 0.49144002
1778701946.08941936 0.31504336 2.13291795 1.34267065 0.42830809 -0.49720331 0.57063851 0.49367271
1778701946.09966826 0.32551746 2.12508751 1.34574693 0.43124009 -0.49704975 0.56784791 0.49449194
1778701946.10996079 0.32648024 2.12606680 1.33794799 0.43170108 -0.49639958 0.56765743 0.49496128
1778701946.12019992 0.33029951 2.12401438 1.33293962 0.43250601 -0.49625596 0.56672094 0.49547548
1778701946.13048267 0.33528106 2.12528051 1.32420497 0.43306035 -0.49517978 0.56621087 0.49664975
1778701946.14077187 0.33193572 2.12563216 1.31727594 0.43287756 -0.49518198 0.56662827 0.49633076
1778701946.15102315 0.33838139 2.12001874 1.31764157 0.43487262 -0.49534518 0.56460942 0.49672443
1778701946.16127539 0.33138073 2.12216766 1.31120204 0.43437002 -0.49522138 0.56573559 0.49600576
1778701946.16144252 0.34260991 2.11836078 1.31242829 0.43593720 -0.49493176 0.56359553 0.49735439
1778701946.17159438 0.34142273 2.11859817 1.30731722 0.43589789 -0.49489588 0.56369740 0.49730910
1778701946.18189383 0.33597530 2.12452787 1.29302870 0.43463201 -0.49399599 0.56531324 0.49747756
1778701946.19224477 0.33690274 2.12841437 1.28049401 0.43403136 -0.49310042 0.56576257 0.49837884
1778701946.20257521 0.33798390 2.12745870 1.27682069 0.43422313 -0.49319042 0.56540179 0.49853214
1778701946.21285701 0.33686371 2.12842944 1.26914951 0.43401286 -0.49299410 0.56563896 0.49864036
1778701946.22315311 0.34090312 2.12712744 1.26314115 0.43464005 -0.49267077 0.56480971 0.49935311
1778701946.23349190 0.33828409 2.12675806 1.25913709 0.43497957 -0.49252145 0.56496359 0.49903060
1778701946.23368812 0.33653648 2.12718480 1.25711235 0.43456422 -0.49266769 0.56530688 0.49885932
1778701946.24387240 0.33919514 2.12945564 1.24797858 0.43402947 -0.49209079 0.56539940 0.49978855
1778701946.25423265 0.34732363 2.12818746 1.24080093 0.43444546 -0.49168862 0.56417367 0.50120606
1778701946.26448679 0.33934417 2.12803927 1.23772958 0.43425747 -0.49195650 0.56514034 0.50001564
1778701946.26467109 0.33944837 2.12800776 1.23606736 0.43410791 -0.49201079 0.56515196 0.50007896
1778701946.27477765 0.34160246 2.12698091 1.23181376 0.43420986 -0.49199122 0.56476357 0.50044835
1778701946.28511190 0.34577722 2.12573625 1.22524568 0.43447006 -0.49173600 0.56409260 0.50122949
1778701946.29538298 0.34691970 2.12357574 1.22109293 0.43443459 -0.49212301 0.56371554 0.50130462
1778701946.30570340 0.34719006 2.12062131 1.22042438 0.43499151 -0.49252603 0.56317109 0.50103775
1778701946.30588198 0.35741861 2.11782923 1.22001949 0.43550261 -0.49260072 0.56149595 0.50239856
1778701946.31603408 0.34291086 2.12070931 1.21461340 0.43472971 -0.49259201 0.56379888 0.50049377
1778701946.32639146 0.35155994 2.12359888 1.20005929 0.43416994 -0.49132961 0.56341659 0.50264642
1778701946.33674932 0.34756002 2.11773390 1.20371129 0.43507823 -0.49264051 0.56291051 0.50114271
1778701946.34708285 0.34731117 2.11495467 1.20294127 0.43582614 -0.49287886 0.56244667 0.50077914
1778701946.35741735 0.34507397 2.11172073 1.20171265 0.43617930 -0.49360501 0.56227647 0.49994688
1778701946.36771059 0.34953818 2.10818575 1.19933850 0.43706790 -0.49383883 0.56112655 0.50023180
1778701946.37803364 0.34970815 2.10524147 1.19734143 0.43734918 -0.49450875 0.56069563 0.49980716
1778701946.38838649 0.35539860 2.10109937 1.19709299 0.43812003 -0.49502935 0.55933204 0.50014443
1778701946.39870763 0.35133306 2.09882460 1.19599873 0.43896217 -0.49539366 0.55934971 0.49902429
1778701946.40897131 0.35224038 2.09443634 1.19635082 0.44005956 -0.49600505 0.55845342 0.49845396
1778701946.41929460 0.35325880 2.09208467 1.19526101 0.44051203 -0.49643549 0.55795230 0.49818690
1778701946.42964530 0.35406978 2.08958094 1.19370507 0.44146972 -0.49666687 0.55733599 0.49779826
1778701946.43994403 0.35727654 2.08321401 1.19706443 0.44363549 -0.49719399 0.55562537 0.49725862
1778701946.45020986 0.35844595 2.08314548 1.19300115 0.44435337 -0.49673301 0.55536772 0.49736616
1778701946.45038390 0.36011057 2.08129703 1.19403949 0.44459405 -0.49712969 0.55486852 0.49731190
1778701946.46044850 0.36063443 2.07795567 1.19529778 0.44638198 -0.49703441 0.55398381 0.49679157
1778701946.47073245 0.36269989 2.07587968 1.19220569 0.44728172 -0.49697817 0.55336475 0.49672852
1778701946.48100996 0.36396925 2.07428427 1.18942775 0.44856315 -0.49663481 0.55279887 0.49654645
1778701946.49132419 0.37394830 2.06843201 1.19164859 0.45066786 -0.49671608 0.55036786 0.49725933
1778701946.50159597 0.37142660 2.07170175 1.18230228 0.45108786 -0.49541579 0.55117970 0.49727647
1778701946.51189423 0.37450639 2.07239188 1.17528794 0.45236066 -0.49414378 0.55073996 0.49787273
1778701946.52231479 0.37995429 2.07081463 1.17223484 0.45351212 -0.49361726 0.54969677 0.49849996
1778701946.53268194 0.38267989 2.07312119 1.16265895 0.45434379 -0.49205135 0.54967107 0.49931843
1778701946.54299855 0.38198683 2.07474139 1.15487842 0.45516446 -0.49081452 0.54998601 0.49944150
1778701946.55327225 0.39057278 2.07566719 1.14566795 0.45655193 -0.48907887 0.54890993 0.50105896
1778701946.56352234 0.39245633 2.07651630 1.13989006 0.45727761 -0.48813054 0.54876968 0.50147543
1778701946.57383251 0.39901289 2.07412005 1.13644187 0.45922549 -0.48720188 0.54733876 0.50216189
1778701946.58419371 0.40317561 2.07458081 1.12921293 0.46044949 -0.48589606 0.54679810 0.50289474
1778701946.59456730 0.40463754 2.07744003 1.11981428 0.46082229 -0.48444076 0.54712403 0.50360229
1778701946.60487747 0.41157340 2.07687417 1.11310052 0.46233257 -0.48314659 0.54602988 0.50464774
1778701946.61515212 0.41533074 2.07546854 1.10869263 0.46369224 -0.48237362 0.54528730 0.50494253
1778701946.62551069 0.41785927 2.07431902 1.10457323 0.46531145 -0.48143798 0.54464859 0.50503528
1778701946.63582706 0.41662088 2.07347714 1.10236139 0.46626678 -0.48101814 0.54465685 0.50454511
1778701946.64612842 0.41759597 2.07389363 1.09609194 0.46673173 -0.48037523 0.54476613 0.50460974
1778701946.65644073 0.41953487 2.07280266 1.09175062 0.46832400 -0.47939401 0.54424035 0.50463497
1778701946.66676021 0.41960586 2.07289973 1.08750594 0.46864649 -0.47900841 0.54441281 0.50451571
1778701946.67703819 0.41577944 2.07369433 1.08209378 0.46934132 -0.47821963 0.54516704 0.50380315
1778701946.68740988 0.41948941 2.07291525 1.07639663 0.46979202 -0.47775659 0.54486644 0.50414747
1778701946.69773197 0.42110076 2.07170354 1.07388544 0.47032420 -0.47759086 0.54464047 0.50405245
1778701946.69792056 0.42195757 2.07305563 1.06991895 0.46993431 -0.47728479 0.54494034 0.50438180
1778701946.70807076 0.41728165 2.07163265 1.06972940 0.47012792 -0.47770347 0.54559733 0.50309311
1778701946.71852517 0.41833858 2.07178122 1.06395410 0.47031029 -0.47729578 0.54584131 0.50304497
1778701946.72900200 0.42199669 2.07298503 1.05492649 0.46947100 -0.47699498 0.54622611 0.50369614
1778701946.73936582 0.41681233 2.07309675 1.05087562 0.46898914 -0.47726125 0.54751697 0.50248986
1778701946.74978566 0.41899854 2.07117616 1.04925856 0.46897145 -0.47770551 0.54735354 0.50226221
1778701946.76012707 0.41853952 2.07056229 1.04502544 0.46823030 -0.47824440 0.54805102 0.50167994
1778701946.77039933 0.40685562 2.06885892 1.04621777 0.46842711 -0.47895415 0.54978974 0.49890901
1778701946.78090668 0.41298709 2.06939069 1.03802637 0.46747454 -0.47896518 0.54988443 0.49968693
1778701946.79148197 0.41015683 2.06571686 1.04137916 0.46761989 -0.48020638 0.55011149 0.49810723
1778701946.80192304 0.40475608 2.05970529 1.04901579 0.46819538 -0.48220075 0.55029605 0.49542889
1778701946.81234264 0.43351569 2.05087916 1.04775100 0.46978436 -0.48269364 0.54552857 0.49870641
1778701946.82310748 0.40119874 2.05756741 1.04304923 0.46699168 -0.48349201 0.55200155 0.49340504
1778701946.83360243 0.39415747 2.05721958 1.04240736 0.46694990 -0.48382191 0.55331156 0.49165076
1778701946.83381009 0.39281146 2.05687339 1.04221416 0.46710599 -0.48385558 0.55353024 0.49122302
1778701946.84393382 0.39360151 2.05684308 1.03835115 0.46638838 -0.48420053 0.55407469 0.49095109
1778701946.85422230 0.39178699 2.05649631 1.03470497 0.46611124 -0.48444073 0.55494767 0.48999037
1778701946.86445761 0.38730811 2.05633102 1.03222709 0.46552020 -0.48501084 0.55622975 0.48853239
1778701946.87475681 0.38170776 2.05747313 1.02870737 0.46474067 -0.48525843 0.55780999 0.48722518
1778701946.88505483 0.38959294 2.06331464 1.01068433 0.46314225 -0.48360573 0.55874144 0.48931865
1778701946.89531088 0.38175526 2.06281903 1.01000697 0.46290978 -0.48426215 0.56030596 0.48709541
1778701946.90558696 0.38158460 2.06218180 1.00852677 0.46224960 -0.48502477 0.56083910 0.48634945
1778701946.91587353 0.37865980 2.06322261 1.00369762 0.46162532 -0.48524630 0.56204859 0.48532408
1778701946.92613697 0.37964264 2.06426600 0.99768772 0.46128179 -0.48516094 0.56267719 0.48500758
1778701946.93636966 0.37768191 2.06331381 0.99745392 0.46068975 -0.48617961 0.56330744 0.48381718
1778701946.93656945 0.37541423 2.06260595 0.99892509 0.46060357 -0.48671897 0.56361482 0.48299827
1778701946.94667625 0.37719403 2.06210627 0.99631026 0.46017939 -0.48725454 0.56378636 0.48266229
1778701946.95694590 0.37658305 2.06260804 0.99223947 0.45992048 -0.48750601 0.56445236 0.48187609
1778701946.96718907 0.37984910 2.06170217 0.98939673 0.45889621 -0.48866140 0.56463955 0.48146286
1778701946.97745538 0.38201894 2.06193554 0.98563187 0.45840393 -0.48899640 0.56486961 0.48132180
1778701946.98772526 0.38200580 2.06208129 0.98234060 0.45722252 -0.49003058 0.56565025 0.48047620
1778701946.99799538 0.38661181 2.06311027 0.97528397 0.45679144 -0.48992309 0.56577394 0.48085008
1778701947.00835323 0.39174244 2.06284248 0.97110264 0.45627644 -0.49029550 0.56554962 0.48122319
1778701947.01861429 0.39430633 2.06336520 0.96583632 0.45515418 -0.49096405 0.56606800 0.48099480
1778701947.02887487 0.39805633 2.06221732 0.96311603 0.45444130 -0.49198911 0.56602789 0.48066855
1778701947.03921962 0.39988165 2.06281940 0.95801969 0.45378891 -0.49240301 0.56646947 0.48034076
1778701947.04943466 0.39963237 2.06110286 0.95918123 0.45341152 -0.49363101 0.56660724 0.47927305
1778701947.05970430 0.40340151 2.06067798 0.95479213 0.45337886 -0.49388624 0.56644954 0.47922741
1778701947.06994748 0.40836654 2.05895367 0.95267427 0.45213416 -0.49541972 0.56634568 0.47894318
1778701947.08020759 0.40596420 2.05793784 0.95351349 0.45212423 -0.49625561 0.56672771 0.47763350
1778701947.09054375 0.41115136 2.05806138 0.94734549 0.45160782 -0.49644398 0.56666745 0.47799764
1778701947.10085440 0.41403119 2.05720657 0.94446966 0.45096318 -0.49732713 0.56672432 0.47762064
1778701947.11116076 0.41165521 2.05573117 0.94620874 0.45042223 -0.49864761 0.56720223 0.47618484
1778701947.11139941 0.41543731 2.05663201 0.94157681 0.45027618 -0.49815323 0.56704014 0.47703270
1778701947.12146187 0.41891016 2.05502760 0.94045504 0.44912686 -0.49949226 0.56702107 0.47673855
1778701947.13176775 0.42243798 2.05426486 0.93686199 0.44795915 -0.50051878 0.56722283 0.47652053
1778701947.14205599 0.42472197 2.05465227 0.93148880 0.44673377 -0.50115671 0.56776120 0.47635922
1778701947.15237117 0.42334559 2.05284439 0.93324079 0.44596045 -0.50263688 0.56815677 0.47505087
1778701947.16268682 0.43154231 2.05159323 0.92800538 0.44479526 -0.50342959 0.56774852 0.47579139
1778701947.17297769 0.43342982 2.05059817 0.92534739 0.44383011 -0.50441585 0.56804932 0.47528881
1778701947.18325496 0.43805577 2.05059460 0.92019333 0.44292158 -0.50469029 0.56809328 0.47579219
1778701947.19351840 0.44169536 2.04727424 0.92137452 0.44136013 -0.50688072 0.56795935 0.47507404
1778701947.20380950 0.44457414 2.04704657 0.91629575 0.44007092 -0.50750681 0.56842109 0.47504935
1778701947.21407199 0.45069662 2.04634536 0.91166068 0.43859166 -0.50822428 0.56837756 0.47570200
1778701947.21423340 0.45176267 2.04595482 0.91084853 0.43816571 -0.50854059 0.56843555 0.47568718
1778701947.22435737 0.44707461 2.04522447 0.91196870 0.43769330 -0.50945732 0.56929605 0.47410950
1778701947.23467851 0.45698295 2.04492126 0.90336322 0.43594955 -0.50980580 0.56906460 0.47561698
1778701947.24496746 0.46105287 2.04460063 0.89779869 0.43458030 -0.51035737 0.56938955 0.47588954
1778701947.25526381 0.46310387 2.04463839 0.89368010 0.43373851 -0.51063386 0.56972361 0.47596109
1778701947.26555824 0.46807005 2.04381188 0.88844514 0.43226010 -0.51132708 0.56992136 0.47632497
1778701947.27582264 0.47010265 2.04380982 0.88324245 0.43073496 -0.51192788 0.57060376 0.47624425
1778701947.28610921 0.47305380 2.04407903 0.87801956 0.42996390 -0.51194366 0.57086248 0.47661384
1778701947.29641223 0.47310669 2.04266061 0.87682210 0.42902668 -0.51299133 0.57129538 0.47581256
1778701947.30671453 0.47287535 2.04185517 0.87432245 0.42817005 -0.51369436 0.57187570 0.47512808
1778701947.31701922 0.47378214 2.04050433 0.87243010 0.42746477 -0.51449755 0.57214785 0.47456610
1778701947.32731271 0.47676503 2.03972276 0.86947108 0.42727302 -0.51467001 0.57199167 0.47474002
1778701947.33761406 0.47427767 2.03896198 0.86842123 0.42677267 -0.51542499 0.57264258 0.47358488
1778701947.34792519 0.47349351 2.03691186 0.86910035 0.42626876 -0.51658141 0.57288571 0.47248339
1778701947.35830092 0.47460444 2.03633116 0.86665320 0.42604779 -0.51683130 0.57296967 0.47230757
1778701947.36858273 0.47390145 2.03515016 0.86573185 0.42546829 -0.51773679 0.57332674 0.47140407
1778701947.37893939 0.47460591 2.03596526 0.86024975 0.42489684 -0.51771286 0.57384326 0.47131729
1778701947.38931966 0.47416847 2.03490585 0.86012299 0.42441080 -0.51853925 0.57403716 0.47061009
1778701947.38951397 0.47390387 2.03497231 0.85913410 0.42434044 -0.51856387 0.57417745 0.47047525
1778701947.39966512 0.47450129 2.03286616 0.86051041 0.42417329 -0.51957939 0.57394699 0.46978625
1778701947.40992308 0.47305509 2.03334847 0.85699539 0.42384635 -0.51977005 0.57451970 0.46916999
1778701947.42021704 0.47178942 2.03200330 0.85713168 0.42326124 -0.52090952 0.57481069 0.46807676
1778701947.43052888 0.47082038 2.03070917 0.85767966 0.42282944 -0.52183539 0.57497544 0.46723263
1778701947.43071079 0.47012587 2.03073218 0.85712687 0.42290898 -0.52185671 0.57506924 0.46702135
1778701947.44082665 0.47021926 2.02952272 0.85726693 0.42241342 -0.52276695 0.57512651 0.46638087
1778701947.45111752 0.47107352 2.02913834 0.85397016 0.42201199 -0.52317798 0.57526952 0.46610692
1778701947.46133280 0.46982457 2.02934935 0.85164382 0.42232461 -0.52307402 0.57545324 0.46571350
1778701947.46148849 0.46960337 2.02956991 0.85043878 0.42230325 -0.52304583 0.57555366 0.46564042
1778701947.47163558 0.47123623 2.02858340 0.84896076 0.42206580 -0.52353100 0.57538113 0.46552369
1778701947.48189068 0.46982415 2.02807675 0.84717845 0.42154215 -0.52425954 0.57575625 0.46471377
1778701947.49223113 0.46876884 2.02706002 0.84614461 0.42159996 -0.52481250 0.57577988 0.46400739
1778701947.50253296 0.46975985 2.02643092 0.84413677 0.42131661 -0.52520665 0.57574327 0.46386418
1778701947.51282597 0.46958301 2.02600533 0.84117199 0.42121619 -0.52547295 0.57583358 0.46354157
1778701947.52313113 0.46852877 2.02549462 0.83885434 0.42087606 -0.52597492 0.57607982 0.46297491
1778701947.53336143 0.46899453 2.02621418 0.83380365 0.42084628 -0.52559864 0.57626154 0.46320310
1778701947.54364324 0.46959373 2.02584893 0.82994992 0.42023900 -0.52599395 0.57644905 0.46307239
1778701947.55391431 0.46891042 2.02623545 0.82523123 0.41969838 -0.52611664 0.57688165 0.46288455
1778701947.56422710 0.47048022 2.02572209 0.82075851 0.41940249 -0.52627119 0.57681307 0.46306249
1778701947.57445097 0.46843507 2.02452514 0.82076889 0.41910139 -0.52701401 0.57700287 0.46225312
1778701947.58474064 0.46937473 2.02400705 0.81638143 0.41829802 -0.52747585 0.57719252 0.46221725
1778701947.59501362 0.46961980 2.02375058 0.81152311 0.41811664 -0.52748426 0.57728175 0.46226034
1778701947.60538960 0.47137714 2.02316692 0.80763092 0.41762642 -0.52769357 0.57723535 0.46252246
1778701947.61572957 0.47022384 2.02244832 0.80434176 0.41768150 -0.52787513 0.57730513 0.46217832
1778701947.62600017 0.47147606 2.02056724 0.80180919 0.41732178 -0.52853674 0.57703115 0.46208928
1778701947.63635802 0.47148351 2.01910945 0.79895109 0.41698203 -0.52908175 0.57697192 0.46184617
1778701947.64677882 0.46719217 2.01695641 0.80188901 0.41762952 -0.52988935 0.57682860 0.46051236
1778701947.65707016 0.47197558 2.01580636 0.79527034 0.41702193 -0.52997774 0.57638966 0.46150977
1778701947.66735053 0.47083636 2.01385275 0.79367640 0.41741862 -0.53035976 0.57608501 0.46109248
1778701947.67764354 0.47046031 2.01282632 0.79122988 0.41764635 -0.53044686 0.57591253 0.46100153
1778701947.68791509 0.47102780 2.01109124 0.78790746 0.41765807 -0.53073337 0.57558973 0.46106430
1778701947.69822717 0.46999833 2.00944257 0.78541379 0.41805394 -0.53091515 0.57531100 0.46084407
1778701947.70853472 0.47062387 2.00732572 0.78435500 0.41895435 -0.53094563 0.57454620 0.46094539
1778701947.70870280 0.46952375 2.00722025 0.78355729 0.41898709 -0.53096182 0.57465856 0.46075688
1778701947.71876812 0.47023300 2.00505881 0.78264699 0.41957204 -0.53122542 0.57397337 0.46077482
1778701947.72907710 0.47064732 2.00308667 0.77953608 0.42015499 -0.53123136 0.57336784 0.46099062
1778701947.73934627 0.47333910 1.99964547 0.77826388 0.42093772 -0.53159602 0.57211889 0.46140771
1778701947.74964619 0.47396494 1.99794142 0.77622650 0.42143779 -0.53162570 0.57153397 0.46164188
1778701947.75992298 0.47682998 1.99561741 0.77225008 0.42234554 -0.53135779 0.57041510 0.46250379
1778701947.77017331 0.47744223 1.99332742 0.76985293 0.42394901 -0.53089347 0.56924623 0.46300982
1778701947.78046417 0.47697460 1.99146372 0.76911529 0.42453652 -0.53107449 0.56864605 0.46300140
1778701947.79076099 0.48403514 1.99024901 0.76036216 0.42552646 -0.52982762 0.56710950 0.46539955
1778701947.80109024 0.48963032 1.98842462 0.75409741 0.42549841 -0.52960990 0.56598761 0.46703585
1778701947.81145406 0.49314359 1.98909279 0.74360483 0.42575051 -0.52821101 0.56546932 0.46901395
1778701947.82177114 0.49843317 1.98914796 0.73515464 0.42550719 -0.52736231 0.56482684 0.47095993
1778701947.83200693 0.50443540 1.98986795 0.72287434 0.42525388 -0.52596813 0.56418038 0.47351575
1778701947.84229970 0.50986049 1.99060599 0.71104010 0.42514306 -0.52454163 0.56350236 0.47599847
1778701947.85255742 0.51616198 1.99240109 0.69792389 0.42502824 -0.52269942 0.56294746 0.47877601
1778701947.86282086 0.52298971 1.99322586 0.68520706 0.42423245 -0.52155835 0.56233390 0.48143982
1778701947.87311101 0.52843529 1.99440575 0.67247681 0.42483757 -0.51960541 0.56132438 0.48418818
1778701947.88335419 0.53439233 1.99512986 0.66204747 0.42504235 -0.51821124 0.56037837 0.48659243
1778701947.89367366 0.54047846 1.99514700 0.65172016 0.42557464 -0.51688731 0.55904447 0.48906340
1778701947.90405273 0.54731269 1.99487462 0.64167804 0.42648013 -0.51548295 0.55734450 0.49169008
1778701947.91436076 0.54958025 1.99578455 0.63236379 0.42774992 -0.51389208 0.55623877 0.49350113
1778701947.92474651 0.55511085 1.99491934 0.62624811 0.42878684 -0.51299098 0.55457874 0.49540339
1778701947.93512726 0.55952177 1.99436668 0.61917192 0.43029485 -0.51185035 0.55276991 0.49729367
1778701947.94538236 0.56717469 1.99303078 0.61125731 0.43113731 -0.51106510 0.55069568 0.49966724
1778701947.95566058 0.56957938 1.99310451 0.60537761 0.43243077 -0.50998134 0.54944199 0.50103508
1778701947.96598244 0.57282058 1.99337838 0.59691294 0.43389863 -0.50854280 0.54791177 0.50290048
1778701947.97627544 0.57834630 1.99280942 0.58870648 0.43562200 -0.50708838 0.54580647 0.50516349
1778701947.98653936 0.58404712 1.99298636 0.57816056 0.43636331 -0.50568755 0.54427256 0.50757713
1778701947.99685407 0.58484157 1.99391877 0.57080093 0.43785856 -0.50408313 0.54328102 0.50894578
1778701948.00716090 0.59101150 1.99411264 0.55908449 0.43875606 -0.50234725 0.54163797 0.51163334
1778701948.01747417 0.59020750 1.99605033 0.54861523 0.44056557 -0.50006296 0.54079631 0.51320401
1778701948.02773523 0.59027574 1.99793395 0.53834184 0.44140032 -0.49811536 0.54043607 0.51475791
1778701948.03804898 0.59465451 1.99884824 0.52513441 0.44250336 -0.49583540 0.53907932 0.51742779
1778701948.04834604 0.59622349 2.00007988 0.51269510 0.44370074 -0.49351826 0.53817356 0.51955615
1778701948.05864906 0.59545816 2.00163013 0.50295837 0.44441206 -0.49172253 0.53797855 0.52085118
1778701948.06893921 0.59762391 2.00241076 0.49079150 0.44574481 -0.48940686 0.53683127 0.52307234
1778701948.07923579 0.59943234 2.00320117 0.47819117 0.44674679 -0.48716567 0.53592610 0.52523340
1778701948.08952904 0.59777117 2.00406164 0.47083113 0.44814453 -0.48542046 0.53539754 0.52619667
1778701948.09987259 0.59596663 2.00515180 0.46066435 0.44965277 -0.48322856 0.53481212 0.52752113
1778701948.11026073 0.59634881 2.00577032 0.45185095 0.45067913 -0.48148252 0.53414720 0.52891367
1778701948.12052345 0.59526060 2.00548634 0.44342160 0.45260972 -0.47966487 0.53293986 0.53013315
1778701948.13081670 0.59286453 2.00567806 0.43894946 0.45432988 -0.47830335 0.53220853 0.53062637
1778701948.13102055 0.59353292 2.00578204 0.43549828 0.45447417 -0.47774037 0.53201437 0.53120436
1778701948.14112043 0.59198160 2.00567392 0.43081793 0.45594070 -0.47647699 0.53128574 0.53181126
1778701948.15140367 0.59056021 2.00524857 0.42509856 0.45716448 -0.47536624 0.53060505 0.53243390
1778701948.16167450 0.58919015 2.00478986 0.41901296 0.45905703 -0.47374773 0.52954102 0.53330670
1778701948.17196417 0.58833565 2.00436600 0.41470500 0.46033651 -0.47268509 0.52877565 0.53390581
1778701948.18226862 0.59054905 2.00290967 0.40802693 0.46161565 -0.47143362 0.52738415 0.53528244
1778701948.19257283 0.58843851 2.00256159 0.40289559 0.46351900 -0.46990072 0.52644668 0.53590796
1778701948.20285225 0.58704958 2.00223762 0.39896408 0.46479976 -0.46881924 0.52580176 0.53637880
1778701948.21313477 0.58754649 2.00116978 0.39336915 0.46639224 -0.46745015 0.52455142 0.53741459
1778701948.22342753 0.58690051 2.00020044 0.38949770 0.46811139 -0.46631621 0.52341313 0.53801451
1778701948.23368359 0.58705470 1.99896883 0.38785730 0.46956442 -0.46562641 0.52228960 0.53843744
1778701948.24399447 0.58729872 1.99778609 0.38390062 0.47104164 -0.46462321 0.52114702 0.53912041
1778701948.25428271 0.58799362 1.99662601 0.37999934 0.47269559 -0.46351345 0.51980883 0.53991939
1778701948.26456165 0.58829934 1.99560013 0.37653213 0.47425271 -0.46252960 0.51862088 0.54053965
1778701948.27484775 0.58895056 1.99504889 0.37277213 0.47548658 -0.46151656 0.51763230 0.54126867
1778701948.28516006 0.58927412 1.99391822 0.37113260 0.47724795 -0.46077542 0.51626571 0.54165499
1778701948.29543495 0.59008020 1.99248842 0.37060610 0.47905260 -0.46026071 0.51478956 0.54190441
1778701948.30571151 0.59153149 1.99125700 0.36915357 0.48072856 -0.45963430 0.51327383 0.54238947
1778701948.31601548 0.59291784 1.99037056 0.36821220 0.48201354 -0.45918234 0.51207596 0.54276398
1778701948.32630467 0.59427376 1.98903921 0.36906826 0.48386462 -0.45891606 0.51044407 0.54287930
1778701948.33659339 0.59484164 1.98866464 0.36769818 0.48536543 -0.45814591 0.50930426 0.54326044
1778701948.33680081 0.59547892 1.98825238 0.36813140 0.48596729 -0.45802792 0.50874028 0.54335030
1778701948.34688687 0.59651404 1.98728420 0.36960714 0.48741850 -0.45790574 0.50748024 0.54333171
1778701948.35718894 0.59827107 1.98729849 0.36543647 0.48904070 -0.45658890 0.50609970 0.54426911
1778701948.36745238 0.60179863 1.98644621 0.36335372 0.49075515 -0.45571310 0.50424938 0.54517659
1778701948.37774611 0.60282471 1.98732421 0.35779489 0.49146481 -0.45443351 0.50370373 0.54610904
1778701948.38806510 0.60570703 1.98744458 0.35303307 0.49283210 -0.45307741 0.50232196 0.54727510
1778701948.39833593 0.60715692 1.98900624 0.34361530 0.49455327 -0.45040592 0.50111900 0.54902761
1778701948.40880704 0.60858627 1.99056600 0.33460664 0.49610033 -0.44783473 0.50002418 0.55073073
1778701948.41920590 0.61002285 1.99153300 0.32822265 0.49700694 -0.44616033 0.49929340 0.55193402
1778701948.42954588 0.61326125 1.99286391 0.31711071 0.49770007 -0.44376162 0.49843558 0.55401465
1778701948.43988848 0.61357121 1.99540884 0.30513685 0.49900531 -0.44052825 0.49776548 0.55601986
1778701948.45028877 0.61559364 1.99754534 0.29061488 0.49954036 -0.43738705 0.49730124 0.55842947
1778701948.46057534 0.61778265 1.99864775 0.28093855 0.49940883 -0.43566640 0.49715906 0.56001650
1778701948.47085214 0.61696664 2.00117550 0.26828080 0.50117925 -0.43185441 0.49633261 0.56211660
1778701948.48117137 0.61658255 2.00299310 0.25740443 0.50167656 -0.42933055 0.49632485 0.56361117
1778701948.49150062 0.61586925 2.00436116 0.24930675 0.50287380 -0.42684616 0.49576009 0.56492674
1778701948.50177670 0.61548097 2.00586460 0.23893272 0.50379589 -0.42409698 0.49538142 0.56650569
1778701948.51203394 0.61904091 2.00641557 0.22650075 0.50291822 -0.42233683 0.49546132 0.56852700
1778701948.52234387 0.61912691 2.00717129 0.21974682 0.50265851 -0.42116588 0.49577913 0.56934767
1778701948.52254534 0.61881706 2.00756575 0.21737426 0.50282982 -0.42055223 0.49576693 0.56966055
1778701948.53266025 0.61912046 2.00793564 0.21284713 0.50278182 -0.41967277 0.49586920 0.57026217
1778701948.54293108 0.62111766 2.00846138 0.20153995 0.50242720 -0.41770964 0.49586544 0.57201664
1778701948.55319023 0.62226299 2.00895094 0.19440538 0.50177717 -0.41678172 0.49626966 0.57291281
1778701948.56349111 0.62295627 2.00956517 0.18886951 0.50188881 -0.41565681 0.49614783 0.57373720
1778701948.57379222 0.62427927 2.01012855 0.18334693 0.50145897 -0.41500824 0.49635123 0.57440623
1778701948.58407831 0.62553190 2.01051682 0.17880443 0.50139199 -0.41430092 0.49626615 0.57504846
1778701948.59435439 0.62701950 2.00999225 0.17888972 0.50121241 -0.41466124 0.49619141 0.57500980
1778701948.60464311 0.63072194 2.00949486 0.17361684 0.50156021 -0.41367079 0.49519426 0.57627813
1778701948.61492348 0.63711476 2.00760559 0.17274192 0.50052286 -0.41480382 0.49470668 0.57678414
1778701948.62520313 0.64214085 2.00619444 0.17335778 0.50087061 -0.41526107 0.49342479 0.57725112
1778701948.63549566 0.64815612 2.00417022 0.17526568 0.50042940 -0.41649749 0.49250234 0.57753069
1778701948.64579916 0.65422959 2.00260722 0.17466814 0.50023246 -0.41707815 0.49136884 0.57824733
1778701948.65607023 0.66269052 1.99995860 0.17789335 0.49884552 -0.41945006 0.49068013 0.57831463
1778701948.66630244 0.66850879 1.99809600 0.17959349 0.49820634 -0.42073764 0.48993664 0.57856060
1778701948.67659473 0.67362101 1.99653847 0.18272204 0.49798857 -0.42203107 0.48909135 0.57852122
1778701948.68686366 0.67823459 1.99537958 0.18375690 0.49742376 -0.42304928 0.48861420 0.57866664
1778701948.69712424 0.67925262 1.99540023 0.18557639 0.49699504 -0.42382289 0.48883002 0.57828652
1778701948.70738816 0.68461558 1.99459654 0.18079325 0.49565623 -0.42406082 0.48882454 0.57926496
1778701948.71766090 0.68574747 1.99510125 0.17747231 0.49403726 -0.42445661 0.49000491 0.57936082
1778701948.72793365 0.68628598 1.99570085 0.17478982 0.49259705 -0.42481320 0.49116877 0.57934025
1778701948.72812366 0.68692206 1.99573699 0.17375144 0.49204889 -0.42496619 0.49149843 0.57941428
1778701948.73822737 0.68720393 1.99670331 0.16795802 0.49091799 -0.42440996 0.49245641 0.57996758
1778701948.74848580 0.68774560 1.99792343 0.15989875 0.48857423 -0.42411840 0.49435923 0.58054091
1778701948.75879478 0.68606390 1.99985982 0.15295806 0.48648841 -0.42374264 0.49656168 0.58068727
1778701948.76909542 0.68464961 2.00125198 0.14862162 0.48434661 -0.42401776 0.49871722 0.58042952
1778701948.77937031 0.68299058 2.00281673 0.14395816 0.48241394 -0.42404967 0.50081704 0.58020768
1778701948.78966475 0.68179643 2.00420806 0.13797557 0.48032780 -0.42396320 0.50293294 0.58017142
1778701948.79994535 0.67975385 2.00544222 0.13572425 0.47889390 -0.42422059 0.50468198 0.57964957
1778701948.81020522 0.67308398 2.00781678 0.13872544 0.47825220 -0.42490521 0.50696093 0.57768592
1778701948.82052326 0.67159597 2.00874024 0.13553664 0.47667993 -0.42516649 0.50879942 0.57717662
1778701948.83082724 0.66776112 2.01024987 0.13483459 0.47567322 -0.42547661 0.51070539 0.57609430
1778701948.84110618 0.66730895 2.01108936 0.12984126 0.47490233 -0.42494191 0.51161684 0.57631620
1778701948.85136628 0.66408801 2.01153829 0.13669585 0.47474816 -0.42649450 0.51276776 0.57426984
1778701948.86168790 0.66341595 2.01166979 0.13821948 0.47399040 -0.42744293 0.51380117 0.57326608
1778701948.87194037 0.66095039 2.01225613 0.14161408 0.47353589 -0.42847118 0.51492827 0.57186107
1778701948.88222337 0.65911948 2.01250821 0.14521089 0.47312934 -0.42960522 0.51594523 0.57042835
1778701948.89255404 0.65682853 2.01244786 0.15314151 0.47365719 -0.43108767 0.51631829 0.56853119
1778701948.90287042 0.65749351 2.01205404 0.15453601 0.47335087 -0.43179506 0.51660831 0.56798577
1778701948.90307236 0.65768139 2.01174018 0.15641947 0.47315077 -0.43238596 0.51677152 0.56755434
1778701948.91321540 0.65912375 2.01049894 0.16067409 0.47269171 -0.43385559 0.51697123 0.56663270
1778701948.92351699 0.65950521 2.00956646 0.16464315 0.47224323 -0.43522412 0.51747968 0.56549189
1778701948.93381023 0.66171909 2.00833165 0.16544743 0.47128672 -0.43629984 0.51795139 0.56502888
1778701948.94413924 0.66487962 2.00732693 0.16330584 0.47044679 -0.43666130 0.51807525 0.56533597
1778701948.95438576 0.66172692 2.00706128 0.17049632 0.47044480 -0.43822215 0.51896846 0.56330700
1778701948.96466374 0.65874136 2.00689819 0.17650928 0.46989557 -0.43982092 0.52025032 0.56133351
1778701948.97492695 0.66309762 2.00574948 0.16953483 0.46866158 -0.43947375 0.52045672 0.56244462
1778701948.98521543 0.66719164 2.00324975 0.17163103 0.46763887 -0.44091562 0.52053925 0.56209092
1778701948.99552464 0.66403161 2.00346624 0.17177951 0.46736981 -0.44104521 0.52171165 0.56112524
1778701949.00581574 0.66719044 2.00217073 0.16630746 0.46658178 -0.44065237 0.52190645 0.56190799
1778701949.01610065 0.66934050 2.00087089 0.16452340 0.46536684 -0.44117418 0.52251088 0.56194433
1778701949.02641892 0.66889313 2.00014622 0.16365134 0.46478235 -0.44145124 0.52330644 0.56146998
1778701949.03672910 0.67058945 1.99876130 0.16193656 0.46358511 -0.44199797 0.52405048 0.56133567
1778701949.04707122 0.67315801 1.99729200 0.15950834 0.46308197 -0.44201656 0.52405608 0.56173096
1778701949.05734563 0.66850184 1.99789844 0.16137120 0.46309040 -0.44227006 0.52530276 0.56035836
1778701949.06765032 0.67347372 1.99561772 0.15665025 0.46272395 -0.44194104 0.52471822 0.56146724
1778701949.07797050 0.67517937 1.99370620 0.15911002 0.46248942 -0.44293529 0.52472287 0.56087234
1778701949.08831978 0.67572030 1.99310876 0.15830839 0.46261107 -0.44287548 0.52469238 0.56084777
1778701949.09861755 0.67503296 1.99206604 0.16273196 0.46285586 -0.44384091 0.52479414 0.55978640
1778701949.10894036 0.68026575 1.98971201 0.15899377 0.46292831 -0.44357062 0.52381740 0.56085454
1778701949.11931992 0.67932018 1.98949963 0.15930182 0.46330217 -0.44352844 0.52386730 0.56053250
1778701949.12964773 0.67897862 1.98880467 0.16095169 0.46400361 -0.44372071 0.52355203 0.56009451
1778701949.13996458 0.68192387 1.98705630 0.16179348 0.46453596 -0.44404651 0.52262064 0.56026486
1778701949.15032244 0.68372886 1.98588187 0.16245150 0.46548924 -0.44405464 0.52162733 0.56039288
1778701949.16057372 0.68486701 1.98531241 0.16162540 0.46600628 -0.44386575 0.52106731 0.56063375
1778701949.17083812 0.68678063 1.98394967 0.16366795 0.46697091 -0.44420778 0.51999518 0.56055564
1778701949.18117523 0.68735470 1.98338698 0.16484427 0.46760659 -0.44445331 0.51944963 0.56033687
1778701949.19150639 0.68660570 1.98336568 0.16574538 0.46893038 -0.44410093 0.51868375 0.56021945
1778701949.20180988 0.68564585 1.98331271 0.16728154 0.47044268 -0.44385925 0.51780887 0.55995235
1778701949.21210456 0.68330580 1.98343734 0.17186718 0.47185423 -0.44423772 0.51725124 0.55897906
1778701949.22235870 0.68391849 1.98307810 0.17072972 0.47291310 -0.44371183 0.51633441 0.55934944
1778701949.22251725 0.68528359 1.98264938 0.16902045 0.47327650 -0.44332477 0.51577813 0.55986197
1778701949.23261547 0.68229704 1.98347854 0.17025873 0.47503127 -0.44266135 0.51511832 0.55950812
1778701949.24292850 0.68126710 1.98324293 0.17374898 0.47668459 -0.44274932 0.51403315 0.55903020
1778701949.25324273 0.68172982 1.98316653 0.16925925 0.47810649 -0.44142015 0.51280488 0.55999428
1778701949.26350713 0.68414924 1.98177845 0.16895091 0.47960632 -0.44096563 0.51105637 0.56066788
1778701949.27382994 0.68075581 1.98266837 0.16956527 0.48096516 -0.44044323 0.51064375 0.56029032
1778701949.28414321 0.68212843 1.98196105 0.16577116 0.48205352 -0.43950840 0.50934876 0.56126697
1778701949.29444408 0.68404976 1.98103144 0.16410301 0.48240467 -0.43935939 0.50851330 0.56183919
1778701949.30476522 0.68175057 1.98166539 0.15901797 0.48456024 -0.43722738 0.50715709 0.56287235
1778701949.31508493 0.68080291 1.98118971 0.15870770 0.48578123 -0.43675905 0.50614132 0.56309777
1778701949.32535315 0.68018564 1.98100487 0.15561336 0.48730625 -0.43562181 0.50484512 0.56382414
1778701949.33562040 0.68010614 1.98019851 0.15725854 0.48848829 -0.43557791 0.50372008 0.56384143
1778701949.34592772 0.67832264 1.98024001 0.15273858 0.49046895 -0.43383805 0.50224899 0.56477492
1778701949.35621023 0.67768469 1.97961751 0.14864887 0.49238954 -0.43226706 0.50049856 0.56586122
1778701949.36655951 0.67759192 1.97880980 0.14737783 0.49355135 -0.43165902 0.49928525 0.56638484
1778701949.37692952 0.67535126 1.97916408 0.13606904 0.49663102 -0.42774403 0.49681899 0.56882648
1778701949.38719678 0.67735691 1.97728347 0.13431762 0.49708467 -0.42780510 0.49555129 0.56948973
1778701949.39746428 0.67461108 1.97710765 0.13104237 0.49976729 -0.42583038 0.49350623 0.57039701
1778701949.40774345 0.67674615 1.97595393 0.12461624 0.50133909 -0.42405623 0.49130342 0.57223805
1778701949.41800308 0.67505390 1.97515302 0.12229608 0.50254024 -0.42326543 0.49014788 0.57276063
1778701949.42828918 0.67759188 1.97324271 0.11608932 0.50387582 -0.42183538 0.48784875 0.57460219
1778701949.43858480 0.67783986 1.97184162 0.11668653 0.50503612 -0.42172695 0.48640663 0.57488563
1778701949.44887257 0.67534681 1.97133792 0.11194328 0.50822776 -0.41913930 0.48366927 0.57627322
1778701949.45914602 0.67566210 1.97026140 0.10244703 0.51141100 -0.41570795 0.48012291 0.57890213
1778701949.46946263 0.67529845 1.96936925 0.09716327 0.51315218 -0.41389072 0.47813448 0.58030745
1778701949.47977281 0.67106131 1.96921269 0.09529880 0.51763775 -0.41086155 0.47454217 0.58142383
1778701949.49005079 0.66854080 1.96868103 0.09039160 0.52087238 -0.40807993 0.47149008 0.58297499
1778701949.50034618 0.66851446 1.96723736 0.08237055 0.52425227 -0.40470151 0.46758575 0.58543984
1778701949.51061058 0.66544392 1.96705606 0.08087754 0.52702288 -0.40269441 0.46523496 0.58620861
1778701949.52089667 0.66265116 1.96656947 0.07550751 0.53113397 -0.39915186 0.46126988 0.58805153
1778701949.53121138 0.65967564 1.96606857 0.06959347 0.53492134 -0.39556526 0.45750844 0.58997738
1778701949.54152322 0.65834791 1.96584408 0.06034357 0.53755958 -0.39200930 0.45438862 0.59235918
1778701949.55182743 0.65563031 1.96553820 0.05013303 0.54077958 -0.38777517 0.45074116 0.59499602
1778701949.56210661 0.65163014 1.96569667 0.04002899 0.54458329 -0.38301738 0.44671394 0.59763984
1778701949.57238531 0.64837908 1.96589616 0.03182826 0.54785600 -0.37890454 0.44318398 0.59989426
1778701949.57256675 0.64762667 1.96598392 0.02756810 0.54870472 -0.37739126 0.44207041 0.60089327
1778701949.58266163 0.64417424 1.96626183 0.01916093 0.55183703 -0.37328663 0.43863498 0.60310226
1778701949.59296060 0.64166062 1.96581789 0.00953247 0.55480699 -0.36917754 0.43467744 0.60576618
1778701949.60326362 0.63878527 1.96573725 -0.00177041 0.55828453 -0.36423296 0.43003849 0.60886750
1778701949.61364198 0.63676249 1.96587766 -0.01219358 0.55976376 -0.36092197 0.42749721 0.61126590
1778701949.62390423 0.63722382 1.96448307 -0.02154867 0.56239617 -0.35723319 0.42281043 0.61426895
1778701949.63417721 0.63397982 1.96451406 -0.03071126 0.56529258 -0.35314592 0.41872619 0.61676627
1778701949.64447284 0.63276600 1.96421717 -0.04470696 0.56647711 -0.34926601 0.41575703 0.61988953
1778701949.64466333 0.63158065 1.96437869 -0.04582442 0.56724083 -0.34838757 0.41481786 0.62031450
1778701949.65485072 0.62785192 1.96475663 -0.05515568 0.56977894 -0.34427688 0.41129045 0.62262794
1778701949.66527057 0.62327946 1.96525183 -0.06832533 0.57245895 -0.33910553 0.40700190 0.62581758
1778701949.67555642 0.61986112 1.96501015 -0.07868299 0.57532251 -0.33449303 0.40235483 0.62867242
1778701949.68583369 0.61547614 1.96539126 -0.08844062 0.57674234 -0.33099198 0.39991567 0.63077733
1778701949.69616127 0.61488598 1.96390140 -0.10400751 0.57816195 -0.32649202 0.39548755 0.63460328
1778701949.70642877 0.61027628 1.96350811 -0.11492748 0.58074377 -0.32178783 0.39108173 0.63737301
1778701949.71674466 0.60723195 1.96317228 -0.11846119 0.58298528 -0.31911168 0.38775858 0.63870118
1778701949.71693468 0.60479186 1.96342724 -0.12078566 0.58364261 -0.31787995 0.38697322 0.63919118
1778701949.72702789 0.60188285 1.96276497 -0.13010276 0.58484790 -0.31470553 0.38412321 0.64137565
1778701949.73730373 0.59893818 1.96139350 -0.13871454 0.58674009 -0.31109990 0.38002124 0.64384530
1778701949.74758816 0.59529036 1.96073726 -0.14581567 0.58852263 -0.30786267 0.37678376 0.64567459
1778701949.75794005 0.59168399 1.95902154 -0.15728893 0.58989934 -0.30389571 0.37297656 0.64850185
1778701949.76825476 0.59071587 1.95683597 -0.16451109 0.59144405 -0.30098297 0.36878660 0.65084532
1778701949.77859282 0.58269618 1.95673942 -0.17290864 0.59322389 -0.29692647 0.36586957 0.65273237
1778701949.78886604 0.58261875 1.95447139 -0.18132694 0.59341862 -0.29490935 0.36322381 0.65494372
1778701949.79918861 0.57445310 1.95435574 -0.18839326 0.59518906 -0.29108105 0.36038080 0.65661822
1778701949.80947208 0.56979168 1.95296927 -0.19967887 0.59582803 -0.28748767 0.35740140 0.65924505
1778701949.81983638 0.56799077 1.95048510 -0.20846261 0.59648447 -0.28471241 0.35393266 0.66172259
1778701949.83009815 0.56975047 1.94757846 -0.21794523 0.59652603 -0.28257469 0.35059551 0.66437266
1778701949.84032106 0.56542062 1.94539154 -0.23049363 0.59723667 -0.27856258 0.34700583 0.66730668
1778701949.85061002 0.56492501 1.94210218 -0.24517553 0.59685227 -0.27529265 0.34341133 0.67085765
1778701949.86092520 0.56407722 1.94060188 -0.24708236 0.59816058 -0.27353947 0.34004865 0.67212126
1778701949.87117982 0.55975671 1.93846992 -0.26149366 0.59856517 -0.26922481 0.33630667 0.67537808
1778701949.88149190 0.56080596 1.93477889 -0.27399744 0.59835551 -0.26635086 0.33215609 0.67874902
1778701949.89187312 0.56183923 1.93228913 -0.27943212 0.59890027 -0.26466253 0.32872803 0.68059540
1778701949.90224123 0.56025406 1.92956315 -0.29204913 0.59947001 -0.26075803 0.32405490 0.68383432
1778701949.91251683 0.56126970 1.92601321 -0.30250087 0.59952277 -0.25811540 0.31976142 0.68680530
1778701949.92284656 0.56303981 1.92277560 -0.30979142 0.60024097 -0.25581926 0.31494875 0.68925654
1778701949.93320870 0.56226993 1.92062766 -0.31863353 0.60068792 -0.25294034 0.31124972 0.69160598
1778701949.94351935 0.56099622 1.91799043 -0.33041543 0.60041077 -0.25010098 0.30779087 0.69442147
1778701949.95381737 0.55872722 1.91615551 -0.33752717 0.60213293 -0.24628188 0.30242495 0.69664936
1778701949.96415710 0.55960378 1.91390932 -0.34342575 0.60235655 -0.24461451 0.29927263 0.69840262
1778701949.96435189 0.55964505 1.91320158 -0.34549061 0.60277905 -0.24364402 0.29767374 0.69906034
1778701949.97455525 0.55815217 1.91193743 -0.35003027 0.60399654 -0.24105496 0.29383759 0.70052849
1778701949.98489594 0.55488114 1.91071092 -0.35655949 0.60486633 -0.23808487 0.29020058 0.70230758
1778701949.99529529 0.55224671 1.90849621 -0.36732530 0.60565418 -0.23400488 0.28540748 0.70495907
1778701950.00559044 0.55006432 1.90791008 -0.37088446 0.60626474 -0.23218064 0.28293872 0.70603180
1778701950.01595926 0.55056539 1.90501629 -0.38015905 0.60693544 -0.22889950 0.27777043 0.70857461
1778701950.02634740 0.54429425 1.90432393 -0.38981649 0.60788655 -0.22448182 0.27385282 0.71069437
1778701950.03666162 0.53943990 1.90408727 -0.39455809 0.60897290 -0.22141483 0.27061140 0.71196696
1778701950.04700804 0.54179448 1.90175357 -0.40135149 0.60895946 -0.21972454 0.26707502 0.71383502
1778701950.05738497 0.54136310 1.90081091 -0.40309276 0.60964195 -0.21845836 0.26415670 0.71472643
1778701950.06769013 0.53139679 1.89984766 -0.41879886 0.61089061 -0.21116239 0.25863545 0.71786546
1778701950.07804966 0.52686297 1.89935640 -0.42508420 0.61169225 -0.20779283 0.25554169 0.71927267
1778701950.07824063 0.52790831 1.89904245 -0.42448436 0.61174841 -0.20795690 0.25497940 0.71937703
1778701950.08835745 0.52511074 1.89898981 -0.42707823 0.61275892 -0.20554575 0.25206039 0.72023816
1778701950.09869671 0.52633324 1.89629389 -0.43443712 0.61305737 -0.20306569 0.24758832 0.72223612
1778701950.10900545 0.52177437 1.89541645 -0.44128368 0.61400708 -0.19926792 0.24360010 0.72384155
1778701950.11934328 0.52138478 1.89447589 -0.44382706 0.61479842 -0.19738497 0.24042632 0.72474634
1778701950.12965393 0.52251863 1.89256229 -0.44853896 0.61551969 -0.19509275 0.23595954 0.72622133
1778701950.13997555 0.51992682 1.89155828 -0.45344173 0.61662257 -0.19187071 0.23178642 0.72748697
1778701950.15034103 0.52198831 1.88931622 -0.45824205 0.61733362 -0.18958147 0.22698404 0.72899679
1778701950.16069865 0.51815112 1.88952043 -0.45951642 0.61880738 -0.18671527 0.22378832 0.72947490
1778701950.17108440 0.51111793 1.88901189 -0.46737728 0.61993395 -0.18193090 0.21965593 0.73098175
1778701950.18138671 0.51168198 1.88825843 -0.46723520 0.62172114 -0.17935737 0.21458396 0.73160610
1778701950.19168663 0.49825453 1.88934502 -0.47516506 0.62382719 -0.17219080 0.21007539 0.73284261
1778701950.20200205 0.49618488 1.88807796 -0.48058864 0.62488023 -0.16853127 0.20521865 0.73417111
1778701950.21235585 0.49486153 1.88751198 -0.48273693 0.62636977 -0.16518566 0.20032177 0.73501415
1778701950.22270751 0.49070682 1.88583852 -0.49239902 0.62725348 -0.15986992 0.19456838 0.73697885
1778701950.23309422 0.48883179 1.88537238 -0.49494385 0.62858456 -0.15655389 0.19017496 0.73770307
1778701950.24338150 0.48951385 1.88441522 -0.49581239 0.63051835 -0.15322323 0.18411306 0.73828967
1778701950.25368857 0.48475182 1.88563712 -0.49657837 0.63188346 -0.14963911 0.18070773 0.73869896
1778701950.26406598 0.48453195 1.88449183 -0.49978076 0.63320106 -0.14623141 0.17542743 0.73952553
1778701950.27437949 0.47974727 1.88306075 -0.50935366 0.63386768 -0.14071940 0.16973231 0.74135063
1778701950.28470778 0.47836802 1.88359668 -0.50865097 0.63557229 -0.13735497 0.16496114 0.74159915
1778701950.29504943 0.47914133 1.88278402 -0.51043396 0.63724156 -0.13347724 0.15851304 0.74228070
1778701950.30541301 0.47641564 1.88207303 -0.51495493 0.63819252 -0.12940230 0.15372918 0.74319089
1778701950.31571198 0.47241355 1.88242105 -0.51786304 0.63924373 -0.12523880 0.14940090 0.74388310
1778701950.32601213 0.47283144 1.88069883 -0.52359036 0.64001366 -0.12116289 0.14325107 0.74510483
1778701950.33630514 0.47164953 1.87953055 -0.52917446 0.64081878 -0.11684995 0.13757465 0.74617062
1778701950.33648920 0.47229186 1.87998853 -0.52680696 0.64130312 -0.11673697 0.13694252 0.74588842
1778701950.34660411 0.46902896 1.87909562 -0.53380859 0.64130965 -0.11285709 0.13318545 0.74715919
1778701950.35697937 0.46696459 1.87811046 -0.53970755 0.64205086 -0.10794116 0.12712063 0.74830458
1778701950.36734819 0.46487646 1.87739137 -0.54448178 0.64240219 -0.10383738 0.12249790 0.74935405
1778701950.37769938 0.46402422 1.87637984 -0.54853219 0.64295674 -0.10021502 0.11772787 0.75013581
1778701950.38800454 0.46011249 1.87448487 -0.55937448 0.64230164 -0.09518858 0.11300391 0.75207569
1778701950.39837337 0.45526711 1.87345581 -0.56757444 0.64233595 -0.08977843 0.10787814 0.75346311
1778701950.40865636 0.45119106 1.87231612 -0.57512491 0.64237005 -0.08456228 0.10262022 0.75477085
1778701950.41894197 0.44951514 1.87145623 -0.57908183 0.64243225 -0.08144602 0.09921628 0.75551537
1778701950.42926311 0.44380601 1.87036091 -0.58803757 0.64219458 -0.07575833 0.09417714 0.75695275
1778701950.43958044 0.44277917 1.86984434 -0.58999685 0.64242669 -0.07309839 0.09111229 0.75739231
1778701950.44984865 0.43430745 1.86899572 -0.60001805 0.64182755 -0.06713911 0.08709172 0.75892343
1778701950.46019244 0.43015369 1.86790107 -0.60704666 0.64158842 -0.06226941 0.08255221 0.76004734
1778701950.47049046 0.42616190 1.86702426 -0.61267920 0.64156183 -0.05764464 0.07818414 0.76089602
1778701950.48080373 0.42092790 1.86536044 -0.62195013 0.64074255 -0.05275476 0.07424945 0.76233388
1778701950.49105716 0.42213633 1.86348449 -0.62757305 0.63993044 -0.05091662 0.07168904 0.76338536
1778701950.50135851 0.41639940 1.86275859 -0.63415920 0.63975155 -0.04551182 0.06713727 0.76429001
1778701950.51165295 0.41244180 1.86199360 -0.63862599 0.63957029 -0.04130970 0.06359936 0.76498266
1778701950.52194428 0.40587446 1.86183241 -0.64371791 0.63977022 -0.03616461 0.05927895 0.76542288
1778701950.53220725 0.40131455 1.86346061 -0.64091979 0.64131757 -0.03122927 0.05465465 0.76468907
1778701950.54245710 0.39992500 1.86258380 -0.64507470 0.64105234 -0.02753100 0.05082430 0.76531747
1778701950.55273151 0.39689509 1.86275838 -0.64675107 0.64126539 -0.02434361 0.04806866 0.76542504
1778701950.56310344 0.39410392 1.86323847 -0.64661504 0.64212743 -0.02003507 0.04362260 0.76509348
1778701950.57342219 0.38512524 1.86346885 -0.65300268 0.64165795 -0.01452604 0.04055748 0.76578010
1778701950.58368230 0.39155813 1.86332897 -0.64851391 0.64262864 -0.01359712 0.03719203 0.76515378
1778701950.59402013 0.38007520 1.86339395 -0.65670561 0.64186554 -0.00790011 0.03458859 0.76599598
1778701950.60433269 0.38072367 1.86375033 -0.65537391 0.64240013 -0.00538207 0.03156781 0.76570006
1778701950.61460733 0.37775740 1.86329422 -0.65926043 0.64186709 -0.00222626 0.02931720 0.76625204
1778701950.62488556 0.37542275 1.86277615 -0.66247141 0.64172662 0.00105667 0.02613651 0.76648726
1778701950.63521361 0.37298804 1.86285437 -0.66400100 0.64185098 0.00465093 0.02277859 0.76647689
1778701950.64554882 0.37196087 1.86148633 -0.66913798 0.64092112 0.00730222 0.02048054 0.76729873
1778701950.65591455 0.36271823 1.86251728 -0.67285848 0.64103186 0.01336676 0.01636652 0.76722332
1778701950.66626477 0.36506360 1.86134677 -0.67528270 0.64044406 0.01427044 0.01487603 0.76772812
1778701950.67654490 0.36514552 1.86087284 -0.67722300 0.64034581 0.01709721 0.01161568 0.76780857
1778701950.68683386 0.36242092 1.86040604 -0.68128409 0.63977577 0.02041535 0.00893638 0.76823845
1778701950.69714808 0.36171864 1.86046070 -0.68198995 0.63988921 0.02279534 0.00647792 0.76810169
1778701950.70743346 0.36232333 1.86057389 -0.68218035 0.63988090 0.02480395 0.00434483 0.76806140
1778701950.71771455 0.36200931 1.86030058 -0.68433649 0.63960360 0.02732957 0.00181083 0.76821680
1778701950.72800112 0.36079180 1.85993542 -0.68732877 0.63916973 0.03022094 -0.00083385 0.76847125
1778701950.73841500 0.35966538 1.85950117 -0.69021072 0.63875398 0.03250376 -0.00292777 0.76871860
1778701950.74869299 0.36038752 1.85934398 -0.69127913 0.63856644 0.03455938 -0.00514663 0.76877309
1778701950.75898814 0.36064475 1.85843684 -0.69508899 0.63791193 0.03697183 -0.00778583 0.76918193
1778701950.76923990 0.36227079 1.85828645 -0.69559521 0.63773537 0.03804397 -0.00916567 0.76926085
1778701950.77953744 0.36148722 1.85781213 -0.69861565 0.63734196 0.04107343 -0.01233378 0.76938682
1778701950.78981376 0.36029050 1.85768391 -0.70116646 0.63687076 0.04366912 -0.01453973 0.76959550
1778701950.80011082 0.36117760 1.85691417 -0.70421102 0.63624550 0.04517684 -0.01635080 0.76998920
1778701950.81039524 0.36470978 1.85584237 -0.70684719 0.63574803 0.04682766 -0.01927015 0.77023391
1778701950.82069182 0.36277981 1.85551085 -0.71026830 0.63517421 0.04995996 -0.02200160 0.77043731
1778701950.83094549 0.36265086 1.85417239 -0.71544925 0.63422815 0.05263909 -0.02498224 0.77094725
1778701950.84128642 0.36361345 1.85422456 -0.71620541 0.63398817 0.05380587 -0.02621169 0.77102327
1778701950.85159397 0.36757638 1.85410625 -0.71599776 0.63422182 0.05590422 -0.02994924 0.77054555
1778701950.86186934 0.36816610 1.85328403 -0.72032655 0.63341818 0.05828513 -0.03270903 0.77091788
1778701950.87220383 0.36635115 1.85317975 -0.72333988 0.63287908 0.06069215 -0.03461653 0.77109158
1778701950.88250422 0.36808990 1.85366524 -0.72376179 0.63291013 0.06294200 -0.03750825 0.77075042
1778701950.89282084 0.36875604 1.85397258 -0.72517805 0.63279714 0.06562524 -0.04060606 0.77046237
1778701950.90307045 0.36628087 1.85408550 -0.72838599 0.63221511 0.06816834 -0.04239462 0.77062301
1778701950.90325546 0.36596645 1.85453838 -0.72814754 0.63229796 0.06896827 -0.04308665 0.77044546
1778701950.91332984 0.36889335 1.85491322 -0.72806840 0.63237989 0.07017713 -0.04517061 0.77014964
1778701950.92364359 0.36575770 1.85656430 -0.72863436 0.63248855 0.07394910 -0.04805690 0.76953252
1778701950.93392539 0.36705702 1.85761118 -0.72844806 0.63267798 0.07648485 -0.05102448 0.76893767
1778701950.94426346 0.36360337 1.85851428 -0.73073177 0.63229324 0.07937374 -0.05279686 0.76884170
1778701950.95455885 0.36390531 1.85936864 -0.73147432 0.63229258 0.08213610 -0.05562786 0.76835232
1778701950.96483445 0.36321673 1.85977641 -0.73437954 0.63186674 0.08533385 -0.05882222 0.76811620
1778701950.97514629 0.36207467 1.86071564 -0.73460347 0.63188718 0.08770404 -0.06074755 0.76768244
1778701950.97525883 0.35909034 1.86103465 -0.73616423 0.63155807 0.08906262 -0.06108729 0.76776989
1778701950.98536134 0.35861470 1.86195734 -0.73598773 0.63164717 0.09130845 -0.06308069 0.76727143
1778701950.99566627 0.35917933 1.86207127 -0.73799294 0.63142249 0.09439413 -0.06662472 0.76678324
1778701951.00596166 0.35532125 1.86328093 -0.73947413 0.63112355 0.09804588 -0.06876376 0.76638216
1778701951.01628780 0.35323352 1.86399232 -0.74070723 0.63089684 0.10052404 -0.07045762 0.76609387
1778701951.02660346 0.34893590 1.86464538 -0.74399309 0.63036255 0.10478752 -0.07358393 0.76566836
1778701951.03688502 0.34833852 1.86557355 -0.74470940 0.63023739 0.10743538 -0.07573763 0.76519427
1778701951.04722762 0.34594019 1.86667866 -0.74489568 0.63030115 0.11035182 -0.07795374 0.76450386
1778701951.04740763 0.34466878 1.86695459 -0.74535931 0.63018942 0.11120891 -0.07829477 0.76443692
1778701951.05751538 0.34390156 1.86782311 -0.74536533 0.63030622 0.11371293 -0.08063558 0.76372858
1778701951.06785750 0.34454066 1.86901410 -0.74417435 0.63073419 0.11671367 -0.08392364 0.76256745
1778701951.07812452 0.34144947 1.86928327 -0.74680549 0.63019474 0.11930324 -0.08551317 0.76243611
1778701951.08835459 0.34231862 1.87003181 -0.74626561 0.63047619 0.12226319 -0.08891519 0.76134458
1778701951.09861469 0.34002243 1.87068836 -0.74771835 0.63015585 0.12516385 -0.09084223 0.76091084
1778701951.10891724 0.33965075 1.87105604 -0.74865801 0.63011617 0.12833506 -0.09418392 0.76000863
1778701951.11917806 0.34182554 1.87102049 -0.74866528 0.63022715 0.12986434 -0.09644011 0.75937362
1778701951.12943077 0.33968905 1.87118434 -0.75179333 0.62953308 0.13260458 -0.09837384 0.75922771
1778701951.13973498 0.33934914 1.87185807 -0.75201923 0.62958035 0.13554316 -0.10132274 0.75828117
1778701951.15005708 0.33730730 1.87182025 -0.75448083 0.62907348 0.13787421 -0.10313082 0.75803779
1778701951.15022540 0.33789061 1.87188439 -0.75438032 0.62913142 0.13846917 -0.10395293 0.75776892
1778701951.16033959 0.34021259 1.87240747 -0.75312563 0.62950349 0.13995796 -0.10616418 0.75687931
1778701951.17064905 0.33980943 1.87196771 -0.75609683 0.62891851 0.14228422 -0.10851188 0.75659889
1778701951.18103528 0.34176621 1.87183050 -0.75687706 0.62883106 0.14365004 -0.11050328 0.75612512
1778701951.19138432 0.34167057 1.87146149 -0.75881557 0.62849963 0.14623315 -0.11341806 0.75547364
1778701951.20166445 0.34419728 1.87131959 -0.75876223 0.62856894 0.14783929 -0.11577190 0.75474598
1778701951.21192694 0.34371440 1.87047285 -0.76211129 0.62785376 0.14934160 -0.11722280 0.75482154
1778701951.22230506 0.34533781 1.86948843 -0.76423232 0.62750894 0.15153043 -0.12041809 0.75416878
1778701951.23267031 0.34463825 1.86775485 -0.77022614 0.62629088 0.15376443 -0.12299987 0.75431244
1778701951.24297404 0.34761203 1.86636511 -0.77297659 0.62577957 0.15512349 -0.12557461 0.75403425
1778701951.25331235 0.34799753 1.86566065 -0.77541265 0.62520786 0.15669305 -0.12723093 0.75390630
1778701951.26363277 0.35036166 1.86433840 -0.77787496 0.62483835 0.15825209 -0.13022508 0.75337557
1778701951.27394676 0.34948348 1.86286092 -0.78273303 0.62377239 0.16012724 -0.13216707 0.75352448
1778701951.28423715 0.35007531 1.86103659 -0.78769830 0.62273533 0.16175807 -0.13434280 0.75364915
1778701951.29459286 0.34826752 1.86051810 -0.78979206 0.62223774 0.16376662 -0.13602604 0.75332437
1778701951.29473782 0.34974877 1.86027668 -0.78962803 0.62232261 0.16399849 -0.13679000 0.75306544
1778701951.30489731 0.35477874 1.85882172 -0.79102997 0.62219044 0.16427591 -0.13893600 0.75272124
1778701951.31513906 0.35256729 1.85721765 -0.79620333 0.62103469 0.16648265 -0.14088648 0.75282830
1778701951.32554102 0.35268612 1.85576979 -0.80024992 0.62019304 0.16821099 -0.14309676 0.75272105
1778701951.33582067 0.35430674 1.85475386 -0.80213850 0.61988559 0.16940704 -0.14521325 0.75230062
1778701951.34612393 0.35728819 1.85323199 -0.80467400 0.61948522 0.17059253 -0.14775589 0.75186731
1778701951.35637975 0.35580151 1.85192989 -0.80932006 0.61847210 0.17252247 -0.14968743 0.75187893
1778701951.36670375 0.35561942 1.85119389 -0.81173124 0.61799718 0.17416731 -0.15168022 0.75149075
1778701951.36685848 0.35643318 1.85115071 -0.81159790 0.61806094 0.17448608 -0.15229245 0.75124050
1778701951.37695432 0.35521527 1.85014477 -0.81514493 0.61727140 0.17582839 -0.15352897 0.75132500
1778701951.38724995 0.35197422 1.84903894 -0.82063352 0.61607292 0.17829429 -0.15561613 0.75129816
1778701951.39756656 0.34954114 1.84848025 -0.82412578 0.61525587 0.18037888 -0.15718138 0.75114425
1778701951.40787077 0.34542855 1.84821438 -0.82772640 0.61434833 0.18232543 -0.15802730 0.75123960
1778701951.41815042 0.34630569 1.84745428 -0.83030397 0.61394179 0.18421799 -0.16093272 0.75049308
1778701951.42842555 0.34843522 1.84738538 -0.83117702 0.61391227 0.18597323 -0.16376559 0.74947082
1778701951.43876171 0.34695078 1.84604442 -0.83618369 0.61288432 0.18731750 -0.16518788 0.74966521
1778701951.44912028 0.34376860 1.84643126 -0.83877124 0.61228947 0.18989992 -0.16727125 0.74903936
1778701951.45942354 0.34294260 1.84614055 -0.84159378 0.61178248 0.19199055 -0.16967826 0.74837899
1778701951.46973872 0.33898258 1.84548214 -0.84700287 0.61056137 0.19408208 -0.17102540 0.74853008
1778701951.48000050 0.33595415 1.84489503 -0.85098648 0.60971018 0.19605871 -0.17265047 0.74833568
1778701951.49029136 0.33744402 1.84357469 -0.85528651 0.60903896 0.19775918 -0.17579531 0.74770239
1778701951.50051045 0.33354829 1.84342281 -0.85930750 0.60814397 0.20026383 -0.17769612 0.74731480
1778701951.51080084 0.33027127 1.84082386 -0.86827986 0.60624581 0.20133757 -0.17846651 0.74838420
1778701951.52115083 0.32911220 1.84089019 -0.87034168 0.60594628 0.20391232 -0.18163730 0.74716582
1778701951.53142071 0.32568810 1.83974106 -0.87627225 0.60473787 0.20626254 -0.18386716 0.74695431
1778701951.54171538 0.31925701 1.83747685 -0.88576805 0.60261619 0.20795348 -0.18437714 0.74807363
1778701951.55205441 0.31257902 1.83637746 -0.89307625 0.60101295 0.21071949 -0.18609957 0.74816287
1778701951.56231165 0.31103204 1.83532995 -0.89817892 0.60015083 0.21276464 -0.18869178 0.74762664
1778701951.57254386 0.30257072 1.83492547 -0.90490987 0.59858775 0.21560120 -0.18948614 0.74786618
1778701951.58288288 0.29786013 1.83502446 -0.90772251 0.59805510 0.21810666 -0.19146808 0.74706061
1778701951.59316850 0.30246370 1.83348948 -0.91184011 0.59777972 0.21858229 -0.19412051 0.74645725
1778701951.60344410 0.30357392 1.83272233 -0.91548300 0.59748103 0.21995132 -0.19670097 0.74561825
1778701951.61377287 0.30515066 1.83296254 -0.91589821 0.59777734 0.22111132 -0.19876344 0.74448985
1778701951.62404084 0.31519206 1.83373921 -0.91163027 0.59965017 0.22104976 -0.20204248 0.74211556
1778701951.63431454 0.30917424 1.83377113 -0.91656257 0.59878021 0.22389027 -0.20403880 0.74141997
1778701951.64457464 0.30590429 1.83437343 -0.91837021 0.59860372 0.22590608 -0.20561952 0.74051377
1778701951.64474463 0.30650855 1.83435159 -0.91864542 0.59872880 0.22619126 -0.20626317 0.74014650
1778701951.65486097 0.30044125 1.83419482 -0.92288058 0.59793662 0.22877534 -0.20785604 0.73954683
1778701951.66513467 0.30027543 1.83431797 -0.92539831 0.59799229 0.23046844 -0.21043177 0.73824656
1778701951.67544055 0.29529748 1.83589052 -0.92604384 0.59816411 0.23317543 -0.21193482 0.73682599
1778701951.68574214 0.29291984 1.83691740 -0.92661889 0.59839078 0.23507999 -0.21365189 0.73553976
1778701951.69600344 0.28675645 1.83854899 -0.92784947 0.59844460 0.23831264 -0.21584752 0.73381265
1778701951.70631957 0.28151618 1.83950943 -0.93021485 0.59832519 0.24153607 -0.21865581 0.73202249
1778701951.71665978 0.27732954 1.84095273 -0.93043509 0.59854537 0.24356507 -0.21969346 0.73085859
1778701951.72693014 0.27632769 1.84200425 -0.93103137 0.59908557 0.24569724 -0.22250819 0.72884803
1778701951.73736000 0.27127548 1.84458101 -0.92999504 0.59970108 0.24872461 -0.22450641 0.72669909
1778701951.74764848 0.26573182 1.84661888 -0.93013504 0.60001781 0.25204845 -0.22711298 0.72447906
1778701951.75800085 0.26476431 1.84694407 -0.93150330 0.60024439 0.25365879 -0.22930145 0.72303854
1778701951.76829743 0.25832422 1.84707617 -0.93579697 0.59975026 0.25680060 -0.23202055 0.72147040
1778701951.77860570 0.25149086 1.84751786 -0.93956262 0.59931856 0.26010660 -0.23480852 0.71974077
1778701951.78892231 0.24904962 1.84829242 -0.94040018 0.59954578 0.26217454 -0.23708159 0.71805410
1778701951.78914118 0.24657854 1.84880902 -0.94063576 0.59951434 0.26318824 -0.23766941 0.71751499
1778701951.79929996 0.24145104 1.84957105 -0.94219177 0.59942785 0.26588350 -0.23997782 0.71582320
1778701951.80960751 0.23786152 1.84971340 -0.94550526 0.59932571 0.26831221 -0.24274973 0.71406570
1778701951.81989861 0.22749587 1.84993072 -0.95017856 0.59827065 0.27160705 -0.24424000 0.71319609
1778701951.83024049 0.22331357 1.85030003 -0.95293180 0.59820550 0.27454695 -0.24785747 0.71087329
1778701951.84053612 0.22027576 1.85124937 -0.95452245 0.59844334 0.27742705 -0.25154239 0.70825576
1778701951.85084009 0.21645183 1.85158564 -0.95747810 0.59837573 0.28029943 -0.25530173 0.70583266
1778701951.86115170 0.21233291 1.85253623 -0.95848123 0.59843829 0.28297430 -0.25831122 0.70361387
1778701951.87140465 0.20455737 1.85264382 -0.96304205 0.59776698 0.28639942 -0.26157898 0.70158851
1778701951.88165903 0.18415563 1.85295028 -0.96997074 0.59565047 0.29162273 -0.26280043 0.70078002
1778701951.89193511 0.17703696 1.85446712 -0.97077811 0.59566245 0.29526486 -0.26612436 0.69798477
1778701951.90230823 0.17070631 1.85410493 -0.97473682 0.59494534 0.29787189 -0.26865808 0.69651648
1778701951.91253686 0.16375115 1.85563216 -0.97536976 0.59493341 0.30168963 -0.27247355 0.69339438
1778701951.92282414 0.15895240 1.85492531 -0.98039261 0.59429990 0.30442198 -0.27626355 0.69124043
1778701951.93316960 0.15469215 1.85566290 -0.98129579 0.59429746 0.30677307 -0.27880692 0.68917887
1778701951.94348693 0.14746684 1.85555575 -0.98526891 0.59359954 0.31006281 -0.28239605 0.68684286
1778701951.95376182 0.14688904 1.85440040 -0.99026081 0.59324768 0.31206803 -0.28701406 0.68431986
1778701951.96406937 0.14411628 1.85340256 -0.99460813 0.59269857 0.31391187 -0.29024041 0.68258937
1778701951.96426606 0.14273679 1.85237582 -0.99748868 0.59223164 0.31443211 -0.29124031 0.68232926
1778701951.97438407 0.13286867 1.85156760 -1.00266899 0.59088891 0.31738577 -0.29345891 0.68117430
1778701951.98467851 0.12493375 1.85050448 -1.00836064 0.58974508 0.32052717 -0.29719507 0.67907154
1778701951.99497271 0.12102479 1.84907254 -1.01411697 0.58896409 0.32276753 -0.30111129 0.67695968
1778701952.00532603 0.11021658 1.84704930 -1.02196795 0.58697967 0.32578543 -0.30386584 0.67600612
1778701952.01561642 0.10143085 1.84657026 -1.02704465 0.58585227 0.32904173 -0.30734618 0.67383008
1778701952.02599549 0.09603227 1.84452753 -1.03386631 0.58456280 0.33094326 -0.31027866 0.67267380
1778701952.02620125 0.09467422 1.84481299 -1.03432912 0.58447788 0.33167483 -0.31124413 0.67194086
1778701952.03639174 0.08574640 1.84287208 -1.04272047 0.58269687 0.33471092 -0.31522420 0.67012436
1778701952.04672575 0.07553725 1.84206161 -1.04828269 0.58117874 0.33753055 -0.31731410 0.66904123
1778701952.05707026 0.06985460 1.84177717 -1.05318720 0.58040431 0.33987064 -0.32041376 0.66704858
1778701952.06743050 0.05530907 1.84033266 -1.06148389 0.57809578 0.34373144 -0.32329161 0.66568499
1778701952.07772732 0.04593778 1.84023617 -1.06576134 0.57682797 0.34647614 -0.32551007 0.66427929
1778701952.08808327 0.03909564 1.84027427 -1.07064075 0.57592189 0.34900008 -0.32847668 0.66228090
1778701952.09838581 0.02397358 1.83963669 -1.07764007 0.57372296 0.35288235 -0.33106980 0.66083947
1778701952.10868478 0.00869540 1.83813081 -1.08639173 0.57120911 0.35656885 -0.33355951 0.65978546
1778701952.11903501 -0.00037270 1.83784621 -1.09115668 0.56983378 0.35907923 -0.33570466 0.65852408
1778701952.12932849 -0.00890495 1.83945836 -1.09373881 0.56897813 0.36229246 -0.33906060 0.65577891
1778701952.13962746 -0.02421102 1.83860502 -1.10163382 0.56659697 0.36582478 -0.34115759 0.65479127
1778701952.14993715 -0.02975188 1.83993345 -1.10370783 0.56592899 0.36817677 -0.34415511 0.65247797
1778701952.16026950 -0.03896815 1.84211963 -1.10576440 0.56486008 0.37184923 -0.34838459 0.64906811
1778701952.17056561 -0.04075446 1.84294793 -1.11033125 0.56414429 0.37405011 -0.35359809 0.64559749
1778701952.18087769 -0.05475675 1.84364497 -1.11515537 0.56201734 0.37808394 -0.35713416 0.64315180
1778701952.19119048 -0.06397884 1.84458379 -1.11798930 0.56068354 0.38090213 -0.35973334 0.64120157
1778701952.20152426 -0.07712248 1.84422972 -1.12491514 0.55826067 0.38446211 -0.36290236 0.63940269
1778701952.21180487 -0.09772343 1.84407848 -1.12959633 0.55520212 0.38946896 -0.36554903 0.63752525
1778701952.22208500 -0.11501668 1.84413649 -1.13244592 0.55273516 0.39360699 -0.36734274 0.63609488
1778701952.23237228 -0.13562061 1.84302259 -1.13793017 0.54940207 0.39840376 -0.36985576 0.63453805
1778701952.24264884 -0.15792669 1.84295928 -1.14105783 0.54615767 0.40376546 -0.37231613 0.63250767
1778701952.25297976 -0.17772845 1.84155207 -1.14609246 0.54291652 0.40828339 -0.37473532 0.63096733
1778701952.26329660 -0.19302560 1.84153200 -1.14811343 0.54067526 0.41196335 -0.37647349 0.62946340
1778701952.27353811 -0.21139629 1.84092699 -1.15163638 0.53788441 0.41620933 -0.37836530 0.62792504
1778701952.28382397 -0.23142659 1.84071884 -1.15379348 0.53501654 0.42087030 -0.38020650 0.62615374
1778701952.29409218 -0.24546121 1.84008234 -1.15619852 0.53301772 0.42384713 -0.38084017 0.62546501
1778701952.30430198 -0.26367805 1.83925158 -1.15865950 0.53026310 0.42802300 -0.38282743 0.62374715
1778701952.31455255 -0.28230030 1.83784312 -1.16173916 0.52746699 0.43194182 -0.38395576 0.62272210
1778701952.32476592 -0.29388698 1.83635422 -1.16498742 0.52556652 0.43427620 -0.38489196 0.62212715
1778701952.33506227 -0.31351371 1.83310633 -1.16975796 0.52212413 0.43823195 -0.38665875 0.62115551
1778701952.34536290 -0.33018186 1.83035951 -1.17391686 0.51924210 0.44155249 -0.38825987 0.62022037
1778701952.35578179 -0.33719797 1.82770569 -1.17907172 0.51757030 0.44283541 -0.38994097 0.61964815
1778701952.35596204 -0.34155520 1.82684911 -1.18028419 0.51681876 0.44364658 -0.39018003 0.61954469
1778701952.36616850 -0.35156306 1.82563483 -1.18233437 0.51522469 0.44572437 -0.39115415 0.61876630
1778701952.37657428 -0.36788397 1.82227857 -1.18673600 0.51239686 0.44876536 -0.39222715 0.61823699
1778701952.38690567 -0.37921176 1.81899829 -1.19233142 0.50999563 0.45090650 -0.39418056 0.61742164
1778701952.39727235 -0.39206548 1.81656911 -1.19466085 0.50778006 0.45343656 -0.39532811 0.61666067
1778701952.40762544 -0.41635401 1.81207149 -1.19642913 0.50376726 0.45815300 -0.39697203 0.61540846
1778701952.41792870 -0.42756413 1.80798054 -1.20238673 0.50120956 0.46016437 -0.39899544 0.61468721
1778701952.42824769 -0.44082071 1.80449819 -1.20637129 0.49851945 0.46275273 -0.40105656 0.61358936
1778701952.43850660 -0.45106594 1.80041157 -1.21123339 0.49616684 0.46446170 -0.40269693 0.61313047
1778701952.44883394 -0.45914486 1.79796671 -1.21423826 0.49439729 0.46605529 -0.40436949 0.61224922
1778701952.44902158 -0.46171844 1.79665749 -1.21602534 0.49364531 0.46652210 -0.40528738 0.61189344
1778701952.45913959 -0.47623278 1.79353676 -1.21854920 0.49093458 0.46938789 -0.40707801 0.61069284
1778701952.46941590 -0.47903027 1.79023669 -1.22483698 0.48940895 0.46973336 -0.40961662 0.60995383
1778701952.47976732 -0.48684847 1.78837447 -1.22845545 0.48757296 0.47144871 -0.41194275 0.60853257
1778701952.49007869 -0.49438917 1.78409585 -1.23522237 0.48506650 0.47274968 -0.41530895 0.60723695
1778701952.50035882 -0.51441483 1.78101321 -1.23479589 0.48177313 0.47677436 -0.41690075 0.60561920
1778701952.51064014 -0.52081660 1.77926269 -1.23764936 0.48013096 0.47814456 -0.41907707 0.60433968
1778701952.52096319 -0.53312581 1.77669216 -1.24004687 0.47759724 0.48066131 -0.42135526 0.60276474
1778701952.53121281 -0.54708052 1.77459100 -1.24090189 0.47500157 0.48354673 -0.42335199 0.60110662
1778701952.54153728 -0.55602152 1.77219020 -1.24340499 0.47308495 0.48517455 -0.42479215 0.60028987
1778701952.55184770 -0.56393176 1.76678827 -1.25150425 0.47022347 0.48619531 -0.42798471 0.59944399
1778701952.56208324 -0.57041871 1.76181766 -1.25968855 0.46766063 0.48690494 -0.43091235 0.59877513
1778701952.57239795 -0.57697090 1.75620923 -1.26761760 0.46509490 0.48743669 -0.43336973 0.59856736
1778701952.57258010 -0.58133192 1.75429750 -1.26927084 0.46399607 0.48808543 -0.43403792 0.59840733
1778701952.58273888 -0.58525014 1.75468602 -1.26892337 0.46350078 0.48907277 -0.43480532 0.59742714
1778701952.59302711 -0.59133946 1.74669503 -1.28143654 0.46018289 0.48910107 -0.43858068 0.59720921
1778701952.60332108 -0.59767784 1.74175158 -1.28906436 0.45774093 0.48972529 -0.44133382 0.59654576
1778701952.61366606 -0.60384832 1.73266889 -1.30196259 0.45425997 0.48955060 -0.44485473 0.59673474
1778701952.62392282 -0.60674111 1.73464752 -1.30134111 0.45398317 0.49064585 -0.44624462 0.59500561
1778701952.63419819 -0.61599977 1.73087639 -1.30616704 0.45139697 0.49217436 -0.44890844 0.59370564
1778701952.64454746 -0.62014690 1.73293763 -1.30411635 0.45100040 0.49359642 -0.44998685 0.59200764
1778701952.65486932 -0.62566907 1.73148505 -1.30716588 0.44957357 0.49473491 -0.45191732 0.59067056
1778701952.66515660 -0.63189111 1.73159793 -1.30781664 0.44844939 0.49631676 -0.45339368 0.58906451
1778701952.67548585 -0.63754460 1.73213349 -1.30833630 0.44735098 0.49789743 -0.45519853 0.58717080
1778701952.68579936 -0.64743389 1.73260932 -1.30570504 0.44590517 0.50031877 -0.45625252 0.58539162
1778701952.69608426 -0.64962410 1.73277765 -1.30802418 0.44532076 0.50108244 -0.45781179 0.58396419
1778701952.70637107 -0.65213617 1.73297671 -1.31046107 0.44478112 0.50189401 -0.45900487 0.58274066
1778701952.71667933 -0.65477351 1.73530835 -1.30910780 0.44477494 0.50304122 -0.45940475 0.58143964
1778701952.72694135 -0.65929880 1.73537132 -1.31108401 0.44386586 0.50428192 -0.46069851 0.58003425
1778701952.73722672 -0.66525679 1.73536008 -1.31239932 0.44285210 0.50580757 -0.46158162 0.57877727
1778701952.74744987 -0.66723246 1.73623306 -1.31406162 0.44250315 0.50668937 -0.46260820 0.57745172
1778701952.75769663 -0.66832455 1.73554637 -1.31727393 0.44197260 0.50703489 -0.46365731 0.57671287
1778701952.76805353 -0.67000915 1.73220700 -1.32434315 0.44052382 0.50717973 -0.46608136 0.57573922
1778701952.77833080 -0.67373025 1.72753017 -1.33222542 0.43857217 0.50748154 -0.46854575 0.57496245
1778701952.78859973 -0.67400549 1.72543248 -1.33726857 0.43778073 0.50743401 -0.47011626 0.57432522
1778701952.79891014 -0.67586275 1.72502160 -1.33971934 0.43701826 0.50819461 -0.47190689 0.57276275
1778701952.80921769 -0.67871822 1.72382360 -1.34272097 0.43591782 0.50904477 -0.47394788 0.57115890
1778701952.81950665 -0.68292367 1.71977918 -1.34819534 0.43413378 0.50953579 -0.47602567 0.57035138
1778701952.82977343 -0.68304414 1.72025419 -1.35019796 0.43381518 0.51010759 -0.47758718 0.56877512
1778701952.84006000 -0.67762835 1.72188761 -1.35377121 0.43416022 0.50981763 -0.47988897 0.56683107
1778701952.85039616 -0.68016960 1.71957980 -1.35821644 0.43300043 0.51038446 -0.48166197 0.56570317
1778701952.86070538 -0.68067622 1.71427990 -1.36706294 0.43146638 0.50987071 -0.48384236 0.56547784
1778701952.87097239 -0.67358009 1.71838332 -1.36783500 0.43281456 0.50967574 -0.48483710 0.56376873
1778701952.88123226 -0.67132096 1.71635029 -1.37412231 0.43239816 0.50934395 -0.48633965 0.56309352
1778701952.89150405 -0.66702972 1.71298315 -1.38257881 0.43200442 0.50822820 -0.48782400 0.56311989
1778701952.90178251 -0.65928404 1.71579484 -1.38508043 0.43333974 0.50772393 -0.48827872 0.56215387
1778701952.91204286 -0.65892443 1.71363734 -1.39032426 0.43283650 0.50781210 -0.48897112 0.56186002
1778701952.92236114 -0.65063581 1.71236675 -1.39798769 0.43341562 0.50632422 -0.48998097 0.56187662
1778701952.93271089 -0.64852241 1.71265091 -1.40089942 0.43354173 0.50656696 -0.49046435 0.56113831
1778701952.94294715 -0.64446603 1.71194160 -1.40659528 0.43377544 0.50620628 -0.49073628 0.56104544
1778701952.95325851 -0.63696676 1.71300460 -1.41178195 0.43471045 0.50547426 -0.49102429 0.56072965
1778701952.96356082 -0.63736367 1.71473259 -1.41144541 0.43480179 0.50635149 -0.49097760 0.55990764
1778701952.97386551 -0.63507213 1.71315623 -1.41755707 0.43445702 0.50621779 -0.49162830 0.55972516
1778701952.98414278 -0.63500437 1.70832830 -1.42679258 0.43309174 0.50596298 -0.49288751 0.55990616
1778701952.99442792 -0.63453217 1.70940032 -1.42777833 0.43295885 0.50656577 -0.49350400 0.55892000
1778701953.00468135 -0.63431651 1.70457053 -1.43712884 0.43162901 0.50625932 -0.49461413 0.55924482
1778701953.01495147 -0.63562338 1.70274636 -1.44208367 0.43048606 0.50685382 -0.49589522 0.55845223
1778701953.02525973 -0.63734001 1.70066480 -1.44659651 0.42929004 0.50731118 -0.49725791 0.55774546
1778701953.02543163 -0.63653591 1.70068876 -1.44776638 0.42925943 0.50730711 -0.49748936 0.55756629
1778701953.03558755 -0.63983996 1.69667258 -1.45399861 0.42756557 0.50771354 -0.49877133 0.55735249
1778701953.04590130 -0.64250304 1.69635826 -1.45694350 0.42657905 0.50880634 -0.49939494 0.55655289
1778701953.05617571 -0.64807833 1.69495416 -1.46006475 0.42484883 0.51031717 -0.50059562 0.55541325
1778701953.06644106 -0.65431987 1.69122935 -1.46485569 0.42292035 0.51134240 -0.50125199 0.55535013
1778701953.07672405 -0.65618788 1.68824560 -1.47183683 0.42150563 0.51181625 -0.50225548 0.55508249
1778701953.08700371 -0.66034265 1.68959977 -1.47251912 0.42063128 0.51352741 -0.50247364 0.55396676
1778701953.09729838 -0.66089645 1.68936155 -1.47660815 0.42011247 0.51401770 -0.50253360 0.55385132
1778701953.09748220 -0.66245376 1.68947292 -1.47669897 0.41978748 0.51450988 -0.50271537 0.55347566
1778701953.10759544 -0.66668540 1.69105059 -1.47653572 0.41915375 0.51607458 -0.50259349 0.55260921
1778701953.11788177 -0.65916790 1.69579711 -1.47988729 0.42056621 0.51603070 -0.50211355 0.55201301
1778701953.12812829 -0.66380787 1.69668631 -1.48105467 0.41990306 0.51752300 -0.50138663 0.55178149
1778701953.13843250 -0.66192318 1.70054910 -1.48297961 0.42064415 0.51839748 -0.50014691 0.55152119
1778701953.14876366 -0.65867121 1.70911110 -1.47944967 0.42246046 0.51990000 -0.49839818 0.55030029
1778701953.15905190 -0.65552459 1.71434164 -1.47968531 0.42362393 0.52081118 -0.49722369 0.54960630
1778701953.16933155 -0.65228420 1.72031835 -1.47819194 0.42494515 0.52167014 -0.49609214 0.54879365
1778701953.17960858 -0.65051454 1.72141413 -1.48330888 0.42491445 0.52209560 -0.49631476 0.54821124
1778701953.18984032 -0.64869134 1.72980249 -1.47896724 0.42630135 0.52382867 -0.49525162 0.54643985
1778701953.20013118 -0.65349759 1.72863502 -1.48209830 0.42502399 0.52500238 -0.49595327 0.54567156
1778701953.20025921 -0.65340584 1.72825556 -1.48382480 0.42480069 0.52506580 -0.49631304 0.54545727
1778701953.21037745 -0.65468191 1.72973704 -1.48466298 0.42446557 0.52604176 -0.49693046 0.54421426
1778701953.22062516 -0.65897931 1.73040018 -1.48647544 0.42325155 0.52758855 -0.49847341 0.54224782
1778701953.23091865 -0.66039017 1.72798997 -1.49266324 0.42199218 0.52806286 -0.50024933 0.54113107
1778701953.24124146 -0.66391354 1.72447327 -1.49854237 0.42027948 0.52858296 -0.50220260 0.54014606
1778701953.25152302 -0.66201611 1.72161700 -1.50719482 0.41920189 0.52828744 -0.50467477 0.53896710
1778701953.26178265 -0.67115556 1.72009162 -1.50854776 0.41687087 0.53034124 -0.50710927 0.53646718
1778701953.27210307 -0.66986023 1.71542587 -1.51767099 0.41559396 0.52971264 -0.50942781 0.53588197
1778701953.28241920 -0.68937989 1.71142581 -1.51734572 0.41159666 0.53327728 -0.51101962 0.53391242
1778701953.29274297 -0.69774678 1.70632552 -1.52297945 0.40883058 0.53457171 -0.51335142 0.53250442
1778701953.30306554 -0.70097611 1.70555900 -1.52560954 0.40768731 0.53547950 -0.51451077 0.53134868
1778701953.31340885 -0.72707542 1.69931557 -1.52394816 0.40255013 0.53986549 -0.51569676 0.52967490
1778701953.32371879 -0.73826645 1.69731355 -1.52534086 0.39991139 0.54215475 -0.51725362 0.52781417
1778701953.33395648 -0.75458680 1.69548624 -1.52318440 0.39678366 0.54543699 -0.51838131 0.52568245
1778701953.34423256 -0.76105836 1.69525451 -1.52401202 0.39522383 0.54692811 -0.51969843 0.52400507
1778701953.35456681 -0.77296538 1.69927808 -1.51827891 0.39355568 0.55025167 -0.52038023 0.52109638
1778701953.36486983 -0.78797665 1.70333682 -1.51064607 0.39147110 0.55412839 -0.52107382 0.51785536
1778701953.37513995 -0.79505953 1.70800696 -1.50534719 0.39071207 0.55650673 -0.52151126 0.51543219
1778701953.38536930 -0.80815219 1.71054432 -1.50069934 0.38854422 0.55966039 -0.52273332 0.51240952
1778701953.39563966 -0.82333859 1.71634082 -1.49059435 0.38656736 0.56375654 -0.52365367 0.50845951
1778701953.40592957 -0.83772503 1.71908136 -1.48478269 0.38427678 0.56709092 -0.52471134 0.50538821
1778701953.41625786 -0.84877195 1.72391399 -1.47649619 0.38281654 0.57014295 -0.52561213 0.50211592
1778701953.42652106 -0.86001391 1.72555161 -1.47380499 0.38082193 0.57265701 -0.52668103 0.49964557
1778701953.43679619 -0.87435248 1.73059353 -1.46415310 0.37870045 0.57636358 -0.52810212 0.49547870
1778701953.44713092 -0.88368063 1.73498671 -1.45721760 0.37742619 0.57896129 -0.52893989 0.49251994
1778701953.45746088 -0.89528529 1.73755529 -1.45222201 0.37536266 0.58160723 -0.53052886 0.48925968
1778701953.46774435 -0.90732218 1.74019443 -1.44629067 0.37327914 0.58442348 -0.53204649 0.48583785
1778701953.47800398 -0.91674504 1.74051070 -1.44389071 0.37137620 0.58621179 -0.53339445 0.48365878
1778701953.47816753 -0.91907643 1.74179227 -1.44195035 0.37108576 0.58691685 -0.53357940 0.48282190
1778701953.48833370 -0.93024910 1.74400364 -1.43559150 0.36914745 0.58942005 -0.53491956 0.47976580
1778701953.49863505 -0.94570008 1.74452881 -1.42981756 0.36632234 0.59241507 -0.53628028 0.47671353
1778701953.50886893 -0.96112961 1.74586582 -1.42273002 0.36338267 0.59549528 -0.53827609 0.47286071
1778701953.51917839 -0.97214209 1.74826352 -1.41580410 0.36158134 0.59802834 -0.53915450 0.47003560
1778701953.52948332 -0.98727307 1.74980292 -1.40839897 0.35879763 0.60109541 -0.54071180 0.46645397
1778701953.53976393 -1.00622325 1.74804777 -1.40243908 0.35497561 0.60425501 -0.54259181 0.46310077
1778701953.55005598 -1.01808069 1.75236680 -1.39176465 0.35334302 0.60734707 -0.54308589 0.45971292
1778701953.55022264 -1.02302534 1.75071037 -1.39170066 0.35218171 0.60792955 -0.54369508 0.45911367
1778701953.56031609 -1.03564821 1.75037229 -1.38677317 0.35001014 0.61026930 -0.54408398 0.45720554
1778701953.57058764 -1.05319988 1.75412595 -1.37382356 0.34717367 0.61423687 -0.54517930 0.45272843
1778701953.58091044 -1.06853391 1.75707788 -1.36373760 0.34490105 0.61767782 -0.54546464 0.44942819
1778701953.59124470 -1.08342869 1.75733835 -1.35569739 0.34211599 0.62043122 -0.54665440 0.44630787
1778701953.60150385 -1.09948988 1.76224632 -1.34181071 0.33987732 0.62435370 -0.54695049 0.44216629
1778701953.61179638 -1.11705147 1.76568266 -1.32863679 0.33732559 0.62832027 -0.54700406 0.43841948
1778701953.62209105 -1.12874803 1.77018489 -1.31663546 0.33576725 0.63135653 -0.54723826 0.43494779
1778701953.63232684 -1.14421569 1.76852107 -1.31132070 0.33269196 0.63378169 -0.54866529 0.43197595
1778701953.64263797 -1.15427460 1.77392027 -1.29947942 0.33146319 0.63663000 -0.54890575 0.42841204
1778701953.64279556 -1.15797784 1.77524939 -1.29610795 0.33100384 0.63755781 -0.54884285 0.42746698
1778701953.65290380 -1.16815642 1.77473042 -1.29244154 0.32904655 0.63917559 -0.54983017 0.42528780
1778701953.66320753 -1.18255256 1.78130275 -1.27600041 0.32701697 0.64291335 -0.55062390 0.42016145
1778701953.67349315 -1.19571617 1.78249133 -1.26861553 0.32480702 0.64537009 -0.55143721 0.41703098
1778701953.68379378 -1.20792963 1.78497871 -1.25971725 0.32284006 0.64789937 -0.55229797 0.41348235
1778701953.69407248 -1.21854305 1.78747833 -1.25055416 0.32116317 0.65019961 -0.55286614 0.41040676
1778701953.70437694 -1.22543820 1.79220553 -1.24216609 0.32052105 0.65222011 -0.55286165 0.40769987
1778701953.70453978 -1.22953602 1.79214040 -1.23978051 0.31979002 0.65291454 -0.55309023 0.40685150
1778701953.71466255 -1.24287162 1.79421260 -1.22982483 0.31743518 0.65545623 -0.55435106 0.40287334
1778701953.72500396 -1.25375013 1.79554865 -1.22163573 0.31531967 0.65737989 -0.55570602 0.39951971
1778701953.73530602 -1.26480537 1.79492001 -1.21804897 0.31314619 0.65883640 -0.55721572 0.39671740
1778701953.74561095 -1.27850781 1.79625109 -1.20825066 0.31059282 0.66120961 -0.55867516 0.39270347
1778701953.75589275 -1.29169691 1.79465391 -1.20371786 0.30779647 0.66275981 -0.56063019 0.38949269
1778701953.76626897 -1.30121544 1.79530437 -1.19776359 0.30603501 0.66425004 -0.56167556 0.38682687
1778701953.77651668 -1.31486681 1.79581632 -1.18913107 0.30320071 0.66617544 -0.56380660 0.38262479
1778701953.78675342 -1.32839402 1.79496907 -1.18279406 0.30042650 0.66783939 -0.56570632 0.37909211
1778701953.79705000 -1.34044505 1.79212116 -1.17908498 0.29786993 0.66903920 -0.56713840 0.37684757
1778701953.80731320 -1.34765760 1.79342976 -1.17735771 0.29646840 0.66971117 -0.56908577 0.37381121
1778701953.81765032 -1.35878814 1.79541490 -1.16944905 0.29412120 0.67114008 -0.57153094 0.36934549
1778701953.82796288 -1.36712404 1.79575964 -1.16550062 0.29249838 0.67206530 -0.57293880 0.36676160
1778701953.83821583 -1.37137902 1.79872253 -1.16522316 0.29173101 0.67225554 -0.57510709 0.36361704
1778701953.84845853 -1.38065253 1.79795499 -1.16459714 0.28988107 0.67275876 -0.57711977 0.36096730
1778701953.85876226 -1.38970208 1.79883841 -1.16202521 0.28822169 0.67349281 -0.57897515 0.35794339
1778701953.86905551 -1.39656479 1.79921313 -1.16069737 0.28688450 0.67393451 -0.58050966 0.35569383
1778701953.87936091 -1.40771830 1.80256515 -1.15187923 0.28500847 0.67554150 -0.58201723 0.35166718
1778701953.88968110 -1.41979544 1.80381539 -1.14569240 0.28281020 0.67685304 -0.58365281 0.34819211
1778701953.89998078 -1.43045676 1.80324921 -1.14107679 0.28089328 0.67796811 -0.58464168 0.34590796
1778701953.91026711 -1.44213054 1.80475768 -1.13534213 0.27884637 0.67918605 -0.58619062 0.34253696
1778701953.92055607 -1.45348705 1.80533298 -1.13210020 0.27700319 0.68023130 -0.58728205 0.34007999
1778701953.93090796 -1.46297259 1.80987378 -1.12502141 0.27532921 0.68132661 -0.58922850 0.33585361
1778701953.94117308 -1.47437381 1.81010897 -1.11977355 0.27321429 0.68246622 -0.59028810 0.33339732
1778701953.95152569 -1.48787232 1.81254786 -1.11094557 0.27082745 0.68408384 -0.59163132 0.32962733
1778701953.96183205 -1.50163446 1.81448656 -1.10240027 0.26825617 0.68557613 -0.59317282 0.32583740
1778701953.97213364 -1.50956284 1.81651798 -1.09919357 0.26685589 0.68624191 -0.59433908 0.32345173
1778701953.98245907 -1.51982216 1.80976534 -1.11251953 0.26376223 0.68438494 -0.59867173 0.32192996
1778701953.99275255 -1.54294035 1.81509899 -1.08456756 0.25972794 0.68872039 -0.59867828 0.31589545
1778701954.00305080 -1.55490973 1.80943316 -1.08929595 0.25668533 0.68819297 -0.60136641 0.31442252
1778701954.00324202 -1.55508073 1.81920688 -1.07543465 0.25757220 0.69017450 -0.59998598 0.31198165
1778701954.01332045 -1.56525348 1.81172419 -1.08583362 0.25449011 0.68857848 -0.60376386 0.31074695
1778701954.02359796 -1.57680538 1.81985448 -1.06874563 0.25284017 0.69102427 -0.60413276 0.30590996
1778701954.03385425 -1.59379985 1.82281174 -1.05337723 0.24960420 0.69327345 -0.60515475 0.30142562
1778701954.04415512 -1.60305896 1.82647138 -1.04499402 0.24795391 0.69448811 -0.60597591 0.29832588
1778701954.05447054 -1.61487149 1.82874953 -1.03882001 0.24564588 0.69535725 -0.60760335 0.29488059
1778701954.06473398 -1.62775417 1.82892128 -1.03334412 0.24276318 0.69591265 -0.60982685 0.29134659
1778701954.07499099 -1.63701598 1.82839653 -1.03106533 0.24062150 0.69606952 -0.61164719 0.28892252
1778701954.08531642 -1.64765602 1.83215867 -1.02297764 0.23866091 0.69714420 -0.61288335 0.28531551
1778701954.09559917 -1.65951672 1.83294723 -1.01712970 0.23616684 0.69779912 -0.61461285 0.28205079
1778701954.10594726 -1.67090184 1.83142499 -1.01541941 0.23335189 0.69764540 -0.61726588 0.27896347
1778701954.11628008 -1.68049763 1.83027618 -1.01231741 0.23106039 0.69782639 -0.61900400 0.27655646
1778701954.12653995 -1.69376487 1.82982089 -1.00456183 0.22809659 0.69863312 -0.62068833 0.27318439
1778701954.13680649 -1.70515893 1.82753848 -1.00334509 0.22531004 0.69848344 -0.62304944 0.27049155
1778701954.14717650 -1.71642759 1.82756410 -0.99346247 0.22278404 0.69962318 -0.62395780 0.26752822
1778701954.15740871 -1.72954589 1.82499032 -0.98860370 0.21962887 0.69997069 -0.62592115 0.26462598
1778701954.16767955 -1.74142184 1.82656958 -0.97700805 0.21720689 0.70147703 -0.62648171 0.26128873
1778701954.17798066 -1.75143887 1.82598395 -0.97008783 0.21508496 0.70239530 -0.62705281 0.25919892
1778701954.17814469 -1.75378373 1.82485695 -0.97168755 0.21446154 0.70213006 -0.62772024 0.25881832
1778701954.18829989 -1.76475837 1.82469680 -0.96148322 0.21221656 0.70357268 -0.62780953 0.25652448
1778701954.19858241 -1.77673832 1.82739677 -0.94625956 0.20982864 0.70564821 -0.62769281 0.25304996
1778701954.20883656 -1.78795219 1.82779515 -0.93736245 0.20740082 0.70681001 -0.62831701 0.25024439
1778701954.21915603 -1.79668851 1.82694490 -0.93219091 0.20537933 0.70742447 -0.62905597 0.24831136
1778701954.22949457 -1.80776192 1.82515097 -0.92817134 0.20291023 0.70801527 -0.62999020 0.24628063
1778701954.23982120 -1.81582127 1.81929288 -0.93988014 0.20003205 0.70585333 -0.63390576 0.24478918
1778701954.25010562 -1.82262352 1.83665697 -0.89719601 0.20071960 0.71269121 -0.62764955 0.24049724
1778701954.25026226 -1.82618298 1.83492963 -0.89751490 0.19964707 0.71250225 -0.62841796 0.23994262
1778701954.26033902 -1.83300047 1.83586366 -0.89268430 0.19836336 0.71340203 -0.62836732 0.23846180
1778701954.27067900 -1.84062549 1.83845943 -0.88558240 0.19701805 0.71468323 -0.62812124 0.23637996
1778701954.28093314 -1.84798139 1.84425543 -0.87138019 0.19602392 0.71703324 -0.62671956 0.23379595
1778701954.29118872 -1.85426547 1.84665378 -0.86320045 0.19498415 0.71843763 -0.62603695 0.23217729
1778701954.30149722 -1.86265251 1.84545709 -0.86247308 0.19299722 0.71863802 -0.62700270 0.23060591
1778701954.31171918 -1.87455354 1.83254474 -0.88147516 0.18919337 0.71575743 -0.63136107 0.23082540
1778701954.32198668 -1.88014316 1.84618886 -0.84588630 0.18952169 0.72139678 -0.62612038 0.22724764
1778701954.33231711 -1.88917691 1.84469259 -0.84309896 0.18773847 0.72217206 -0.62617141 0.22612199
1778701954.34265852 -1.89839722 1.84383751 -0.83857055 0.18552250 0.72284950 -0.62668439 0.22435838
1778701954.35297012 -1.90577604 1.84638211 -0.82564321 0.18397974 0.72464728 -0.62586808 0.22209662
1778701954.35318613 -1.90529404 1.84767276 -0.82743203 0.18410296 0.72446177 -0.62616194 0.22177119
1778701954.36333299 -1.90888906 1.84590041 -0.83422121 0.18320757 0.72373621 -0.62736951 0.22146868
1778701954.37363625 -1.91698405 1.84949632 -0.81849088 0.18198967 0.72636845 -0.62544320 0.21929306
1778701954.38388300 -1.92568577 1.84595064 -0.82015079 0.18019474 0.72661120 -0.62587917 0.21872649
1778701954.39418125 -1.92960318 1.84627394 -0.81940799 0.17922214 0.72677768 -0.62636992 0.21756458
1778701954.40455985 -1.93497692 1.84810981 -0.81468552 0.17848497 0.72799117 -0.62559160 0.21634953
1778701954.41485476 -1.93454185 1.85449085 -0.81398414 0.17887265 0.72839680 -0.62564347 0.21450624
1778701954.42515159 -1.94129065 1.85105688 -0.81535920 0.17747901 0.72867555 -0.62576261 0.21436955
1778701954.42532039 -1.94823466 1.84750428 -0.80828171 0.17602162 0.72983458 -0.62490011 0.21414417
1778701954.43547201 -1.94962285 1.84815328 -0.81298979 0.17637760 0.73010359 -0.62439163 0.21441731
1778701954.44579840 -1.95405677 1.83930593 -0.83612596 0.17580101 0.72801289 -0.62624106 0.21659494
1778701954.45606184 -1.96062890 1.84456125 -0.81840608 0.17442872 0.73063154 -0.62459101 0.21363108
1778701954.46629596 -1.96471199 1.84299506 -0.81997021 0.17393342 0.73113834 -0.62412352 0.21366731
1778701954.47658610 -1.97406994 1.84098888 -0.81294897 0.17234440 0.73295797 -0.62267718 0.21293929
1778701954.48685694 -1.97787093 1.83952571 -0.81655991 0.17195383 0.73335423 -0.62232644 0.21291609
1778701954.49725032 -1.97641399 1.84610710 -0.81415449 0.17293929 0.73439112 -0.62117742 0.21189691
1778701954.50754952 -1.98771772 1.83558815 -0.81985301 0.17097293 0.73490147 -0.62058415 0.21345585
1778701954.51784325 -1.98980187 1.83555622 -0.82504318 0.17073967 0.73494862 -0.62072252 0.21307757
1778701954.52810025 -1.99442352 1.83613852 -0.82125425 0.17029897 0.73634612 -0.61932446 0.21267315
1778701954.52826023 -1.99695908 1.83328378 -0.82462038 0.16980113 0.73618617 -0.61949252 0.21313497
1778701954.53837514 -1.99996049 1.83488711 -0.82060095 0.16973741 0.73760163 -0.61797357 0.21270098
1778701954.54864621 -2.00224998 1.83367335 -0.82872765 0.16990884 0.73774430 -0.61753277 0.21334858
1778701954.55893970 -2.00237548 1.82912533 -0.84520030 0.17009261 0.73636883 -0.61862721 0.21477856
1778701954.56925321 -1.99652657 1.84133424 -0.84129379 0.17229933 0.73783149 -0.61689230 0.21298244
1778701954.57966924 -2.00781813 1.82716324 -0.85610733 0.17003961 0.73721627 -0.61739826 0.21544859
1778701954.59002256 -2.00884224 1.82645530 -0.86523509 0.17054349 0.73730524 -0.61686677 0.21626669
1778701954.60035229 -2.00422726 1.82971260 -0.87744939 0.17213358 0.73681818 -0.61685621 0.21669659
1778701954.61074162 -1.99874655 1.83365755 -0.88989769 0.17389331 0.73611104 -0.61704709 0.21715096
1778701954.62103963 -1.99808509 1.82902293 -0.91039211 0.17485787 0.73509433 -0.61709798 0.21966138
1778701954.63131475 -1.99779000 1.83504089 -0.90529586 0.17496791 0.73619646 -0.61650968 0.21752429
1778701954.64160395 -1.99884277 1.82782144 -0.92517508 0.17498577 0.73468056 -0.61750169 0.21980926
1778701954.65193820 -1.99620331 1.82208796 -0.95317527 0.17648294 0.73301236 -0.61775039 0.22345271
1778701954.66223097 -1.99213028 1.82772278 -0.95669439 0.17762268 0.73333058 -0.61736205 0.22257705
1778701954.67257881 -1.98849397 1.82744090 -0.97199536 0.17918946 0.73301737 -0.61659983 0.22445783
1778701954.68290424 -1.99517006 1.81128943 -0.99593128 0.17778557 0.73121976 -0.61777036 0.22818794
1778701954.69324279 -1.99739403 1.80473821 -1.01053400 0.17744339 0.73055224 -0.61802836 0.22988739
1778701954.70350957 -1.99739001 1.81586828 -0.99619539 0.17822320 0.73353763 -0.61505205 0.22774990
1778701954.71387911 -2.00460577 1.79950405 -1.01939358 0.17632703 0.73146575 -0.61689255 0.23089006
1778701954.72416902 -2.01067094 1.79130633 -1.02963677 0.17498389 0.73120189 -0.61712537 0.23212220
1778701954.73445559 -2.01044397 1.79578186 -1.02903877 0.17535202 0.73232687 -0.61592815 0.23147688
1778701954.74476123 -2.00702935 1.77929434 -1.07303885 0.17559735 0.72797011 -0.61915550 0.23637163
1778701954.75504065 -2.01481387 1.78163410 -1.05930493 0.17403559 0.73026039 -0.61759594 0.23453493
1778701954.76539063 -2.02128707 1.76626172 -1.08265579 0.17234207 0.72855430 -0.61885372 0.23775388
1778701954.77568364 -2.02066532 1.77039931 -1.08434046 0.17256957 0.72924997 -0.61821929 0.23710574
1778701954.78601503 -2.02735134 1.75772370 -1.10167139 0.17099707 0.72823717 -0.61876473 0.23991840
1778701954.79626822 -2.03605900 1.75651303 -1.09451964 0.16926678 0.73025146 -0.61707848 0.23936524
1778701954.80650306 -2.04304438 1.74115550 -1.11744670 0.16731400 0.72855888 -0.61842648 0.24239775
1778701954.81679273 -2.04763770 1.74118330 -1.11661512 0.16678738 0.72999261 -0.61664304 0.24298997
1778701954.81696153 -2.04968192 1.74450173 -1.10918616 0.16641764 0.73101025 -0.61599838 0.24181641
1778701954.82711077 -2.05148441 1.73772307 -1.12502176 0.16598143 0.73010724 -0.61634591 0.24394940
1778701954.83738589 -2.05495262 1.73102390 -1.13923928 0.16512245 0.72960005 -0.61649051 0.24567823
1778701954.84764075 -2.05773769 1.73449574 -1.13769717 0.16493766 0.73111926 -0.61480342 0.24551366
1778701954.85797524 -2.05879078 1.73136954 -1.14835314 0.16453314 0.73041053 -0.61545468 0.24626172
1778701954.86826754 -2.05683492 1.72577716 -1.17110257 0.16465642 0.72846128 -0.61699645 0.24808832
1778701954.87855911 -2.06384617 1.71724681 -1.18006408 0.16259988 0.72786066 -0.61802177 0.24865484
1778701954.88880754 -2.05889869 1.72498322 -1.18522973 0.16406341 0.72811068 -0.61740275 0.24849927
1778701954.89906263 -2.05861345 1.71226690 -1.21481413 0.16366078 0.72553885 -0.61910224 0.25203360
1778701954.90937662 -2.06311464 1.71363852 -1.21249420 0.16263916 0.72636120 -0.61886887 0.25089688
1778701954.91971159 -2.06614729 1.71023818 -1.22153433 0.16164662 0.72566382 -0.61995617 0.25087196
1778701954.92995715 -2.07308477 1.69732100 -1.23411338 0.15934925 0.72413991 -0.62194636 0.25181725
1778701954.94024467 -2.07703641 1.69075905 -1.24446105 0.15798204 0.72318512 -0.62328131 0.25212172
1778701954.95047998 -2.07757039 1.68141836 -1.26602856 0.15743466 0.72129471 -0.62475161 0.25423155
1778701954.96074414 -2.08106573 1.68905202 -1.25462647 0.15694526 0.72302386 -0.62383096 0.25187223
1778701954.97104335 -2.08756406 1.67574656 -1.27037383 0.15475355 0.72127116 -0.62595823 0.25297343
1778701954.98131299 -2.09500821 1.67594223 -1.26447864 0.15312023 0.72239207 -0.62566559 0.25148848
1778701954.99163485 -2.10139836 1.67103308 -1.26616204 0.15150704 0.72241399 -0.62614482 0.25120968
1778701955.00194907 -2.10114332 1.66478694 -1.28205476 0.15093416 0.72051788 -0.62833020 0.25154328
1778701955.01261187 -2.10579304 1.66086749 -1.28766198 0.14974285 0.72020463 -0.62907695 0.25128582
1778701955.02317333 -2.11082552 1.65855395 -1.29018220 0.14854922 0.72023415 -0.62958883 0.25062683
1778701955.03381777 -2.10848499 1.65742790 -1.30160454 0.14891695 0.71913880 -0.63064560 0.25089691
1778701955.04423404 -2.11210395 1.65133159 -1.31142899 0.14782194 0.71819057 -0.63192737 0.25103541
1778701955.05453396 -2.11068033 1.64844361 -1.32714861 0.14810470 0.71690920 -0.63298147 0.25187428
1778701955.06482983 -2.11369386 1.66108058 -1.31307524 0.14811585 0.71914562 -0.63169717 0.24869654
1778701955.07515383 -2.11476681 1.66160827 -1.31708892 0.14802729 0.71917387 -0.63175213 0.24852790
1778701955.08550072 -2.12142474 1.65857199 -1.31869556 0.14675704 0.71962776 -0.63162965 0.24827856
1778701955.09578490 -2.12493152 1.65803698 -1.32224756 0.14633880 0.72014853 -0.63106269 0.24845710
1778701955.10615182 -2.12622589 1.65791358 -1.32644841 0.14634141 0.72042716 -0.63061865 0.24877505
1778701955.10633349 -2.12688899 1.65702143 -1.32869180 0.14621286 0.72030154 -0.63075591 0.24886638
1778701955.11639905 -2.12711968 1.66246786 -1.32765139 0.14668133 0.72117935 -0.62990201 0.24821036
1778701955.12668586 -2.13120963 1.65621180 -1.33749335 0.14589646 0.72081518 -0.63007256 0.24929554
1778701955.13700676 -2.13217961 1.66330752 -1.33543398 0.14625815 0.72176281 -0.62943672 0.24794436
1778701955.14734340 -2.13398091 1.66120699 -1.34151156 0.14602594 0.72161747 -0.62948880 0.24837170
1778701955.14753580 -2.13513497 1.66193233 -1.34086602 0.14596844 0.72198821 -0.62909489 0.24832613
1778701955.15767145 -2.13880710 1.66224588 -1.34100460 0.14545215 0.72247297 -0.62881975 0.24791573
1778701955.16792846 -2.13859016 1.65455734 -1.36079328 0.14545192 0.72080567 -0.62999502 0.24977831
1778701955.17817307 -2.14415166 1.66382455 -1.34773100 0.14480611 0.72258861 -0.62930134 0.24673207
1778701955.18841600 -2.14654163 1.66253736 -1.35187253 0.14447653 0.72255475 -0.62938907 0.24680068
1778701955.19877505 -2.14705808 1.65492332 -1.37000760 0.14421914 0.72080048 -0.63093193 0.24813787
1778701955.20904136 -2.15505867 1.66151644 -1.35696771 0.14285119 0.72216625 -0.63100468 0.24474997
1778701955.21931028 -2.15855896 1.66136958 -1.35810334 0.14214703 0.72198552 -0.63177132 0.24371320
1778701955.22961259 -2.16536342 1.65675829 -1.36211457 0.14050515 0.72112425 -0.63361205 0.24243327
1778701955.23987198 -2.16921488 1.65749662 -1.36392454 0.13993153 0.72112067 -0.63413545 0.24140503
1778701955.25014400 -2.16845507 1.64817682 -1.38422883 0.13968304 0.71863415 -0.63652476 0.24267229
1778701955.25035548 -2.16895996 1.64979735 -1.38388062 0.13977682 0.71888097 -0.63631704 0.24243185
1778701955.26048803 -2.17367911 1.65476600 -1.37710461 0.13928010 0.72003981 -0.63571009 0.24086595
1778701955.27080154 -2.17287707 1.66104717 -1.37976689 0.14016495 0.72063336 -0.63502022 0.24039689
1778701955.28110838 -2.17160400 1.65359032 -1.40152346 0.14034059 0.71835952 -0.63703394 0.24176823
1778701955.29145694 -2.17217256 1.65693617 -1.40370221 0.14047836 0.71817289 -0.63766725 0.24057017
1778701955.30181742 -2.17628910 1.66028223 -1.40301413 0.14009069 0.71862917 -0.63775129 0.23920704
1778701955.31211662 -2.17907423 1.66317884 -1.40524529 0.14003875 0.71885880 -0.63785225 0.23827646
1778701955.32251740 -2.17896663 1.67940603 -1.39527567 0.14090714 0.72010610 -0.63766545 0.23446782
1778701955.33283091 -2.18650708 1.67401678 -1.39687485 0.13947668 0.72013447 -0.63802522 0.23425716
1778701955.34322381 -2.18738842 1.67906196 -1.39997935 0.13981274 0.72000681 -0.63864203 0.23276371
1778701955.35356998 -2.19265585 1.67745301 -1.40468971 0.13911407 0.71983674 -0.63916069 0.23228422
1778701955.36393142 -2.19378774 1.67879015 -1.40946168 0.13919729 0.71945701 -0.63982926 0.23156910
1778701955.36411333 -2.18874791 1.68765289 -1.40939613 0.14053890 0.71940709 -0.64007632 0.23022719
1778701955.37425709 -2.18942436 1.68182536 -1.42426928 0.14041030 0.71766662 -0.64190843 0.23063638
1778701955.38460302 -2.19095741 1.69532215 -1.41552913 0.14069388 0.71819462 -0.64280823 0.22627260
1778701955.39495516 -2.18582839 1.69248568 -1.43435802 0.14184490 0.71630244 -0.64434852 0.22716915
1778701955.40532422 -2.20009298 1.68510727 -1.42983743 0.13906716 0.71674327 -0.64493980 0.22581423
1778701955.41567349 -2.19869015 1.69494742 -1.43114884 0.14046566 0.71785443 -0.64363264 0.22514758
1778701955.42602372 -2.20722880 1.69736770 -1.42664646 0.13917495 0.71822996 -0.64436975 0.22262904
1778701955.43645239 -2.21148355 1.69426730 -1.43391817 0.13855437 0.71746861 -0.64559960 0.22190682
1778701955.44679999 -2.21304242 1.68042917 -1.45575692 0.13808600 0.71525240 -0.64744356 0.22397121
1778701955.45713854 -2.22461803 1.69193269 -1.43466646 0.13688569 0.71832290 -0.64548842 0.22049768
1778701955.46746421 -2.22408992 1.68930872 -1.44925417 0.13734905 0.71712601 -0.64663459 0.22074700
1778701955.47779489 -2.22713099 1.68823498 -1.45539109 0.13721536 0.71701569 -0.64676944 0.22079341
1778701955.48812222 -2.23464072 1.69521962 -1.44507909 0.13650019 0.71867263 -0.64593290 0.21828430
1778701955.49839473 -2.24227794 1.70171568 -1.43658553 0.13590408 0.72052047 -0.64459535 0.21651137
1778701955.50873423 -2.25046199 1.70253876 -1.43388587 0.13481984 0.72129037 -0.64442675 0.21512317
1778701955.51907444 -2.25684896 1.70489618 -1.42943703 0.13401997 0.72219775 -0.64400167 0.21384786
1778701955.52939129 -2.26378831 1.70303241 -1.43161845 0.13296568 0.72222266 -0.64451864 0.21286212
1778701955.53977060 -2.27000991 1.69211441 -1.44683700 0.13167182 0.72070704 -0.64622405 0.21363138
1778701955.55012751 -2.28235807 1.69552712 -1.43021867 0.12964850 0.72275542 -0.64515656 0.21116079
1778701955.55027533 -2.28324991 1.69399385 -1.43308737 0.12949771 0.72255504 -0.64537246 0.21127930
1778701955.56039906 -2.29714866 1.68688538 -1.42749056 0.12663254 0.72287078 -0.64600673 0.20999369
1778701955.57070851 -2.31077639 1.66992503 -1.43694316 0.12344170 0.72131229 -0.64831118 0.21015075
1778701955.58108544 -2.33041714 1.66388783 -1.42144623 0.11948298 0.72268517 -0.64830666 0.20772201
1778701955.59145951 -2.33836863 1.64832269 -1.43549376 0.11731888 0.72045303 -0.65099410 0.20830360
1778701955.60176945 -2.36129781 1.64078360 -1.41574709 0.11259555 0.72215610 -0.65078470 0.20565039
1778701955.61207414 -2.37765743 1.63047207 -1.41127277 0.10889433 0.72173798 -0.65244794 0.20383326
1778701955.62247324 -2.39090908 1.62477216 -1.40418234 0.10604109 0.72193464 -0.65322168 0.20215616
1778701955.62266493 -2.39572961 1.62030127 -1.40398354 0.10486162 0.72160782 -0.65386236 0.20186680
1778701955.63281059 -2.41308149 1.60628043 -1.39820835 0.10081913 0.72139198 -0.65503896 0.20088076
1778701955.64314079 -2.44253583 1.58208939 -1.38469883 0.09401980 0.72187567 -0.65577078 0.20005118
1778701955.65352178 -2.45659294 1.56615964 -1.39223602 0.09063140 0.72004160 -0.65837229 0.19967967
1778701955.66386032 -2.47334739 1.56553993 -1.37280126 0.08701646 0.72104281 -0.65888569 0.19594653
1778701955.67416883 -2.49158998 1.55631947 -1.36223726 0.08280698 0.72084158 -0.66038742 0.19343961
1778701955.68447495 -2.49043476 1.56864622 -1.36219193 0.08445455 0.72273733 -0.65819117 0.19313873
1778701955.69481158 -2.51185834 1.56161340 -1.34313785 0.07971887 0.72367134 -0.65862128 0.19016495
1778701955.70513582 -2.52309214 1.55568381 -1.33888797 0.07728853 0.72356808 -0.65936762 0.18897106
1778701955.71543479 -2.53595239 1.55471478 -1.32905411 0.07620385 0.72734700 -0.65487522 0.19051970
1778701955.72576475 -2.55541016 1.53636422 -1.32719198 0.07012430 0.72301957 -0.66165764 0.18583448
1778701955.73606753 -2.56382696 1.54685721 -1.30749857 0.07008792 0.72787991 -0.65628401 0.18592962
1778701955.74644232 -2.57776120 1.54654865 -1.29345698 0.06731699 0.72892901 -0.65610467 0.18346002
1778701955.75680757 -2.59488514 1.54141362 -1.27790152 0.06377246 0.73018140 -0.65559579 0.18155536
1778701955.76716542 -2.60884875 1.53986728 -1.26361829 0.06072251 0.73067815 -0.65613861 0.17861784
1778701955.77756214 -2.61755203 1.53654709 -1.25912934 0.05832155 0.72934363 -0.65860141 0.17578579
1778701955.78788257 -2.62885125 1.53388395 -1.25085109 0.05574486 0.72900616 -0.65988804 0.17317710
1778701955.79815507 -2.64153151 1.52832129 -1.24249694 0.05240213 0.72776746 -0.66239044 0.16984538
1778701955.80848026 -2.65118108 1.52679379 -1.23218196 0.05043150 0.72849283 -0.66214894 0.16826660
1778701955.81880188 -2.66212302 1.52187620 -1.22594882 0.04749953 0.72715601 -0.66459818 0.16521859
1778701955.82906604 -2.66970299 1.52411773 -1.21785531 0.04571830 0.72672933 -0.66596175 0.16207794
1778701955.83929515 -2.68194922 1.52265592 -1.20332353 0.04306432 0.72761784 -0.66573089 0.15975018
1778701955.84951425 -2.68942870 1.52111528 -1.19653530 0.04115260 0.72719577 -0.66683121 0.15757196
1778701955.85982633 -2.69867665 1.52032750 -1.18703752 0.03879726 0.72689232 -0.66796743 0.15473147
1778701955.87013102 -2.70792350 1.51985328 -1.17625299 0.03658525 0.72724727 -0.66825663 0.15233519
1778701955.88041043 -2.71902830 1.51503860 -1.16359374 0.03364217 0.72736777 -0.66877020 0.15016906
1778701955.89066529 -2.72877447 1.51392115 -1.15168121 0.03117867 0.72780109 -0.66895217 0.14777161
1778701955.90094328 -2.74229052 1.51694417 -1.12419982 0.02800024 0.73026497 -0.66712283 0.14448595
1778701955.91118145 -2.74882619 1.51651058 -1.11559414 0.02639660 0.73092434 -0.66676399 0.14310352
1778701955.92142653 -2.75798604 1.51606866 -1.10249052 0.02410681 0.73195819 -0.66613217 0.14115241
1778701955.93170977 -2.76958030 1.51153209 -1.08813255 0.02111222 0.73296986 -0.66547399 0.13947700
1778701955.94205427 -2.78353000 1.50710145 -1.06689254 0.01692332 0.73332276 -0.66591331 0.13605439
1778701955.95232081 -2.79232942 1.50613295 -1.05164903 0.01481942 0.73494851 -0.66442053 0.13482000
1778701955.96258211 -2.80516345 1.50158268 -1.03217011 0.01113903 0.73579759 -0.66405886 0.13230139
1778701955.97286558 -2.81632860 1.49882372 -1.01384570 0.00791596 0.73674092 -0.66353552 0.12988751
1778701955.98316002 -2.82024391 1.49956762 -1.00851793 0.00669510 0.73674207 -0.66384868 0.12834026
1778701955.99344420 -2.83081528 1.49577731 -0.99268056 0.00347581 0.73715238 -0.66388565 0.12589733
1778701956.00379515 -2.83707367 1.49824060 -0.97935496 0.00145551 0.73755316 -0.66396538 0.12313891
1778701956.01416612 -2.83828938 1.50430295 -0.97363765 0.00084967 0.73753090 -0.66440118 0.12090711
1778701956.01435471 -2.84286613 1.50144631 -0.96630314 -0.00050858 0.73792567 -0.66407610 0.12028459
1778701956.02451730 -2.84527043 1.50504635 -0.96051288 -0.00137225 0.73806075 -0.66424325 0.11851313
1778701956.03485394 -2.84656032 1.51277676 -0.95301690 -0.00217808 0.73797432 -0.66486100 0.11553787
1778701956.04516816 -2.84993482 1.51692736 -0.94484233 -0.00338409 0.73820946 -0.66498050 0.11329730
1778701956.05555224 -2.85042310 1.52050825 -0.94367973 -0.00381120 0.73789694 -0.66558549 0.11175657
1778701956.06592083 -2.85634852 1.52255917 -0.92995101 -0.00591039 0.73839418 -0.66545621 0.10911983
1778701956.07621360 -2.85602733 1.53031334 -0.92550909 -0.00614227 0.73865337 -0.66551504 0.10697289
1778701956.08656669 -2.86158783 1.53192365 -0.91192716 -0.00821244 0.73917633 -0.66531786 0.10441771
1778701956.09689474 -2.86449675 1.53150670 -0.90776795 -0.00985461 0.73796164 -0.66700792 0.10205850
1778701956.10718751 -2.86495068 1.53550441 -0.90610346 -0.01059703 0.73733720 -0.66802481 0.09982190
1778701956.11744428 -2.87012541 1.53540641 -0.89447363 -0.01251323 0.73809148 -0.66742651 0.09801146
1778701956.12772083 -2.86921399 1.53934444 -0.89549076 -0.01258909 0.73783425 -0.66789341 0.09674982
1778701956.13802958 -2.87163546 1.54156815 -0.88862910 -0.01360034 0.73863337 -0.66719030 0.09535660
1778701956.14834452 -2.87202242 1.53946796 -0.89706189 -0.01457081 0.73630481 -0.66997564 0.09367796
1778701956.15871453 -2.87525114 1.54213623 -0.88557162 -0.01552084 0.73819595 -0.66798579 0.09284838
1778701956.16901708 -2.87769097 1.53597340 -0.89224357 -0.01693926 0.73636222 -0.67009748 0.09194082
1778701956.17931390 -2.88005234 1.53170946 -0.89548646 -0.01767775 0.73655705 -0.66984803 0.09205882
1778701956.18964505 -2.88104978 1.53172638 -0.89593585 -0.01843426 0.73639354 -0.67014844 0.09102632
1778701956.19998169 -2.87735933 1.53250158 -0.90950516 -0.01763620 0.73529135 -0.67136836 0.09110499
1778701956.21028161 -2.87366675 1.53434926 -0.92153203 -0.01701906 0.73428304 -0.67253798 0.09072720
1778701956.22060013 -2.86877299 1.53577346 -0.93737926 -0.01594015 0.73322120 -0.67370747 0.09083406
1778701956.23090363 -2.86973973 1.52745770 -0.94952250 -0.01644271 0.73250524 -0.67432774 0.09191191
1778701956.24116302 -2.86072086 1.53256796 -0.97072964 -0.01414195 0.73116465 -0.67576601 0.09240429
1778701956.25146365 -2.85667706 1.52962095 -0.98880127 -0.01323865 0.73034855 -0.67649929 0.09361857
1778701956.26180220 -2.85351235 1.53171289 -0.99627312 -0.01241504 0.73101227 -0.67568865 0.09440214
1778701956.27216864 -2.85048589 1.52031932 -1.02209689 -0.01192064 0.72912823 -0.67739512 0.09677692
1778701956.28268123 -2.84628995 1.51748000 -1.03892239 -0.01091966 0.72912261 -0.67715883 0.09857433
1778701956.29302454 -2.84358574 1.51221866 -1.05410675 -0.01039721 0.72921229 -0.67677335 0.10059401
1778701956.30334520 -2.83511147 1.50304920 -1.08923553 -0.00870748 0.72620594 -0.67966779 0.10296023
1778701956.31365538 -2.83150664 1.50063867 -1.10194194 -0.00796483 0.72618973 -0.67947184 0.10441770
1778701956.32400465 -2.82146253 1.49710327 -1.13230448 -0.00566695 0.72488162 -0.68047771 0.10707293
1778701956.33429575 -2.81575019 1.49096033 -1.15518378 -0.00459678 0.72393605 -0.68112883 0.10935712
1778701956.34458017 -2.81391389 1.48505257 -1.16758755 -0.00464463 0.72307842 -0.68187045 0.11040250
1778701956.34476423 -2.81054440 1.48532475 -1.17565473 -0.00376727 0.72316234 -0.68161888 0.11143487
1778701956.35488081 -2.80375659 1.48323433 -1.19561667 -0.00224123 0.72271980 -0.68174215 0.11357246
1778701956.36517549 -2.79807303 1.47864394 -1.21526642 -0.00136032 0.72210288 -0.68205678 0.11560331
1778701956.37565041 -2.79201603 1.47439781 -1.23495826 -0.00051563 0.72106322 -0.68288721 0.11718628
1778701956.38594675 -2.78419494 1.47435449 -1.25395255 0.00118085 0.72074891 -0.68288402 0.11911772
1778701956.39631534 -2.77521842 1.47092371 -1.27956575 0.00285432 0.71973576 -0.68352078 0.12153862
1778701956.40661407 -2.76679518 1.46914503 -1.30139964 0.00424683 0.71866754 -0.68434479 0.12317118
1778701956.41697288 -2.76175916 1.46713351 -1.31590661 0.00489547 0.71771204 -0.68519129 0.12400951
1778701956.41716957 -2.75924966 1.46688985 -1.32192439 0.00538571 0.71762783 -0.68515221 0.12469053
1778701956.42728019 -2.75254502 1.46696443 -1.33759483 0.00653802 0.71696299 -0.68563984 0.12577497
1778701956.43761158 -2.74445983 1.46672771 -1.35659675 0.00787410 0.71639125 -0.68593429 0.12734098
1778701956.44791412 -2.73411609 1.47121234 -1.37488826 0.00984385 0.71615258 -0.68593383 0.12854320
1778701956.45823288 -2.72665582 1.47270836 -1.38986262 0.01116825 0.71568775 -0.68620094 0.12959392
1778701956.46855092 -2.71591990 1.47534855 -1.41038599 0.01308955 0.71500890 -0.68662119 0.13092854
1778701956.47886229 -2.70800914 1.47459383 -1.42827923 0.01424126 0.71423824 -0.68716429 0.13215959
1778701956.48915911 -2.69699872 1.47754796 -1.44783459 0.01608981 0.71309516 -0.68819355 0.13276314
1778701956.49953365 -2.69072778 1.47889081 -1.45916319 0.01703664 0.71263494 -0.68855669 0.13323243
1778701956.50988221 -2.68264629 1.47767468 -1.47677658 0.01803283 0.71110564 -0.69003600 0.13361852
1778701956.52024746 -2.67630009 1.47576538 -1.49148585 0.01863180 0.70975755 -0.69137081 0.13380389
1778701956.53055573 -2.66976983 1.47247203 -1.50774873 0.01920196 0.70800957 -0.69311641 0.13395289
1778701956.54084826 -2.66506865 1.47193069 -1.51765876 0.01973476 0.70743703 -0.69361695 0.13430899
1778701956.55112147 -2.65966941 1.47241581 -1.52832687 0.02020214 0.70650016 -0.69461666 0.13400411
1778701956.56135917 -2.65064945 1.47326639 -1.54421292 0.02156263 0.70485725 -0.69626875 0.13386989
1778701956.56151605 -2.65161109 1.47156432 -1.54450278 0.02113863 0.70471358 -0.69645482 0.13372591
1778701956.57164931 -2.64861411 1.47232836 -1.55021604 0.02122576 0.70403421 -0.69726511 0.13306637
1778701956.58192158 -2.64437952 1.47177349 -1.55949314 0.02141052 0.70313310 -0.69824953 0.13263874
1778701956.59226346 -2.63967752 1.47277437 -1.56823541 0.02180929 0.70274310 -0.69865251 0.13251857
1778701956.60256290 -2.63709029 1.47428193 -1.57238918 0.02191390 0.70261238 -0.69885248 0.13213950
1778701956.61289930 -2.63293136 1.47635808 -1.57932396 0.02221238 0.70232452 -0.69921557 0.13169839
1778701956.62331796 -2.63110576 1.47785796 -1.58288629 0.02198016 0.70220212 -0.69947940 0.13098713
1778701956.63368797 -2.62856912 1.48006470 -1.58727150 0.02195022 0.70218528 -0.69960020 0.13043610
1778701956.64404225 -2.62764877 1.48180354 -1.58893226 0.02176700 0.70254629 -0.69928807 0.13019640
1778701956.65439701 -2.62681529 1.48481996 -1.58997492 0.02146835 0.70317637 -0.69874231 0.12977399
1778701956.66465020 -2.62525964 1.49071931 -1.58957527 0.02145469 0.70429586 -0.69769255 0.12935281
1778701956.67493963 -2.62563113 1.49317904 -1.58860446 0.02106040 0.70497347 -0.69708732 0.12898891
1778701956.68529272 -2.62443114 1.49330911 -1.59313459 0.02044773 0.70353411 -0.69892000 0.12701370
1778701956.69565082 -2.62423039 1.50125650 -1.58864131 0.02050197 0.70629583 -0.69600108 0.12770424
1778701956.70601559 -2.62827559 1.50222995 -1.58333982 0.01911524 0.70703124 -0.69547248 0.12672595
1778701956.71631861 -2.62715194 1.50541672 -1.58453111 0.01917009 0.70786837 -0.69459873 0.12683640
1778701956.72662544 -2.63166574 1.50330391 -1.58134892 0.01758363 0.70798774 -0.69469235 0.12588370
1778701956.73690271 -2.63459436 1.50528743 -1.57688814 0.01644893 0.70838941 -0.69454879 0.12456266
1778701956.74723363 -2.63459961 1.50518901 -1.57935929 0.01612331 0.70833254 -0.69467042 0.12424998
1778701956.75746369 -2.63875186 1.50338928 -1.57617969 0.01459109 0.70819955 -0.69505937 0.12301616
1778701956.76775360 -2.64155935 1.50379911 -1.57389655 0.01346377 0.70809163 -0.69544106 0.12160059
1778701956.77807331 -2.64415029 1.50636079 -1.56929565 0.01259210 0.70834899 -0.69543751 0.12020739
1778701956.77822399 -2.64561503 1.50532366 -1.56855119 0.01213906 0.70830613 -0.69553694 0.11993092
1778701956.78831220 -2.65055891 1.50227212 -1.56492050 0.01061001 0.70825706 -0.69576657 0.11903042
1778701956.79857731 -2.65539620 1.50091143 -1.56056186 0.00862205 0.70642114 -0.69826171 0.11543581
1778701956.80884242 -2.66018711 1.50334384 -1.55254680 0.00690416 0.70569183 -0.69956592 0.11206650
1778701956.81919265 -2.66514494 1.50133582 -1.54797989 0.00544101 0.70586149 -0.69955420 0.11114799
1778701956.82951832 -2.67349356 1.50107294 -1.53690390 0.00321436 0.70666110 -0.69901476 0.10953591
1778701956.83981490 -2.67923993 1.50111216 -1.52980914 0.00152198 0.70692862 -0.69901264 0.10784683
1778701956.85006833 -2.68542746 1.49991486 -1.52248116 -0.00015585 0.70736613 -0.69874604 0.10671041
1778701956.86038232 -2.69209396 1.50005460 -1.51386894 -0.00199987 0.70798227 -0.69834831 0.10519862
1778701956.87067175 -2.69834807 1.49984299 -1.50622129 -0.00376134 0.70840778 -0.69814426 0.10362848
1778701956.88096380 -2.70806511 1.49892878 -1.49304528 -0.00629750 0.70924811 -0.69754092 0.10180437
1778701956.89126730 -2.71329056 1.49971298 -1.48542211 -0.00774620 0.70958482 -0.69741138 0.10023350
1778701956.90156555 -2.72122252 1.49865061 -1.47550255 -0.00989307 0.71000680 -0.69721476 0.09840759
1778701956.91187000 -2.72893651 1.50052077 -1.46326894 -0.01189589 0.71094884 -0.69649277 0.09647826
1778701956.92216682 -2.73445102 1.50086782 -1.45570844 -0.01336326 0.71135601 -0.69624487 0.09506387
1778701956.93243122 -2.74039889 1.50309631 -1.44621717 -0.01499153 0.71188290 -0.69595041 0.09301084
1778701956.94274640 -2.75174041 1.50191005 -1.43010315 -0.01785601 0.71293300 -0.69506953 0.09102775
1778701956.95310855 -2.75800201 1.50500302 -1.41968899 -0.01949220 0.71344688 -0.69479262 0.08875151
1778701956.96337414 -2.76485376 1.50533800 -1.40939947 -0.02124884 0.71393296 -0.69445739 0.08704686
1778701956.97373438 -2.77218722 1.50810925 -1.39695395 -0.02314016 0.71454670 -0.69406533 0.08462191
1778701956.98404336 -2.78050374 1.50892195 -1.38475944 -0.02528327 0.71493510 -0.69387465 0.08225889
1778701956.99438238 -2.78550900 1.51063384 -1.37687974 -0.02659783 0.71504188 -0.69394342 0.08031315
1778701957.00467587 -2.79213167 1.51374284 -1.36542383 -0.02829389 0.71545057 -0.69374237 0.07779112
1778701957.01494980 -2.79965112 1.51394857 -1.35541103 -0.03024480 0.71544368 -0.69393319 0.07538116
1778701957.02539515 -2.80598629 1.51803772 -1.34378620 -0.03188820 0.71559896 -0.69401330 0.07243485
1778701957.03578424 -2.81286899 1.51809687 -1.33394644 -0.03363671 0.71571411 -0.69401530 0.07046022
1778701957.04612899 -2.82244217 1.51832825 -1.31958962 -0.03609533 0.71583001 -0.69405734 0.06759393
1778701957.05633521 -2.82463320 1.52222265 -1.31569903 -0.03665972 0.71555773 -0.69450354 0.06555941
1778701957.05650926 -2.82626964 1.52240830 -1.31385079 -0.03705474 0.71551108 -0.69458493 0.06498164
1778701957.06663203 -2.83335168 1.52218106 -1.30412857 -0.03887231 0.71532954 -0.69487758 0.06275140
1778701957.07693863 -2.84161472 1.52119754 -1.29456574 -0.04097317 0.71486875 -0.69546390 0.06011509
1778701957.08724284 -2.84865997 1.51959497 -1.28868667 -0.04274530 0.71400403 -0.69645593 0.05762139
1778701957.09759879 -2.85820962 1.51206328 -1.28485589 -0.04510649 0.71276942 -0.69771824 0.05580691
1778701957.10788560 -2.85535139 1.53320980 -1.27108349 -0.04340668 0.71849804 -0.69183943 0.05687383
1778701957.11819816 -2.86016386 1.53770782 -1.26329136 -0.04451650 0.71828943 -0.69221045 0.05406724
1778701957.12865138 -2.86631741 1.53951682 -1.25544147 -0.04599423 0.71798992 -0.69262151 0.05148262
1778701957.13893723 -2.87004341 1.54326545 -1.24907840 -0.04687075 0.71778801 -0.69293717 0.04920954
1778701957.14931154 -2.87514831 1.54771149 -1.24097948 -0.04822671 0.71676062 -0.69416108 0.04548403
1778701957.15960693 -2.88342444 1.54996857 -1.22772141 -0.05085491 0.71408668 -0.69708540 0.03957191
1778701957.16986823 -2.89094135 1.55255371 -1.21619842 -0.05273067 0.71363719 -0.69758437 0.03629713
1778701957.18030739 -2.89203930 1.56031291 -1.21180646 -0.05292921 0.71325660 -0.69809117 0.03364884
1778701957.19066858 -2.90561381 1.55544695 -1.19593240 -0.05642848 0.71220380 -0.69904988 0.03018008
1778701957.20095634 -2.92100928 1.54624811 -1.18096530 -0.06039745 0.71075946 -0.70031555 0.02704194
1778701957.21131706 -2.92123407 1.55384052 -1.17900091 -0.06035337 0.71020261 -0.70097517 0.02456684
1778701957.21149659 -2.92134113 1.55696464 -1.17728014 -0.06033593 0.71033811 -0.70086362 0.02386496
1778701957.22162366 -2.92440061 1.56249909 -1.17067321 -0.06106394 0.71007034 -0.70115195 0.02138331
1778701957.23191690 -2.92846348 1.56689805 -1.16589634 -0.06204302 0.70899141 -0.70224634 0.01821888
1778701957.24221730 -2.93783551 1.57147057 -1.14789681 -0.06456329 0.70845761 -0.70265509 0.01397243
1778701957.25250506 -2.94570165 1.57021587 -1.13846175 -0.06659281 0.70754516 -0.70343094 0.01140839
1778701957.26279473 -2.95055338 1.57287674 -1.13515051 -0.06769985 0.70633280 -0.70458251 0.00861305
1778701957.27310109 -2.95970621 1.57439059 -1.12225318 -0.07006161 0.70551111 -0.70520799 0.00520933
1778701957.28343916 -2.96382005 1.57798044 -1.11655138 0.07109928 -0.70474722 0.70588175 -0.00268310
1778701957.28361678 -2.96562718 1.57981019 -1.11243886 0.07162736 -0.70452110 0.70605752 -0.00152045
1778701957.29379058 -2.97231553 1.58026827 -1.10402335 0.07330558 -0.70424243 0.70616480 0.00041302
1778701957.30412054 -2.98032189 1.58264635 -1.09201749 0.07545859 -0.70350760 0.70666074 0.00369602
1778701957.31442571 -2.98864165 1.58698544 -1.07675034 0.07772772 -0.70324240 0.70665286 0.00708976
1778701957.32476282 -2.99448214 1.58171435 -1.07993195 0.07889745 -0.70187609 0.70787176 0.00791948
1778701957.33505845 -3.00192973 1.59263338 -1.05549338 0.08142555 -0.70208538 0.70730638 0.01279359
1778701957.34534526 -3.01111104 1.59488572 -1.03989202 0.08397486 -0.70194544 0.70708679 0.01578287
1778701957.35567737 -3.01889722 1.59407213 -1.02905953 0.08609797 -0.70161424 0.70711236 0.01779657
1778701957.35582733 -3.02024116 1.59479760 -1.02765526 0.08644124 -0.70146492 0.70720355 0.01838520
1778701957.36602283 -3.02663801 1.59920825 -1.01305739 0.08836547 -0.70159163 0.70676638 0.02102382
1778701957.37635517 -3.03636058 1.59721450 -1.00119530 0.09101474 -0.70097924 0.70696215 0.02342957
1778701957.38670945 -3.04605977 1.59780039 -0.98506943 0.09382107 -0.70074123 0.70673247 0.02624008
1778701957.39702463 -3.05381360 1.59488361 -0.97622280 0.09598728 -0.69995912 0.70714461 0.02810990
1778701957.40736485 -3.06372972 1.58919393 -0.96954362 0.09851952 -0.69885452 0.70781876 0.02981390
1778701957.41765475 -3.07378790 1.59372236 -0.94173294 0.10209983 -0.69875339 0.70720714 0.03431305
1778701957.42790484 -3.08215986 1.58520227 -0.93999726 0.10410907 -0.69757591 0.70804359 0.03497754
1778701957.43824863 -3.09085456 1.58835556 -0.91655264 0.10734401 -0.69695009 0.70795068 0.03928964
1778701957.44854093 -3.09969710 1.58626440 -0.90224449 0.11016114 -0.69599271 0.70829504 0.04215219
1778701957.45899677 -3.11095251 1.57944126 -0.88654514 0.11368396 -0.69460176 0.70893237 0.04493594
1778701957.46927500 -3.11887364 1.57275079 -0.87884432 0.11605403 -0.69328773 0.70972582 0.04661377
1778701957.47956657 -3.12867727 1.56839383 -0.86245818 0.11935587 -0.69189137 0.71033024 0.04971375
1778701957.48981929 -3.14007939 1.55787379 -0.84981596 0.12290385 -0.69009576 0.71130906 0.05197985
1778701957.50012255 -3.14966290 1.54923799 -0.83724811 0.12596860 -0.68886040 0.71183587 0.05378619
1778701957.50060511 -3.15124567 1.54912508 -0.83427815 0.12656307 -0.68842407 0.71208818 0.05463069
1778701957.51075387 -3.16115642 1.53992456 -0.82046002 0.12977912 -0.68740545 0.71236512 0.05627666
1778701957.52100420 -3.17257902 1.53102868 -0.80216759 0.13372618 -0.68578595 0.71296864 0.05908174
1778701957.53128862 -3.18508393 1.51823387 -0.78692428 0.13720500 -0.68676992 0.71138249 0.05879466
1778701957.54161549 -3.18950493 1.52782516 -0.75388191 0.13965700 -0.69021068 0.70738980 0.06086714
1778701957.55192661 -3.18941671 1.53914900 -0.74025877 0.14050142 -0.69087196 0.70631877 0.06378932
1778701957.56228352 -3.19803643 1.53770394 -0.71494742 0.14420729 -0.69046072 0.70566285 0.06714310
1778701957.57266235 -3.21107677 1.52826703 -0.68528603 0.14927463 -0.68978930 0.70497908 0.07008789
1778701957.58296371 -3.21870838 1.52394127 -0.66586558 0.15238228 -0.68969193 0.70421553 0.07200811
1778701957.59323788 -3.22559928 1.52628904 -0.63521772 0.15603324 -0.69036349 0.70240608 0.07534970
1778701957.60350323 -3.23211187 1.52799388 -0.60656275 0.15952152 -0.69097905 0.70067711 0.07843742
1778701957.61381316 -3.23681561 1.53027961 -0.58234212 0.16228538 -0.69160264 0.69913611 0.08098112
1778701957.62408710 -3.24365607 1.53108135 -0.55040641 0.16621314 -0.69207358 0.69734969 0.08432535
1778701957.63441443 -3.25119804 1.52986706 -0.51667137 0.17055023 -0.69228871 0.69566255 0.08776433
1778701957.64471412 -3.25664038 1.53118529 -0.48748522 0.17418879 -0.69220893 0.69438447 0.09129771
1778701957.65498495 -3.26128140 1.52962765 -0.46801015 0.17697586 -0.69173062 0.69383494 0.09370893
1778701957.66530704 -3.26889031 1.52465740 -0.43902003 0.18129192 -0.69098413 0.69302515 0.09690369
1778701957.67555690 -3.27698690 1.51957345 -0.40071512 0.18645173 -0.69065536 0.69145772 0.10058404
1778701957.68581748 -3.28153713 1.51714962 -0.37621976 -0.18966217 0.69052836 -0.69035257 -0.10301536
1778701957.69608927 -3.28674937 1.51406984 -0.34762399 -0.19364288 0.68965668 -0.68960053 -0.10642938
1778701957.70638824 -3.29001289 1.51438710 -0.32129294 0.19711112 -0.68848810 0.68918429 0.11025586
1778701957.71670866 -3.28942330 1.51944985 -0.30717650 0.19849686 -0.68818634 0.68867852 0.11278504
1778701957.72699738 -3.28781021 1.52844785 -0.27955113 -0.20072729 0.68893347 -0.68668987 -0.11634541
1778701957.73729253 -3.29831212 1.51334628 -0.23184223 -0.20786393 0.68760369 -0.68523028 -0.12022156
1778701957.74755096 -3.30212305 1.50842121 -0.21288306 0.21130870 -0.68520853 0.68597995 0.12356946
1778701957.75791740 -3.30510129 1.50369351 -0.20491602 0.21348757 -0.68287541 0.68723161 0.12576540
1778701957.76825643 -3.30016000 1.51654747 -0.18889272 0.21434473 -0.68276853 0.68639220 0.12941877
1778701957.77856803 -3.29483673 1.53020436 -0.15552447 -0.21627089 0.68506818 -0.68281822 -0.13292011
1778701957.78894329 -3.29387001 1.53387338 -0.12114824 -0.21938082 0.68639076 -0.67991888 -0.13583115
1778701957.78919506 -3.29391077 1.53417281 -0.11110217 -0.22045161 0.68647519 -0.67928900 -0.13681870
1778701957.79932809 -3.30814851 1.50457084 -0.07790539 0.22826650 -0.68122797 0.68131029 0.14013973
1778701957.80964041 -3.31500530 1.48937014 -0.07050653 0.23187159 -0.67733153 0.68356105 0.14213319
1778701957.81993151 -3.31018770 1.49960904 -0.06229806 0.23236554 -0.67665146 0.68343491 0.14514054
1778701957.83024144 -3.31607626 1.48593131 -0.03032044 0.23758874 -0.67503669 0.68269524 0.14766270
1778701957.84049106 -3.31605625 1.48384332 0.00634218 0.24189645 -0.67508610 0.68039741 0.15101071
1778701957.85075712 -3.31556722 1.48265931 0.03297817 0.24526695 -0.67450206 0.67908974 0.15403969
1778701957.86103821 -3.31587214 1.47999395 0.05060487 0.24789120 -0.67335400 0.67874332 0.15637088
1778701957.87132597 -3.31356061 1.48134485 0.08096059 0.25134745 -0.67283137 0.67714863 0.15997542
1778701957.88157654 -3.31195866 1.48146201 0.10330653 0.25428435 -0.67169445 0.67642647 0.16313575
1778701957.89188480 -3.30232454 1.50189451 0.11248767 0.25366248 -0.67162629 0.67579077 0.16697399
1778701957.89204144 -3.30377450 1.49736139 0.11902579 0.25497047 -0.67111864 0.67569877 0.16739472
1778701957.90213585 -3.30128559 1.49961891 0.13517501 0.25689086 -0.67030616 0.67513974 0.16995022
1778701957.91236424 -3.30162040 1.49028034 0.17411641 0.26207735 -0.67000499 0.67274696 0.17268553
1778701957.92267728 -3.29317844 1.50609725 0.18636402 0.26248695 -0.66919945 0.67232165 0.17679449
1778701957.93301487 -3.29449062 1.49966891 0.19658028 0.26495027 -0.66704354 0.67302094 0.17859755
1778701957.94331050 -3.29086446 1.50206966 0.20927782 0.26658067 -0.66633366 0.67246685 0.18089373
1778701957.95361924 -3.29290370 1.49002426 0.23856904 0.27127644 -0.66472777 0.67156480 0.18315787
1778701957.96391678 -3.29044493 1.48802313 0.26020788 0.27432916 -0.66346490 0.67079569 0.18598652
1778701957.97427797 -3.28825739 1.48669008 0.27464585 0.27671027 -0.66189726 0.67067156 0.18847573
1778701957.98465657 -3.27639651 1.50725287 0.28871498 0.27671033 -0.66155956 0.66971164 0.19301987
1778701957.99502945 -3.27297314 1.50622226 0.30912764 0.27959912 -0.65994999 0.66921371 0.19606977
1778701958.00539517 -3.27457112 1.49626418 0.32185165 0.28252702 -0.65800964 0.66950035 0.19741095
1778701958.01570821 -3.27046445 1.49811722 0.33554120 0.28449779 -0.65641157 0.66938398 0.20027466
1778701958.02602577 -3.26551467 1.50096891 0.35032734 0.28643763 -0.65498210 0.66905570 0.20326438
1778701958.03633976 -3.26238184 1.50101431 0.36363129 0.28830949 -0.65382454 0.66871662 0.20544876
1778701958.03652406 -3.26230075 1.49889691 0.36730430 0.28904309 -0.65348659 0.66862019 0.20580673
1778701958.04663610 -3.24866509 1.52574841 0.36973071 0.28712742 -0.65358483 0.66808107 0.20988663
1778701958.05699420 -3.24447748 1.52623369 0.38359123 0.28921265 -0.65196257 0.66791268 0.21258764
1778701958.06728220 -3.24438156 1.51676609 0.39936223 0.29247805 -0.64996073 0.66787893 0.21434874
1778701958.07758689 -3.24214938 1.51585860 0.40621123 0.29391251 -0.64835853 0.66822383 0.21615636
1778701958.08794451 -3.23808667 1.51632105 0.41806741 0.29579539 -0.64685945 0.66805605 0.21858419
1778701958.09824729 -3.23540761 1.51405344 0.42806853 0.29778870 -0.64518273 0.66812808 0.22060372
1778701958.10864711 -3.23822147 1.49853960 0.44258246 0.30185745 -0.64165847 0.66913586 0.22229190
1778701958.11900067 -3.22265458 1.53348970 0.43029276 0.29767166 -0.64245572 0.66904621 0.22587474
1778701958.12931967 -3.21921936 1.53290644 0.44001891 0.29958056 -0.64044415 0.66931222 0.22826286
1778701958.13967061 -3.22216985 1.51573872 0.45589672 0.30369196 -0.63788206 0.66957831 0.22922165
1778701958.15001988 -3.22860901 1.51198581 0.41942949 0.30208473 -0.63282514 0.67508368 0.22921426
1778701958.16037250 -3.20571932 1.53386788 0.48269341 0.30555440 -0.63765671 0.66706304 0.23464300
1778701958.17068553 -3.19919776 1.54044863 0.49198594 0.30671404 -0.63630366 0.66683108 0.23744570
1778701958.18098259 -3.20530341 1.53121770 0.47256779 0.30732552 -0.63161485 0.67084889 0.23785599
1778701958.19125485 -3.21487614 1.52226907 0.43506037 0.30626242 -0.62588655 0.67683732 0.23740389
1778701958.20153403 -3.20894535 1.52290558 0.45879387 0.30914915 -0.62560799 0.67492738 0.23982174
1778701958.21183896 -3.20838200 1.51475564 0.47654329 0.31264263 -0.62375713 0.67443895 0.24148236
1778701958.22219372 -3.19338689 1.55607243 0.44556894 0.30645356 -0.62379319 0.67598849 0.24496495
1778701958.23254037 -3.18666490 1.55521331 0.47796660 0.31027374 -0.62384474 0.67322542 0.24761963
1778701958.24288630 -3.19079818 1.54054614 0.48577895 0.31362418 -0.62100170 0.67409145 0.24818839
1778701958.25324035 -3.18595655 1.54410547 0.49602500 0.31521107 -0.61986718 0.67356753 0.25042653
1778701958.26361084 -3.16848082 1.57856835 0.49651419 0.31238931 -0.62115815 0.67208942 0.25469840
1778701958.27391100 -3.17200488 1.55988400 0.51841682 0.31733378 -0.61875549 0.67168254 0.25550632
1778701958.28420591 -3.16043324 1.56765796 0.55070201 0.32012142 -0.61982378 0.66812359 0.25875013
1778701958.29450345 -3.16223376 1.56833434 0.53847829 0.32055712 -0.61443858 0.67188583 0.26130020
1778701958.29468560 -3.16187127 1.57007702 0.53489486 0.32052781 -0.61294311 0.67290308 0.26222912
1778701958.30481625 -3.14389202 1.57460004 0.60253111 0.32588259 -0.61803431 0.66441389 0.26530796
1778701958.31512284 -3.13786182 1.58179818 0.60556221 0.32619993 -0.61772734 0.66383955 0.26706477
1778701958.32537580 -3.13485929 1.58720652 0.60365980 0.32710126 -0.61316422 0.66615762 0.27068142
1778701958.33572650 -3.14034319 1.58727811 0.57520356 0.32605789 -0.60744720 0.67129706 0.27212941
1778701958.34602332 -3.13897475 1.58627568 0.57589867 0.32669231 -0.60775712 0.67064027 0.27229587
1778701958.35632563 -3.11451194 1.61278381 0.61655213 0.32784766 -0.61183264 0.66436785 0.27711386
1778701958.36665821 -3.10982778 1.60553293 0.64892170 0.33216900 -0.61115550 0.66195656 0.27922433
1778701958.37702703 -3.12573154 1.60248427 0.58272670 0.32822025 -0.60427159 0.67059785 0.27825500
1778701958.38728333 -3.09096578 1.61595375 0.69532051 0.33726202 -0.60894568 0.65840626 0.28625283
1778701958.39758110 -3.09373798 1.61604323 0.67835206 0.33655988 -0.60742523 0.66014094 0.28631448
1778701958.40784359 -3.09393642 1.62283452 0.65966208 0.33464773 -0.60724491 0.66126026 0.28635534
1778701958.41807747 -3.09365637 1.62504751 0.65132130 0.33447222 -0.60617190 0.66199327 0.28713912
1778701958.42834902 -3.08260336 1.63678957 0.66673035 0.33506636 -0.60813824 0.65896212 0.28925307
1778701958.43860865 -3.07930644 1.63331553 0.68714723 0.33822852 -0.60597115 0.65820496 0.29183327
1778701958.44887042 -3.07350974 1.64074679 0.68913603 0.33779081 -0.60849212 0.65599560 0.29206930
1778701958.45912099 -3.06283587 1.64494854 0.71826570 0.34018926 -0.61106296 0.65157515 0.29380801
1778701958.46939754 -3.06437632 1.63684865 0.72757838 0.34230535 -0.61089269 0.65065320 0.29374747
1778701958.47973943 -3.06446928 1.65544035 0.68628160 0.33752087 -0.61037825 0.65351653 0.29399694
1778701958.48999023 -3.03807368 1.66029038 0.77256054 0.34472906 -0.61455484 0.64339616 0.29920830
1778701958.50031590 -3.04985921 1.66036778 0.72797344 0.34173931 -0.61235853 0.64788160 0.29745707
1778701958.51074123 -3.02967657 1.67477014 0.76882978 0.34327596 -0.61809229 0.64057914 0.29963629
1778701958.52104735 -3.03124381 1.68145566 0.74883479 0.34165495 -0.61715923 0.64218724 0.29996987
1778701958.53147221 -3.03617759 1.67906644 0.73474584 0.34156676 -0.61541556 0.64391704 0.29994447
1778701958.54184985 -3.02839619 1.68974606 0.74000950 0.34097199 -0.61762345 0.64169800 0.30083724
1778701958.55215240 -3.01237953 1.70454688 0.76505812 0.34205343 -0.61951810 0.63775759 0.30407570
1778701958.56248617 -3.00727785 1.70156611 0.78700268 0.34439228 -0.62127414 0.63449659 0.30467438
1778701958.57278681 -3.00221250 1.71903414 0.76880657 0.34222556 -0.61915837 0.63648337 0.30726780
1778701958.58309197 -3.00474893 1.72012962 0.75700670 0.34195510 -0.61712408 0.63827627 0.30794153
1778701958.59341598 -2.99137230 1.73692438 0.76732959 0.34143641 -0.61882141 0.63567268 0.31048588
1778701958.60371757 -2.98686687 1.74211300 0.77017813 0.34172505 -0.61879524 0.63490014 0.31179842
1778701958.61406827 -2.98424893 1.74537894 0.77138091 0.34194945 -0.61856713 0.63452665 0.31276382
1778701958.61426282 -2.98289527 1.75203208 0.76166599 0.34091493 -0.61730086 0.63581948 0.31376783
1778701958.62443447 -2.98018371 1.75207405 0.76942165 0.34179026 -0.61799354 0.63444118 0.31424161
1778701958.63475037 -2.97615577 1.76005895 0.76414248 0.34122689 -0.61727265 0.63468396 0.31577676
1778701958.64504933 -2.97577745 1.75914398 0.76427401 0.34191932 -0.61674222 0.63454101 0.31635094
1778701958.65537882 -2.97458933 1.75960535 0.76512268 0.34233772 -0.61659609 0.63420842 0.31684986
1778701958.66578293 -2.98352201 1.75206058 0.74629397 0.34217812 -0.61481150 0.63653122 0.31583059
1778701958.67609382 -2.97994483 1.75172383 0.75544815 0.34345483 -0.61503579 0.63517079 0.31674568
1778701958.68644857 -2.97488971 1.75078613 0.77036778 0.34528125 -0.61544528 0.63320024 0.31790787
1778701958.69680762 -2.97676187 1.74438147 0.77413223 0.34689046 -0.61420206 0.63334046 0.31828084
1778701958.70710397 -2.97525844 1.74679608 0.77000568 0.34673173 -0.61431127 0.63311696 0.31868744
1778701958.71738005 -2.98355377 1.74314060 0.74501324 0.34570527 -0.61236861 0.63596516 0.31786926
1778701958.72768664 -2.97880099 1.74360149 0.75727735 0.34697720 -0.61312208 0.63410582 0.31874432
1778701958.73797202 -2.97958796 1.73803329 0.76175459 0.34838565 -0.61308923 0.63336179 0.31875050
1778701958.74822974 -2.98170239 1.73481591 0.75765883 0.34880538 -0.61295391 0.63337460 0.31852617
1778701958.75852227 -2.99092171 1.73281419 0.72745616 0.34700780 -0.61108954 0.63670159 0.31743699
1778701958.76878953 -2.99597268 1.72165672 0.73078473 0.34884050 -0.61098728 0.63622536 0.31657881
1778701958.77904391 -2.98492585 1.73691720 0.73541893 0.34766901 -0.61391909 0.63340912 0.31784035
1778701958.78933334 -2.98421832 1.73969801 0.73023623 0.34719551 -0.61480879 0.63283603 0.31777977
1778701958.79961872 -3.00241592 1.73569535 0.67128214 0.34340128 -0.61054019 0.64000441 0.31576983
1778701958.80990434 -2.98502514 1.74747000 0.70822695 0.34523995 -0.61468160 0.63384768 0.31813994
1778701958.82020593 -2.96699237 1.76893515 0.72395469 0.34409117 -0.61900785 0.62917311 0.32026825
1778701958.83046174 -2.97947258 1.75884510 0.70112759 0.34409758 -0.61537843 0.63305082 0.31961367
1778701958.84074044 -2.99599349 1.76376366 0.62478700 0.33862681 -0.60788483 0.64310024 0.31973425
1778701958.85101771 -2.97757958 1.77144934 0.67762042 0.34201823 -0.61334543 0.63503051 0.32181853
1778701958.86132455 -2.97622625 1.77928643 0.66347685 0.34045327 -0.61254263 0.63616212 0.32277060
1778701958.87155867 -2.99373465 1.77087701 0.61290432 0.33794237 -0.60759614 0.64292147 0.32136252
1778701958.88183570 -3.01483874 1.75496808 0.56286874 0.33592563 -0.60316155 0.64939617 0.31880203
1778701958.89212966 -3.00919096 1.76642915 0.55603556 0.33468826 -0.60286401 0.64939059 0.32067213
1778701958.90236664 -2.99723592 1.78225482 0.56482563 0.33454114 -0.60239702 0.64812033 0.32425313
1778701958.91263604 -2.99296250 1.78911351 0.56298386 0.33437065 -0.60156633 0.64802567 0.32615480
1778701958.92294097 -3.00522078 1.78128453 0.52674209 0.33250037 -0.59916008 0.65200829 0.32455491
1778701958.93322992 -3.00576622 1.78374193 0.51506182 0.33154254 -0.59886256 0.65266971 0.32475440
1778701958.94352603 -3.01164994 1.77370262 0.51364736 0.33274427 -0.59894053 0.65249445 0.32373211
1778701958.95380282 -3.00410950 1.78149137 0.52348784 0.33323779 -0.60011441 0.65032897 0.32540359
1778701958.96411371 -3.00384441 1.78592197 0.51018028 0.33293161 -0.59538144 0.65328315 0.32847923
1778701958.97437310 -3.01327212 1.76305435 0.53041888 0.33733501 -0.59594359 0.65136607 0.32676990
1778701958.98462152 -2.99776833 1.78296241 0.54344317 0.33681883 -0.59873812 0.64773594 0.32939929
1778701958.99484348 -3.00023348 1.78518741 0.52462160 0.33531899 -0.59819899 0.64910495 0.32921409
1778701958.99503803 -3.00797451 1.77541141 0.51542044 0.33582328 -0.59633326 0.65093172 0.32847718
1778701959.00519490 -3.00341770 1.77965513 0.52453766 0.33685968 -0.59607358 0.64973676 0.33024837
1778701959.01541090 -3.00982949 1.76934951 0.52174386 0.33857399 -0.59374786 0.65082379 0.33054428
1778701959.02563477 -3.00520937 1.77474241 0.52585634 0.33893474 -0.59471834 0.64922432 0.33157369
1778701959.03589082 -3.00780361 1.76895484 0.52916857 0.34048296 -0.59337667 0.64931356 0.33221588
1778701959.04610968 -3.00760081 1.76781490 0.53165508 0.34159946 -0.59285621 0.64877161 0.33305663
1778701959.05635571 -3.00911030 1.76435005 0.53243776 0.34295150 -0.59118979 0.64901673 0.33414995
1778701959.06660724 -3.00414263 1.77188340 0.53336110 0.34278101 -0.59165192 0.64803493 0.33541008
1778701959.07692862 -3.01228434 1.75749693 0.53446139 0.34541851 -0.58875446 0.64915486 0.33563701
1778701959.08717680 -3.01428814 1.74878037 0.54686062 0.34835228 -0.58744705 0.64834056 0.33646869
1778701959.09750938 -3.01696508 1.74088089 0.55368984 0.35075977 -0.58566427 0.64821473 0.33731678
1778701959.10779214 -3.01767163 1.73763070 0.55793694 0.35218691 -0.58471699 0.64792953 0.33802034
1778701959.11807299 -3.01918086 1.73085181 0.56685856 0.35466962 -0.58317944 0.64745545 0.33898767
1778701959.12831402 -3.01294257 1.73985400 0.56857530 0.35443439 -0.58394018 0.64620149 0.34031421
1778701959.13857746 -3.02715997 1.71037902 0.58144544 0.35995740 -0.57884124 0.64774090 0.34030166
1778701959.14886999 -3.02279556 1.71078401 0.59704327 0.36245701 -0.57752739 0.64633985 0.34253735
1778701959.15911579 -3.02511915 1.70227710 0.60605304 0.36510869 -0.57572665 0.64600301 0.34338693
1778701959.16936994 -3.02578058 1.69775559 0.61289209 0.36694047 -0.57450706 0.64561856 0.34419908
1778701959.17961383 -3.02176885 1.69838480 0.62608305 0.36921831 -0.57287012 0.64453504 0.34651442
1778701959.18986440 -3.02308907 1.68893866 0.64008156 0.37234040 -0.57151838 0.64353881 0.34725663
1778701959.20017290 -3.02569179 1.68182212 0.64430048 0.37416155 -0.56986207 0.64367010 0.34777745
1778701959.21039486 -3.02208734 1.68059123 0.65851366 0.37662980 -0.56817425 0.64255930 0.34992222
1778701959.22066188 -3.02317654 1.67309825 0.66783674 0.37911555 -0.56646296 0.64209786 0.35085817
1778701959.23094535 -3.01946940 1.67391498 0.67772857 0.38078891 -0.56460879 0.64156371 0.35300529
1778701959.24125195 -3.01654598 1.67151553 0.69041175 0.38321677 -0.56237007 0.64087597 0.35519403
1778701959.25153828 -3.01431316 1.66945007 0.69955182 0.38526334 -0.56020912 0.64045211 0.35715402
1778701959.26186371 -3.01283991 1.66958546 0.70174478 0.38647728 -0.55779430 0.64072152 0.35913335
1778701959.27210188 -3.01220495 1.66691358 0.70733044 0.38799464 -0.55609454 0.64058886 0.36036778
1778701959.28232861 -3.00396590 1.66962829 0.72687420 0.39057565 -0.55451305 0.63871541 0.36332983
1778701959.29264522 -3.00382335 1.66273213 0.73735052 0.39307885 -0.55292568 0.63799830 0.36430808
1778701959.30301762 -2.99212483 1.66194801 0.77639541 0.39712185 -0.55479078 0.63296763 0.36585983
1778701959.30317521 -2.99397252 1.65869691 0.77519007 0.39738284 -0.55518503 0.63281965 0.36523384
1778701959.31328583 -2.99462658 1.65261585 0.78225711 0.39908981 -0.55511039 0.63184605 0.36517167
1778701959.32358384 -2.98873094 1.65495218 0.79394717 0.40079492 -0.55460658 0.63018249 0.36694004
1778701959.33392930 -2.98778787 1.65159657 0.80043023 0.40227765 -0.55417229 0.62934037 0.36741866
1778701959.34426618 -2.98475003 1.64904642 0.81136811 0.40428708 -0.55389886 0.62779225 0.36827286
1778701959.35452533 -2.97689359 1.65405265 0.82385347 0.40581944 -0.55365642 0.62581884 0.37030519
1778701959.36483622 -2.97286477 1.65236216 0.83585171 0.40778230 -0.55387041 0.62389348 0.37107694
1778701959.37509108 -2.97085097 1.64885331 0.84558623 0.40951144 -0.55403163 0.62245203 0.37135267
1778701959.38535333 -2.96464620 1.64775005 0.86236749 0.41193490 -0.55398807 0.62011702 0.37264157
1778701959.39562845 -2.96060364 1.64573018 0.87376215 0.41385498 -0.55433196 0.61817060 0.37323618
1778701959.40588593 -2.95667751 1.64466524 0.88432488 0.41544565 -0.55455060 0.61651540 0.37388139
1778701959.40605903 -2.95496946 1.64345388 0.88993254 0.41620989 -0.55482246 0.61567438 0.37401394
1778701959.41622663 -2.95157186 1.64173479 0.89965791 0.41778506 -0.55493220 0.61416627 0.37457401
1778701959.42645931 -2.94681254 1.63868823 0.91356776 0.42006827 -0.55480869 0.61218999 0.37543758
1778701959.43667889 -2.94161100 1.63884193 0.92339194 0.42176154 -0.55416273 0.61077668 0.37679268
1778701959.44697595 -2.93491477 1.64195913 0.93392369 0.42299734 -0.55410945 0.60910262 0.37819303
1778701959.45732737 -2.92889601 1.64327872 0.94393871 0.42458448 -0.55347355 0.60763317 0.37970644
1778701959.46758485 -2.91799445 1.63629218 0.97951363 0.42876352 -0.55530418 0.60265562 0.38027006
1778701959.47788453 -2.91373072 1.63248257 0.99252594 0.43074463 -0.55526086 0.60090873 0.38085842
1778701959.48816347 -2.90785615 1.63014418 1.00625302 0.43291986 -0.55454305 0.59919542 0.38213512
1778701959.49840331 -2.90271261 1.62820842 1.01725026 0.43491476 -0.55319880 0.59804021 0.38362500
1778701959.50873327 -2.89777535 1.62448071 1.02974835 0.43705478 -0.55262858 0.59640511 0.38455911
1778701959.51899886 -2.89476598 1.62197661 1.03676913 0.43853610 -0.55149182 0.59574737 0.38552294
1778701959.52931428 -2.88934176 1.62030451 1.04725370 0.44034416 -0.55071907 0.59434209 0.38673376
1778701959.53961205 -2.88374232 1.61806495 1.05878504 0.44235276 -0.54962569 0.59298021 0.38808518
1778701959.54993296 -2.87936723 1.61499599 1.06960320 0.44398995 -0.54979470 0.59131859 0.38851131
1778701959.56021857 -2.87238035 1.61395102 1.08216416 0.44598768 -0.54876749 0.58973185 0.39008406
1778701959.57044029 -2.86898681 1.61098255 1.08867997 0.44758893 -0.54771592 0.58889331 0.39099373
1778701959.58093119 -2.86340802 1.60919570 1.09837828 0.44929204 -0.54716790 0.58742174 0.39201996
1778701959.59127808 -2.86142295 1.60581298 1.10313318 0.45061335 -0.54615496 0.58693471 0.39264490
1778701959.60157728 -2.85638047 1.60374503 1.11166387 0.45224335 -0.54556533 0.58561463 0.39356058
1778701959.61188436 -2.85395556 1.59944794 1.11680184 0.45383232 -0.54449038 0.58496235 0.39418967
1778701959.62223649 -2.85118366 1.59711523 1.12122852 0.45489995 -0.54422035 0.58412566 0.39457249
1778701959.63256049 -2.84856268 1.59167467 1.12762672 0.45656700 -0.54379075 0.58307026 0.39480030
1778701959.64283538 -2.84782270 1.58509130 1.13114979 0.45820046 -0.54263519 0.58269705 0.39504877
1778701959.65311980 -2.84449467 1.58323055 1.13436239 0.45925571 -0.54237841 0.58179497 0.39550533
1778701959.66336894 -2.84246418 1.58038562 1.13764799 0.46027009 -0.54205706 0.58112470 0.39575203
1778701959.67362452 -2.84215453 1.57568380 1.13726603 0.46126234 -0.54149221 0.58087255 0.39574022
1778701959.68395329 -2.83965725 1.57540601 1.13604180 0.46176159 -0.54114780 0.58047453 0.39621284
1778701959.69423962 -2.84281586 1.57106296 1.12912560 0.46199773 -0.54046384 0.58120514 0.39579984
1778701959.70448852 -2.84301993 1.56588105 1.12779417 0.46300457 -0.53936209 0.58133009 0.39594269
1778701959.71477127 -2.84363321 1.56282084 1.12257216 0.46344726 -0.53839046 0.58177436 0.39609462
1778701959.72507119 -2.84280596 1.56275119 1.11875009 0.46355841 -0.53791261 0.58190170 0.39642658
1778701959.73536062 -2.84249789 1.56431113 1.10989281 0.46304186 -0.53841880 0.58193892 0.39628844
1778701959.74566531 -2.84164262 1.56554998 1.10208270 0.46278809 -0.53816940 0.58216929 0.39658517
1778701959.75593662 -2.84218268 1.56404890 1.09447939 0.46271316 -0.53828868 0.58231869 0.39629127
1778701959.76624012 -2.84241700 1.56366268 1.08807270 0.46250697 -0.53853943 0.58240537 0.39606384
1778701959.77654195 -2.84532073 1.55878683 1.07888539 0.46252243 -0.53889926 0.58274166 0.39506044
1778701959.78678322 -2.84829643 1.55812273 1.06362258 0.46177140 -0.53827572 0.58406409 0.39483613
1778701959.79708314 -2.84777371 1.55757801 1.05888696 0.46161310 -0.53928617 0.58362884 0.39428563
1778701959.80741096 -2.84892245 1.55826267 1.04551234 0.46076924 -0.53956775 0.58427331 0.39393280
1778701959.81768250 -2.85067838 1.55952289 1.02938181 0.45960644 -0.54001754 0.58513699 0.39339253
1778701959.82793760 -2.85253984 1.55710626 1.02118873 0.45943873 -0.53968926 0.58577743 0.39308570
1778701959.82814312 -2.85382657 1.55425135 1.01892603 0.45959136 -0.53967809 0.58594279 0.39267593
1778701959.83824229 -2.85598553 1.55414198 1.00624157 0.45880431 -0.53939515 0.58699195 0.39241806
1778701959.84845877 -2.85681052 1.55600045 0.99094457 0.45769273 -0.53947041 0.58790623 0.39224393
1778701959.85870194 -2.85928400 1.55303234 0.97845097 0.45728256 -0.53958802 0.58864631 0.39144981
1778701959.86898923 -2.86084142 1.55330822 0.96639132 0.45650717 -0.53960902 0.58946522 0.39109343
1778701959.87929010 -2.86377391 1.54931791 0.95306008 0.45606881 -0.53982555 0.59027946 0.39007662
1778701959.88953328 -2.86633201 1.55102324 0.93306267 0.45452538 -0.53992039 0.59172650 0.38955410
1778701959.89980078 -2.86771716 1.54967065 0.92321938 0.45413815 -0.53969532 0.59244245 0.38922929
1778701959.91006374 -2.86974716 1.55115764 0.90423208 0.45275663 -0.53966946 0.59380322 0.38880078
1778701959.92028666 -2.87205936 1.55153090 0.88580919 0.45144960 -0.54031725 0.59483405 0.38784402
1778701959.93051147 -2.87396760 1.55131542 0.87228148 0.45062016 -0.54022547 0.59584139 0.38738991
1778701959.94083095 -2.87679518 1.55104613 0.85247924 0.44934911 -0.54022836 0.59728927 0.38663190
1778701959.95113373 -2.87882636 1.55005130 0.83669876 0.44844397 -0.54092568 0.59802897 0.38556292
1778701959.96139145 -2.88044556 1.54700894 0.82860127 0.44842241 -0.54066701 0.59859790 0.38506762
1778701959.96158624 -2.88016355 1.54815023 0.82504805 0.44811200 -0.54091522 0.59866528 0.38497565
1778701959.97172427 -2.87960622 1.55313459 0.80962304 0.44670840 -0.54074507 0.59969246 0.38524710
1778701959.98199940 -2.88139779 1.55465351 0.79019439 0.44527225 -0.54141536 0.60074408 0.38432874
1778701959.99224424 -2.88070841 1.55908312 0.77347333 0.44388098 -0.54184442 0.60150305 0.38414631
1778701960.00257850 -2.88164382 1.56219893 0.75623426 0.44241619 -0.54205698 0.60262436 0.38377863
1778701960.01288915 -2.88278166 1.56351286 0.73903551 0.44124239 -0.54271299 0.60343718 0.38292470
1778701960.02319551 -2.88021196 1.57011842 0.72520104 0.43999095 -0.54318602 0.60378270 0.38314927
1778701960.03344417 -2.88144649 1.57049374 0.71217137 0.43919875 -0.54353898 0.60448072 0.38245639
1778701960.04374456 -2.88014105 1.57374681 0.69942425 0.43829928 -0.54477762 0.60446172 0.38175531
1778701960.05401731 -2.87856154 1.57729601 0.68786721 0.43755635 -0.54535657 0.60461108 0.38154435
1778701960.06427550 -2.87661112 1.58265715 0.67371473 0.43644932 -0.54571308 0.60505107 0.38160507
1778701960.07449055 -2.87697253 1.58268863 0.66503730 0.43608927 -0.54660409 0.60506205 0.38072303
1778701960.08474994 -2.87616835 1.58569773 0.65229322 0.43527076 -0.54756185 0.60518712 0.38008411
1778701960.09499097 -2.87539953 1.59127553 0.63332426 0.43366247 -0.54779660 0.60619442 0.37997905
1778701960.10523677 -2.87109388 1.59700193 0.63031808 0.43334244 -0.54870729 0.60539344 0.38030700
1778701960.11547136 -2.86834878 1.60519381 0.61363105 0.43159513 -0.55002589 0.60561019 0.38004402
1778701960.12575340 -2.86611141 1.61073021 0.60055942 0.43043595 -0.55124841 0.60558463 0.37962790
1778701960.13608623 -2.86506732 1.61663643 0.58388493 0.42879752 -0.55136398 0.60656471 0.37974954
1778701960.14644599 -2.86257853 1.62092876 0.57357074 0.42802991 -0.55206830 0.60650704 0.37968434
1778701960.15675139 -2.85987292 1.62733009 0.55870367 0.42662938 -0.55258630 0.60692082 0.37984585
1778701960.16709423 -2.85767280 1.63175794 0.54629135 0.42557337 -0.55363732 0.60693224 0.37948160
1778701960.17734551 -2.85653063 1.63477109 0.53565741 0.42472942 -0.55388782 0.60732395 0.37943488
1778701960.18764353 -2.85493295 1.63815298 0.52285357 0.42379783 -0.55410379 0.60776046 0.37946227
1778701960.19794679 -2.85496280 1.64030875 0.50567736 0.42251685 -0.55446050 0.60863850 0.37896206
1778701960.20827389 -2.85426745 1.64207607 0.49580220 0.42182999 -0.55475377 0.60897477 0.37875776
1778701960.21852112 -2.85351351 1.64462203 0.48084519 0.42067613 -0.55546803 0.60945957 0.37821407
1778701960.22879648 -2.85137660 1.65017811 0.46369401 0.41903112 -0.55624532 0.61001957 0.37799496
1778701960.23906684 -2.84918443 1.65319276 0.45800094 0.41858389 -0.55711546 0.60964909 0.37780668
1778701960.23923230 -2.84945199 1.65366489 0.45192441 0.41808373 -0.55719638 0.61004860 0.37759620
1778701960.24934316 -2.84734027 1.65696326 0.44481599 0.41749688 -0.55778950 0.60992762 0.37756528
1778701960.25963902 -2.84452286 1.66147855 0.43547210 0.41669951 -0.55880863 0.60964612 0.37739376
1778701960.26986551 -2.84325442 1.66427770 0.42266230 0.41575238 -0.55932756 0.60999634 0.37710357
1778701960.28012109 -2.84266438 1.66466455 0.41759911 0.41559964 -0.56037581 0.60959029 0.37637158
1778701960.29035711 -2.84194825 1.66710133 0.40401803 0.41463030 -0.56073163 0.61012267 0.37604797
1778701960.30058575 -2.84072379 1.66854546 0.39625055 0.41429774 -0.56146256 0.60994375 0.37561390
1778701960.31084251 -2.83879727 1.67227027 0.38758419 0.41351713 -0.56195206 0.61002686 0.37560709
1778701960.32116008 -2.83746829 1.67357162 0.38136431 0.41337038 -0.56227409 0.60988411 0.37551850
1778701960.33139110 -2.83725221 1.67454084 0.36983132 0.41275192 -0.56220144 0.61045315 0.37538293
1778701960.34166241 -2.83538059 1.67750692 0.36448514 0.41235210 -0.56278497 0.61021684 0.37533215
1778701960.35193682 -2.83511374 1.67786236 0.35635078 0.41215839 -0.56236138 0.61061971 0.37552458
1778701960.36219096 -2.83475378 1.67875290 0.34707594 0.41171844 -0.56267552 0.61081834 0.37521345
1778701960.37250876 -2.82995767 1.68450848 0.34953409 0.41187030 -0.56298227 0.60978750 0.37626190
1778701960.37284374 -2.83062283 1.68466310 0.34229526 0.41126062 -0.56298807 0.61036647 0.37598127
1778701960.38295460 -2.82951397 1.68629227 0.33803538 0.41111484 -0.56318808 0.61023166 0.37605997
1778701960.39325881 -2.82689690 1.68945324 0.33406938 0.41098024 -0.56363083 0.60973349 0.37635170
1778701960.40355515 -2.82453926 1.69284523 0.32737708 0.41054007 -0.56419197 0.60944556 0.37645767
1778701960.41389084 -2.82496086 1.69212040 0.32241748 0.41060993 -0.56372524 0.60972479 0.37662849
1778701960.42429233 -2.82291613 1.69348574 0.32264482 0.41107389 -0.56425495 0.60882933 0.37677772
1778701960.43454289 -2.82438137 1.69433763 0.30083581 0.40949947 -0.56283314 0.61095481 0.37717803
1778701960.44484496 -2.82544425 1.69487744 0.28287190 0.40827472 -0.56219186 0.61237180 0.37716420
1778701960.45509768 -2.82211318 1.69920904 0.28028958 0.40799834 -0.56282951 0.61172278 0.37756528
1778701960.46550918 -2.81962305 1.69644913 0.30243381 0.41093054 -0.56571337 0.60778710 0.37642968
1778701960.47582126 -2.81573202 1.70123319 0.30196303 0.41097337 -0.56674960 0.60657268 0.37678291
1778701960.48610973 -2.81321677 1.70369069 0.30419231 0.41133573 -0.56793519 0.60528223 0.37667753
1778701960.49643111 -2.81262966 1.70424899 0.29889407 0.41136328 -0.56815790 0.60503252 0.37671276
1778701960.50672269 -2.81218915 1.70412280 0.29526961 0.41157249 -0.56904185 0.60436087 0.37622784
1778701960.51707911 -2.80940960 1.70596566 0.29890300 0.41231413 -0.57038243 0.60265423 0.37612341
1778701960.52737284 -2.81098892 1.70287294 0.29644043 0.41280000 -0.57096058 0.60227009 0.37532775
1778701960.53768730 -2.80813326 1.70543488 0.29817087 0.41328302 -0.57229402 0.60072479 0.37524182
1778701960.54820824 -2.80795376 1.70446258 0.29753922 0.41388731 -0.57334979 0.59967509 0.37464263
1778701960.55859256 -2.80641872 1.70475068 0.30139579 0.41481865 -0.57456942 0.59803841 0.37436016
1778701960.56889892 -2.80592173 1.70444552 0.30211900 0.41531284 -0.57571612 0.59696447 0.37376411
1778701960.57928324 -2.80467423 1.70473823 0.30310792 0.41590151 -0.57728095 0.59546412 0.37308862
1778701960.58958292 -2.80212600 1.70594749 0.31065429 0.41714262 -0.57791678 0.59364310 0.37362026
1778701960.59985971 -2.80291809 1.70482808 0.30620102 0.41715544 -0.57930465 0.59302580 0.37243504
1778701960.61017585 -2.80297134 1.70281340 0.30990939 0.41836531 -0.57933829 0.59197817 0.37269218
1778701960.62040186 -2.80295580 1.70110192 0.31270666 0.41931119 -0.58073874 0.59043834 0.37189140
1778701960.63071918 -2.80100658 1.70288266 0.31541614 0.41990886 -0.58039922 0.58967958 0.37294946
1778701960.64104438 -2.80334640 1.69748495 0.31817576 0.42123786 -0.58138931 0.58845858 0.37183550
1778701960.65136337 -2.80283341 1.69688970 0.32054401 0.42215751 -0.58118725 0.58759770 0.37246926
1778701960.66163301 -2.80315628 1.69562150 0.32132949 0.42266912 -0.58273953 0.58637544 0.37138834
1778701960.67197633 -2.80392192 1.69301716 0.32458035 0.42381555 -0.58301532 0.58530805 0.37133274
1778701960.68226027 -2.80508804 1.68942511 0.33036866 0.42544434 -0.58200050 0.58454440 0.37226386
1778701960.69250274 -2.80597881 1.68771045 0.33085666 0.42622181 -0.58215416 0.58380207 0.37229913
1778701960.70282912 -2.80670055 1.68657910 0.33015299 0.42674686 -0.58143969 0.58370418 0.37296707
1778701960.71309447 -2.80699085 1.68628865 0.32984966 0.42723814 -0.58227151 0.58271647 0.37265128
1778701960.72333813 -2.80582688 1.68855507 0.32997902 0.42766436 -0.58151783 0.58226771 0.37403814
1778701960.73367119 -2.80495252 1.69007840 0.33115658 -0.42799489 0.58212158 -0.58133472 -0.37417214
1778701960.73384953 -2.80487817 1.69091072 0.32895317 -0.42780284 0.58254673 -0.58118624 -0.37396067
1778701960.74399614 -2.80318611 1.69353373 0.33127997 -0.42820436 0.58240927 -0.58040583 -0.37492605
1778701960.75436449 -2.80371532 1.69379300 0.32950468 -0.42863080 0.58159525 -0.58026509 -0.37591892
1778701960.76470995 -2.80202136 1.69716738 0.32899066 -0.42866673 0.58167062 -0.57965612 -0.37670002
1778701960.77501774 -2.80201943 1.69814160 0.32844447 -0.42914848 0.58098190 -0.57929560 -0.37776741
1778701960.78533006 -2.80302893 1.69829935 0.32452746 -0.42940064 0.58017825 -0.57937395 -0.37859492
1778701960.79562664 -2.80354188 1.69931132 0.32158120 -0.42967655 0.57943943 -0.57929631 -0.37953102
1778701960.80599141 -2.80369866 1.70024529 0.32186374 0.43032149 -0.57802272 0.57915782 0.38116843
1778701960.81629753 -2.80520947 1.69908395 0.32046934 0.43083459 -0.57700305 0.57927604 0.38195327
1778701960.82663369 -2.80579851 1.70040919 0.31666100 0.43103565 -0.57573669 0.57949660 0.38330043
1778701960.83698297 -2.80483253 1.70359322 0.31558372 0.43130872 -0.57458974 0.57930082 0.38500647
1778701960.84735036 -2.80513219 1.70501568 0.31259397 0.43143558 -0.57332801 0.57959829 0.38629542
1778701960.85768700 -2.80616878 1.70470667 0.31288707 0.43224004 -0.57183115 0.57950958 0.38774520
1778701960.86799717 -2.80887164 1.70298212 0.30854842 0.43275938 -0.57003403 0.58010144 0.38892525
1778701960.87831140 -2.80985481 1.70320183 0.30783926 0.43345672 -0.56810566 0.58028816 0.39068770
1778701960.88860750 -2.81034906 1.70302266 0.31000006 0.43427441 -0.56695441 0.58002560 0.39184020
1778701960.89890289 -2.81269552 1.70048778 0.30947895 0.43526700 -0.56497528 0.58027959 0.39321899
1778701960.90923810 -2.81808650 1.69354215 0.30758151 0.43659653 -0.56258833 0.58101763 0.39407658
1778701960.91958475 -2.82051156 1.69082092 0.30751907 0.43750449 -0.56033076 0.58152251 0.39553865
1778701960.92987800 -2.82231743 1.68858718 0.31010421 0.43876991 -0.55894234 0.58119097 0.39658729
1778701960.94017196 -2.82468938 1.68601450 0.31034142 0.43988437 -0.55674622 0.58141483 0.39811075
1778701960.95050025 -2.83049460 1.67819156 0.30947058 0.44139513 -0.55463282 0.58194233 0.39861748
1778701960.96087360 -2.83139603 1.67709287 0.31307110 0.44249195 -0.55342495 0.58153225 0.39967729
1778701960.97119069 -2.83313394 1.67566071 0.31329995 0.44349954 -0.55173115 0.58148204 0.40097324
1778701960.98151040 -2.83658382 1.67090610 0.31504595 0.44497720 -0.54983861 0.58148393 0.40193187
1778701960.99187922 -2.84053562 1.66448898 0.31814527 0.44652697 -0.54879704 0.58125238 0.40197157
1778701960.99208665 -2.84095533 1.66442616 0.31688539 0.44660753 -0.54836059 0.58137421 0.40230139
1778701961.00222516 -2.84388500 1.66002362 0.31848668 0.44782176 -0.54673526 0.58143933 0.40306889
1778701961.01252437 -2.84728698 1.65509835 0.31844469 0.44908238 -0.54525875 0.58145059 0.40364977
1778701961.02283406 -2.84766497 1.65167318 0.33160300 0.45150555 -0.54410457 0.57985625 0.40479586
1778701961.03312325 -2.85087402 1.64655673 0.33198344 0.45259683 -0.54290924 0.57992346 0.40508573
1778701961.04334164 -2.85443952 1.63964162 0.33567668 0.45436551 -0.54129118 0.57967012 0.40563333
1778701961.05362082 -2.85731533 1.63356320 0.34055473 0.45616920 -0.53942446 0.57934137 0.40656425
1778701961.06393003 -2.86209289 1.62586856 0.33822719 0.45719546 -0.53824808 0.57979321 0.40632641
1778701961.07415485 -2.86283139 1.62160113 0.34862409 0.45936916 -0.53669565 0.57866214 0.40753882
1778701961.08443332 -2.86506408 1.61711693 0.35051970 0.46066646 -0.53575447 0.57825986 0.40788369
1778701961.09468341 -2.86749798 1.61008620 0.35914398 0.46275197 -0.53456372 0.57746932 0.40820513
1778701961.09484601 -2.86600262 1.61270618 0.35914872 0.46267628 -0.53437920 0.57724769 0.40884550
1778701961.10493374 -2.86877300 1.60593539 0.36550268 0.46449011 -0.53360928 0.57656206 0.40876187
1778701961.11522770 -2.86841293 1.60362221 0.37433769 0.46614408 -0.53255283 0.57549525 0.40975894
1778701961.12546635 -2.87187531 1.59472911 0.38194519 0.46864486 -0.53158547 0.57442582 0.40966312
1778701961.13571191 -2.87213825 1.59154804 0.39020164 0.47032633 -0.53108141 0.57325253 0.41003318
1778701961.14604568 -2.87280501 1.58778264 0.39777375 0.47216576 -0.53082606 0.57189757 0.41014188
1778701961.15631199 -2.87164838 1.58632683 0.40844947 0.47412250 -0.53059496 0.57008292 0.41070952
1778701961.16655040 -2.87189572 1.58359878 0.41506915 0.47559719 -0.53039835 0.56895556 0.41082171
1778701961.17681956 -2.86598311 1.58953296 0.42757671 0.47703624 -0.53033199 0.56655963 0.41254647
1778701961.18709803 -2.87105330 1.57970455 0.43062557 0.47901707 -0.52973820 0.56609625 0.41164927
1778701961.19735241 -2.86531808 1.58517653 0.44368589 0.48037497 -0.53008467 0.56368722 0.41292476
1778701961.20760894 -2.86601499 1.57992275 0.45482281 0.48271135 -0.53014541 0.56186894 0.41260017
1778701961.21787620 -2.86358439 1.58032846 0.46461340 0.48438569 -0.52981262 0.56011496 0.41344929
1778701961.22812152 -2.86347850 1.57835783 0.47010269 0.48566522 -0.52968610 0.55905874 0.41353990
1778701961.22826552 -2.86443270 1.57573779 0.47248825 0.48632828 -0.52977418 0.55867946 0.41316024
1778701961.23835516 -2.86185359 1.57656087 0.48198068 0.48772965 -0.52980779 0.55698849 0.41374788
1778701961.24863672 -2.86116468 1.57510070 0.48744905 0.48912036 -0.52938971 0.55583596 0.41419101
1778701961.25894213 -2.85769054 1.57617590 0.49910161 0.49086605 -0.52928011 0.55375839 0.41504788
1778701961.26920867 -2.85677679 1.57472566 0.50593417 0.49218768 -0.52870668 0.55272289 0.41559347
1778701961.27945828 -2.85379343 1.57498252 0.51617541 0.49384205 -0.52834555 0.55092215 0.41648024
1778701961.28971076 -2.85190934 1.57430920 0.52374227 0.49532137 -0.52772309 0.54958492 0.41727868
1778701961.29997993 -2.85135267 1.57266739 0.52782256 0.49637068 -0.52747782 0.54872957 0.41746754
1778701961.31030917 -2.84956176 1.57109252 0.53647834 0.49802876 -0.52660560 0.54738236 0.41836161
1778701961.32052922 -2.84807850 1.56916334 0.54340478 0.49954487 -0.52577816 0.54622344 0.41910882
1778701961.33085203 -2.84410316 1.57162929 0.55057629 0.50050114 -0.52509197 0.54496745 0.42046106
1778701961.33105373 -2.84603826 1.56722588 0.55235651 0.50124744 -0.52483539 0.54486616 0.42002343
1778701961.34122849 -2.84581597 1.56499489 0.55484689 0.50217729 -0.52419905 0.54434991 0.42037662
1778701961.35157514 -2.84449211 1.56259549 0.56094578 0.50363058 -0.52344556 0.54326723 0.42097707
1778701961.36190557 -2.84251983 1.56163828 0.56564379 0.50479809 -0.52286542 0.54223029 0.42163604
1778701961.37225866 -2.84118738 1.55975740 0.57098739 0.50596191 -0.52227870 0.54131400 0.42214530
1778701961.41399598 -2.83891675 1.54892563 0.57842412 0.51003417 -0.52064896 0.53862903 0.42269206
1778701961.42451024 -2.83954260 1.54410306 0.57853513 0.51111638 -0.51996703 0.53829636 0.42264804
1778701961.43514776 -2.83869107 1.54211433 0.57746670 0.51181985 -0.51933421 0.53795100 0.42301435
1778701961.44559836 -2.84594534 1.53089490 0.56398607 0.51216602 -0.51998337 0.53903622 0.42040839
1778701961.45599508 -2.85495739 1.51413528 0.55733741 0.51354573 -0.51980574 0.53998850 0.41771426
1778701961.45620108 -2.84774045 1.52379098 0.56232364 0.51327580 -0.51957918 0.53884993 0.41979303
1778701961.46633697 -2.85253031 1.51703648 0.55011752 0.51316461 -0.52055374 0.53966564 0.41766840
1778701961.47662640 -2.85953106 1.50693625 0.53295786 0.51304204 -0.51935564 0.54180002 0.41654570
1778701961.48689198 -2.86689850 1.49340811 0.52039852 0.51369228 -0.51969706 0.54292794 0.41384111
1778701961.49725294 -2.86052817 1.49989420 0.52372393 0.51383362 -0.51839973 0.54214698 0.41630925
1778701961.50754356 -2.85393606 1.50474542 0.52824019 0.51444073 -0.51961394 0.54016096 0.41662721
1778701961.51783800 -2.85390849 1.50340333 0.51906345 0.51427879 -0.52021466 0.54030585 0.41588896
1778701961.52837753 -2.85573402 1.49699963 0.51254461 0.51483555 -0.51930540 0.54088801 0.41557962
1778701961.53865480 -2.85075713 1.50208547 0.51250812 0.51479786 -0.51892347 0.54023470 0.41695092
1778701961.54890442 -2.85631400 1.49172813 0.49787874 0.51497521 -0.52019219 0.54113758 0.41396948
1778701961.55916643 -2.85862077 1.48632179 0.48557693 0.51490283 -0.52043453 0.54193545 0.41270929
1778701961.56941581 -2.85680385 1.48943656 0.47450698 0.51399029 -0.52122048 0.54224009 0.41245469
1778701961.57968283 -2.85960927 1.48329569 0.46062037 0.51383609 -0.52191047 0.54309114 0.41065064
1778701961.58997130 -2.85813830 1.48409809 0.44875190 0.51321184 -0.52267795 0.54340639 0.41003764
1778701961.60034871 -2.86145568 1.47789112 0.43004778 0.51257196 -0.52230912 0.54522703 0.40888953
1778701961.61061215 -2.86226236 1.47380340 0.42382168 0.51283118 -0.52358773 0.54508189 0.40711890
1778701961.62090254 -2.86278733 1.46993073 0.41268644 0.51269415 -0.52337104 0.54588830 0.40648915
1778701961.63119674 -2.86798026 1.45955083 0.39488325 0.51252853 -0.52284075 0.54785003 0.40473745
1778701961.64146233 -2.86767994 1.45820550 0.38554268 0.51219812 -0.52301806 0.54838673 0.40419943
1778701961.65173697 -2.86731131 1.45438253 0.37704618 0.51232233 -0.52225754 0.54907603 0.40408960
1778701961.66201258 -2.87026121 1.44725666 0.36074303 0.51198444 -0.52215872 0.55058579 0.40258849
1778701961.67226005 -2.87179012 1.44326710 0.34762192 0.51151863 -0.52220855 0.55173750 0.40153787
1778701961.68248606 -2.86863911 1.44367176 0.34450318 0.51170268 -0.52016228 0.55214890 0.40338958
1778701961.69279265 -2.86905359 1.44254726 0.32351466 0.51035661 -0.52099387 0.55367137 0.40193224
1778701961.70314908 -2.86914752 1.43982965 0.31551018 0.51029228 -0.52103314 0.55416475 0.40128255
1778701961.71341467 -2.86924801 1.43754123 0.29979585 0.50957692 -0.52129930 0.55531111 0.40025989
1778701961.72367549 -2.86920790 1.43284174 0.29557149 0.51011508 -0.51817165 0.55647294 0.40201818
1778701961.73398614 -2.86830291 1.43420277 0.28150309 0.50909320 -0.51921912 0.55720766 0.40094295
1778701961.73413467 -2.86916617 1.43286134 0.27456750 0.50869040 -0.51938481 0.55783609 0.40036532
1778701961.74424028 -2.86836199 1.43256152 0.26628056 0.50834943 -0.51886989 0.55852473 0.40050595
1778701961.75447607 -2.86745957 1.43260940 0.25257908 0.50760731 -0.51831184 0.55967857 0.40055905
1778701961.76480150 -2.86328422 1.43712519 0.24669994 0.50723864 -0.51735559 0.55987588 0.40198403
1778701961.77512097 -2.86181706 1.43854282 0.23851549 0.50675827 -0.51643627 0.56060578 0.40275402
1778701961.78535485 -2.85980900 1.44303501 0.21627558 0.50490968 -0.51888052 0.56148139 0.40070922
1778701961.79561543 -2.85723988 1.44637158 0.20398683 0.50407701 -0.51884299 0.56213442 0.40089052
1778701961.80588365 -2.85441974 1.44998857 0.19791248 0.50370093 -0.51915366 0.56209603 0.40101484
1778701961.80605531 -2.85384798 1.45098961 0.19318198 0.50329056 -0.51904799 0.56247925 0.40112952
1778701961.81620550 -2.85280193 1.45085002 0.18912452 0.50347845 -0.51901269 0.56247710 0.40094238
1778701961.82645154 -2.85077979 1.45295305 0.17753367 0.50286489 -0.51928468 0.56297859 0.40065625
1778701961.83670235 -2.84719309 1.45764330 0.16662794 0.50206638 -0.51982715 0.56320668 0.40063365
1778701961.84700680 -2.84715515 1.45645587 0.15642623 0.50163728 -0.51932362 0.56413488 0.40051824
1778701961.85725832 -2.84417390 1.46009559 0.14432213 0.50075442 -0.51961751 0.56464007 0.40052996
1778701961.86747241 -2.84017948 1.46438853 0.13882909 0.50048006 -0.51994900 0.56436378 0.40083197
1778701961.87773633 -2.83956378 1.46376195 0.12885770 0.50000327 -0.51996367 0.56506129 0.40042510
1778701961.88802505 -2.83815089 1.46479995 0.11353438 0.49890697 -0.51967851 0.56629022 0.40042661
1778701961.89829826 -2.83848476 1.46173990 0.10345501 0.49873207 -0.51870826 0.56731061 0.40045816
1778701961.90856242 -2.83555548 1.46494510 0.09702835 0.49826950 -0.51922709 0.56728309 0.40040057
1778701961.90880299 -2.83517224 1.46517311 0.09343650 0.49799820 -0.51902217 0.56761608 0.40053186
1778701961.91895890 -2.83663266 1.46126781 0.08024650 0.49743454 -0.51850017 0.56902928 0.39990265
1778701961.92924690 -2.83407690 1.46396000 0.06844672 0.49656742 -0.51876999 0.56958021 0.39984607
1778701961.93952560 -2.83426506 1.46229318 0.04865315 0.49527395 -0.51908609 0.57121888 0.39870082
1778701961.94995856 -2.82883682 1.46990129 0.04969001 0.49526593 -0.52055154 0.56982833 0.39878996
1778701961.96031284 -2.82725851 1.47107659 0.03635356 0.49446095 -0.52147491 0.57039451 0.39777179
1778701961.97057414 -2.82705196 1.46990520 0.02240994 0.49381458 -0.52222401 0.57118285 0.39645857
1778701961.98084664 -2.82391376 1.47421713 0.01527665 0.49321604 -0.52327566 0.57100704 0.39607004
1778701961.98101735 -2.82328349 1.47486214 0.01377841 0.49318881 -0.52356125 0.57090369 0.39587547
1778701961.99110246 -2.82307249 1.47407283 0.00448817 0.49287043 -0.52452051 0.57122192 0.39454088
1778701962.00133443 -2.82020526 1.47739296 -0.00399746 0.49244396 -0.52602359 0.57095013 0.39346420
1778701962.01167345 -2.81923939 1.47748468 -0.01489825 0.49206212 -0.52741436 0.57113684 0.39180566
1778701962.02199483 -2.81903394 1.47669652 -0.02459910 0.49168593 -0.52837349 0.57152299 0.39042013
1778701962.03230381 -2.81529246 1.48164446 -0.03462044 0.49088795 -0.52973968 0.57143341 0.38970341
1778701962.04259443 -2.81500183 1.48051876 -0.04758584 0.49033690 -0.53063449 0.57211116 0.38818240
1778701962.05290723 -2.81528760 1.47866714 -0.05241875 0.49055595 -0.53137124 0.57209552 0.38691883
1778701962.06315279 -2.81217162 1.48236627 -0.06267138 0.48975113 -0.53215083 0.57233116 0.38651826
1778701962.07341456 -2.81191150 1.48095949 -0.07457277 0.48924688 -0.53252451 0.57311312 0.38548216
1778701962.08368254 -2.81249599 1.47800793 -0.08288199 0.48929653 -0.53298661 0.57352076 0.38417198
1778701962.09397912 -2.80816439 1.48433065 -0.09010380 0.48830999 -0.53341583 0.57357871 0.38474454
1778701962.10423112 -2.80915517 1.48041688 -0.10361433 0.48779868 -0.53334773 0.57480400 0.38365740
1778701962.11446309 -2.80735917 1.48172073 -0.10655598 0.48795295 -0.53374815 0.57447687 0.38339425
1778701962.12470055 -2.80503524 1.48429425 -0.10978772 0.48776501 -0.53401803 0.57428849 0.38353978
1778701962.13494825 -2.80413449 1.48377679 -0.11623504 0.48770251 -0.53442647 0.57442619 0.38284352
1778701962.14521694 -2.80190991 1.48585355 -0.11972387 0.48769311 -0.53488389 0.57410950 0.38269171
1778701962.15553403 -2.80096353 1.48583123 -0.12729491 0.48727952 -0.53519619 0.57451033 0.38218004
1778701962.16579270 -2.80054665 1.48452121 -0.12762113 0.48788522 -0.53489507 0.57422984 0.38225039
1778701962.17606258 -2.79844443 1.48615419 -0.12867608 0.48816126 -0.53529510 0.57366869 0.38218055
1778701962.18631697 -2.79824270 1.48455563 -0.13567111 0.48791178 -0.53522034 0.57420349 0.38180053
1778701962.19657731 -2.79928501 1.48037572 -0.14295147 0.48809503 -0.53559373 0.57458489 0.38046657
1778701962.20683265 -2.80089692 1.47448790 -0.15364036 0.48788878 -0.53402464 0.57605678 0.38071093
1778701962.21711445 -2.79818674 1.47746094 -0.13224325 0.49058636 -0.53558254 0.57252411 0.38038469
1778701962.22735381 -2.79808162 1.47574825 -0.14252781 0.48995609 -0.53486882 0.57359624 0.38058603
1778701962.23766398 -2.79726728 1.47498052 -0.13286819 0.49166818 -0.53545186 0.57182011 0.38023082
1778701962.24788690 -2.79744185 1.47273018 -0.12608992 0.49317261 -0.53561022 0.57059228 0.37990384
1778701962.25816488 -2.79823260 1.46922004 -0.14063958 0.49227507 -0.53508239 0.57215785 0.37945684
1778701962.26839256 -2.80115775 1.46145401 -0.15532132 0.49188081 -0.53419352 0.57391023 0.37857312
1778701962.27865529 -2.80322271 1.45544788 -0.15962407 0.49258538 -0.53469501 0.57397367 0.37684893
1778701962.28889179 -2.80136201 1.45770374 -0.14852060 0.49400140 -0.53531409 0.57205100 0.37703992
1778701962.29920053 -2.80139446 1.45566748 -0.14538029 0.49504183 -0.53538997 0.57125554 0.37677351
1778701962.30942845 -2.80048395 1.45529158 -0.13662383 0.49647014 -0.53481356 0.56994610 0.37769472
1778701962.31966972 -2.79905328 1.45673691 -0.11903818 0.49861861 -0.53538266 0.56734468 0.37797474
1778701962.31983304 -2.80105787 1.45245406 -0.11600902 0.49949808 -0.53497838 0.56715385 0.37767222
1778701962.32992887 -2.80595342 1.44177735 -0.12075407 0.50039075 -0.53460182 0.56786938 0.37594462
1778701962.34018826 -2.80416028 1.44322237 -0.11616967 0.50104026 -0.53331583 0.56725666 0.37782637
1778701962.35050082 -2.80813814 1.43426896 -0.11234874 0.50275140 -0.53258776 0.56694914 0.37704108
1778701962.36081362 -2.80666983 1.43582732 -0.09707475 0.50457360 -0.53248289 0.56480171 0.37797683
1778701962.37111688 -2.80319606 1.44090990 -0.07075152 0.50736190 -0.53323777 0.56086727 0.37903732
1778701962.38137984 -2.80682972 1.43294157 -0.06452323 0.50919921 -0.53225825 0.56033780 0.37873324
1778701962.39163542 -2.80783641 1.43024898 -0.06115948 0.51008677 -0.53183397 0.55985817 0.37884422
1778701962.40196657 -2.80912732 1.42694749 -0.05332656 0.51156777 -0.53090045 0.55896212 0.37947922
1778701962.41223788 -2.80964307 1.42547780 -0.04944251 0.51242922 -0.53032380 0.55835153 0.38002175
1778701962.42253900 -2.81228708 1.42022617 -0.04957115 0.51314913 -0.52950037 0.55853981 0.37992185
1778701962.42270923 -2.81221955 1.42010517 -0.04462000 0.51372823 -0.52899168 0.55803904 0.38058315
1778701962.43286157 -2.81364283 1.41757828 -0.04285401 0.51431809 -0.52792051 0.55801181 0.38131306
1778701962.44312215 -2.81585077 1.41373441 -0.04188943 0.51500884 -0.52645419 0.55815739 0.38219394
1778701962.45332408 -2.81660754 1.41322692 -0.03847218 0.51562581 -0.52512548 0.55785348 0.38363101
1778701962.46357107 -2.81756748 1.41221369 -0.03715417 0.51601333 -0.52398773 0.55783496 0.38469113
1778701962.47379255 -2.81659395 1.41593328 -0.03651124 0.51595710 -0.52327118 0.55748091 0.38625196
1778701962.48400879 -2.81710523 1.41721552 -0.03896279 0.51581240 -0.52221243 0.55768793 0.38757698
1778701962.49431539 -2.81693443 1.41936076 -0.03739664 0.51597646 -0.52165408 0.55731752 0.38864186
1778701962.50459623 -2.81686763 1.42219159 -0.03681953 0.51601567 -0.52072500 0.55705892 0.39020336
1778701962.51486111 -2.82073259 1.41844658 -0.04692196 0.51558280 -0.51980350 0.55830886 0.39021778
1778701962.52517438 -2.81756625 1.42668239 -0.03772226 0.51599508 -0.51954871 0.55668856 0.39232138
1778701962.52535081 -2.81657250 1.42932899 -0.03593651 0.51596482 -0.51915552 0.55640515 0.39328254
1778701962.53543496 -2.81796364 1.42956426 -0.04104754 0.51561207 -0.51847029 0.55691435 0.39392786
1778701962.54569936 -2.81777154 1.43387387 -0.04003573 0.51560871 -0.51787712 0.55640398 0.39543085
1778701962.55596590 -2.81668252 1.43924769 -0.03931206 0.51537369 -0.51743714 0.55594158 0.39696061
1778701962.55620575 -2.81890472 1.43641451 -0.04472247 0.51518514 -0.51742992 0.55659255 0.39630201
1778701962.56632805 -2.81593481 1.44522750 -0.04381321 0.51458857 -0.51682284 0.55601298 0.39867571
1778701962.57669139 -2.81543960 1.45123081 -0.04533991 0.51420574 -0.51667627 0.55557023 0.39997477
1778701962.58695292 -2.81690916 1.45416320 -0.05949881 0.51265148 -0.51586871 0.55695772 0.40108108
1778701962.59726119 -2.81254378 1.46575630 -0.05099615 0.51262239 -0.51549434 0.55528173 0.40391345
1778701962.60748076 -2.81202464 1.47215686 -0.05737177 0.51155266 -0.51476850 0.55556320 0.40580390
1778701962.61774802 -2.81053907 1.48067566 -0.06230489 0.51047383 -0.51452177 0.55544353 0.40763501
1778701962.62800860 -2.80919503 1.48739243 -0.06701978 0.50945390 -0.51374949 0.55560569 0.40965901
1778701962.63830066 -2.80593842 1.49903573 -0.06871826 0.50833743 -0.51312999 0.55506076 0.41255087
1778701962.64853096 -2.80406649 1.50832506 -0.07433875 0.50700421 -0.51221590 0.55513903 0.41521351
1778701962.65881348 -2.80294219 1.51620983 -0.08347975 0.50540440 -0.51126567 0.55567001 0.41761781
1778701962.66911817 -2.80249976 1.52148058 -0.08689034 0.50463642 -0.51045926 0.55573754 0.41943916
1778701962.67932391 -2.80009043 1.53190759 -0.09592083 0.50271469 -0.50913562 0.55622458 0.42269739
1778701962.68954182 -2.80008377 1.53766544 -0.11257208 0.50045895 -0.50803122 0.55770031 0.42475344
1778701962.69983912 -2.79708233 1.54740280 -0.11580870 0.49926468 -0.50751263 0.55739245 0.42717604
1778701962.71012616 -2.79547405 1.55613045 -0.12434038 0.49754375 -0.50611164 0.55783767 0.43025383
1778701962.72036934 -2.79447896 1.56352876 -0.13777032 0.49543818 -0.50502872 0.55880553 0.43269317
1778701962.73063779 -2.79425589 1.56809004 -0.14698614 0.49396833 -0.50369516 0.55960314 0.43489172
1778701962.74089408 -2.79297697 1.57584283 -0.15999709 0.49180909 -0.50234474 0.56052411 0.43770572
1778701962.75116777 -2.79325794 1.58093212 -0.17165380 0.49002591 -0.50080721 0.56146157 0.44025861
1778701962.76155353 -2.79164677 1.58912108 -0.18511918 0.48768338 -0.49914931 0.56240949 0.44352052
1778701962.77180600 -2.79304729 1.59055717 -0.19721196 0.48617743 -0.49787756 0.56362601 0.44505636
1778701962.78210497 -2.79291232 1.59585712 -0.21330359 0.48378951 -0.49600312 0.56501635 0.44797894
1778701962.79231811 -2.79176945 1.60353517 -0.21989261 0.48235021 -0.49462810 0.56509903 0.45093725
1778701962.80256128 -2.79149480 1.60766559 -0.23146641 0.48065389 -0.49356183 0.56595589 0.45283826
1778701962.81282449 -2.79242079 1.61068249 -0.25070293 0.47818200 -0.49197955 0.56766697 0.45503002
1778701962.82307720 -2.79147672 1.61768275 -0.25669706 0.47696090 -0.49097654 0.56755228 0.45753113
1778701962.83330035 -2.79265905 1.61951233 -0.26696843 0.47566230 -0.48992279 0.56836984 0.45899538
1778701962.84356141 -2.79833287 1.61328835 -0.29706205 0.47288247 -0.48845131 0.57174643 0.45924232
1778701962.85378551 -2.80002677 1.61555469 -0.30543420 0.47184381 -0.48713232 0.57221202 0.46112789
1778701962.86408758 -2.80027365 1.61942527 -0.30637972 0.47147960 -0.48618731 0.57184200 0.46295314
1778701962.86425161 -2.80058327 1.62020967 -0.30883656 0.47115260 -0.48584677 0.57197290 0.46348155
1778701962.87433004 -2.80193902 1.62137011 -0.31780644 0.47006311 -0.48464370 0.57267549 0.46497735
1778701962.88463235 -2.80486717 1.62116214 -0.33097184 0.46863101 -0.48296135 0.57388448 0.46667968
1778701962.89495039 -2.80883367 1.61865238 -0.34436253 0.46742972 -0.48131359 0.57521603 0.46794573
1778701962.90527320 -2.80846976 1.62346504 -0.34509040 0.46685978 -0.47963136 0.57486765 0.47066217
1778701962.91558862 -2.81511822 1.61497929 -0.36629139 0.46522796 -0.47759685 0.57746805 0.47116328
1778701962.92589808 -2.82601929 1.59891004 -0.38977755 0.46398576 -0.47500894 0.58094294 0.47073243
1778701962.93618727 -2.82002735 1.61504597 -0.37908367 0.46379858 -0.47401227 0.57847352 0.47494383
1778701962.94640899 -2.82630866 1.60857833 -0.38934027 0.46323476 -0.47164550 0.57984668 0.47617424
1778701962.95668554 -2.83744840 1.59094756 -0.41464771 0.46183840 -0.46883334 0.58359437 0.47572913
1778701962.96700406 -2.83730756 1.59485768 -0.41697696 0.46133237 -0.46771345 0.58328935 0.47769247
1778701962.97726822 -2.84096169 1.59421236 -0.41610947 0.46165189 -0.46566474 0.58300094 0.47973304
1778701962.98748827 -2.85210077 1.57774173 -0.43208846 0.46161881 -0.46405557 0.58546084 0.47832636
1778701962.99779725 -2.85630378 1.57580630 -0.43273489 0.46200710 -0.46239324 0.58531822 0.47973379
1778701963.00809431 -2.86234042 1.56580765 -0.44998037 0.46089190 -0.46047289 0.58758373 0.47988408
1778701963.01841331 -2.86855521 1.56159809 -0.44541472 0.46231982 -0.45933485 0.58703290 0.48027517
1778701963.02869081 -2.87245550 1.56088460 -0.44246101 0.46317653 -0.45820026 0.58636552 0.48134759
1778701963.03897858 -2.87671064 1.55684788 -0.44588297 0.46336807 -0.45700180 0.58673148 0.48185637
1778701963.04929829 -2.88169290 1.55179917 -0.45503058 0.46315515 -0.45586540 0.58756576 0.48212085
1778701963.05957079 -2.88565613 1.54851124 -0.45789378 0.46328555 -0.45454006 0.58786571 0.48288068
1778701963.06991625 -2.89331010 1.54104441 -0.45964255 0.46419297 -0.45271709 0.58810249 0.48343312
1778701963.08022451 -2.89489576 1.54338921 -0.45371706 0.46483702 -0.45143701 0.58711526 0.48520804
1778701963.09050894 -2.90012561 1.53729048 -0.46392537 0.46434438 -0.44976849 0.58825039 0.48585397
1778701963.10082436 -2.90402719 1.53590146 -0.46134033 0.46490819 -0.44788794 0.58781436 0.48757671
1778701963.11114836 -2.90868820 1.53024959 -0.46585421 0.46491277 -0.44630256 0.58848114 0.48822136
1778701963.12137890 -2.91341758 1.52720200 -0.46195048 0.46574371 -0.44433501 0.58804343 0.48974905
1778701963.13165236 -2.91643894 1.52805318 -0.45428383 0.46666813 -0.44242427 0.58695143 0.49190409
1778701963.14191484 -2.92242573 1.52013292 -0.45660562 0.46711500 -0.44075205 0.58759605 0.49221142
1778701963.14206362 -2.92355129 1.51930197 -0.45604824 0.46736636 -0.44055964 0.58746418 0.49230247
1778701963.15221858 -2.92636961 1.51850589 -0.45311042 0.46780227 -0.43902911 0.58706136 0.49373418
1778701963.16249967 -2.92945105 1.51862818 -0.44878466 0.46849557 -0.43758565 0.58627020 0.49529583
1778701963.17284131 -2.93421877 1.51575911 -0.44396624 0.46957727 -0.43622609 0.58565267 0.49620050
1778701963.18308687 -2.93585655 1.51876300 -0.43199237 0.47092327 -0.43522087 0.58398364 0.49777220
1778701963.19331813 -2.94071895 1.51503459 -0.43015068 0.47170451 -0.43383376 0.58370966 0.49856410
1778701963.20360732 -2.93870442 1.52559721 -0.41330100 0.47307497 -0.43330267 0.58090530 0.50099691
1778701963.20376468 -2.93858060 1.52717073 -0.41297551 0.47310421 -0.43330524 0.58061022 0.50130903
1778701963.21390057 -2.94081015 1.52722937 -0.41109795 0.47376278 -0.43317922 0.57999122 0.50151250
1778701963.22415209 -2.94308668 1.52954724 -0.40425922 0.47486257 -0.43265563 0.57866812 0.50245184
1778701963.23441911 -2.94193884 1.53904353 -0.39185225 0.47594290 -0.43203476 0.57624579 0.50474261
1778701963.24473691 -2.94099647 1.54486044 -0.38843825 0.47640852 -0.43244982 0.57493312 0.50544434
1778701963.24488473 -2.93853897 1.55170851 -0.38237804 0.47673645 -0.43271461 0.57364138 0.50637535
1778701963.25504398 -2.93763887 1.55723186 -0.38048882 0.47702034 -0.43304258 0.57253042 0.50708445
1778701963.26532507 -2.93692115 1.56594399 -0.36491044 0.47886411 -0.43334825 0.56974087 0.50822612
1778701963.27565551 -2.94171809 1.56277110 -0.35752736 0.48124955 -0.43497330 0.56838330 0.50610031
1778701963.28590870 -2.94030184 1.57127968 -0.33952010 0.48369403 -0.43688654 0.56526373 0.50561562
1778701963.29619741 -2.93241853 1.59262157 -0.31451723 0.48549149 -0.43747335 0.56046118 0.50872228
1778701963.30643606 -2.93434264 1.59214038 -0.31906807 0.48580025 -0.43800684 0.56025171 0.50819892
1778701963.31674099 -2.93302941 1.59854782 -0.30873989 0.48707019 -0.43850436 0.55824288 0.50876463
1778701963.32706618 -2.93275914 1.60308592 -0.30121762 0.48843792 -0.43936144 0.55642622 0.50870403
1778701963.33730817 -2.93243749 1.60723795 -0.29699081 0.48938982 -0.44007107 0.55499923 0.50873462
1778701963.34763908 -2.93110014 1.61279893 -0.29127474 0.49035055 -0.44073221 0.55331151 0.50907546
1778701963.35793710 -2.93119863 1.61509813 -0.28338809 0.49171128 -0.44125276 0.55180607 0.50894604
1778701963.36818099 -2.93072158 1.61845046 -0.27852492 0.49277504 -0.44189388 0.55037432 0.50891126
1778701963.37840486 -2.93289536 1.61695904 -0.27481380 0.49410146 -0.44229138 0.54948539 0.50824000
1778701963.38870621 -2.93358232 1.61770131 -0.26547275 0.49540475 -0.44159148 0.54817021 0.50899953
1778701963.39897013 -2.93487212 1.61690839 -0.26401976 0.49631497 -0.44178612 0.54747174 0.50869555
1778701963.40937066 -2.93848649 1.61236449 -0.25743271 0.49806003 -0.44148038 0.54664143 0.50814804
1778701963.41979003 -2.93922768 1.61187998 -0.25562797 0.49876277 -0.44152315 0.54604375 0.50806419
1778701963.43009210 -2.93752653 1.61644211 -0.24578055 0.49985702 -0.44079741 0.54422551 0.50956766
1778701963.44040799 -2.94240691 1.60871920 -0.24920809 0.50083912 -0.44094513 0.54460058 0.50807262
1778701963.45071387 -2.93880599 1.61631002 -0.23973824 0.50171887 -0.44071896 0.54251711 0.50962747
1778701963.46105266 -2.93929459 1.61557110 -0.24059869 0.50197373 -0.44025729 0.54230000 0.51000647
1778701963.47135353 -2.93898170 1.61685745 -0.23384318 0.50314148 -0.43996917 0.54099292 0.51049235
1778701963.48164868 -2.93881259 1.61736837 -0.23056015 0.50387416 -0.43937396 0.54014486 0.51117989
1778701963.49199629 -2.94202391 1.61124261 -0.23357222 0.50452425 -0.43924059 0.54050827 0.51026836
1778701963.49221158 -2.94174991 1.61173739 -0.23241628 0.50471557 -0.43912067 0.54023435 0.51047241
1778701963.50232553 -2.94221757 1.61082636 -0.22911170 0.50555083 -0.43891705 0.53957494 0.51051843
1778701963.51261997 -2.94247220 1.60953980 -0.23119836 0.50583333 -0.43837909 0.53939104 0.51089503
1778701963.52285695 -2.94273005 1.60817428 -0.23200006 0.50638426 -0.43825701 0.53901550 0.51085033
1778701963.53316379 -2.94484532 1.60354776 -0.23283197 0.50697990 -0.43763852 0.53911524 0.51068450
1778701963.54340744 -2.94455387 1.60247652 -0.23746721 0.50703850 -0.43748630 0.53910761 0.51076480
1778701963.55369401 -2.94500199 1.60014427 -0.23808887 0.50746801 -0.43658542 0.53891067 0.51131661
1778701963.56394386 -2.94690989 1.59525867 -0.23977770 0.50812822 -0.43643859 0.53902243 0.51066809
1778701963.57425046 -2.94528412 1.59581137 -0.24262473 0.50823797 -0.43629975 0.53868077 0.51103788
1778701963.58449221 -2.94603982 1.59127935 -0.24980106 0.50830105 -0.43604305 0.53917093 0.51067721
1778701963.59471035 -2.94515402 1.59096051 -0.25283125 0.50822310 -0.43554678 0.53916344 0.51118593
1778701963.59486938 -2.94408730 1.59195995 -0.25208564 0.50833395 -0.43549798 0.53884229 0.51145585
1778701963.60497761 -2.94099135 1.59495190 -0.25685259 0.50787698 -0.43553058 0.53863419 0.51210087
1778701963.61527777 -2.93948536 1.59418402 -0.26146049 0.50782770 -0.43516231 0.53860288 0.51249559
1778701963.62549806 -2.93889415 1.59122586 -0.26977532 0.50765607 -0.43507287 0.53905945 0.51226148
1778701963.63575816 -2.93925905 1.58755658 -0.27434305 0.50774201 -0.43467338 0.53941157 0.51214476
1778701963.64604020 -2.93787736 1.58503788 -0.28647024 0.50724880 -0.43527162 0.54009877 0.51140062
1778701963.65625525 -2.93618836 1.58280870 -0.29889349 0.50652718 -0.43532409 0.54089690 0.51122764
1778701963.66649580 -2.93506496 1.58054195 -0.31090988 0.50596018 -0.43617783 0.54167612 0.51023541
1778701963.67680359 -2.93021026 1.58385712 -0.32277716 0.50497725 -0.43694023 0.54188307 0.51033710
1778701963.68703198 -2.92618616 1.58555698 -0.33501405 0.50418681 -0.43797103 0.54220105 0.50989711
1778701963.69730806 -2.92334051 1.58525387 -0.35088448 0.50306018 -0.43907437 0.54318903 0.50900867
1778701963.70760632 -2.91784590 1.58881175 -0.36353305 0.50212179 -0.44036120 0.54333587 0.50866674
1778701963.71789956 -2.91261170 1.59182820 -0.37686801 0.50124974 -0.44197592 0.54357876 0.50786623
1778701963.72816467 -2.90819471 1.59427252 -0.38961725 0.50035126 -0.44345726 0.54397831 0.50703242
1778701963.73845172 -2.89974741 1.60213750 -0.40503864 0.49878331 -0.44536112 0.54402349 0.50686007
1778701963.74875903 -2.89231936 1.60618795 -0.42723309 0.49676910 -0.44727156 0.54503505 0.50606858
1778701963.75902510 -2.88801712 1.60506768 -0.44473355 0.49556923 -0.44834624 0.54610330 0.50514154
1778701963.76935148 -2.88393469 1.60611411 -0.45693378 0.49458294 -0.44912770 0.54671253 0.50475483
1778701963.77965403 -2.87634186 1.61057278 -0.47487604 0.49279828 -0.45040760 0.54740854 0.50460552
1778701963.78995252 -2.87130813 1.60874576 -0.49722372 0.49087422 -0.45097025 0.54910712 0.50413262
1778701963.80027652 -2.86514008 1.61161381 -0.51463940 0.48886336 -0.45144611 0.55016894 0.50450289
1778701963.80045986 -2.86450985 1.61063698 -0.51658017 0.48888086 -0.45150266 0.55025979 0.50433620
1778701963.81063795 -2.85895488 1.61254583 -0.53246587 0.48716407 -0.45198145 0.55123548 0.50450310
1778701963.82093811 -2.85156877 1.61306283 -0.55837620 0.48445325 -0.45241773 0.55312007 0.50465972
1778701963.83124304 -2.84444408 1.61350506 -0.58270863 0.48194918 -0.45296582 0.55490772 0.50460318
1778701963.84156775 -2.83744113 1.61752806 -0.59767914 0.48015077 -0.45341578 0.55558553 0.50516738
1778701963.85189533 -2.82893256 1.62014802 -0.62208250 0.47744069 -0.45404677 0.55719117 0.50540075
1778701963.86216497 -2.82135760 1.62194037 -0.64205927 0.47536569 -0.45443050 0.55840851 0.50566820
1778701963.87245107 -2.81708702 1.61875817 -0.66338846 0.47340801 -0.45458372 0.56032509 0.50524676
1778701963.87260580 -2.81440487 1.61994092 -0.67018598 0.47259233 -0.45473184 0.56073096 0.50542678
1778701963.88275933 -2.80886571 1.62154593 -0.68217341 0.47155893 -0.45540998 0.56126891 0.50518426
1778701963.89302206 -2.79894532 1.62636317 -0.70402848 0.46906590 -0.45623399 0.56235404 0.50555481
1778701963.90335894 -2.79366402 1.62377012 -0.72395119 0.46752159 -0.45659345 0.56392997 0.50490492
1778701963.91362643 -2.78892470 1.62542375 -0.73296264 0.46683207 -0.45706588 0.56424569 0.50476272
1778701963.92398143 -2.78271224 1.62509314 -0.75036741 0.46541967 -0.45749790 0.56538189 0.50440412
1778701963.93435502 -2.77526583 1.62490652 -0.77252560 0.46345120 -0.45819773 0.56693184 0.50384136
1778701963.94463229 -2.77105213 1.62617444 -0.78022790 0.46298031 -0.45854623 0.56714336 0.50371916
1778701963.95487881 -2.76542733 1.62550626 -0.79726071 0.46142842 -0.45893607 0.56840776 0.50336281
1778701963.95507646 -2.76394180 1.62561003 -0.80113160 0.46118242 -0.45916507 0.56862898 0.50312951
1778701963.96523356 -2.75521194 1.62915451 -0.81830850 0.45944829 -0.45986455 0.56936511 0.50324470
1778701963.97549510 -2.74963489 1.62832876 -0.83332567 0.45845689 -0.46038816 0.57031651 0.50259237
1778701963.98572016 -2.74377637 1.62933563 -0.84679467 0.45721557 -0.46083897 0.57106963 0.50245482
1778701963.99603128 -2.73826301 1.62734139 -0.86281349 0.45596505 -0.46091041 0.57223743 0.50219696
1778701964.00627661 -2.73146539 1.62708146 -0.87950646 0.45451720 -0.46126839 0.57325100 0.50202478
1778701964.01660824 -2.72600412 1.62532805 -0.89567407 0.45300531 -0.46143392 0.57449182 0.50182076
1778701964.02689528 -2.71747548 1.62743887 -0.91251981 0.45119976 -0.46186053 0.57530652 0.50212153
1778701964.03721833 -2.70951557 1.62833102 -0.92912879 0.44963361 -0.46252196 0.57619065 0.50190377
1778701964.04748034 -2.70314555 1.62769092 -0.94478739 0.44793005 -0.46255251 0.57724762 0.50218425
1778701964.04766536 -2.70236719 1.62648234 -0.94803475 0.44774435 -0.46252885 0.57754055 0.50203483
1778701964.05777550 -2.69386340 1.62842291 -0.96442891 0.44587201 -0.46327569 0.57837406 0.50205302
1778701964.06809592 -2.68749460 1.62422498 -0.98434063 0.44394146 -0.46300474 0.58000886 0.50212778
1778701964.07831478 -2.67566159 1.62766881 -1.00523065 0.44125446 -0.46371273 0.58095385 0.50275006
1778701964.08860707 -2.67000556 1.61875165 -1.03176382 0.43875743 -0.46356704 0.58362994 0.50196972
1778701964.09891462 -2.65931639 1.61477307 -1.06147763 0.43496491 -0.46269563 0.58602446 0.50328284
1778701964.10915685 -2.65270506 1.61453532 -1.07300963 0.43429097 -0.46395663 0.58643353 0.50222636
1778701964.11942244 -2.64993629 1.61006450 -1.08326402 0.43368574 -0.46391439 0.58734171 0.50172686
1778701964.12969708 -2.63761030 1.61373666 -1.10362921 0.43082931 -0.46422555 0.58813758 0.50296614
1778701964.13994670 -2.62886831 1.61443450 -1.11969791 0.42941181 -0.46548664 0.58885464 0.50217317
1778701964.15019345 -2.62334312 1.61659960 -1.12633363 0.42880479 -0.46598971 0.58877358 0.50232033
1778701964.15035796 -2.62107812 1.61652025 -1.13092105 0.42846140 -0.46645365 0.58902315 0.50188998
1778701964.16040754 -2.61476758 1.61539020 -1.14530018 0.42734682 -0.46751940 0.58991070 0.50080502
1778701964.17065501 -2.60770547 1.61632183 -1.15742186 0.42665570 -0.46892731 0.59030378 0.49961339
1778701964.18094969 -2.60355133 1.61663261 -1.16446778 0.42650986 -0.46994028 0.59043770 0.49862692
1778701964.18111563 -2.60124761 1.61758890 -1.16797869 0.42627774 -0.47048713 0.59050231 0.49823304
1778701964.19125319 -2.59672951 1.61905254 -1.17451140 0.42602652 -0.47140174 0.59051167 0.49757188
1778701964.20150399 -2.59076463 1.62049290 -1.18453657 0.42586514 -0.47320522 0.59070293 0.49576784
1778701964.21179390 -2.58309357 1.62442913 -1.19518515 0.42529458 -0.47503209 0.59073425 0.49447151
1778701964.22205019 -2.57795614 1.62823058 -1.20045351 0.42515520 -0.47632818 0.59042060 0.49371859
1778701964.23234606 -2.57375780 1.62634661 -1.21208888 0.42480607 -0.47726828 0.59106800 0.49233465
1778701964.24256706 -2.56843729 1.63024579 -1.21785156 0.42535661 -0.47986328 0.59071334 0.48975579
1778701964.25287271 -2.56466455 1.62943149 -1.22699865 0.42465161 -0.47993097 0.59121647 0.48969415
1778701964.26313901 -2.55979043 1.63590427 -1.22813053 0.42548483 -0.48230466 0.59022331 0.48783328
1778701964.27337646 -2.55808950 1.63704691 -1.23004862 0.42648971 -0.48383488 0.58984550 0.48589362
1778701964.28369498 -2.55250151 1.63847424 -1.24030717 0.42556994 -0.48456593 0.59022711 0.48550803
1778701964.28387904 -2.55029569 1.63902308 -1.24443411 0.42460918 -0.48361264 0.59039615 0.48709163
1778701964.29397178 -2.54891703 1.63899630 -1.24694422 0.42475237 -0.48356840 0.59023285 0.48720859
1778701964.30430293 -2.54934132 1.63714721 -1.24856321 0.42580360 -0.48431160 0.59011632 0.48569157
1778701964.31456447 -2.55165252 1.63170761 -1.25133206 0.42659809 -0.48395555 0.59044150 0.48495354
1778701964.32488418 -2.55272873 1.62697132 -1.25550031 0.42695991 -0.48370368 0.59090515 0.48432127
1778701964.33520007 -2.55197543 1.62527824 -1.25943054 0.42693964 -0.48309168 0.59092363 0.48492703
1778701964.34557414 -2.55014705 1.62370835 -1.26599600 0.42634611 -0.48218933 0.59116097 0.48605673
1778701964.35585451 -2.55408136 1.61740560 -1.26656917 0.42732522 -0.48167051 0.59147839 0.48532462
1778701964.35602427 -2.55244123 1.61921581 -1.26776617 0.42732672 -0.48226731 0.59130299 0.48494421
1778701964.36612058 -2.55092708 1.61370695 -1.27922776 0.42587355 -0.48047119 0.59238956 0.48667624
1778701964.37637949 -2.55178978 1.61200232 -1.28062634 0.42644988 -0.48032994 0.59219155 0.48655197
1778701964.38671684 -2.55552789 1.60845888 -1.27906235 0.42747626 -0.47951118 0.59190665 0.48680549
1778701964.39700484 -2.55262699 1.60987135 -1.28426605 0.42666332 -0.47897125 0.59180864 0.48816748
1778701964.40730596 -2.55453801 1.60742744 -1.28564218 0.42774436 -0.47969489 0.59171001 0.48662803
1778701964.41759944 -2.55268066 1.60594707 -1.29341369 0.42614281 -0.47717999 0.59189269 0.49026993
1778701964.42785215 -2.55308242 1.60507457 -1.29536519 0.42646657 -0.47722570 0.59176228 0.49010131
1778701964.43811727 -2.55100839 1.60556017 -1.30155958 0.42591031 -0.47701196 0.59170634 0.49086006
1778701964.44834304 -2.55158951 1.60067617 -1.30929182 0.42556628 -0.47626352 0.59229058 0.49118048
1778701964.45865941 -2.55236464 1.60285906 -1.30667332 0.42659878 -0.47712905 0.59148269 0.49041776
1778701964.45882273 -2.55275855 1.60302124 -1.30648174 0.42672598 -0.47706465 0.59133157 0.49055197
1778701964.46893930 -2.55316776 1.60148094 -1.30991150 0.42637564 -0.47602424 0.59129796 0.49190595
1778701964.47925115 -2.55305159 1.60289647 -1.31140339 0.42671571 -0.47629968 0.59073089 0.49202574
1778701964.48947263 -2.55459609 1.60217102 -1.31238213 0.42718387 -0.47606932 0.59031494 0.49234156
1778701964.49973226 -2.55399218 1.60074269 -1.31795127 0.42667494 -0.47552629 0.59047615 0.49311373
1778701964.51007390 -2.56070446 1.59821031 -1.31084593 0.42872494 -0.47532142 0.58955906 0.49263028
1778701964.52030802 -2.56439085 1.59244891 -1.31427557 0.42891140 -0.47395824 0.58977014 0.49352789
1778701964.53064585 -2.56548319 1.59618610 -1.30976520 0.42947832 -0.47361955 0.58856673 0.49479501
1778701964.54097319 -2.57387420 1.59028554 -1.30410887 0.43203246 -0.47408079 0.58814352 0.49262821
1778701964.55126929 -2.58004506 1.58741895 -1.29932638 0.43270776 -0.47179252 0.58732079 0.49520714
1778701964.56151676 -2.58243085 1.58617980 -1.29934132 0.43364541 -0.47235375 0.58702958 0.49419618
1778701964.57181811 -2.59204236 1.58201051 -1.28945912 0.43671200 -0.47290822 0.58604838 0.49212574
1778701964.58221769 -2.59560820 1.58308254 -1.28593811 0.43714273 -0.47160645 0.58498907 0.49424829
1778701964.59253478 -2.59814097 1.58528745 -1.28312880 0.43720174 -0.47011954 0.58386320 0.49693664
1778701964.60282159 -2.60187704 1.58565819 -1.27916220 0.43781804 -0.46927374 0.58301782 0.49818444
1778701964.61310196 -2.60843610 1.58491455 -1.27237211 0.43948109 -0.46896259 0.58192931 0.49828580
1778701964.62336373 -2.61522835 1.58303630 -1.26650721 0.44071833 -0.46783593 0.58099874 0.49933693
1778701964.63368440 -2.61788649 1.58430503 -1.26417112 0.44107299 -0.46718735 0.58021104 0.50054545
1778701964.63386655 -2.61984699 1.58403522 -1.26210315 0.44133409 -0.46666293 0.57990667 0.50115685
1778701964.64399052 -2.62470815 1.58208019 -1.25945233 0.44195525 -0.46553134 0.57940489 0.50224108
1778701964.65438414 -2.63216147 1.58079670 -1.25182965 0.44318313 -0.46393838 0.57826648 0.50394224
1778701964.66469145 -2.63808896 1.57784336 -1.24833667 0.44383608 -0.46238635 0.57778090 0.50534902
1778701964.67499423 -2.64535919 1.57665681 -1.24149045 0.44504754 -0.46096277 0.57669948 0.50681724
1778701964.68530917 -2.65514732 1.57207752 -1.23368219 0.44648786 -0.45882362 0.57586200 0.50844118
1778701964.69561076 -2.66287865 1.57197801 -1.22506778 0.44791207 -0.45742399 0.57455461 0.50992653
1778701964.70589304 -2.67085163 1.56867029 -1.21795370 0.44904655 -0.45556615 0.57379819 0.51144141
1778701964.70607328 -2.67274063 1.57002688 -1.21423081 0.44959522 -0.45542371 0.57322522 0.51172867
1778701964.71618176 -2.67804721 1.57163349 -1.20701765 0.45055361 -0.45429399 0.57202377 0.51323213
1778701964.72651505 -2.68653185 1.57100814 -1.19792118 0.45185838 -0.45235221 0.57072549 0.51524159
1778701964.73680377 -2.69331937 1.57117239 -1.19181365 0.45278046 -0.45077734 0.56962840 0.51702334
1778701964.74715781 -2.69996202 1.57116091 -1.18404176 0.45398567 -0.44950297 0.56855170 0.51825965
1778701964.75741768 -2.70847609 1.57111057 -1.17449703 0.45531891 -0.44758800 0.56719455 0.52023073
1778701964.76773739 -2.71328491 1.57476667 -1.16888038 0.45579874 -0.44615349 0.56580823 0.52254723
1778701964.77798390 -2.72025758 1.57472771 -1.16028632 0.45718014 -0.44497197 0.56469756 0.52354840
1778701964.78831625 -2.72782041 1.57549144 -1.15188144 0.45815454 -0.44294583 0.56337308 0.52583664
1778701964.79859400 -2.73436224 1.57709340 -1.14471591 0.45887826 -0.44099964 0.56206359 0.52823724
1778701964.80891323 -2.74302889 1.57678599 -1.13472708 0.46018189 -0.43890295 0.56071906 0.53027442
1778701964.81921577 -2.74888462 1.57740897 -1.12729478 0.46115365 -0.43752441 0.55964316 0.53170409
1778701964.82960892 -2.75424555 1.58058686 -1.11993681 0.46184592 -0.43595758 0.55817191 0.53393207
1778701964.83988118 -2.76789389 1.57482438 -1.10389071 0.46434092 -0.43309175 0.55686606 0.53546170
1778701964.85009551 -2.77268560 1.57532403 -1.09856731 0.46497814 -0.43177007 0.55596645 0.53690898
1778701964.86041975 -2.78474027 1.56921444 -1.08546610 0.46692052 -0.42890662 0.55491368 0.53860482
1778701964.87068343 -2.79298021 1.56781690 -1.07523789 0.46835605 -0.42697895 0.55367096 0.54016668
1778701964.88093519 -2.80272585 1.56204841 -1.06449747 0.46977631 -0.42437453 0.55289882 0.54177427
1778701964.89124298 -2.81225981 1.55815974 -1.05321325 0.47128397 -0.42190854 0.55177609 0.54353266
1778701964.90157294 -2.82106687 1.55488775 -1.04260732 0.47246095 -0.41930424 0.55064231 0.54567175
1778701964.91183472 -2.83217310 1.54794536 -1.03013428 0.47399679 -0.41616122 0.54971630 0.54767588
1778701964.92209768 -2.83853864 1.54493024 -1.02255776 0.47481942 -0.41421074 0.54895425 0.54920417
1778701964.93237829 -2.84641304 1.53997948 -1.01553821 0.47544799 -0.41143539 0.54825739 0.55143809
1778701964.94269872 -2.85462608 1.53622734 -1.00468597 0.47663516 -0.40898854 0.54714703 0.55333302
1778701964.95293236 -2.86198881 1.53090140 -0.99661431 0.47754709 -0.40673217 0.54656283 0.55478536
1778701964.96326494 -2.86881736 1.52711211 -0.98945708 0.47834399 -0.40460976 0.54576083 0.55643786
1778701964.97351956 -2.87515759 1.52492928 -0.98077796 0.47926511 -0.40263006 0.54467765 0.55813999
1778701964.98377633 -2.88062959 1.52354721 -0.97148171 0.48027689 -0.40103413 0.54360627 0.55946221
1778701964.98395324 -2.88349668 1.52112533 -0.96809403 0.48069331 -0.40019317 0.54342052 0.55988705
1778701964.99410129 -2.88585084 1.52261179 -0.96360903 0.48139056 -0.39989633 0.54250376 0.56038891
1778701965.00439429 -2.89059183 1.52312739 -0.95501288 0.48275476 -0.39919513 0.54121229 0.56096376
1778701965.01466227 -2.89532742 1.52558916 -0.94285056 0.48435091 -0.39835480 0.53943853 0.56189298
1778701965.02500129 -2.89664977 1.53078960 -0.93548306 0.48530132 -0.39836139 0.53793174 0.56251246
1778701965.03530693 -2.89974505 1.53511797 -0.92521655 0.48708160 -0.39855250 0.53616551 0.56252464
1778701965.04562092 -2.90294282 1.53869902 -0.91529312 0.48890417 -0.39875064 0.53451113 0.56237753
1778701965.05592585 -2.90419252 1.54404263 -0.90733938 0.49028394 -0.39930464 0.53298790 0.56222893
1778701965.06613827 -2.90604876 1.55041393 -0.89678652 0.49238960 -0.40034806 0.53104586 0.56148393
1778701965.07634616 -2.90765239 1.55674081 -0.88655839 0.49443836 -0.40134699 0.52914117 0.56076816
1778701965.08669376 -2.90760148 1.56517639 -0.87771129 0.49607963 -0.40245840 0.52715704 0.56039066
1778701965.09698892 -2.90934678 1.56827922 -0.87027578 0.49743729 -0.40269147 0.52593667 0.56016636
1778701965.10726762 -2.91025296 1.57413719 -0.86132245 0.49933293 -0.40374871 0.52422778 0.55931997
1778701965.11757994 -2.91252928 1.57850679 -0.84951516 0.50125916 -0.40386511 0.52240698 0.55921658
1778701965.12787461 -2.91283729 1.58247977 -0.84358677 0.50239888 -0.40436827 0.52126247 0.55889812
1778701965.13816524 -2.91586086 1.58342874 -0.83385157 0.50384851 -0.40360055 0.51997431 0.55934783
1778701965.14843774 -2.91894018 1.58329440 -0.82514698 0.50538006 -0.40306756 0.51891105 0.55933787
1778701965.15875506 -2.92144979 1.58234992 -0.81919729 0.50627070 -0.40201782 0.51816463 0.55997952
1778701965.16905236 -2.92282070 1.58179661 -0.81564142 0.50678416 -0.40125544 0.51767240 0.56051688
1778701965.17938757 -2.92702135 1.57711222 -0.80931761 0.50757573 -0.39924509 0.51725935 0.56161642
1778701965.18968797 -2.93082079 1.57298397 -0.80232349 0.50841460 -0.39731283 0.51673957 0.56270536
1778701965.19998765 -2.93218652 1.57008594 -0.80184691 0.50847980 -0.39617499 0.51675072 0.56343798
1778701965.21048450 -2.93698559 1.56257673 -0.79655616 0.50916183 -0.39381836 0.51670494 0.56451513
1778701965.22079420 -2.94095882 1.55772786 -0.78829022 0.51000839 -0.39156371 0.51614440 0.56583059
1778701965.23112226 -2.94318744 1.55073552 -0.79034820 0.50989233 -0.38980185 0.51667394 0.56666777
1778701965.24144626 -2.94524050 1.54699451 -0.78724942 0.51016177 -0.38826843 0.51652453 0.56761343
1778701965.25175667 -2.94773992 1.54075805 -0.78588644 0.51039624 -0.38646677 0.51666321 0.56850528
1778701965.26203156 -2.94861090 1.53668121 -0.78572954 0.51051671 -0.38523337 0.51670914 0.56919207
1778701965.27229261 -2.95095871 1.53147323 -0.78300335 0.51104476 -0.38394205 0.51670866 0.56959102
1778701965.28262401 -2.95471337 1.52313875 -0.77981003 0.51190381 -0.38235666 0.51690187 0.56971074
1778701965.29288888 -2.95593492 1.51793015 -0.77933497 0.51238227 -0.38141511 0.51699392 0.56982823
1778701965.30323172 -2.95479256 1.51735421 -0.77854326 0.51288697 -0.38135407 0.51661862 0.56975541
1778701965.31350040 -2.95364402 1.51509127 -0.78254541 0.51282904 -0.38136606 0.51690607 0.56953877
1778701965.32376790 -2.95185365 1.51496815 -0.78340122 0.51350675 -0.38205321 0.51663551 0.56871250
1778701965.33402157 -2.95201260 1.51134360 -0.78395611 0.51451448 -0.38245612 0.51669814 0.56747264
1778701965.34435177 -2.94790315 1.51506459 -0.78792324 0.51457396 -0.38370273 0.51641524 0.56683433
1778701965.35461259 -2.94271979 1.52016343 -0.79146244 0.51499025 -0.38558641 0.51588966 0.56565539
1778701965.36491513 -2.93782082 1.52415734 -0.79584966 0.51551411 -0.38764447 0.51558019 0.56405145
1778701965.37520504 -2.93447379 1.52710886 -0.79807259 0.51600827 -0.38909537 0.51524816 0.56290282
1778701965.38544536 -2.92674742 1.53269741 -0.80959429 0.51552802 -0.39155955 0.51544173 0.56145507
1778701965.39577293 -2.92187436 1.53554532 -0.81572300 0.51565051 -0.39316128 0.51545341 0.56021116
1778701965.40613556 -2.91724655 1.53689655 -0.82298798 0.51565260 -0.39456458 0.51571755 0.55897817
1778701965.41641450 -2.91035517 1.54119148 -0.83424932 0.51452561 -0.39588113 0.51610826 0.55872515
1778701965.42680955 -2.90315413 1.54466513 -0.84574955 0.51365381 -0.39739052 0.51656748 0.55803098
1778701965.43714905 -2.89584076 1.54617646 -0.86055596 0.51220946 -0.39841733 0.51749403 0.55776790
1778701965.44742250 -2.89017057 1.54684381 -0.87306916 0.51090128 -0.39908301 0.51837694 0.55767193
1778701965.44760776 -2.88835848 1.54720600 -0.87655839 0.51062481 -0.39943670 0.51859930 0.55746515
1778701965.45771050 -2.88382215 1.54696357 -0.88601080 0.50965013 -0.39974439 0.51928213 0.55750089
1778701965.46801066 -2.87628146 1.54839309 -0.90032654 0.50827469 -0.40082420 0.52020297 0.55712267
1778701965.47835469 -2.86844138 1.55037495 -0.91403120 0.50699601 -0.40203238 0.52102190 0.55665177
1778701965.48861837 -2.86296877 1.55103241 -0.92393447 0.50630902 -0.40311726 0.52169726 0.55585935
1778701965.49907970 -2.85561145 1.55079450 -0.93881322 0.50508919 -0.40427332 0.52282829 0.55506628
1778701965.50934863 -2.84962131 1.54729732 -0.95452545 0.50399443 -0.40514850 0.52436361 0.55397393
1778701965.51965070 -2.84762055 1.54557743 -0.95898402 0.50374748 -0.40523985 0.52482229 0.55369730
1778701965.52991271 -2.84120240 1.54018450 -0.97606912 0.50274918 -0.40608206 0.52662248 0.55227655
1778701965.54019380 -2.83755166 1.53244596 -0.99027478 0.50188967 -0.40607525 0.52843288 0.55133324
1778701965.55045319 -2.83236386 1.52714353 -1.00484953 0.50098346 -0.40659210 0.53006480 0.55020882
1778701965.56078577 -2.82466999 1.52569610 -1.02288433 0.49832655 -0.40600991 0.53153250 0.55163376
1778701965.57113409 -2.81950084 1.51904401 -1.03887351 0.49710170 -0.40615879 0.53339834 0.55082769
1778701965.58142686 -2.81463044 1.51290329 -1.05325496 0.49611281 -0.40636708 0.53508658 0.54992748
1778701965.59177041 -2.80985265 1.50923600 -1.06541848 0.49497313 -0.40643946 0.53636288 0.54965756
1778701965.60206699 -2.80386858 1.50358027 -1.08175343 0.49357861 -0.40664079 0.53814497 0.54902042
1778701965.61235785 -2.79636640 1.50096792 -1.09749467 0.49219749 -0.40735992 0.53959427 0.54830425
1778701965.62264466 -2.79073145 1.49914221 -1.10930787 0.49124357 -0.40802453 0.54067641 0.54759909
1778701965.62282586 -2.78905754 1.49821932 -1.11282424 0.49089053 -0.40806663 0.54101953 0.54754541
1778701965.63299179 -2.78384001 1.49563637 -1.12420077 0.48993475 -0.40851962 0.54212241 0.54697254
1778701965.64331293 -2.77707611 1.49287342 -1.13743156 0.48880312 -0.40900269 0.54335006 0.54640554
1778701965.65361547 -2.76905060 1.49174224 -1.15142163 0.48759204 -0.40991394 0.54448759 0.54567191
1778701965.66396379 -2.76332386 1.48997397 -1.16218900 0.48667480 -0.41049389 0.54544634 0.54509696
1778701965.67431498 -2.75566647 1.48704336 -1.17712720 0.48538778 -0.41121038 0.54682181 0.54432586
1778701965.68461132 -2.74867218 1.48477994 -1.18917680 0.48461902 -0.41216450 0.54790992 0.54319384
1778701965.69497132 -2.74138779 1.48315104 -1.20095859 0.48359917 -0.41282453 0.54887808 0.54262381
1778701965.70534062 -2.73567812 1.48121681 -1.21106860 0.48279166 -0.41343791 0.54978666 0.54195567
1778701965.71562886 -2.72703150 1.47893732 -1.22646590 0.48144170 -0.41444047 0.55114055 0.54101487
1778701965.72594786 -2.71947081 1.47601304 -1.23970170 0.48020556 -0.41496479 0.55233508 0.54049312
1778701965.73630381 -2.71407525 1.47339699 -1.24941457 0.47936753 -0.41534755 0.55325838 0.53999848
1778701965.74655628 -2.70593898 1.47255942 -1.26137134 0.47840432 -0.41634682 0.55418275 0.53913460
1778701965.75686646 -2.69788721 1.46874177 -1.27612354 0.47711147 -0.41705261 0.55560186 0.53827347
1778701965.76722455 -2.69123428 1.46465775 -1.28796570 0.47613301 -0.41742127 0.55678427 0.53763195
1778701965.77744937 -2.68638707 1.46250954 -1.29558305 0.47590594 -0.41829437 0.55755812 0.53635090
1778701965.78776622 -2.67927912 1.45942553 -1.30696184 0.47508737 -0.41901078 0.55862227 0.53540929
1778701965.79805517 -2.67427578 1.45486876 -1.31542902 0.47480923 -0.41952905 0.55961189 0.53421541
1778701965.80839896 -2.66906670 1.45368827 -1.32235062 0.47444259 -0.42029405 0.56019451 0.53332847
1778701965.81876659 -2.66210145 1.45215032 -1.33149790 0.47406892 -0.42153603 0.56098727 0.53184520
1778701965.82905650 -2.65651175 1.45101662 -1.33754944 0.47379389 -0.42222206 0.56144389 0.53106369
1778701965.83938265 -2.65029973 1.44962332 -1.34502489 0.47335577 -0.42298599 0.56203411 0.53022149
1778701965.84967875 -2.64640143 1.44826567 -1.34953359 0.47312795 -0.42336437 0.56241026 0.52972374
1778701965.86000586 -2.64046942 1.44711030 -1.35646848 0.47290269 -0.42438508 0.56301081 0.52846871
1778701965.87029910 -2.63644693 1.44314807 -1.36267775 0.47256906 -0.42446351 0.56373834 0.52792831
1778701965.88061261 -2.63610822 1.43873129 -1.36365900 0.47293547 -0.42419653 0.56414456 0.52738056
1778701965.89096308 -2.63309941 1.43447519 -1.36840518 0.47300209 -0.42444130 0.56486006 0.52635703
1778701965.90126991 -2.63159630 1.43016383 -1.37051703 0.47330657 -0.42426055 0.56533457 0.52571923
1778701965.91162658 -2.62925627 1.42740379 -1.37312749 0.47381872 -0.42477837 0.56577906 0.52435982
1778701965.92189407 -2.62962481 1.42306886 -1.37345439 0.47440207 -0.42456396 0.56617297 0.52358027
1778701965.93218207 -2.62938993 1.41862369 -1.37407665 0.47507137 -0.42445542 0.56660013 0.52259840
1778701965.94245505 -2.63094648 1.41394588 -1.37168750 0.47624127 -0.42421363 0.56680830 0.52150302
1778701965.95278645 -2.63099185 1.41073536 -1.37191984 0.47678079 -0.42410422 0.56710425 0.52077679
1778701965.96315503 -2.63314487 1.40593563 -1.36906531 0.47808583 -0.42387515 0.56732827 0.51952135
1778701965.97344255 -2.63585526 1.40197092 -1.36435131 0.47928367 -0.42318289 0.56725321 0.51906377
1778701965.98374987 -2.63776638 1.39860761 -1.36167488 0.48023239 -0.42288774 0.56733788 0.51833440
1778701965.98389482 -2.63932454 1.39631196 -1.36025988 0.48070765 -0.42262918 0.56743435 0.51799902
1778701965.99406767 -2.64091472 1.39355629 -1.35767032 0.48159660 -0.42237066 0.56747109 0.51734351
1778701966.00434184 -2.64597345 1.38775896 -1.35076986 0.48307745 -0.42116364 0.56736886 0.51705894
1778701966.01468468 -2.65195265 1.38128683 -1.34352171 0.48461859 -0.41992787 0.56732499 0.51666988
1778701966.02494407 -2.65546250 1.37860579 -1.33678907 0.48584046 -0.41910605 0.56694383 0.51660804
1778701966.03516912 -2.65564492 1.37806393 -1.33641479 0.48598071 -0.41901994 0.56695460 0.51653414
1778701966.04547429 -2.66295553 1.37186388 -1.32430150 0.48794305 -0.41708812 0.56637964 0.51687831
1778701966.05577374 -2.66523899 1.37068493 -1.31952325 0.48865053 -0.41647962 0.56602138 0.51709302
1778701966.06598902 -2.66812034 1.36827575 -1.31449948 0.48934704 -0.41556596 0.56572278 0.51749603
1778701966.07626343 -2.67050593 1.36595532 -1.31026386 0.48973284 -0.41449668 0.56545197 0.51828401
1778701966.08659005 -2.67286656 1.36356581 -1.30617912 0.49012184 -0.41349105 0.56519980 0.51899415
1778701966.09682894 -2.67476556 1.36136003 -1.30325502 0.49049257 -0.41282892 0.56507475 0.51930709
1778701966.10708809 -2.67805052 1.35624798 -1.30021190 0.49101595 -0.41177923 0.56519434 0.51951570
1778701966.11737323 -2.67995086 1.35267236 -1.29857758 0.49116603 -0.41084375 0.56527895 0.52002216
1778701966.12804604 -2.68158888 1.35005538 -1.29732006 0.49135980 -0.41018999 0.56535818 0.52026902
1778701966.12834907 -2.68223887 1.34922803 -1.29674322 0.49151216 -0.41005060 0.56538078 0.52021041
1778701966.13843989 -2.68601029 1.34451122 -1.29367902 0.49209774 -0.40900773 0.56551056 0.52033672
1778701966.14873743 -2.69093189 1.33908381 -1.28885673 0.49319796 -0.40807644 0.56557141 0.51995998
1778701966.15905046 -2.69421302 1.33391862 -1.28703860 0.49392362 -0.40747246 0.56584720 0.51944451
1778701966.16932416 -2.69569478 1.33175539 -1.28616099 0.49421952 -0.40715179 0.56592178 0.51933325
1778701966.17962241 -2.69452333 1.33295867 -1.28800226 0.49407459 -0.40745943 0.56593366 0.51921691
1778701966.18989086 -2.69302308 1.33318301 -1.29230718 0.49375368 -0.40784650 0.56628535 0.51883469
1778701966.21046424 -2.69237047 1.33177994 -1.29757669 0.49336874 -0.40791877 0.56683441 0.51854441
1778701966.22074246 -2.69295889 1.32936789 -1.29995874 0.49330599 -0.40774034 0.56723794 0.51830314
1778701966.23105073 -2.69319744 1.32757637 -1.30237879 0.49318407 -0.40760875 0.56759135 0.51813573
1778701966.24139309 -2.69460173 1.32522016 -1.30262356 0.49341044 -0.40738386 0.56782407 0.51784202
1778701966.25170445 -2.69587049 1.32211071 -1.30421965 0.49348169 -0.40708936 0.56822982 0.51756057
1778701966.26197314 -2.69690227 1.31906540 -1.30630329 0.49349432 -0.40685309 0.56867079 0.51724989
1778701966.27230024 -2.69800450 1.31708710 -1.30678591 0.49357922 -0.40660107 0.56886936 0.51714870
1778701966.28256989 -2.69860977 1.31603653 -1.30759743 0.49359538 -0.40650514 0.56901052 0.51705338
1778701966.29282618 -2.69887210 1.31594250 -1.30808503 0.49351722 -0.40642557 0.56901925 0.51718091
1778701966.30315137 -2.69917412 1.31414627 -1.31005309 0.49329094 -0.40619519 0.56932079 0.51724593
1778701966.30326152 -2.69947620 1.31371856 -1.31009459 0.49329979 -0.40612039 0.56935249 0.51726134
1778701966.31341839 -2.70023461 1.31175405 -1.31133225 0.49316369 -0.40581759 0.56960510 0.51735065
1778701966.32368398 -2.70215392 1.30871317 -1.31146778 0.49320651 -0.40527614 0.56985034 0.51746418
1778701966.33397007 -2.70360923 1.30732900 -1.31081201 0.49335711 -0.40502885 0.56988507 0.51747598
1778701966.34429383 -2.70513043 1.30635045 -1.30936117 0.49358650 -0.40478051 0.56981905 0.51752426
1778701966.35464978 -2.70755633 1.30605360 -1.30567420 0.49402934 -0.40440416 0.56947855 0.51777068
1778701966.36497736 -2.70847851 1.30692394 -1.30431616 0.49414033 -0.40434742 0.56924002 0.51797134
1778701966.37534308 -2.71002597 1.30710804 -1.30194609 0.49451366 -0.40427123 0.56899862 0.51793975
1778701966.37553000 -2.71082626 1.30669633 -1.30102087 0.49469344 -0.40419324 0.56895307 0.51787897
1778701966.38563466 -2.71211889 1.30786679 -1.29825778 0.49503043 -0.40416132 0.56857878 0.51799292
1778701966.39593291 -2.71380672 1.30991028 -1.29420328 0.49557797 -0.40425294 0.56801345 0.51801810
1778701966.40630174 -2.71475765 1.31206337 -1.29161091 0.49589449 -0.40441368 0.56756881 0.51807710
1778701966.41664958 -2.71536409 1.31330576 -1.29023830 0.49603334 -0.40447658 0.56732167 0.51816575
1778701966.42694974 -2.71387481 1.31755263 -1.29081346 0.49585130 -0.40515658 0.56698721 0.51817481
1778701966.43728352 -2.71414544 1.31951948 -1.28977095 0.49591870 -0.40536094 0.56671479 0.51824849
1778701966.44757843 -2.71444082 1.32077816 -1.28898415 0.49592576 -0.40541538 0.56652303 0.51840879
1778701966.44776726 -2.71468204 1.32069466 -1.28892272 0.49591010 -0.40536140 0.56652329 0.51846569
1778701966.45791388 -2.71563676 1.31984254 -1.28868678 0.49587705 -0.40510093 0.56656832 0.51865164
1778701966.46825552 -2.71674330 1.31930848 -1.28812974 0.49584061 -0.40482780 0.56656031 0.51890844
1778701966.47858500 -2.71779509 1.31748897 -1.28893748 0.49558071 -0.40434319 0.56677446 0.51930055
1778701966.48891139 -2.71824065 1.31567649 -1.29061159 0.49526130 -0.40398885 0.56707263 0.51955547
1778701966.49929190 -2.71839994 1.31418361 -1.29265253 0.49474243 -0.40357248 0.56735662 0.52006312
1778701966.50958323 -2.71977309 1.31094893 -1.29374082 0.49434467 -0.40278060 0.56770926 0.52067007
1778701966.51992679 -2.72220832 1.30684556 -1.29335072 0.49420572 -0.40181999 0.56801170 0.52121407
1778701966.53023744 -2.72393936 1.30367286 -1.29339464 0.49413949 -0.40121294 0.56828733 0.52144401
1778701966.54053688 -2.72570570 1.30015891 -1.29368075 0.49406534 -0.40060206 0.56861132 0.52163071
1778701966.55087781 -2.72743817 1.29723173 -1.29343235 0.49390708 -0.39986944 0.56881119 0.52212457
1778701966.56117892 -2.72858755 1.29544179 -1.29322555 0.49370318 -0.39925967 0.56890719 0.52267916
1778701966.57152963 -2.73148935 1.29280386 -1.29027465 0.49387460 -0.39835898 0.56883327 0.52328454
1778701966.58184600 -2.73581951 1.28970725 -1.28474185 0.49444060 -0.39727575 0.56857466 0.52385430
1778701966.59222174 -2.73816182 1.29003158 -1.28021001 0.49489984 -0.39690186 0.56810423 0.52421432
1778701966.60268426 -2.73933722 1.29128701 -1.27710761 0.49521921 -0.39684834 0.56768733 0.52440483
1778701966.61301422 -2.74189325 1.29383945 -1.27003262 0.49595238 -0.39664856 0.56679072 0.52483276
1778701966.62329125 -2.74435750 1.29696203 -1.26266184 0.49668008 -0.39645046 0.56580465 0.52535801
1778701966.63352680 -2.74475712 1.30095818 -1.25873860 0.49695597 -0.39662530 0.56504997 0.52577721
1778701966.64379787 -2.74791713 1.30456673 -1.24929802 0.49800407 -0.39646872 0.56384377 0.52619834
1778701966.65405273 -2.75048302 1.30950609 -1.23980154 0.49892323 -0.39637133 0.56249659 0.52684245
1778701966.66435456 -2.75395440 1.31485658 -1.22765834 0.50006097 -0.39603352 0.56086999 0.52775121
1778701966.67461634 -2.75637072 1.31969925 -1.21798370 0.50091452 -0.39580915 0.55951235 0.52855055
1778701966.68492532 -2.75935073 1.32577302 -1.20610676 0.50202543 -0.39562524 0.55783525 0.52940624
1778701966.69528723 -2.76093796 1.33453327 -1.19444157 0.50296382 -0.39577960 0.55592823 0.53040523
1778701966.70558643 -2.76294408 1.33980303 -1.18507316 0.50379648 -0.39569776 0.55456710 0.53110049
1778701966.71593547 -2.76556356 1.34688100 -1.17246895 0.50499599 -0.39568684 0.55274537 0.53186796
1778701966.72623992 -2.76652982 1.35525726 -1.16239625 0.50573800 -0.39591319 0.55101616 0.53278796
1778701966.73649526 -2.76906501 1.35881778 -1.15342226 0.50658745 -0.39563991 0.54985134 0.53338703
1778701966.73667407 -2.76976398 1.35998416 -1.15079712 0.50684830 -0.39560113 0.54949816 0.53353193
1778701966.74680281 -2.77174325 1.36499827 -1.14131902 0.50766137 -0.39544632 0.54814532 0.53426478
1778701966.75713849 -2.77415084 1.37079783 -1.13005668 0.50855865 -0.39513119 0.54654092 0.53528727
1778701966.76749659 -2.77690321 1.37700510 -1.11732817 0.50955996 -0.39469360 0.54476462 0.53646725
1778701966.77778935 -2.77867794 1.38231481 -1.10760049 0.51028394 -0.39441042 0.54335222 0.53741891
1778701966.78816581 -2.78153274 1.38913819 -1.09353410 0.51142625 -0.39397386 0.54140385 0.53861828
1778701966.79846501 -2.78460942 1.39618819 -1.07839253 0.51266722 -0.39349835 0.53933973 0.53985556
1778701966.80881643 -2.78721047 1.40075975 -1.06710238 0.51356820 -0.39297761 0.53786156 0.54085234
1778701966.80899668 -2.78813306 1.40216571 -1.06326235 0.51386162 -0.39275543 0.53737083 0.54122269
1778701966.81912136 -2.79027942 1.40734862 -1.05219460 0.51459272 -0.39217761 0.53584895 0.54245457
1778701966.82938576 -2.79281373 1.41362964 -1.03873863 0.51556167 -0.39158537 0.53400427 0.54377983
1778701966.83969164 -2.79627635 1.41888979 -1.02369439 0.51656991 -0.39050923 0.53209758 0.54546333
1778701966.85004258 -2.79919610 1.42203463 -1.01244966 0.51740785 -0.38967935 0.53075708 0.54656751
1778701966.86032724 -2.80237345 1.42696311 -0.99837848 0.51817106 -0.38842296 0.52895653 0.54848095
1778701966.87062144 -2.80575183 1.43128515 -0.98423235 0.51910468 -0.38727478 0.52722666 0.55007330
1778701966.88091302 -2.80810266 1.43440097 -0.97393619 0.51988095 -0.38658257 0.52598207 0.55101777
1778701966.88109040 -2.80878554 1.43530748 -0.97101686 0.52001769 -0.38627462 0.52562150 0.55144860
1778701966.89120579 -2.81097676 1.43919691 -0.96009487 0.52069689 -0.38544342 0.52423468 0.55270799
1778701966.90149713 -2.81283819 1.44490107 -0.94761432 0.52125917 -0.38445445 0.52252376 0.55448406
1778701966.91180134 -2.81453127 1.44974000 -0.93654208 0.52162861 -0.38336426 0.52102019 0.55630334
1778701966.92214680 -2.81565661 1.45277254 -0.92932255 0.52187893 -0.38264506 0.52005390 0.55746666
1778701966.93246508 -2.81888039 1.45594405 -0.91544900 0.52267324 -0.38121256 0.51847261 0.55917423
1778701966.94275904 -2.82188415 1.45974687 -0.90077769 0.52336904 -0.37958867 0.51673883 0.56122925
1778701966.95305228 -2.82304339 1.46297483 -0.89258848 0.52346675 -0.37847617 0.51564303 0.56289485
1778701966.95325756 -2.82295025 1.46463267 -0.89042157 0.52345289 -0.37828021 0.51527769 0.56337382
1778701966.96342087 -2.82430840 1.46739909 -0.88206376 0.52359446 -0.37709223 0.51420672 0.56501481
1778701966.97373247 -2.82781076 1.47003676 -0.86671221 0.52447408 -0.37537810 0.51253708 0.56685445
1778701966.98407388 -2.82926915 1.47482088 -0.85454622 0.52470892 -0.37385458 0.51091986 0.56909946
1778701966.99433565 -2.82950789 1.47900154 -0.84722758 0.52473471 -0.37301845 0.50981835 0.57061017
1778701967.00467682 -2.82950121 1.48628229 -0.83522592 0.52491668 -0.37190921 0.50797207 0.57280921
1778701967.01503682 -2.83157949 1.49184538 -0.81844677 0.52575036 -0.37033418 0.50585947 0.57493073
1778701967.02532125 -2.83262142 1.49597827 -0.80746289 0.52622529 -0.36929490 0.50442311 0.57642480
1778701967.02551031 -2.83247805 1.49796177 -0.80437891 0.52629827 -0.36907753 0.50393617 0.57692308
1778701967.03561878 -2.83245917 1.50384164 -0.79379789 0.52664240 -0.36826939 0.50236163 0.57849652
1778701967.04597306 -2.83354823 1.50978474 -0.77865286 0.52730533 -0.36688031 0.50034950 0.58051555
1778701967.05631089 -2.83507266 1.51565019 -0.76143224 0.52821882 -0.36537365 0.49815289 0.58252096
1778701967.06664515 -2.83537147 1.52156902 -0.74842453 0.52884651 -0.36440868 0.49634667 0.58409559
1778701967.07698822 -2.83442575 1.53082832 -0.73322829 0.52934259 -0.36338746 0.49398579 0.58627981
1778701967.08729506 -2.83651987 1.53658729 -0.71253943 0.53065289 -0.36164198 0.49148181 0.58827563
1778701967.09763336 -2.83673751 1.54250614 -0.69852974 0.53111894 -0.36022142 0.48954543 0.59033759
1778701967.09782648 -2.83676869 1.54463963 -0.69353113 0.53129792 -0.35972897 0.48885268 0.59105046
1778701967.10796952 -2.83619490 1.55203982 -0.67906904 0.53181102 -0.35853679 0.48672801 0.59306345
1778701967.11851859 -2.83662288 1.56024304 -0.65747746 0.53270530 -0.35640301 0.48383387 0.59590834
1778701967.12884712 -2.83606339 1.56949187 -0.63686214 0.53327281 -0.35419814 0.48089666 0.59908446
1778701967.13920474 -2.83596192 1.57576939 -0.62108810 0.53370592 -0.35234297 0.47872761 0.60152498
1778701967.13938594 -2.83525963 1.57852718 -0.61723879 0.53368689 -0.35191633 0.47806417 0.60231873
1778701967.14956069 -2.83443416 1.58587449 -0.60132227 0.53429414 -0.35049230 0.47577898 0.60441648
1778701967.15985274 -2.83424153 1.59409825 -0.57912926 0.53501788 -0.34794211 0.47277741 0.60759664
1778701967.17021966 -2.83226539 1.60436454 -0.55937929 0.53553608 -0.34604071 0.46978893 0.61053688
1778701967.18057394 -2.83010721 1.61249973 -0.54635727 0.53571436 -0.34477972 0.46766448 0.61272098
1778701967.19088411 -2.82759741 1.62245444 -0.52889758 0.53594552 -0.34285755 0.46488532 0.61570507
1778701967.20121241 -2.82736783 1.62909651 -0.50784849 0.53685055 -0.34058362 0.46213464 0.61824417
1778701967.21153164 -2.82434612 1.63903514 -0.49186288 0.53710459 -0.33905514 0.45949388 0.62082658
1778701967.22185183 -2.82160571 1.64636536 -0.48366606 0.53690955 -0.33813700 0.45787699 0.62268785
1778701967.23217416 -2.81870975 1.65554245 -0.46914036 0.53731030 -0.33702430 0.45545452 0.62471870
1778701967.24248648 -2.81521094 1.66490707 -0.45735313 0.53743631 -0.33615891 0.45324770 0.62667848
1778701967.25278926 -2.81138011 1.67365766 -0.44968996 0.53745832 -0.33601945 0.45151770 0.62798188
1778701967.26312709 -2.80757097 1.68335001 -0.43727327 0.53780862 -0.33540325 0.44917977 0.62968570
1778701967.27332354 -2.80277326 1.69343727 -0.42913110 0.53801681 -0.33569965 0.44722826 0.63073809
1778701967.28359890 -2.79911050 1.70085498 -0.42399451 0.53828875 -0.33631226 0.44588005 0.63113411
1778701967.29384232 -2.79561198 1.70834724 -0.41619748 0.53902186 -0.33703007 0.44426092 0.63126730
1778701967.30416346 -2.79209218 1.71593686 -0.40687833 0.54011081 -0.33802018 0.44248328 0.63105564
1778701967.31452894 -2.79394333 1.71666057 -0.38619370 0.54244261 -0.33683799 0.44031099 0.63120711
1778701967.32482958 -2.79434862 1.71741941 -0.37660829 0.54391641 -0.33705107 0.43925890 0.63055780
1778701967.33515882 -2.79347891 1.71971733 -0.36876908 0.54555293 -0.33829455 0.43819450 0.62921727
1778701967.34566164 -2.79188677 1.72250464 -0.36493554 0.54658643 -0.33961200 0.43745999 0.62812078
1778701967.35599995 -2.79344237 1.72096371 -0.35633845 0.54820465 -0.33988798 0.43677292 0.62703846
1778701967.35617971 -2.79469874 1.71971121 -0.35131225 0.54891017 -0.33952729 0.43639605 0.62687904
1778701967.36632633 -2.79458913 1.72000963 -0.34776041 0.54997752 -0.34052364 0.43601594 0.62566643
1778701967.37660241 -2.79334407 1.72136801 -0.34772498 0.55029946 -0.34127798 0.43578456 0.62513332
1778701967.38685775 -2.79591508 1.71779941 -0.34062798 0.55157917 -0.34091315 0.43546297 0.62442825
1778701967.39724064 -2.79326481 1.72017072 -0.34644818 0.55069498 -0.34125674 0.43565701 0.62488547
1778701967.40758991 -2.79441067 1.71720607 -0.34688733 0.55057735 -0.34049961 0.43594059 0.62520428
1778701967.41791773 -2.79347749 1.71648997 -0.35334046 0.54922253 -0.33954443 0.43650259 0.62652189
1778701967.42823172 -2.79444756 1.71365914 -0.35516330 0.54882585 -0.33870399 0.43692147 0.62703224
1778701967.42841911 -2.79460677 1.71301933 -0.35537620 0.54865066 -0.33830806 0.43697807 0.62735977
1778701967.43849373 -2.79230482 1.71386687 -0.36520565 0.54664941 -0.33745859 0.43767343 0.62907718
1778701967.44879246 -2.79354521 1.70915035 -0.37131689 0.54534239 -0.33575757 0.43862693 0.63045615
1778701967.45907426 -2.79319212 1.70607273 -0.38327279 0.54352348 -0.33496651 0.43997898 0.63150467
1778701967.46932340 -2.79522341 1.70090684 -0.38629954 0.54313963 -0.33399682 0.44077681 0.63179211
1778701967.47958279 -2.79559980 1.69605229 -0.39973125 0.54155191 -0.33362829 0.44249673 0.63214739
1778701967.48984385 -2.79438416 1.69331058 -0.41526407 0.53982618 -0.33398279 0.44418245 0.63225402
1778701967.50013471 -2.79484147 1.68881155 -0.42716166 0.53863834 -0.33399686 0.44573170 0.63216935
1778701967.51043367 -2.79300290 1.68553834 -0.44904906 0.53662752 -0.33532366 0.44810036 0.63150219
1778701967.52079391 -2.78899833 1.68462399 -0.47433540 0.53446559 -0.33771389 0.45053792 0.63032646
1778701967.53116727 -2.78644299 1.68467601 -0.48631940 0.53359511 -0.33918695 0.45161859 0.62949910
1778701967.54148841 -2.78072273 1.68474619 -0.51671457 0.53123586 -0.34267657 0.45446330 0.62755426
1778701967.55183458 -2.77785600 1.67960104 -0.54602561 0.52956681 -0.34601005 0.45779362 0.62470876
1778701967.56213379 -2.77395255 1.67542176 -0.57577717 0.52780811 -0.34952957 0.46104929 0.62183698
1778701967.57246327 -2.76988634 1.67307678 -0.60007998 0.52637283 -0.35262479 0.46358455 0.61941647
1778701967.58278394 -2.76455097 1.66910266 -0.63212037 0.52469291 -0.35694230 0.46703683 0.61576468
1778701967.59309340 -2.75695040 1.66590271 -0.67028534 0.52206954 -0.36143163 0.47089711 0.61242672
1778701967.60334873 -2.74858417 1.66254699 -0.70937153 0.51960132 -0.36640446 0.47486003 0.60849831
1778701967.61368728 -2.74215445 1.66001704 -0.73737152 0.51809361 -0.37037566 0.47775235 0.60510625
1778701967.62421346 -2.73318009 1.65612124 -0.77573596 0.51582626 -0.37539209 0.48169747 0.60080912
1778701967.63465571 -2.72705075 1.64758441 -0.81120045 0.51413759 -0.37968438 0.48586228 0.59618803
1778701967.64510512 -2.72005355 1.63799483 -0.85010119 0.51185090 -0.38363188 0.49038462 0.59191060
1778701967.65558648 -2.71245950 1.63462280 -0.87831974 0.51002354 -0.38700064 0.49329102 0.58887220
1778701967.66605210 -2.70530339 1.62531789 -0.91392017 0.50816577 -0.39085498 0.49747915 0.58439236
1778701967.67669296 -2.69515437 1.61878815 -0.95237879 0.50570676 -0.39505910 0.50161409 0.58014850
1778701967.68716407 -2.68665904 1.61129263 -0.98613663 0.50381193 -0.39875911 0.50540711 0.57595865
1778701967.69764924 -2.67981868 1.60534875 -1.01262757 0.50218967 -0.40140447 0.50836157 0.57292976
1778701967.69792604 -2.67826833 1.60343694 -1.01912841 0.50192888 -0.40216893 0.50914379 0.57192670
1778701967.70828176 -2.66975585 1.59998352 -1.04531700 0.50033335 -0.40532173 0.51185673 0.56866820
1778701967.71872163 -2.66183530 1.59363678 -1.07309673 0.49905657 -0.40865178 0.51499957 0.56455443
1778701967.72914839 -2.65253451 1.58930940 -1.10114011 0.49766253 -0.41224767 0.51797651 0.56043215
1778701967.73957253 -2.64304167 1.58449983 -1.12965818 0.49611150 -0.41559250 0.52100995 0.55651136
1778701967.75004745 -2.63459859 1.58432302 -1.14901887 0.49497723 -0.41834939 0.52276669 0.55380169
1778701967.76044011 -2.62565128 1.58031681 -1.17432070 0.49363855 -0.42132964 0.52543489 0.55020041
1778701967.77073789 -2.61677092 1.57715907 -1.19797822 0.49241367 -0.42420738 0.52785713 0.54675747
1778701967.78106284 -2.60975329 1.57444658 -1.21655998 0.49128683 -0.42621395 0.52977518 0.54435024
1778701967.78123426 -2.60735715 1.57398845 -1.22221671 0.49090901 -0.42683422 0.53030706 0.54368678
1778701967.79131007 -2.60243879 1.57063530 -1.23670754 0.49036849 -0.42849419 0.53193753 0.54127068
1778701967.80160904 -2.59450588 1.56585307 -1.25941843 0.48917105 -0.43079464 0.53442221 0.53807116
1778701967.81192422 -2.58701116 1.56117979 -1.28044794 0.48791961 -0.43265107 0.53668970 0.53545464
1778701967.82221222 -2.58179205 1.55726766 -1.29583686 0.48724548 -0.43420863 0.53844022 0.53304488
1778701967.83252120 -2.57630425 1.55047579 -1.31482405 0.48644563 -0.43572657 0.54073697 0.53020424
1778701967.84286833 -2.57179401 1.54383201 -1.33145144 0.48574733 -0.43682528 0.54277861 0.52784902
1778701967.85313725 -2.56832002 1.53782177 -1.34513268 0.48513314 -0.43760012 0.54449716 0.52599887
1778701967.85326290 -2.56610278 1.53742334 -1.34993658 0.48476172 -0.43803571 0.54493082 0.52552944
1778701967.86336184 -2.56450785 1.52987040 -1.36160945 0.48444410 -0.43840614 0.54661755 0.52375874
1778701967.87371016 -2.56010711 1.52125759 -1.37976563 0.48320131 -0.43873150 0.54884650 0.52230134
1778701967.88408208 -2.55705543 1.51128721 -1.39655075 0.48212228 -0.43868328 0.55105022 0.52101702
1778701967.89441633 -2.55302678 1.50601144 -1.40992109 0.48105168 -0.43894744 0.55253718 0.52020870
1778701967.90471959 -2.54910241 1.49901434 -1.42507959 0.47994232 -0.43909716 0.55427504 0.51925738
1778701967.91499829 -2.53967520 1.49399617 -1.44801683 0.47780992 -0.44034402 0.55652366 0.51776080
1778701967.92526674 -2.53816985 1.48817523 -1.45723194 0.47731276 -0.44023716 0.55766693 0.51707966
1778701967.92546272 -2.53811837 1.48491077 -1.46087687 0.47704309 -0.43993794 0.55818243 0.51702696
1778701967.93559885 -2.53666226 1.48055135 -1.46859812 0.47665863 -0.43993165 0.55903200 0.51646870
1778701967.94590902 -2.53668329 1.47079365 -1.47956088 0.47620184 -0.43930268 0.56052216 0.51580993
1778701967.95623660 -2.53758005 1.46481718 -1.48530565 0.47625943 -0.43881768 0.56118990 0.51544340
1778701967.96655440 -2.53617968 1.46017392 -1.49355181 0.47582919 -0.43877788 0.56205963 0.51492672
1778701967.97682619 -2.53724307 1.45476323 -1.49892961 0.47593081 -0.43836105 0.56259762 0.51460021
1778701967.98709011 -2.53627682 1.45212735 -1.50538985 0.47578129 -0.43841738 0.56297229 0.51428062
1778701967.99735117 -2.53671293 1.44901925 -1.50965469 0.47560395 -0.43798955 0.56322968 0.51452732
1778701968.00763178 -2.53832909 1.44659732 -1.51211468 0.47593660 -0.43770519 0.56318176 0.51451416
1778701968.01792240 -2.53613354 1.44751195 -1.51815999 0.47565978 -0.43813441 0.56311014 0.51448322
1778701968.02820420 -2.53805233 1.44738422 -1.51765204 0.47613666 -0.43795777 0.56267951 0.51466361
1778701968.03846025 -2.53934413 1.44777164 -1.51881741 0.47648463 -0.43782150 0.56217801 0.51500544
1778701968.04869199 -2.54270547 1.44853352 -1.51635215 0.47730901 -0.43744621 0.56129943 0.51551904
1778701968.05899930 -2.54738371 1.44960992 -1.51056621 0.47873607 -0.43728870 0.56029917 0.51541751
1778701968.06930423 -2.55231732 1.45241587 -1.50377591 0.48019261 -0.43702998 0.55885735 0.51584718
1778701968.07958174 -2.55712606 1.45552609 -1.49731671 0.48142662 -0.43659424 0.55734996 0.51669614
1778701968.08983588 -2.56386375 1.45884410 -1.48747612 0.48315116 -0.43595834 0.55552245 0.51759066
1778701968.10009789 -2.56917154 1.46335657 -1.47771419 0.48455666 -0.43549486 0.55372588 0.51859109
1778701968.11035395 -2.57776495 1.46782431 -1.46349659 0.48667938 -0.43454697 0.55135269 0.51992531
1778701968.12060595 -2.58627264 1.47419035 -1.44768412 0.48873727 -0.43354140 0.54861357 0.52172875
1778701968.13085747 -2.59317697 1.47973091 -1.43405235 0.49051468 -0.43276107 0.54633752 0.52309513
1778701968.14110327 -2.60466821 1.48425281 -1.41429426 0.49292838 -0.43086660 0.54330853 0.52553918
1778701968.15135813 -2.61655422 1.49021038 -1.39222685 0.49582365 -0.42931754 0.54002093 0.52746825
1778701968.16165137 -2.62787120 1.49940662 -1.36724178 0.49883329 -0.42791076 0.53613662 0.52973131
1778701968.17195368 -2.63721503 1.50293935 -1.35025325 0.50089894 -0.42637247 0.53365746 0.53152280
1778701968.18225193 -2.65032318 1.50993951 -1.32322304 0.50397960 -0.42422131 0.52972708 0.53425655
1778701968.19247174 -2.66280757 1.51635825 -1.29769745 0.50672741 -0.42191039 0.52595100 0.53720992
1778701968.20272017 -2.67428203 1.51913443 -1.27621534 0.50914842 -0.41969684 0.52309220 0.53944137
1778701968.21302867 -2.68645305 1.52672100 -1.24902549 0.51175907 -0.41710045 0.51898667 0.54293894
1778701968.22330213 -2.69811747 1.53384147 -1.22304832 0.51417427 -0.41445497 0.51502649 0.54644268
1778701968.23357797 -2.70727704 1.53863932 -1.20290360 0.51604526 -0.41230465 0.51203601 0.54910954
1778701968.24383068 -2.71972263 1.54657368 -1.17274567 0.51893440 -0.40953329 0.50762098 0.55254910
1778701968.25411105 -2.72926024 1.55592369 -1.14711631 0.52101113 -0.40701469 0.50343092 0.55627669
1778701968.26436901 -2.74209524 1.56203633 -1.11680399 0.52377374 -0.40373720 0.49913104 0.55993352
1778701968.27463627 -2.75176663 1.56622452 -1.09378083 0.52609357 -0.40148823 0.49596258 0.56218669
1778701968.28489351 -2.76254559 1.57306416 -1.06630081 0.52845617 -0.39850231 0.49186176 0.56568718
1778701968.29511642 -2.77526177 1.57695974 -1.03706247 0.53112016 -0.39493385 0.48787645 0.56913549
1778701968.30537033 -2.78359336 1.58242617 -1.01422780 0.53304438 -0.39241902 0.48455677 0.57190536
1778701968.31565285 -2.79584560 1.58587850 -0.98549905 0.53554643 -0.38868304 0.48066105 0.57539592
1778701968.32592869 -2.80083720 1.59720527 -0.96435705 0.53768303 -0.38775563 0.47690190 0.57715431
1778701968.33618188 -2.81690360 1.59241985 -0.93327165 0.54057232 -0.38262732 0.47372944 0.58048111
1778701968.34644032 -2.82948661 1.59407302 -0.90371824 0.54338659 -0.37877434 0.46998897 0.58341356
1778701968.35666966 -2.84213668 1.59510914 -0.87371876 0.54613978 -0.37456412 0.46623754 0.58656255
1778701968.36695981 -2.84445353 1.60291906 -0.86158345 0.54744743 -0.37419198 0.46387822 0.58745100
1778701968.37726355 -2.87050575 1.59252150 -0.80216076 0.55436283 -0.36737526 0.45871140 0.58932259
1778701968.38751483 -2.88418639 1.59131811 -0.76681992 0.55813860 -0.36328423 0.45482371 0.59130471
1778701968.39775872 -2.89821931 1.58783859 -0.73265174 0.56138117 -0.35820873 0.45117247 0.59412211
1778701968.40801406 -2.90881298 1.58435187 -0.70733566 0.56388843 -0.35445730 0.44855892 0.59597379
1778701968.41832638 -2.92246748 1.57932761 -0.67451581 0.56718808 -0.34963069 0.44522850 0.59818697
1778701968.42855215 -2.93662333 1.57246987 -0.64086396 0.57058225 -0.34453898 0.44200798 0.60029804
1778701968.43881941 -2.94724129 1.56778391 -0.61222205 0.57358121 -0.34078661 0.43923464 0.60161617
1778701968.44913626 -2.95913143 1.56246845 -0.58022690 0.57657199 -0.33595254 0.43599888 0.60382580
1778701968.45941019 -2.97228874 1.55466771 -0.54488526 0.58027612 -0.33107883 0.43274232 0.60531027
1778701968.46967649 -2.98171076 1.54927173 -0.51719714 0.58306037 -0.32733749 0.43012708 0.60653233
1778701968.48001051 -2.99166641 1.54309360 -0.48953406 0.58546242 -0.32269843 0.42735788 0.60865813
1778701968.49034762 -3.00099417 1.53718487 -0.46154809 0.58791017 -0.31819158 0.42453220 0.61064570
1778701968.50060916 -3.00962800 1.53183946 -0.43397663 0.59029190 -0.31380963 0.42168369 0.61258621
1778701968.51092649 -3.01630664 1.52666984 -0.41288363 0.59223681 -0.31053131 0.41964010 0.61378177
1778701968.52121878 -3.02599247 1.51739047 -0.38529726 0.59472876 -0.30577265 0.41716419 0.61544685
1778701968.53145146 -3.03297323 1.51223407 -0.35969874 0.59687291 -0.30167669 0.41447377 0.61720775
1778701968.54171062 -3.03881088 1.50705947 -0.33858349 0.59884428 -0.29852502 0.41241256 0.61821050
1778701968.55196500 -3.04646654 1.49929500 -0.31252994 0.60087868 -0.29375288 0.40988442 0.62020063
1778701968.56224108 -3.05045228 1.49726651 -0.29390750 0.60204369 -0.29021744 0.40750399 0.62230036
1778701968.57255220 -3.05467132 1.49320967 -0.27800442 0.60245725 -0.28613868 0.40567540 0.62497791
1778701968.57270837 -3.05538472 1.49304760 -0.27372112 0.60250910 -0.28507093 0.40506737 0.62580970
1778701968.58280015 -3.05947072 1.48991006 -0.25032486 0.60499297 -0.28273116 0.40263470 0.62604464
1778701968.59301019 -3.06608098 1.48524243 -0.19580026 0.61223997 -0.28080371 0.39733494 0.62324670
1778701968.60327935 -3.06933536 1.48325515 -0.16853173 0.61459039 -0.27738895 0.39415215 0.62448227
1778701968.61361170 -3.07068282 1.48348067 -0.15070674 0.61591427 -0.27501720 0.39182846 0.62568811
1778701968.62395430 -3.07316964 1.48222707 -0.12035436 0.61837594 -0.27135202 0.38825086 0.62708895
1778701968.63425779 -3.07180992 1.48764504 -0.10180749 0.61914719 -0.26867878 0.38514210 0.62939179
1778701968.64454103 -3.07153062 1.48989674 -0.08377625 0.62033579 -0.26649091 0.38261309 0.63069273
1778701968.65479136 -3.07065423 1.49383981 -0.05217108 0.62284289 -0.26358134 0.37839133 0.63199020
1778701968.66505647 -3.06927455 1.49784823 -0.02481069 0.62436596 -0.26008630 0.37455812 0.63421485
1778701968.67529821 -3.06904898 1.49841321 0.00093793 0.62627821 -0.25717984 0.37142151 0.63535832
1778701968.68555641 -3.06757797 1.50076026 0.03491084 0.62870287 -0.25353144 0.36710518 0.63693665
1778701968.69581175 -3.06500709 1.50445690 0.06605784 0.63025885 -0.24935379 0.36287903 0.63946484
1778701968.70613146 -3.06146381 1.50980433 0.09160794 0.63105090 -0.24536999 0.35902298 0.64239461
1778701968.71639776 -3.05896758 1.51226501 0.11746021 0.63232165 -0.24189617 0.35562239 0.64435106
1778701968.72666502 -3.05344521 1.52030156 0.14321269 0.63320485 -0.23847437 0.35146039 0.64703724
1778701968.73694611 -3.04982617 1.52312761 0.17298534 0.63440968 -0.23396728 0.34739897 0.64969040
1778701968.74725413 -3.04531142 1.52695079 0.20275544 0.63679962 -0.23175959 0.34349406 0.65021963
1778701968.75752521 -3.03895704 1.53163498 0.24044797 0.63961210 -0.22866884 0.33844958 0.65119797
1778701968.76787090 -3.03187182 1.53463937 0.28612203 0.64410474 -0.22646659 0.33278000 0.65046094
1778701968.77816224 -3.03072849 1.53308078 0.30045920 0.64231161 -0.21914042 0.33065011 0.65580773
1778701968.78847480 -3.02539050 1.53648031 0.32511825 0.64383778 -0.21652200 0.32716246 0.65692912
1778701968.79873657 -3.01837512 1.53468592 0.37408953 0.64834993 -0.21301562 0.32153784 0.65641461
1778701968.80895066 -3.01107285 1.53390374 0.41553131 0.65181307 -0.20948125 0.31650935 0.65656619
1778701968.81921387 -3.00566844 1.53601062 0.43564550 0.65272519 -0.20665238 0.31357360 0.65796370
1778701968.82947350 -2.99668398 1.54178049 0.46206179 0.65443935 -0.20428885 0.30937048 0.65898794
1778701968.83979726 -2.98770197 1.55139573 0.47580513 0.65399924 -0.20146522 0.30605425 0.66183650
1778701968.85003161 -2.98139869 1.56323620 0.46999677 0.65145903 -0.19952090 0.30473158 0.66553077
1778701968.86033201 -2.97448128 1.57192544 0.47262335 0.64962283 -0.19639597 0.30262116 0.66920792
1778701968.87063599 -2.96546268 1.57559825 0.49865106 0.65103931 -0.19328499 0.29859658 0.67054366
1778701968.88094020 -2.95827346 1.57701145 0.52226266 0.65269382 -0.19094587 0.29526311 0.67108133
1778701968.88111711 -2.95506027 1.57945955 0.52873794 0.65299948 -0.19035862 0.29407946 0.67147044
1778701968.89121485 -2.94938391 1.57786123 0.55159354 0.65415725 -0.18682216 0.29112588 0.67262285
1778701968.90146995 -2.94062950 1.57800557 0.57923001 0.65506138 -0.18209088 0.28722363 0.67471482
1778701968.91171360 -2.93136188 1.57884215 0.60660370 0.65623727 -0.17783619 0.28322560 0.67639500
1778701968.92197061 -2.92171039 1.58537317 0.62409129 0.65703529 -0.17609358 0.27988602 0.67746550
1778701968.93226147 -2.91045885 1.59190000 0.64459791 0.65757957 -0.17305476 0.27595498 0.67933056
1778701968.94249916 -2.89515176 1.60784069 0.66022395 0.65853365 -0.17305424 0.27145170 0.68022028
1778701968.95280075 -2.88591277 1.61396138 0.67518470 0.65904249 -0.17114930 0.26837832 0.68142790
1778701968.96307063 -2.87333792 1.62270969 0.69277019 0.65939827 -0.16874624 0.26446362 0.68321126
1778701968.97335148 -2.86242185 1.62348127 0.72042252 0.66076272 -0.16466096 0.26035768 0.68446569
1778701968.98357534 -2.85116482 1.62960459 0.74001487 0.66179681 -0.16276071 0.25675339 0.68528215
1778701968.99392414 -2.83908849 1.63403282 0.76303309 0.66282865 -0.15953830 0.25274198 0.68653274
1778701969.00421858 -2.82284463 1.63610166 0.80325837 0.66604674 -0.15634704 0.24706091 0.68622026
1778701969.01447558 -2.80999851 1.64182193 0.82416098 0.66649057 -0.15283371 0.24313867 0.68797948
1778701969.02474618 -2.80116806 1.64521174 0.83899120 0.66633629 -0.14931236 0.24038789 0.68986624
1778701969.03502440 -2.78812946 1.64959338 0.86261516 0.66704312 -0.14539270 0.23632585 0.69142211
1778701969.04525900 -2.77385624 1.65643066 0.88509944 0.66752994 -0.14164770 0.23205424 0.69317424
1778701969.05548191 -2.76348265 1.66120063 0.90113065 0.66753120 -0.13836509 0.22899044 0.69485291
1778701969.06572723 -2.74615754 1.67752904 0.91520159 0.66722961 -0.13647106 0.22451087 0.69697573
1778701969.07599044 -2.73087726 1.69010414 0.92990551 0.66647483 -0.13290110 0.22035290 0.69970937
1778701969.08629870 -2.71674485 1.70005988 0.94663870 0.66677696 -0.13072335 0.21645986 0.70104566
1778701969.09653020 -2.69912162 1.70835569 0.97293300 0.66753707 -0.12685323 0.21141115 0.70257230
1778701969.10679936 -2.68353018 1.71417477 0.99723640 0.66741158 -0.12135445 0.20682507 0.70502360
1778701969.11706924 -2.66837354 1.72408718 1.01495523 0.66757589 -0.11871669 0.20271985 0.70650792
1778701969.11724067 -2.66306630 1.72750221 1.02104360 0.66772086 -0.11797519 0.20130107 0.70690069
1778701969.12731194 -2.64765093 1.73773993 1.03819665 0.66788322 -0.11549410 0.19717166 0.70831945
1778701969.13756299 -2.62518604 1.75146974 1.06434136 0.66823276 -0.11186998 0.19119367 0.71020777
1778701969.14780378 -2.60274785 1.76399411 1.09087146 0.66815268 -0.10727783 0.18522598 0.71256915
1778701969.15808868 -2.58552438 1.77408598 1.11009124 0.66803104 -0.10401056 0.18071678 0.71432330
1778701969.16838527 -2.55876796 1.79387494 1.13351088 0.66754560 -0.10061971 0.17403080 0.71691829
1778701969.17860818 -2.53082924 1.81226602 1.15998920 0.66741013 -0.09708839 0.16706007 0.71918599
1778701969.18887091 -2.51297170 1.82536967 1.17374362 0.66582034 -0.09286337 0.16263342 0.72222575
1778701969.19912410 -2.48669445 1.83767310 1.20363605 0.66542596 -0.08715946 0.15594800 0.72477013
1778701969.20932865 -2.45941276 1.85317461 1.22976554 0.66481761 -0.08234172 0.14922219 0.72730332
1778701969.21965313 -2.43880160 1.86554022 1.24785014 0.66407940 -0.07864382 0.14420455 0.72939615
1778701969.22990513 -2.41203912 1.88219428 1.26930038 0.66315255 -0.07440522 0.13778658 0.73192036
1778701969.24018860 -2.38396695 1.89557527 1.29673273 0.66268730 -0.06921279 0.13099204 0.73409551
1778701969.25042200 -2.36328375 1.90578098 1.31577549 0.66212479 -0.06522611 0.12601081 0.73583802
1778701969.25057983 -2.35695373 1.90982187 1.32026754 0.66169644 -0.06393951 0.12449852 0.73659329
1778701969.26071525 -2.33381484 1.92425544 1.33725562 0.66112323 -0.06104777 0.11912165 0.73824066
1778701969.27102947 -2.30542101 1.93703715 1.36326753 0.66009343 -0.05496947 0.11238880 0.74069142
1778701969.28131223 -2.27192788 1.95381629 1.39128242 0.65938233 -0.04967772 0.10467486 0.74282585
1778701969.29160762 -2.24527962 1.96708532 1.41290222 0.65904263 -0.04606467 0.09865544 0.74418275
1778701969.30191851 -2.21005935 1.98276895 1.44261877 0.65845968 -0.04039016 0.09067255 0.74604153
1778701969.31221175 -2.17357712 1.99888480 1.47231623 0.65822706 -0.03542346 0.08254570 0.74744132
1778701969.32254195 -2.14494942 2.00955587 1.49715365 0.65858207 -0.03193566 0.07625542 0.74795380
1778701969.32276201 -2.13636289 2.01450635 1.50206975 0.65825860 -0.03086282 0.07437272 0.74847298
1778701969.33287930 -2.11798581 2.02192041 1.51663281 0.65830704 -0.02861320 0.07034363 0.74890914
1778701969.34320831 -2.08000212 2.03744527 1.54531628 0.65867308 -0.02487368 0.06215182 0.74944528
1778701969.35355687 -2.03345892 2.05797148 1.57671206 0.65879867 -0.02071624 0.05221443 0.75021917
1778701969.36407089 -2.00987169 2.06924176 1.59077360 0.65866872 -0.01865424 0.04714685 0.75072279
1778701969.36437297 -1.99994115 2.07312028 1.59757419 0.65879312 -0.01786627 0.04506073 0.75076091
1778701969.37445831 -1.98460775 2.08024915 1.60630601 0.65858203 -0.01633275 0.04178952 0.75117014
1778701969.38471437 -1.94154056 2.09620542 1.63499056 0.65891742 -0.01251439 0.03276193 0.75139729
1778701969.39501929 -1.91978428 2.10378959 1.64906746 0.65868827 -0.00967609 0.02813475 0.75182748
1778701969.45667005 -1.79282845 2.15313861 1.71470051 0.65623889 0.00543711 0.00081848 0.75453316
1778701969.48736072 -1.77960769 2.17108870 1.70244662 0.65274287 0.00887642 -0.00336916 0.75752004
1778701969.51814151 -1.75034496 2.18190024 1.71136990 0.65242933 0.01237864 -0.01114405 0.75766651
1778701969.52843761 -1.73992128 2.18372380 1.71708044 0.65264019 0.01373396 -0.01380142 0.75741777
1778701969.53869748 -1.74365867 2.18480763 1.71107093 0.65192803 0.01418068 -0.01356792 0.75802682
1778701969.74307108 -1.70567077 2.18351365 1.72238496 0.65670836 0.01694773 -0.02950239 0.75337674
1778701969.87664843 -1.81917236 2.16041920 1.59519654 0.65634850 0.01387053 -0.02707797 0.75384417
1778701969.88701248 -1.84216715 2.14850128 1.58356300 0.65817719 0.01438440 -0.02568732 0.75228720
1778701969.89736748 -1.84721789 2.15203772 1.57300325 0.65814104 0.01301905 -0.02548038 0.75235074
1778701969.90764332 -1.85948107 2.14847032 1.56345784 0.65842637 0.01283558 -0.02418908 0.75214683
1778701969.91792774 -1.86862192 2.14063155 1.56266074 0.65953314 0.01358589 -0.02351095 0.75118486
1778701969.92840362 -1.87349061 2.13958943 1.55784954 0.66015133 0.01288705 -0.02327422 0.75066135
1778701969.92860675 -1.88108655 2.13831054 1.55097613 0.65971596 0.01296549 -0.02213583 0.75107706
1778701969.93867779 -1.88802145 2.13820795 1.54258211 0.65977282 0.01244067 -0.02153459 0.75105347
1778701969.94896293 -1.89748643 2.13765096 1.53184639 0.66006367 0.01150424 -0.02068778 0.75083662
1778701969.95922351 -1.90962171 2.13692643 1.51806044 0.65995016 0.01070484 -0.01931388 0.75098480
1778701969.96955276 -1.91039804 2.13781485 1.51501338 0.66066914 0.00974586 -0.01977454 0.75035344
1778701969.97989321 -1.92349066 2.13980992 1.49602161 0.65983450 0.00875144 -0.01821978 0.75113906
1778701969.99017048 -1.93091315 2.13625320 1.49107840 0.66036900 0.00880621 -0.01774246 0.75067998
1778701970.00047636 -1.94034498 2.14084612 1.47203500 0.65974829 0.00656724 -0.01642722 0.75127839
1778701970.01074982 -1.95071523 2.13685529 1.46263947 0.65982693 0.00659672 -0.01529099 0.75123305
1778701970.02102518 -1.96255768 2.13993646 1.44195859 0.65917783 0.00464465 -0.01373845 0.75184724
1778701970.03128481 -1.97130849 2.13103256 1.44088271 0.66056312 0.00470019 -0.01279991 0.75064668
1778701970.04154706 -1.98015104 2.12596020 1.43461230 0.65987959 0.00646265 -0.01184827 0.75125015
1778701970.05187702 -1.99181080 2.12220117 1.42173631 0.65973220 0.00613837 -0.01031054 0.75140497
1778701970.06216216 -2.00265180 2.12387794 1.40275047 0.65881238 0.00510910 -0.00889925 0.75223729
1778701970.07240891 -2.00851259 2.11672600 1.40266199 0.66085440 0.00368536 -0.00805183 0.75046189
1778701970.08273315 -2.01510299 2.11420567 1.39365495 0.66080356 0.00368671 -0.00741695 0.75051319
1778701970.09297800 -2.02880283 2.11031001 1.37754585 0.66025112 0.00346986 -0.00540832 0.75101742
1778701970.10329628 -2.03355976 2.10337023 1.37828427 0.66176939 0.00308599 -0.00486637 0.74968531
1778701970.10346174 -2.03561749 2.09999039 1.37923282 0.66204624 0.00362217 -0.00465631 0.74943978
1778701970.11359262 -2.04232373 2.09774860 1.37101271 0.66270871 0.00230981 -0.00366519 0.74886474
1778701970.12383986 -2.05442731 2.09433272 1.35544848 0.66208341 0.00227158 -0.00188989 0.74942433
1778701970.13406134 -2.06178558 2.08840638 1.35026575 0.66355572 0.00106489 -0.00083232 0.74812564
1778701970.14430833 -2.06663709 2.08669623 1.34286053 0.66416370 -0.00005781 -0.00014194 0.74758716
1778701970.15458941 -2.07625167 2.08548225 1.32755703 0.66444417 -0.00181247 0.00145615 0.74733429
1778701970.16481185 -2.08568210 2.07216267 1.32958309 0.66653182 -0.00144105 0.00285122 0.74546973
1778701970.17508268 -2.08755861 2.06746983 1.33043669 0.66794375 -0.00188411 0.00296702 0.74420346
1778701970.18533421 -2.09931819 2.05998995 1.32023999 0.66824575 -0.00176411 0.00489112 0.74392243
1778701970.19561553 -2.10173720 2.05637978 1.31794605 0.67013207 -0.00339705 0.00520523 0.74221586
1778701970.20592666 -2.10983816 2.05543343 1.30460841 0.66978925 -0.00413047 0.00661364 0.74251031
1778701970.20608449 -2.11309508 2.05207478 1.30370892 0.67022883 -0.00415221 0.00719029 0.74210806
1778701970.21619773 -2.11913049 2.04702824 1.29911146 0.67045717 -0.00366788 0.00810153 0.74189493
1778701970.22644567 -2.11834346 2.04401898 1.30007373 0.67229550 -0.00475770 0.00775191 0.74022702
1778701970.23683834 -2.12831117 2.04305496 1.28263949 0.67198810 -0.00607637 0.00963633 0.74047432
1778701970.24714613 -2.13306931 2.03576913 1.28221302 0.67262696 -0.00517983 0.01032067 0.73989163
1778701970.25740314 -2.13864616 2.03460461 1.27081347 0.67261029 -0.00589641 0.01130920 0.73988697
1778701970.26768947 -2.14750687 2.03523743 1.25199803 0.67197825 -0.00728518 0.01308770 0.74041939
1778701970.27797937 -2.15072378 2.03178953 1.24775839 0.67226285 -0.00714718 0.01359280 0.74015323
1778701970.28825116 -2.15755974 2.02530606 1.24157354 0.67258557 -0.00665348 0.01474405 0.73984255
1778701970.29852509 -2.16643042 2.01793714 1.23344903 0.67309999 -0.00672883 0.01644689 0.73933796
1778701970.30882931 -2.16879976 2.02123342 1.21810450 0.67233947 -0.00779603 0.01699285 0.74000682
1778701970.31915212 -2.17445157 2.01687705 1.21136399 0.67258780 -0.00789134 0.01808723 0.73975417
1778701970.32941723 -2.18063619 2.01170896 1.20283478 0.67287971 -0.00800716 0.01929937 0.73945677
1778701970.33972168 -2.19076687 2.00751502 1.18638715 0.67202614 -0.00789411 0.02131374 0.74017854
1778701970.35006356 -2.19528551 2.00496821 1.17800326 0.67209159 -0.00831627 0.02230363 0.74008532
1778701970.36039519 -2.19957658 1.99947257 1.17193958 0.67279871 -0.00856616 0.02320070 0.73941210
1778701970.37072730 -2.20414628 1.99492374 1.16404430 0.67339544 -0.00912528 0.02424557 0.73882844
1778701970.38105965 -2.20903138 1.99012578 1.15582312 0.67371304 -0.00927287 0.02529844 0.73850169
1778701970.39140534 -2.21654378 1.98361301 1.14788196 0.67372844 -0.00886620 0.02682201 0.73843886
1778701970.40169525 -2.21603176 1.98038522 1.14548315 0.67499710 -0.00967049 0.02688182 0.73726709
1778701970.41198945 -2.22609534 1.97652461 1.12610166 0.67437081 -0.01051915 0.02928083 0.73773708
1778701970.42233682 -2.22677739 1.97218119 1.12514357 0.67524386 -0.01053990 0.02944366 0.73693128
1778701970.43268323 -2.23251950 1.96710018 1.11422456 0.67533349 -0.01080314 0.03084509 0.73678800
1778701970.44298649 -2.23700772 1.96307561 1.10358026 0.67534926 -0.01109927 0.03197240 0.73672108
1778701970.45336413 -2.24102740 1.95749334 1.09591295 0.67570173 -0.01115811 0.03300244 0.73635149
1778701970.46374559 -2.24216967 1.95405708 1.09207321 0.67604520 -0.01110195 0.03334080 0.73602176
1778701970.47407389 -2.24770576 1.94809571 1.08194284 0.67589742 -0.01082658 0.03466812 0.73610025
1778701970.48435736 -2.25095491 1.94539036 1.07018380 0.67516046 -0.01049979 0.03549913 0.73674142
1778701970.49462485 -2.25388389 1.93876213 1.06845530 0.67574490 -0.00997976 0.03616723 0.73618012
1778701970.50492430 -2.25637415 1.93770814 1.05456038 0.67469814 -0.00985540 0.03691508 0.73710418
1778701970.51515651 -2.25785245 1.93733591 1.04205240 0.67447341 -0.01076999 0.03762224 0.73726128
1778701970.52545524 -2.25821555 1.93553506 1.03617920 0.67470770 -0.01121321 0.03798215 0.73702180
1778701970.52562547 -2.25637882 1.93599798 1.03615410 0.67505242 -0.01157967 0.03769587 0.73671512
1778701970.53572106 -2.25971880 1.93102581 1.03000471 0.67487543 -0.01093557 0.03846348 0.73684742
1778701970.54596066 -2.26227220 1.92772900 1.01922744 0.67451505 -0.01091973 0.03929814 0.73713354
1778701970.55628276 -2.26063007 1.92522572 1.01504332 0.67545526 -0.01175877 0.03937888 0.73625487
1778701970.56656265 -2.26279104 1.92503439 1.00255446 0.67513798 -0.01282112 0.04034179 0.73647598
1778701970.57684875 -2.26687091 1.91686485 0.99648013 0.67482193 -0.01125516 0.04122889 0.73674206
1778701970.58707142 -2.26911199 1.91342630 0.98575336 0.67436943 -0.01109162 0.04205617 0.73711202
1778701970.59733200 -2.27329690 1.90844244 0.97702644 0.67400389 -0.01069879 0.04319324 0.73738635
1778701970.60754395 -2.27575419 1.90724510 0.96142834 0.67278103 -0.01064978 0.04413527 0.73844725
1778701970.61780334 -2.28037857 1.90103258 0.95066771 0.67233542 -0.01011125 0.04548350 0.73877879
1778701970.62808537 -2.28063032 1.90080004 0.94110450 0.67203346 -0.01066335 0.04598138 0.73901491
1778701970.62834716 -2.28086140 1.89997031 0.93904115 0.67196805 -0.01057736 0.04611629 0.73906721
1778701970.63848448 -2.28318644 1.89802340 0.92841042 0.67139210 -0.01063990 0.04698160 0.73953510
1778701970.64878893 -2.28944189 1.89415715 0.90928675 0.67036315 -0.01107521 0.04903950 0.74032812
1778701970.65903425 -2.28874053 1.89312056 0.90025874 0.67013674 -0.01118771 0.04930460 0.74051377
1778701970.66931605 -2.29422418 1.89053727 0.88350256 0.66922312 -0.01175900 0.05112727 0.74120722
1778701970.67954040 -2.29687106 1.88688062 0.87169968 0.66854434 -0.01131771 0.05210728 0.74175819
1778701970.68984675 -2.29874562 1.88508153 0.85774191 0.66817785 -0.01201622 0.05326834 0.74199492
1778701970.70007753 -2.29982128 1.88313214 0.84980930 0.66811251 -0.01220847 0.05392636 0.74200308
1778701970.71036005 -2.30664256 1.87722917 0.83268920 0.66695725 -0.01167527 0.05599212 0.74289744
1778701970.72063255 -2.31037827 1.87475259 0.81641846 0.66601779 -0.01178383 0.05748455 0.74362421
1778701970.73087215 -2.30944479 1.87304864 0.81266095 0.66616687 -0.01148336 0.05753272 0.74349164
1778701970.74113393 -2.31580543 1.86926185 0.79340680 0.66489134 -0.01137530 0.05960040 0.74447156
1778701970.75137687 -2.31541416 1.86734204 0.78609124 0.66504364 -0.01132939 0.06000017 0.74430409
1778701970.76161838 -2.31840241 1.86512074 0.77177978 0.66439410 -0.01134532 0.06124338 0.74478252
1778701970.77189636 -2.31904715 1.86441138 0.76339681 0.66436446 -0.01166166 0.06184550 0.74475432
1778701970.78217244 -2.31914735 1.86278374 0.75581674 0.66462814 -0.01175008 0.06233431 0.74447686
1778701970.79240584 -2.31875697 1.86196151 0.74714016 0.66481406 -0.01201285 0.06275771 0.74427107
1778701970.80265474 -2.32007127 1.86256415 0.73423039 0.66422650 -0.01259189 0.06361401 0.74471328
1778701970.81290650 -2.31579626 1.86517588 0.72801495 0.66490126 -0.01359330 0.06326701 0.74412285
1778701970.82322311 -2.31723242 1.86462229 0.71445830 0.66472985 -0.01436970 0.06430874 0.74417211
1778701970.83346224 -2.31516451 1.86465738 0.71132511 0.66526524 -0.01462598 0.06412950 0.74370400
1778701970.84374237 -2.31408883 1.86541966 0.70050055 0.66503665 -0.01508660 0.06444452 0.74387200
1778701970.85400319 -2.31475665 1.86534138 0.68656008 0.66474725 -0.01598060 0.06537688 0.74403063
1778701970.86425877 -2.31479244 1.86609168 0.67522188 0.66418404 -0.01648845 0.06590226 0.74447605
1778701970.86441851 -2.31149910 1.86767797 0.67705236 0.66448787 -0.01650387 0.06515288 0.74427051
1778701970.87447739 -2.31374767 1.86615151 0.66465311 0.66368211 -0.01657858 0.06611000 0.74490313
1778701970.88469267 -2.30933308 1.87019829 0.65390690 0.66343939 -0.01766779 0.06578671 0.74512290
1778701970.89501047 -2.31151551 1.86731375 0.64080908 0.66304740 -0.01795601 0.06690704 0.74536513
1778701970.90525961 -2.31245284 1.86762642 0.62647296 0.66211474 -0.01856712 0.06775313 0.74610243
1778701970.91556668 -2.30900873 1.86856250 0.62053093 0.66255503 -0.01921046 0.06746750 0.74572107
1778701970.92578959 -2.31124376 1.86638833 0.60492723 0.66215295 -0.02008631 0.06882121 0.74593140
1778701970.93611097 -2.31085804 1.86658193 0.59467243 0.66181595 -0.02069654 0.06926561 0.74617262
1778701970.94640827 -2.31001716 1.86684668 0.58176630 0.66191050 -0.02209136 0.06997760 0.74598230
1778701970.95672011 -2.31091774 1.86567853 0.57093327 0.66179665 -0.02291507 0.07086327 0.74597486
1778701970.96705031 -2.31064724 1.86502851 0.55863675 0.66164646 -0.02373543 0.07151545 0.74602019
1778701970.97732782 -2.31026940 1.86516704 0.54471160 0.66168360 -0.02521247 0.07238984 0.74585444
1778701970.98758125 -2.31064940 1.86296707 0.53455541 0.66217536 -0.02618947 0.07323581 0.74530156
1778701970.99785566 -2.30859513 1.86366184 0.52475544 0.66280625 -0.02772664 0.07364095 0.74464496
1778701971.00818038 -2.30692512 1.86326339 0.52127724 0.66380055 -0.02864415 0.07375290 0.74371288
1778701971.01847720 -2.30889734 1.86193804 0.50413180 0.66384034 -0.03037495 0.07540813 0.74344266
1778701971.02869606 -2.30626984 1.86152851 0.50063753 0.66539279 -0.03162682 0.07546390 0.74199554
1778701971.03896618 -2.30946938 1.85751556 0.49143179 0.66576700 -0.03215916 0.07681302 0.74149838
1778701971.04924989 -2.30790394 1.85617694 0.48772257 0.66737115 -0.03332612 0.07713022 0.73997030
1778701971.05951786 -2.30967974 1.85278695 0.48208397 0.66822318 -0.03389334 0.07807325 0.73907617
1778701971.05969644 -2.30962596 1.85170406 0.48229961 0.66893544 -0.03424981 0.07824569 0.73839687
1778701971.06978583 -2.30903170 1.85098289 0.47702530 0.66984365 -0.03520799 0.07869162 0.73748051
1778701971.06993937 -2.31047827 1.84954077 0.47299704 0.66984710 -0.03537319 0.07925640 0.73740899
1778701971.08002615 -2.31070061 1.84658437 0.47216085 0.67120128 -0.03575191 0.07962645 0.73611838
1778701971.09030867 -2.31151058 1.84306079 0.46815162 0.67256230 -0.03629475 0.08030905 0.73477419
1778701971.10063887 -2.31249492 1.84225945 0.45538268 0.67251469 -0.03709448 0.08127237 0.73467189
1778701971.11090279 -2.30431802 1.84405048 0.47224527 0.67547440 -0.03708823 0.07890536 0.73221086
1778701971.12117553 -2.31427118 1.83711155 0.44461116 0.67405586 -0.03788642 0.08251981 0.73307830
1778701971.13147831 -2.31479457 1.83564416 0.43566198 0.67407493 -0.03804752 0.08305789 0.73299166
1778701971.14173555 -2.31564348 1.83313467 0.43239782 0.67473048 -0.03808915 0.08342130 0.73234478
1778701971.15198278 -2.31400969 1.83347931 0.42734314 0.67503295 -0.03815589 0.08320835 0.73208675
1778701971.16229749 -2.31387266 1.82967915 0.42990114 0.67689630 -0.03820430 0.08325191 0.73035673
1778701971.17276430 -2.31420510 1.82966231 0.41811730 0.67583179 -0.03769914 0.08340688 0.73135043
1778701971.18305540 -2.31428055 1.82772815 0.41611022 0.67636245 -0.03748242 0.08342018 0.73086933
1778701971.19335794 -2.31434200 1.82497612 0.41540737 0.67747754 -0.03732365 0.08340114 0.72984613
1778701971.20365810 -2.31427632 1.82431910 0.40691372 0.67722040 -0.03717477 0.08350479 0.73008048
1778701971.21399784 -2.31540304 1.82039000 0.40878990 0.67868665 -0.03709721 0.08371428 0.72869757
1778701971.22430038 -2.31449889 1.82183895 0.39808495 0.67797280 -0.03708526 0.08360511 0.72937490
1778701971.23460913 -2.31471568 1.81895818 0.39754837 0.67884454 -0.03657429 0.08339453 0.72861359
1778701971.24497461 -2.31331810 1.81928638 0.39359341 0.67951610 -0.03691158 0.08311964 0.72800174
1778701971.25532198 -2.31189204 1.81998957 0.39068214 0.68009892 -0.03731945 0.08286880 0.72746510
1778701971.26563931 -2.31212425 1.81926913 0.38314641 0.68000136 -0.03719822 0.08288830 0.72756029
1778701971.27597547 -2.31047135 1.82039995 0.37751440 0.68027201 -0.03746600 0.08248737 0.72733907
1778701971.28631401 -2.30979462 1.81968933 0.37635036 0.68078991 -0.03727006 0.08211817 0.72690622
1778701971.29668427 -2.30856035 1.82040795 0.37047970 0.68113520 -0.03763143 0.08186867 0.72659221
1778701971.30703425 -2.30850699 1.81994998 0.36302624 0.68127970 -0.03785507 0.08190675 0.72644081
1778701971.31737256 -2.30729350 1.82066544 0.35679226 0.68145188 -0.03806467 0.08157688 0.72630547
1778701971.32762361 -2.30720453 1.81974392 0.35338862 0.68185695 -0.03813124 0.08150211 0.72593010
1778701971.33799124 -2.30657404 1.81923428 0.34838365 0.68209315 -0.03806444 0.08115432 0.72575066
1778701971.34831619 -2.30741731 1.81670349 0.34366967 0.68260942 -0.03794065 0.08121821 0.72526443
1778701971.35860252 -2.30718546 1.81650800 0.33728917 0.68260993 -0.03819435 0.08122879 0.72524945
1778701971.35878396 -2.30724458 1.81569241 0.33785774 0.68301856 -0.03816307 0.08114980 0.72487512
1778701971.36895156 -2.30663131 1.81526581 0.33390239 0.68334615 -0.03838232 0.08098505 0.72457315
1778701971.37926722 -2.30863989 1.81257548 0.32278159 0.68277970 -0.03816681 0.08144173 0.72506718
1778701971.38958812 -2.30797594 1.81154869 0.31887903 0.68312886 -0.03804949 0.08101894 0.72479178
1778701971.40023518 -2.30984954 1.80769851 0.31608888 0.68325691 -0.03726290 0.08105907 0.72470745
1778701971.41071129 -2.31288803 1.80173463 0.31383659 0.68401148 -0.03647312 0.08133465 0.72400462
1778701971.42111015 -2.31489661 1.79815133 0.30682570 0.68376135 -0.03574697 0.08143149 0.72426617
1778701971.43134618 -2.31581407 1.79506438 0.30483480 0.68427144 -0.03509598 0.08107607 0.72385602
1778701971.44159770 -2.31638721 1.79301015 0.30049667 0.68429338 -0.03443802 0.08064621 0.72391490
1778701971.45189953 -2.31823160 1.79073474 0.29309622 0.68363801 -0.03377647 0.08072454 0.72455626
1778701971.46217418 -2.31934721 1.78792542 0.29032684 0.68416323 -0.03329347 0.08047181 0.72411084
1778701971.47239256 -2.31811967 1.78855026 0.28834772 0.68441583 -0.03315391 0.07976557 0.72395666
1778701971.48264313 -2.31766682 1.78835968 0.28404146 0.68419225 -0.03247713 0.07894439 0.72428861
1778701971.49290657 -2.31751687 1.78798928 0.28045657 0.68448821 -0.03222154 0.07835113 0.72408478
1778701971.50323343 -2.31564736 1.78928710 0.28017656 0.68488781 -0.03173394 0.07705658 0.72386735
1778701971.51348901 -2.31686934 1.78871257 0.27154184 0.68416152 -0.03142084 0.07706406 0.72456668
1778701971.52376199 -2.31471405 1.79059617 0.27128204 0.68434416 -0.03074759 0.07558466 0.72457892
1778701971.53397870 -2.31482959 1.79097326 0.26348647 0.68365722 -0.03018239 0.07496443 0.72531522
1778701971.54428172 -2.31398788 1.79150293 0.26383154 0.68396361 -0.02962524 0.07403605 0.72514467
1778701971.55456042 -2.31393969 1.79170029 0.25991406 0.68378612 -0.02887433 0.07316860 0.72543034
1778701971.56483102 -2.31306447 1.79279932 0.25712510 0.68374573 -0.02821087 0.07207969 0.72560350
1778701971.57513356 -2.31359863 1.79210676 0.25553428 0.68359097 -0.02726277 0.07137244 0.72585542
1778701971.58538485 -2.31452423 1.79268571 0.24443499 0.68229333 -0.02655071 0.07093137 0.72714484
1778701971.59565544 -2.31372539 1.79359817 0.24411750 0.68219427 -0.02534551 0.06949665 0.72741928
1778701971.60593796 -2.31549721 1.79303348 0.23470381 0.68133557 -0.02497639 0.06957603 0.72822881
1778701971.60616755 -2.31494589 1.79363775 0.23560196 0.68139436 -0.02466185 0.06906673 0.72823301
1778701971.61626625 -2.31433940 1.79460847 0.23421573 0.68131560 -0.02400218 0.06813645 0.72841635
1778701971.62651634 -2.31489816 1.79439182 0.23109852 0.68116748 -0.02307919 0.06729747 0.72866266
1778701971.63677907 -2.31443348 1.79621819 0.22459669 0.68036681 -0.02233830 0.06625543 0.72952877
1778701971.64703441 -2.31681487 1.79456717 0.21874961 0.67969597 -0.02141878 0.06610298 0.73019520
1778701971.65728474 -2.31768675 1.79374449 0.21882310 0.67945131 -0.01968849 0.06481163 0.73058726
1778701971.66751552 -2.31958000 1.79264174 0.21340615 0.67949795 -0.01921294 0.06462125 0.73057340
1778701971.67783713 -2.31692887 1.79744019 0.20649678 0.67867130 -0.01930374 0.06348463 0.73143854
1778701971.68812251 -2.31868874 1.79729960 0.19692741 0.67769073 -0.01855044 0.06311959 0.73239817
1778701971.69835258 -2.31990105 1.79699479 0.19125202 0.67707751 -0.01752315 0.06241061 0.73305109
1778701971.70867205 -2.32133818 1.79600611 0.18828056 0.67692962 -0.01675768 0.06199643 0.73324069
1778701971.70886540 -2.32309565 1.79438830 0.18496485 0.67676792 -0.01659613 0.06235062 0.73336359
1778701971.71896839 -2.32439843 1.79200009 0.19007660 0.67752964 -0.01517089 0.06145958 0.73276610
1778701971.72922969 -2.32612636 1.79101224 0.18374835 0.67719713 -0.01450804 0.06110416 0.73311653
1778701971.73946381 -2.32487468 1.79379647 0.17648032 0.67627234 -0.01401603 0.05994801 0.73407459
1778701971.74977851 -2.32639891 1.79323656 0.16765675 0.67511531 -0.01333424 0.05972951 0.73516930
1778701971.76006293 -2.32952359 1.79018195 0.16170175 0.67451411 -0.01207753 0.05950093 0.73576117
1778701971.77036071 -2.32930754 1.79081065 0.15933042 0.67446945 -0.01134240 0.05848896 0.73589493
1778701971.78065181 -2.33144578 1.78863386 0.15441616 0.67410872 -0.01061158 0.05840259 0.73624315
1778701971.79098368 -2.33241168 1.78793461 0.15002894 0.67348023 -0.00944429 0.05755526 0.73690066
1778701971.80125332 -2.33506393 1.78567249 0.14015942 0.67234211 -0.00846831 0.05748922 0.73795621
1778701971.81152296 -2.33643455 1.78410716 0.13833517 0.67213435 -0.00714045 0.05667754 0.73822225
1778701971.82176805 -2.33656482 1.78380627 0.13931012 0.67226912 -0.00615811 0.05573497 0.73818014
1778701971.83202839 -2.33713509 1.78310820 0.13854231 0.67278812 -0.00548886 0.05507145 0.73776226
1778701971.84233737 -2.33927196 1.78077100 0.13641004 0.67226813 -0.00373470 0.05420209 0.73831142
1778701971.85262322 -2.33865873 1.78125510 0.13891141 0.67304100 -0.00319366 0.05333326 0.73767281
1778701971.86289382 -2.33944994 1.77979043 0.14378793 0.67423116 -0.00202663 0.05237874 0.73665780
1778701971.87315321 -2.33997064 1.77960812 0.14155996 0.67439576 -0.00121110 0.05168080 0.73655820
1778701971.88340926 -2.33788331 1.78175556 0.14848970 0.67571845 -0.00064224 0.05023623 0.73544577
1778701971.89366889 -2.34062357 1.77825270 0.14800761 0.67575512 0.00107132 0.04975350 0.73544439
1778701971.90393090 -2.33807506 1.78110922 0.15542031 0.67739023 0.00171960 0.04805876 0.73405032
1778701971.91418099 -2.33620577 1.78304390 0.16176559 0.67922320 0.00175272 0.04708061 0.73241804
1778701971.91433930 -2.33752411 1.78209512 0.15724680 0.67884812 0.00187420 0.04739345 0.73274523
1778701971.92439866 -2.33608609 1.78295821 0.16599460 0.68061685 0.00251840 0.04619885 0.73117715
1778701971.93467140 -2.33469211 1.78298292 0.17968449 0.68319699 0.00365673 0.04462933 0.72885988
1778701971.94495797 -2.33462786 1.78234928 0.18455647 0.68420977 0.00458869 0.04379858 0.72795441
1778701971.94512320 -2.33392759 1.78349589 0.18403663 0.68445570 0.00444961 0.04357689 0.72773735
1778701971.95523548 -2.33181558 1.78556338 0.18936350 0.68564053 0.00487974 0.04236412 0.72669012
1778701971.96546006 -2.33265707 1.78356460 0.19693219 0.68710747 0.00638082 0.04136847 0.72534906
1778701971.97567987 -2.33289906 1.78164472 0.20620795 0.68869502 0.00789862 0.04022785 0.72389122
1778701971.98595452 -2.33058017 1.78518469 0.20401504 0.68909102 0.00763729 0.03942211 0.72356142
1778701971.99630022 -2.33039388 1.78456196 0.20778177 0.68969239 0.00897275 0.03830361 0.72303301
1778701972.00660539 -2.33389609 1.78133041 0.19889354 0.68860039 0.01029338 0.03845526 0.72404747
1778701972.01690078 -2.33031917 1.78436548 0.20713858 0.68952228 0.01113241 0.03653335 0.72325681
1778701972.02721071 -2.32588096 1.79052445 0.20558221 0.68870630 0.01194950 0.03417351 0.72413604
1778701972.03753257 -2.32122016 1.79631192 0.20542536 0.68961127 0.01124699 0.03284250 0.72334720
1778701972.04784417 -2.31857222 1.80046534 0.19631027 0.68837461 0.01142685 0.03170990 0.72457181
1778701972.05810380 -2.31807067 1.80121747 0.19199365 0.68830505 0.01147357 0.03141017 0.72465021
1778701972.06833124 -2.31351339 1.80707497 0.18572545 0.68764967 0.01127178 0.02992529 0.72533810
1778701972.07858586 -2.31256766 1.80844706 0.17735786 0.68714581 0.01124496 0.02960390 0.72582904
1778701972.08885908 -2.31214071 1.80860838 0.17406497 0.68658833 0.01203223 0.02887222 0.72637324
1778701972.09922385 -2.31197495 1.80841167 0.16780450 0.68651905 0.01217830 0.02868206 0.72644382
1778701972.10949230 -2.31022790 1.80989117 0.16042492 0.68726066 0.01110180 0.02896440 0.72574831
1778701972.11977506 -2.31110692 1.80833423 0.15448927 0.68600051 0.01242848 0.02831935 0.72694350
1778701972.11996865 -2.31035063 1.80904535 0.15291736 0.68607524 0.01225858 0.02820533 0.72688028
1778701972.13006520 -2.31056512 1.80776414 0.14950273 0.68644665 0.01235625 0.02832814 0.72652311
1778701972.14035320 -2.31086463 1.80568119 0.14749120 0.68682466 0.01307462 0.02800822 0.72616560
1778701972.15065551 -2.31167287 1.80309123 0.14243013 0.68731912 0.01326206 0.02830827 0.72568256
1778701972.16095185 -2.31013110 1.80442456 0.13562755 0.68722023 0.01287857 0.02817365 0.72578836
1778701972.17125559 -2.30983201 1.80099906 0.14720344 0.68920836 0.01446331 0.02714058 0.72391024
1778701972.18149209 -2.30926233 1.80067871 0.13699704 0.68936931 0.01379397 0.02765678 0.72375050
1778701972.19182777 -2.30987427 1.80028671 0.11775668 0.68820577 0.01260411 0.02892038 0.72482934
1778701972.20208240 -2.30581427 1.80399731 0.10584076 0.68889646 0.01047950 0.02942069 0.72418663
1778701972.21233273 -2.30689583 1.80114200 0.09457330 0.68819020 0.01076680 0.02991272 0.72483347
1778701972.22260046 -2.30590985 1.80182551 0.07364256 0.68776617 0.00836309 0.03179298 0.72518754
1778701972.22274971 -2.30611241 1.80111173 0.07189240 0.68775552 0.00844428 0.03187925 0.72519291
1778701972.23291159 -2.30654005 1.79888867 0.06566928 0.68663462 0.00953462 0.03140098 0.72626164
1778701972.24316001 -2.30616629 1.79701152 0.05513974 0.68616294 0.00949963 0.03178120 0.72669122
1778701972.25350189 -2.30472813 1.79679115 0.03363813 0.68528793 0.00772776 0.03326402 0.72747113
1778701972.26379418 -2.30358051 1.79634361 0.01999632 0.68518499 0.00634517 0.03444883 0.72752632
1778701972.27407384 -2.30468925 1.79208463 0.00561140 0.68476400 0.00597043 0.03577666 0.72786169
1778701972.28434801 -2.30361888 1.79024742 -0.00432977 0.68509869 0.00526487 0.03658682 0.72751183
1778701972.29467869 -2.30484945 1.78650122 -0.02577801 0.68363762 0.00436025 0.03838398 0.72879851
1778701972.30507517 -2.30413967 1.78408718 -0.04085852 0.68361398 0.00326980 0.03976256 0.72875248
1778701972.31549549 -2.30628244 1.77732748 -0.05101718 0.68380472 0.00345872 0.04122539 0.72849132
1778701972.32595754 -2.30548590 1.77438738 -0.08252585 0.67987701 0.00319976 0.04224838 0.73210115
1778701972.33632398 -2.30688950 1.76925896 -0.08216475 0.68251032 0.00247080 0.04396207 0.72954842
1778701972.33653498 -2.30834667 1.76645461 -0.07547798 0.68429025 0.00270419 0.04441449 0.72785087
1778701972.34660530 -2.30756089 1.76409188 -0.07713017 0.68591489 0.00214808 0.04525357 0.72627011
1778701972.35688376 -2.31163461 1.75466963 -0.09160826 0.68531379 0.00277413 0.04726697 0.72670706
1778701972.36737657 -2.31399393 1.74741979 -0.11314533 0.68434073 0.00221856 0.04974572 0.72746011
1778701972.37784123 -2.31252444 1.74602364 -0.11396242 0.68539162 0.00219815 0.04994584 0.72645641
1778701972.38825631 -2.31454399 1.73919673 -0.13215287 0.68452702 0.00205505 0.05194084 0.72713182
1778701972.39859915 -2.31372905 1.73564702 -0.15588521 0.68211415 0.00180410 0.05312414 0.72931123
1778701972.40895557 -2.31424160 1.73033586 -0.16971297 0.68210061 0.00131463 0.05490766 0.72919283
1778701972.41927981 -2.31476873 1.72607566 -0.18347101 0.68239466 0.00016272 0.05705189 0.72875413
1778701972.42961669 -2.31348757 1.72283454 -0.20104879 0.68136703 -0.00039271 0.05835041 0.72961226
1778701972.43993330 -2.31408768 1.71758522 -0.21416488 0.68115382 -0.00052814 0.05991761 0.72968423
1778701972.45045996 -2.31398593 1.71399288 -0.22889813 0.68007967 -0.00077573 0.06111193 0.73058632
1778701972.45064330 -2.31417859 1.71271263 -0.23179082 0.68008936 -0.00078897 0.06150104 0.73054464
1778701972.46080852 -2.31405218 1.70885945 -0.25047878 0.67845258 -0.00113916 0.06290233 0.73194542
1778701972.47117114 -2.31159010 1.70862301 -0.25528710 0.68004679 -0.00204598 0.06386831 0.73037868
1778701972.48159194 -2.31325160 1.69960708 -0.29492917 0.67713215 -0.00381515 0.06807853 0.73269557
1778701972.49187970 -2.30841688 1.70399125 -0.29534951 0.67832438 -0.00455685 0.06759684 0.73163238
1778701972.50217032 -2.30949046 1.69798606 -0.31372182 0.67737902 -0.00474254 0.06964669 0.73231449
1778701972.51251221 -2.30567047 1.69814430 -0.33443014 0.67657552 -0.00639203 0.07117136 0.73289791
1778701972.52281928 -2.30352183 1.69689722 -0.34929302 0.67640263 -0.00733972 0.07257085 0.73291138
1778701972.53315568 -2.30080272 1.69652239 -0.36608806 0.67570318 -0.00865784 0.07394372 0.73340478
1778701972.54347086 -2.29687646 1.69688342 -0.38504903 0.67500196 -0.01014228 0.07529433 0.73389389
1778701972.55376959 -2.29243153 1.69715638 -0.40622054 0.67435017 -0.01208697 0.07704432 0.73428191
1778701972.56410265 -2.28911045 1.69886216 -0.41425786 0.67463075 -0.01303478 0.07754731 0.73395494
1778701972.57433677 -2.28363519 1.69812756 -0.44519160 0.67152339 -0.01468642 0.07891477 0.73662277
1778701972.58467507 -2.28127050 1.69580872 -0.46132065 0.67168217 -0.01615514 0.08098575 0.73622237
1778701972.59496665 -2.27631790 1.69756200 -0.47523758 0.67126538 -0.01774790 0.08178186 0.73647779
1778701972.59516072 -2.27511624 1.69712431 -0.48167469 0.67071882 -0.01813797 0.08214390 0.73692582
1778701972.60529327 -2.27371628 1.69247952 -0.50275025 0.66875246 -0.01882263 0.08377931 0.73850991
1778701972.61563039 -2.26859168 1.69032692 -0.52899723 0.66647422 -0.02041060 0.08525240 0.74035636
1778701972.62593675 -2.26273369 1.68808956 -0.55751368 0.66320355 -0.02167585 0.08616164 0.74314695
1778701972.63629293 -2.26109213 1.68523452 -0.56957127 0.66326624 -0.02272769 0.08781925 0.74286549
1778701972.64658403 -2.25898443 1.68249495 -0.58117219 0.66397243 -0.02391166 0.08971985 0.74196980
1778701972.65695262 -2.25331791 1.68056449 -0.60581977 0.66166233 -0.02531875 0.09077392 0.74385618
1778701972.66728377 -2.25094546 1.67916901 -0.61467510 0.66322351 -0.02680134 0.09279707 0.74216236
1778701972.67753005 -2.24488194 1.67911604 -0.63602078 0.66235859 -0.02929580 0.09465923 0.74260520
1778701972.68779826 -2.23966020 1.67933936 -0.65159026 0.66175630 -0.03061421 0.09549476 0.74298191
1778701972.69806194 -2.23547294 1.68037627 -0.66091162 0.66307272 -0.03229721 0.09700022 0.74154057
1778701972.70836353 -2.23353113 1.67957828 -0.66830035 0.66370711 -0.03313841 0.09813437 0.74078631
1778701972.71869135 -2.22572739 1.68350612 -0.68375226 0.66388539 -0.03558951 0.09913228 0.74037988
1778701972.72898483 -2.22697252 1.67923689 -0.68928459 0.66580096 -0.03608001 0.10149932 0.73831240
1778701972.73938298 -2.22027525 1.68283678 -0.70306016 0.66579998 -0.03827846 0.10242567 0.73807461
1778701972.73957324 -2.22111930 1.67952803 -0.70896395 0.66547312 -0.03828237 0.10335394 0.73823977
1778701972.74977779 -2.22068500 1.68049840 -0.70751315 0.66748561 -0.03864844 0.10412526 0.73629287
1778701972.76017094 -2.21818407 1.68072093 -0.71585632 0.66856993 -0.03973199 0.10550865 0.73505343
1778701972.77044272 -2.21638596 1.68132898 -0.72116610 0.67059961 -0.04100454 0.10729125 0.73287337
1778701972.78073168 -2.21363180 1.68327790 -0.72614188 0.67158747 -0.04200398 0.10804990 0.73179995
1778701972.79107952 -2.20871465 1.68486787 -0.73995001 0.67102978 -0.04312714 0.10856036 0.73217057
1778701972.80139112 -2.20978056 1.68486258 -0.73771827 0.67411783 -0.04376344 0.11032420 0.72902571
1778701972.81164813 -2.20966183 1.68461500 -0.74078771 0.67535054 -0.04400215 0.11114864 0.72774407
1778701972.82194877 -2.20723004 1.68565032 -0.74734956 0.67509648 -0.04433459 0.11111075 0.72796538
1778701972.83231020 -2.20703138 1.68389477 -0.75414631 0.67575005 -0.04469335 0.11226621 0.72715932
1778701972.84257364 -2.20054130 1.68844757 -0.76563414 0.67589527 -0.04656691 0.11279040 0.72682559
1778701972.85285091 -2.19795253 1.68558644 -0.78210185 0.67312588 -0.04639437 0.11247147 0.72945135
1778701972.86323571 -2.19574829 1.68631620 -0.78951304 0.67302581 -0.04680277 0.11252282 0.72950969
1778701972.87350798 -2.19563791 1.68428190 -0.79690284 0.67266011 -0.04659461 0.11275905 0.72982376
1778701972.88381720 -2.19210012 1.68761732 -0.80131110 0.67291660 -0.04739367 0.11249076 0.72957722
1778701972.88399792 -2.19194444 1.68704237 -0.80398495 0.67268079 -0.04738960 0.11255229 0.72978543
1778701972.89411831 -2.19248145 1.68529439 -0.80835773 0.67255319 -0.04707362 0.11267787 0.72990409
1778701972.90440059 -2.18953926 1.68861087 -0.81242268 0.67319795 -0.04782634 0.11247344 0.72929205
1778701972.91467476 -2.18846971 1.68922065 -0.81741433 0.67331400 -0.04794801 0.11231790 0.72920088
1778701972.92523193 -2.18502915 1.69132053 -0.82513874 0.67319509 -0.04888841 0.11241332 0.72923352
1778701972.93558049 -2.18291842 1.69318453 -0.83034856 0.67303555 -0.04910135 0.11176079 0.72946675
1778701972.94593310 -2.18006272 1.69550848 -0.83702619 0.67320948 -0.04984490 0.11163424 0.72927518
1778701972.95637918 -2.17914276 1.69497346 -0.84427266 0.67282922 -0.04988429 0.11145240 0.72965113
1778701972.96674800 -2.17846470 1.69532300 -0.84832182 0.67281315 -0.04993575 0.11121573 0.72969853
1778701972.97703385 -2.17774983 1.69592147 -0.85265122 0.67292571 -0.04993644 0.11085433 0.72964968
1778701972.98740172 -2.17742471 1.69479532 -0.86017341 0.67257980 -0.04990052 0.11078076 0.72998217
1778701972.99774981 -2.17738890 1.69511846 -0.86294824 0.67289462 -0.04990349 0.11069918 0.72970416
1778701972.99793673 -2.17738115 1.69470973 -0.86499028 0.67272816 -0.04984549 0.11064133 0.72987036
1778701973.00811863 -2.17792839 1.69390481 -0.86854035 0.67275626 -0.04960974 0.11049825 0.72988220
1778701973.01843977 -2.17807944 1.69450030 -0.87185897 0.67322056 -0.04957468 0.11029451 0.72948718
1778701973.02872658 -2.17968688 1.69306920 -0.87549877 0.67342015 -0.04911272 0.11013999 0.72935754
1778701973.03907180 -2.17789826 1.69535357 -0.87949929 0.67360741 -0.04952790 0.10974118 0.72921664
1778701973.04939890 -2.18040937 1.69372717 -0.88134026 0.67377685 -0.04870768 0.10922091 0.72919347
1778701973.05977321 -2.18087210 1.69489716 -0.88293822 0.67426084 -0.04846431 0.10854835 0.72886267
1778701973.07015014 -2.18333891 1.69304599 -0.88577334 0.67410736 -0.04758934 0.10785078 0.72916578
1778701973.08050537 -2.18428828 1.69285028 -0.88788711 0.67415691 -0.04722268 0.10732688 0.72922111
1778701973.09084272 -2.18430628 1.69372001 -0.89195278 0.67395685 -0.04699564 0.10636199 0.72956199
1778701973.10113621 -2.18724904 1.69173331 -0.89436817 0.67372489 -0.04597761 0.10549496 0.72996688
1778701973.11150599 -2.18805755 1.69265719 -0.89509582 0.67359443 -0.04543982 0.10433843 0.73028711
1778701973.12179685 -2.19051586 1.69184121 -0.89714139 0.67345747 -0.04460224 0.10330090 0.73061248
1778701973.13208866 -2.19109829 1.69246080 -0.90125568 0.67271550 -0.04399515 0.10170641 0.73155594
1778701973.14241433 -2.18925806 1.69704252 -0.90431747 0.67234457 -0.04408092 0.09969995 0.73216772
1778701973.15271497 -2.19318356 1.69516785 -0.90355666 0.67241558 -0.04293226 0.09891378 0.73227739
1778701973.16301370 -2.19102395 1.70093927 -0.90556879 0.67236700 -0.04322067 0.09683814 0.73258240
1778701973.17331386 -2.19494280 1.69974935 -0.90580170 0.67167372 -0.04165762 0.09486294 0.73356669
1778701973.18369818 -2.19406246 1.70379403 -0.90648382 0.67148284 -0.04155584 0.09297060 0.73398936
1778701973.18387961 -2.19648604 1.70289978 -0.90409632 0.67172779 -0.04087469 0.09262440 0.73384723
1778701973.19409227 -2.19536497 1.70671522 -0.90622878 0.67129907 -0.04084045 0.09078897 0.73447054
1778701973.20434856 -2.19668531 1.70981739 -0.90598510 0.67111590 -0.04015497 0.08853606 0.73495061
1778701973.21464658 -2.19766402 1.71335567 -0.90611380 0.67111006 -0.03968800 0.08654086 0.73521890
1778701973.22491193 -2.19721860 1.71880385 -0.90398943 0.67131414 -0.03947048 0.08438735 0.73529462
1778701973.23514366 -2.19403639 1.72614145 -0.90857410 0.67068971 -0.03995068 0.08174927 0.73613607
1778701973.24539709 -2.19305084 1.73181353 -0.91093366 0.67048575 -0.04000268 0.07948220 0.73656719
1778701973.25567579 -2.19572345 1.73503587 -0.90604295 0.67085258 -0.03895992 0.07739662 0.73651117
1778701973.26589346 -2.19899810 1.73818016 -0.90271723 0.67053132 -0.03749316 0.07444791 0.73718350
1778701973.27616453 -2.20047004 1.74429931 -0.89832696 0.67041525 -0.03642169 0.07104624 0.73767830
1778701973.28648806 -2.19922260 1.74933681 -0.90034937 0.66999912 -0.03643851 0.06898291 0.73825115
1778701973.28666973 -2.19896787 1.75278075 -0.89664140 0.67034555 -0.03624049 0.06782758 0.73805345
1778701973.29678059 -2.20149225 1.75511810 -0.89474949 0.66982971 -0.03503238 0.06541235 0.73879775
1778701973.30744290 -2.20665923 1.75747150 -0.88871520 0.66925859 -0.03276136 0.06190799 0.73972091
1778701973.31780362 -2.21052899 1.76346404 -0.87918272 0.67026839 -0.03127882 0.05903487 0.73910541
1778701973.32805586 -2.21399556 1.76475238 -0.87707907 0.66975154 -0.02981166 0.05685370 0.73980524
1778701973.33840370 -2.22188650 1.76567492 -0.86737942 0.66940371 -0.02674317 0.05333221 0.74049926
1778701973.34876776 -2.23015455 1.76915998 -0.85083423 0.67048740 -0.02370763 0.04989528 0.73986151
1778701973.35911989 -2.23727814 1.76741554 -0.84966951 0.66826155 -0.02060314 0.04622668 0.74220287
1778701973.36943889 -2.24078325 1.76882941 -0.84740027 0.66762273 -0.01905339 0.04396451 0.74295625
1778701973.37979484 -2.24354604 1.77605295 -0.83802047 0.66794152 -0.01735777 0.04035369 0.74291616
1778701973.39005923 -2.25025255 1.77794052 -0.82970010 0.66750645 -0.01459888 0.03695692 0.74354301
1778701973.40037894 -2.25268922 1.78277297 -0.82296174 0.66744804 -0.01312568 0.03409751 0.74375950
1778701973.41073895 -2.25566735 1.78837633 -0.81677900 0.66715758 -0.01136677 0.03061712 0.74420034
1778701973.42104650 -2.26170580 1.79312604 -0.80237359 0.66806152 -0.00879793 0.02730660 0.74355279
1778701973.43135858 -2.27012203 1.79490337 -0.78759040 0.66865476 -0.00552745 0.02410782 0.74316154
1778701973.44172812 -2.27492591 1.79657709 -0.77975208 0.66892595 -0.00359906 0.02196165 0.74299583
1778701973.45207810 -2.27994765 1.79970703 -0.77054682 0.66900653 -0.00125981 0.01890066 0.74301510
1778701973.46237302 -2.28919116 1.80011546 -0.75331611 0.66992014 0.00228517 0.01596457 0.74225799
1778701973.47271419 -2.29464273 1.79848647 -0.74981871 0.66955590 0.00425447 0.01441619 0.74260957
1778701973.47290778 -2.29748203 1.79713127 -0.74729039 0.66947870 0.00522195 0.01388297 0.74268315
1778701973.48301029 -2.30616979 1.79722574 -0.72704938 0.67121710 0.00842296 0.01177659 0.74111940
1778701973.49334788 -2.31617618 1.79348546 -0.71471375 0.67168760 0.01185784 0.00988338 0.74067366
1778701973.50365806 -2.32406500 1.78612048 -0.71918443 0.66912538 0.01472561 0.00799477 0.74296061
1778701973.51397634 -2.33295096 1.78197200 -0.70764390 0.66933398 0.01787926 0.00635313 0.74271932
1778701973.52443242 -2.34218553 1.77589288 -0.70232266 0.66854204 0.02106285 0.00469273 0.74336121
1778701973.53479242 -2.35023544 1.77262003 -0.69297298 0.66814323 0.02428375 0.00239392 0.74363243
1778701973.54515338 -2.36045086 1.76706584 -0.68163300 0.66791597 0.02802083 0.00038637 0.74370891
1778701973.55541015 -2.36566636 1.76555205 -0.67489312 0.66775167 0.03017525 -0.00127753 0.74377115
1778701973.56571817 -2.37472123 1.76320045 -0.65771601 0.66837246 0.03392137 -0.00375466 0.74304340
1778701973.57607436 -2.38232716 1.75975096 -0.64983233 0.66811748 0.03684305 -0.00560411 0.74312194
1778701973.58644915 -2.38855625 1.75807654 -0.63865288 0.66834197 0.03949441 -0.00744669 0.74276763
1778701973.58665466 -2.38986327 1.75800814 -0.63643109 0.66836033 0.04010763 -0.00798048 0.74271271
1778701973.59680796 -2.39432405 1.75881252 -0.62495575 0.66896555 0.04229029 -0.00987617 0.74202364
1778701973.60712504 -2.40125167 1.75831879 -0.60947495 0.66977384 0.04541698 -0.01216214 0.74107516
1778701973.61737919 -2.40851731 1.75746025 -0.59294921 0.67058154 0.04872987 -0.01448694 0.74009184
1778701973.62767243 -2.41260452 1.75821965 -0.58205172 0.67105124 0.05087885 -0.01636128 0.73948217
1778701973.63797116 -2.41885068 1.75827472 -0.56624314 0.67158170 0.05408433 -0.01893603 0.73871126
1778701973.64829493 -2.42245537 1.76140015 -0.55226601 0.67224434 0.05652814 -0.02160320 0.73785190
1778701973.65857029 -2.42576600 1.76140757 -0.54608717 0.67229925 0.05822188 -0.02303345 0.73762687
1778701973.66887593 -2.43073778 1.76175586 -0.53366707 0.67227644 0.06109288 -0.02560384 0.73733065
1778701973.67918205 -2.43318048 1.76356003 -0.52761643 0.67191519 0.06293852 -0.02784642 0.73742342
1778701973.68954086 -2.43683781 1.76320755 -0.52214156 0.67156374 0.06495144 -0.02963450 0.73749932
1778701973.69988871 -2.44137883 1.76131766 -0.51449324 0.67078132 0.06748223 -0.03166451 0.73789968
1778701973.71028590 -2.44462681 1.76031250 -0.51179270 0.67043315 0.06911755 -0.03295389 0.73800826
1778701973.72059107 -2.44831835 1.75885608 -0.50788923 0.66984350 0.07112837 -0.03456878 0.73827870
1778701973.73085546 -2.44942157 1.75863415 -0.50985549 0.66980032 0.07155136 -0.03492671 0.73826016
1778701973.74114084 -2.45382336 1.75622245 -0.50459541 0.66975230 0.07359879 -0.03607661 0.73804712
1778701973.75137997 -2.45922406 1.75195342 -0.50000458 0.66921275 0.07602159 -0.03730260 0.73823000
1778701973.76168919 -2.46259761 1.74915533 -0.49819466 0.66886018 0.07752037 -0.03802632 0.73835672
1778701973.76183629 -2.46341207 1.74857235 -0.49774160 0.66871110 0.07795853 -0.03833461 0.73842967
1778701973.77195334 -2.46645393 1.74621834 -0.49554160 0.66850993 0.07936949 -0.03906738 0.73842312
1778701973.78224421 -2.47126352 1.74223622 -0.49109226 0.66811239 0.08161830 -0.04019203 0.73847741
1778701973.79254842 -2.47505716 1.73915456 -0.48771865 0.66779189 0.08355104 -0.04129046 0.73849056
1778701973.80282497 -2.47840085 1.73736017 -0.47951387 0.66825121 0.08539006 -0.04229712 0.73780744
1778701973.81314969 -2.48129174 1.73419906 -0.48133047 0.66735496 0.08684122 -0.04326611 0.73839285
1778701973.82357144 -2.48375728 1.73206762 -0.47977034 0.66722141 0.08825263 -0.04414162 0.73829438
1778701973.83408689 -2.48680625 1.72966689 -0.47553165 0.66717895 0.09001195 -0.04525387 0.73805297
1778701973.84448242 -2.48963051 1.72665498 -0.47323693 0.66693733 0.09146072 -0.04596337 0.73804939
1778701973.85487103 -2.49079544 1.72551553 -0.47352127 0.66685096 0.09243641 -0.04677545 0.73795486
1778701973.86521482 -2.49230799 1.72413844 -0.47139460 0.66698700 0.09367858 -0.04766840 0.73761805
1778701973.87552023 -2.49356083 1.72287818 -0.46987955 0.66684849 0.09472542 -0.04851537 0.73755437
1778701973.87574649 -2.49397225 1.72227185 -0.47029148 0.66673762 0.09498895 -0.04870268 0.73760836
1778701973.88586974 -2.49536389 1.72013180 -0.47082032 0.66670323 0.09581307 -0.04907709 0.73750803
1778701973.89626360 -2.49643124 1.71860080 -0.46965168 0.66598092 0.09732245 -0.05063589 0.73785755
1778701973.90663671 -2.49458283 1.71944243 -0.47551085 0.66625810 0.09702915 -0.05081949 0.73763329
1778701973.91699648 -2.49521842 1.71830891 -0.47404273 0.66653194 0.09782309 -0.05134769 0.73724435
1778701973.92733669 -2.49480405 1.71540315 -0.48440232 0.66621585 0.09758538 -0.05089350 0.73759297
1778701973.93767357 -2.49649464 1.71155473 -0.48563001 0.66602504 0.09872855 -0.05131861 0.73758371
1778701973.94809389 -2.49622698 1.70891418 -0.49239066 0.66587670 0.09891007 -0.05122760 0.73769963
1778701973.95852447 -2.49595020 1.70716384 -0.49675036 0.66596997 0.09901788 -0.05110486 0.73760948
1778701973.96898842 -2.49685765 1.70226875 -0.50433205 0.66635435 0.09914479 -0.05007127 0.73731612
1778701973.97943902 -2.49758342 1.69774068 -0.51067114 0.66647531 0.09945803 -0.04947245 0.73720501
1778701973.98987794 -2.50055486 1.69149969 -0.51090623 0.66705292 0.10072835 -0.04893204 0.73654590
1778701974.00024581 -2.49923272 1.68834423 -0.52479976 0.66634083 0.10001824 -0.04811996 0.73734030
1778701974.01068616 -2.49867488 1.68419480 -0.53519359 0.66635330 0.09980509 -0.04717013 0.73741929
1778701974.02102613 -2.49851748 1.67887597 -0.54708851 0.66610233 0.09964294 -0.04608379 0.73773658
1778701974.03134632 -2.49930194 1.67156795 -0.56050887 0.66529502 0.09973702 -0.04498442 0.73851978
1778701974.04172492 -2.49855212 1.66767500 -0.57149709 0.66504148 0.09931241 -0.04398706 0.73886535
1778701974.05209875 -2.49772022 1.66316219 -0.58234380 0.66510554 0.09904135 -0.04287749 0.73890929
1778701974.06247044 -2.49648474 1.65690346 -0.60040845 0.66418239 0.09838650 -0.04149369 0.73990548
1778701974.07286811 -2.49478597 1.65129722 -0.61798218 0.66345410 0.09762991 -0.04010591 0.74073515
1778701974.08322978 -2.49508647 1.64613714 -0.62708647 0.66331267 0.09764549 -0.03903658 0.74091687
1778701974.09355640 -2.49141226 1.64317216 -0.64493565 0.66329760 0.09624263 -0.03737038 0.74119978
1778701974.10381794 -2.49066406 1.63600720 -0.66200676 0.66258712 0.09579904 -0.03577201 0.74197117
1778701974.11410403 -2.49012409 1.63027529 -0.67558195 0.66201882 0.09544000 -0.03445087 0.74258698
1778701974.12441158 -2.48873640 1.62456869 -0.69061669 0.66171727 0.09494591 -0.03296474 0.74298645
1778701974.13468695 -2.48611821 1.62060601 -0.70569232 0.66175451 0.09408854 -0.03144610 0.74312815
1778701974.14504910 -2.48376583 1.61622084 -0.72179071 0.66091255 0.09325119 -0.03029580 0.74403023
1778701974.14532995 -2.48285005 1.61504569 -0.72703263 0.66077018 0.09290014 -0.02983753 0.74421909
1778701974.15534687 -2.48122948 1.61049823 -0.74047687 0.66015211 0.09239479 -0.02878439 0.74487170
1778701974.16563940 -2.47686687 1.60656631 -0.76141345 0.65936093 0.09099452 -0.02731149 0.74579973
1778701974.17588162 -2.47403786 1.60121633 -0.77985472 0.65869229 0.09010530 -0.02578944 0.74655234
1778701974.18613720 -2.47187141 1.59772423 -0.79309011 0.65806885 0.08956089 -0.02491453 0.74719709
1778701974.19642138 -2.46863937 1.59501637 -0.80794541 0.65785807 0.08880556 -0.02377953 0.74750978
1778701974.20673609 -2.46408358 1.59080236 -0.83145829 0.65665473 0.08736205 -0.02224082 0.74878420
1778701974.21703911 -2.46033647 1.59034070 -0.84450846 0.65651699 0.08636934 -0.02133712 0.74904640
1778701974.21735311 -2.45892678 1.58973704 -0.85027073 0.65633077 0.08593567 -0.02092252 0.74927113
1778701974.22735596 -2.45302334 1.59053657 -0.86754369 0.65598793 0.08423008 -0.01987806 0.74979330
1778701974.23768163 -2.44585230 1.59162411 -0.88807661 0.65583589 0.08221745 -0.01851299 0.75018454
1778701974.24799538 -2.43719186 1.59236199 -0.91352245 0.65486955 0.07978224 -0.01724985 0.75132091
1778701974.25832057 -2.43251504 1.59248661 -0.92785782 0.65455533 0.07857724 -0.01640190 0.75174059
1778701974.26862144 -2.42440446 1.59330557 -0.95021428 0.65381810 0.07647026 -0.01530722 0.75262200
1778701974.27896857 -2.41475253 1.59274393 -0.97885562 0.65216383 0.07381814 -0.01410144 0.75434367
1778701974.28926802 -2.40789595 1.59215820 -0.99890239 0.65105701 0.07202744 -0.01324086 0.75548759
1778701974.28946257 -2.40557897 1.59092334 -1.00737815 0.65046879 0.07135090 -0.01277277 0.75606630
1778701974.29956913 -2.39764769 1.59247087 -1.02598088 0.64988021 0.06928151 -0.01191902 0.75677851
1778701974.30990362 -2.38700541 1.58932545 -1.05887384 0.64777000 0.06633163 -0.01029132 0.75887300
1778701974.32020211 -2.37682349 1.58949293 -1.08449219 0.64656749 0.06377917 -0.00922418 0.76013000
1778701974.33052087 -2.36788788 1.59179364 -1.10298429 0.64621028 0.06149205 -0.00829843 0.76063272
1778701974.34087300 -2.35618319 1.59431946 -1.12734795 0.64563215 0.05856245 -0.00715404 0.76136613
1778701974.35124731 -2.34559133 1.59658183 -1.14928137 0.64506008 0.05605333 -0.00629779 0.76204715
1778701974.36160159 -2.33640428 1.59923097 -1.16680466 0.64447351 0.05388805 -0.00585715 0.76270287
1778701974.36179018 -2.33356940 1.59887892 -1.17377019 0.64417579 0.05316899 -0.00546748 0.76300767
1778701974.37193131 -2.32488817 1.60185763 -1.18900795 0.64419552 0.05111358 -0.00469425 0.76313662
1778701974.38227510 -2.31405364 1.60382341 -1.21024678 0.64374393 0.04859623 -0.00376873 0.76368708
1778701974.39257479 -2.30774665 1.60200216 -1.22737274 0.64266215 0.04745941 -0.00346789 0.76467047
1778701974.40294695 -2.29962540 1.60431252 -1.24145284 0.64255641 0.04564081 -0.00288381 0.76487245
1778701974.41329455 -2.28875049 1.60631795 -1.26149919 0.64318306 0.04289871 -0.00082338 0.76450937
1778701974.42372394 -2.27973599 1.60514465 -1.28196541 0.64148464 0.04120798 -0.00093305 0.76602773
1778701974.43411326 -2.26792998 1.60761323 -1.30223867 0.64094064 0.03864130 -0.00030904 0.76661715
1778701974.44441628 -2.26390737 1.60687025 -1.31190705 0.64147042 0.03775282 0.00097588 0.76621764
1778701974.45476460 -2.25437709 1.60764922 -1.32987274 0.64107759 0.03576834 0.00174727 0.76664013
1778701974.46510887 -2.24831178 1.60750830 -1.34289750 0.64136837 0.03459730 0.00283702 0.76644738
1778701974.47545934 -2.24410317 1.60722075 -1.35221902 0.64161639 0.03381274 0.00366178 0.76627130
1778701974.48581505 -2.23939954 1.60745511 -1.36250347 0.64237260 0.03297465 0.00489526 0.76566713
1778701974.49607873 -2.23577168 1.60770947 -1.37093948 0.64348576 0.03238201 0.00634292 0.76474652
1778701974.50653100 -2.23249798 1.60885093 -1.37775967 0.64480872 0.03188508 0.00765612 0.76364026
1778701974.51683736 -2.22894417 1.61048866 -1.38394102 0.64574555 0.03125281 0.00858443 0.76286450
1778701974.52714610 -2.22405049 1.61336580 -1.39169623 0.64675391 0.03040811 0.00932797 0.76203524
1778701974.53744984 -2.22328522 1.61466316 -1.39457557 0.64797807 0.03059659 0.00991538 0.76097960
1778701974.54775333 -2.21623089 1.61816039 -1.40505173 0.64913215 0.02913808 0.01122008 0.76003456
1778701974.55807924 -2.21226898 1.62231785 -1.40918755 0.64991820 0.02848604 0.01122220 0.75938721
1778701974.56854796 -2.20785534 1.62552167 -1.41580278 0.65104911 0.02769500 0.01198777 0.75843545
1778701974.57881212 -2.20477435 1.62943415 -1.41945530 0.65199189 0.02735592 0.01192674 0.75763842
1778701974.58909369 -2.19815375 1.63380750 -1.42745680 0.65249892 0.02605362 0.01216299 0.75724397
1778701974.59941030 -2.20392873 1.63225484 -1.42322372 0.65359806 0.02779821 0.01211199 0.75623418
1778701974.60968637 -2.20402312 1.63606411 -1.42198353 0.65478470 0.02823152 0.01169687 0.75519743
1778701974.62001562 -2.20069645 1.64042532 -1.42459483 0.65568748 0.02770153 0.01164747 0.75443415
1778701974.62019944 -2.20165830 1.63967757 -1.42480095 0.65562404 0.02805493 0.01144245 0.75447936
1778701974.63031030 -2.20113235 1.63918823 -1.42908819 0.65554646 0.02818208 0.01121527 0.75454544
1778701974.64067483 -2.19797955 1.64284872 -1.43328689 0.65610695 0.02783768 0.01079961 0.75407698
1778701974.65104938 -2.20089179 1.64202416 -1.43314215 0.65620992 0.02895752 0.00988824 0.75395771
1778701974.66131592 -2.19757331 1.64518808 -1.43732599 0.65651078 0.02846154 0.00950089 0.75371962
1778701974.67174864 -2.19879796 1.64718130 -1.43652235 0.65701655 0.02915016 0.00851982 0.75326419
1778701974.68212152 -2.20511040 1.64551915 -1.43189044 0.65799014 0.03093342 0.00827890 0.75234537
1778701974.69236064 -2.21288272 1.64242051 -1.42687811 0.65838863 0.03314698 0.00745489 0.75191098
1778701974.70260239 -2.21276931 1.64380499 -1.42819002 0.65876161 0.03337363 0.00703694 0.75157822
1778701974.71286917 -2.21784816 1.64401501 -1.42353659 0.65939325 0.03495090 0.00599137 0.75096143
1778701974.72314167 -2.22251434 1.64491095 -1.41882108 0.66008486 0.03642960 0.00487752 0.75029133
1778701974.73338795 -2.22645975 1.64526443 -1.41507516 0.66049798 0.03764170 0.00394713 0.74987328
1778701974.74365592 -2.23107311 1.64664904 -1.40992533 0.66105730 0.03910681 0.00250258 0.74931144
1778701974.75394893 -2.23798461 1.64654692 -1.40295895 0.66167427 0.04111860 0.00116588 0.74866218
1778701974.76432228 -2.24149486 1.64847765 -1.39808002 0.66217568 0.04224150 -0.00009762 0.74815708
1778701974.76457071 -2.24269814 1.64877878 -1.39680116 0.66234338 0.04260295 -0.00041108 0.74798801
1778701974.77471089 -2.24913059 1.64848403 -1.38984272 0.66268804 0.04441917 -0.00177962 0.74757496
1778701974.78509426 -2.25704188 1.64926657 -1.38028629 0.66315414 0.04671330 -0.00385467 0.74701379
1778701974.79537916 -2.26596893 1.65134587 -1.36721051 0.66378231 0.04929088 -0.00642312 0.74627220
1778701974.80568981 -2.27213095 1.65071425 -1.36118911 0.66385322 0.05101957 -0.00794074 0.74607832
1778701974.81603432 -2.27432790 1.65355160 -1.35871451 0.66388161 0.05186782 -0.00992025 0.74597086
1778701974.82650042 -2.28079915 1.65595855 -1.34930597 0.66384709 0.05387835 -0.01286382 0.74581411
1778701974.83693981 -2.28816944 1.65577422 -1.34026853 0.66392881 0.05595042 -0.01484812 0.74555189
1778701974.83721948 -2.28891057 1.65578546 -1.34027892 0.66373264 0.05619720 -0.01541682 0.74569644
1778701974.84737563 -2.29607021 1.65534602 -1.33177901 0.66368853 0.05821936 -0.01741889 0.74553647
1778701974.85766387 -2.30271502 1.65626650 -1.32368211 0.66341909 0.06023153 -0.02019212 0.74554648
1778701974.86799932 -2.30908704 1.65660966 -1.31691110 0.66305658 0.06212829 -0.02279263 0.74563834
1778701974.87843513 -2.31674872 1.65710705 -1.30773953 0.66290271 0.06435389 -0.02548609 0.74549918
1778701974.88916636 -2.32281894 1.65794540 -1.29951437 0.66280172 0.06614381 -0.02774236 0.74535175
1778701974.89968371 -2.32748529 1.66012416 -1.29407190 0.66273636 0.06754217 -0.03012688 0.74519188
1778701974.91042304 -2.33481842 1.66201083 -1.28388690 0.66259591 0.06969262 -0.03315940 0.74498997
1778701974.92097902 -2.34258487 1.66333039 -1.27358396 0.66246675 0.07192326 -0.03607299 0.74475740
1778701974.93144798 -2.35096278 1.66414080 -1.26299816 0.66219997 0.07429992 -0.03909834 0.74460865
1778701974.94218159 -2.35561070 1.66553171 -1.25730000 0.66185472 0.07565959 -0.04135971 0.74465652
1778701974.94248271 -2.35671994 1.66692770 -1.25489460 0.66192036 0.07601246 -0.04212722 0.74451920
1778701974.95297933 -2.36249515 1.66810537 -1.24732070 0.66180260 0.07765605 -0.04431059 0.74432750
1778701974.96342444 -2.36884648 1.67044725 -1.23859270 0.66137185 0.07954831 -0.04751137 0.74431312
1778701974.97383595 -2.37998674 1.67029071 -1.22417542 0.66120049 0.08260736 -0.05063008 0.74392643
1778701974.98434901 -2.38898283 1.67158670 -1.21210018 0.66097606 0.08517406 -0.05371746 0.74361984
1778701974.99478722 -2.39420591 1.67198624 -1.20711185 0.66033193 0.08663142 -0.05598462 0.74385648
1778701975.00521159 -2.40062162 1.67347355 -1.20061336 0.65961461 0.08843312 -0.05897675 0.74404966
1778701975.01552272 -2.40873122 1.67414952 -1.19145354 0.65874884 0.09074759 -0.06229621 0.74426744
1778701975.02574492 -2.41974920 1.67380492 -1.17777747 0.65809755 0.09382705 -0.06565903 0.74417269
1778701975.03609276 -2.42858659 1.67294053 -1.16728138 0.65792162 0.09626083 -0.06773387 0.74383138
1778701975.04641986 -2.43687142 1.67324195 -1.15868476 0.65688063 0.09859074 -0.07101459 0.74414019
1778701975.05671763 -2.44727285 1.67057720 -1.15005960 0.65568790 0.10136711 -0.07388072 0.74453994
1778701975.06704473 -2.45337843 1.67116991 -1.14349273 0.65528011 0.10305039 -0.07592505 0.74446221
1778701975.06723404 -2.45395637 1.67093559 -1.14505547 0.65447707 0.10319507 -0.07685201 0.74505323
1778701975.07743692 -2.46061456 1.66935556 -1.14046338 0.65300772 0.10500128 -0.07946349 0.74581580
1778701975.08777881 -2.46868797 1.66757409 -1.13572125 0.65163459 0.10712757 -0.08215278 0.74642278
1778701975.09810066 -2.48023211 1.66349236 -1.12646855 0.65018002 0.11021506 -0.08498225 0.74692476
1778701975.10843754 -2.48913528 1.66090793 -1.11836239 0.64948576 0.11259540 -0.08684831 0.74695910
1778701975.11879444 -2.49855728 1.65612570 -1.11451873 0.64722797 0.11501885 -0.08978975 0.74820079
1778701975.12907028 -2.50990293 1.64947372 -1.10931495 0.64501585 0.11792323 -0.09245638 0.74933336
1778701975.13937593 -2.51962999 1.64389214 -1.10622063 0.64299158 0.12032664 -0.09486540 0.75038915
1778701975.14967752 -2.52808171 1.63878058 -1.10236111 0.64142726 0.12245882 -0.09669240 0.75114945
1778701975.15998340 -2.53610544 1.63509267 -1.10017570 0.63956914 0.12445436 -0.09913217 0.75208726
1778701975.17034173 -2.54538792 1.63028397 -1.09635131 0.63799702 0.12674726 -0.10123167 0.75275964
1778701975.18069530 -2.55193431 1.62707727 -1.09374456 0.63690153 0.12837685 -0.10275861 0.75320415
1778701975.19098997 -2.56522362 1.61945183 -1.08382440 0.63554853 0.13183782 -0.10475198 0.75347454
1778701975.20134449 -2.57369567 1.61517968 -1.08011755 0.63451121 0.13391886 -0.10636878 0.75375523
1778701975.21169519 -2.58610026 1.60999866 -1.06756466 0.63441028 0.13725158 -0.10773110 0.75304689
1778701975.22203755 -2.59319558 1.60701355 -1.06178321 0.63415431 0.13912506 -0.10873334 0.75277460
1778701975.23240948 -2.57999649 1.62692198 -1.07184849 0.63716206 0.13560962 -0.10881893 0.75086149
1778701975.24276900 -2.59177867 1.62028519 -1.06199943 0.63607170 0.13875640 -0.11071815 0.75093338
1778701975.25306797 -2.59828860 1.61694076 -1.05768224 0.63548952 0.14045834 -0.11184813 0.75094242
1778701975.26338530 -2.60778657 1.60998507 -1.05333859 0.63421018 0.14287402 -0.11331294 0.75134855
1778701975.27374530 -2.62306909 1.59900931 -1.04037362 0.63276515 0.14702658 -0.11507992 0.75149722
1778701975.28413033 -2.63118860 1.59181391 -1.03934770 0.63108962 0.14899192 -0.11653231 0.75229483
1778701975.29453373 -2.63938648 1.58744028 -1.03148813 0.63065200 0.15126122 -0.11761609 0.75204026
1778701975.30491138 -2.64725646 1.58372729 -1.02618756 0.63001612 0.15335800 -0.11896865 0.75193582
1778701975.31516790 -2.66188540 1.57579130 -1.00894203 0.62940276 0.15756521 -0.12064715 0.75131194
1778701975.32542253 -2.67044534 1.57101474 -1.00058911 0.62907248 0.15993966 -0.12154459 0.75094210
1778701975.32560277 -2.67191557 1.57120722 -0.99852835 0.62910375 0.16041036 -0.12193620 0.75075199
1778701975.33570004 -2.67771807 1.56884571 -0.99372015 0.62871906 0.16200937 -0.12295135 0.75056530
1778701975.34594250 -2.68787274 1.56422922 -0.98295887 0.62827168 0.16491926 -0.12436175 0.75007365
1778701975.35624146 -2.69666882 1.56262536 -0.97035676 0.62806235 0.16768645 -0.12620100 0.74932786
1778701975.36650944 -2.70292978 1.56131825 -0.96200103 0.62817165 0.16960179 -0.12716647 0.74864164
1778701975.37679863 -2.70568698 1.56691468 -0.95536241 0.62908886 0.17067675 -0.12848844 0.74740041
1778701975.38709259 -2.72022809 1.56300450 -0.92841436 0.62934951 0.17556849 -0.13070181 0.74566208
1778701975.39740062 -2.72417308 1.56573370 -0.91987710 0.63017703 0.17698657 -0.13162091 0.74446531
1778701975.40775156 -2.73315707 1.56661249 -0.90073038 0.63076184 0.18024108 -0.13357156 0.74284002
1778701975.41804194 -2.74033018 1.56789320 -0.88568151 0.63139468 0.18285931 -0.13514932 0.74137568
1778701975.42834377 -2.74459521 1.57047311 -0.87746876 0.63157969 0.18444585 -0.13677382 0.74052666
1778701975.43870687 -2.74878778 1.57204781 -0.86821874 0.63188386 0.18607425 -0.13801986 0.73962807
1778701975.44897509 -2.75907657 1.56852899 -0.84931461 0.63181440 0.18968908 -0.13979301 0.73843519
1778701975.45929170 -2.76595568 1.56796355 -0.83617664 0.63174050 0.19222427 -0.14153926 0.73750960
1778701975.46966958 -2.77235280 1.56479283 -0.82651091 0.63113630 0.19443460 -0.14290931 0.73718321
1778701975.48003244 -2.77865587 1.56367452 -0.81485693 0.63069496 0.19682411 -0.14477440 0.73656263
1778701975.49039507 -2.78614071 1.55992172 -0.80406939 0.62979532 0.19942627 -0.14655832 0.73627962
1778701975.50076032 -2.79334479 1.55606813 -0.79372575 0.62885392 0.20194098 -0.14830944 0.73604816
1778701975.51111174 -2.79580935 1.55636015 -0.79059702 0.62838813 0.20288448 -0.14951568 0.73594246
1778701975.52138925 -2.80223901 1.55480079 -0.77771357 0.62781938 0.20544223 -0.15151642 0.73530884
1778701975.53169322 -2.80513964 1.55694173 -0.76987444 0.62742756 0.20690820 -0.15354130 0.73481203
1778701975.54198027 -2.81149113 1.55300861 -0.75936402 0.62665560 0.20923748 -0.15497111 0.73451098
1778701975.55232644 -2.81802929 1.55102089 -0.74513805 0.62605661 0.21195288 -0.15703853 0.73380378
1778701975.56261611 -2.82122053 1.55239785 -0.73697972 0.62558697 0.21352311 -0.15902801 0.73332048
1778701975.57293987 -2.82580981 1.55253039 -0.72541932 0.62529559 0.21564201 -0.16094450 0.73253041
1778701975.58330321 -2.83226288 1.54769594 -0.71412859 0.62427759 0.21810955 -0.16251512 0.73232134
1778701975.59364152 -2.83510364 1.54871550 -0.70695957 0.62388076 0.21957241 -0.16428658 0.73182694
1778701975.60395360 -2.83512051 1.55654702 -0.69611756 0.62413222 0.22067931 -0.16691710 0.73068345
1778701975.61431026 -2.83757496 1.55726321 -0.68907381 0.62376995 0.22198289 -0.16842913 0.73025083
1778701975.62470388 -2.84168985 1.55670535 -0.67829371 0.62354887 0.22400863 -0.17008231 0.72943742
1778701975.63500452 -2.84437390 1.55788466 -0.66929963 0.62297839 0.22564173 -0.17218894 0.72892709
1778701975.64528608 -2.84738370 1.55840241 -0.66029329 0.62260772 0.22733600 -0.17400895 0.72828487
1778701975.65557742 -2.84860776 1.55924386 -0.65695895 0.62239384 0.22812088 -0.17510633 0.72795916
1778701975.66582775 -2.84985829 1.56206300 -0.64930880 0.62226854 0.22934422 -0.17695916 0.72723349
1778701975.67614698 -2.85087523 1.56374454 -0.64612105 0.62204190 0.23018136 -0.17834945 0.72682315
1778701975.68635154 -2.85032901 1.56876988 -0.63985330 0.62248653 0.23081566 -0.17977260 0.72589012
1778701975.69659567 -2.85075242 1.57113219 -0.63672863 0.62265745 0.23151673 -0.18091999 0.72523490
1778701975.70686340 -2.85046625 1.57495265 -0.63203797 0.62305691 0.23222479 -0.18223567 0.72433549
1778701975.71725130 -2.85178474 1.57545498 -0.62830172 0.62289892 0.23323033 -0.18342051 0.72384906
1778701975.72754383 -2.85216064 1.57685484 -0.62498571 0.62325480 0.23388931 -0.18409572 0.72315836
1778701975.73788214 -2.85389325 1.57490089 -0.62469615 0.62295666 0.23473691 -0.18472995 0.72297886
1778701975.74819827 -2.85398066 1.57635780 -0.62298995 0.62318399 0.23534160 -0.18556642 0.72237189
1778701975.75855184 -2.85376487 1.57765755 -0.62199071 0.62326237 0.23574388 -0.18628016 0.72198930
1778701975.76890111 -2.85586815 1.57486207 -0.62098548 0.62299340 0.23676204 -0.18682016 0.72174870
1778701975.77921844 -2.85486894 1.57731669 -0.62036371 0.62335324 0.23710455 -0.18762006 0.72111781
1778701975.78948569 -2.85684256 1.57332350 -0.62222059 0.62286132 0.23789509 -0.18794070 0.72119900
1778701975.79976559 -2.85680739 1.57313029 -0.62317432 0.62288702 0.23822107 -0.18832355 0.72096929
1778701975.81002235 -2.85698662 1.57262768 -0.62395577 0.62292401 0.23873066 -0.18883673 0.72063447
1778701975.82034373 -2.85876317 1.56870101 -0.62540788 0.62222588 0.23955973 -0.18939867 0.72081498
1778701975.83061337 -2.85692129 1.56977866 -0.63066831 0.62228491 0.23919110 -0.18965184 0.72081987
1778701975.84093547 -2.85859594 1.56580390 -0.63282113 0.62207402 0.23992412 -0.18969975 0.72074568
1778701975.85129881 -2.86037195 1.56108640 -0.63640187 0.62111088 0.24061960 -0.19021122 0.72120952
1778701975.86154819 -2.86034714 1.55965384 -0.63962403 0.62082152 0.24080972 -0.19050839 0.72131676
1778701975.87182069 -2.85899637 1.55989800 -0.64456913 0.62090719 0.24074006 -0.19078233 0.72119387
1778701975.88212490 -2.86005349 1.55627013 -0.64808747 0.62026757 0.24130680 -0.19120017 0.72144415
1778701975.89233351 -2.85977642 1.55497808 -0.65178349 0.61987200 0.24159649 -0.19177452 0.72153473
1778701975.90265965 -2.85901165 1.55373803 -0.65828286 0.61955372 0.24139376 -0.19187982 0.72184789
1778701975.91290736 -2.86057163 1.54776110 -0.66566134 0.61881555 0.24176526 -0.19168307 0.72240880
1778701975.92316055 -2.86006140 1.54580084 -0.67264792 0.61879612 0.24172560 -0.19151348 0.72248369
1778701975.93349910 -2.85942036 1.54589854 -0.67496953 0.61874744 0.24190951 -0.19189902 0.72236152
1778701975.94379520 -2.86104594 1.54229197 -0.67626686 0.61866849 0.24279378 -0.19192011 0.72212683
1778701975.95413184 -2.86071277 1.54046393 -0.68246440 0.61852960 0.24290769 -0.19189365 0.72221452
1778701975.96446800 -2.85819528 1.54213732 -0.69015895 0.61818579 0.24248531 -0.19251061 0.72248658
1778701975.97482562 -2.85856264 1.53959100 -0.69536687 0.61797232 0.24265741 -0.19232778 0.72266010
1778701975.98513532 -2.86145869 1.53341477 -0.69811064 0.61748075 0.24372490 -0.19212756 0.72277430
1778701975.99549913 -2.85989554 1.53541266 -0.70134027 0.61760325 0.24365352 -0.19251960 0.72258936
1778701976.00582218 -2.86255160 1.52762909 -0.71005825 0.61687187 0.24419779 -0.19176515 0.72323071
1778701976.01615500 -2.86423288 1.52531653 -0.70978878 0.61682967 0.24524792 -0.19199469 0.72285037
1778701976.02647519 -2.86564585 1.52221410 -0.71361529 0.61701595 0.24585059 -0.19151149 0.72261481
1778701976.03687716 -2.85768177 1.53637985 -0.71754228 0.61922482 0.24445873 -0.19198881 0.72106924
1778701976.04724169 -2.85825797 1.53616263 -0.71771152 0.61934912 0.24503832 -0.19221456 0.72070552
1778701976.05753851 -2.85278186 1.54475078 -0.72475227 0.62064513 0.24390445 -0.19238732 0.71992872
1778701976.06784868 -2.85107912 1.54737415 -0.72998241 0.62081654 0.24371977 -0.19276481 0.71974247
1778701976.07821274 -2.85031832 1.55316277 -0.72145592 0.62161661 0.24465354 -0.19399423 0.71840356
1778701976.07839084 -2.84580845 1.56231804 -0.71923149 0.62271276 0.24402655 -0.19481176 0.71744563
1778701976.08850908 -2.83823856 1.57690054 -0.72123984 0.62350376 0.24268951 -0.19674936 0.71668303
1778701976.09886575 -2.83650584 1.57854443 -0.72845234 0.62288328 0.24235108 -0.19754385 0.71711840
1778701976.10915446 -2.83072246 1.58632098 -0.73786984 0.62317806 0.24095948 -0.19838394 0.71709933
1778701976.11950946 -2.83093639 1.57812516 -0.76009270 0.62151095 0.23968514 -0.19731015 0.71926621
1778701976.12981820 -2.82821931 1.58665719 -0.75349310 0.62174625 0.24018217 -0.19953646 0.71828221
1778701976.14011073 -2.83184745 1.57337268 -0.77260751 0.61937585 0.24001240 -0.19862262 0.72063629
1778701976.15041161 -2.83093946 1.57182310 -0.78231827 0.61832228 0.23948459 -0.19901621 0.72160740
1778701976.15059614 -2.82209899 1.59670380 -0.76037086 0.62155796 0.23944221 -0.20191768 0.71802673
1778701976.16069984 -2.82386996 1.58985377 -0.77208171 0.61977111 0.23930085 -0.20196104 0.71960448
1778701976.17099380 -2.82285575 1.58308544 -0.79578626 0.61817738 0.23773579 -0.20108010 0.72173763
1778701976.18129158 -2.82033998 1.58535645 -0.80413759 0.61760926 0.23705136 -0.20189162 0.72222242
1778701976.19163585 -2.81639159 1.59400429 -0.80272258 0.61688342 0.23678396 -0.20462586 0.72216096
1778701976.20193172 -2.82069608 1.58363830 -0.81276430 0.61627490 0.23726326 -0.20305186 0.72296704
1778701976.21224904 -2.81769787 1.58976986 -0.81532324 0.61570931 0.23691549 -0.20496703 0.72302255
1778701976.22257042 -2.82256953 1.58022894 -0.82025646 0.61520123 0.23781893 -0.20371682 0.72351162
1778701976.22274661 -2.81694740 1.59266404 -0.81617855 0.61535648 0.23714254 -0.20620633 0.72289610
1778701976.23290753 -2.82116739 1.58276569 -0.82488621 0.61530186 0.23756686 -0.20413185 0.72339187
1778701976.24321389 -2.81772423 1.59044681 -0.82712728 0.61547466 0.23709017 -0.20557716 0.72299186
1778701976.25352836 -2.81546904 1.59813975 -0.82468875 0.61584290 0.23721593 -0.20714904 0.72218792
1778701976.26382637 -2.81985245 1.58794778 -0.83406188 0.61615592 0.23758406 -0.20454436 0.72254225
1778701976.27424073 -2.81362646 1.62273004 -0.78499982 0.62171561 0.24029055 -0.20898815 0.71557955
1778701976.28457427 -2.81296733 1.62585196 -0.78714961 0.62197385 0.24030021 -0.20943908 0.71521998
1778701976.29491949 -2.81846091 1.62704498 -0.76760441 0.62173887 0.24308164 -0.21156914 0.71385614
1778701976.29510927 -2.82077524 1.62530022 -0.76408030 0.62172902 0.24386461 -0.21159156 0.71359098
1778701976.30523920 -2.81576428 1.63407046 -0.76890909 0.62291993 0.24265365 -0.21182119 0.71289673
1778701976.31550932 -2.81938367 1.63368884 -0.76192222 0.62219794 0.24419354 -0.21333910 0.71254871
1778701976.32580185 -2.82145029 1.63341293 -0.76057925 0.62174471 0.24497562 -0.21414817 0.71243317
1778701976.33606148 -2.81817101 1.64062164 -0.76143453 0.62237242 0.24443047 -0.21490641 0.71184377
1778701976.34634113 -2.82318316 1.63784326 -0.75452267 0.62096512 0.24618935 -0.21669654 0.71192396
1778701976.35668492 -2.82166123 1.64123032 -0.75854906 0.62069736 0.24582588 -0.21755049 0.71202262
1778701976.36708498 -2.82301516 1.64198616 -0.75617954 0.61973184 0.24644945 -0.21907839 0.71217959
1778701976.36729622 -2.82166819 1.64435247 -0.75723972 0.62014109 0.24615449 -0.21905562 0.71193232
1778701976.37743568 -2.82085960 1.64730697 -0.75812429 0.61978098 0.24609616 -0.22011626 0.71193893
1778701976.38773870 -2.82535568 1.64233461 -0.75714061 0.61863679 0.24730063 -0.22073196 0.71232600
1778701976.39803433 -2.82662914 1.64300811 -0.75611822 0.61816026 0.24783710 -0.22173906 0.71224045
1778701976.40835881 -2.82826482 1.64393133 -0.75165774 0.61755697 0.24864777 -0.22307500 0.71206405
1778701976.41870832 -2.82985595 1.64548520 -0.74702359 0.61720078 0.24951062 -0.22436444 0.71166582
1778701976.42902303 -2.83272867 1.64403399 -0.74450978 0.61642324 0.25045459 -0.22541190 0.71167715
1778701976.43932390 -2.83215353 1.64757854 -0.74270241 0.61599722 0.25062462 -0.22685245 0.71152842
1778701976.43953609 -2.83314322 1.64740005 -0.74028927 0.61597778 0.25105526 -0.22709428 0.71131626
1778701976.44968390 -2.83464831 1.64836802 -0.73589928 0.61540694 0.25183810 -0.22840595 0.71111362
1778701976.46000290 -2.83749131 1.64881543 -0.72895660 0.61524792 0.25311261 -0.22947874 0.71045303
1778701976.47033930 -2.84117184 1.64805628 -0.72142989 0.61494617 0.25458673 -0.23050707 0.70985442
1778701976.48064947 -2.84378014 1.64691047 -0.71793916 0.61478334 0.25549192 -0.23097631 0.70951763
1778701976.49101830 -2.84473068 1.64998727 -0.71248818 0.61455918 0.25627620 -0.23244590 0.70894882
1778701976.50134730 -2.85456727 1.64087938 -0.69837839 0.61385793 0.25947376 -0.23286087 0.70825675
1778701976.51169634 -2.85894684 1.64027137 -0.68769348 0.61363747 0.26132107 -0.23403191 0.70738209
1778701976.52203536 -2.86163561 1.63994000 -0.68192666 0.61340431 0.26240321 -0.23484712 0.70691339
1778701976.53234816 -2.86325300 1.64414185 -0.67143109 0.61349134 0.26369132 -0.23651409 0.70580192
1778701976.54262114 -2.86573683 1.64696574 -0.66061811 0.61335119 0.26516389 -0.23818688 0.70480880
1778701976.55292416 -2.86776214 1.64900400 -0.65222417 0.61326784 0.26631404 -0.23939585 0.70403765
1778701976.56326056 -2.87057917 1.65157851 -0.64013275 0.61280146 0.26795882 -0.24141555 0.70312941
1778701976.57357526 -2.87404209 1.65459203 -0.62329070 0.61289730 0.27009787 -0.24326286 0.70158907
1778701976.58395123 -2.87804194 1.65631728 -0.60727748 0.61248164 0.27227589 -0.24532109 0.70039249
1778701976.59427547 -2.87931877 1.65980949 -0.59768025 0.61243728 0.27338214 -0.24681940 0.69947335
1778701976.60461378 -2.88369598 1.66060516 -0.58128983 0.61181896 0.27568392 -0.24890768 0.69837018
1778701976.61486626 -2.88626912 1.66525689 -0.56326953 0.61165250 0.27775683 -0.25131906 0.69682931
1778701976.62510967 -2.89196089 1.66265439 -0.54690078 0.61061444 0.28029054 -0.25314222 0.69606482
1778701976.63533068 -2.89431307 1.66686038 -0.53041090 0.61006655 0.28220291 -0.25571261 0.69483191
1778701976.64560866 -2.90010470 1.66534677 -0.51128364 0.60888580 0.28501628 -0.25806959 0.69384716
1778701976.65592670 -2.90520304 1.66443471 -0.49159635 0.60792670 0.28772610 -0.26027316 0.69274577
1778701976.66618228 -2.90897097 1.66596594 -0.47392612 0.60680255 0.29002779 -0.26296062 0.69175592
1778701976.67652082 -2.91104001 1.66859031 -0.46224958 0.60565149 0.29149790 -0.26546579 0.69118967
1778701976.68684006 -2.91730052 1.66733094 -0.43802241 0.60397313 0.29485360 -0.26856346 0.69003731
1778701976.69722438 -2.92146344 1.66677007 -0.42075597 0.60282691 0.29720826 -0.27075984 0.68917058
1778701976.70750713 -2.92749877 1.66429578 -0.40126521 0.60082341 0.30013514 -0.27362113 0.68852132
1778701976.71777892 -2.93210035 1.66502056 -0.37868236 0.59861587 0.30307154 -0.27732635 0.68767491
1778701976.72804332 -2.93527388 1.66595451 -0.36119321 0.59741484 0.30526972 -0.27979206 0.68674763
1778701976.73835278 -2.93944905 1.66734672 -0.33812776 0.59520136 0.30817609 -0.28357799 0.68581802
1778701976.74861002 -2.94357095 1.66957814 -0.30825854 0.59349484 0.31172155 -0.28745951 0.68407645
1778701976.75891542 -2.94630790 1.67418697 -0.27474174 0.59203560 0.31540058 -0.29170233 0.68185487
1778701976.76927114 -2.94617105 1.68303155 -0.22591752 0.59272274 0.32011593 -0.29564007 0.67734961
1778701976.77957082 -2.94683972 1.68978209 -0.19214912 0.59107092 0.32356192 -0.30034282 0.67508299
1778701976.78985500 -2.94914866 1.69358175 -0.15993565 0.58855920 0.32717107 -0.30509198 0.67340631
1778701976.80024290 -2.94987427 1.69755820 -0.14560577 0.58655763 0.32867460 -0.30833210 0.67294463
1778701976.81056762 -2.95302011 1.69912129 -0.11214049 0.58364664 0.33262389 -0.31303924 0.67136010
1778701976.82086349 -2.95387122 1.70390079 -0.09059382 0.58060828 0.33495456 -0.31763205 0.67067827
1778701976.83117938 -2.95533887 1.70797617 -0.06457902 0.57721843 0.33782721 -0.32257171 0.66980531
1778701976.84143400 -2.95586473 1.71185118 -0.03677293 0.57517268 0.34075333 -0.32641971 0.66821683
1778701976.85175228 -2.95595453 1.71766487 -0.01244749 0.57193026 0.34322774 -0.33136450 0.66729908
1778701976.86210823 -2.95377147 1.72700047 0.01057609 0.56865743 0.34523898 -0.33676960 0.66635202
1778701976.87238002 -2.95316000 1.73199378 0.03289973 0.56618954 0.34749197 -0.34072043 0.66527312
1778701976.88265944 -2.94866472 1.74465571 0.05992078 0.56341886 0.34961725 -0.34639475 0.66357941
1778701976.89294147 -2.94931922 1.74835128 0.09185190 0.56066014 0.35310868 -0.35077732 0.66176260
1778701976.90324593 -2.94718188 1.75522480 0.11391616 0.55888863 0.35512675 -0.35440384 0.66024723
1778701976.90340519 -2.94549296 1.75880722 0.12466370 0.55838711 0.35603616 -0.35590290 0.65937487
1778701976.91351199 -2.94709437 1.75986006 0.14278569 0.55638262 0.35817584 -0.35851684 0.65849383
1778701976.92375684 -2.94330584 1.76990368 0.17174519 0.55417070 0.36075292 -0.36326474 0.65634662
1778701976.93410134 -2.94411329 1.77207802 0.19941841 0.55141360 0.36395207 -0.36703841 0.65480130
1778701976.94437480 -2.94401986 1.77364427 0.22566669 0.54993449 0.36688127 -0.36969424 0.65291375
1778701976.95468211 -2.94289797 1.77795709 0.25367222 0.54727875 0.36988715 -0.37370427 0.65116402
1778701976.96496654 -2.94172696 1.78118718 0.28665251 0.54419458 0.37354935 -0.37804870 0.64914738
1778701976.97527409 -2.94039666 1.78461171 0.30674945 0.54248273 0.37569274 -0.38081216 0.64772645
1778701976.98553610 -2.93862155 1.78847484 0.33844049 0.54000725 0.37909458 -0.38467727 0.64552527
1778701976.99583626 -2.93738442 1.79052151 0.36915009 0.53768883 0.38252634 -0.38813405 0.64336326
1778701977.00613856 -2.93575969 1.79464300 0.38693142 0.53588207 0.38429393 -0.39087931 0.64215415
1778701977.00635457 -2.93642486 1.79342270 0.39411634 0.53522271 0.38525923 -0.39149909 0.64174795
1778701977.01647091 -2.93207795 1.80117597 0.41383229 0.53325186 0.38694064 -0.39502048 0.64021732
1778701977.02678013 -2.92762904 1.80427166 0.45619691 0.53053018 0.39148206 -0.39934476 0.63702691
1778701977.03707671 -2.92209409 1.81161285 0.48768100 0.52791845 0.39449406 -0.40370431 0.63458599
1778701977.04739189 -2.91760412 1.81567351 0.51681459 0.52630547 0.39740350 -0.40675304 0.63215898
1778701977.05774546 -2.91144176 1.82520143 0.54092887 0.52322880 0.39948857 -0.41136773 0.63041025
1778701977.06804848 -2.90740908 1.82806798 0.57347110 0.52031682 0.40299411 -0.41519970 0.62807274
1778701977.07834220 -2.90195590 1.83609071 0.59746491 0.51723044 0.40518602 -0.41947867 0.62636620
1778701977.08868361 -2.89600542 1.84270045 0.62092195 0.51472024 0.40734026 -0.42311242 0.62459016
1778701977.09901547 -2.88681010 1.84922539 0.66169605 0.51239949 0.41123698 -0.42738709 0.62102431
1778701977.10932016 -2.86870894 1.86389299 0.71227909 0.51005380 0.41539988 -0.43335263 0.61603049
1778701977.11967158 -2.86037126 1.87413478 0.73108124 0.50774740 0.41673166 -0.43715629 0.61434655
1778701977.13002539 -2.85517223 1.87495680 0.76553272 0.50425647 0.42052275 -0.44083483 0.61200546
1778701977.14035964 -2.86351947 1.87475671 0.75644521 0.49698852 0.42045322 -0.44446694 0.61536220
1778701977.15072012 -2.85114916 1.88566601 0.78613072 0.49464769 0.42278791 -0.44873130 0.61254736
1778701977.16105628 -2.82874705 1.89425683 0.85369289 0.49238292 0.42902796 -0.45431333 0.60588239
1778701977.17136645 -2.82195458 1.89656036 0.88434559 0.48846921 0.43231029 -0.45812450 0.60384402
1778701977.18165255 -2.80964560 1.90679899 0.91469957 0.48377954 0.43499811 -0.46346754 0.60160772
1778701977.19195318 -2.80201866 1.91157841 0.93724967 0.48005273 0.43725920 -0.46712604 0.60012251
1778701977.20226812 -2.78877556 1.91938413 0.97206113 0.47613713 0.44050203 -0.47183765 0.59717721
1778701977.21258426 -2.77773537 1.92145181 1.01037077 0.47289178 0.44447359 -0.47545000 0.59393929
1778701977.22297502 -2.76432597 1.92704784 1.04679976 0.46917692 0.44803582 -0.47973396 0.59075566
1778701977.23334098 -2.75419626 1.93340896 1.06943298 0.46648629 0.45006840 -0.48300730 0.58867047
1778701977.24379373 -2.74786394 1.94536046 1.07689986 0.46223345 0.45040296 -0.48716789 0.58834077
1778701977.25409842 -2.74269751 1.94481258 1.10194520 0.45888084 0.45328143 -0.48974927 0.58660887
1778701977.26454163 -2.71857634 1.95592067 1.14858866 0.45570661 0.45733407 -0.49495346 0.58154803
1778701977.27489424 -2.70833087 1.96184757 1.16944793 0.45317399 0.45920527 -0.49793650 0.57950246
1778701977.28527737 -2.68583680 1.96600339 1.22012724 0.45055151 0.46410016 -0.50198807 0.57412747
1778701977.29562664 -2.67503643 1.97496872 1.23885191 0.44654425 0.46569308 -0.50591847 0.57251611
1778701977.30598474 -2.65441848 1.98463375 1.27217127 0.44449545 0.46838212 -0.50972798 0.56852386
1778701977.30617380 -2.66211353 1.98558366 1.25870345 0.44240764 0.46727682 -0.51018435 0.57064857
1778701977.31633925 -2.66137418 1.98696061 1.26597490 0.43963708 0.46816524 -0.51192054 0.57050671
1778701977.32664251 -2.64177394 2.00174990 1.29172994 0.43670022 0.46986217 -0.51648066 0.56724790
1778701977.33693790 -2.64167390 1.99984697 1.30466934 0.43427221 0.47148648 -0.51778046 0.56657881
1778701977.34728575 -2.63545080 2.00812882 1.31136224 0.43177848 0.47180283 -0.52036534 0.56585276
1778701977.35761929 -2.57870668 2.03796206 1.37844591 0.43107831 0.47608799 -0.52801701 0.55561655
1778701977.36791539 -2.57064873 2.04315185 1.39369143 0.42891600 0.47742794 -0.53033747 0.55392761
1778701977.37827253 -2.55975278 2.04876500 1.41073267 0.42691715 0.47887895 -0.53269719 0.55195145
1778701977.37845254 -2.55966902 2.04876364 1.41284136 0.42665007 0.47909854 -0.53292706 0.55174546
1778701977.38852763 -2.55085636 2.05540921 1.42421805 0.42447139 0.47995430 -0.53530362 0.55037982
1778701977.39883852 -2.53955062 2.06023916 1.44359396 0.42267935 0.48165889 -0.53761788 0.54800903
1778701977.40912747 -2.52721932 2.06385773 1.46579625 0.42080244 0.48374833 -0.53988362 0.54537926
1778701977.41943836 -2.51614737 2.06643874 1.48494303 0.41950603 0.48555467 -0.54163166 0.54303453
1778701977.42975235 -2.50216606 2.06766686 1.51109901 -0.41875726 -0.48806971 0.54331790 -0.53966284
1778701977.44011903 -2.49012180 2.07089983 1.52998402 -0.41772708 -0.48977067 0.54503005 -0.53718807
1778701977.45045590 -2.47688840 2.07168126 1.55489464 -0.41664834 -0.49223333 0.54667614 -0.53409336
1778701977.45066667 -2.47266563 2.07200415 1.56220158 -0.41647783 -0.49293101 0.54710840 -0.53313940
1778701977.46082377 -2.46081697 2.07398520 1.58146859 -0.41582246 -0.49470792 0.54851548 -0.53055303
1778701977.47123384 -2.44613613 2.07587549 1.60557575 -0.41548354 -0.49690811 0.55002963 -0.52718419
1778701977.48157263 -2.43227488 2.07371556 1.63318434 -0.41495824 -0.49974884 0.55114664 -0.52373480
1778701977.49189019 -2.42454913 2.07438295 1.64669859 -0.41528691 -0.50093568 0.55177073 -0.52167930
1778701977.50225830 -2.40977419 2.07474411 1.67132580 -0.41538735 -0.50320887 0.55291828 -0.51818486
1778701977.51254964 -2.39986533 2.07383249 1.69030277 -0.41571316 -0.50500103 0.55356207 -0.51548575
1778701977.52297473 -2.39185214 2.07341175 1.70473948 -0.41597154 -0.50633112 0.55407951 -0.51341248
1778701977.53327990 -2.37978512 2.07073368 1.72787993 -0.41613688 -0.50862972 0.55471627 -0.51030947
1778701977.54353929 -2.37271356 2.06909130 1.74275536 -0.41647632 -0.51005231 0.55507037 -0.50822338
1778701977.55384111 -2.36487223 2.06651675 1.75955999 -0.41635335 -0.51175961 0.55552221 -0.50610974
1778701977.56414652 -2.35967166 2.06497703 1.77067735 -0.41664860 -0.51280624 0.55571382 -0.50459474
1778701977.57440090 -2.35372469 2.06368367 1.78323383 -0.41655414 -0.51400280 0.55614342 -0.50297939
1778701977.58465767 -2.34598146 2.06054742 1.79995417 -0.41639129 -0.51569518 0.55653046 -0.50094972
1778701977.59497070 -2.34181986 2.06023663 1.80813445 -0.41639069 -0.51638628 0.55686059 -0.49987027
1778701977.59517336 -2.34004146 2.05994643 1.81145996 -0.41626520 -0.51669992 0.55701995 -0.49947297
1778701977.60526419 -2.33679130 2.06034974 1.81795664 -0.41582056 -0.51724523 0.55750360 -0.49873878
1778701977.61561441 -2.33057275 2.06402332 1.82516050 -0.41559859 -0.51753926 0.55842701 -0.49758436
1778701977.62594795 -2.32315623 2.06707882 1.83441381 -0.41545705 -0.51802423 0.55932714 -0.49618492
1778701977.63636088 -2.32149239 2.06982547 1.83629059 -0.41511484 -0.51793260 0.55988512 -0.49593764
1778701977.64665532 -2.31593578 2.07354769 1.84273566 -0.41423116 -0.51821377 0.56097221 -0.49515373
1778701977.65699410 -2.31167115 2.07921255 1.84554132 -0.41395338 -0.51791804 0.56193930 -0.49459855
1778701977.66733122 -2.30650132 2.08263461 1.85173684 -0.41333826 -0.51814418 0.56285909 -0.49382966
1778701977.67764974 -2.30299330 2.08586544 1.85521792 -0.41305125 -0.51812394 0.56352569 -0.49333056
1778701977.68795514 -2.29745093 2.08918955 1.86179050 -0.41241811 -0.51838989 0.56444382 -0.49253060
1778701977.69832516 -2.29334698 2.09130506 1.86803610 -0.41235952 -0.51860111 0.56497450 -0.49174825
1778701977.70865393 -2.28833018 2.09616302 1.87138685 -0.41154518 -0.51855081 0.56601862 -0.49128255
1778701977.70884156 -2.28715461 2.09364116 1.87644950 -0.41110122 -0.51920570 0.56601576 -0.49096576
1778701977.71899152 -2.28578849 2.09435868 1.87997410 -0.41078619 -0.51938666 0.56629374 -0.49071745
1778701977.72931075 -2.28391777 2.09609031 1.88387812 -0.41065467 -0.51943415 0.56665663 -0.49035821
1778701977.73960376 -2.28111544 2.09601062 1.88998525 -0.41006660 -0.51993816 0.56702430 -0.48989094
1778701977.74993682 -2.27500431 2.10045286 1.89593454 -0.40934113 -0.52008806 0.56803867 -0.48916287
1778701977.76025081 -2.27039653 2.10368912 1.90155196 -0.40826500 -0.52033041 0.56897753 -0.48871313
1778701977.77052760 -2.26376165 2.10799864 1.90834790 -0.40738484 -0.52056253 0.57006280 -0.48793509
1778701977.78081059 -2.26241978 2.11124425 1.90945010 -0.40652603 -0.52041571 0.57070661 -0.48805538
1778701977.79110813 -2.26262265 2.11536833 1.90902892 -0.40509296 -0.52010512 0.57151891 -0.48862715
1778701977.80136633 -2.25881302 2.12691007 1.90573978 -0.40528862 -0.51872401 0.57269718 -0.48855346
1778701977.81163216 -2.25458159 2.13496512 1.90655233 -0.40437206 -0.51814676 0.57394777 -0.48845791
1778701977.82194138 -2.25093638 2.14362660 1.90491330 -0.40434147 -0.51722119 0.57494216 -0.48829471
1778701977.83232498 -2.24634912 2.15483408 1.90276131 -0.40405363 -0.51604019 0.57629577 -0.48818683
1778701977.84269524 -2.23924233 2.16767367 1.90169439 -0.40281086 -0.51499888 0.57822562 -0.48803145
1778701977.85299015 -2.23429688 2.17824897 1.89943011 -0.40303983 -0.51381737 0.57937386 -0.48772587
1778701977.86334658 -2.22541768 2.19201439 1.89866035 -0.40179439 -0.51271501 0.58153100 -0.48734615
1778701977.87375665 -2.22440228 2.20236807 1.89289318 -0.40231143 -0.51111625 0.58232435 -0.48765156
1778701977.88409686 -2.21989813 2.21195335 1.89057104 -0.40185277 -0.51010432 0.58358061 -0.48758754
1778701977.89432263 -2.22004226 2.21919221 1.88698078 -0.40136015 -0.50909239 0.58431600 -0.48816983
1778701977.90453815 -2.21295771 2.23156916 1.88465883 -0.40152863 -0.50768548 0.58577799 -0.48774416
1778701977.91478109 -2.20984746 2.23854947 1.88377616 -0.40144617 -0.50686748 0.58657633 -0.48770333
1778701977.92509770 -2.21098630 2.24173223 1.88162519 -0.40162588 -0.50620293 0.58674773 -0.48803929
1778701977.93537617 -2.20693483 2.24990177 1.88023147 -0.40232317 -0.50511707 0.58744409 -0.48775224
1778701977.94564629 -2.20203414 2.25736417 1.88067999 -0.40303626 -0.50421593 0.58815160 -0.48724302
1778701977.95596433 -2.20030634 2.26325826 1.87832034 -0.40364050 -0.50326298 0.58859422 -0.48719355
1778701977.96633601 -2.19665069 2.27332511 1.87390745 -0.40409020 -0.50178897 0.58953430 -0.48720452
1778701977.97668076 -2.19317939 2.28175248 1.87087287 -0.40491037 -0.50048545 0.59021883 -0.48703556
1778701977.98698831 -2.18953654 2.28895437 1.86957833 -0.40495263 -0.49957513 0.59102029 -0.48696310
1778701977.99725103 -2.19015731 2.29359047 1.86546825 -0.40576897 -0.49850529 0.59113243 -0.48724375
1778701978.00760603 -2.18340571 2.29771885 1.87043179 -0.40262893 -0.49898471 0.59282521 -0.48730121
1778701978.01806426 -2.20229265 2.28514895 1.86717733 -0.40100805 -0.49965976 0.59109546 -0.49003962
1778701978.02845502 -2.20157374 2.28676938 1.86783352 -0.40187034 -0.49927219 0.59096811 -0.48988182
1778701978.02878141 -2.20064132 2.28559797 1.87087392 -0.40152771 -0.49963557 0.59098884 -0.48976727
1778701978.03889179 -2.17692851 2.30272367 1.87821307 -0.40476455 -0.49827114 0.59280084 -0.48629075
1778701978.04933548 -2.17771878 2.30380425 1.87833872 -0.40570552 -0.49782568 0.59247286 -0.48636256
1778701978.05978322 -2.17942789 2.30182578 1.88100979 -0.40648199 -0.49786467 0.59186635 -0.48641278
1778701978.07021260 -2.17722104 2.30595187 1.88107954 -0.40733824 -0.49721595 0.59199608 -0.48620211
1778701978.08066964 -2.17698689 2.30585098 1.88319679 -0.40795075 -0.49714805 0.59172521 -0.48608773
1778701978.09101129 -2.20009164 2.28916526 1.88043838 -0.40564432 -0.49838703 0.58952740 -0.48940831
1778701978.10141158 -2.17864439 2.30882759 1.88267160 -0.40911817 -0.49628246 0.59130685 -0.48650000
1778701978.11182857 -2.18116853 2.31194228 1.87860616 -0.40907339 -0.49551395 0.59133263 -0.48728904
1778701978.12223554 -2.18049266 2.31475016 1.87765027 -0.40937641 -0.49501861 0.59144655 -0.48739974
1778701978.13261652 -2.18697207 2.31309630 1.87481736 -0.40896445 -0.49478097 0.59092554 -0.48861732
1778701978.14305234 -2.18751828 2.31439179 1.87457202 -0.40918689 -0.49441803 0.59083063 -0.48891315
1778701978.15347242 -2.18799782 2.31716436 1.87255972 -0.40987326 -0.49369914 0.59073493 -0.48918025
1778701978.16389036 -2.19145038 2.31907705 1.86776141 -0.41007951 -0.49294424 0.59057084 -0.48996618
1778701978.17428803 -2.19712141 2.31951122 1.86250413 -0.40950336 -0.49234257 0.59036908 -0.49129435
1778701978.18465281 -2.20002385 2.32187168 1.85823479 -0.40936548 -0.49160515 0.59036472 -0.49215218
1778701978.19499969 -2.20125450 2.32623147 1.85275106 -0.40892971 -0.49070145 0.59075134 -0.49295176
1778701978.19523716 -2.20175008 2.32777030 1.85067441 -0.40886556 -0.49035512 0.59086012 -0.49321915
1778701978.20530653 -2.20116614 2.33669938 1.84136152 -0.40879021 -0.48870858 0.59167400 -0.49393963
1778701978.21559215 -2.20533238 2.33654907 1.83848512 -0.40800022 -0.48837333 0.59157714 -0.49503918
1778701978.22592258 -2.20912473 2.34031891 1.83099244 -0.40751264 -0.48728209 0.59177317 -0.49628029
1778701978.23623967 -2.21384245 2.34138441 1.82525386 -0.40686358 -0.48662812 0.59175105 -0.49747943
1778701978.24655628 -2.21330472 2.35329667 1.81193465 -0.40624259 -0.48443385 0.59298143 -0.49866203
1778701978.25683618 -2.21544306 2.35679460 1.80600435 -0.40560352 -0.48352430 0.59331807 -0.49966359
1778701978.26721501 -2.21656018 2.35977034 1.80168502 -0.40507637 -0.48283806 0.59364836 -0.50036203
1778701978.26745820 -2.21697578 2.36177202 1.79895404 -0.40521966 -0.48236399 0.59374196 -0.50059214
1778701978.27759838 -2.22656494 2.35867621 1.79271180 -0.40342014 -0.48220230 0.59342723 -0.50257065
1778701978.28789330 -2.22563858 2.36280857 1.78959110 -0.40278545 -0.48151818 0.59398438 -0.50307720
1778701978.29818201 -2.22768216 2.36739829 1.78233309 -0.40186442 -0.48050345 0.59449061 -0.50418483
1778701978.30851698 -2.20054469 2.38913981 1.78604873 -0.40606062 -0.47829597 0.59663083 -0.50037925
1778701978.31883979 -2.20885824 2.38541969 1.78244293 -0.40288307 -0.47868999 0.59672068 -0.50245949
1778701978.32913303 -2.24322134 2.35835413 1.77804487 -0.39872531 -0.48086431 0.59360462 -0.50736693
1778701978.33944988 -2.24001052 2.35997442 1.78046707 -0.39860127 -0.48083766 0.59389045 -0.50715512
1778701978.34979844 -2.23641042 2.36283260 1.78127179 -0.39930463 -0.48048290 0.59408680 -0.50670788
1778701978.36008620 -2.23847950 2.35827368 1.78514884 -0.39931044 -0.48104786 0.59350741 -0.50684621
1778701978.37032175 -2.24667388 2.34877096 1.78835318 -0.39824805 -0.48211348 0.59245160 -0.50790372
1778701978.38058853 -2.25286048 2.34028790 1.79214621 -0.39666973 -0.48328047 0.59179291 -0.50879688
1778701978.39089561 -2.25742862 2.32787939 1.80328753 -0.39746444 -0.48495166 0.59010260 -0.50854973
1778701978.40123200 -2.25857752 2.32721389 1.80322717 -0.39764526 -0.48487774 0.58987822 -0.50873914
1778701978.41152191 -2.25965053 2.32251200 1.80819935 -0.39784244 -0.48557757 0.58930791 -0.50857841
1778701978.41168928 -2.26087084 2.31649482 1.81457731 -0.39797446 -0.48654855 0.58863921 -0.50832148
1778701978.42183614 -2.26608262 2.30818607 1.81925741 -0.39774986 -0.48755598 0.58763314 -0.50869589
1778701978.43218899 -2.27018173 2.30397741 1.82019109 -0.39721184 -0.48797682 0.58714288 -0.50927853
1778701978.44245481 -2.27098169 2.29843892 1.82700216 -0.39724013 -0.48892898 0.58654343 -0.50903392
1778701978.45273542 -2.27162134 2.29478819 1.83145531 -0.39725345 -0.48954897 0.58614794 -0.50888317
1778701978.46307755 -2.27705805 2.28181165 1.84212451 -0.39664535 -0.49149608 0.58481278 -0.50901678
1778701978.47338057 -2.27501539 2.27952225 1.84838319 -0.39646997 -0.49220895 0.58476821 -0.50851554
1778701978.48368335 -2.27362942 2.27886101 1.85187487 -0.39743149 -0.49235965 0.58447253 -0.50795871
1778701978.48393130 -2.27201561 2.27897694 1.85391486 -0.39752637 -0.49250718 0.58454194 -0.50766149
1778701978.49405885 -2.27031987 2.27810851 1.85790337 -0.39776965 -0.49284871 0.58447943 -0.50721124
1778701978.50431848 -2.26837745 2.27853133 1.86108312 -0.39767012 -0.49307662 0.58465537 -0.50686489
1778701978.51463389 -2.26579312 2.27510092 1.86970150 -0.39762525 -0.49405657 0.58449962 -0.50612495
1778701978.52501011 -2.26384200 2.27298553 1.87555874 -0.39751239 -0.49471568 0.58446062 -0.50561456
1778701978.53528619 -2.26088988 2.27026555 1.88373759 -0.39752356 -0.49558800 0.58439984 -0.50482113
1778701978.54558349 -2.25817182 2.26619985 1.89310733 -0.39734005 -0.49670522 0.58426718 -0.50402051
1778701978.55587721 -2.25519721 2.26366901 1.90059047 -0.39731429 -0.49752354 0.58424503 -0.50325881
1778701978.55604196 -2.25461219 2.26174245 1.90385224 -0.39736999 -0.49792700 0.58410288 -0.50298073
1778701978.56614470 -2.24916108 2.26047606 1.91266072 -0.39731840 -0.49877851 0.58434999 -0.50188960
1778701978.57644701 -2.24529153 2.25667291 1.92320190 -0.39764946 -0.49988213 0.58416855 -0.50073932
1778701978.58671260 -2.24082682 2.25678557 1.92953538 -0.39741681 -0.50045211 0.58452989 -0.49993238
1778701978.58691835 -2.23946485 2.25513068 1.93343539 -0.39736352 -0.50091349 0.58448537 -0.49956458
1778701978.59709215 -2.23664792 2.25321438 1.94026736 -0.39744078 -0.50160528 0.58449236 -0.49880021
1778701978.60741115 -2.23155760 2.25186476 1.94947083 -0.39748562 -0.50245359 0.58470726 -0.49765751
1778701978.61769676 -2.22553206 2.25226896 1.95791657 -0.39776155 -0.50306376 0.58507927 -0.49638175
1778701978.62796593 -2.22121186 2.25261537 1.96409039 -0.39753953 -0.50358386 0.58546607 -0.49557552
1778701978.63829613 -2.21941414 2.25019328 1.97127009 -0.39739271 -0.50434372 0.58547029 -0.49491514
1778701978.64856219 -2.21568582 2.25154590 1.97626542 -0.39696276 -0.50470179 0.58601331 -0.49425203
1778701978.65884662 -2.21220802 2.25157237 1.98220273 -0.39739230 -0.50509879 0.58615057 -0.49333770
1778701978.65900373 -2.21006172 2.24997092 1.98698388 -0.39741174 -0.50561157 0.58614635 -0.49280149
1778701978.66914606 -2.20632978 2.25089265 1.99207214 -0.39756088 -0.50591291 0.58646845 -0.49198804
1778701978.67941093 -2.20407380 2.25136558 1.99685328 -0.39731085 -0.50626591 0.58681298 -0.49141575
1778701978.68966365 -2.20030297 2.25131500 2.00423624 -0.39730972 -0.50684226 0.58712307 -0.49045122
1778701978.69992447 -2.19820101 2.25215574 2.00802143 -0.39772493 -0.50698135 0.58728922 -0.48977154
1778701978.71028662 -2.19583220 2.25513099 2.01078677 -0.39721017 -0.50702867 0.58793794 -0.48936181
1778701978.72060847 -2.19281470 2.25729597 2.01551415 -0.39733511 -0.50719708 0.58837274 -0.48856264
1778701978.73087788 -2.19112060 2.25883677 2.01851423 -0.39757563 -0.50725010 0.58862847 -0.48800355
1778701978.74110675 -2.19032935 2.26147987 2.02065073 -0.39712553 -0.50726637 0.58913979 -0.48773604
1778701978.75133419 -2.19434613 2.25774529 2.02538189 -0.39696715 -0.50789962 0.58874798 -0.48767907
1778701978.76161480 -2.19353040 2.26180322 2.02521335 -0.39689631 -0.50756167 0.58926335 -0.48746607
1778701978.76177645 -2.19102732 2.26476675 2.02576388 -0.39669554 -0.50743059 0.58975086 -0.48717632
1778701978.77192521 -2.18478887 2.27123106 2.02885446 -0.39725525 -0.50709148 0.59060088 -0.48604227
1778701978.78222060 -2.17726341 2.28023437 2.03216466 -0.39746649 -0.50663102 0.59186670 -0.48480842
1778701978.79245734 -2.15852526 2.29905854 2.03604960 -0.39864003 -0.50533666 0.59434174 -0.48216064
1778701978.80275702 -2.18070756 2.28807705 2.03065668 -0.39635373 -0.50602032 0.59289072 -0.48510591
1778701978.81302571 -2.17435606 2.30089388 2.02935639 -0.39570916 -0.50504423 0.59468381 -0.48445408
1778701978.82332730 -2.17016098 2.31557797 2.02366184 -0.39490658 -0.50356057 0.59657301 -0.48433065
1778701978.83364296 -2.16316330 2.32664343 2.02354574 -0.39454708 -0.50277000 0.59812841 -0.48352594
1778701978.83391023 -2.16265616 2.33024823 2.02172289 -0.39412208 -0.50241455 0.59862074 -0.48363273
1778701978.84399962 -2.16481175 2.33980475 2.01411889 -0.39239739 -0.50133234 0.59992889 -0.48453638
1778701978.85429287 -2.15807496 2.35301297 2.01293771 -0.39172442 -0.50033044 0.60178731 -0.48381140
1778701978.86456752 -2.17227489 2.35091348 2.00829510 -0.38804782 -0.50069049 0.60201450 -0.48611363
1778701978.87482405 -2.19615155 2.34277406 1.99872357 -0.38448326 -0.50102182 0.60111409 -0.48970564
1778701978.88515210 -2.13672206 2.38366616 2.01948185 -0.38872728 -0.49907963 0.60683789 -0.48120516
1778701978.89537764 -2.12244091 2.40136379 2.02081953 -0.38907156 -0.49780457 0.60921630 -0.47923838
1778701978.90570211 -2.10875998 2.41707671 2.02204502 -0.38861169 -0.49682181 0.61154215 -0.47766645
1778701978.91604137 -2.11866896 2.41762455 2.01998619 -0.38609157 -0.49699170 0.61192872 -0.47903631
1778701978.92629123 -2.10691636 2.43847446 2.01552847 -0.38528126 -0.49519403 0.61477102 -0.47790984
1778701978.93653965 -2.09238295 2.45945309 2.01135472 -0.38554855 -0.49321843 0.61741495 -0.47632622
1778701978.93671179 -2.08824608 2.46678232 2.00886654 -0.38550014 -0.49247104 0.61832431 -0.47595900
1778701978.94680214 -2.07949011 2.48694148 1.99985623 -0.38488940 -0.49030068 0.62084176 -0.47541656
1778701978.95707870 -2.09524448 2.49502849 1.98379952 -0.38330810 -0.48850497 0.62140358 -0.47780266
1778701978.96736979 -2.09482095 2.50845165 1.97477475 -0.38199367 -0.48694009 0.62309634 -0.47824799
1778701978.96756554 -2.09324743 2.51322976 1.97265572 -0.38189422 -0.48640437 0.62367772 -0.47811473
1778701978.97763920 -2.08793222 2.52920483 1.96521865 -0.38110798 -0.48470362 0.62568880 -0.47784164
1778701978.98788810 -2.08616980 2.54631442 1.95466658 -0.37989652 -0.48269424 0.62780723 -0.47806170
1778701978.99811316 -2.08456280 2.56010701 1.94783375 -0.37860497 -0.48127640 0.62964338 -0.47810096
1778701979.00841713 -2.08197304 2.57177098 1.94217085 -0.37811010 -0.47998010 0.63107632 -0.47790640
1778701979.01867819 -2.07974291 2.59206410 1.92670710 -0.37810623 -0.47710096 0.63315371 -0.47804469
1778701979.02896500 -2.06605702 2.61130300 1.92538747 -0.37786102 -0.47558419 0.63570814 -0.47635690
1778701979.03928947 -2.07062880 2.61514867 1.92201695 -0.37646036 -0.47522974 0.63635393 -0.47695699
1778701979.03944921 -2.06662270 2.61910800 1.92293237 -0.37694729 -0.47492125 0.63681900 -0.47625844
1778701979.04950118 -2.06774504 2.62275027 1.92321093 -0.37645925 -0.47473172 0.63736764 -0.47609948
1778701979.05973959 -2.07109600 2.62755051 1.92164400 -0.37499308 -0.47448280 0.63822360 -0.47635795
1778701979.07001042 -2.07155410 2.63146560 1.92172290 -0.37484088 -0.47421243 0.63873903 -0.47605602
1778701979.08027244 -2.07036978 2.63317437 1.92813711 -0.37434647 -0.47470396 0.63930696 -0.47519205
1778701979.09056187 -2.07145694 2.63279301 1.93469311 -0.37393851 -0.47534937 0.63955177 -0.47453820
1778701979.10084152 -2.07182194 2.63059315 1.94417096 -0.37319625 -0.47644258 0.63977294 -0.47372737
1778701979.11114478 -2.07341125 2.62409548 1.95578627 -0.37254828 -0.47802227 0.63948381 -0.47303588
1778701979.12135935 -2.07614970 2.61805656 1.96724763 -0.37250652 -0.47943041 0.63905825 -0.47221810
1778701979.13162732 -2.07697464 2.61135543 1.98129638 -0.37215952 -0.48117222 0.63875386 -0.47113065
1778701979.14193273 -2.07804334 2.60197196 1.99686252 -0.37088768 -0.48340770 0.63840457 -0.47031790
1778701979.15218902 -2.08046890 2.59633777 2.00758101 -0.37022554 -0.48483783 0.63820853 -0.46963305
1778701979.16242218 -2.08266898 2.59151101 2.01754562 -0.36975073 -0.48610856 0.63803881 -0.46892360
1778701979.17267728 -2.08613941 2.57805982 2.03568798 -0.36608636 -0.48927927 0.63782233 -0.46879552
1778701979.17288113 -2.08491424 2.57717306 2.03943222 -0.36558916 -0.48975397 0.63798866 -0.46846140
1778701979.18297172 -2.10838455 2.56461837 2.03664837 -0.36687028 -0.49008735 0.63568027 -0.47024588
1778701979.19325113 -2.10647292 2.56290003 2.04617320 -0.36648933 -0.49107208 0.63596162 -0.46913388
1778701979.20356679 -2.09070677 2.56373180 2.06565384 -0.36415311 -0.49310757 0.63760507 -0.46658034
1778701979.21387649 -2.08946899 2.56164596 2.07332022 -0.36291075 -0.49411702 0.63795573 -0.46600069
1778701979.22415042 -2.08085100 2.56463338 2.08287786 -0.36510027 -0.49430048 0.63833369 -0.46357193
1778701979.23443508 -2.07943135 2.54715101 2.10970989 -0.36259794 -0.49822187 0.63778432 -0.46209184
1778701979.24469447 -2.09704017 2.53928900 2.10581593 -0.36190231 -0.49850048 0.63662163 -0.46393631
1778701979.25500154 -2.08541989 2.53850296 2.12216953 -0.36266980 -0.49977891 0.63716248 -0.46121104
1778701979.26529360 -2.09200518 2.52478425 2.13651463 -0.35909714 -0.50250404 0.63680287 -0.46154201
1778701979.27567339 -2.08588617 2.52349671 2.14783517 -0.36035398 -0.50325930 0.63694612 -0.45953751
1778701979.28592277 -2.08842667 2.51681735 2.15630457 -0.36006471 -0.50442723 0.63653580 -0.45905202
1778701979.29623532 -2.09106662 2.50890898 2.16720990 -0.35978430 -0.50586755 0.63605987 -0.45834608
1778701979.30657744 -2.09300683 2.50791430 2.17116849 -0.35864005 -0.50638297 0.63641854 -0.45817578
1778701979.31687403 -2.08752021 2.50441636 2.18351463 -0.35734431 -0.50783603 0.63688313 -0.45693269
1778701979.32715893 -2.10461195 2.50210119 2.17498891 -0.35576493 -0.50742356 0.63655290 -0.45907848
1778701979.33742261 -2.10255377 2.50479149 2.17836339 -0.35432705 -0.50767702 0.63749894 -0.45859730
1778701979.34771037 -2.09338907 2.49627725 2.19952093 -0.35347618 -0.51011526 0.63757905 -0.45643178
1778701979.34788680 -2.09716204 2.49512699 2.19852110 -0.35335373 -0.51009472 0.63740430 -0.45679348
1778701979.35798073 -2.10191126 2.51016137 2.18052578 -0.35524313 -0.50714433 0.63827761 -0.45739332
1778701979.36823130 -2.11311853 2.50289389 2.18241469 -0.35676246 -0.50740507 0.63705539 -0.45762548
1778701979.37845755 -2.10746409 2.53898931 2.15327935 -0.35626628 -0.50247342 0.64085308 -0.45815077
1778701979.38871741 -2.09115286 2.57660750 2.13040430 -0.35401913 -0.49821365 0.64566829 -0.45778387
1778701979.39899683 -2.08766452 2.56055149 2.15712486 -0.35079164 -0.50205372 0.64541167 -0.45643298
1778701979.40922070 -2.12241741 2.52322146 2.17085833 -0.34868924 -0.50597406 0.64130490 -0.45949330
1778701979.41944408 -2.11734787 2.51762105 2.18522059 -0.34748831 -0.50767849 0.64149821 -0.45825154
1778701979.42973137 -2.10368057 2.53604739 2.18168841 -0.35068670 -0.50555097 0.64324536 -0.45571095
1778701979.44000316 -2.15821085 2.49844561 2.17777848 -0.34491463 -0.50849816 0.63927011 -0.46238214
1778701979.45033765 -2.12086366 2.49589215 2.21677405 -0.35187142 -0.51089683 0.63902654 -0.45477029
1778701979.45058799 -2.17589777 2.47174480 2.19443244 -0.34905468 -0.51094180 0.63529098 -0.46206566
1778701979.46069479 -2.12148606 2.48283519 2.23503294 -0.34644016 -0.51408111 0.63932066 -0.45493838
1778701979.47097063 -2.10312181 2.51009780 2.22808233 -0.34463374 -0.51189578 0.64313521 -0.45339541
1778701979.48125505 -2.08951406 2.53797406 2.21474776 -0.34660813 -0.50851086 0.64594422 -0.45170296
1778701979.49154019 -2.09446208 2.53027363 2.22158241 -0.34558078 -0.50969024 0.64547325 -0.45183412
1778701979.50181031 -2.10930826 2.49264353 2.25259463 -0.34567845 -0.51474065 0.64164024 -0.45149339
1778701979.51208091 -2.10582142 2.50481127 2.24692617 -0.34409075 -0.51360745 0.64349315 -0.45135963
1778701979.52242970 -2.10555081 2.49705481 2.25878776 -0.34370674 -0.51513784 0.64302203 -0.45057892
1778701979.53270888 -2.10075996 2.50317553 2.26105130 -0.34223233 -0.51508556 0.64428275 -0.44995959
1778701979.54299951 -2.11480947 2.49075404 2.26718293 -0.34065191 -0.51660462 0.64303383 -0.45120220
1778701979.55329919 -2.10220346 2.50478230 2.26720267 -0.34034345 -0.51571669 0.64496908 -0.44968603
1778701979.55345535 -2.09207937 2.52385629 2.25671813 -0.34240297 -0.51323576 0.64667356 -0.44851149
1778701979.56351852 -2.08812399 2.52898473 2.25782831 -0.34141510 -0.51312283 0.64765090 -0.44798326
1778701979.57379198 -2.09751999 2.51005248 2.27335369 -0.34156992 -0.51560511 0.64570482 -0.44782436
1778701979.58404851 -2.09982304 2.49247217 2.29390728 -0.34153149 -0.51845906 0.64420031 -0.44672408
1778701979.59428859 -2.09347894 2.50128805 2.29346363 -0.34198109 -0.51773932 0.64525644 -0.44568943
1778701979.60464358 -2.09966176 2.49850356 2.29627908 -0.33894788 -0.51859126 0.64551716 -0.44663747
1778701979.61503243 -2.07786272 2.53242073 2.28353213 -0.34053899 -0.51503561 0.64921629 -0.44417308
1778701979.62536621 -2.08488217 2.52163743 2.29177957 -0.34038581 -0.51643733 0.64812427 -0.44425772
1778701979.63563442 -2.08926308 2.50851014 2.30524754 -0.34312446 -0.51799150 0.64624792 -0.44307340
1778701979.64591789 -2.07780160 2.51469314 2.31300076 -0.34143837 -0.51845028 0.64779699 -0.44157468
1778701979.65619159 -2.14944889 2.48558164 2.28729338 -0.34542622 -0.51746958 0.64153005 -0.44871500
1778701979.66656137 -2.16728438 2.49474597 2.26496797 -0.34648486 -0.51476885 0.64149193 -0.45105362
1778701979.67687774 -2.08313594 2.51801400 2.31514447 -0.34205483 -0.51819823 0.64814684 -0.44087952
1778701979.68717194 -2.06114154 2.55257228 2.30177930 -0.33979579 -0.51516509 0.65273422 -0.43941072
1778701979.69742990 -2.05466118 2.56178687 2.30028721 -0.33828878 -0.51465915 0.65423900 -0.43892823
1778701979.70775318 -2.05255788 2.56889769 2.29827543 -0.33942475 -0.51379701 0.65479513 -0.43823146
1778701979.71812367 -1.99327551 2.57641174 2.34771930 -0.32432407 -0.51956094 0.66126811 -0.43312217
1778701979.72843218 -1.95487828 2.58348526 2.37631548 -0.31606057 -0.52272308 0.66515505 -0.42945904
1778701979.73877430 -1.94732747 2.58866818 2.37913251 -0.31565334 -0.52267099 0.66606720 -0.42840691
1778701979.74906993 -1.95559129 2.58548577 2.37832449 -0.31716861 -0.52252537 0.66530532 -0.42864921
1778701979.75937867 -1.97782964 2.59893599 2.34843951 -0.32623098 -0.51773337 0.66382983 -0.42994821
1778701979.76967144 -1.97538166 2.60339859 2.34818249 -0.32653878 -0.51735790 0.66431196 -0.42942154
1778701979.78003597 -1.94655966 2.59499812 2.38320608 -0.31879039 -0.52200961 0.66642805 -0.42632417
1778701979.79034424 -1.96428756 2.60005529 2.36519330 -0.32560892 -0.51913353 0.66488663 -0.42708897
1778701979.80065918 -1.94734062 2.58815352 2.39346093 -0.32013690 -0.52303027 0.66573247 -0.42514936
1778701979.80083656 -1.95038808 2.59055694 2.38903880 -0.32126412 -0.52232273 0.66562861 -0.42533150
1778701979.81098461 -1.95646694 2.59818982 2.37720823 -0.32421273 -0.52037312 0.66553250 -0.42563414
1778701979.82125092 -1.95044383 2.60504355 2.37713064 -0.32526445 -0.51973968 0.66622971 -0.42451345
1778701979.83153129 -1.93261537 2.60173923 2.39797443 -0.32184568 -0.52217839 0.66739830 -0.42228497
1778701979.84192181 -1.92438452 2.60617366 2.40174160 -0.32174697 -0.52220472 0.66817330 -0.42110041
1778701979.85227394 -1.91947166 2.61290896 2.39913528 -0.32197101 -0.52151027 0.66894921 -0.42055756
1778701979.86254382 -1.91947166 2.61290896 2.39913528 -0.32197101 -0.52151027 0.66894921 -0.42055756
1778701979.87284327 -1.91947166 2.61290896 2.39913528 -0.32197101 -0.52151027 0.66894921 -0.42055756
1778701979.88308525 -1.91947166 2.61290896 2.39913528 -0.32197101 -0.52151027 0.66894921 -0.42055756
1778701979.89334822 -1.91947166 2.61290896 2.39913528 -0.32197101 -0.52151027 0.66894921 -0.42055756
1778701979.90361142 -1.91947166 2.61290896 2.39913528 -0.32197101 -0.52151027 0.66894921 -0.42055756
1778701979.91389084 -1.91947166 2.61290896 2.39913528 -0.32197101 -0.52151027 0.66894921 -0.42055756
1778701979.92420077 -1.91947166 2.61290896 2.39913528 -0.32197101 -0.52151027 0.66894921 -0.42055756
1778701979.93450856 -1.91947166 2.61290896 2.39913528 -0.32197101 -0.52151027 0.66894921 -0.42055756
1778701979.94481206 -1.91947166 2.61290896 2.39913528 -0.32197101 -0.52151027 0.66894921 -0.42055756
1778701979.95510006 -1.91947166 2.61290896 2.39913528 -0.32197101 -0.52151027 0.66894921 -0.42055756
1778701979.96540475 -1.91947166 2.61290896 2.39913528 -0.32197101 -0.52151027 0.66894921 -0.42055756
1778701979.97568965 -1.91947166 2.61290896 2.39913528 -0.32197101 -0.52151027 0.66894921 -0.42055756
1778701979.98598695 -1.91947166 2.61290896 2.39913528 -0.32197101 -0.52151027 0.66894921 -0.42055756
1778701979.99631953 -1.91947166 2.61290896 2.39913528 -0.32197101 -0.52151027 0.66894921 -0.42055756
1778701980.00660992 -1.91947166 2.61290896 2.39913528 -0.32197101 -0.52151027 0.66894921 -0.42055756
1778701980.01691985 -1.91947166 2.61290896 2.39913528 -0.32197101 -0.52151027 0.66894921 -0.42055756
1778701980.02721691 -1.91947166 2.61290896 2.39913528 -0.32197101 -0.52151027 0.66894921 -0.42055756
1778701980.03748918 -1.91947166 2.61290896 2.39913528 -0.32197101 -0.52151027 0.66894921 -0.42055756
1778701980.04774594 -1.91947166 2.61290896 2.39913528 -0.32197101 -0.52151027 0.66894921 -0.42055756
1778701980.04793596 -1.91947166 2.61290896 2.39913528 -0.32197101 -0.52151027 0.66894921 -0.42055756
1778701980.05802250 -1.91947166 2.61290896 2.39913528 -0.32197101 -0.52151027 0.66894921 -0.42055756
1778701980.06830597 -1.91947166 2.61290896 2.39913528 -0.32197101 -0.52151027 0.66894921 -0.42055756
1778701980.07863188 -1.91947166 2.61290896 2.39913528 -0.32197101 -0.52151027 0.66894921 -0.42055756
1778701980.08890772 -1.91947166 2.61290896 2.39913528 -0.32197101 -0.52151027 0.66894921 -0.42055756
1778701980.09919930 -1.91947166 2.61290896 2.39913528 -0.32197101 -0.52151027 0.66894921 -0.42055756
1778701980.10944748 -1.91947166 2.61290896 2.39913528 -0.32197101 -0.52151027 0.66894921 -0.42055756
1778701980.11970305 -1.91947166 2.61290896 2.39913528 -0.32197101 -0.52151027 0.66894921 -0.42055756
1778701980.12998414 -1.91947166 2.61290896 2.39913528 -0.32197101 -0.52151027 0.66894921 -0.42055756
1778701980.14025640 -1.91947166 2.61290896 2.39913528 -0.32197101 -0.52151027 0.66894921 -0.42055756
1778701980.15060925 -1.91947166 2.61290896 2.39913528 -0.32197101 -0.52151027 0.66894921 -0.42055756
1778701980.16088772 -1.91947166 2.61290896 2.39913528 -0.32197101 -0.52151027 0.66894921 -0.42055756
1778701980.17119169 -1.91947166 2.61290896 2.39913528 -0.32197101 -0.52151027 0.66894921 -0.42055756
1778701980.18143964 -1.91947166 2.61290896 2.39913528 -0.32197101 -0.52151027 0.66894921 -0.42055756
1778701980.18163800 -1.91947166 2.61290896 2.39913528 -0.32197101 -0.52151027 0.66894921 -0.42055756
1778701980.19174814 -1.91947166 2.61290896 2.39913528 -0.32197101 -0.52151027 0.66894921 -0.42055756
1778701980.20200038 -1.91947166 2.61290896 2.39913528 -0.32197101 -0.52151027 0.66894921 -0.42055756
1778701980.21230268 -1.91947166 2.61290896 2.39913528 -0.32197101 -0.52151027 0.66894921 -0.42055756
1778701980.22262955 -1.91947166 2.61290896 2.39913528 -0.32197101 -0.52151027 0.66894921 -0.42055756
1778701980.23288012 -1.91947166 2.61290896 2.39913528 -0.32197101 -0.52151027 0.66894921 -0.42055756
1778701980.24313378 -1.91947166 2.61290896 2.39913528 -0.32197101 -0.52151027 0.66894921 -0.42055756
1778701980.25344729 -1.91947166 2.61290896 2.39913528 -0.32197101 -0.52151027 0.66894921 -0.42055756
1778701980.26370168 -1.91947166 2.61290896 2.39913528 -0.32197101 -0.52151027 0.66894921 -0.42055756
1778701980.27394128 -1.91947166 2.61290896 2.39913528 -0.32197101 -0.52151027 0.66894921 -0.42055756
1778701980.28419256 -1.91947166 2.61290896 2.39913528 -0.32197101 -0.52151027 0.66894921 -0.42055756
1778701980.29442191 -1.91947166 2.61290896 2.39913528 -0.32197101 -0.52151027 0.66894921 -0.42055756
1778701980.30475307 -1.91947166 2.61290896 2.39913528 -0.32197101 -0.52151027 0.66894921 -0.42055756
1778701980.31501913 -1.91947166 2.61290896 2.39913528 -0.32197101 -0.52151027 0.66894921 -0.42055756
1778701980.32527590 -1.91947166 2.61290896 2.39913528 -0.32197101 -0.52151027 0.66894921 -0.42055756
1778701980.33549953 -1.91947166 2.61290896 2.39913528 -0.32197101 -0.52151027 0.66894921 -0.42055756
1778701980.34577370 -1.91947166 2.61290896 2.39913528 -0.32197101 -0.52151027 0.66894921 -0.42055756
1778701980.35603237 -1.91947166 2.61290896 2.39913528 -0.32197101 -0.52151027 0.66894921 -0.42055756
1778701980.35617971 -1.91947166 2.61290896 2.39913528 -0.32197101 -0.52151027 0.66894921 -0.42055756
1778701980.36624432 -1.91947166 2.61290896 2.39913528 -0.32197101 -0.52151027 0.66894921 -0.42055756
1778701980.37646437 -1.91947166 2.61290896 2.39913528 -0.32197101 -0.52151027 0.66894921 -0.42055756
1778701980.38683367 -1.91947166 2.61290896 2.39913528 -0.32197101 -0.52151027 0.66894921 -0.42055756
1778701980.39721489 -1.91947166 2.61290896 2.39913528 -0.32197101 -0.52151027 0.66894921 -0.42055756
1778701980.40754199 -1.91947166 2.61290896 2.39913528 -0.32197101 -0.52151027 0.66894921 -0.42055756
1778701980.41786098 -1.91947166 2.61290896 2.39913528 -0.32197101 -0.52151027 0.66894921 -0.42055756
1778701980.42812872 -1.91947166 2.61290896 2.39913528 -0.32197101 -0.52151027 0.66894921 -0.42055756
1778701980.43839002 -1.91947166 2.61290896 2.39913528 -0.32197101 -0.52151027 0.66894921 -0.42055756
1778701980.44873524 -1.91947166 2.61290896 2.39913528 -0.32197101 -0.52151027 0.66894921 -0.42055756
1778701980.45905757 -1.91947166 2.61290896 2.39913528 -0.32197101 -0.52151027 0.66894921 -0.42055756
1778701980.46936274 -1.91947166 2.61290896 2.39913528 -0.32197101 -0.52151027 0.66894921 -0.42055756
1778701980.47961736 -1.91947166 2.61290896 2.39913528 -0.32197101 -0.52151027 0.66894921 -0.42055756
1778701980.48986912 -1.91947166 2.61290896 2.39913528 -0.32197101 -0.52151027 0.66894921 -0.42055756
1778701980.50013161 -1.91947166 2.61290896 2.39913528 -0.32197101 -0.52151027 0.66894921 -0.42055756
1778701980.51047039 -1.91947166 2.61290896 2.39913528 -0.32197101 -0.52151027 0.66894921 -0.42055756
1778701980.52071881 -1.91947166 2.61290896 2.39913528 -0.32197101 -0.52151027 0.66894921 -0.42055756
1778701980.53102064 -1.91947166 2.61290896 2.39913528 -0.32197101 -0.52151027 0.66894921 -0.42055756
1778701980.54129672 -1.91947166 2.61290896 2.39913528 -0.32197101 -0.52151027 0.66894921 -0.42055756
1778701980.55151200 -1.91947166 2.61290896 2.39913528 -0.32197101 -0.52151027 0.66894921 -0.42055756
1778701980.56176615 -1.91947166 2.61290896 2.39913528 -0.32197101 -0.52151027 0.66894921 -0.42055756
1778701980.57202864 -1.91947166 2.61290896 2.39913528 -0.32197101 -0.52151027 0.66894921 -0.42055756
1778701980.58232641 -1.91947166 2.61290896 2.39913528 -0.32197101 -0.52151027 0.66894921 -0.42055756
1778701980.59259224 -1.91947166 2.61290896 2.39913528 -0.32197101 -0.52151027 0.66894921 -0.42055756
1778701980.60284853 -1.91947166 2.61290896 2.39913528 -0.32197101 -0.52151027 0.66894921 -0.42055756
1778701980.61311793 -1.91947166 2.61290896 2.39913528 -0.32197101 -0.52151027 0.66894921 -0.42055756
1778701980.62335157 -1.91947166 2.61290896 2.39913528 -0.32197101 -0.52151027 0.66894921 -0.42055756
1778701980.63360381 -1.91947166 2.61290896 2.39913528 -0.32197101 -0.52151027 0.66894921 -0.42055756
1778701980.64388561 -1.91947166 2.61290896 2.39913528 -0.32197101 -0.52151027 0.66894921 -0.42055756
1778701980.65419054 -1.91947166 2.61290896 2.39913528 -0.32197101 -0.52151027 0.66894921 -0.42055756
1778701980.66443157 -1.91947166 2.61290896 2.39913528 -0.32197101 -0.52151027 0.66894921 -0.42055756
1778701980.67477036 -1.91947166 2.61290896 2.39913528 -0.32197101 -0.52151027 0.66894921 -0.42055756
1778701980.68508911 -1.91947166 2.61290896 2.39913528 -0.32197101 -0.52151027 0.66894921 -0.42055756
1778701980.69529581 -1.91947166 2.61290896 2.39913528 -0.32197101 -0.52151027 0.66894921 -0.42055756
1778701980.70557761 -1.91947166 2.61290896 2.39913528 -0.32197101 -0.52151027 0.66894921 -0.42055756
1778701980.71597147 -1.91947166 2.61290896 2.39913528 -0.32197101 -0.52151027 0.66894921 -0.42055756
1778701980.72635198 -1.91947166 2.61290896 2.39913528 -0.32197101 -0.52151027 0.66894921 -0.42055756
1778701980.73675203 -1.91947166 2.61290896 2.39913528 -0.32197101 -0.52151027 0.66894921 -0.42055756
1778701980.74703026 -1.91947166 2.61290896 2.39913528 -0.32197101 -0.52151027 0.66894921 -0.42055756
1778701980.75732327 -1.91947166 2.61290896 2.39913528 -0.32197101 -0.52151027 0.66894921 -0.42055756
1778701980.76758075 -1.91947166 2.61290896 2.39913528 -0.32197101 -0.52151027 0.66894921 -0.42055756
1778701980.76774287 -1.91947166 2.61290896 2.39913528 -0.32197101 -0.52151027 0.66894921 -0.42055756
1778701980.77785087 -1.91947166 2.61290896 2.39913528 -0.32197101 -0.52151027 0.66894921 -0.42055756
1778701980.78811049 -1.91947166 2.61290896 2.39913528 -0.32197101 -0.52151027 0.66894921 -0.42055756
1778701980.79837084 -1.91947166 2.61290896 2.39913528 -0.32197101 -0.52151027 0.66894921 -0.42055756
1778701980.80864167 -1.91947166 2.61290896 2.39913528 -0.32197101 -0.52151027 0.66894921 -0.42055756
1778701980.81891155 -1.91947166 2.61290896 2.39913528 -0.32197101 -0.52151027 0.66894921 -0.42055756
1778701980.82917881 -1.91947166 2.61290896 2.39913528 -0.32197101 -0.52151027 0.66894921 -0.42055756
1778701980.83948851 -1.91947166 2.61290896 2.39913528 -0.32197101 -0.52151027 0.66894921 -0.42055756
1778701980.84974027 -1.91947166 2.61290896 2.39913528 -0.32197101 -0.52151027 0.66894921 -0.42055756
1778701980.86002159 -1.91947166 2.61290896 2.39913528 -0.32197101 -0.52151027 0.66894921 -0.42055756
1778701980.87050557 -1.91947166 2.61290896 2.39913528 -0.32197101 -0.52151027 0.66894921 -0.42055756
1778701980.88103914 -1.91947166 2.61290896 2.39913528 -0.32197101 -0.52151027 0.66894921 -0.42055756
1778701980.88128781 -1.91947166 2.61290896 2.39913528 -0.32197101 -0.52151027 0.66894921 -0.42055756
1778701980.89175415 -1.91947166 2.61290896 2.39913528 -0.32197101 -0.52151027 0.66894921 -0.42055756
1778701980.90251827 -1.91947166 2.61290896 2.39913528 -0.32197101 -0.52151027 0.66894921 -0.42055756
1778701980.91298437 -1.91947166 2.61290896 2.39913528 -0.32197101 -0.52151027 0.66894921 -0.42055756
1778701980.92349482 -1.91947166 2.61290896 2.39913528 -0.32197101 -0.52151027 0.66894921 -0.42055756
1778701980.93404078 -1.91947166 2.61290896 2.39913528 -0.32197101 -0.52151027 0.66894921 -0.42055756
1778701980.93435168 -1.91947166 2.61290896 2.39913528 -0.32197101 -0.52151027 0.66894921 -0.42055756
1778701980.94454122 -1.91947166 2.61290896 2.39913528 -0.32197101 -0.52151027 0.66894921 -0.42055756
1778701980.95494866 -1.91947166 2.61290896 2.39913528 -0.32197101 -0.52151027 0.66894921 -0.42055756
1778701980.96570039 -1.91947166 2.61290896 2.39913528 -0.32197101 -0.52151027 0.66894921 -0.42055756
1778701980.97644806 -1.91947166 2.61290896 2.39913528 -0.32197101 -0.52151027 0.66894921 -0.42055756
1778701980.98685336 -1.91947166 2.61290896 2.39913528 -0.32197101 -0.52151027 0.66894921 -0.42055756
1778701980.98705292 -1.91947166 2.61290896 2.39913528 -0.32197101 -0.52151027 0.66894921 -0.42055756
1778701980.99731970 -1.91947166 2.61290896 2.39913528 -0.32197101 -0.52151027 0.66894921 -0.42055756
1778701981.00768805 -1.91947166 2.61290896 2.39913528 -0.32197101 -0.52151027 0.66894921 -0.42055756
1778701981.01798344 -1.91947166 2.61290896 2.39913528 -0.32197101 -0.52151027 0.66894921 -0.42055756
1778701981.02828479 -1.91947166 2.61290896 2.39913528 -0.32197101 -0.52151027 0.66894921 -0.42055756
1778701981.02845836 -1.91947166 2.61290896 2.39913528 -0.32197101 -0.52151027 0.66894921 -0.42055756
1778701981.03861284 -1.91947166 2.61290896 2.39913528 -0.32197101 -0.52151027 0.66894921 -0.42055756
1778701981.04889846 -1.91947166 2.61290896 2.39913528 -0.32197101 -0.52151027 0.66894921 -0.42055756
1778701981.05918789 -1.91947166 2.61290896 2.39913528 -0.32197101 -0.52151027 0.66894921 -0.42055756
1778701981.06941295 -1.91947166 2.61290896 2.39913528 -0.32197101 -0.52151027 0.66894921 -0.42055756
1778701981.07969022 -1.91947166 2.61290896 2.39913528 -0.32197101 -0.52151027 0.66894921 -0.42055756
1778701981.08998179 -1.91947166 2.61290896 2.39913528 -0.32197101 -0.52151027 0.66894921 -0.42055756
1778701981.10025620 -1.91947166 2.61290896 2.39913528 -0.32197101 -0.52151027 0.66894921 -0.42055756
1778701981.11055255 -1.91947166 2.61290896 2.39913528 -0.32197101 -0.52151027 0.66894921 -0.42055756
1778701981.12088680 -1.91947166 2.61290896 2.39913528 -0.32197101 -0.52151027 0.66894921 -0.42055756
1778701981.13114095 -1.91947166 2.61290896 2.39913528 -0.32197101 -0.52151027 0.66894921 -0.42055756
1778701981.13132119 -1.91947166 2.61290896 2.39913528 -0.32197101 -0.52151027 0.66894921 -0.42055756
1778701981.14143896 -1.91947166 2.61290896 2.39913528 -0.32197101 -0.52151027 0.66894921 -0.42055756
1778701981.15176153 -1.91947166 2.61290896 2.39913528 -0.32197101 -0.52151027 0.66894921 -0.42055756
1778701981.16202450 -1.91947166 2.61290896 2.39913528 -0.32197101 -0.52151027 0.66894921 -0.42055756
1778701981.17229366 -1.91947166 2.61290896 2.39913528 -0.32197101 -0.52151027 0.66894921 -0.42055756
1778701981.18260479 -1.91947166 2.61290896 2.39913528 -0.32197101 -0.52151027 0.66894921 -0.42055756
1778701981.19286275 -1.91947166 2.61290896 2.39913528 -0.32197101 -0.52151027 0.66894921 -0.42055756
1778701981.20313907 -1.91947166 2.61290896 2.39913528 -0.32197101 -0.52151027 0.66894921 -0.42055756
1778701981.21341610 -1.91947166 2.61290896 2.39913528 -0.32197101 -0.52151027 0.66894921 -0.42055756
1778701981.22369933 -1.91947166 2.61290896 2.39913528 -0.32197101 -0.52151027 0.66894921 -0.42055756
1778701981.23396301 -1.91947166 2.61290896 2.39913528 -0.32197101 -0.52151027 0.66894921 -0.42055756
1778701981.24427319 -1.91947166 2.61290896 2.39913528 -0.32197101 -0.52151027 0.66894921 -0.42055756
1778701981.25458050 -1.91947166 2.61290896 2.39913528 -0.32197101 -0.52151027 0.66894921 -0.42055756
1778701981.26493144 -1.91947166 2.61290896 2.39913528 -0.32197101 -0.52151027 0.66894921 -0.42055756
1778701981.27541828 -1.91947166 2.61290896 2.39913528 -0.32197101 -0.52151027 0.66894921 -0.42055756
1778701981.27567244 -1.91947166 2.61290896 2.39913528 -0.32197101 -0.52151027 0.66894921 -0.42055756
1778701981.28571248 -1.91947166 2.61290896 2.39913528 -0.32197101 -0.52151027 0.66894921 -0.42055756
1778701981.29598379 -1.91947166 2.61290896 2.39913528 -0.32197101 -0.52151027 0.66894921 -0.42055756
1778701981.30628347 -1.91947166 2.61290896 2.39913528 -0.32197101 -0.52151027 0.66894921 -0.42055756
1778701981.31651473 -1.91947166 2.61290896 2.39913528 -0.32197101 -0.52151027 0.66894921 -0.42055756
1778701981.32677317 -1.91947166 2.61290896 2.39913528 -0.32197101 -0.52151027 0.66894921 -0.42055756
1778701981.33704329 -1.91947166 2.61290896 2.39913528 -0.32197101 -0.52151027 0.66894921 -0.42055756
1778701981.34736109 -1.91947166 2.61290896 2.39913528 -0.32197101 -0.52151027 0.66894921 -0.42055756
1778701981.35767341 -1.91947166 2.61290896 2.39913528 -0.32197101 -0.52151027 0.66894921 -0.42055756
1778701981.36793494 -1.91947166 2.61290896 2.39913528 -0.32197101 -0.52151027 0.66894921 -0.42055756
1778701981.37822628 -1.91947166 2.61290896 2.39913528 -0.32197101 -0.52151027 0.66894921 -0.42055756
1778701981.37856197 -1.91947166 2.61290896 2.39913528 -0.32197101 -0.52151027 0.66894921 -0.42055756
1778701981.38865876 -1.91947166 2.61290896 2.39913528 -0.32197101 -0.52151027 0.66894921 -0.42055756
1778701981.39894629 -1.91947166 2.61290896 2.39913528 -0.32197101 -0.52151027 0.66894921 -0.42055756
1778701981.40925741 -1.91947166 2.61290896 2.39913528 -0.32197101 -0.52151027 0.66894921 -0.42055756
1778701981.41956472 -1.91947166 2.61290896 2.39913528 -0.32197101 -0.52151027 0.66894921 -0.42055756
1778701981.42988038 -1.91947166 2.61290896 2.39913528 -0.32197101 -0.52151027 0.66894921 -0.42055756
1778701981.44021225 -1.91947166 2.61290896 2.39913528 -0.32197101 -0.52151027 0.66894921 -0.42055756
1778701981.45048499 -1.91947166 2.61290896 2.39913528 -0.32197101 -0.52151027 0.66894921 -0.42055756
1778701981.46074510 -1.91947166 2.61290896 2.39913528 -0.32197101 -0.52151027 0.66894921 -0.42055756
1778701981.47107077 -1.91947166 2.61290896 2.39913528 -0.32197101 -0.52151027 0.66894921 -0.42055756
1778701981.51219678 -1.91947166 2.61290896 2.39913528 -0.32197101 -0.52151027 0.66894921 -0.42055756
1778701981.51240134 -1.91947166 2.61290896 2.39913528 -0.32197101 -0.52151027 0.66894921 -0.42055756
1778701981.52250648 -1.91947166 2.61290896 2.39913528 -0.32197101 -0.52151027 0.66894921 -0.42055756
1778701981.53294444 -1.91947166 2.61290896 2.39913528 -0.32197101 -0.52151027 0.66894921 -0.42055756
1778701981.54325223 -1.91947166 2.61290896 2.39913528 -0.32197101 -0.52151027 0.66894921 -0.42055756
1778701981.55349827 -1.91947166 2.61290896 2.39913528 -0.32197101 -0.52151027 0.66894921 -0.42055756
1778701981.55368090 -1.91947166 2.61290896 2.39913528 -0.32197101 -0.52151027 0.66894921 -0.42055756
1778701981.56413221 -1.91947166 2.61290896 2.39913528 -0.32197101 -0.52151027 0.66894921 -0.42055756
1778701981.57490921 -1.91947166 2.61290896 2.39913528 -0.32197101 -0.52151027 0.66894921 -0.42055756
1778701981.58549333 -1.91947166 2.61290896 2.39913528 -0.32197101 -0.52151027 0.66894921 -0.42055756
1778701981.59590650 -1.91947166 2.61290896 2.39913528 -0.32197101 -0.52151027 0.66894921 -0.42055756
1778701981.60623860 -1.91947166 2.61290896 2.39913528 -0.32197101 -0.52151027 0.66894921 -0.42055756
1778701981.61660480 -1.91947166 2.61290896 2.39913528 -0.32197101 -0.52151027 0.66894921 -0.42055756
1778701981.62692046 -1.91947166 2.61290896 2.39913528 -0.32197101 -0.52151027 0.66894921 -0.42055756
1778701981.63724566 -1.91947166 2.61290896 2.39913528 -0.32197101 -0.52151027 0.66894921 -0.42055756
1778701981.64751434 -1.91947166 2.61290896 2.39913528 -0.32197101 -0.52151027 0.66894921 -0.42055756
1778701981.64770389 -1.91947166 2.61290896 2.39913528 -0.32197101 -0.52151027 0.66894921 -0.42055756
1778701981.65781331 -1.91947166 2.61290896 2.39913528 -0.32197101 -0.52151027 0.66894921 -0.42055756
1778701981.66808629 -1.91947166 2.61290896 2.39913528 -0.32197101 -0.52151027 0.66894921 -0.42055756
1778701981.67839861 -1.91947166 2.61290896 2.39913528 -0.32197101 -0.52151027 0.66894921 -0.42055756
1778701981.67858243 -1.91947166 2.61290896 2.39913528 -0.32197101 -0.52151027 0.66894921 -0.42055756
1778701981.68870592 -1.91947166 2.61290896 2.39913528 -0.32197101 -0.52151027 0.66894921 -0.42055756
1778701981.69904494 -1.91947166 2.61290896 2.39913528 -0.32197101 -0.52151027 0.66894921 -0.42055756
1778701981.70934391 -1.91947166 2.61290896 2.39913528 -0.32197101 -0.52151027 0.66894921 -0.42055756
1778701981.71963787 -1.91947166 2.61290896 2.39913528 -0.32197101 -0.52151027 0.66894921 -0.42055756
1778701981.72994661 -1.91947166 2.61290896 2.39913528 -0.32197101 -0.52151027 0.66894921 -0.42055756
1778701981.74026966 -1.91947166 2.61290896 2.39913528 -0.32197101 -0.52151027 0.66894921 -0.42055756
1778701981.75060534 -1.91947166 2.61290896 2.39913528 -0.32197101 -0.52151027 0.66894921 -0.42055756
1778701981.76092720 -1.91947166 2.61290896 2.39913528 -0.32197101 -0.52151027 0.66894921 -0.42055756
1778701981.77122617 -1.91947166 2.61290896 2.39913528 -0.32197101 -0.52151027 0.66894921 -0.42055756
1778701981.78151274 -1.91947166 2.61290896 2.39913528 -0.32197101 -0.52151027 0.66894921 -0.42055756
1778701981.79180813 -1.91947166 2.61290896 2.39913528 -0.32197101 -0.52151027 0.66894921 -0.42055756
1778701981.80212331 -1.91947166 2.61290896 2.39913528 -0.32197101 -0.52151027 0.66894921 -0.42055756
1778701981.81238985 -1.91947166 2.61290896 2.39913528 -0.32197101 -0.52151027 0.66894921 -0.42055756
1778701981.82267737 -1.91947166 2.61290896 2.39913528 -0.32197101 -0.52151027 0.66894921 -0.42055756
1778701981.82283044 -1.91947166 2.61290896 2.39913528 -0.32197101 -0.52151027 0.66894921 -0.42055756
1778701981.83294249 -1.91947166 2.61290896 2.39913528 -0.32197101 -0.52151027 0.66894921 -0.42055756
1778701981.84330511 -1.91947166 2.61290896 2.39913528 -0.32197101 -0.52151027 0.66894921 -0.42055756
1778701981.85361648 -1.91947166 2.61290896 2.39913528 -0.32197101 -0.52151027 0.66894921 -0.42055756
1778701981.86392713 -1.91947166 2.61290896 2.39913528 -0.32197101 -0.52151027 0.66894921 -0.42055756
1778701981.87417459 -1.91947166 2.61290896 2.39913528 -0.32197101 -0.52151027 0.66894921 -0.42055756
1778701981.88448501 -1.91947166 2.61290896 2.39913528 -0.32197101 -0.52151027 0.66894921 -0.42055756
1778701981.89481711 -1.91947166 2.61290896 2.39913528 -0.32197101 -0.52151027 0.66894921 -0.42055756
1778701981.90506458 -1.91947166 2.61290896 2.39913528 -0.32197101 -0.52151027 0.66894921 -0.42055756
1778701981.91534019 -1.91947166 2.61290896 2.39913528 -0.32197101 -0.52151027 0.66894921 -0.42055756
1778701981.92566109 -1.91947166 2.61290896 2.39913528 -0.32197101 -0.52151027 0.66894921 -0.42055756
1778701981.93599176 -1.91947166 2.61290896 2.39913528 -0.32197101 -0.52151027 0.66894921 -0.42055756
1778701981.94632339 -1.91947166 2.61290896 2.39913528 -0.32197101 -0.52151027 0.66894921 -0.42055756
1778701981.95660639 -1.91947166 2.61290896 2.39913528 -0.32197101 -0.52151027 0.66894921 -0.42055756
1778701981.96696424 -1.91947166 2.61290896 2.39913528 -0.32197101 -0.52151027 0.66894921 -0.42055756
1778701981.97727036 -1.91947166 2.61290896 2.39913528 -0.32197101 -0.52151027 0.66894921 -0.42055756
1778701981.98757529 -1.91947166 2.61290896 2.39913528 -0.32197101 -0.52151027 0.66894921 -0.42055756
1778701981.99784303 -1.91947166 2.61290896 2.39913528 -0.32197101 -0.52151027 0.66894921 -0.42055756
1778701982.00814748 -1.91947166 2.61290896 2.39913528 -0.32197101 -0.52151027 0.66894921 -0.42055756
1778701982.01847100 -1.91947166 2.61290896 2.39913528 -0.32197101 -0.52151027 0.66894921 -0.42055756
1778701982.02869773 -1.91947166 2.61290896 2.39913528 -0.32197101 -0.52151027 0.66894921 -0.42055756
1778701982.03895426 -1.91947166 2.61290896 2.39913528 -0.32197101 -0.52151027 0.66894921 -0.42055756
1778701982.04927349 -1.91947166 2.61290896 2.39913528 -0.32197101 -0.52151027 0.66894921 -0.42055756
1778701982.05948830 -1.91947166 2.61290896 2.39913528 -0.32197101 -0.52151027 0.66894921 -0.42055756
1778701982.06975770 -1.44904615 2.52982160 2.28010842 -0.31011430 -0.53276599 0.66822575 -0.41648994
1778701982.08005190 -1.44444464 2.53353094 2.27380719 -0.30991139 -0.53231225 0.66891026 -0.41612217
1778701982.09036922 -1.43872724 2.53808080 2.26743816 -0.30839937 -0.53208454 0.66997844 -0.41581818
1778701982.10073948 -1.42727455 2.54316362 2.26363168 -0.30731361 -0.53196161 0.67128604 -0.41466884
1778701982.11106086 -1.41378575 2.55091116 2.25961879 -0.30754656 -0.53126099 0.67268949 -0.41311708
1778701982.12129283 -1.40769790 2.55507885 2.25360684 -0.30542348 -0.53126521 0.67382135 -0.41284205
1778701982.13156962 -1.39240464 2.56287017 2.24886179 -0.30494915 -0.53074106 0.67546107 -0.41118401
1778701982.14186287 -1.38674135 2.56547016 2.24545851 -0.30338810 -0.53088601 0.67629897 -0.41077415
1778701982.15211201 -1.37321609 2.57481985 2.23747406 -0.30323647 -0.52991426 0.67798170 -0.40936455
1778701982.16236663 -1.36264510 2.57926495 2.23363504 -0.30101495 -0.53012762 0.67933419 -0.40848471
1778701982.17269993 -1.35434669 2.58441488 2.22869607 -0.29984851 -0.52988065 0.68047729 -0.40775977
1778701982.17289233 -1.35184780 2.58639341 2.22660597 -0.29968739 -0.52968586 0.68083619 -0.40753214
1778701982.18297720 -1.34280187 2.58975714 2.22385374 -0.29873830 -0.52970286 0.68180585 -0.40658466
1778701982.19323087 -1.33170543 2.59806528 2.21498755 -0.29787620 -0.52890900 0.68340963 -0.40555680
1778701982.20357537 -1.31832803 2.60215110 2.21242520 -0.29629145 -0.52915263 0.68474634 -0.40414270
1778701982.21384859 -1.31188139 2.60501256 2.20833730 -0.29577949 -0.52899991 0.68550368 -0.40343314
1778701982.22433543 -1.29199388 2.61142269 2.20637886 -0.29453732 -0.52909291 0.68729438 -0.40116692
1778701982.23462605 -1.26475436 2.62071942 2.20407351 -0.29567142 -0.52840082 0.68939536 -0.39762422
1778701982.24491954 -1.25875736 2.62168241 2.20171521 -0.29397806 -0.52884780 0.69007796 -0.39710114
1778701982.24507046 -1.25458100 2.62143408 2.20264406 -0.29373828 -0.52911674 0.69029815 -0.39653721
1778701982.25522447 -1.24827300 2.62189658 2.20087375 -0.29259672 -0.52952165 0.69087426 -0.39583676
1778701982.26567054 -1.23406162 2.62455988 2.19901477 -0.29212429 -0.52970333 0.69196428 -0.39403454
1778701982.27608705 -1.21986989 2.62968338 2.19442200 -0.29131705 -0.52956108 0.69333468 -0.39241108
1778701982.28638744 -1.21111163 2.63308779 2.19029476 -0.28956802 -0.52970606 0.69440468 -0.39161716
1778701982.29673791 -1.20014517 2.63530373 2.18721047 -0.28850459 -0.52994702 0.69536833 -0.39036411
1778701982.30711842 -1.18968047 2.63845398 2.18264927 -0.28678843 -0.53015480 0.69649870 -0.38933000
1778701982.31750274 -1.17605124 2.64718743 2.17271902 -0.28457955 -0.52959887 0.69845218 -0.38820622
1778701982.32785916 -1.16974502 2.65162951 2.16575649 -0.28244153 -0.52947185 0.69959910 -0.38787554
1778701982.33824468 -1.16115109 2.65235003 2.16265019 -0.28099338 -0.52990331 0.70037074 -0.38694449
1778701982.34858251 -1.14896162 2.65390957 2.16010487 -0.27944912 -0.53036343 0.70139607 -0.38557279
1778701982.35889935 -1.14552999 2.65314166 2.15758948 -0.27813651 -0.53081412 0.70174080 -0.38527431
1778701982.35931349 -1.14302619 2.65376954 2.15633331 -0.27708440 -0.53102426 0.70208862 -0.38510913
1778701982.36941147 -1.13561183 2.65562387 2.15268712 -0.27690799 -0.53090074 0.70272675 -0.38424144
1778701982.37975574 -1.13078063 2.65508347 2.14873065 -0.27524953 -0.53138218 0.70325310 -0.38380430
1778701982.39013433 -1.12242446 2.65764127 2.14256760 -0.27444120 -0.53122042 0.70415169 -0.38295859
1778701982.40050936 -1.11732817 2.65824606 2.13884541 -0.27351089 -0.53134711 0.70467947 -0.38247730
1778701982.40070343 -1.11846747 2.65770981 2.13712434 -0.27271247 -0.53150721 0.70472972 -0.38273231
1778701982.41080928 -1.11466414 2.65665608 2.13492051 -0.27199654 -0.53182534 0.70499208 -0.38231643
1778701982.42111778 -1.10326646 2.66051843 2.12831501 -0.26989799 -0.53182769 0.70634880 -0.38129485
1778701982.43144250 -1.10260288 2.65936833 2.12224226 -0.26810400 -0.53210104 0.70669278 -0.38154166
1778701982.44172788 -1.09825281 2.65973827 2.11834122 -0.26692903 -0.53224538 0.70720673 -0.38121174
1778701982.45199275 -1.09798956 2.65852529 2.11241691 -0.26495179 -0.53257200 0.70753633 -0.38152321
1778701982.46231341 -1.09507104 2.65781938 2.10715098 -0.26363484 -0.53276193 0.70795244 -0.38139839
1778701982.47268891 -1.09651601 2.65549908 2.10379027 -0.26244581 -0.53312447 0.70793571 -0.38174276
1778701982.47287416 -1.09239136 2.65712198 2.10190487 -0.26231386 -0.53296111 0.70834373 -0.38130441
1778701982.48299623 -1.08674463 2.65765056 2.09851534 -0.26202185 -0.53292739 0.70880788 -0.38068928
1778701982.49332118 -1.08293434 2.65521439 2.09587912 -0.26192745 -0.53320047 0.70889453 -0.38021023
1778701982.50363827 -1.08221848 2.65298757 2.09179397 -0.26109039 -0.53349954 0.70895511 -0.38025346
1778701982.51389503 -1.08012353 2.64815146 2.09387651 -0.26411064 -0.53352815 0.70820926 -0.37951671
1778701982.52430248 -1.08525203 2.64308412 2.09114848 -0.26542689 -0.53360770 0.70739507 -0.38000474
1778701982.53458452 -1.09713182 2.63603777 2.08710196 -0.26612764 -0.53383120 0.70618799 -0.38144312
1778701982.54484916 -1.09415393 2.63784239 2.08138684 -0.26596029 -0.53346421 0.70660949 -0.38129265
1778701982.55512166 -1.11545409 2.62643871 2.07841551 -0.26701424 -0.53397733 0.70445226 -0.38382107
1778701982.56538463 -1.09255776 2.63813186 2.06889025 -0.26448432 -0.53329925 0.70706747 -0.38170086
1778701982.57566667 -1.06875006 2.64869857 2.06083439 -0.26034504 -0.53325348 0.70977855 -0.37957292
1778701982.58597302 -1.06589446 2.64922059 2.05708016 -0.25993351 -0.53323953 0.71003157 -0.37940130
1778701982.59633303 -1.07277790 2.64308984 2.05567151 -0.26099426 -0.53361469 0.70894570 -0.38017542
1778701982.60662746 -1.07283859 2.63822931 2.05555298 -0.26066638 -0.53439487 0.70846588 -0.38019896
1778701982.61689806 -1.07552828 2.63330102 2.05560718 -0.25979705 -0.53523706 0.70792250 -0.38062123
1778701982.62720084 -1.10724561 2.61176804 2.06049704 -0.26140716 -0.53707151 0.70404507 -0.38411069
1778701982.63746190 -1.11455385 2.60085792 2.06410379 -0.26220908 -0.53832176 0.70243140 -0.38476774
1778701982.64774370 -1.10014986 2.60615668 2.05993703 -0.25956456 -0.53852088 0.70395760 -0.38349080
1778701982.64792991 -1.05786951 2.62618209 2.05395001 -0.25415077 -0.53813515 0.70857443 -0.37913088
1778701982.65806127 -1.06110283 2.62080484 2.05459432 -0.25439128 -0.53876085 0.70781688 -0.37949583
1778701982.66831040 -1.09296693 2.59906447 2.05976441 -0.25752282 -0.54021110 0.70375987 -0.38285247
1778701982.67857480 -1.06867171 2.60680313 2.05594337 -0.25407940 -0.54057598 0.70603774 -0.38043657
1778701982.68884325 -1.04562833 2.61455491 2.05267242 -0.25053383 -0.54092427 0.70827905 -0.37811971
1778701982.69909096 -1.03338692 2.61522714 2.05101399 -0.24780664 -0.54173906 0.70922561 -0.37697440
1778701982.70932484 -1.03325413 2.60729530 2.05472830 -0.24691939 -0.54316755 0.70845881 -0.37694289
1778701982.71958017 -1.03144521 2.60330931 2.05569135 -0.24511138 -0.54420180 0.70831927 -0.37689338
1778701982.72995615 -1.03018914 2.59585696 2.05913732 -0.24212717 -0.54606899 0.70788320 -0.37694093
