1779473487.55095196 0.32781189 1.96809497 -0.28109234 0.64674850 0.22438279 -0.30603826 0.66159605
1779473487.58429384 0.32659782 1.96761300 -0.29394526 0.64442737 0.22336110 -0.30630139 0.66408030
1779473487.61763549 0.32334363 1.96385577 -0.31196650 0.64116105 0.22247251 -0.30691877 0.66724760
1779473487.65097713 0.32361958 1.96396499 -0.32275201 0.63922833 0.22159532 -0.30745873 0.66914257
1779473487.68431830 0.32094791 1.96167160 -0.33300131 0.63718593 0.22132076 -0.30748715 0.67116530
1779473487.71765995 0.32059404 1.96039130 -0.34033687 0.63585026 0.22080986 -0.30774042 0.67248292
1779473487.75100136 0.31903301 1.95958468 -0.34690916 0.63464414 0.22048589 -0.30805247 0.67358479
1779473487.78434324 0.31757267 1.95943313 -0.35033450 0.63408461 0.22022282 -0.30772144 0.67434867
1779473487.81768489 0.31484608 1.95871669 -0.35273515 0.63365955 0.22010488 -0.30690526 0.67515819
1779473487.85102630 0.31390956 1.95933784 -0.35286092 0.63373217 0.21949382 -0.30657901 0.67543713
1779473487.88436699 0.31352648 1.95634797 -0.35933852 0.63271047 0.21817505 -0.30541053 0.67734889
1779473487.91770816 0.31078046 1.95626938 -0.36395049 0.63201225 0.21725529 -0.30420355 0.67883787
1779473487.95104980 0.31031484 1.95695519 -0.36688061 0.63173141 0.21570790 -0.30264213 0.68028910
1779473487.98439145 0.30867908 1.95388095 -0.37426442 0.63079281 0.21376950 -0.30137823 0.68232997
1779473488.01773286 0.31241967 1.95472599 -0.37718650 0.63084873 0.21107045 -0.29961151 0.68389480
1779473488.05107474 0.31470742 1.95370225 -0.38055102 0.63077116 0.20815686 -0.29719754 0.68590967
1779473488.08441615 0.31617606 1.95173504 -0.38795766 0.63036544 0.20519271 -0.29465390 0.68826917
1779473488.11775756 0.32819553 1.95907762 -0.38238114 0.63204177 0.20102956 -0.29011904 0.68988496
1779473488.15109921 0.32795600 1.95622618 -0.39009788 0.63107526 0.19846488 -0.28863261 0.69213216
1779473488.18444061 0.32407219 1.95245855 -0.39794151 0.62971887 0.19720272 -0.28748280 0.69420377
1779473488.21778250 0.32963033 1.95396606 -0.39698087 0.63008855 0.19542888 -0.28624175 0.69488246
1779473488.25112391 0.32627614 1.95167333 -0.40295530 0.62908602 0.19532186 -0.28629623 0.69579783
1779473488.28446555 0.32714868 1.95205048 -0.40370081 0.62899436 0.19517603 -0.28686072 0.69568911
1779473488.31780624 0.32745029 1.95095976 -0.40615821 0.62876478 0.19535555 -0.28734959 0.69564450
1779473488.35114765 0.32042283 1.94547996 -0.41450447 0.62702587 0.19663383 -0.28965995 0.69589568
1779473488.38448906 0.32811521 1.95324045 -0.40496497 0.62856862 0.19626550 -0.28916390 0.69481335
1779473488.41783047 0.33103321 1.95195605 -0.40555697 0.62851282 0.19609009 -0.28961193 0.69472674
1779473488.45117211 0.33443552 1.95338891 -0.40147057 0.62927843 0.19585068 -0.28943686 0.69417395
1779473488.48451400 0.33211315 1.95213509 -0.40102032 0.62954960 0.19605278 -0.28987399 0.69368846
1779473488.51785564 0.33141671 1.95279720 -0.39938790 0.63003314 0.19581701 -0.28942935 0.69350169
1779473488.55119705 0.33407074 1.95371790 -0.39617073 0.63061647 0.19501505 -0.28817605 0.69371937
1779473488.58453798 0.33342007 1.95485496 -0.39610133 0.63075335 0.19474135 -0.28781826 0.69382035
1779473488.61787915 0.32459958 1.94588157 -0.40942834 0.62846171 0.19526512 -0.28883057 0.69533037
1779473488.65122008 0.31892798 1.94213039 -0.41714048 0.62707307 0.19552617 -0.28981132 0.69610220
1779473488.68456101 0.33361803 1.95135032 -0.40533706 0.62908257 0.19337555 -0.28720225 0.69597118
1779473488.71790195 0.33272254 1.94821792 -0.41157794 0.62818692 0.19283144 -0.28802792 0.69658965
1779473488.75124216 0.33861702 1.95155353 -0.40848393 0.62876584 0.19166222 -0.28725851 0.69670773
1779473488.78458309 0.33954142 1.94862510 -0.41222760 0.62832348 0.19075253 -0.28727494 0.69734940
1779473488.81792402 0.34948026 1.95264512 -0.40531022 0.62966103 0.18891723 -0.28554485 0.69735315
1779473488.85126495 0.34339918 1.95245153 -0.40682687 0.62953694 0.18957125 -0.28505327 0.69748879
1779473488.88460588 0.32696942 1.94339286 -0.41880884 0.62749014 0.19133006 -0.28625662 0.69835956
1779473488.91794682 0.33427394 1.95287116 -0.40285034 0.62994396 0.19070661 -0.28289597 0.69769009
1779473488.95128775 0.33048718 1.95373612 -0.39922725 0.63036555 0.19181916 -0.28221174 0.69728130
1779473488.98462868 0.32399249 1.95483981 -0.39551599 0.63080185 0.19342391 -0.28176152 0.69662519
1779473489.01796937 0.32606282 1.95508003 -0.39126998 0.63169330 0.19379097 -0.28243046 0.69544350
1779473489.05131054 0.32890076 1.95669274 -0.38227062 0.63333731 0.19420727 -0.28257780 0.69377027
1779473489.08465147 0.33330808 1.95860181 -0.37237305 0.63530447 0.19436283 -0.28256238 0.69193195
1779473489.11799240 0.33957134 1.95961389 -0.36238298 0.63739399 0.19413762 -0.28337401 0.68973811
1779473489.15133333 0.33541010 1.95311356 -0.36415817 0.63771468 0.19516387 -0.28649362 0.68786078
1779473489.18467379 0.33917570 1.95387017 -0.35765057 0.63918637 0.19514321 -0.28666616 0.68642728
1779473489.21801400 0.35657041 1.96233937 -0.33591491 0.64305166 0.19344696 -0.28357743 0.68457774
1779473489.25135469 0.35800179 1.96242366 -0.33320698 0.64348043 0.19355326 -0.28399783 0.68397025
1779473489.28469563 0.35670972 1.96308356 -0.33171366 0.64361997 0.19464783 -0.28439380 0.68336354
1779473489.31803656 0.35646542 1.96387296 -0.32843818 0.64412578 0.19586113 -0.28508663 0.68225069
1779473489.35137749 0.35761672 1.96368793 -0.32674391 0.64413829 0.19682454 -0.28670244 0.68128385
1779473489.38471818 0.36179772 1.96403251 -0.32580435 0.64449111 0.19738847 -0.28803735 0.68022311
1779473489.41805935 0.34712596 1.95641743 -0.33545020 0.64259500 0.20059270 -0.29325102 0.67885055
1779473489.45140004 0.34735575 1.95611814 -0.33688834 0.64238563 0.20161811 -0.29559891 0.67772570
1779473489.48474097 0.35145661 1.95544794 -0.33827569 0.64222326 0.20185759 -0.29701079 0.67719081
1779473489.51808190 0.35407748 1.95522230 -0.34076446 0.64179327 0.20210410 -0.29875900 0.67675578
1779473489.55142283 0.35359908 1.95288351 -0.34633076 0.64061546 0.20257295 -0.30067284 0.67688394
1779473489.58476472 0.35166583 1.95239401 -0.34946343 0.63985774 0.20353654 -0.30207279 0.67668824
1779473489.61810708 0.36884075 1.96117642 -0.33576498 0.64236025 0.20226418 -0.29999561 0.67562205
1779473489.65144849 0.37457443 1.96001051 -0.33426655 0.64275141 0.20214419 -0.30078055 0.67493660
1779473489.68479061 0.36457368 1.95191039 -0.34390181 0.64075463 0.20393408 -0.30478530 0.67450005
1779473489.71813273 0.36776618 1.95198494 -0.34295742 0.64102293 0.20407751 -0.30601760 0.67364323
1779473489.75147533 0.39639672 1.96399673 -0.32504825 0.64477773 0.20109172 -0.30247258 0.67255791
1779473489.78481746 0.40211226 1.96460795 -0.32552843 0.64472237 0.20056307 -0.30368466 0.67222254
1779473489.81815982 0.40099551 1.96308529 -0.32932375 0.64424691 0.20094345 -0.30562538 0.67168503
1779473489.85150194 0.40421756 1.96255620 -0.32982075 0.64419910 0.20081415 -0.30638085 0.67142533
1779473489.88484430 0.40571030 1.95879065 -0.33391564 0.64345898 0.20053662 -0.30753557 0.67169001
1779473489.91818690 0.40805861 1.96293421 -0.33009396 0.64428303 0.20082059 -0.30887378 0.67019957
1779473489.95152903 0.39066850 1.94653155 -0.35113721 0.64038351 0.20252943 -0.31374469 0.67115949
1779473489.98487163 0.39599977 1.94706820 -0.35046657 0.64063812 0.20193990 -0.31441312 0.67078124
1779473490.01821375 0.39174986 1.94310658 -0.35537564 0.63976118 0.20242065 -0.31621352 0.67062696
1779473490.05155611 0.40418239 1.94720053 -0.34665096 0.64133400 0.20074888 -0.31445424 0.67045442
1779473490.08489776 0.40562484 1.94684247 -0.34576351 0.64167069 0.20030134 -0.31462588 0.67018554
1779473490.11823988 0.39986551 1.94356642 -0.35126149 0.64111321 0.20051917 -0.31609686 0.66996171
1779473490.15158224 0.40016958 1.94550190 -0.34733571 0.64207636 0.20022886 -0.31566199 0.66933091
1779473490.18492484 0.40076547 1.94649613 -0.34198682 0.64329667 0.19985347 -0.31498260 0.66859101
1779473490.21826720 0.40102659 1.94781393 -0.33838075 0.64428103 0.19938086 -0.31454858 0.66798834
1779473490.25160956 0.40936115 1.94495624 -0.33263881 0.64532175 0.19770309 -0.31248978 0.66844855
1779473490.28495193 0.41088144 1.94604554 -0.32645662 0.64684992 0.19695529 -0.31163844 0.66758916
1779473490.31829429 0.40613946 1.95454435 -0.31368275 0.64890408 0.19740719 -0.31039950 0.66603757
1779473490.35163689 0.40633333 1.95517592 -0.30894293 0.65002124 0.19685946 -0.30961765 0.66547401
1779473490.38497901 0.40606615 1.95564079 -0.30494163 0.65098337 0.19633955 -0.30876345 0.66508388
1779473490.41832185 0.40750329 1.95532369 -0.30223444 0.65179550 0.19553054 -0.30827345 0.66475403
1779473490.45166373 0.41689112 1.94799285 -0.30478674 0.65163196 0.19319847 -0.30626906 0.66652037
1779473490.48500633 0.41510740 1.94896139 -0.30427533 0.65203142 0.19209947 -0.30448712 0.66726337
1779473490.51834917 0.41171852 1.94835211 -0.30638214 0.65231018 0.18886101 -0.30087743 0.66954889
1779473490.55169010 0.38642410 1.95423092 -0.30968296 0.65272444 0.18689226 -0.29615947 0.67179734
1779473490.58503175 0.40869054 1.95082103 -0.29871946 0.65569987 0.17607794 -0.28298212 0.67747720
1779473490.61837244 0.40670045 1.95190372 -0.29224865 0.65829237 0.16736092 -0.27198403 0.68166426
1779473490.65171361 0.40281160 1.95396216 -0.28598898 0.66076370 0.15803779 -0.25880633 0.68661101
1779473490.68505478 0.39304164 1.95612908 -0.28123670 0.66257775 0.14913067 -0.24498930 0.69190391
1779473490.71839547 0.38295777 1.95913576 -0.27810119 0.66395595 0.14097838 -0.23123054 0.69700791
1779473490.75173664 0.37043476 1.96144231 -0.27465840 0.66512625 0.13481668 -0.22008223 0.70071061
1779473490.78507733 0.36131665 1.96293748 -0.27163389 0.66612616 0.12944366 -0.21111423 0.70352758
1779473490.81841850 0.36040205 1.96488166 -0.26726486 0.66703248 0.12439724 -0.20301583 0.70595861
1779473490.85175920 0.35380041 1.96571908 -0.26441826 0.66770397 0.12155284 -0.19786297 0.70728110
1779473490.88510036 0.34976490 1.96603855 -0.26172444 0.66829420 0.11978439 -0.19485948 0.70785898
1779473490.91844106 0.35392461 1.96721350 -0.25798173 0.66903386 0.11812937 -0.19291502 0.70797100
1779473490.95178223 0.35115177 1.96726145 -0.25449246 0.66966166 0.11867134 -0.19299766 0.70726394
1779473490.98512220 0.35087180 1.96711553 -0.25017915 0.67045886 0.11944299 -0.19413896 0.70606540
1779473491.01846313 0.35742340 1.96809471 -0.24576389 0.67124883 0.11925081 -0.19471804 0.70518730
1779473491.05180430 0.35621857 1.96786161 -0.24252752 0.67180698 0.12028034 -0.19594911 0.70413917
1779473491.08514500 0.35538235 1.96764653 -0.23933564 0.67239821 0.12107198 -0.19700727 0.70314320
1779473491.11848593 0.35316202 1.96718230 -0.23758141 0.67266089 0.12187862 -0.19825709 0.70240092
1779473491.15182686 0.36095989 1.96883260 -0.23254974 0.67359793 0.12112768 -0.19739130 0.70187648
1779473491.18516779 0.35825931 1.96878098 -0.23151778 0.67379689 0.12188179 -0.19784413 0.70142731
1779473491.21850872 0.35738645 1.96800833 -0.23177046 0.67384330 0.12187747 -0.19823053 0.70127437
1779473491.25184965 0.35385460 1.96654968 -0.23306182 0.67361216 0.12203560 -0.19898913 0.70125409
1779473491.28519034 0.35261740 1.96560025 -0.23356196 0.67361992 0.12208622 -0.19954843 0.70107887
1779473491.31853127 0.36327273 1.96862031 -0.22775582 0.67462282 0.12043925 -0.19763090 0.70094255
1779473491.35187221 0.36252763 1.96872282 -0.22778367 0.67467242 0.12022615 -0.19720741 0.70105067
1779473491.38521314 0.36128890 1.96829266 -0.22737658 0.67492127 0.12020168 -0.19725430 0.70080210
1779473491.41855264 0.36224907 1.96899242 -0.22530193 0.67520236 0.12013746 -0.19701602 0.70060934
1779473491.45189357 0.35942371 1.96842003 -0.22624867 0.67511756 0.12061475 -0.19732931 0.70052088
1779473491.48523474 0.35728191 1.96785289 -0.22781675 0.67495962 0.12109341 -0.19784400 0.70044532
1779473491.51857543 0.35350752 1.96791944 -0.22837983 0.67492378 0.12207703 -0.19806003 0.70024804
1779473491.55191636 0.35734269 1.97006903 -0.22258966 0.67577607 0.12198261 -0.19739728 0.69962937
1779473491.58525729 0.35389870 1.97039374 -0.22185456 0.67593728 0.12289374 -0.19748385 0.69928968
1779473491.61859822 0.35215993 1.97050026 -0.22047505 0.67632845 0.12366226 -0.19775989 0.69869771
1779473491.65193915 0.34435805 1.97074961 -0.21945997 0.67645766 0.12543446 -0.19809579 0.69816136
1779473491.68528008 0.34844639 1.97211994 -0.21680515 0.67684646 0.12567254 -0.19803690 0.69775831
1779473491.71862102 0.34655251 1.97226870 -0.21629555 0.67704084 0.12681343 -0.19901070 0.69708593
1779473491.75196195 0.34461663 1.97259800 -0.21599919 0.67718160 0.12806916 -0.20019146 0.69638118
1779473491.78530264 0.34255704 1.97275332 -0.21697461 0.67701514 0.12986042 -0.20186937 0.69572662
1779473491.81864381 0.34009819 1.97073328 -0.22006371 0.67637571 0.13187574 -0.20436192 0.69524161
1779473491.85198450 0.33845559 1.97046121 -0.22219611 0.67595602 0.13445355 -0.20718586 0.69431961
1779473491.88532472 0.34162651 1.97291279 -0.22001167 0.67600464 0.13644176 -0.20837695 0.69352752
1779473491.91866565 0.33948128 1.97302123 -0.22190509 0.67562197 0.13870361 -0.21020972 0.69289836
1779473491.95200658 0.33857029 1.97284179 -0.22328636 0.67547492 0.13982368 -0.21122668 0.69250723
1779473491.98534775 0.33758491 1.97265575 -0.22453383 0.67536688 0.14018543 -0.21110926 0.69257527
1779473492.01868844 0.33375965 1.97374569 -0.22276999 0.67568651 0.14013211 -0.21013607 0.69257026
1779473492.05202937 0.33004848 1.97404251 -0.22272136 0.67599152 0.13979631 -0.20884287 0.69273163
1779473492.08537030 0.32679845 1.97428913 -0.22292773 0.67629443 0.13907072 -0.20723760 0.69306404
1779473492.11871123 0.32766410 1.97414114 -0.22183657 0.67704568 0.13734144 -0.20586653 0.69308402
1779473492.15205193 0.33602435 1.97380496 -0.21685043 0.67828825 0.13453482 -0.20419635 0.69291362
1779473492.18539286 0.33809588 1.97320418 -0.21583311 0.67901577 0.13285732 -0.20329308 0.69279033
1779473492.21873379 0.33862489 1.97276108 -0.21573508 0.67949591 0.13152955 -0.20229600 0.69286479
1779473492.25207472 0.33855149 1.97218371 -0.21773178 0.67959222 0.13029870 -0.20118051 0.69332753
1779473492.28541517 0.33492242 1.97281669 -0.21926321 0.67949811 0.12972984 -0.19988250 0.69390163
1779473492.31875515 0.33365748 1.97258273 -0.22189405 0.67939212 0.12891759 -0.19865078 0.69451024
1779473492.35209608 0.33264816 1.97237633 -0.22443757 0.67930860 0.12815469 -0.19760058 0.69503253
1779473492.38543701 0.33150155 1.97257557 -0.22425451 0.67974227 0.12751631 -0.19642736 0.69505851
1779473492.41877794 0.33372818 1.97362510 -0.22332347 0.68023832 0.12709366 -0.19458122 0.69516989
1779473492.45211864 0.33147322 1.97376707 -0.22269283 0.68072267 0.12742943 -0.19388944 0.69482751
1779473492.48545957 0.32719758 1.97447017 -0.22266965 0.68103894 0.12873546 -0.19356804 0.69436630
1779473492.51880050 0.32725300 1.97457560 -0.22110020 0.68162205 0.13015403 -0.19464790 0.69322687
1779473492.55214143 0.32455618 1.97657440 -0.21843602 0.68220068 0.13269165 -0.19593009 0.69181396
1779473492.58548236 0.32662791 1.97672180 -0.21508714 0.68293740 0.13567575 -0.19953103 0.68947514
1779473492.61882353 0.33296327 1.97564007 -0.21413845 0.68324602 0.13926300 -0.20548593 0.68669951
1779473492.65216470 0.34389172 1.97353897 -0.21493594 0.68337830 0.14288219 -0.21331664 0.68342870
1779473492.68550587 0.33862076 1.97466578 -0.21414413 0.68223450 0.14939238 -0.22237757 0.68028393
1779473492.71884704 0.35296538 1.97207372 -0.22221324 0.68136714 0.15309206 -0.22929920 0.67802914
1779473492.75218725 0.35462398 1.97056267 -0.23312793 0.67976519 0.15909346 -0.23702810 0.67559325
1779473492.78552842 0.35370595 1.97001085 -0.23941568 0.67817819 0.16524542 -0.24414357 0.67317324
1779473492.81886935 0.35114260 1.96981528 -0.24504546 0.67663272 0.17174580 -0.25098449 0.67058059
1779473492.85221076 0.35012985 1.96921708 -0.25047773 0.67525255 0.17769940 -0.25767922 0.66787598
1779473492.88555169 0.35014890 1.96908307 -0.25239050 0.67448254 0.18339199 -0.26400678 0.66463607
1779473492.91889286 0.34725382 1.97042991 -0.25217328 0.67351707 0.18936532 -0.27016071 0.66145953
1779473492.95223403 0.34544948 1.97089311 -0.25346798 0.67262420 0.19487628 -0.27611380 0.65830166
1779473492.98557520 0.34300699 1.97140101 -0.25501691 0.67163102 0.20059690 -0.28209739 0.65505245
1779473493.01891637 0.33848902 1.97194173 -0.25715041 0.67043323 0.20666646 -0.28767579 0.65195928
1779473493.05225730 0.33265733 1.97307189 -0.25763850 0.66938668 0.21304261 -0.29292893 0.64863469
1779473493.08559895 0.33373722 1.97326253 -0.25445127 0.66872521 0.21781840 -0.29762572 0.64558552
1779473493.11893988 0.33441313 1.97641945 -0.25629909 0.66810384 0.22291051 -0.30300054 0.64198040
1779473493.15228105 0.33044382 1.97745454 -0.25818729 0.66679607 0.22823677 -0.30800878 0.63907868
1779473493.18562222 0.33143046 1.97685853 -0.26145635 0.66565145 0.23211339 -0.31343292 0.63623214
1779473493.21896219 0.33466847 1.97608644 -0.26538537 0.66464285 0.23511822 -0.31875860 0.63353158
1779473493.25230312 0.33776020 1.97479492 -0.27127712 0.66343844 0.23725257 -0.32362789 0.63152644
1779473493.28564429 0.36213710 1.96996299 -0.26432752 0.66378781 0.23606937 -0.32533058 0.63072736
1779473493.31898570 0.36579362 1.96812670 -0.26759407 0.66298383 0.23791161 -0.33010532 0.62839556
1779473493.35232687 0.36529983 1.96806242 -0.26672928 0.66268113 0.24073245 -0.33363006 0.62577360
1779473493.38566804 0.36610441 1.96853490 -0.26168177 0.66302269 0.24353876 -0.33697684 0.62252421
1779473493.41900897 0.38549889 1.97067027 -0.24949286 -0.66529234 -0.24388773 0.33611599 -0.62042801
1779473493.45235014 0.38403771 1.97049306 -0.24815844 -0.66491321 -0.24653987 0.33931262 -0.61804164
1779473493.48569107 0.38307418 1.96970314 -0.25161153 -0.66376365 -0.24858584 0.34266926 -0.61660414
1779473493.51903248 0.38072794 1.96957421 -0.25597524 -0.66238117 -0.25061510 0.34539915 -0.61574564
1779473493.55237365 0.37524859 1.96966268 -0.26118875 -0.66136459 -0.25264242 0.34803163 -0.61452637
1779473493.58574080 0.36779181 1.97068600 -0.26190926 -0.66048208 -0.25552363 0.34975011 -0.61330739
1779473493.61915946 0.36284958 1.97155747 -0.26012475 -0.66013370 -0.25834015 0.35167385 -0.61139952
1779473493.65257740 0.35765125 1.97406550 -0.25537479 -0.66000276 -0.26176696 0.35291743 -0.60936336
1779473493.68599677 0.34928310 1.97632799 -0.24989222 -0.65983354 -0.26592761 0.35442371 -0.60686575
1779473493.71941686 0.34065670 1.97855695 -0.24410126 -0.65955206 -0.27047778 0.35629282 -0.60405983
1779473493.75283718 0.33298031 1.98063639 -0.24112022 -0.65879977 -0.27488429 0.35880166 -0.60140075
1779473493.78625798 0.30293982 1.98167676 -0.24114693 -0.65610988 -0.28229341 0.36446759 -0.59748944
1779473493.81967950 0.32039696 1.98479856 -0.23709191 -0.65692386 -0.28348061 0.36443818 -0.59604916
1779473493.85310173 0.31906076 1.98565118 -0.23888189 -0.65578284 -0.28636066 0.36791368 -0.59378950
1779473493.88652396 0.37764405 1.98638018 -0.23529562 -0.65974771 -0.28072363 0.36301719 -0.59510144
1779473493.91994691 0.38212379 1.98503277 -0.23957140 -0.65902442 -0.28159859 0.36600218 -0.59365937
1779473493.95337057 0.38555331 1.98399446 -0.24451349 -0.65834479 -0.28189424 0.36955456 -0.59207027
1779473493.98679423 0.38863462 1.98328739 -0.24936316 -0.65791038 -0.28169906 0.37231664 -0.59091445
1779473494.02021885 0.39486428 1.98187022 -0.25439266 -0.65786311 -0.28040282 0.37478534 -0.59002232
1779473494.05364370 0.40973056 1.98193405 -0.25596453 -0.65927617 -0.27757795 0.37355335 -0.59056186
1779473494.08706808 0.41819435 1.98011013 -0.25837548 -0.65981767 -0.27509670 0.37415164 -0.59073937
1779473494.12049365 0.41950070 1.97915348 -0.26225577 -0.66004600 -0.27332567 0.37470524 -0.59095545
1779473494.15392041 0.42070307 1.97847522 -0.26507205 -0.66051952 -0.27156352 0.37483070 -0.59115917
1779473494.18734717 0.42692561 1.97927646 -0.26699162 -0.66189673 -0.26959344 0.37239068 -0.59206189
1779473494.22077441 0.42646609 1.97919955 -0.26794954 -0.66241847 -0.26874228 0.37263180 -0.59171352
1779473494.25420213 0.42592344 1.97941393 -0.26982470 -0.66269291 -0.26812184 0.37268401 -0.59165481
1779473494.28763080 0.42678647 1.97887428 -0.27404264 -0.66275489 -0.26702684 0.37315098 -0.59178625
1779473494.32105947 0.43338149 1.97801473 -0.27932087 -0.66289735 -0.26511608 0.37202090 -0.59319560
1779473494.35448885 0.43148351 1.97692760 -0.28801541 -0.66189863 -0.26419668 0.37348607 -0.59380002
1779473494.38791871 0.42916267 1.97581930 -0.29746969 -0.66085525 -0.26305229 0.37444944 -0.59486255
1779473494.42134905 0.43081063 1.97406254 -0.30859169 -0.65994053 -0.26108387 0.37545193 -0.59611203
1779473494.45477986 0.43395282 1.97280647 -0.31574342 -0.65989844 -0.25899154 0.37493678 -0.59739421
1779473494.48821115 0.44355226 1.97133573 -0.31741329 -0.66093260 -0.25604339 0.37266457 -0.59894157
1779473494.52164316 0.44496838 1.97189966 -0.31873029 -0.66163246 -0.25472385 0.37074532 -0.59992180
1779473494.55507421 0.44201785 1.97293624 -0.31864120 -0.66226415 -0.25413383 0.36955147 -0.60021155
1779473494.58847260 0.43833084 1.97491446 -0.31445795 -0.66350769 -0.25407845 0.36790576 -0.59987252
1779473494.62180662 0.43559152 1.97471155 -0.31205158 -0.66433191 -0.25369392 0.36640068 -0.60004420
1779473494.65514088 0.42992355 1.97682233 -0.30789067 -0.66544344 -0.25409135 0.36497371 -0.59951381
1779473494.68847489 0.42415074 1.97889409 -0.30468093 -0.66639628 -0.25449289 0.36337713 -0.59925489
1779473494.72180915 0.41889474 1.98128091 -0.30006468 -0.66754075 -0.25510539 0.36170613 -0.59873138
1779473494.75514293 0.41258235 1.98413657 -0.29575025 -0.66859239 -0.25577075 0.35977267 -0.59843895
1779473494.78847671 0.41417784 1.98349611 -0.29293748 -0.66957700 -0.25489780 0.35638422 -0.59973665
1779473494.82181048 0.40767989 1.98576670 -0.28960792 -0.67063395 -0.25516878 0.35414529 -0.59976671
1779473494.85514426 0.40286899 1.98817353 -0.28326768 -0.67241389 -0.25520318 0.35157723 -0.59926985
1779473494.88847804 0.40158407 1.99096397 -0.27068655 -0.67533955 -0.25523938 0.34900420 -0.59746583
1779473494.92181182 0.40302383 1.99231150 -0.25574201 -0.67827569 -0.25497768 0.34505111 -0.59654689
1779473494.95514560 0.39828597 1.99517136 -0.24810019 -0.68006705 -0.25550897 0.34303149 -0.59544384
1779473494.98847771 0.39627257 1.99698000 -0.24670945 -0.68106630 -0.25497442 0.34148427 -0.59542022
1779473495.02181125 0.39622520 1.99787034 -0.24756868 -0.68189957 -0.25356688 0.33993421 -0.59595432
1779473495.05514455 0.39637853 1.99850326 -0.24814862 -0.68283569 -0.25191251 0.33803058 -0.59666643
1779473495.08847809 0.39920907 1.99456231 -0.25138527 -0.68341823 -0.24934166 0.33459085 -0.59901354
1779473495.12181139 0.39940367 1.99575209 -0.24950230 -0.68482834 -0.24758097 0.33184596 -0.59965996
1779473495.15514421 0.39869520 1.99616781 -0.24816402 -0.68610707 -0.24590610 0.32915588 -0.60036963
1779473495.18847728 0.40025991 1.99619801 -0.24756662 -0.68753820 -0.24344532 0.32626473 -0.60131266
1779473495.22181058 0.40224724 1.99575715 -0.24929678 -0.68859685 -0.24058869 0.32325171 -0.60287626
1779473495.25514364 0.40691686 1.99438264 -0.25247572 -0.68964234 -0.23660569 0.32009834 -0.60493656
1779473495.28847623 0.40157368 1.99350117 -0.25732722 -0.69035373 -0.23367739 0.31782560 -0.60645981
1779473495.32180929 0.41800944 1.99002119 -0.25731281 -0.69242354 -0.22720101 0.31250965 -0.60931688
1779473495.35514212 0.42033988 1.98949484 -0.25884151 -0.69365880 -0.22284312 0.30871379 -0.61145254
1779473495.38847470 0.41885187 1.98992219 -0.26245712 -0.69417496 -0.21964816 0.30504489 -0.61385945
1779473495.42180634 0.41535318 1.99053073 -0.27007638 -0.69382142 -0.21707728 0.30175195 -0.61679417
1779473495.45513892 0.41126135 1.99109926 -0.28184990 -0.69313673 -0.21464618 0.29826215 -0.62010336
1779473495.48847175 0.41057449 1.98986280 -0.29351848 -0.69239649 -0.21113396 0.29532338 -0.62353320
1779473495.52180386 0.42285600 1.98526114 -0.30243262 -0.69239746 -0.20542454 0.29075515 -0.62757307
1779473495.55513644 0.42748741 1.98354677 -0.30923690 -0.69267405 -0.20101116 0.28755699 -0.63016518
1779473495.58847642 0.43050016 1.98201715 -0.31483735 -0.69304416 -0.19703740 0.28439246 -0.63244524
1779473495.62188792 0.42988988 1.98212129 -0.31694516 -0.69382156 -0.19406125 0.28062562 -0.63419329
1779473495.65529943 0.43410484 1.98116392 -0.31720411 -0.69511011 -0.19027899 0.27736503 -0.63536169
1779473495.68871188 0.44721821 1.97955513 -0.30940314 -0.69760926 -0.18442428 0.27201894 -0.63665902
1779473495.72212434 0.45102522 1.98046357 -0.30252545 -0.69998613 -0.18052618 0.26767483 -0.63700856
1779473495.75553727 0.45682912 1.98120936 -0.29478785 -0.70255751 -0.17618774 0.26345432 -0.63715199
1779473495.78895092 0.45884906 1.98276253 -0.28693425 -0.70489059 -0.17242169 0.25882181 -0.63750396
1779473495.82236505 0.46256324 1.98439355 -0.27736047 -0.70761571 -0.16855255 0.25443367 -0.63728608
1779473495.85577917 0.47616379 1.98019360 -0.26687305 -0.71021671 -0.16274090 0.24825506 -0.63833929
1779473495.88919282 0.48065697 1.98070235 -0.25512600 -0.71311436 -0.15892833 0.24435517 -0.63757372
1779473495.92260814 0.48356414 1.98062310 -0.24833609 -0.71502581 -0.15556555 0.24124734 -0.63744582
1779473495.95602393 0.48655520 1.97962765 -0.24852586 -0.71578385 -0.15161117 0.23823546 -0.63867941
1779473495.98944020 0.49006813 1.97830689 -0.25100505 -0.71609404 -0.14715387 0.23505949 -0.64054828
1779473496.02285647 0.50875070 1.98201011 -0.24255931 -0.71811395 -0.14096084 0.22864465 -0.64200001
1779473496.05627322 0.51063814 1.98199635 -0.23809037 -0.71953072 -0.13706268 0.22459229 -0.64268785
1779473496.08969069 0.51182421 1.98235238 -0.23129516 -0.72128515 -0.13350233 0.22043589 -0.64290970
1779473496.12310839 0.51269996 1.98278607 -0.22196798 -0.72336748 -0.13029758 0.21674622 -0.64248199
1779473496.15652680 0.51422921 1.98293703 -0.21314869 -0.72534276 -0.12713953 0.21350638 -0.64197230
1779473496.18994546 0.53057205 1.98731854 -0.19562075 -0.72852004 -0.12163012 0.20754841 -0.64139561
1779473496.22336483 0.53568055 1.98644339 -0.18782964 -0.73038743 -0.11743098 0.20506673 -0.64085241
1779473496.25678396 0.54318755 1.98458566 -0.18355370 -0.73173023 -0.11293030 0.20335737 -0.64067417
1779473496.29020429 0.54842027 1.98271369 -0.18622911 -0.73179209 -0.10893181 0.20206303 -0.64170455
1779473496.32362318 0.55153227 1.98130205 -0.19204310 -0.73121559 -0.10561242 0.20109823 -0.64321791
1779473496.35704422 0.56595077 1.98230065 -0.19606822 -0.73085658 -0.10098966 0.19757291 -0.64545697
1779473496.39046550 0.56697668 1.97992635 -0.20669651 -0.72927914 -0.09855668 0.19711303 -0.64775379
1779473496.42388749 0.56784348 1.97709926 -0.22141956 -0.72705014 -0.09639253 0.19726570 -0.65053272
1779473496.45730925 0.56916562 1.97465313 -0.23507493 -0.72494019 -0.09450529 0.19792516 -0.65295950
1779473496.49073195 0.57153690 1.97172607 -0.24816926 -0.72293062 -0.09233125 0.19855324 -0.65530365
1779473496.52415490 0.57451547 1.97285680 -0.26694650 -0.72057761 -0.09065465 0.19803200 -0.65828031
1779473496.55757809 0.57543725 1.96965017 -0.28371331 -0.71801908 -0.08904483 0.19941853 -0.66087205
1779473496.59098482 0.57695705 1.96625315 -0.30340735 0.71497026 0.08718722 -0.20084503 0.66398583
1779473496.62431169 0.57423717 1.96368355 -0.32457247 0.71157066 0.08609430 -0.20165340 0.66752593
1779473496.65763831 0.56654017 1.96107946 -0.34848429 0.70737419 0.08596812 -0.20209935 0.67185347
1779473496.69096494 0.55905489 1.96127844 -0.37122195 0.70413548 0.08618383 -0.20041184 0.67572233
1779473496.72429109 0.54994789 1.96019854 -0.38874092 0.70116760 0.08666087 -0.20012702 0.67882477
1779473496.75761676 0.54157453 1.96003517 -0.39973323 0.69938741 0.08728654 -0.19978523 0.68067920
1779473496.79094291 0.53057797 1.96134248 -0.40692199 0.69822525 0.08910155 -0.19964174 0.68167851
1779473496.82426858 0.51964419 1.96272418 -0.41246293 0.69739056 0.09118023 -0.19980488 0.68221008
1779473496.85759449 0.51064780 1.96245919 -0.42198536 0.69580894 0.09341058 -0.19976431 0.68353391
1779473496.89092040 0.49671306 1.96351200 -0.43087685 0.69526631 0.09592146 -0.19921474 0.68389862
1779473496.92424583 0.49039773 1.96477645 -0.43091126 0.69551060 0.09699089 -0.19903451 0.68355178
1779473496.95757151 0.48601027 1.96585033 -0.42932245 0.69612697 0.09737767 -0.19849067 0.68302729
1779473496.99089670 0.48122035 1.96723760 -0.42705596 0.69690936 0.09792767 -0.19779871 0.68235122
1779473497.02422214 0.47191705 1.96952353 -0.42607370 0.69730193 0.09917131 -0.19626231 0.68221417
1779473497.05754709 0.46334169 1.97158266 -0.42174530 0.69877410 0.10000117 -0.19438360 0.68112373
1779473497.09087229 0.45390094 1.97458516 -0.41536361 0.70005237 0.10121416 -0.19168062 0.68039762
1779473497.12419724 0.44544286 1.97924866 -0.40277205 0.70250905 0.10231256 -0.18855859 0.67857117
1779473497.15752172 0.43969421 1.98325890 -0.39024397 0.70498926 0.10332864 -0.18656123 0.67639356
1779473497.19084620 0.43791047 1.98783160 -0.37538919 0.70772749 0.10368740 -0.18564528 0.67372587
1779473497.22416973 0.43189065 1.99074226 -0.36885632 -0.70984904 -0.10462294 0.18541356 -0.67140911
1779473497.25749445 0.42808150 1.99243762 -0.36591333 -0.71070048 -0.10470429 0.18376540 -0.67094867
1779473497.29081869 0.42727769 1.99352002 -0.36224695 -0.71179579 -0.10357955 0.18159060 -0.67055416
1779473497.32414246 0.42493998 1.99512530 -0.35758861 -0.71307134 -0.10282909 0.17905376 -0.66999641
1779473497.35746622 0.41929165 1.99760638 -0.35151433 -0.71449778 -0.10275542 0.17589264 -0.66932505
1779473497.39078999 0.41593186 1.99949283 -0.33932701 -0.71711398 -0.10206186 0.17446028 -0.66700415
1779473497.42411375 0.41109291 2.00310668 -0.32626715 -0.71956114 -0.10220246 0.17154900 -0.66509951
1779473497.45743752 0.40699637 2.00568564 -0.31692793 -0.72143910 -0.10257098 0.16950013 -0.66353186
1779473497.49076080 0.40450315 2.00751781 -0.31107103 -0.72282077 -0.10255962 0.16785572 -0.66244706
1779473497.52408433 0.40310472 2.00877888 -0.30984705 -0.72346761 -0.10240111 0.16677661 -0.66203791
1779473497.55740738 0.40215194 2.00797450 -0.31293984 -0.72383467 -0.10197663 0.16716131 -0.66160504
1779473497.59073520 0.40014449 2.00816633 -0.31664071 -0.72362665 -0.10143853 0.16565154 -0.66229469
1779473497.62406182 0.39934948 2.00794204 -0.32310733 -0.72297740 -0.10016171 0.16386862 -0.66364025
1779473497.65738678 0.39987646 2.00730635 -0.32973720 -0.72238128 -0.09832740 0.16188653 -0.66504869
1779473497.69071293 0.40050331 2.00630149 -0.33815468 -0.72149062 -0.09627805 0.15969875 -0.66684191
1779473497.72403932 0.39934979 2.00330691 -0.34823535 -0.72060638 -0.09391158 0.15816987 -0.66849783
1779473497.75736475 0.39984373 2.00167047 -0.35659200 -0.71969556 -0.09051058 0.15417518 -0.67087715
1779473497.79069066 0.40165763 2.00001501 -0.36489711 -0.71889875 -0.08644719 0.14954424 -0.67331122
1779473497.82401633 0.40592275 1.99882535 -0.36940882 -0.71870080 -0.08131489 0.14411334 -0.67534317
1779473497.85734177 0.41122057 1.99774905 -0.37358316 -0.71858365 -0.07572118 0.13826982 -0.67733692
1779473497.89066720 0.41765100 1.99816458 -0.37661526 -0.71893837 -0.06993864 0.13374187 -0.67849047
1779473497.92399216 0.42394662 1.99606026 -0.38720236 -0.71766687 -0.06405057 0.12822456 -0.68147652
1779473497.95731759 0.42907699 1.99345229 -0.40127662 -0.71577342 -0.05912023 0.12368036 -0.68474549
1779473497.99064255 0.43116821 1.99131870 -0.41424327 0.71397873 0.05529677 -0.11908344 0.68774688
1779473498.02396703 0.43325190 1.98887528 -0.42403319 0.71271022 0.05232450 -0.11538615 0.68992197
1779473498.05729198 0.43350557 1.99363624 -0.42497962 0.71332877 0.04999196 -0.11339662 0.68978553
1779473498.09061551 0.44286821 1.99141178 -0.42938373 0.71317891 0.04578479 -0.11118982 0.69059135
1779473498.12393999 0.45475978 1.98973692 -0.42868131 0.71385586 0.04104984 -0.10897818 0.69054216
1779473498.15726399 0.46838008 1.98687842 -0.42815893 0.71454755 0.03600318 -0.10721211 0.69038477
1779473498.19058824 0.48111202 1.98325526 -0.43022184 0.71471778 0.03098676 -0.10519968 0.69076142
1779473498.22391200 0.48888213 1.98182696 -0.43330613 0.71443085 0.02728096 -0.10352677 0.69146694
1779473498.25723577 0.49118934 1.98225165 -0.43801393 0.71410821 0.02513116 -0.10182477 0.69213409
1779473498.29055953 0.49400673 1.97937771 -0.44720553 0.71273133 0.02281315 -0.10015644 0.69387485
1779473498.32388330 0.50044135 1.97856164 -0.44727635 0.71296347 0.01957361 -0.09796640 0.69404795
1779473498.35720682 0.50845898 1.97943756 -0.43707913 0.71510374 0.01609650 -0.09577118 0.69223943
1779473498.39053011 0.51792462 1.98103910 -0.42282885 0.71800021 0.01231789 -0.09395186 0.68956292
1779473498.42385316 0.52892823 1.98341043 -0.41306520 0.72020587 0.00855006 -0.09301380 0.68744370
1779473498.45717645 0.54453414 1.97980737 -0.41279848 0.72051193 0.00345137 -0.09263010 0.68721926
1779473498.49049950 0.56255968 1.97386061 -0.41952943 0.71954108 -0.00219274 -0.09276389 0.68822285
1779473498.52382231 0.57874537 1.96743288 -0.42839451 0.71816771 -0.00750086 -0.09269830 0.68962736
1779473498.55714369 0.59581133 1.96119314 -0.43284811 0.71748945 -0.01313609 -0.09233167 0.69029790
1779473498.59046674 0.61283199 1.96112188 -0.42651313 0.71856503 -0.01898776 -0.09181608 0.68911071
1779473498.62379384 0.63413132 1.95460137 -0.42161209 0.71913564 -0.02660692 -0.09061710 0.68842178
1779473498.65712094 0.65405234 1.94953041 -0.41102683 0.72053435 -0.03431110 -0.08858011 0.68688176
1779473498.69044781 0.67468027 1.94472760 -0.39779023 0.72225096 -0.04267936 -0.08576160 0.68496495
1779473498.72377443 0.69436460 1.94550061 -0.37716013 0.72511150 -0.05131614 -0.08168911 0.68184078
1779473498.75710082 0.71727213 1.93988458 -0.36113242 0.72659643 -0.06149054 -0.07666772 0.67999898
1779473498.79042721 0.73827869 1.93448351 -0.34424516 0.72808165 -0.07159133 -0.07174192 0.67795641
1779473498.82375360 0.75551266 1.93020033 -0.32671576 0.72969073 -0.08054381 -0.06699356 0.67570408
1779473498.85707998 0.76973954 1.92643824 -0.31165479 0.73118825 -0.08808024 -0.06307155 0.67351882
1779473498.89040589 0.77556702 1.92912579 -0.29799750 0.73355916 -0.09249965 -0.06141013 0.67049501
1779473498.92373204 0.78485391 1.92504848 -0.29320164 0.73419801 -0.09643610 -0.06056526 0.66931697
1779473498.95705795 0.78768318 1.92204901 -0.30115514 0.73345683 -0.09698904 -0.06116615 0.66999470
1779473498.99038243 0.78505145 1.92059313 -0.31712100 0.73220726 -0.09461063 -0.06413716 0.67142220
1779473499.02370834 0.77561295 1.92690398 -0.33539319 0.73177660 -0.08908408 -0.07022246 0.67203857
1779473499.05703330 0.76661269 1.92590619 -0.36372959 0.72928597 -0.08309658 -0.07613149 0.67486363
1779473499.09035897 0.75906294 1.92430224 -0.38916026 0.72710719 -0.07768816 -0.08196736 0.67717134
1779473499.12368393 0.75267445 1.92324556 -0.40703260 0.72598899 -0.07319924 -0.08694921 0.67824899
1779473499.15700912 0.74613202 1.92445776 -0.41463515 0.72638688 -0.06960234 -0.09029329 0.67776452
1779473499.19033408 0.73928767 1.93235442 -0.40793870 0.72915993 -0.06652182 -0.09299660 0.67472386
1779473499.22365856 0.72902814 1.93528619 -0.40896411 0.73040430 -0.06305821 -0.09429952 0.67352863
1779473499.25698304 0.71231075 1.93919677 -0.41572950 0.73086123 -0.05805388 -0.09519656 0.67335668
1779473499.29030776 0.69826899 1.94200205 -0.42419413 0.73092484 -0.05344658 -0.09700565 0.67341090
1779473499.32363224 0.68463515 1.94272769 -0.43528607 0.73007437 -0.04864045 -0.09967610 0.67430720
1779473499.35695624 0.67278974 1.94251883 -0.45101972 0.72878944 -0.04381040 -0.10291401 0.67554075
1779473499.39028049 0.66384658 1.95293381 -0.45327134 0.73041383 -0.03907897 -0.10638944 0.67353527
1779473499.42360353 0.65636230 1.95357504 -0.45918506 0.73067547 -0.03514998 -0.10965283 0.67294435
1779473499.45692754 0.64767940 1.95579462 -0.46176904 0.73153983 -0.03084918 -0.11287617 0.67168205
1779473499.49025130 0.63434491 1.95902954 -0.46604718 0.73215204 -0.02568983 -0.11500687 0.67087021
1779473499.52357507 0.61239281 1.96504894 -0.47140868 0.73195532 -0.01869224 -0.11705833 0.67096152
1779473499.55689836 0.59236562 1.96745833 -0.48642222 0.73050608 -0.01185839 -0.11944088 0.67227533
1779473499.59022212 0.57567775 1.98140212 -0.49415176 -0.73098170 0.00527653 0.12202565 -0.67137743
1779473499.62354898 0.56297938 1.97975970 -0.51351056 0.72866201 -0.00024628 -0.12508036 0.67335467
1779473499.65687585 0.55308875 1.97824629 -0.52776333 0.72714856 0.00418787 -0.12837926 0.67435614
1779473499.69020224 0.54604132 1.97695579 -0.53793335 0.72635425 0.00824275 -0.13222862 0.67443098
1779473499.72352886 0.54204603 1.97534748 -0.54662593 0.72575445 0.01136799 -0.13591905 0.67429760
1779473499.75685525 0.53702419 1.97277192 -0.55263441 0.72503090 0.01428999 -0.13997489 0.67419064
1779473499.79018116 0.53590664 1.97057717 -0.56001781 0.72458749 0.01642963 -0.14336898 0.67390531
1779473499.82350731 0.53115324 1.98918214 -0.55083146 0.72778213 0.01999274 -0.14535793 0.66992876
1779473499.85683346 0.52511751 1.98729823 -0.56027874 0.72703442 0.02272640 -0.14768855 0.67014368
1779473499.89015794 0.51753954 1.98506079 -0.57386022 0.72549290 0.02554621 -0.14948257 0.67131394
1779473499.92348385 0.51130453 1.98165379 -0.59008974 0.72345056 0.02799341 -0.15123498 0.67302573
1779473499.95680904 0.51048681 1.97552692 -0.60375506 0.72113850 0.02889642 -0.15208820 0.67527286
1779473499.99013472 0.50792893 1.98433546 -0.60919431 0.72150127 0.03041508 -0.15296959 0.67461926
1779473500.02345991 0.51029478 1.97895734 -0.62241437 0.71990795 0.03022701 -0.15384951 0.67612810
1779473500.05678511 0.51200362 1.97371362 -0.63571511 0.71833481 0.03018314 -0.15447824 0.67765813
1779473500.09011006 0.51130668 1.96977390 -0.65026563 0.71656657 0.03061863 -0.15472519 0.67945196
1779473500.12343502 0.51132748 1.96577575 -0.66468411 0.71475771 0.03088535 -0.15521667 0.68123072
1779473500.15675998 0.50619221 1.97361933 -0.66933690 0.71456240 0.03271676 -0.15558611 0.68126584
1779473500.19008446 0.50387740 1.96749970 -0.68883388 0.71182798 0.03361050 -0.15630832 0.68391445
1779473500.22340894 0.50184118 1.96052447 -0.70992179 0.70881598 0.03441568 -0.15730932 0.68676725
1779473500.25673318 0.50205708 1.95282644 -0.73218115 0.70558449 0.03464390 -0.15847617 0.68980840
1779473500.29005790 0.50434430 1.94464320 -0.75205490 0.70281494 0.03430651 -0.15972082 0.69236080
1779473500.32338095 0.50551681 1.95124780 -0.75360435 0.70340024 0.03480914 -0.15978883 0.69172534
1779473500.35670471 0.50800300 1.94613837 -0.76336654 0.70236321 0.03466104 -0.16051961 0.69261677
1779473500.39002872 0.51142560 1.94162213 -0.77142646 0.70168064 0.03449964 -0.16180789 0.69301678
1779473500.42335248 0.51454226 1.93735393 -0.77999207 0.70095416 0.03449142 -0.16328561 0.69340567
1779473500.45667601 0.51772858 1.93413372 -0.78666979 0.70051857 0.03437051 -0.16458431 0.69354481
1779473500.48999953 0.52254842 1.94270106 -0.78115697 0.70228465 0.03451766 -0.16447864 0.69177423
1779473500.52332306 0.52115052 1.94221365 -0.78393523 0.70246600 0.03535443 -0.16480862 0.69146923
1779473500.55664635 0.51952342 1.94309488 -0.78411933 0.70327812 0.03648493 -0.16539154 0.69044506
1779473500.58996964 0.52203933 1.94185306 -0.78694238 0.70362179 0.03661419 -0.16652527 0.68981527
1779473500.62329674 0.52384620 1.93630597 -0.79629198 0.70231798 0.03667194 -0.16780076 0.69083104
1779473500.65662336 0.52859765 1.94742969 -0.79354740 0.70405584 0.03688173 -0.16824211 0.68894101
1779473500.68994999 0.53180091 1.94343895 -0.80336920 0.70323649 0.03672421 -0.16998592 0.68935808
1779473500.72327662 0.53547358 1.93879204 -0.81372087 0.70239747 0.03674254 -0.17244391 0.68960198
1779473500.75660229 0.53689903 1.93492547 -0.82419507 0.70157226 0.03757688 -0.17539968 0.68965158
1779473500.78992867 0.53503984 1.93062549 -0.83128748 0.70055361 0.03919308 -0.17905336 0.68965820
1779473500.82325459 0.53656308 1.94031661 -0.83120818 0.70194080 0.04094912 -0.18141727 0.68752459
1779473500.85658073 0.52989326 1.93698494 -0.84459832 0.70047803 0.04359823 -0.18453812 0.68802283
1779473500.88990688 0.51789235 1.93707303 -0.85389006 0.69974082 0.04770279 -0.18729903 0.68775453
1779473500.92323256 0.50356278 1.93916598 -0.85974027 0.69957555 0.05253375 -0.19003008 0.68682081
1779473500.95655870 0.48565077 1.94333349 -0.86392599 0.69964996 0.05851895 -0.19310812 0.68540114
1779473500.98988390 0.46315467 1.95806487 -0.85773630 0.70101576 0.06649982 -0.19687991 0.68219716
1779473501.02320933 0.43955407 1.95853627 -0.87107850 0.69905698 0.07412611 -0.20243479 0.68179528
1779473501.05653501 0.41837544 1.95688263 -0.88891067 0.69621210 0.08150787 -0.20948697 0.68173338
1779473501.08985996 0.39710533 1.95753860 -0.90122076 0.69410961 0.08913358 -0.21679774 0.68063631
1779473501.12318492 0.37171463 1.95952660 -0.91285273 0.69197583 0.09774276 -0.22394818 0.67931070
1779473501.15651011 0.35210030 1.97143327 -0.91224676 0.69176305 0.10567244 -0.23069466 0.67607485
1779473501.18983483 0.33303938 1.97008226 -0.92568395 0.68914462 0.11232534 -0.23791374 0.67517387
1779473501.22315812 0.31364469 1.96909500 -0.93781487 0.68662539 0.11893209 -0.24462906 0.67420869
1779473501.25648284 0.29234727 1.97047779 -0.94554002 0.68459662 0.12584517 -0.25166112 0.67242630
1779473501.28980756 0.27759172 1.97310909 -0.94817939 0.68377746 0.13155560 -0.25795067 0.66977830
1779473501.32313180 0.27093087 1.98177689 -0.93910960 0.68509396 0.13652373 -0.26285112 0.66551996
1779473501.35645580 0.25356129 1.98770853 -0.93456724 0.68518250 0.14297400 -0.26807973 0.66197933
1779473501.38977981 0.23545189 1.99016778 -0.93717868 0.68391815 0.14933692 -0.27376541 0.65955057
1779473501.42310381 0.21817909 1.99521964 -0.93378793 0.68349265 0.15603005 -0.27950745 0.65602439
1779473501.45642757 0.20254941 2.00295606 -0.92485015 0.68406566 0.16266998 -0.28479441 0.65152497
1779473501.48975134 0.19572015 2.01583452 -0.90627162 0.68625945 0.16834405 -0.28948142 0.64568472
1779473501.52307463 0.18416825 2.02581489 -0.89085066 0.68793225 0.17435575 -0.29378308 0.64034428
1779473501.55639791 0.17110659 2.03453262 -0.87897435 0.68892065 0.18022087 -0.29729117 0.63602416
1779473501.58972168 0.15643454 2.04125899 -0.87181171 -0.68912647 -0.18588803 0.30042519 -0.63268875
1779473501.62304807 0.14358517 2.04468027 -0.87091656 -0.68836262 -0.19054707 0.30344232 -0.63069127
1779473501.65637302 0.12925961 2.04997439 -0.86626019 -0.68754292 -0.19565985 0.30615681 -0.62870499
1779473501.68969917 0.11340307 2.05223298 -0.86746683 -0.68603913 -0.20086983 0.30960850 -0.62701212
1779473501.72302532 0.10093398 2.05458613 -0.86710776 -0.68486607 -0.20561864 0.31333349 -0.62490125
1779473501.75635076 0.08866400 2.05627425 -0.86754283 -0.68357820 -0.21012040 0.31678814 -0.62306945
1779473501.78967667 0.07918676 2.05805698 -0.86810391 -0.68236376 -0.21409044 0.32028675 -0.62125790
1779473501.82300186 0.05934399 2.06090314 -0.86002963 -0.68081828 -0.21968271 0.32537243 -0.61835164
1779473501.85632730 0.06343266 2.06496877 -0.85917156 -0.68113316 -0.22175492 0.32620437 -0.61682500
1779473501.88965249 0.05254261 2.06591282 -0.86130076 -0.67952171 -0.22575750 0.32928863 -0.61551019
1779473501.92297792 0.04072116 2.06470674 -0.86794933 -0.67712507 -0.22940793 0.33217065 -0.61525304
1779473501.95630264 0.03214728 2.06260037 -0.87559385 -0.67475736 -0.23233341 0.33504302 -0.61519904
1779473501.98962784 0.03065285 2.06153636 -0.88114645 -0.67325500 -0.23389744 0.33794231 -0.61466632
1779473502.02295232 0.02812295 2.05939672 -0.88731666 -0.67137069 -0.23524456 0.34183894 -0.61405825
1779473502.05627680 0.02609195 2.05638715 -0.89712886 -0.66920978 -0.23642215 0.34493756 -0.61423197
1779473502.08960032 0.01860876 2.05300318 -0.90740238 -0.66656545 -0.23857698 0.34742227 -0.61487339
1779473502.12292480 0.00608319 2.04996985 -0.91615227 0.66361092 0.24192235 -0.34994308 0.61533240
1779473502.15624905 -0.00311263 2.04849714 -0.92059038 0.66141606 0.24513711 -0.35279204 0.61479621
1779473502.18957329 -0.00599741 2.04736588 -0.92411926 0.65993344 0.24711093 -0.35585099 0.61383557
1779473502.22289729 -0.00217957 2.04724491 -0.92630798 0.65901041 0.24789697 -0.35892113 0.61272178
1779473502.25622106 -0.00392819 2.04536880 -0.93100472 0.65754563 0.24945866 -0.36178033 0.61197967
1779473502.28954458 -0.01005734 2.04225813 -0.93832933 0.65522392 0.25161125 -0.36467947 0.61186786
1779473502.32286811 -0.01711974 2.03887871 -0.94660390 0.65257796 0.25389036 -0.36792069 0.61181375
1779473502.35619140 -0.02519361 2.03665106 -0.95112348 0.65027337 0.25679944 -0.37121334 0.61106403
1779473502.38951492 -0.03153589 2.03828837 -0.94913021 0.64870111 0.26016912 -0.37509149 0.60893783
1779473502.42283797 -0.04190817 2.03644539 -0.95226062 0.64625301 0.26388967 -0.37890904 0.60757487
1779473502.45616055 -0.05220835 2.03460498 -0.95483241 0.64379013 0.26755600 -0.38286997 0.60610118
1779473502.48948359 -0.06028986 2.03420767 -0.95501525 0.64196009 0.27094476 -0.38654635 0.60420038
1779473502.52280664 -0.06897803 2.03585113 -0.95101724 0.64076970 0.27470854 -0.38948529 0.60187260
1779473502.55612803 -0.07776353 2.03767598 -0.94613506 0.63942442 0.27827793 -0.39215216 0.59992873
1779473502.58945060 -0.08724254 2.03984944 -0.94284349 0.63828102 0.28182003 -0.39429216 0.59808737
1779473502.62277675 -0.10132459 2.04344800 -0.93600853 0.63723961 0.28650475 -0.39550650 0.59616718
1779473502.65610218 -0.12024042 2.04490992 -0.93285727 0.63496112 0.29172461 -0.39728926 0.59488013
1779473502.68942809 -0.13732811 2.04189863 -0.93932903 0.63130915 0.29578313 -0.40013330 0.59485665
1779473502.72275400 -0.14444991 2.04074093 -0.94625672 0.62871107 0.29814516 -0.40308985 0.59443286
1779473502.75607896 -0.15093712 2.03946579 -0.94958749 0.62671500 0.30043851 -0.40618502 0.59327796
1779473502.78940463 -0.15461728 2.04041441 -0.94882934 0.62561140 0.30255508 -0.40924856 0.59125834
1779473502.82272959 -0.15781530 2.04397804 -0.94299572 0.62526206 0.30521989 -0.41199052 0.58834682
1779473502.85605431 -0.16359634 2.04942995 -0.93258639 0.62511343 0.30890437 -0.41503846 0.58442653
1779473502.88937950 -0.17617212 2.05444315 -0.92060372 0.62388083 0.31390489 -0.41782273 0.58108570
1779473502.92270374 -0.18580808 2.05531437 -0.91911676 0.62154662 0.31814173 -0.42157189 0.57856960
1779473502.95602822 -0.19780152 2.05817369 -0.91451522 0.61917064 0.32285565 -0.42562845 0.57552791
1779473502.98935175 -0.21276741 2.06029840 -0.90950741 0.61645780 0.32803967 -0.42989424 0.57232919
1779473503.02267599 -0.22639396 2.06203846 -0.90540951 0.61368188 0.33290007 -0.43440652 0.56908968
1779473503.05600047 -0.23764763 2.06335520 -0.90258875 0.61090285 0.33714408 -0.43930922 0.56580826
1779473503.08932447 -0.24872421 2.06117432 -0.90245645 0.60770362 0.34106190 -0.44436222 0.56295232
1779473503.12264848 -0.25861143 2.06335067 -0.89866744 0.60501085 0.34524528 -0.44939021 0.55929956
1779473503.15597224 -0.27131334 2.06478891 -0.89577838 0.60169333 0.34978478 -0.45467067 0.55577903
1779473503.18929601 -0.28444349 2.06653335 -0.89224946 0.59840727 0.35443573 -0.45968397 0.55224515
1779473503.22261930 -0.29600666 2.06740743 -0.89106455 0.59487873 0.35849055 -0.46514412 0.54885770
1779473503.25594258 -0.30691218 2.06745001 -0.89031803 0.59133813 0.36195054 -0.47052451 0.54581839
1779473503.28926587 -0.31405414 2.06793656 -0.89053184 0.58854287 0.36463672 -0.47531693 0.54289149
1779473503.32258868 -0.32186527 2.06826605 -0.89047009 0.58591812 0.36731852 -0.47945930 0.54027386
1779473503.35591173 -0.33398809 2.06769612 -0.89055466 0.58282886 0.37058669 -0.48300922 0.53821753
1779473503.38923454 -0.34606850 2.06702954 -0.89072260 0.57978719 0.37378713 -0.48627228 0.53634808
1779473503.42255616 -0.35879238 2.06652105 -0.89074251 0.57666846 0.37708490 -0.48974126 0.53424148
1779473503.45587873 -0.37228396 2.06590679 -0.88947753 0.57349818 0.38054845 -0.49306148 0.53214011
1779473503.48920107 -0.38607253 2.06562684 -0.88685759 0.57047765 0.38427699 -0.49600392 0.52996846
1779473503.52252316 -0.39821039 2.06738514 -0.88141129 0.56793535 0.38810670 -0.49878371 0.52729255
1779473503.55584550 -0.40123174 2.07312172 -0.87372194 0.56683367 0.39118892 -0.50022444 0.52482981
1779473503.58916855 -0.43873203 2.06410693 -0.87174156 0.56055831 0.39680215 -0.50588736 0.52191993
1779473503.62249517 -0.44852147 2.06662032 -0.86440604 0.55816981 0.40078628 -0.50788362 0.51949114
1779473503.65582132 -0.46578954 2.06563258 -0.86017444 0.55415145 0.40524531 -0.51120547 0.51707000
1779473503.68914771 -0.47960392 2.06481754 -0.85648411 0.55011474 0.40928375 -0.51518886 0.51423830
1779473503.72247410 -0.49307560 2.06457080 -0.85039091 0.54629439 0.41360323 -0.51897429 0.51103864
1779473503.75580001 -0.50470027 2.06873475 -0.83669584 0.54351454 0.41860889 -0.52245848 0.50635529
1779473503.78912568 -0.51553583 2.07545278 -0.81627628 0.54177011 0.42426640 -0.52486887 0.50099484
1779473503.82245183 -0.53068513 2.08224698 -0.79409268 0.53955901 0.43078834 -0.52666070 0.49590925
1779473503.85577750 -0.54976643 2.08410147 -0.77907178 -0.53577280 -0.43690363 0.52898851 -0.49217261
1779473503.88910198 -0.56880325 2.08336809 -0.77116568 0.53088456 0.44202810 -0.53233400 0.48927830
1779473503.92242718 -0.58177844 2.08334581 -0.76531480 0.52645118 0.44601420 -0.53642434 0.48597266
1779473503.95575261 -0.60041346 2.09233309 -0.74543782 -0.52226226 -0.45179426 0.54082446 -0.48024263
1779473503.98907757 -0.60712937 2.08611230 -0.74510268 0.51815472 0.45485703 -0.54407374 0.47812607
1779473504.02240300 -0.62591082 2.08519215 -0.73190627 0.51333511 0.45988081 -0.54809729 0.47390513
1779473504.05572748 -0.63209189 2.08972210 -0.71980553 -0.51070747 -0.46392761 0.55059154 -0.46989148
1779473504.08905244 -0.63861524 2.09293005 -0.70819729 -0.50811790 -0.46747962 0.55333628 -0.46593773
1779473504.12237716 -0.64828948 2.09507904 -0.69686116 -0.50532220 -0.47134694 0.55545153 -0.46255285
1779473504.15570164 -0.66158652 2.09471856 -0.68802765 -0.50169004 -0.47523493 0.55754917 -0.45999760
1779473504.18902588 -0.67268692 2.09359362 -0.68339797 -0.49827827 -0.47817253 0.55976181 -0.45796999
1779473504.22235012 -0.67864082 2.09328021 -0.68047713 -0.49579082 -0.48019009 0.56185420 -0.45599209
1779473504.25567436 -0.68159023 2.09272879 -0.67954902 -0.49384415 -0.48141308 0.56394798 -0.45422692
1779473504.28899860 -0.68283497 2.09267896 -0.67925562 -0.49253776 -0.48216285 0.56567581 -0.45269903
1779473504.32232094 -0.68115663 2.09306820 -0.68101245 -0.49176393 -0.48217310 0.56738403 -0.45138973
1779473504.35564470 -0.67743666 2.09283415 -0.68595952 -0.49120418 -0.48143712 0.56917988 -0.45052305
1779473504.38896823 -0.67552576 2.09157091 -0.69294008 0.49029245 0.48078506 -0.57067516 0.45032088
1779473504.42229176 -0.67748503 2.09132905 -0.69728812 0.48896763 0.48101789 -0.57149939 0.45046742
1779473504.45561504 -0.68483551 2.08713761 -0.70450346 0.48649204 0.48151941 -0.57258827 0.45122857
1779473504.48893833 -0.68534771 2.08586798 -0.71412045 0.48442784 0.48137379 -0.57369148 0.45220243
1779473504.52226138 -0.69780885 2.07782316 -0.72236657 0.48026235 0.48211897 -0.57668251 0.45204719
1779473504.55558443 -0.70289560 2.07418986 -0.72882740 0.47757654 0.48254623 -0.57869433 0.45186575
1779473504.58890796 -0.70682693 2.07181986 -0.73239476 0.47557255 0.48322553 -0.58008589 0.45146893
1779473504.62223363 -0.70942260 2.07037350 -0.73368162 0.47417428 0.48400446 -0.58111134 0.45078603
1779473504.65555954 -0.71405918 2.06867213 -0.73370315 0.47262966 0.48521252 -0.58176043 0.45027193
1779473504.68888474 -0.71848885 2.06610184 -0.73479656 0.47088055 0.48626477 -0.58267888 0.44978151
1779473504.72221017 -0.72030665 2.06469332 -0.73631945 0.46956521 0.48699410 -0.58360827 0.44916216
1779473504.75553441 -0.72327569 2.06039264 -0.74116151 0.46751551 0.48736981 -0.58541204 0.44854505
1779473504.78885984 -0.72350887 2.05947021 -0.74302416 0.46607031 0.48778581 -0.58708570 0.44740792
1779473504.82218456 -0.72217008 2.05848670 -0.74472235 0.46480778 0.48800871 -0.58898279 0.44598262
1779473504.85550928 -0.72066435 2.05753983 -0.74649992 0.46335216 0.48820366 -0.59117844 0.44437599
1779473504.88883424 -0.72213065 2.05694065 -0.74519743 0.46177423 0.48922759 -0.59281173 0.44271342
1779473504.92215872 -0.72808627 2.05728307 -0.73687326 0.45981316 0.49173400 -0.59398585 0.44039794
1779473504.95548320 -0.73474756 2.06051629 -0.72188912 0.45801369 0.49550746 -0.59486434 0.43684349
1779473504.98880744 -0.73707735 2.06517425 -0.70744578 0.45661544 0.49861939 -0.59637170 0.43269139
1779473505.02213192 -0.72175656 2.07693835 -0.69810711 0.45737392 0.50067685 -0.59601877 0.42999234
1779473505.05545592 -0.74801417 2.06812589 -0.69084151 0.44981228 0.50397090 -0.60229654 0.42534824
1779473505.08877969 -0.73382849 2.07770390 -0.68513668 0.44958886 0.50576906 -0.60283285 0.42268200
1779473505.12210345 -0.73876647 2.07960018 -0.67462852 0.44611401 0.50870263 -0.60599126 0.41830434
1779473505.15542698 -0.74192859 2.08288795 -0.66090718 0.44312031 0.51189739 -0.60890109 0.41333392
1779473505.18875051 -0.74591671 2.08694876 -0.64402742 0.44021329 0.51566865 -0.61134868 0.40810648
1779473505.22207260 -0.75196306 2.09033063 -0.62595886 0.43675605 0.51990321 -0.61381897 0.40270471
1779473505.25539565 -0.76111337 2.09199260 -0.60840615 0.43236713 0.52440823 -0.61678770 0.39702343
1779473505.28871870 -0.76709631 2.09537298 -0.58871098 0.42800849 0.52900397 -0.61984517 0.39083948
1779473505.32204199 -0.77339823 2.09841423 -0.56946808 0.42348727 0.53347390 -0.62310340 0.38445583
1779473505.35536480 -0.77743396 2.10244450 -0.54948562 -0.41937134 -0.53773506 0.62627291 -0.37782392
1779473505.38868690 -0.77890686 2.10701320 -0.53020933 -0.41566680 -0.54157604 0.62944406 -0.37110198
1779473505.42200947 -0.78021609 2.11247086 -0.51027942 -0.41190887 -0.54547676 0.63263446 -0.36408766
1779473505.45533228 -0.78106494 2.11581695 -0.49393027 -0.40776092 -0.54894162 0.63591638 -0.35777716
1779473505.48865414 -0.78475723 2.11817534 -0.47898703 -0.40248624 -0.55235263 0.63992549 -0.35129299
1779473505.52197647 -0.78535210 2.12154163 -0.46408702 -0.39737441 -0.55545346 0.64428098 -0.34419043
1779473505.55529809 -0.78581903 2.12474647 -0.44946439 -0.39211525 -0.55839492 0.64873026 -0.33703087
1779473505.58862281 -0.78548361 2.12798049 -0.43646290 -0.38659973 -0.56099250 0.65352925 -0.32973866
1779473505.62200737 -0.78576566 2.13082829 -0.42754010 -0.38076493 -0.56302795 0.65878939 -0.32251222
1779473505.65541148 -0.78177805 2.13284551 -0.42317684 -0.37538126 -0.56379738 0.66434917 -0.31600886
1779473505.68881679 -0.78051749 2.13499007 -0.41906798 -0.36976039 -0.56478065 0.66959607 -0.30974373
1779473505.72222209 -0.78057706 2.13742308 -0.41124889 -0.36453185 -0.56651374 0.67378851 -0.30362438
1779473505.75562811 -0.78164158 2.14015578 -0.40199847 -0.35944799 -0.56860552 0.67741966 -0.29763654
1779473505.78903461 -0.77957591 2.14408131 -0.39205242 -0.35538321 -0.57050959 0.68058610 -0.29158899
1779473505.82244134 -0.77394652 2.14699083 -0.38185080 -0.35236612 -0.57204747 0.68334967 -0.28571497
1779473505.85584855 -0.77141643 2.15012274 -0.37427599 -0.34903004 -0.57351364 0.68595858 -0.28057255
1779473505.88925600 -0.77475275 2.15024565 -0.37153178 -0.34452508 -0.57459331 0.68887205 -0.27676759
1779473505.92266440 -0.77735712 2.15034608 -0.36855667 -0.34013273 -0.57565805 0.69168085 -0.27295629
1779473505.95607257 -0.78016729 2.15067124 -0.36361148 -0.33578686 -0.57704016 0.69420290 -0.26898733
1779473505.98948097 -0.78494893 2.15090869 -0.35849594 -0.33102836 -0.57877568 0.69668313 -0.26471031
1779473506.02288985 -0.78883728 2.15099606 -0.34908586 -0.32627662 -0.58084603 0.69889200 -0.26021421
1779473506.05629945 -0.79219531 2.15143058 -0.33974935 -0.32143802 -0.58291095 0.70105675 -0.25575744
1779473506.08970809 -0.79750288 2.15063610 -0.33031462 0.31616254 0.58497626 -0.70332611 0.25134916
1779473506.12311816 -0.80416962 2.14913302 -0.32168409 0.31060371 0.58697463 -0.70556967 0.24730055
1779473506.15652871 -0.81390974 2.14821568 -0.31052939 0.30498873 0.58957511 -0.70755140 0.24239243
1779473506.18993950 -0.81870920 2.14960171 -0.29098095 0.30103402 0.59315146 -0.70782745 0.23776070
1779473506.22335100 -0.81938795 2.15242670 -0.27058271 0.29852700 0.59675772 -0.70737873 0.23318919
1779473506.25676274 -0.81877194 2.15611283 -0.24973736 0.29738924 0.60047371 -0.70599573 0.22926183
1779473506.29017425 -0.82165639 2.15804616 -0.23826191 0.29631348 0.60377959 -0.70441152 0.22683241
1779473506.32358694 -0.82590457 2.15599055 -0.22835908 0.29530724 0.60545499 -0.70368741 0.22592461
1779473506.35699964 -0.82851566 2.15673814 -0.22500116 0.29498720 0.60661818 -0.70292156 0.22560633
1779473506.39041257 -0.82748608 2.15711490 -0.22392172 0.29534108 0.60718560 -0.70243193 0.22514147
1779473506.42382622 -0.82431539 2.15884310 -0.22032624 0.29598409 0.60803577 -0.70178400 0.22402043
1779473506.45724010 -0.82300023 2.16007889 -0.21386786 0.29586537 0.60937073 -0.70116714 0.22247615
1779473506.49065399 -0.82360864 2.16155000 -0.20601276 0.29525925 0.61166832 -0.70001755 0.22058847
1779473506.52406907 -0.82303145 2.16092513 -0.19296977 0.29438480 0.61369267 -0.69940974 0.21804797
1779473506.55748296 -0.82118825 2.16287542 -0.17773263 0.29352241 0.61633883 -0.69839201 0.21498752
1779473506.59089804 -0.82217420 2.16310982 -0.16585293 0.29201676 0.61862886 -0.69771532 0.21264497
1779473506.62424445 -0.82485364 2.16208589 -0.15948584 0.29007265 0.62019800 -0.69758061 0.21117197
1779473506.65756249 -0.82536697 2.16143288 -0.15870371 0.28857445 0.62073323 -0.69805357 0.21008629
1779473506.69088054 -0.82297229 2.16419962 -0.16561836 0.28789741 0.62071952 -0.69861051 0.20920257
1779473506.72419882 -0.82275677 2.16036238 -0.17415540 0.28678113 0.61884519 -0.70078807 0.20900552
1779473506.75751615 -0.81959604 2.16058937 -0.18092762 0.28661748 0.61781156 -0.70185061 0.20872234
1779473506.79083371 -0.81593265 2.16055580 -0.18778893 0.28664227 0.61691610 -0.70274287 0.20833434
1779473506.82415104 -0.81107261 2.16096240 -0.19461124 0.28674729 0.61596471 -0.70369573 0.20778783
1779473506.85746861 -0.80891240 2.16018361 -0.19991665 0.28634435 0.61543760 -0.70440134 0.20751438
1779473506.89078546 -0.80642930 2.15993745 -0.21190736 0.28587586 0.61466312 -0.70518982 0.20777769
1779473506.92410207 -0.80684989 2.15814989 -0.22063857 0.28505082 0.61378868 -0.70613116 0.20829852
1779473506.95741868 -0.81028892 2.15518709 -0.22885415 0.28387992 0.61315342 -0.70685084 0.20932500
1779473506.99073362 -0.81339304 2.15220312 -0.23805405 0.28278907 0.61248074 -0.70750174 0.21056823
1779473507.02404976 -0.81636671 2.14954853 -0.24680179 0.28202098 0.61186725 -0.70799706 0.21171397
1779473507.05736589 -0.81724735 2.14729585 -0.25628862 0.28161580 0.61100775 -0.70859346 0.21273782
1779473507.09068155 -0.81515405 2.14585551 -0.26648208 0.28199807 0.60984548 -0.70916009 0.21367626
1779473507.12399673 -0.81342803 2.14488964 -0.27354554 0.28250329 0.60922118 -0.70922978 0.21455665
1779473507.15731239 -0.80949660 2.14425486 -0.27982285 0.28351844 0.60867831 -0.70906960 0.21528657
1779473507.19062734 -0.80481973 2.14623868 -0.28502346 0.28464580 0.60863489 -0.70849909 0.21579940
1779473507.22394228 -0.80194194 2.14510868 -0.29003872 0.28479301 0.60824230 -0.70874101 0.21591764
1779473507.25725675 -0.79869244 2.14462968 -0.29249854 0.28479840 0.60815335 -0.70895730 0.21545051
1779473507.29057145 -0.79369273 2.14472901 -0.29384581 0.28489818 0.60814820 -0.70919149 0.21456053
1779473507.32388568 -0.78895052 2.14520495 -0.29252740 0.28498761 0.60858859 -0.70913568 0.21337428
1779473507.35719967 -0.78365962 2.14699893 -0.28945017 0.28530897 0.60978261 -0.70828811 0.21234857
1779473507.39051366 -0.77929887 2.14977643 -0.28278276 0.28560763 0.61090332 -0.70773398 0.21056595
1779473507.42382646 -0.77386855 2.15101237 -0.28006873 0.28621082 0.61143625 -0.70742362 0.20923887
1779473507.49045324 -0.76577726 2.15313727 -0.27744660 0.28785951 0.61213586 -0.70647745 0.20812546
1779473507.52376604 -0.76164375 2.15374722 -0.27522064 0.28870416 0.61250437 -0.70607017 0.20725157
1779473507.55707884 -0.75251342 2.15569127 -0.27162672 0.29008776 0.61323465 -0.70509199 0.20648884
1779473507.59039164 -0.74716565 2.15803099 -0.26624381 0.29008548 0.61403731 -0.70496232 0.20454028
1779473507.62370872 -0.74625073 2.15902652 -0.26271847 0.28847457 0.61471632 -0.70561154 0.20253053
1779473507.65702748 -0.74586383 2.15880658 -0.26368972 0.28619184 0.61461120 -0.70714603 0.20072815
1779473507.69034576 -0.74289029 2.15936998 -0.26627213 0.28418965 0.61405381 -0.70906090 0.19851147
1779473507.72366405 -0.73540606 2.15886557 -0.27295197 0.28285309 0.61307436 -0.71098034 0.19657293
1779473507.75698161 -0.73189980 2.15906223 -0.27471180 0.28118590 0.61271086 -0.71257520 0.19431024
1779473507.79029942 -0.72949675 2.16000473 -0.27298160 0.27952537 0.61300141 -0.71360159 0.19200940
1779473507.82361698 -0.72971075 2.16023518 -0.26761012 0.27758402 0.61409151 -0.71402049 0.18977218
1779473507.85693431 -0.73269189 2.15970201 -0.26012289 0.27497272 0.61562127 -0.71434648 0.18737545
1779473507.89025044 -0.73563351 2.15988172 -0.24792660 0.27222260 0.61797423 -0.71408994 0.18460297
1779473507.92356730 -0.73034778 2.16096660 -0.23613456 0.27062205 0.61999953 -0.71365447 0.18182847
1779473507.95688415 -0.73028621 2.16113093 -0.22380798 0.26772400 0.62214713 -0.71381655 0.17810878
1779473507.99020052 -0.72903212 2.16175931 -0.21268920 0.26476302 0.62395285 -0.71428079 0.17431678
1779473508.02351642 -0.73009046 2.16177554 -0.20109889 0.26121916 0.62595629 -0.71474461 0.17053859
1779473508.05683255 -0.73219868 2.16146185 -0.18842826 0.25728881 0.62815973 -0.71517168 0.16657518
1779473508.09014845 -0.73430010 2.16118027 -0.17598641 0.25313669 0.63030199 -0.71572505 0.16241572
1779473508.12346435 -0.73331239 2.16192495 -0.16183727 0.24940282 0.63261312 -0.71596671 0.15808402
1779473508.15677953 -0.73331419 2.16225108 -0.14667006 0.24522186 0.63494133 -0.71642949 0.15311607
1779473508.19009471 -0.72980313 2.16362478 -0.13401837 0.24162577 0.63667584 -0.71722748 0.14780261
1779473508.22341013 -0.72460466 2.16599678 -0.12077336 0.23817973 0.63847643 -0.71791847 0.14216658
1779473508.25672460 -0.71804037 2.16855829 -0.11044337 0.23505249 0.63972857 -0.71892067 0.13656774
1779473508.29003930 -0.70717661 2.16966639 -0.10400967 0.23299585 0.64068707 -0.71962850 0.13178707
1779473508.32335305 -0.69961715 2.17284922 -0.09422332 0.23037621 0.64188105 -0.72036533 0.12644886
1779473508.35666728 -0.69031406 2.17614751 -0.08536461 0.22861908 0.64297579 -0.72081067 0.12143899
1779473508.38998127 -0.68042654 2.17959724 -0.07368808 0.22766670 0.64461052 -0.72043606 0.11669206
1779473508.42329502 -0.67222028 2.18235123 -0.06385522 0.22680500 0.64630250 -0.71978777 0.11295194
1779473508.45660853 -0.66715028 2.18236666 -0.05969596 0.22516968 0.64708448 -0.72010256 0.10969317
1779473508.48992181 -0.66468131 2.18339519 -0.05246072 0.22300353 0.64834401 -0.72007317 0.10683676
1779473508.52323508 -0.66525710 2.18222195 -0.04660301 0.21960076 0.64934321 -0.72066803 0.10376176
1779473508.55654836 -0.66791582 2.18108723 -0.04072548 0.21545956 0.65038954 -0.72141688 0.10063949
1779473508.58986115 -0.66977562 2.18030020 -0.03399073 0.21125064 0.65149936 -0.72212818 0.09722474
1779473508.62317872 -0.67089638 2.17956135 -0.02707645 0.20669175 0.65247553 -0.72307632 0.09335331
1779473508.65649700 -0.67069324 2.17852409 -0.02199051 0.20231412 0.65355548 -0.72381280 0.08960616
1779473508.68981600 -0.67043282 2.17788485 -0.01414379 0.19813316 0.65459107 -0.72450796 0.08568544
1779473508.72313404 -0.67322603 2.17659045 -0.00857568 0.19357235 0.65536798 -0.72541776 0.08241133
1779473508.75645113 -0.67442369 2.17593973 -0.00382095 0.18943500 0.65597033 -0.72632379 0.07919005
1779473508.78976917 -0.67277547 2.17608392 0.00203210 0.18552180 0.65660961 -0.72718731 0.07512713
1779473508.82308698 -0.67068998 2.17623127 0.01405542 0.18111708 0.65806231 -0.72746059 0.07036819
1779473508.85640430 -0.66953997 2.17638578 0.03366876 0.17578513 0.66065814 -0.72692785 0.06485611
1779473508.88972163 -0.67158319 2.17519028 0.05528445 0.16977223 0.66373252 -0.72598820 0.05981362
1779473508.92303872 -0.67438206 2.17391921 0.07617557 0.16395249 0.66671549 -0.72495750 0.05519656
1779473508.95635605 -0.67546930 2.17215887 0.09036564 0.15891391 0.66883389 -0.72441231 0.05132653
1779473508.98967266 -0.67855022 2.17021912 0.10280530 0.15384675 0.67052066 -0.72417648 0.04797553
1779473509.02298880 -0.68067862 2.16856786 0.11354512 0.14951485 0.67194324 -0.72395916 0.04495244
1779473509.05630517 -0.68107617 2.16740995 0.12313623 0.14545795 0.67311214 -0.72389097 0.04176003
1779473509.08962131 -0.68085400 2.16543630 0.13094193 0.14119821 0.67421509 -0.72387560 0.03874534
1779473509.12293720 -0.67855680 2.16537344 0.13922832 0.13677478 0.67476511 -0.72442620 0.03451641
1779473509.15625310 -0.67402858 2.16562379 0.14667567 0.13246028 0.67515061 -0.72507188 0.02994498
1779473509.18956828 -0.67066409 2.16550873 0.15426366 0.12826236 0.67562049 -0.72554938 0.02576450
1779473509.22288299 -0.66598064 2.16524553 0.15982894 0.12472516 0.67586871 -0.72606158 0.02190206
1779473509.25619769 -0.66281021 2.16488717 0.16860235 0.12157644 0.67669467 -0.72592090 0.01850248
1779473509.28951287 -0.65473734 2.16493513 0.17518794 0.11891651 0.67737760 -0.72580302 0.01511359
1779473509.32282734 -0.65099885 2.16455076 0.18298425 0.11356458 0.67752948 -0.72660233 0.01029292
1779473509.35614204 -0.64550648 2.16472805 0.18982195 0.10723154 0.67709663 -0.72802681 0.00430165
1779473509.38945651 -0.63805354 2.16534700 0.19809832 0.10036511 0.67662964 -0.72944655 -0.00262751
1779473509.42277026 -0.63149561 2.16566465 0.20837381 0.09271576 0.67636151 -0.73064386 -0.00992192
1779473509.45608425 -0.62236139 2.16445660 0.21673279 0.08587987 0.67621324 -0.73150371 -0.01620587
1779473509.48939824 -0.61378448 2.16415101 0.23046647 0.07875330 0.67654097 -0.73180638 -0.02344464
1779473509.52271175 -0.60711331 2.16326377 0.24445832 0.07167243 0.67697396 -0.73189294 -0.03003404
1779473509.55602503 -0.60220474 2.16129495 0.26107825 0.06442157 0.67796463 -0.73136919 -0.03623445
1779473509.58933806 -0.59457758 2.16004000 0.27526092 0.05756046 0.67906792 -0.73061020 -0.04197957
1779473509.62269878 -0.58829636 2.15740503 0.28869600 0.04993378 0.67900131 -0.73080564 -0.04885657
1779473509.65605927 -0.58017395 2.15673945 0.30023634 0.04241106 0.67876364 -0.73100249 -0.05582635
1779473509.68942094 -0.57377402 2.15555303 0.31136557 0.03443494 0.67835374 -0.73124799 -0.06266430
1779473509.72278261 -0.56645475 2.15472767 0.31993040 0.02669242 0.67757626 -0.73170224 -0.06920804
1779473509.75614476 -0.55827109 2.15443949 0.32587440 0.01988381 0.67691414 -0.73195261 -0.07508164
1779473509.78950763 -0.55036388 2.15425705 0.33427262 0.01346762 0.67619652 -0.73214295 -0.08089241
1779473509.82287073 -0.54390049 2.15258629 0.34126138 0.00747500 0.67562783 -0.73215614 -0.08613099
1779473509.85623384 -0.53627342 2.15201242 0.35027997 0.00249477 0.67566245 -0.73156173 -0.09105747
1779473509.88959789 -0.52771705 2.15186115 0.35725629 -0.00180401 0.67545844 -0.73114110 -0.09584015
1779473509.92296171 -0.51700387 2.15328018 0.36705355 -0.00538353 0.67600692 -0.73003968 -0.10013851
1779473509.95632625 -0.50532915 2.15317811 0.37702251 -0.00880868 0.67646406 -0.72887288 -0.10518131
1779473509.98969126 -0.49163343 2.15344936 0.38814631 -0.01227490 0.67699022 -0.72750806 -0.11075014
1779473510.02305651 -0.47816014 2.15325218 0.40125556 -0.01609026 0.67774623 -0.72582798 -0.11651131
1779473510.05642176 -0.46054918 2.15290783 0.41227537 -0.01936887 0.67866416 -0.72394400 -0.12224931
1779473510.08978677 -0.45031179 2.14943204 0.42490214 -0.02492366 0.67849271 -0.72267445 -0.12949168
1779473510.12315273 -0.43623686 2.14825408 0.44160010 -0.03003964 0.67942375 -0.72040029 -0.13603090
1779473510.15651965 -0.42281359 2.14702952 0.45762574 -0.03563609 0.68010805 -0.71820582 -0.14270078
1779473510.18988657 -0.41171961 2.14521076 0.47401125 -0.04189707 0.68077140 -0.71594715 -0.14904570
1779473510.22325397 -0.39746661 2.14335437 0.48894243 -0.04738894 0.68152544 -0.71359143 -0.15512782
1779473510.25662136 -0.38525716 2.14138508 0.50440848 -0.05314939 0.68218328 -0.71118300 -0.16130674
1779473510.28998947 -0.37449273 2.13965015 0.51815378 -0.05865767 0.68259682 -0.70901651 -0.16708216
1779473510.32335782 -0.36308614 2.13865245 0.52938277 -0.06298391 0.68297291 -0.70699788 -0.17243847
1779473510.35672665 -0.35006150 2.13739468 0.53741719 -0.06553981 0.68381521 -0.70497398 -0.17638872
1779473510.39009571 -0.34327922 2.13643216 0.55089132 -0.06927280 0.68465754 -0.70271006 -0.18067622
1779473510.42346501 -0.33584859 2.13473015 0.56192367 -0.07229566 0.68558784 -0.70056046 -0.18427612
1779473510.45683527 -0.32950032 2.13320172 0.57152298 -0.07535820 0.68628593 -0.69865321 -0.18766049
1779473510.49020505 -0.32312842 2.13197705 0.58013637 -0.07840115 0.68682067 -0.69688316 -0.19100913
1779473510.52357602 -0.31931817 2.12652436 0.57912703 -0.08190830 0.68599860 -0.69620436 -0.19492678
1779473510.55694580 -0.31357528 2.12547203 0.58531176 -0.08555911 0.68587241 -0.69484083 -0.19863255
1779473510.59031677 -0.30551018 2.12548227 0.58932577 -0.08883964 0.68526076 -0.69379294 -0.20292009
1779473510.62368083 -0.29928936 2.12528372 0.59287981 -0.09257678 0.68446219 -0.69291305 -0.20691197
1779473510.65708518 -0.29365959 2.12625008 0.59270163 -0.09697685 0.68340485 -0.69203366 -0.21128822
1779473510.69049001 -0.28932976 2.12643474 0.59520131 -0.10186206 0.68204408 -0.69132746 -0.21565329
1779473510.72389460 -0.28409354 2.12653668 0.59894514 -0.10706184 0.68069080 -0.69038556 -0.22037602
1779473510.75730014 -0.27985844 2.12370985 0.59873796 -0.11275035 0.67833585 -0.69000845 -0.22591186
1779473510.79070520 -0.27202240 2.12464811 0.59995703 -0.11741090 0.67656057 -0.68926122 -0.23108319
1779473510.82411122 -0.26603032 2.12603915 0.59746268 -0.12184717 0.67427264 -0.68911573 -0.23585842
1779473510.85751796 -0.26171620 2.12718258 0.59307295 -0.12626901 0.67173876 -0.68917459 -0.24054428
1779473510.89092469 -0.25726848 2.12804933 0.59156493 -0.13059487 0.66970359 -0.68881286 -0.24490595
1779473510.92433167 -0.25026369 2.12394151 0.58547045 -0.13477001 0.66779913 -0.68782661 -0.25055124
1779473510.95773911 -0.24672663 2.12217807 0.59227526 -0.13984746 0.66698813 -0.68617013 -0.25444071
1779473510.99114585 -0.24304858 2.11950992 0.60155641 -0.14487976 0.66664615 -0.68409908 -0.25807209
1779473511.02455401 -0.24114647 2.11678071 0.61078712 -0.14984872 0.66632891 -0.68213850 -0.26122444
1779473511.05796266 -0.24073636 2.11415357 0.61947007 -0.15486971 0.66595015 -0.68034374 -0.26392833
1779473511.09137130 -0.24449991 2.11641458 0.63649596 -0.16024603 0.66633199 -0.67818737 -0.26530130
1779473511.12478065 -0.24440402 2.11420145 0.64207898 -0.16418580 0.66578104 -0.67691124 -0.26752534
1779473511.15819073 -0.24646340 2.11148389 0.64855591 -0.16790855 0.66552744 -0.67569640 -0.26891322
1779473511.19160056 -0.24786887 2.10826346 0.65714156 -0.17196589 0.66549050 -0.67411320 -0.27040991
1779473511.22501087 -0.24727869 2.10512101 0.66587759 -0.17663653 0.66510999 -0.67237675 -0.27264949
1779473511.25842166 -0.24566596 2.10563847 0.67049596 -0.18362507 0.66492698 -0.66913654 -0.27642401
1779473511.29183245 -0.24191898 2.10197615 0.68144694 -0.19013712 0.66394324 -0.66668544 -0.28028160
1779473511.32524395 -0.23435045 2.09789214 0.69585894 -0.19727138 0.66314271 -0.66340198 -0.28499749
1779473511.35865593 -0.22083916 2.09318993 0.71374152 -0.20562160 0.66224201 -0.65905993 -0.29119629
1779473511.39206815 -0.20345820 2.08315027 0.73114202 -0.21359329 0.66046265 -0.65503831 -0.29848250
1779473511.42547965 -0.18904440 2.07741980 0.75050503 -0.22300174 0.65929856 -0.64995905 -0.30520300
1779473511.45889258 -0.17594490 2.07304529 0.76544596 -0.23185078 0.65749346 -0.64566109 -0.31155951
1779473511.49230599 -0.16405006 2.07006135 0.77549236 -0.23988368 0.65511168 -0.64229024 -0.31740786
1779473511.52571940 -0.15471003 2.06860879 0.78058897 -0.24723972 0.65222303 -0.63937767 -0.32353335
1779473511.55913353 -0.14412093 2.06821457 0.79346086 -0.25310771 0.65059479 -0.63642559 -0.32806307
1779473511.59254789 -0.13024734 2.06548547 0.80195453 -0.25784861 0.64948826 -0.63325480 -0.33266718
1779473511.62594056 -0.11744958 2.06188226 0.81191141 -0.26264413 0.64881673 -0.62979462 -0.33676943
1779473511.65930200 -0.10642035 2.05737450 0.82319170 -0.26729075 0.64859444 -0.62620017 -0.34022676
1779473511.69266415 -0.09763255 2.05173621 0.83670971 -0.27303836 0.64833123 -0.62167245 -0.34444162
1779473511.72602606 -0.08471403 2.04666207 0.84812595 -0.27713850 0.64831207 -0.61825715 -0.34733817
1779473511.75938892 -0.07533481 2.04140465 0.86006835 0.28167912 -0.64827708 0.61468399 0.35008185
1779473511.79275203 -0.06908417 2.03598328 0.87206491 0.28634847 -0.64830893 0.61122681 0.35228095
1779473511.82611513 -0.06596711 2.03203903 0.87998905 0.29018238 -0.64806484 0.60880458 0.35378403
1779473511.85947895 -0.06262789 2.03012182 0.88296862 0.29301758 -0.64725601 0.60740810 0.35532486
1779473511.89284182 -0.06050044 2.02991070 0.88213465 0.29558223 -0.64588488 0.60664448 0.35699628
1779473511.92620659 -0.05948221 2.02992681 0.88052557 0.29788071 -0.64449454 0.60621139 0.35833173
1779473511.95957136 -0.05761158 2.02991750 0.87991354 0.29999718 -0.64335687 0.60552391 0.35976996
1779473511.99293661 -0.05612214 2.02996148 0.88080970 0.30212648 -0.64252038 0.60463693 0.36097275
1779473512.02630210 -0.05272012 2.02618801 0.87292412 0.30321042 -0.64141354 0.60445682 0.36233142
1779473512.05966783 -0.05324266 2.02494223 0.87340156 0.30607533 -0.64019739 0.60374908 0.36325230
1779473512.09303379 -0.05395903 2.02405831 0.87466572 0.30949758 -0.63871289 0.60295123 0.36428959
1779473512.12640071 -0.05312640 2.02263841 0.87540828 0.31228276 -0.63770686 0.60190477 0.36540402
1779473512.15976739 -0.05757422 2.02280193 0.88530290 0.31715167 -0.63741369 0.59928754 0.36602329
1779473512.19313478 -0.05411715 2.01844803 0.89268390 0.31985240 -0.63741078 0.59775873 0.36617814
1779473512.22650218 -0.05212702 2.01546205 0.89682794 0.32326388 -0.63662155 0.59602268 0.36738321
1779473512.25987029 -0.04866556 2.01406170 0.89760481 0.32635487 -0.63538946 0.59466233 0.36898433
1779473512.29323888 -0.04428389 2.01300430 0.89787497 0.32928821 -0.63410463 0.59324129 0.37087108
1779473512.32660675 -0.03972653 2.01137942 0.89942659 0.33204306 -0.63316901 0.59167693 0.37250883
1779473512.35997581 -0.03574254 2.00964338 0.90170513 0.33458555 -0.63262481 0.58966676 0.37434139
1779473512.39334512 -0.03351720 2.00777948 0.90088795 0.33678181 -0.63156181 0.58882585 0.37548877
1779473512.42671490 -0.03169380 2.00801324 0.89985975 0.33892952 -0.63023371 0.58819438 0.37677529
1779473512.46008539 -0.03166333 2.00926656 0.89566306 0.34094721 -0.62857368 0.58810996 0.37785817
1779473512.49345589 -0.03065074 2.01114018 0.89003519 0.34226123 -0.62707767 0.58823761 0.37895562
1779473512.52682662 -0.02939697 2.01354056 0.88289236 0.34320906 -0.62559774 0.58854071 0.38007215
1779473512.56019831 -0.02955308 2.01587607 0.87232504 0.34423727 -0.62397883 0.58863989 0.38164669
1779473512.59356976 -0.02833927 2.01839959 0.86442972 0.34497500 -0.62240488 0.58907381 0.38287918
1779473512.62692356 -0.02400002 2.01784105 0.84819203 0.34407698 -0.62002567 0.59107692 0.38445710
1779473512.66025043 -0.01999363 2.02077866 0.83927584 0.34426391 -0.61838609 0.59153716 0.38621859
1779473512.69357705 -0.01597624 2.02366254 0.82998118 0.34430447 -0.61687053 0.59194261 0.38798083
1779473512.72690368 -0.01165625 2.02577194 0.82196986 0.34527567 -0.61504664 0.59193185 0.39002440
1779473512.76022935 -0.00606043 2.02424299 0.81899383 0.34804801 -0.61377288 0.58992162 0.39260403
1779473512.79355550 0.00441313 2.01947659 0.82715731 0.35184666 -0.61357983 0.58619024 0.39510090
1779473512.82688165 0.01653758 2.01418540 0.83744853 0.35646886 -0.61323429 0.58181608 0.39794937
1779473512.86020780 0.03017733 2.00775443 0.84921123 0.36166529 -0.61276570 0.57686790 0.40117307
1779473512.89353347 0.04417786 2.00319402 0.86692376 0.36785952 -0.61271815 0.57082735 0.40424248
1779473512.92685938 0.05541010 1.99980923 0.87292554 0.37332840 -0.61056493 0.56698122 0.40788315
1779473512.96018505 0.06324709 2.00043810 0.87014971 0.37848030 -0.60690952 0.56459279 0.41188405
1779473512.99351025 0.07456730 2.00202927 0.86461193 0.38273224 -0.60315561 0.56231215 0.41656258
1779473513.02683592 0.08820443 2.00355656 0.85872518 0.38663832 -0.59960125 0.55965680 0.42163186
1779473513.06016088 0.10212463 2.00376134 0.84995341 0.39116587 -0.59626356 0.55631909 0.42657718
1779473513.09348631 0.11560189 2.00214484 0.85461987 0.39694145 -0.59381001 0.55181954 0.43049082
1779473513.12681127 0.13124637 1.99837369 0.85853790 0.40253229 -0.59133359 0.54695315 0.43489607
1779473513.16013598 0.14763843 1.99376401 0.86456347 0.40825461 -0.58919355 0.54146499 0.43931173
1779473513.19346094 0.16363958 1.98911848 0.86946669 0.41398161 -0.58676657 0.53613535 0.44371512
1779473513.22678447 0.17691839 1.98773869 0.86681378 0.41938094 -0.58304771 0.53198976 0.44851075
1779473513.26010919 0.18657027 1.98803283 0.85673669 0.42502501 -0.57792921 0.52851952 0.45389282
1779473513.29343319 0.19914561 1.98783074 0.85179642 0.43071749 -0.57338827 0.52443192 0.45899836
1779473513.32675743 0.21311002 1.98719447 0.84701979 0.43721042 -0.56830759 0.51961294 0.46462451
1779473513.36008120 0.22814804 1.98632698 0.84292120 0.44415782 -0.56293598 0.51422856 0.47052725
1779473513.39340520 0.24288765 1.98510586 0.83980212 0.45202755 -0.55699392 0.50833666 0.47646900
1779473513.42672944 0.25914841 1.98366411 0.83173802 0.45874846 -0.55079000 0.50281310 0.48307268
1779473513.46005321 0.27277415 1.98441035 0.82349439 0.46541559 -0.54453992 0.49777301 0.48896486
1779473513.49337673 0.28189473 1.98879511 0.80881023 0.47087009 -0.53755606 0.49434654 0.49491043
1779473513.52670026 0.29187882 1.99555102 0.78808080 0.47435646 -0.53067632 0.49200221 0.50130072
1779473513.56002331 0.30117661 2.00390071 0.76250817 0.47624940 -0.52387937 0.49067520 0.50791216
1779473513.59334636 0.30783514 2.01139992 0.73747952 0.47720436 -0.51786713 0.48975188 0.51403573
1779473513.62667131 0.31705943 2.01704939 0.71554603 0.47774011 -0.51299170 0.48855046 0.51954052
1779473513.65999651 0.32701472 2.02042310 0.69802255 0.47805746 -0.50937549 0.48679586 0.52443062
1779473513.69332314 0.33273769 2.02164390 0.68878242 -0.48007304 0.50612661 -0.48444955 -0.52789617
1779473513.72664952 0.33551589 2.02216052 0.68268254 -0.48258678 0.50318415 -0.48216988 -0.53049781
1779473513.75997543 0.33776138 2.02281847 0.67859796 -0.48518428 0.50073580 -0.47926968 -0.53306702
1779473513.79330134 0.34019610 2.02223064 0.67534031 -0.48732755 0.49871628 -0.47695575 -0.53507676
1779473513.82662749 0.34352126 2.02039737 0.67504726 0.48875305 -0.49796929 0.47467717 0.53649663
1779473513.85995293 0.34368917 2.01754091 0.67790031 0.48928666 -0.49826922 0.47436810 0.53600490
1779473513.89327884 0.34059288 2.01721509 0.68107250 0.48976598 -0.49832782 0.47435223 0.53552649
1779473513.92660403 0.33269626 2.01929793 0.67695603 0.48924580 -0.49795808 0.47641035 0.53451799
1779473513.95992947 0.32279516 2.02280089 0.67131924 -0.48813781 0.49761531 -0.47935827 -0.53321303
1779473513.99325466 0.31241817 2.02679260 0.66345605 -0.48690942 0.49673393 -0.48242816 -0.53238867
1779473514.02657986 0.30127587 2.02909323 0.64791707 -0.48723553 0.49427442 -0.48270067 -0.53412958
1779473514.05990458 0.29389655 2.03183357 0.63965976 -0.48706404 0.49277766 -0.48419042 -0.53432053
1779473514.09322834 0.29098386 2.03378005 0.63161959 -0.48721371 0.49113908 -0.48463757 -0.53528650
1779473514.12655330 0.29072398 2.03622851 0.62375369 -0.48807180 0.48896072 -0.48416329 -0.53692573
1779473514.15987802 0.29316806 2.03768077 0.61692718 -0.48959944 0.48647616 -0.48287185 -0.53895094
1779473514.19320226 0.29917684 2.03679636 0.61510092 -0.49123201 0.48520899 -0.48043403 -0.54078322
1779473514.22652626 0.30424749 2.03480239 0.61807836 -0.49366150 0.48433915 -0.47747840 -0.54196705
1779473514.25985050 0.30768015 2.03290807 0.62292880 -0.49653030 0.48346065 -0.47455443 -0.54269839
1779473514.29317474 0.31364606 2.03159093 0.62356617 -0.49878968 0.48218911 -0.47160590 -0.54432563
1779473514.32649851 0.31869783 2.03193558 0.61884286 -0.50038931 0.48021770 -0.46945354 -0.54645665
1779473514.35982251 0.32397365 2.03252182 0.61253686 -0.50163275 0.47816755 -0.46750949 -0.54877615
1779473514.39314604 0.32595649 2.03062442 0.59656746 -0.50206333 0.47535364 -0.46554207 -0.55248702
1779473514.42646956 0.33563716 2.02945176 0.59323270 -0.50270678 0.47450543 -0.46324275 -0.55455987
1779473514.45979285 0.34718513 2.02736799 0.59128419 -0.50338361 0.47412137 -0.46017799 -0.55682141
1779473514.49311590 0.36093594 2.02472376 0.59216020 -0.50404916 0.47441773 -0.45660699 -0.55890278
1779473514.52643895 0.37377314 2.02127187 0.58890270 -0.50489749 0.47449700 -0.45223437 -0.56161838
1779473514.55976129 0.38641977 2.01765183 0.59010395 -0.50541321 0.47513145 -0.44891783 -0.56327647
1779473514.59308410 0.39680564 2.01403052 0.59233620 0.50599509 -0.47599104 0.44592057 0.56440797
1779473514.62640858 0.40517152 2.01065215 0.59467274 0.50642166 -0.47694913 0.44347267 0.56514478
1779473514.65973520 0.41115798 2.00840461 0.59456016 0.50622583 -0.47783881 0.44203175 0.56569728
1779473514.69306159 0.41543367 2.00703292 0.59273322 0.50569267 -0.47855052 0.44134389 0.56610943
1779473514.72638774 0.41629901 2.00660753 0.58953772 0.50525048 -0.47882987 0.44138786 0.56623376
1779473514.75971389 0.41219257 2.00657668 0.58717496 0.50601769 -0.47812971 0.44174568 0.56586115
1779473514.79304004 0.40690666 2.00891357 0.58175743 0.50725287 -0.47627311 0.44262937 0.56563035
1779473514.82636571 0.40268718 2.01135035 0.57380844 0.50911138 -0.47334909 0.44264572 0.56640181
1779473514.85969162 0.40112466 2.01177357 0.57204440 0.51175481 -0.47118373 0.44134845 0.56683723
1779473514.89301753 0.40220485 2.01075671 0.57384947 0.51419506 -0.47010484 0.43947816 0.56697780
1779473514.92634273 0.40076356 2.01015162 0.57065902 0.51596281 -0.46883060 0.43805184 0.56753047
1779473514.95966840 0.39905923 2.01201374 0.56520640 0.51619773 -0.46778580 0.43840784 0.56790397
1779473514.99299264 0.39805441 2.01544281 0.55291754 0.51505492 -0.46648331 0.43975778 0.56896823
1779473515.02631760 0.40057707 2.01770640 0.54204826 -0.51348727 0.46589741 -0.44051130 -0.57028083
1779473515.05964279 0.40407621 2.01882328 0.53315511 -0.51259940 0.46528888 -0.44049733 -0.57158570
1779473515.09296751 0.40572648 2.01967689 0.52425706 -0.51256458 0.46468602 -0.44008461 -0.57242465
1779473515.12629223 0.41112750 2.01861845 0.52162644 -0.51202680 0.46519748 -0.43932687 -0.57307221
1779473515.15961719 0.41691847 2.01670067 0.52065885 -0.51153829 0.46610809 -0.43835483 -0.57351275
1779473515.19294143 0.41983580 2.01555680 0.51785721 -0.51093858 0.46667194 -0.43802427 -0.57384128
1779473515.22626591 0.42215019 2.01469996 0.51522253 -0.51006133 0.46741382 -0.43806230 -0.57398884
1779473515.25959015 0.42458085 2.01356424 0.51439484 0.50887642 -0.46880497 0.43822984 0.57377810
1779473515.29291463 0.42331708 2.01301776 0.51298516 0.50787608 -0.46984300 0.43907134 0.57317171
1779473515.32623863 0.42185379 2.01198225 0.51395906 0.50709473 -0.47134078 0.43985121 0.57203472
1779473515.35956216 0.42136821 2.01037758 0.51878421 0.50645182 -0.47352880 0.44020724 0.57052136
1779473515.39288592 0.42077153 2.00847379 0.52432512 0.50578743 -0.47594569 0.44051305 0.56886117
1779473515.42620826 0.41983394 2.00692448 0.52857139 0.50515157 -0.47802930 0.44075970 0.56748636
1779473515.45953178 0.41940096 2.00535442 0.53110502 0.50482763 -0.48015197 0.44035395 0.56629635
1779473515.49285531 0.41706275 2.00509915 0.53251421 0.50427691 -0.48141223 0.44087249 0.56531275
1779473515.52617836 0.41607894 2.00430129 0.53329224 0.50327501 -0.48299841 0.44151978 0.56434660
1779473515.55950141 0.41827087 2.00279326 0.53509429 0.50137256 -0.48564359 0.44206490 0.56334224
1779473515.59282470 0.42055395 2.00037173 0.53793182 0.49915476 -0.48892469 0.44247027 0.56215410
1779473515.62614870 0.42213820 1.99790322 0.54200732 0.49636824 -0.49287696 0.44320990 0.56058528
1779473515.65947485 0.41486209 1.99832613 0.53958263 0.49343364 -0.49560164 0.44611492 0.55846552
1779473515.69280005 0.40441854 2.00007892 0.53901227 0.49030526 -0.49840358 0.45011333 0.55551113
1779473515.72612596 0.39439384 2.00086213 0.54058089 0.48742046 -0.50151839 0.45365293 0.55235823
1779473515.75945115 0.38524655 2.00086199 0.54394017 0.48486044 -0.50484632 0.45666378 0.54908902
1779473515.79277658 0.37703757 2.00207822 0.54795940 0.48290582 -0.50795617 0.45889360 0.54607615
1779473515.82610154 0.37145555 2.00277772 0.54866383 0.48055089 -0.51047556 0.46128144 0.54378762
1779473515.85942674 0.36442894 2.00564229 0.54154495 0.47811419 -0.51129109 0.46412625 0.54274770
1779473515.89275050 0.35629067 2.00881279 0.53376301 0.47643677 -0.51130067 0.46683305 0.54189162
1779473515.92607498 0.34747081 2.01223507 0.52375427 0.47514594 -0.51083249 0.46887746 0.54170142
1779473515.95939970 0.33730477 2.01585454 0.51497732 0.47303874 -0.51099804 0.47219058 0.54051032
1779473515.99272442 0.32777493 2.01870272 0.50858800 0.46973833 -0.51270749 0.47591511 0.53849952
1779473516.02604866 0.31822096 2.02080590 0.50365088 0.46521826 -0.51577372 0.48030835 0.53558689
1779473516.05937266 0.30616331 2.02304484 0.50279026 0.46044690 -0.51955824 0.48505714 0.53175883
1779473516.09269643 0.29475233 2.02469062 0.49795459 -0.45527085 0.52318729 -0.49010498 -0.52801574
1779473516.12602043 0.28371777 2.02684380 0.49265905 -0.45027363 0.52645122 -0.49520310 -0.52428682
1779473516.15934420 0.27430054 2.02933097 0.48975892 -0.44569430 0.52983068 -0.49956065 -0.52064882
1779473516.19266772 0.26691429 2.03036907 0.48616167 -0.44156685 0.53281451 -0.50310518 -0.51769933
1779473516.22599125 0.25671976 2.03078799 0.47953590 -0.43858910 0.53435074 -0.50609964 -0.51572477
1779473516.25931478 0.24988687 2.03165696 0.47603894 -0.43598497 0.53607235 -0.50872976 -0.51355387
1779473516.29263806 0.24307453 2.03229242 0.47331119 -0.43372211 0.53768238 -0.51111515 -0.51141381
1779473516.32596016 0.23768377 2.03239463 0.47045799 -0.43136824 0.53928947 -0.51334043 -0.50948004
1779473516.35928297 0.22985986 2.03444109 0.46636746 -0.43017167 0.54026691 -0.51476072 -0.50802106
1779473516.39260578 0.22153231 2.03545989 0.46273757 -0.42878456 0.54101158 -0.51696770 -0.50615677
1779473516.42592859 0.21601934 2.03557123 0.46156250 -0.42759073 0.54212008 -0.51845166 -0.50445997
1779473516.45925117 0.21018872 2.03722510 0.46194194 -0.42665146 0.54329721 -0.52043295 -0.50194244
1779473516.49257326 0.20413297 2.03800013 0.45888107 -0.42592524 0.54343744 -0.52210425 -0.50067014
1779473516.52589607 0.19892762 2.03861727 0.45563640 -0.42548513 0.54338381 -0.52348145 -0.49966350
1779473516.55921769 0.19397412 2.03841575 0.45495192 -0.42541131 0.54365369 -0.52443772 -0.49842849
1779473516.59254003 0.18798404 2.03769096 0.45841499 -0.42643513 0.54464857 -0.52402710 -0.49689698
1779473516.62587476 0.18588551 2.03598817 0.46594017 -0.42652231 0.54678345 -0.52367359 -0.49484598
1779473516.65927958 0.18411924 2.03535290 0.46899583 -0.42611142 0.54825132 -0.52390304 -0.49333066
1779473516.69268441 0.18232436 2.03686672 0.46283226 -0.42446577 0.54856540 -0.52551990 -0.49268007
1779473516.72608995 0.18347846 2.03890069 0.45186592 -0.42142830 0.54881832 -0.52763199 -0.49274854
1779473516.75949454 0.18620937 2.03995859 0.44380744 -0.41819497 0.54978693 -0.52942940 -0.49249550
1779473516.79290080 0.18669703 2.03844323 0.44552985 -0.41613010 0.55206640 -0.53033182 -0.49072047
1779473516.82630730 0.18176475 2.03617241 0.45515134 -0.41591844 0.55473967 -0.53081154 -0.48735496
1779473516.85971379 0.17479768 2.03397856 0.46425450 -0.41619949 0.55693528 -0.53147270 -0.48387793
1779473516.89312148 0.16991974 2.03216464 0.47132862 -0.41637086 0.55878081 -0.53197564 -0.48104181
1779473516.92652893 0.16727549 2.03080042 0.47685085 -0.41561028 0.56093139 -0.53264903 -0.47844443
1779473516.95993686 0.16883936 2.02860008 0.47287235 -0.41314332 0.56227491 -0.53425957 -0.47720670
1779473516.99334550 0.16750023 2.02902236 0.47219247 -0.41092700 0.56400110 -0.53573613 -0.47542461
1779473517.02675390 0.16557799 2.03025965 0.46826068 -0.40823010 0.56538040 -0.53805231 -0.47349013
1779473517.06016326 0.16425186 2.03229574 0.46000771 -0.40484311 0.56631435 -0.54093657 -0.47199337
1779473517.09357262 0.16430341 2.03278767 0.45577870 -0.40153908 0.56825113 -0.54356617 -0.46946015
1779473517.12698245 0.16019679 2.03290473 0.45624017 -0.39967210 0.56992308 -0.54560544 -0.46665253
1779473517.16039252 0.15583927 2.03269140 0.45793844 -0.39797248 0.57169611 -0.54747546 -0.46373708
1779473517.19380331 0.15316530 2.03257974 0.45866450 -0.39595895 0.57351744 -0.54927411 -0.46107722
1779473517.22721314 0.14554963 2.03447811 0.45918004 -0.39493321 0.57425037 -0.55066334 -0.45938454
1779473517.26062441 0.14501734 2.03541251 0.45586472 -0.39235864 0.57544535 -0.55236721 -0.45804784
1779473517.29403639 0.14734527 2.03580666 0.45311786 -0.38929996 0.57702272 -0.55399939 -0.45670013
1779473517.32744813 0.14984631 2.03570283 0.45064505 -0.38635976 0.57862234 -0.55557721 -0.45525408
1779473517.36086082 0.15072870 2.03583499 0.44843672 -0.38412920 0.57978784 -0.55701577 -0.45389895
1779473517.39427376 0.15531358 2.03597900 0.44750085 -0.38159126 0.58173498 -0.55820573 -0.45208283
1779473517.42768669 0.15803431 2.03533008 0.44872201 -0.38014168 0.58312284 -0.55858702 -0.45104391
1779473517.46110010 0.16332432 2.03015683 0.44563036 -0.37813552 0.58386797 -0.55944646 -0.45070099
1779473517.49451423 0.16477037 2.02872346 0.45116315 -0.37846559 0.58500397 -0.55858122 -0.45002353
1779473517.52792835 0.16544369 2.02707534 0.45626490 -0.37928304 0.58579273 -0.55769380 -0.44940948
1779473517.56134319 0.16737250 2.02543149 0.46046057 -0.37993148 0.58645811 -0.55680276 -0.44909871
1779473517.59475827 0.16846367 2.02489873 0.46537230 0.38088101 -0.58711785 0.55553168 0.44900650
1779473517.62816525 0.17721034 2.02153056 0.46784234 0.37976208 -0.58871540 0.55565779 0.44770455
1779473517.66148305 0.17792780 2.01984552 0.47524128 0.38073098 -0.58988964 0.55453108 0.44673193
1779473517.69480205 0.17911700 2.01790839 0.48360720 0.38167393 -0.59125152 0.55325334 0.44571000
1779473517.72812104 0.17948132 2.01622045 0.49091458 0.38276053 -0.59226183 0.55206517 0.44490937
1779473517.76143956 0.17930324 2.01558873 0.49507527 0.38408660 -0.59252936 0.55117006 0.44451997
1779473517.79475808 0.18165402 2.01540163 0.49496397 0.38509283 -0.59206186 0.55037967 0.44525104
1779473517.82807589 0.18292794 2.01467254 0.49521542 0.38667151 -0.59138723 0.54929259 0.44612099
1779473517.86139369 0.19529376 2.01152226 0.49695001 0.38649355 -0.59214097 0.54804805 0.44680548
1779473517.89471197 0.20254169 2.00890591 0.50364195 0.38917981 -0.59217750 0.54490942 0.44826177
1779473517.92802930 0.21070957 2.00589327 0.51028138 0.39356216 -0.59112238 0.54069531 0.45092321
1779473517.96134663 0.22027381 2.00319606 0.51517095 0.39918907 -0.58886500 0.53587567 0.45466842
1779473517.99466372 0.22957467 2.00174686 0.51551547 0.40585876 -0.58490411 0.53100311 0.45956669
1779473518.02798080 0.23874203 2.00413284 0.52319556 0.41491886 -0.58097151 0.52365388 0.46486671
1779473518.06129789 0.25173645 2.00249187 0.52127431 0.42258290 -0.57583913 0.51748174 0.47121719
1779473518.09461331 0.26616943 2.00084988 0.51802900 0.43029566 -0.57036675 0.51083791 0.47809210
1779473518.12792969 0.27718611 2.00266048 0.51979143 0.43953168 -0.56464567 0.50297596 0.48477041
1779473518.16124582 0.30118624 1.99314700 0.50007900 0.44364675 -0.55814014 0.49921995 0.49237850
1779473518.19456196 0.31771965 1.99144986 0.49421986 0.45133008 -0.55192847 0.49179529 0.49981347
1779473518.22787786 0.33448068 1.98985988 0.48710275 0.45876953 -0.54562811 0.48419832 0.50731890
1779473518.26119304 0.34994945 1.98864440 0.47883913 0.46611869 -0.53914203 0.47676887 0.51453929
1779473518.29450870 0.36600699 1.98729103 0.46906931 0.47308334 -0.53261786 0.46925773 0.52183096
1779473518.32782364 0.38622432 1.98574292 0.45713912 0.47883039 -0.52643627 0.46282756 0.52856122
1779473518.36113906 0.40316909 1.98475770 0.44475847 0.48467107 -0.52009122 0.45552417 0.53581415
1779473518.39445353 0.41925733 1.98363445 0.43272187 0.49031831 -0.51404362 0.44819796 0.54264694
1779473518.42776847 0.43489898 1.98254002 0.42043726 0.49544871 -0.50834405 0.44112842 0.54911075
1779473518.46108246 0.44973059 1.98110263 0.40933995 0.50019718 -0.50320926 0.43432685 0.55492649
1779473518.49439692 0.46321823 1.97589534 0.39128700 0.50303843 -0.49689641 0.42932286 0.56189694
1779473518.52771115 0.47756145 1.97400611 0.38127919 0.50667583 -0.49272092 0.42310734 0.56699724
1779473518.56102395 0.49050748 1.97198305 0.37033528 0.50989909 -0.48875329 0.41739828 0.57175329
1779473518.59433770 0.49922786 1.97056336 0.35931916 0.51334842 -0.48441716 0.41247900 0.57591187
1779473518.62765169 0.50538081 1.97000585 0.34892883 0.51674314 -0.48022686 0.40806482 0.57951859
1779473518.66097045 0.50683084 1.97037125 0.34163348 0.52117952 -0.47526653 0.40293036 0.58321588
1779473518.69428849 0.50890130 1.97059961 0.33082912 0.52508900 -0.47018127 0.39891117 0.58658416
1779473518.72760701 0.51305487 1.97061571 0.31764044 0.52831343 -0.46512985 0.39488125 0.59043030
1779473518.76092505 0.51716092 1.97000610 0.30679942 0.53194407 -0.46026330 0.39039103 0.59395964
1779473518.79424238 0.52113400 1.96810330 0.30477814 0.53675706 -0.45637244 0.38497348 0.59616397
1779473518.82755995 0.52353487 1.96626077 0.30680743 0.54235592 -0.45260978 0.37935038 0.59756818
1779473518.86087775 0.52818866 1.96553845 0.30247168 0.54648606 -0.44808739 0.37476260 0.60010305
1779473518.89419484 0.53202579 1.96639660 0.28817974 0.54991024 -0.44225780 0.37020387 0.60411577
1779473518.92751193 0.53545851 1.96698690 0.27682549 0.55405642 -0.43630021 0.36504109 0.60778994
1779473518.96082854 0.53743316 1.96693313 0.27088726 0.55920101 -0.43056407 0.35940317 0.61052286
1779473518.99414420 0.53521916 1.96797269 0.26876966 0.56558688 -0.42462738 0.35250402 0.61281644
1779473519.02746058 0.53485075 1.96797003 0.26851724 0.57100976 -0.41977891 0.34702818 0.61425155
1779473519.06077671 0.53285592 1.96899426 0.26440464 0.57568802 -0.41456170 0.34242418 0.61600940
1779473519.09409261 0.53190954 1.97062929 0.25279006 0.57829910 -0.40951830 0.33919816 0.61871602
1779473519.12740850 0.53391813 1.96929774 0.23848716 0.57887807 -0.40504697 0.33794823 0.62179427
1779473519.16072416 0.53480810 1.97027680 0.22757630 0.58050950 -0.40096634 0.33510894 0.62444913
1779473519.19403934 0.53856514 1.97021580 0.21755131 0.58185637 -0.39759056 0.33192373 0.62704987
1779473519.22735453 0.54353333 1.96948651 0.21129079 0.58352254 -0.39479013 0.32818572 0.62923472
1779473519.26066947 0.54793227 1.96859437 0.20501626 0.58584610 -0.39185035 0.32400030 0.63107960
1779473519.29398441 0.55282723 1.96755482 0.20128607 0.58828941 -0.38891495 0.31968050 0.63282313
1779473519.32729864 0.55516440 1.96724882 0.19733029 0.59109747 -0.38532380 0.31561585 0.63444148
1779473519.36061335 0.55914824 1.96718678 0.19324292 0.59360343 -0.38192182 0.31152815 0.63617679
1779473519.39392734 0.56436899 1.96687596 0.18556437 0.59561760 -0.37813988 0.30718941 0.63865841
1779473519.42724013 0.57107124 1.96593201 0.17711940 0.59724254 -0.37457026 0.30265178 0.64140500
1779473519.46055388 0.58038966 1.96477311 0.16767716 0.59782725 -0.37167051 0.29914977 0.64418400
1779473519.49386740 0.58531445 1.96378514 0.15876137 0.59894253 -0.36842381 0.29541942 0.64672954
1779473519.52718067 0.58817432 1.96355485 0.15051779 0.59999444 -0.36553638 0.29261825 0.64866354
1779473519.56049395 0.59081290 1.96339180 0.14279223 0.60047956 -0.36350217 0.29065887 0.65023679
1779473519.59380698 0.58892491 1.96354401 0.13666124 0.60191640 -0.36086250 0.28808070 0.65152468
1779473519.62712026 0.59787615 1.96421701 0.14021904 0.60225957 -0.36204433 0.28689144 0.65107651
1779473519.66043854 0.60364266 1.96261431 0.13724623 0.60234187 -0.36183631 0.28510585 0.65189985
1779473519.69375682 0.61027585 1.96140290 0.12740808 0.60132016 -0.36112465 0.28371847 0.65384010
1779473519.72707462 0.61406789 1.96228880 0.11595039 0.60068887 -0.35907284 0.28256916 0.65604440
1779473519.76039267 0.61316787 1.95827047 0.10142592 0.59995555 -0.35585583 0.28248331 0.65850068
1779473519.79371023 0.61446207 1.95801040 0.09724124 0.60089039 -0.35410438 0.28081459 0.65930570
1779473519.82702732 0.61842352 1.95653692 0.09807021 0.60232950 -0.35330129 0.27840689 0.65944445
1779473519.86034441 0.62277458 1.95496569 0.10333411 0.60472061 -0.35260565 0.27516018 0.65899099
1779473519.89366055 0.62469488 1.95816262 0.10947119 0.60833821 -0.35134680 0.27021003 0.65838179
1779473519.92697740 0.62917135 1.95311440 0.09848143 0.60750814 -0.34896616 0.27082839 0.66015790
1779473519.96029401 0.63039039 1.95323198 0.08775444 0.60783440 -0.34617553 0.26910498 0.66202896
1779473519.99361038 0.62974290 1.95384512 0.07801568 0.60841536 -0.34317029 0.26769134 0.66363111
1779473520.02692652 0.62996309 1.95436734 0.06754312 0.60871056 -0.34047459 0.26643764 0.66525144
1779473520.06024218 0.63157855 1.95592884 0.06173314 0.60933221 -0.33851545 0.26453319 0.66644109
1779473520.09355783 0.62970643 1.95630430 0.05293430 0.61017753 -0.33710266 0.26195573 0.66740121
1779473520.12687349 0.63501169 1.95499622 0.04974250 0.61113291 -0.33581787 0.25919182 0.66825334
1779473520.16018867 0.64100093 1.95346535 0.04520312 0.61207191 -0.33418390 0.25601912 0.66943507
1779473520.19350386 0.64799112 1.95153180 0.04057148 0.61333959 -0.33217952 0.25210609 0.67075616
1779473520.22681904 0.65044762 1.95082765 0.03814848 0.61621880 -0.32859542 0.24727734 0.67167950
1779473520.26013374 0.65343093 1.94956695 0.03620567 0.61961350 -0.32449906 0.24185766 0.67252089
1779473520.29344797 0.65384762 1.94931965 0.03366470 0.62391488 -0.31885291 0.23571078 0.67342666
1779473520.32676125 0.65603584 1.94994865 0.03026587 0.62810543 -0.31274450 0.23056350 0.67417722
1779473520.36007571 0.65255232 1.95129854 0.02218380 0.63288626 -0.30441286 0.22317127 0.67600471
1779473520.39338970 0.64933373 1.95274391 0.01317465 0.63772904 -0.29553254 0.21537814 0.67791920
1779473520.42670321 0.64755604 1.95360009 0.00466385 0.64248053 -0.28693984 0.20711672 0.67969623
1779473520.46001649 0.64824289 1.95378409 -0.00240936 0.64681950 -0.27935167 0.19933377 0.68106771
1779473520.49332976 0.64711731 1.95447496 -0.01265981 0.65056724 -0.27131812 0.19157632 0.68296944
1779473520.52664304 0.64826799 1.95476264 -0.02208167 0.65396719 -0.26370919 0.18425822 0.68471402
1779473520.55995584 0.64783253 1.95432795 -0.03250315 0.65707878 -0.25619908 0.17635553 0.68666458
1779473520.59326887 0.64726592 1.95457951 -0.04228581 0.66042367 -0.24831272 0.16812384 0.68841538
1779473520.62658191 0.64443012 1.95572988 -0.05197231 0.66413569 -0.23951480 0.15963602 0.68998028
1779473520.65990019 0.63715458 1.95832398 -0.06185998 0.66864019 -0.22937549 0.15182580 0.69083725
1779473520.69321847 0.63113087 1.96015502 -0.07208834 0.67317353 -0.21853274 0.14195497 0.69204742
1779473520.72653604 0.62403665 1.96207714 -0.08320878 0.67824537 -0.20604231 0.13030255 0.69321788
1779473520.75985289 0.61699737 1.96381136 -0.09345506 0.68370364 -0.19253804 0.11697103 0.69411542
1779473520.79317045 0.61111064 1.96611727 -0.10222646 0.68900773 -0.17892525 0.10332128 0.69467893
1779473520.82648802 0.60998351 1.96619753 -0.11809834 0.69257474 -0.16615764 0.08881628 0.69630707
1779473520.85980511 0.60513281 1.96683753 -0.13386345 0.69592068 -0.15297136 0.07497132 0.69761986
1779473520.89312196 0.59894052 1.96764195 -0.14995472 0.69885293 -0.13980253 0.06140674 0.69877682
1779473520.92643881 0.59233017 1.96783720 -0.16551740 0.70148549 -0.12732993 0.04835375 0.69954779
1779473520.95975518 0.58848055 1.96782703 -0.17992737 0.70335626 -0.11558033 0.03528118 0.70049011
1779473520.99307156 0.58335244 1.96760325 -0.19726615 0.70461991 -0.10412322 0.02261546 0.70153951
1779473521.02638721 0.57391934 1.96879908 -0.21632102 0.70539565 -0.09193705 0.01063684 0.70274562
1779473521.05970311 0.56425886 1.96947691 -0.23612337 0.70562450 -0.07991147 -0.00116065 0.70406454
1779473521.09301901 0.55496186 1.96987058 -0.25564524 0.70563397 -0.06835543 -0.01299045 0.70515210
1779473521.12633443 0.54807646 1.96980470 -0.27330340 0.70555529 -0.05759077 -0.02496688 0.70586946
1779473521.15964961 0.54213683 1.96962205 -0.28857031 0.70557372 -0.04759309 -0.03669498 0.70608364
1779473521.19296479 0.53468053 1.96971788 -0.30275677 0.70547303 -0.03791273 -0.04751648 0.70612507
1779473521.22627878 0.52780644 1.96980005 -0.31595001 0.70518549 -0.02907359 -0.05765155 0.70607680
1779473521.25959325 0.51888031 1.96943224 -0.33322944 0.70395437 -0.02041365 -0.06691829 0.70679096
1779473521.29290795 0.50880327 1.96958776 -0.34871059 0.70273061 -0.01220771 -0.07520719 0.70736450
1779473521.32622194 0.49758726 1.96995521 -0.36318699 0.70153709 -0.00418828 -0.08288779 0.70778371
1779473521.35953593 0.48794636 1.97058397 -0.37333701 0.70088391 0.00292345 -0.08998747 0.70757011
1779473521.39284992 0.47894059 1.97144783 -0.38072336 0.70060699 0.00971149 -0.09692380 0.70686725
1779473521.42616391 0.46865765 1.97279854 -0.38675797 0.70049517 0.01684014 -0.10380355 0.70586667
1779473521.45947695 0.46558236 1.97147318 -0.39773308 0.70066547 0.02271953 -0.10849292 0.70482694
1779473521.49279022 0.44937269 1.97583630 -0.39426444 0.70075990 0.03049057 -0.11722012 0.70304007
1779473521.52610350 0.43864832 1.97849083 -0.39768857 0.70070256 0.03820701 -0.12422227 0.70151619
1779473521.55941606 0.42955748 1.97992614 -0.40024381 0.70076416 0.04485017 -0.13083007 0.69985823
1779473521.59272861 0.42038801 1.98093129 -0.40372757 0.70055214 0.05139454 -0.13734514 0.69837069
1779473521.62601995 0.41136076 1.97530626 -0.40351955 0.70033046 0.05881557 -0.14470106 0.69651962
1779473521.65945864 0.40184712 1.97579541 -0.40485392 0.69985526 0.06642913 -0.15222273 0.69470715
1779473521.69289970 0.39138231 1.97551531 -0.40747951 0.69931322 0.07403234 -0.15955748 0.69283594
1779473521.72634125 0.38156206 1.97541262 -0.40946351 0.69838244 0.08197652 -0.16732292 0.69104620
1779473521.75978351 0.36868577 1.97346618 -0.41320726 0.69709597 0.08995661 -0.17398090 0.68970694
1779473521.79322696 0.35251498 1.96873198 -0.41999457 0.69575400 0.09685102 -0.18079532 0.68837439
1779473521.82667089 0.33996045 1.97239711 -0.42159606 0.69554249 0.10341284 -0.18835822 0.68560018
1779473521.86011600 0.33550585 1.98312148 -0.40923147 0.69593775 0.10942893 -0.19132674 0.68343986
1779473521.89356208 0.32430764 1.98549819 -0.40583859 0.69580010 0.11529494 -0.19523323 0.68150809
1779473521.92700863 0.31276703 1.98710337 -0.40310184 0.69475698 0.12145623 -0.20000721 0.68011634
1779473521.96045661 0.30070134 1.99085346 -0.39882447 0.69411405 0.12851545 -0.20512226 0.67794861
1779473521.99390507 0.28631069 1.99508263 -0.39660329 0.69266928 0.13631796 -0.21053336 0.67624137
1779473522.02735448 0.27046946 1.99696870 -0.39883943 0.69061891 0.14488378 -0.21549392 0.67499376
1779473522.06080437 0.25647125 2.00072975 -0.40059891 0.68842322 0.15298193 -0.22190143 0.67337193
1779473522.09425473 0.24371070 2.00505069 -0.39948368 0.68572802 0.16012213 -0.22783621 0.67247948
1779473522.12770677 0.22730991 2.00802639 -0.39881660 0.68222055 0.16865852 -0.23251448 0.67235887
1779473522.16115952 0.21014391 2.00584670 -0.41423174 0.67983791 0.17556865 -0.23487526 0.67218277
1779473522.19461322 0.19841884 2.00226611 -0.43164958 0.67745003 0.18032475 -0.23912932 0.67183451
1779473522.22806764 0.19360766 2.00437103 -0.43111671 0.67537597 0.18440057 -0.24239803 0.67164493
1779473522.26152325 0.19241600 2.00360664 -0.43693885 0.67406671 0.18737180 -0.24730969 0.67034603
1779473522.29497981 0.19328653 2.00487046 -0.43578272 0.67211190 0.19123435 -0.25289604 0.66913273
1779473522.32843685 0.19520358 2.00738439 -0.43031495 0.67039366 0.19557956 -0.25828245 0.66754113
1779473522.36189508 0.19013413 2.00378798 -0.43820382 0.66869126 0.20045336 -0.26573887 0.66487090
1779473522.39535403 0.18623835 2.00546097 -0.43707279 0.66790018 0.20592960 -0.27214321 0.66139279
1779473522.42881370 0.18120144 2.00397303 -0.43509486 0.66584181 0.21164608 -0.27955762 0.65856523
1779473522.46227407 0.17073944 2.00528470 -0.43495942 0.66326871 0.21886154 -0.28522495 0.65636954
1779473522.49573565 0.17067193 2.01814436 -0.42870811 0.66077530 0.22482876 -0.29352068 0.65320260
1779473522.52919817 0.16301340 2.01996822 -0.42884212 0.65744090 0.23182199 -0.30065927 0.65087175
1779473522.56266046 0.16444088 2.02673494 -0.42372289 0.65459229 0.23739525 -0.30839860 0.64810704
1779473522.59612441 0.15695531 2.02211439 -0.42875799 0.65179598 0.24346138 -0.31568004 0.64516252
1779473522.62958956 0.16717651 2.02716150 -0.41588409 0.64975599 0.24755425 -0.32167555 0.64269657
1779473522.66296363 0.17584717 2.02474058 -0.41480862 0.64752793 0.25110866 -0.32793630 0.64039816
1779473522.69632745 0.19553774 2.03520247 -0.39954858 0.64685985 0.25461589 -0.33330627 0.63690659
1779473522.72970390 0.19244697 2.03883287 -0.40506437 0.64473830 0.25846800 -0.34083199 0.63351430
1779473522.76308036 0.20019384 2.04634883 -0.39508612 0.64274927 0.26234590 -0.34531155 0.63151242
1779473522.79645681 0.20764630 2.04725449 -0.39768265 0.64069053 0.26400466 -0.35083816 0.62986488
1779473522.82983375 0.21479155 2.04812521 -0.40074278 0.63927180 0.26476548 -0.35462354 0.62886640
1779473522.86321092 0.22635457 2.04572675 -0.40428608 0.63800653 0.26275228 -0.35734217 0.62945650
1779473522.89658785 0.23971188 2.05119741 -0.39716277 0.63736784 0.26206948 -0.35858476 0.62968150
1779473522.92996550 0.24714173 2.05264736 -0.39279896 0.63724601 0.26263822 -0.36106549 0.62814840
1779473522.96334267 0.25966848 2.05601609 -0.38068279 0.63882828 0.26167841 -0.36189983 0.62645938
1779473522.99671984 0.26908250 2.06002994 -0.36651202 0.64052768 0.26131400 -0.36223116 0.62468222
1779473523.03009748 0.27424009 2.06500350 -0.35050979 0.64229495 0.26133628 -0.36152694 0.62326465
1779473523.06347561 0.27608334 2.06949063 -0.33422608 0.64420083 0.26199196 -0.36066856 0.62151725
1779473523.09685373 0.29174126 2.07629922 -0.31783032 0.64695418 0.25437131 -0.35660887 0.62415994
1779473523.13023186 0.29234088 2.07653322 -0.30835051 0.64826915 0.25477149 -0.35758203 0.62207209
1779473523.16361046 0.29011047 2.07831537 -0.30096929 0.64858246 0.25611306 -0.35827402 0.62079515
1779473523.19698930 0.28847818 2.08065468 -0.29555522 0.64845145 0.25655734 -0.35871734 0.62049249
1779473523.23036814 0.28494771 2.08345642 -0.28970270 0.64823645 0.25779760 -0.35877632 0.62016889
1779473523.26374722 0.28181338 2.08604581 -0.27960147 0.64905148 0.25874338 -0.35805312 0.61933997
1779473523.29712653 0.27995809 2.08899792 -0.26962492 0.64976203 0.25929000 -0.35784839 0.61848406
1779473523.33050585 0.27845835 2.09017719 -0.26042623 0.65093493 0.25832363 -0.35713735 0.61806596
1779473523.36388493 0.27541371 2.09515568 -0.25452389 0.65134351 0.25914536 -0.35551629 0.61822608
1779473523.39726496 0.27250869 2.09793713 -0.24775525 0.65178806 0.26097441 -0.35384481 0.61794703
1779473523.43064380 0.27062123 2.10399772 -0.24244312 0.65188232 0.26137319 -0.35307617 0.61811869
1779473523.46402359 0.26654135 2.10315052 -0.24024930 0.65136248 0.26040797 -0.35465958 0.61816761
1779473523.49740434 0.33981210 2.15780169 -0.10777789 0.65012550 0.26327378 -0.36184683 0.61407705
1779473523.53078437 0.37013683 2.15070225 -0.08428640 0.64732592 0.26289290 -0.36514933 0.61524178
1779473523.56416488 0.37260149 2.15013778 -0.07136721 0.64820409 0.26494267 -0.36446029 0.61384488
1779473523.59754586 0.37638461 2.15765601 -0.05493315 0.64919725 0.26652723 -0.36508774 0.61173287
1779473523.63092661 0.37330293 2.17612855 -0.04493658 0.64871599 0.26834257 -0.36985719 0.60857661
1779473523.66430759 0.37048121 2.19778281 -0.03441525 0.65004491 0.26730288 -0.37474346 0.60461403
1779473523.69765043 0.37646859 2.21140733 -0.01730872 0.64963698 0.26819379 -0.37939509 0.60175016
1779473523.73096275 0.38173735 2.21600814 -0.01551465 0.64816931 0.26854248 -0.38325371 0.60073128
1779473523.76427460 0.24833177 2.22095433 -0.10255492 0.64060975 0.27445143 -0.38524028 0.60488470
1779473523.79758620 0.24880087 2.22735262 -0.09948258 0.63953419 0.27458770 -0.38850544 0.60387179
1779473523.83089781 0.30472825 2.22630115 -0.02879108 0.63782069 0.27398155 -0.39205020 0.60366838
1779473523.86420870 0.32173247 2.22743717 -0.01290396 0.63632949 0.27303039 -0.39473266 0.60392492
1779473523.89751863 0.30039833 2.21998009 0.03461042 0.63384397 0.27479192 -0.39570258 0.60510387
1779473523.93082905 0.29834470 2.22309237 0.04330742 0.63269994 0.27591484 -0.39906317 0.60358129
1779473523.96413994 0.30572897 2.23353793 0.07339339 0.63138922 0.27755608 -0.40105708 0.60287934
1779473523.99744987 0.29785236 2.23919309 0.08362109 0.63057222 0.27769618 -0.40138661 0.60345033
1779473524.03075981 0.30049137 2.24722159 0.11549324 0.62903427 0.28099834 -0.40022295 0.60429910
1779473524.06406927 0.31983854 2.27257958 0.17316157 0.62740674 0.28543970 -0.40243415 0.60243814
1779473524.09737897 0.31356253 2.28009500 0.20195102 0.62721133 0.28801705 -0.40280435 0.60116619
1779473524.13068795 0.29989390 2.28766989 0.22140153 0.62717248 0.28838408 -0.40170133 0.60176852
1779473524.16399670 0.28833657 2.29774650 0.24121962 0.62710572 0.28772635 -0.40142567 0.60233661
1779473524.19730520 0.29177391 2.30654976 0.27697808 0.62660226 0.28628899 -0.40204500 0.60313186
1779473524.23061371 0.28767393 2.32706230 0.30258936 0.62447655 0.28771536 -0.40412136 0.60327012
1779473524.26392174 0.28995067 2.35415613 0.34288864 0.62342740 0.28707073 -0.40741767 0.60244461
1779473524.29722977 0.30375810 2.37054873 0.39877057 0.62349568 0.28886498 -0.40940829 0.60016249
1779473524.33053613 0.38626316 2.44448982 0.56422259 0.62345515 0.27060909 -0.40999318 0.60825980
1779473524.36384344 0.37539042 2.45419322 0.61114664 0.62506308 0.27324586 -0.40900028 0.60609538
1779473524.39715028 0.36887128 2.47706246 0.66885414 0.62451703 0.27545679 -0.40776016 0.60649295
1779473524.43045735 0.36752981 2.50191237 0.72744186 0.62411224 0.27486582 -0.40713894 0.60759409
1779473524.46376371 0.38171805 2.57273602 0.84417766 0.62160404 0.26625307 -0.40360795 0.61629404
1779473524.49707007 0.38865056 2.59354131 0.88756265 0.62285791 0.26304226 -0.40268358 0.61701112
1779473524.53037620 0.38796607 2.61842058 0.94227658 0.62230341 0.26227312 -0.40305825 0.61765308
1779473524.56368184 0.38083082 2.64204213 0.99096168 0.62142613 0.26255549 -0.40331328 0.61824960
1779473524.59698749 0.36969836 2.67035562 1.05039506 0.62065138 0.26388570 -0.40164402 0.61954683
1779473524.63029289 0.35918300 2.69695542 1.09927318 0.61954575 0.26422995 -0.40149544 0.62060214
1779473524.66359782 0.35200769 2.72479898 1.15518316 0.61922637 0.26097919 -0.40152925 0.62227231
1779473524.69690752 0.33417453 2.73976745 1.19750973 0.62015389 0.25966337 -0.40036961 0.62264618
1779473524.73022056 0.27049303 2.75791973 1.38142365 0.63183024 0.25679574 -0.38173782 0.62379703
1779473524.76353240 0.24796593 2.78348675 1.41921065 0.63095535 0.25512087 -0.38062544 0.62604549
1779473524.79684496 0.22793108 2.80873975 1.45851703 0.63059683 0.25270583 -0.37965963 0.62796972
1779473524.83015752 0.20906887 2.83117704 1.50444210 0.63099343 0.25066375 -0.37863210 0.62900931
1779473524.86346912 0.18584799 2.85580903 1.54802430 0.63051445 0.24978142 -0.37753038 0.63050106
1779473524.89678121 0.16007596 2.88098783 1.59097016 0.62919430 0.24997235 -0.37673667 0.63221660
1779473524.93009257 0.13371149 2.90863903 1.63134146 0.62705766 0.25138445 -0.37615986 0.63412011
1779473524.96340394 0.11108166 2.93746304 1.67021393 0.62475493 0.25247251 -0.37617932 0.63594657
1779473524.99671483 0.09471054 2.96662260 1.70915441 0.62299731 0.25221742 -0.37678728 0.63741044
1779473525.03002572 0.08273233 2.99324784 1.75333245 0.62256848 0.25057193 -0.37742116 0.63810303
1779473525.06333637 0.07045812 3.01600293 1.80496950 0.62336435 0.24845132 -0.37756532 0.63806994
1779473525.09664702 -0.03733693 3.14555875 1.87619908 0.62090695 0.23919143 -0.37534389 0.64527435
1779473525.12995672 -0.05730786 3.17325414 1.93135555 0.62139616 0.23783865 -0.37533939 0.64530608
1779473525.16326666 -0.07697758 3.20164606 2.00086768 0.62149389 0.23702406 -0.37535227 0.64550416
1779473525.19657612 -0.08431846 3.23097927 2.06652856 0.62128836 0.23775636 -0.37626881 0.64489881
1779473525.22988486 -0.10715042 3.27212274 2.13207384 0.62127832 0.23752619 -0.37718183 0.64445979
1779473525.26319361 -0.12029302 3.30319519 2.20502606 0.62200161 0.23751451 -0.37842635 0.64303527
1779473525.29650235 -0.13517731 3.33674267 2.27501671 0.62282072 0.23699041 -0.37937177 0.64187767
1779473525.32981133 -0.15728075 3.37071611 2.33751314 0.62423046 0.23611761 -0.37969786 0.64063589
1779473525.36311913 -0.16998517 3.38925589 2.41362861 0.62680461 0.23636273 -0.37869226 0.63862416
1779473525.39642739 -0.19488631 3.40084812 2.50164882 0.63058280 0.23518902 -0.37739608 0.63610035
1779473525.42973518 -0.22025383 3.40863435 2.59468697 0.63499685 0.23378276 -0.37593368 0.63308648
1779473525.46304297 -0.24675719 3.41670076 2.68707434 0.63930309 0.23222997 -0.37449660 0.63016910
1779473525.49635005 -0.27631910 3.43301988 2.76890054 0.64211259 0.23091115 -0.37334259 0.62847973
1779473525.52965713 -0.30806151 3.45427892 2.84487991 0.64406224 0.22973641 -0.37233524 0.62751214
1779473525.56296444 -0.34479381 3.47642930 2.91966445 0.64574709 0.22878552 -0.37100049 0.62691827
1779473525.59627104 -0.38577629 3.49564062 2.99765963 0.64790468 0.22768047 -0.36920482 0.62615408
1779473525.62957740 -0.42847180 3.51089516 3.08003150 0.65076648 0.22617307 -0.36715292 0.62493797
1779473525.66288209 -0.47416265 3.52040027 3.16834570 0.65381783 0.22555044 -0.36480794 0.62334935
1779473525.69619226 -0.51759966 3.52799865 3.25888695 0.65660432 0.22562129 -0.36279483 0.62156714
1779473525.72950459 -0.55592993 3.53695829 3.34882157 0.65879505 0.22624119 -0.36146052 0.61979860
1779473525.76281714 -0.58951921 3.54699613 3.43866198 0.66020101 0.22783896 -0.36075010 0.61812895
1779473525.79612899 -0.61629405 3.56379614 3.52323191 0.66053615 0.22976109 -0.36095749 0.61693721
1779473525.82944036 -0.63746761 3.58506141 3.60510029 0.66034897 0.23162018 -0.36181883 0.61593706
1779473525.86275196 -0.65451467 3.60574361 3.68911667 0.66030796 0.23330252 -0.36299776 0.61465109
1779473525.89606309 -0.66738348 3.62854813 3.77270523 0.66045403 0.23423304 -0.36454879 0.61322062
1779473525.92937374 -0.67956817 3.65788589 3.85129348 0.66048032 0.23419041 -0.36630524 0.61216098
1779473525.96268463 -0.69249265 3.69709860 3.92176004 0.65988339 0.23351883 -0.36826034 0.61188821
1779473525.99599504 -0.70423153 3.74360043 3.98700093 0.65889552 0.23234837 -0.37047907 0.61205898
1779473526.02930522 -0.71456868 3.78813841 4.05569333 0.65786653 0.23175450 -0.37271779 0.61203181
1779473526.06261492 -0.71745175 3.83629619 4.12360762 0.65612177 0.23187474 -0.37560722 0.61209276
1779473526.09592366 -0.70310111 3.88736586 4.19297544 0.65410336 0.23204543 -0.37981977 0.61158863
1779473526.12923265 -0.67572968 3.92617774 4.27656254 0.65301991 0.23271458 -0.38456287 0.60952466
1779473526.16254187 -0.64432971 3.96057340 4.36522911 0.65199648 0.23397974 -0.38936398 0.60708299
1779473526.19585061 -0.61460258 4.00344981 4.44661078 0.65017138 0.23524605 -0.39413324 0.60547128
1779473526.22915959 -0.59087968 4.04544906 4.52873113 0.64840090 0.23664789 -0.39831072 0.60408825
1779473526.26246786 -0.57771673 4.08540323 4.61210739 0.64667697 0.23841791 -0.40156885 0.60308229
1779473537.19559669 0.20053084 2.01308487 0.93442342 -0.05481753 0.71447353 -0.66849870 -0.19907813
1779473537.22900748 0.19974083 2.00796305 0.94654682 -0.05238796 0.71685914 -0.66614792 -0.19903624
1779473537.26241994 0.20000731 2.00739993 0.94594638 -0.04848153 0.71806302 -0.66592389 -0.19641895
1779473537.29583216 0.19364984 2.01121324 0.93642351 -0.04545192 0.71711409 -0.66777294 -0.19432140
1779473537.32924557 0.18482409 2.01816096 0.92548776 -0.04251781 0.71610577 -0.66991978 -0.19129102
1779473537.36265898 0.17498320 2.02399574 0.91534049 -0.03947933 0.71498535 -0.67220522 -0.18808903
1779473537.39607286 0.16662687 2.02641123 0.90677754 -0.03587486 0.71467338 -0.67355799 -0.18513396
1779473537.42948675 0.15972111 2.02728594 0.90755826 -0.03161785 0.71574862 -0.67368680 -0.18124656
1779473537.46290112 0.15427472 2.02388212 0.91098945 -0.02729090 0.71764293 -0.67270540 -0.17807662
1779473537.49631619 0.14487712 2.01833662 0.92298758 -0.02441748 0.72053720 -0.67035365 -0.17565855
1779473537.52973175 0.13558176 2.01057571 0.93637444 -0.02130816 0.72365965 -0.66829008 -0.17102937
1779473537.56314731 0.12397263 2.00578671 0.94580385 -0.02022663 0.72608666 -0.66671204 -0.16698534
1779473537.59656358 0.11180036 2.00517543 0.94972560 -0.02051942 0.72711162 -0.66637786 -0.16379313
1779473537.62998009 0.10045488 2.00509201 0.94281954 -0.02130229 0.72651080 -0.66755916 -0.16153337
1779473537.66339540 0.09293688 2.00624767 0.93976797 -0.02130275 0.72648682 -0.66808774 -0.15944238
1779473537.69679952 0.08844968 2.00939411 0.93926805 -0.01994137 0.72660219 -0.66850261 -0.15733994
1779473537.73016453 0.03566342 2.00852654 0.88799099 -0.03117527 0.72148286 -0.67126503 -0.16701451
1779473537.76352978 0.02577860 2.01172147 0.87194140 -0.03079274 0.71916975 -0.67361977 -0.16758007
1779473537.79689550 0.06405532 2.03174328 0.91714918 -0.01846034 0.72515019 -0.67067470 -0.15495765
1779473537.83026195 0.05673417 2.03639232 0.90736864 -0.01774933 0.72402916 -0.67227700 -0.15333088
1779473537.86362815 0.05335913 2.03764912 0.90312885 -0.01714662 0.72360901 -0.67285892 -0.15282951
1779473537.89699507 0.05962797 2.03027207 0.88596560 -0.01428603 0.72156073 -0.67550562 -0.15112306
1779473537.93036222 0.06068523 2.02965058 0.88274724 -0.01374814 0.72139161 -0.67585076 -0.15043568
1779473537.96373034 0.06417040 2.03028461 0.87439477 -0.01231971 0.72045274 -0.67715234 -0.14920050
1779473537.99709845 0.01935194 2.02802163 0.82665495 -0.02247746 0.71507469 -0.68080890 -0.15704201
1779473538.03046656 0.06807694 2.03156552 0.84503553 -0.00943055 0.71638600 -0.68203626 -0.14672661
1779473538.06383562 0.07472749 2.04108140 0.85080233 -0.00507125 0.71740908 -0.68218781 -0.14113216
1779473538.09720397 0.07213431 2.04553250 0.83994633 -0.00349872 0.71613507 -0.68380791 -0.13980366
1779473538.13057375 0.07415481 2.04812998 0.82989891 -0.00008402 0.71517930 -0.68531995 -0.13731395
1779473538.16394329 0.06737096 2.04767022 0.81507159 0.00139744 0.71349946 -0.68719855 -0.13665547
1779473538.19731426 0.05347668 2.04562436 0.79892894 0.00086422 0.71190011 -0.68850663 -0.13840561
1779473538.23068476 0.07077990 2.04828638 0.80434244 0.01094584 0.71318315 -0.68887654 -0.12922500
1779473538.26405644 0.00702789 2.05121108 0.76393414 -0.00089369 0.71040592 -0.68951737 -0.14102632
1779473538.29742789 -0.00660267 2.05482341 0.76349673 0.00190503 0.71144300 -0.68883558 -0.13910709
1779473538.33080006 -0.01105617 2.05269983 0.76119361 0.00866722 0.71247099 -0.68874214 -0.13395610
1779473538.36417246 -0.01765673 2.05283310 0.76766305 0.01514121 0.71502301 -0.68698375 -0.12870964
1779473538.39754510 -0.02646390 2.05064481 0.77462082 0.02126052 0.71774094 -0.68486606 -0.12391296
1779473538.43091822 0.02467125 2.04016391 0.81668824 0.04509309 0.72176486 -0.68317152 -0.10148288
1779473538.46429205 0.01672810 2.03635713 0.83010913 0.05094471 0.72522164 -0.67994824 -0.09554375
1779473538.49766588 -0.05764124 2.03593487 0.79898657 0.03740194 0.72574332 -0.67870053 -0.10612879
1779473538.53104043 -0.06091936 2.03212260 0.79191046 0.04383744 0.72512834 -0.67992908 -0.09981793
1779473538.56441402 -0.07761425 2.03577812 0.77402759 0.04690234 0.72330691 -0.68213844 -0.09651133
1779473538.59778929 -0.10029933 2.03924238 0.74272688 0.04922144 0.71945915 -0.68630328 -0.09457058
1779473538.63116479 -0.11321491 2.04296035 0.72227766 0.05471593 0.71719196 -0.68907439 -0.08842143
1779473538.66454077 -0.12190016 2.04770134 0.71685849 0.06090672 0.71765260 -0.68907072 -0.08029112
1779473538.69791317 -0.13936202 2.04643289 0.71267344 0.06439617 0.71817532 -0.68886227 -0.07447225
1779473538.73127341 -0.15648038 2.04447179 0.71749804 0.06746516 0.71995860 -0.68739792 -0.06776551
1779473538.76463389 -0.16703431 2.04226924 0.72224786 0.07037115 0.72178297 -0.68567957 -0.06261600
1779473538.79799461 -0.17078079 2.04409615 0.73531358 0.07441992 0.72409851 -0.68340954 -0.05562761
1779473538.83135629 -0.17731569 2.04464494 0.73068419 0.07557690 0.72397468 -0.68343682 -0.05534345
1779473538.86471772 -0.18253097 2.04458887 0.72817553 0.07740231 0.72397551 -0.68357011 -0.05099269
1779473538.89807963 -0.18832809 2.04590838 0.72354943 0.07777859 0.72389139 -0.68370431 -0.04980118
1779473538.93144155 -0.19076905 2.04481720 0.71559786 0.07859196 0.72322538 -0.68450853 -0.04707906
1779473538.96480370 -0.19793675 2.04394686 0.70953187 0.07712573 0.72273435 -0.68516376 -0.04751101
1779473538.99816561 -0.20196435 2.04570393 0.71081262 0.07560902 0.72309014 -0.68493615 -0.04781627
1779473539.03152847 -0.19898132 2.04599819 0.71180196 0.07502703 0.72337863 -0.68463678 -0.04864955
1779473539.06489205 -0.19373136 2.04779966 0.70867526 0.07402306 0.72307712 -0.68484729 -0.05161643
1779473539.09825540 -0.18605511 2.04880983 0.70202168 0.07424820 0.72209509 -0.68567775 -0.05396211
1779473539.13161945 -0.17843119 2.05048519 0.69637514 0.07542218 0.72173571 -0.68590014 -0.05431445
1779473539.16498399 -0.17256485 2.05318049 0.69327111 0.07664014 0.72138053 -0.68605559 -0.05535475
1779473539.19834805 -0.17007169 2.05465256 0.68500013 0.07740687 0.72069872 -0.68662262 -0.05613299
1779473539.23171282 -0.16796890 2.05673081 0.68015599 0.07848012 0.72014341 -0.68702737 -0.05681307
1779473539.26507807 -0.16298627 2.05875004 0.67713148 0.08033689 0.72018205 -0.68676842 -0.05685890
1779473539.29844356 -0.16388596 2.05939850 0.66926288 0.08071014 0.71939099 -0.68740661 -0.05860575
1779473539.33180928 -0.16275981 2.06244334 0.66477716 0.08125522 0.71860135 -0.68802523 -0.06025754
1779473539.36517572 -0.16516471 2.06454434 0.65009051 0.08191825 0.71693852 -0.68960066 -0.06115140
1779473539.39854169 -0.15515114 2.07004472 0.64138623 0.08594506 0.71599705 -0.69034110 -0.05823083
1779473539.43190742 -0.15476667 2.07546528 0.63017485 0.08782879 0.71459594 -0.69158962 -0.05781475
1779473539.46527457 -0.15502309 2.07712909 0.61445139 0.09027542 0.71254862 -0.69345962 -0.05690838
1779473539.49864173 -0.15520683 2.08045971 0.60475378 0.09352009 0.71157139 -0.69416062 -0.05532797
1779473539.53200960 -0.15993727 2.08262027 0.59643643 0.09654425 0.71093501 -0.69456812 -0.05315781
1779473539.56537747 -0.16897964 2.08248599 0.59150923 0.09912304 0.71106779 -0.69428844 -0.05020731
1779473539.59874582 -0.18289128 2.08061146 0.58757159 0.10045454 0.71086484 -0.69437020 -0.04929600
1779473539.63211393 -0.19103347 2.08071979 0.57677558 0.10512370 0.71031581 -0.69440540 -0.04692117
1779473539.66548324 -0.20215799 2.08364962 0.57374768 0.11018407 0.71040620 -0.69376307 -0.04330480
1779473539.69884372 -0.21520949 2.08425153 0.56880944 0.11509428 0.71065605 -0.69294771 -0.03930331
1779473539.73217750 -0.20730900 2.08226526 0.57125184 0.12507285 0.71181105 -0.69048336 -0.03024146
1779473539.76551127 -0.21824324 2.08136156 0.56990494 0.13037843 0.71271383 -0.68876810 -0.02527769
1779473539.79884505 -0.22954539 2.08201115 0.56302075 0.13480616 0.71264728 -0.68814689 -0.02037207
1779473539.83217859 -0.23561576 2.08383571 0.55627582 0.13966053 0.71235313 -0.68761651 -0.01521494
1779473539.86551213 -0.24545016 2.08490882 0.55017693 0.14296838 0.71230915 -0.68705226 -0.01161487
1779473539.89884448 -0.25842053 2.08510666 0.54306884 0.14500884 0.71222550 -0.68674874 -0.00913430
1779473539.93217802 -0.25996905 2.08435965 0.54197013 0.14890262 0.71243949 -0.68574272 -0.00386205
1779473539.96551156 -0.26937151 2.08394884 0.53839307 0.15072398 0.71270371 -0.68508011 -0.00096981
1779473539.99884462 -0.27701300 2.08269582 0.53745033 0.15284998 0.71325540 -0.68403246 0.00179135
1779473540.03217769 -0.28970381 2.08204737 0.53690193 0.15285744 0.71403615 -0.68321424 0.00229684
1779473540.06551099 -0.28899464 2.07866773 0.54200564 0.15574830 0.71542604 -0.68107255 0.00694444
1779473540.09884429 -0.29498511 2.07677927 0.54424420 0.15641471 0.71651751 -0.67975477 0.00839965
1779473540.13217735 -0.29809661 2.07582301 0.54484435 0.15753956 0.71708577 -0.67887375 0.00998555
1779473540.16550970 -0.30046801 2.07643739 0.54001510 0.15865387 0.71677162 -0.67893007 0.01101643
1779473540.19884300 -0.30083662 2.07811824 0.53290165 0.16075704 0.71598957 -0.67924101 0.01215553
1779473540.23217583 -0.30164427 2.08035054 0.52270429 0.16381346 0.71480115 -0.67972372 0.01414679
1779473540.26550841 -0.29993377 2.08307523 0.51199587 0.16842727 0.71355341 -0.67982218 0.01776471
1779473540.29884100 -0.30332318 2.08642663 0.49878745 0.17305532 0.71205333 -0.68011533 0.02179541
1779473540.33217239 -0.31008533 2.08911933 0.48226425 0.17814148 0.71016721 -0.68057933 0.02720160
1779473540.36550522 -0.31917791 2.09085469 0.46496744 0.18462989 0.70833985 -0.68040639 0.03483683
1779473540.39883733 -0.33058861 2.09495612 0.44030647 0.19219243 0.70539427 -0.68087162 0.04352971
1779473540.43217015 -0.35728592 2.10284442 0.40602045 0.19783560 0.70186822 -0.68242649 0.05036031
1779473540.46550226 -0.35781167 2.10427944 0.37164339 0.21128171 0.69661238 -0.68230361 0.06747601
1779473540.49883461 -0.37654857 2.10748954 0.33631813 0.22156292 0.69230294 -0.68191446 0.08135838
1779473540.53216648 -0.40927529 2.11014681 0.29894349 0.22886623 0.68886793 -0.68164244 0.09189563
1779473540.56549907 -0.41760969 2.10881457 0.27503747 0.24141252 0.68518438 -0.67820885 0.11079315
1779473540.59883070 -0.43315152 2.10987810 0.24278740 0.25040546 0.68106931 -0.67687738 0.12360712
1779473540.63216257 -0.44371431 2.11169589 0.20972588 0.25882562 0.67649018 -0.67612564 0.13499798
1779473540.66549492 -0.44658010 2.11388968 0.18169704 0.26743314 0.67215713 -0.67501392 0.14505347
1779473540.69882774 -0.44894085 2.11578789 0.15517746 0.27505127 0.66809330 -0.67415677 0.15333230
1779473540.73216128 -0.44758496 2.11795709 0.12850645 0.28280859 0.66372748 -0.67347399 0.16099043
1779473540.76549435 -0.44410922 2.12162190 0.10602685 -0.29073044 -0.65967953 0.67248361 -0.16752468
1779473540.79882836 -0.43235135 2.12419893 0.08322823 -0.30053150 -0.65499057 0.67071716 -0.17551826
1779473540.83216238 -0.42829659 2.12611336 0.06087348 -0.30846545 -0.65089822 0.66917659 -0.18271089
1779473540.86549616 -0.42838530 2.12681373 0.03817775 -0.31585532 -0.64691341 0.66735368 -0.19072893
1779473540.89883018 -0.42609989 2.12712466 0.01660943 -0.32299207 -0.64290105 0.66542523 -0.19890606
1779473540.93216395 -0.42883315 2.12726356 -0.00164652 -0.32861899 -0.63981079 0.66351155 -0.20592267
1779473540.96549749 -0.42892806 2.12737973 -0.01902801 -0.33441468 -0.63666026 0.66163990 -0.21228088
1779473540.99883127 -0.42234853 2.12691105 -0.03224572 -0.34069654 -0.63375154 0.65927873 -0.21825769
1779473541.03216481 -0.41954283 2.12741223 -0.03978049 -0.34611611 -0.63191236 0.65676450 -0.22260009
1779473541.06549811 -0.43372591 2.12902353 -0.04058195 -0.34853062 -0.63187741 0.65478973 -0.22473934
1779473541.09883142 -0.41490296 2.12801358 -0.04773380 -0.35509758 -0.62987006 0.65133794 -0.23006151
1779473541.13216472 -0.41703670 2.12805613 -0.05115272 -0.35788561 -0.62935983 0.64931333 -0.23284391
1779473541.16549826 -0.41929059 2.12795676 -0.05973215 -0.35957404 -0.62813895 0.64862354 -0.23544740
1779473541.19883156 -0.41719541 2.12697058 -0.07477372 -0.36173781 -0.62558419 0.64832961 -0.23970585
1779473541.23216343 -0.41806424 2.12689130 -0.08981743 -0.36321616 -0.62317753 0.64868001 -0.24277157
1779473541.26549649 -0.41417279 2.12644779 -0.10389293 -0.36562961 -0.62063358 0.64860939 -0.24583491
1779473541.29882979 -0.41303994 2.12627720 -0.11718419 -0.36791052 -0.61819326 0.64854860 -0.24872406
1779473541.33216238 -0.42799671 2.13160218 -0.11770671 -0.36811851 -0.61780254 0.64989826 -0.24584758
1779473541.36549568 -0.40603817 2.12693777 -0.13942027 -0.37334783 -0.61405025 0.64721129 -0.25430539
1779473541.39882803 -0.40814087 2.12726176 -0.14498726 -0.37562414 -0.61311340 0.64577370 -0.25685558
1779473541.43216085 -0.40689779 2.12754732 -0.15024763 -0.37816778 -0.61230034 0.64402362 -0.25944365
1779473541.46549392 -0.41049002 2.12811919 -0.15281921 -0.37916324 -0.61228785 0.64279842 -0.26105365
1779473541.49882627 -0.41335093 2.12811163 -0.15756827 -0.37976960 -0.61178575 0.64257816 -0.26189035
1779473541.53215885 -0.41069876 2.12744997 -0.16700428 -0.37983427 -0.61065253 0.64330835 -0.26264762
1779473541.56549120 -0.41314764 2.12769009 -0.17326182 -0.37942083 -0.61019962 0.64384834 -0.26297447
1779473541.59882379 -0.41267588 2.12752209 -0.17843874 -0.38000633 -0.60957864 0.64384579 -0.26357478
1779473541.63215613 -0.41257054 2.12875505 -0.18356806 -0.38046902 -0.60894191 0.64406070 -0.26385392
1779473541.76549053 -0.39580034 2.13405794 -0.22778901 -0.38592089 -0.60106367 0.64687785 -0.26708907
1779473541.96549392 -0.38242244 2.13504409 -0.27988681 -0.39554949 -0.59172615 0.64647800 -0.27471249
1779473542.13216043 -0.37316393 2.13148348 -0.33617108 -0.40940997 -0.58024648 0.64135977 -0.29043958
1779473542.16549373 -0.37395939 2.13012958 -0.34894492 -0.41169946 -0.57798574 0.64016313 -0.29432499
1779473542.19882655 -0.37490324 2.12832474 -0.36137641 -0.41376639 -0.57570836 0.63889245 -0.29861965
1779473542.23215985 -0.38172713 2.12435058 -0.37669414 -0.41450604 -0.57368157 0.63870399 -0.30187979
1779473542.26549315 -0.38335012 2.12278555 -0.38613924 -0.41636375 -0.57206167 0.63711988 -0.30572036
1779473542.29882598 -0.38322056 2.12231509 -0.39249450 -0.41891912 -0.57074252 0.63510227 -0.30887676
1779473542.33215904 -0.37873938 2.12525219 -0.39108545 -0.42332198 -0.57017104 0.63132897 -0.31165238
1779473542.36549211 -0.38142832 2.12479748 -0.39542362 -0.42644157 -0.56942428 0.62845247 -0.31456489
1779473542.39882493 -0.38284534 2.12453818 -0.40025971 -0.42944969 -0.56789651 0.62599790 -0.31810868
1779473542.43215752 -0.37958355 2.12326737 -0.41503794 -0.43257153 -0.56474580 0.62446867 -0.32246385
1779473542.46549058 -0.37617400 2.12073675 -0.43497740 -0.43554602 -0.56075950 0.62319164 -0.32784238
1779473542.49882269 -0.37115098 2.11870660 -0.45321376 -0.43920524 -0.55675244 0.62132590 -0.33328608
1779473542.53215551 -0.36501500 2.11708081 -0.46781324 -0.44330916 -0.55324056 0.61857988 -0.33876364
1779473542.56548691 -0.36181390 2.11811347 -0.47664171 -0.44755445 -0.55068034 0.61568744 -0.34260059
1779473542.59881949 -0.35401388 2.11868917 -0.48415110 -0.45263343 -0.54782233 0.61209413 -0.34692137
1779473542.63215160 -0.34805895 2.11908437 -0.49061253 -0.45738640 -0.54530018 0.60832749 -0.35125924
1779473542.66548419 -0.34289588 2.11861526 -0.49782987 -0.46177911 -0.54283132 0.60460137 -0.35574061
1779473542.69881678 -0.33815138 2.11793495 -0.50564882 -0.46572334 -0.54042122 0.60122992 -0.35995730
1779473542.73215127 -0.34039707 2.11644713 -0.51693848 -0.46792111 -0.53877863 0.59869836 -0.36376874
1779473542.76548505 -0.34034857 2.11416960 -0.52687511 -0.46999773 -0.53693864 0.59642757 -0.36752303
1779473542.79881954 -0.33782470 2.11336150 -0.53514350 -0.47229920 -0.53481383 0.59399015 -0.37159565
1779473542.83215356 -0.33647477 2.11104655 -0.54735226 -0.47394628 -0.53245771 0.59237450 -0.37544130
1779473542.86548758 -0.33442385 2.10750639 -0.56296492 -0.47561830 -0.52954049 0.59086976 -0.37979867
1779473542.89882112 -0.33815999 2.10271521 -0.58486932 -0.47608534 -0.52711488 0.59028109 -0.38348518
1779473542.93215513 -0.33771586 2.09783083 -0.60469767 -0.47741131 -0.52376116 0.58871061 -0.38880908
1779473542.96548867 -0.33174304 2.09323922 -0.62562552 -0.47989467 -0.51951678 0.58675370 -0.39436471
1779473542.99882150 -0.32267853 2.08937137 -0.64581470 -0.48327669 -0.51479315 0.58415732 -0.40023979
1779473543.03215528 -0.31366248 2.08514104 -0.66701150 -0.48644213 -0.50990909 0.58165125 -0.40626174
1779473543.06548882 -0.31156501 2.08082402 -0.68847047 -0.48791035 -0.50630084 0.58039279 -0.41078847
1779473543.09882236 -0.30170437 2.07689122 -0.70961968 -0.49011102 -0.50170189 0.57924603 -0.41540396
1779473543.13215542 -0.29509493 2.07191232 -0.73166904 -0.49092028 -0.49761313 0.57912797 -0.41951072
1779473543.16548872 -0.29615178 2.06723859 -0.74800368 -0.49061530 -0.49541326 0.57875685 -0.42296907
1779473543.19882226 -0.29356666 2.06211762 -0.76300289 -0.49100790 -0.49456649 0.57623167 -0.42693360
1779473543.23215580 -0.29703046 2.06493074 -0.75886663 -0.49265192 -0.49509923 0.57377243 -0.42773361
1779473543.26548886 -0.29924152 2.06657719 -0.75557193 -0.49410358 -0.49610048 0.57083163 -0.42883239
1779473543.29882169 -0.28736834 2.06181993 -0.76412487 -0.49556578 -0.49538626 0.56754741 -0.43231579
1779473543.33215475 -0.30347956 2.06679893 -0.75738759 -0.49522282 -0.49689844 0.56763402 -0.43085718
1779473543.36548805 -0.30363450 2.06576530 -0.76115687 -0.49589068 -0.49652790 0.56650522 -0.43200036
1779473543.39882064 -0.31169472 2.06795056 -0.76222566 -0.49579536 -0.49741500 0.56608504 -0.43163990
1779473543.43215275 -0.30920525 2.06880994 -0.76336563 -0.49756483 -0.49663279 0.56385662 -0.43341761
1779473543.46548533 -0.29977868 2.07025920 -0.76520381 -0.50065808 -0.49481959 0.56149173 -0.43499666
1779473543.49881816 -0.28450072 2.07118566 -0.76968776 -0.50444876 -0.49179514 0.55966262 -0.43640204
1779473543.53215098 -0.27219630 2.07019885 -0.77828030 -0.50770516 -0.48896147 0.55850871 -0.43728729
1779473543.56548333 -0.25854052 2.07254404 -0.77926821 -0.51155894 -0.48653597 0.55610365 -0.43856463
1779473543.59881616 -0.24902040 2.07457961 -0.77994700 -0.51447077 -0.48482284 0.55416216 -0.43951216
1779473543.63214827 -0.24397966 2.07560828 -0.78298892 -0.51612442 -0.48357361 0.55284832 -0.44060286
1779473543.66548085 -0.23927696 2.07602767 -0.78913650 -0.51752400 -0.48217429 0.55238960 -0.44106983
1779473543.69881392 -0.22752460 2.07535019 -0.79618523 -0.51986011 -0.47931224 0.55169294 -0.44231227
1779473543.73214841 -0.20751764 2.07531810 -0.80499520 -0.52358983 -0.47487975 0.55086929 -0.44371831
1779473543.76548314 -0.18687941 2.07647260 -0.81026416 -0.52804484 -0.47071402 0.54924945 -0.44488426
1779473543.79881740 -0.17201273 2.07801021 -0.81372564 -0.53214400 -0.46750944 0.54731411 -0.44576333
1779473543.83215165 -0.15681130 2.07998585 -0.81421743 -0.53619877 -0.46464280 0.54481926 -0.44695629
1779473543.86548543 -0.14338461 2.08390864 -0.81348853 -0.53990647 -0.46236048 0.54244024 -0.44775258
1779473543.89881945 -0.13430952 2.08586944 -0.81489481 -0.54259071 -0.46051403 0.54049348 -0.44876380
1779473543.93215346 -0.13039963 2.08358244 -0.82227750 -0.54390465 -0.45855813 0.54007147 -0.44968320
1779473543.96548772 -0.12412014 2.08293410 -0.82780213 -0.54552798 -0.45650922 0.53854345 -0.45162984
1779473543.99882197 -0.11996734 2.08155700 -0.83478081 -0.54656571 -0.45470870 0.53748911 -0.45344392
1779473544.03215599 -0.11902649 2.08049837 -0.84242358 -0.54710433 -0.45352035 0.53634582 -0.45533427
1779473544.06549001 -0.12605642 2.07827516 -0.84867464 -0.54659208 -0.45336001 0.53622279 -0.45625313
1779473544.09882402 -0.13004395 2.07789352 -0.85096616 -0.54662555 -0.45350371 0.53488627 -0.45763694
1779473544.13215780 -0.13475080 2.07752594 -0.85680275 -0.54603404 -0.45363730 0.53382259 -0.45944910
1779473544.16549158 -0.14767445 2.07013074 -0.86811345 -0.54323186 -0.45354908 0.53466109 -0.46187649
1779473544.19882536 -0.16040268 2.06699466 -0.88279216 -0.54058374 -0.45403584 0.53594274 -0.46301842
1779473544.23215914 -0.16337807 2.06167087 -0.89810837 -0.53869115 -0.45267484 0.53712602 -0.46518058
1779473544.26549292 -0.16333258 2.05651662 -0.91384962 -0.53713772 -0.45082798 0.53860694 -0.46705434
1779473544.29882646 -0.15926239 2.05194313 -0.92826149 -0.53650864 -0.44854040 0.53964345 -0.46878026
1779473544.33215880 -0.16773942 2.04582645 -0.94497331 -0.53430407 -0.44730206 0.54211001 -0.46963471
1779473544.36549234 -0.16897251 2.04000651 -0.95943604 -0.53294232 -0.44564015 0.54293799 -0.47180047
1779473544.39882565 -0.17029024 2.03669047 -0.96914270 -0.53201071 -0.44482552 0.54348167 -0.47299318
1779473544.43215895 -0.16932205 2.03486912 -0.97606659 -0.53210337 -0.44394604 0.54310372 -0.47414794
1779473544.46549201 -0.17634126 2.03363385 -0.98176119 -0.53149924 -0.44381927 0.54400819 -0.47390727
1779473544.49882531 -0.17358919 2.03247459 -0.98719030 -0.53217991 -0.44263173 0.54290156 -0.47552033
1779473544.53215861 -0.17119742 2.03047395 -0.99438470 -0.53278088 -0.44123254 0.54172689 -0.47748336
1779473544.56549168 -0.17097721 2.02790936 -1.00217429 -0.53294840 -0.44011281 0.54059752 -0.47960508
1779473544.59882450 -0.18250330 2.02216132 -1.01324724 -0.53163344 -0.43968519 0.54095061 -0.48105639
1779473544.63215756 -0.18365606 2.01879860 -1.02151903 -0.53162549 -0.43853912 0.53950949 -0.48372233
1779473544.66549039 -0.18883068 2.01557803 -1.02851672 0.53116026 0.43825493 -0.53786640 0.48631382
1779473544.69882345 -0.19115302 2.01337601 -1.03435726 0.53131938 0.43780649 -0.53598598 0.48861460
1779473544.73215795 -0.20025240 2.01194774 -1.03899981 0.53072915 0.43805486 -0.53612906 0.48887640
1779473544.76549125 -0.20113545 2.00909075 -1.04577696 0.53050428 0.43735646 -0.53543507 0.49050363
1779473544.79882574 -0.20405892 2.00681972 -1.05163444 0.52985636 0.43717044 -0.53518241 0.49164421
1779473544.83216000 -0.20548153 2.00786098 -1.05203896 0.52995409 0.43766400 -0.53461272 0.49171956
1779473544.86549401 -0.21285390 2.01287905 -1.04482893 0.53033698 0.43956881 -0.53456483 0.48965539
1779473544.89882803 -0.21282474 2.01868090 -1.03643550 -0.53188105 -0.44089159 0.53252555 -0.48901298
1779473544.93216205 -0.21110566 2.02179755 -1.03386023 -0.53310158 -0.44114055 0.53085626 -0.48927431
1779473544.96549606 -0.21029375 2.01990227 -1.03972479 -0.53327257 -0.44018482 0.53032326 -0.49052516
1779473544.99883008 -0.21528482 2.01592812 -1.05015291 0.53216284 0.43931575 -0.53101148 0.49176335
1779473545.03216386 -0.21208338 2.01233549 -1.05797984 0.53230228 0.43783808 -0.53052409 0.49345344
1779473545.06549788 -0.20707678 2.01455835 -1.05841227 0.53353008 0.43694395 -0.53003279 0.49344795
1779473545.09883165 -0.20018772 2.01677791 -1.05762418 0.53514764 0.43621978 -0.52907020 0.49337008
1779473545.13216496 -0.20219599 2.01734057 -1.05838795 0.53542490 0.43656062 -0.52903584 0.49280430
1779473545.16549873 -0.19710384 2.01998329 -1.05834664 -0.53654575 -0.43609822 0.52855564 -0.49250983
1779473545.19883251 -0.19020149 2.02135599 -1.05938793 -0.53789702 -0.43519084 0.52764295 -0.49281705
1779473545.23216486 -0.18011618 2.02209415 -1.06145878 -0.53981740 -0.43354068 0.52625847 -0.49365138
1779473545.26549816 -0.17977537 2.02004010 -1.06658209 -0.54033460 -0.43252112 0.52608000 -0.49416985
1779473545.29883146 -0.17344035 2.02020990 -1.06934083 -0.54201654 -0.43102198 0.52383969 -0.49601422
1779473545.33216500 -0.16555553 2.01907607 -1.07369345 -0.54376179 -0.42918907 0.52126538 -0.49839970
1779473545.36549830 -0.15879573 2.01700013 -1.07967620 -0.54514786 -0.42730065 0.51882693 -0.50104549
1779473545.39883113 -0.16261480 2.01415243 -1.08801734 -0.54495753 -0.42662674 0.51804217 -0.50263627
1779473545.43216419 -0.15707744 2.01016633 -1.09672446 0.54548098 0.42473339 -0.51645131 0.50530199
1779473545.46549749 -0.15250264 2.00573563 -1.10766228 0.54558602 0.42281007 -0.51558627 0.50767936
1779473545.49883056 -0.14602393 2.00173292 -1.11695051 0.54566211 0.42097748 -0.51529488 0.50941339
1779473545.53216314 -0.15493558 1.99938738 -1.12343282 0.54377304 0.42182380 -0.51695508 0.50905109
1779473545.56549644 -0.15330319 1.99514862 -1.13362920 0.54260707 0.42095483 -0.51802868 0.50992243
1779473545.59882879 -0.16599795 1.99652142 -1.13720473 0.54031667 0.42296638 -0.51996188 0.50872093
1779473545.63216162 -0.17526480 1.99416959 -1.14254890 0.53772754 0.42466017 -0.52184990 0.50811959
1779473545.66549325 -0.17731594 1.98465151 -1.14561688 0.53490706 0.42585066 -0.52212602 0.50981376
1779473545.69882607 -0.19823375 1.98951245 -1.14399318 0.53207063 0.43014019 -0.52589040 0.50529155
1779473545.73215961 -0.20601562 1.99128078 -1.14206336 0.53023645 0.43227845 -0.52842358 0.50274563
1779473545.76549315 -0.20556393 1.98744390 -1.14953935 0.52829048 0.43218696 -0.53140481 0.50172954
1779473545.79882646 -0.21020696 1.98025774 -1.16174538 0.52510922 0.43209801 -0.53442659 0.50193609
1779473545.83215928 -0.21849723 1.96962396 -1.18106488 0.52100292 0.43173279 -0.53797386 0.50273939
1779473545.86549234 -0.22261502 1.96169323 -1.19532990 0.51791788 0.43110697 -0.54099891 0.50321768
1779473545.89882565 -0.22592682 1.95622686 -1.20497127 0.51538098 0.43106324 -0.54366906 0.50298200
1779473545.93215847 -0.22590148 1.95169878 -1.21376514 0.51345886 0.43064609 -0.54662302 0.50210281
1779473545.96549153 -0.20581062 1.94808286 -1.21846948 0.51385463 0.42809345 -0.54780461 0.50259280
1779473545.99882436 -0.23426177 1.94196425 -1.23072859 0.50820680 0.43097036 -0.55337812 0.49976300
1779473546.03215694 -0.24136921 1.93961753 -1.23471870 0.50590345 0.43219876 -0.55524142 0.49897185
1779473546.06548977 -0.24959649 1.93935336 -1.23483330 0.50373680 0.43414675 -0.55726303 0.49721601
1779473546.09882140 -0.25176703 1.94412904 -1.22934617 0.50315506 0.43614213 -0.55916763 0.49390950
1779473546.13215423 -0.25597652 1.95120214 -1.21485084 0.50230437 0.43938489 -0.56147270 0.48926438
1779473546.16548681 -0.26773059 1.95739400 -1.20842566 0.50044174 0.44294814 -0.56446814 0.48449017
1779473546.19881892 -0.27771639 1.96097015 -1.20301029 0.49793937 0.44598953 -0.56776458 0.48040932
1779473546.23215151 -0.29199872 1.96116237 -1.20170129 0.49432476 0.44889189 -0.57132747 0.47720438
1779473546.26548362 -0.30377118 1.96190750 -1.19927717 0.49103222 0.45153909 -0.57526734 0.47335747
1779473546.29881597 -0.31231641 1.96367212 -1.19582780 0.48819914 0.45426817 -0.57885454 0.46928610
1779473546.33214784 -0.32437915 1.96958177 -1.18438022 0.48572015 0.45835514 -0.58168786 0.46435517
1779473546.36547995 -0.34147035 1.97673120 -1.16987404 0.48249011 0.46359328 -0.58476552 0.45862168
1779473546.39881229 -0.36573188 1.98486862 -1.15129279 0.47830267 0.47038341 -0.58770764 0.45228943
1779473546.43214393 -0.38716108 1.99574112 -1.12969658 0.47459416 0.47740998 -0.59036980 0.44531292
1779473546.46547604 -0.41082619 2.00534469 -1.10761812 0.47042715 0.48452022 -0.59296405 0.43855682
1779473546.49880767 -0.43270497 2.01266908 -1.09000204 0.46579750 0.49065231 -0.59640694 0.43196268
1779473546.53213930 -0.45247927 2.01635504 -1.07853170 0.46081084 0.49550058 -0.60049748 0.42606962
1779473546.56546998 -0.47048087 2.02077723 -1.06704150 0.45621747 0.49996996 -0.60448723 0.42010813
1779473546.59880185 -0.48436672 2.02199295 -1.05957412 0.45137615 0.50331278 -0.60942053 0.41417680
1779473546.63213325 -0.50250569 2.02442894 -1.04940626 0.44631773 0.50740204 -0.61352142 0.40857694
1779473546.66546464 -0.51640025 2.02903380 -1.03909867 0.44219287 0.51100372 -0.61691875 0.40342522
1779473546.69879651 -0.53253592 2.03340010 -1.02696032 0.43842543 0.51506984 -0.61910648 0.39899043
1779473546.73212981 -0.54782297 2.03634513 -1.01849376 0.43477306 0.51843831 -0.62116774 0.39540453
1779473546.76546311 -0.56871776 2.03064112 -1.01942817 0.42997339 0.52055889 -0.62412175 0.39320905
1779473546.79879642 -0.58027802 2.02916930 -1.02151596 0.42680984 0.52180623 -0.62624667 0.39162064
1779473546.83212996 -0.58410716 2.02739523 -1.02766248 0.42505808 0.52145548 -0.62852594 0.39033952
1779473546.86546254 -0.58226644 2.02746120 -1.03626442 0.42468301 0.52038615 -0.62983261 0.39006856
1779473546.89879584 -0.58277101 2.02391648 -1.04799972 0.42411827 0.51887193 -0.63100473 0.39080513
1779473546.93212891 -0.58392469 2.01885385 -1.05645923 0.42395668 0.51721969 -0.63199981 0.39156195
1779473546.96546197 -0.58091370 2.02179421 -1.05908339 0.42573603 0.51691596 -0.63030408 0.39276390
1779473546.99879360 -0.58680085 2.02293084 -1.05873938 0.42634836 0.51793619 -0.62811886 0.39425357
1779473547.03212643 -0.59891351 2.02403249 -1.05533023 0.42607034 0.52013765 -0.62553567 0.39576005
1779473547.06545901 -0.61057963 2.02456294 -1.05166318 0.42538315 0.52227396 -0.62364184 0.39667359
1779473547.09879184 -0.62073806 2.02515121 -1.04875738 0.42433942 0.52413279 -0.62290657 0.39649499
1779473547.13212419 -0.63453290 2.01553640 -1.05410611 0.42143196 0.52432955 -0.62439773 0.39699005
1779473547.16545677 -0.64020951 2.01449895 -1.05639947 0.42083469 0.52490030 -0.62407250 0.39738061
1779473547.19878912 -0.64235675 2.02099278 -1.05053137 0.42171745 0.52626035 -0.62266138 0.39685921
1779473547.23212147 -0.64572851 2.02134305 -1.05069017 0.42202619 0.52683568 -0.62153078 0.39753937
1779473547.26545358 -0.64938907 2.01924811 -1.05564962 0.42195283 0.52672725 -0.62080350 0.39889500
1779473547.29878616 -0.65901788 2.00773399 -1.06515022 0.42009904 0.52629379 -0.62092214 0.40123228
1779473547.33211827 -0.66127139 2.00972309 -1.06373187 0.42085229 0.52698880 -0.61934804 0.40196289
1779473547.36545038 -0.66204016 2.01354737 -1.05898205 0.42243803 0.52808598 -0.61693361 0.40257202
1779473547.39878225 -0.66647359 2.01839075 -1.05059250 0.42385979 0.53016998 -0.61374543 0.40321114
1779473547.43211293 -0.67316946 2.02042183 -1.04578955 0.42421888 0.53188659 -0.61141055 0.40411897
1779473547.46544504 -0.67265124 2.01617471 -1.05356316 0.42430256 0.53085297 -0.61101018 0.40599140
1779473547.49877667 -0.66716181 2.01412209 -1.06263143 0.42521600 0.52912691 -0.61108530 0.40717420
1779473547.53210831 -0.66081824 2.01446535 -1.06843778 0.42693346 0.52772169 -0.61025400 0.40844545
1779473547.56544042 -0.65337256 2.01555958 -1.07357678 0.42904733 0.52642485 -0.60911387 0.40960415
1779473547.59877181 -0.64520994 2.01696867 -1.07730884 0.43151944 0.52526591 -0.60751787 0.41086340
1779473547.63210320 -0.63706765 2.01946342 -1.07672819 0.43383915 0.52466851 -0.60561721 0.41198827
1779473547.66543484 -0.62827038 2.02344331 -1.07663435 0.43624177 0.52403428 -0.60431466 0.41217106
1779473547.69876695 -0.61943989 2.02661200 -1.07754650 0.43833999 0.52326755 -0.60337043 0.41230237
1779473547.73210073 -0.61147526 2.02908767 -1.07951025 0.44046407 0.52234189 -0.60222303 0.41288955
1779473547.76543450 -0.60030035 2.03056684 -1.08383103 0.44291267 0.52067774 -0.60121975 0.41383314
1779473547.79876828 -0.58883110 2.03077751 -1.09068940 0.44519694 0.51862868 -0.60008809 0.41559386
1779473547.83210182 -0.58030812 2.02955205 -1.09803087 0.44704011 0.51689055 -0.59891180 0.41747330
1779473547.86543536 -0.57423295 2.02800031 -1.10526321 0.44849337 0.51544392 -0.59775336 0.41935924
1779473547.93210101 -0.56734608 2.02694552 -1.11263456 0.45073434 0.51429615 -0.59512366 0.42209697
1779473547.96543431 -0.55996541 2.03066021 -1.10845248 0.45259677 0.51407661 -0.59331496 0.42291697
1779473547.99876738 -0.55524047 2.02975400 -1.11319705 0.45318678 0.51316093 -0.59323184 0.42351338
1779473548.03210068 -0.55529877 2.02657562 -1.11954672 0.45262631 0.51257284 -0.59356693 0.42435458
1779473548.06543374 -0.56037262 2.02240068 -1.12510994 0.45106748 0.51263933 -0.59401632 0.42530419
1779473548.09876680 -0.56813018 2.02253302 -1.12506286 0.44965382 0.51371603 -0.59457812 0.42471653
1779473548.13209963 -0.56691342 2.01862613 -1.12613443 0.44864327 0.51384503 -0.59458040 0.42562500
1779473548.16543269 -0.57098108 2.01865837 -1.12339938 0.44758939 0.51509528 -0.59489066 0.42478900
1779473548.19876528 -0.57570271 2.01750825 -1.12260416 0.44604946 0.51601321 -0.59598518 0.42375925
1779473548.23209786 -0.57747064 2.01689900 -1.12250709 0.44479049 0.51665706 -0.59717421 0.42262261
1779473548.26543093 -0.58053265 2.01610569 -1.12215065 0.44317174 0.51746675 -0.59869784 0.42117439
1779473548.29876328 -0.58266402 2.01696556 -1.11804486 0.44121032 0.51869771 -0.60055672 0.41906772
1779473548.33209491 -0.58602854 2.01794074 -1.11394681 0.43935541 0.52012674 -0.60227922 0.41676700
1779473548.36542726 -0.58859575 2.01914370 -1.11062649 0.43735271 0.52137764 -0.60459334 0.41395031
1779473548.39875984 -0.59155620 2.02029291 -1.10715954 0.43531487 0.52263278 -0.60694198 0.41106858
1779473548.43209171 -0.59829425 2.02059275 -1.10403571 0.43266515 0.52421844 -0.60925138 0.40842215
1779473548.46542430 -0.60500345 2.02006168 -1.09794949 0.42950463 0.52610833 -0.61182142 0.40547545
1779473548.49875641 -0.61252757 2.02066294 -1.09182699 0.42640351 0.52822375 -0.61443259 0.40203521
1779473548.53208852 -0.61710499 2.02432923 -1.08291071 0.42388716 0.53033582 -0.61723073 0.39760510
1779473548.56542039 -0.62426794 2.02696094 -1.07320650 0.42044756 0.53288527 -0.62055394 0.39264482
1779473548.59875274 -0.63772848 2.02915469 -1.06125842 0.41561826 0.53630639 -0.62430975 0.38713598
1779473548.63208437 -0.65151267 2.02879989 -1.04866818 0.40974722 0.53992489 -0.62836615 0.38176472
1779473548.66541624 -0.66588397 2.03004882 -1.03509796 0.40395117 0.54357851 -0.63277687 0.37541881
1779473548.69874930 -0.68161890 2.03198909 -1.01952515 0.39745499 0.54759577 -0.63774919 0.36802768
1779473548.73208308 -0.70236711 2.04042937 -0.99450579 0.39071683 0.55258087 -0.64292551 0.35866632
1779473548.76541495 -0.71692552 2.04579016 -0.97393606 0.38454602 0.55696472 -0.64749029 0.35024418
1779473548.79874849 -0.72127177 2.04478530 -0.96132058 0.37903602 0.55998655 -0.65139789 0.34413304
1779473548.83208203 -0.73147605 2.04815578 -0.94328332 0.37307798 0.56348297 -0.65600507 0.33609093
1779473548.86541533 -0.74216183 2.05204757 -0.92498277 0.36732577 0.56686832 -0.66031387 0.32820372
1779473548.89874864 -0.75023913 2.05719387 -0.90504189 0.36201515 0.57039330 -0.66425324 0.31994398
1779473548.93208122 -0.75896101 2.06166518 -0.88506027 -0.35662560 -0.57395065 0.66783229 -0.31208792
1779473548.96541452 -0.76666403 2.06859729 -0.86153372 -0.35139994 -0.57784093 0.67129583 -0.30328181
1779473548.99874759 -0.76633154 2.07932254 -0.83465276 -0.34770765 -0.58165558 0.67402290 -0.29405664
1779473549.03208041 -0.77236327 2.09004932 -0.80249832 -0.34313292 -0.58651202 0.67618577 -0.28466867
1779473549.06541324 -0.77995972 2.09939106 -0.76880054 -0.33754112 -0.59179516 0.67856266 -0.27458550
1779473549.09874606 -0.79330417 2.10751599 -0.73280867 -0.33031481 -0.59772051 0.68104812 -0.26418890
1779473549.13207841 -0.80846466 2.11637635 -0.69090979 -0.32224443 -0.60446288 0.68324138 -0.25291180
1779473549.16541147 -0.82225900 2.12547022 -0.64652468 -0.31351792 -0.61119270 0.68572107 -0.24070026
1779473549.19874358 -0.83289226 2.13051403 -0.60978626 -0.30428476 -0.61633243 0.68960712 -0.22800688
1779473549.23207545 -0.84155305 2.13670387 -0.57414838 0.29521742 0.62088316 -0.69334075 0.21593839
1779473549.26540756 -0.85268938 2.14125429 -0.54097872 0.28552771 0.62512955 -0.69703279 0.20452936
1779473549.29873991 -0.85969230 2.14631230 -0.51040687 0.27666627 0.62871536 -0.70054608 0.19341138
1779473549.33207202 -0.86697132 2.15119381 -0.47864615 0.26811370 0.63245950 -0.70333235 0.18284865
1779473549.36540461 -0.87919958 2.15489770 -0.44193626 0.25827275 0.63678643 -0.70598563 0.17141331
1779473549.39873624 -0.88388215 2.15966257 -0.40736803 0.24969897 0.64063815 -0.70812997 0.16057750
1779473549.43206835 -0.88869323 2.16402196 -0.37382220 0.24089723 0.64416058 -0.71033432 0.14983602
1779473549.46540070 -0.89300026 2.16807477 -0.34098310 0.23193213 0.64749580 -0.71245561 0.13915346
1779473549.49873209 -0.89525507 2.17220267 -0.30874389 0.22309688 0.65052622 -0.71456286 0.12823154
1779473549.53206420 -0.89505469 2.17459062 -0.27599377 0.21467931 0.65271913 -0.71690489 0.11797417
1779473549.56539583 -0.90100846 2.18181572 -0.24414370 0.20458008 0.65520385 -0.71964391 0.10472600
1779473549.59872746 -0.90122572 2.18491832 -0.21624968 0.19582606 0.65719326 -0.72168749 0.09442642
1779473549.63205934 -0.90054858 2.18841653 -0.18546927 0.18720892 0.65963442 -0.72303642 0.08398559
1779473549.66538978 -0.90080391 2.19127311 -0.15359254 0.17811770 0.66219371 -0.72411639 0.07368196
1779473549.69872189 -0.89984581 2.19465237 -0.12080016 0.16890763 0.66465542 -0.72508178 0.06292689
1779473549.73205590 -0.90699430 2.19658875 -0.07885756 0.15735685 0.66670806 -0.72673870 0.05089256
1779473549.76538968 -0.90615098 2.19834942 -0.05117788 0.14740615 0.66779566 -0.72847680 0.04052078
1779473549.79872370 -0.90373718 2.20049295 -0.02504433 0.13805622 0.66867762 -0.72998885 0.03044666
1779473549.83205771 -0.89987744 2.20313303 0.00084302 0.12912455 0.66949731 -0.73121807 0.02050213
1779473549.86539102 -0.90161841 2.20355396 0.03218244 0.11979976 0.67067441 -0.73192506 0.01138257
1779473549.89872479 -0.90744684 2.20294303 0.06388965 0.10962675 0.67233913 -0.73207536 0.00278143
1779473549.93205833 -0.90809815 2.20249913 0.09548037 0.09992602 0.67390804 -0.73200149 -0.00604595
1779473549.96539164 -0.90775457 2.20163074 0.12946880 0.08957213 0.67548736 -0.73174841 -0.01542446
1779473549.99872494 -0.90728774 2.20040028 0.16209522 0.07845834 0.67654519 -0.73178096 -0.02505036
1779473550.03205824 -0.90953179 2.19640359 0.20115620 0.06674497 0.67773269 -0.73144800 -0.03474668
1779473550.06539178 -0.90559640 2.19693720 0.23587106 0.05490580 0.67857309 -0.73108090 -0.04521762
1779473550.09872365 -0.89877222 2.19579089 0.27324984 0.04363427 0.67942270 -0.73030329 -0.05601745
1779473550.13205695 -0.88819043 2.19582104 0.30877143 0.03328802 0.68009055 -0.72931529 -0.06684282
1779473550.16539001 -0.87613120 2.19560513 0.34363939 0.02331440 0.68069829 -0.72807949 -0.07750180
1779473550.19872284 -0.86994900 2.19552732 0.38287361 0.01329173 0.68137119 -0.72658774 -0.08733207
1779473550.23205566 -0.85962747 2.19362878 0.40732670 0.00432014 0.68182823 -0.72529726 -0.09505519
1779473550.26538897 -0.85340604 2.19140314 0.43605188 -0.00541318 0.68159319 -0.72435415 -0.10350116
1779473550.29872155 -0.84628198 2.18922539 0.46386830 -0.01463924 0.68133858 -0.72325690 -0.11163731
1779473550.33205414 -0.83755237 2.18656016 0.49389714 -0.02431269 0.68119433 -0.72178289 -0.12005264
1779473550.36538696 -0.82499124 2.18581276 0.52862716 -0.03384956 0.68111813 -0.71979347 -0.12972917
1779473550.39871955 -0.80613713 2.18294594 0.55320189 -0.04278785 0.68126563 -0.71764237 -0.13797014
1779473550.43205214 -0.78909739 2.18040736 0.58933070 -0.05359516 0.68106247 -0.71502727 -0.14838288
1779473550.46538424 -0.77144916 2.17757350 0.62428249 -0.06491852 0.68043545 -0.71240845 -0.15895716
1779473550.49871707 -0.75079517 2.17506888 0.65760021 -0.07650663 0.67929706 -0.70980377 -0.16994368
1779473550.53204918 -0.72645574 2.17338434 0.69457637 -0.08806543 0.67781822 -0.70700075 -0.18154029
1779473550.56538057 -0.70679975 2.17956501 0.73134849 -0.09752390 0.67707800 -0.70430667 -0.18975402
1779473550.59871268 -0.68123978 2.17693997 0.76363175 -0.10901875 0.67554714 -0.70103688 -0.20074429
1779473550.63204479 -0.65491780 2.17311255 0.79716005 -0.12080359 0.67412442 -0.69728085 -0.21157075
1779473550.66537690 -0.62633093 2.16972338 0.82873884 -0.13223619 0.67251431 -0.69333848 -0.22253057
1779473550.69870925 -0.58774541 2.15901633 0.84218073 -0.14441379 0.66972383 -0.68919653 -0.23584485
1779473550.73204279 -0.55433606 2.15721047 0.86928216 -0.15517717 0.66728692 -0.68518727 -0.24731885
1779473550.76537633 -0.51925483 2.15646655 0.89237397 -0.16532845 0.66453349 -0.68126928 -0.25871589
1779473550.79870963 -0.48452050 2.15584954 0.91225757 -0.17469486 0.66175640 -0.67743791 -0.26951446
1779473550.83204317 -0.40335610 2.16806045 0.95064445 -0.17100861 0.66590597 -0.67451563 -0.26898691
1779473550.86537600 -0.37288168 2.16932117 0.95847919 -0.17951641 0.66228304 -0.67178710 -0.27902890
1779473550.89870930 -0.34117350 2.17091128 0.96572563 -0.18709597 0.65879144 -0.66903081 -0.28876756
1779473550.93204236 -0.30857173 2.17298874 0.97036220 -0.19381446 0.65533357 -0.66634286 -0.29826339
1779473550.96537542 -0.27339763 2.17493498 0.98040443 -0.19971079 0.65222577 -0.66380458 -0.30672565
1779473550.99870729 -0.24195740 2.17400967 0.98753290 -0.20646758 0.64939221 -0.66037985 -0.31553027
1779473551.03204036 -0.21217720 2.17158793 0.99675350 -0.21368990 0.64681270 -0.65655258 -0.32389609
1779473551.06537271 -0.18184929 2.17055769 1.00285391 -0.22061802 0.64368773 -0.65306348 -0.33241823
1779473551.09870553 -0.14998942 2.17098652 1.00484430 -0.22672682 0.64021657 -0.64992819 -0.34104406
1779473551.13203859 -0.17001495 2.16222689 0.99450591 -0.24442167 0.62857760 -0.64549271 -0.35845139
1779473551.16537094 -0.14183194 2.16398187 0.99368673 -0.24984648 0.62478214 -0.64259621 -0.36646162
1779473551.19870353 -0.11757116 2.16422997 0.99450830 -0.25556359 0.62131273 -0.63963473 -0.37353065
1779473551.23203564 -0.09630501 2.16385896 0.99556679 -0.26115099 0.61800370 -0.63684574 -0.37986720
1779473551.26536846 -0.07107693 2.16433322 0.99758384 -0.26426818 0.61589008 -0.63466930 -0.38475527
1779473551.29870033 -0.05143325 2.16378559 0.99724070 -0.26880432 0.61305066 -0.63203234 -0.39044622
1779473551.33203292 -0.03277057 2.16344675 0.99639767 -0.27272717 0.61048998 -0.62953224 -0.39574113
1779473551.36536479 -0.01674687 2.16224570 0.99637453 -0.27653562 0.60831031 -0.62699533 -0.40045408
1779473551.39869690 0.00123378 2.15804205 1.00321297 -0.28149580 0.60632953 -0.62354145 -0.40536488
1779473551.43202806 0.02896545 2.15295395 1.01070437 -0.28442258 0.60574211 -0.62035043 -0.40907900
1779473551.46535993 0.04743107 2.14766471 1.01763921 -0.29039993 0.60372075 -0.61618036 -0.41413874
1779473551.49869180 0.06447479 2.14160471 1.02640842 -0.29790190 0.60108238 -0.61178217 -0.41913842
1779473551.53202367 0.08043799 2.13646395 1.03363967 -0.30599939 0.59776425 -0.60757754 -0.42413655
1779473551.56535530 0.09836353 2.13016731 1.03855654 -0.31443242 0.59431694 -0.60224847 -0.43036775
1779473551.59868693 0.13617543 2.12447501 1.05037259 -0.31896426 0.59319939 -0.59775528 -0.43481595
1779473551.63201857 0.16278186 2.11766299 1.05773342 -0.32597787 0.59059101 -0.59161399 -0.44151283
1779473551.66534996 0.19074540 2.11200302 1.06206776 -0.33228341 0.58773678 -0.58572500 -0.44841881
1779473551.69867516 0.21588727 2.10851468 1.06174037 -0.33843694 0.58402548 -0.58068855 -0.45516534
1779473551.73208618 0.23487740 2.10705265 1.06018046 -0.34556434 0.57899261 -0.57593917 -0.46221956
1779473551.76549745 0.26858607 2.10322533 1.06030793 -0.34945169 0.57709926 -0.57309824 -0.46518637
1779473551.79890966 0.29173497 2.10023841 1.05839154 -0.35631278 0.57266667 -0.56766031 -0.47207612
1779473551.83232188 0.31638978 2.09658502 1.05745219 -0.36288344 0.56856999 -0.56174928 -0.47904229
1779473551.86573505 0.34058828 2.09347563 1.05538083 -0.36872380 0.56457815 -0.55615712 -0.48578136
1779473551.89914703 0.36337976 2.09162653 1.05114838 -0.37364900 0.56073159 -0.55103943 -0.49226219
1779473551.93256068 0.40032284 2.08999640 1.04327574 -0.37433968 0.55945446 -0.54908264 -0.49536731
1779473551.96597481 0.41771868 2.09154474 1.03370981 -0.37816721 0.55522267 -0.54556700 -0.50107285
1779473551.99938965 0.43205772 2.09243862 1.02624078 -0.38197304 0.55151071 -0.54209339 -0.50603092
1779473552.03280473 0.44673172 2.09220102 1.02054863 -0.38543061 0.54836282 -0.53841998 -0.51073025
1779473552.06622005 0.45678628 2.09108648 1.01693866 -0.38959505 0.54427436 -0.53497615 -0.51554014
1779473552.09963584 0.48011447 2.09136673 1.00656152 -0.39048872 0.54290013 -0.53497843 -0.51631007
1779473552.13305235 0.49320070 2.09187355 0.99989567 -0.39476630 0.53888195 -0.53161770 -0.52071915
1779473552.16646886 0.50542603 2.09009637 0.99844086 -0.39976079 0.53546446 -0.52765902 -0.52444740
1779473552.19988608 0.51721104 2.08742011 0.99859901 -0.40517724 0.53215005 -0.52343371 -0.52788718
1779473552.23330355 0.52872419 2.08407744 0.99870622 -0.41070009 0.52880669 -0.51932527 -0.53102748
1779473552.26672173 0.54556262 2.08022856 0.99102268 -0.41358399 0.52621358 -0.51729270 -0.53334399
1779473552.30014014 0.55738264 2.07982369 0.98605306 -0.41746842 0.52277116 -0.51427352 -0.53661269
1779473552.33355784 0.57047523 2.07999242 0.97799296 -0.42028588 0.51963793 -0.51176795 -0.53984235
1779473552.36697721 0.58023822 2.07933857 0.97279083 -0.42292396 0.51692213 -0.50949116 -0.54253626
1779473552.40039682 0.58422055 2.07918181 0.96956699 -0.42630438 0.51355311 -0.50624869 -0.54611358
1779473552.43381691 0.59557995 2.07595066 0.96363186 -0.42691411 0.51268119 -0.50528073 -0.54735155
1779473552.46723747 0.60217162 2.07477335 0.96206020 -0.42823890 0.51160081 -0.50368841 -0.54879326
1779473552.50065851 0.60760814 2.07360648 0.95952359 -0.42920285 0.51068854 -0.50241462 -0.55005606
1779473552.53407979 0.61402370 2.07205119 0.95685151 -0.42959620 0.51011785 -0.50118470 -0.55139893
1779473552.56750202 0.61819880 2.06992791 0.95506136 -0.43015018 0.50949920 -0.50002841 -0.55258753
1779473552.60092402 0.62248742 2.06844930 0.95425019 -0.43074423 0.50910214 -0.49896466 -0.55345161
1779473552.63434696 0.62618056 2.06730278 0.95155726 -0.43118807 0.50855145 -0.49832335 -0.55418960
1779473552.66776991 0.63088698 2.06484547 0.94827058 -0.43129825 0.50822762 -0.49784937 -0.55482656
1779473552.70119834 0.63432988 2.06305416 0.94691739 -0.43135790 0.50821728 -0.49730359 -0.55527894
1779473552.73456764 0.63763120 2.06835298 0.96054386 -0.43254170 0.51040820 -0.49652941 -0.55303679
1779473552.76793623 0.63815421 2.06706235 0.95974611 -0.43241079 0.51048320 -0.49648281 -0.55311177
1779473552.80130649 0.63755244 2.06621171 0.95693152 -0.43247811 0.51028424 -0.49667551 -0.55306972
1779473552.83467650 0.63793415 2.06565466 0.95465225 -0.43229967 0.51015442 -0.49678746 -0.55322843
1779473552.86804771 0.63725491 2.06592288 0.95941101 -0.43261120 0.50975516 -0.49655796 -0.55355887
1779473552.90141916 0.63806565 2.06508789 0.95908297 -0.43243787 0.50993234 -0.49652278 -0.55356267
1779473552.93479109 0.63948504 2.06228734 0.96211775 -0.43223466 0.51092544 -0.49606883 -0.55321253
1779473552.96816301 0.63819946 2.06259412 0.97184806 -0.43316836 0.51272623 -0.49509620 -0.55168536
1779473553.00153589 0.63721015 2.05999257 0.97560591 -0.43299266 0.51379847 -0.49494757 -0.55095860
1779473553.03490877 0.63592908 2.05820913 0.97727201 -0.43291173 0.51444929 -0.49496340 -0.55040040
1779473553.06828213 0.63537694 2.05725011 0.97789785 -0.43277981 0.51484628 -0.49498066 -0.55011734
1779473553.10165644 0.63541943 2.05574870 0.97983412 -0.43287686 0.51528288 -0.49472028 -0.54986637
1779473553.13503075 0.63535743 2.05506536 0.98679417 -0.43362631 0.51566898 -0.49404641 -0.54951967
1779473553.16840553 0.63527265 2.05394016 0.98720935 -0.43402966 0.51568591 -0.49371893 -0.54947967
1779473553.20178080 0.63582218 2.05348337 0.98964940 -0.43430396 0.51597708 -0.49345586 -0.54922585
1779473553.23515558 0.63542583 2.05292420 0.99065635 -0.43458610 0.51604055 -0.49330250 -0.54908080
1779473553.26853156 0.63496034 2.05285421 0.99121910 -0.43474289 0.51615198 -0.49330835 -0.54884664
1779473553.30190825 0.63350366 2.05149084 0.99008646 -0.43436617 0.51544163 -0.49347637 -0.54966083
1779473553.33528543 0.63266108 2.05215900 0.99182205 -0.43441527 0.51574995 -0.49367984 -0.54914987
1779473553.36866260 0.63205864 2.05284287 0.99148040 -0.43437967 0.51574950 -0.49386180 -0.54901482
1779473553.40204072 0.63281744 2.05309498 0.99077614 -0.43452466 0.51596503 -0.49377578 -0.54877490
1779473553.43541884 0.63113734 2.05387342 0.99073457 -0.43471045 0.51587991 -0.49398189 -0.54852224
1779473553.46879792 0.63044300 2.05344323 0.99109262 -0.43482833 0.51598870 -0.49406540 -0.54825118
1779473553.50217676 0.62951347 2.05333288 0.99199076 -0.43501026 0.51613920 -0.49409055 -0.54794244
1779473553.53555632 0.62905213 2.05324713 0.99255120 -0.43531109 0.51616664 -0.49400035 -0.54775898
1779473553.56893659 0.62123626 2.05069257 0.99156207 -0.43605563 0.51395150 -0.49339149 -0.54979468
1779473553.60231662 0.62301012 2.05238896 0.99345364 -0.43589094 0.51508436 -0.49388285 -0.54842221
1779473553.63569808 0.62139993 2.05303528 0.99309084 -0.43583078 0.51522225 -0.49406615 -0.54817534
1779473553.66907787 0.61882062 2.05313157 0.99411325 -0.43565121 0.51563455 -0.49442107 -0.54761012
1779473553.70246458 0.61592931 2.05412519 0.99415789 -0.43538633 0.51594944 -0.49489496 -0.54709588
1779473553.73579788 0.61064851 2.05318949 0.99355500 -0.43555317 0.51522656 -0.49478194 -0.54774617
1779473553.76913142 0.61120852 2.05611920 0.99520702 -0.43542950 0.51627276 -0.49560842 -0.54610977
1779473553.80246449 0.61089283 2.05575726 0.99708242 -0.43512297 0.51694055 -0.49572845 -0.54561321
1779473553.83579731 0.60758177 2.05635211 0.99926215 -0.43548314 0.51709898 -0.49609086 -0.54484579
1779473553.86913061 0.60302155 2.05459776 0.99919841 -0.43575400 0.51636802 -0.49584791 -0.54554319
1779473553.90246367 0.61020857 2.05443267 1.00268943 -0.43414303 0.51838355 -0.49760540 -0.54331132
1779473553.93579650 0.60873238 2.05428805 1.00416920 -0.43415315 0.51866313 -0.49785363 -0.54280878
1779473553.96912909 0.60766066 2.05363532 1.00625331 -0.43397993 0.51919865 -0.49796015 -0.54233742
1779473554.00246215 0.60554009 2.05338986 1.00768870 -0.43390027 0.51952235 -0.49819582 -0.54187453
1779473554.03579473 0.60196803 2.05317533 1.00701682 -0.43403192 0.51901580 -0.49799374 -0.54243997
1779473554.06912732 0.60060452 2.05370811 1.00624149 -0.43334822 0.51929634 -0.49842076 -0.54232589
1779473554.10245872 0.59730231 2.05451423 1.00628028 -0.43301108 0.51947367 -0.49909239 -0.54180743
1779473554.13579154 0.59583417 2.05491130 1.00643355 -0.43229789 0.51995596 -0.49964454 -0.54140527
1779473554.16912389 0.59490354 2.05536155 1.00657756 -0.43152796 0.52052050 -0.50014768 -0.54101232
1779473554.20245624 0.59271235 2.05594870 1.00653271 -0.43099821 0.52088919 -0.50084382 -0.54043544
1779473554.23578835 0.59211391 2.05671857 1.00665705 -0.43044479 0.52127235 -0.50136618 -0.54002256
1779473554.26912093 0.59205476 2.05725278 1.00633819 -0.42990230 0.52159381 -0.50182388 -0.53971910
1779473554.30245256 0.59166520 2.05805690 1.00693318 -0.42970317 0.52186425 -0.50210213 -0.53935735
1779473554.33578491 0.59096514 2.05866643 1.00791588 -0.42943366 0.52222734 -0.50239720 -0.53894563
1779473554.36911678 0.58948175 2.05948285 1.00891720 -0.42918203 0.52253553 -0.50298683 -0.53829699
1779473554.40244865 0.58831708 2.06009444 1.01026408 -0.42883211 0.52297393 -0.50345600 -0.53771121
1779473554.43578076 0.58693025 2.05884941 1.00669778 -0.42827693 0.52264724 -0.50346707 -0.53846044
1779473554.46911240 0.58612767 2.05866138 1.00670414 -0.42754284 0.52305944 -0.50392878 -0.53821161
1779473554.50244403 0.58510207 2.05910733 1.00670128 -0.42677075 0.52348161 -0.50444447 -0.53793076
1779473554.53577614 0.58347929 2.05947929 1.00709299 -0.42626108 0.52383838 -0.50495919 -0.53750447
1779473554.56910658 0.58247104 2.05975535 1.00704090 -0.42562277 0.52426497 -0.50541933 -0.53716180
1779473554.60243797 0.57857049 2.06047597 1.00854392 -0.42570640 0.52406371 -0.50543674 -0.53727552
1779473554.63576937 0.57772985 2.06088054 1.00931233 -0.42524537 0.52445101 -0.50583050 -0.53689200
1779473554.66910100 0.57958546 2.06048619 1.00942388 -0.42431537 0.52526510 -0.50596165 -0.53670834
1779473554.70243239 0.57640066 2.06072987 1.01218831 -0.42459346 0.52516912 -0.50574235 -0.53678903
1779473554.73576593 0.57464239 2.06067099 1.01283542 -0.42427357 0.52562137 -0.50618240 -0.53618420
1779473554.76909876 0.57640280 2.06006270 1.01120462 -0.42302594 0.52684264 -0.50711474 -0.53508927
1779473554.80243230 0.56759537 2.06087304 1.00997158 -0.42435412 0.52536953 -0.50585832 -0.53667290
1779473554.83576560 0.56499185 2.05808270 1.00550924 -0.42386962 0.52504997 -0.50606589 -0.53717259
1779473554.86909914 0.57292303 2.05900822 1.01748900 -0.42221781 0.52836352 -0.50741234 -0.53394459
1779473554.90243220 0.57444941 2.05784414 1.01803810 -0.42135840 0.52969275 -0.50817443 -0.53257998
1779473554.93576503 0.57144712 2.05868601 1.02149254 -0.42136075 0.52976661 -0.50816678 -0.53251195
1779473554.96909809 0.56744908 2.05738201 1.01703844 -0.42128404 0.52906655 -0.50791954 -0.53350359
1779473555.00242996 0.56541740 2.05747597 1.01868137 -0.42100066 0.52954012 -0.50840566 -0.53279395
1779473555.03576303 0.56390787 2.05709918 1.02040991 -0.42062004 0.53017822 -0.50874679 -0.53213395
1779473555.06909585 0.56277896 2.05705493 1.02203869 -0.42023607 0.53075511 -0.50902956 -0.53159154
1779473555.10242844 0.55984049 2.05659920 1.02174212 -0.42011387 0.53050036 -0.50872829 -0.53223043
1779473555.13576126 0.55886269 2.05610864 1.02287334 -0.41961693 0.53109094 -0.50884627 -0.53192059
1779473555.16909409 0.55781957 2.05572309 1.02336954 -0.41923939 0.53152794 -0.50902213 -0.53161345
1779473555.20242620 0.55701284 2.05523207 1.02440252 -0.41870774 0.53214905 -0.50930569 -0.53113928
1779473555.23575902 0.55577008 2.05507213 1.02469845 -0.41807647 0.53270849 -0.50985714 -0.53054635
1779473555.26909113 0.55478472 2.05566159 1.02399442 -0.41740864 0.53304791 -0.51067278 -0.52994647
1779473555.30242348 0.55419896 2.05584033 1.02415849 -0.41656028 0.53370448 -0.51137848 -0.52927224
1779473555.33575559 0.55373166 2.05643990 1.02467567 -0.41584861 0.53427199 -0.51215753 -0.52850548
1779473555.36908817 0.55361046 2.05707837 1.02470324 -0.41517760 0.53480123 -0.51282351 -0.52785155
1779473555.40241981 0.55259645 2.05773117 1.02549529 -0.41454534 0.53542392 -0.51350350 -0.52705553
1779473555.43575096 0.55130942 2.05904968 1.02485864 -0.41403405 0.53573453 -0.51422968 -0.52643342
1779473555.46908331 0.55076792 2.06001549 1.02431618 -0.41328852 0.53616940 -0.51490845 -0.52591280
1779473555.50241470 0.54093325 2.06191895 1.02028112 -0.41464638 0.53436344 -0.51421334 -0.52736016
1779473555.53574681 0.53894977 2.06339649 1.01841319 -0.41434085 0.53419545 -0.51491953 -0.52708136
1779473555.56907868 0.54003467 2.06393852 1.01721640 -0.41364017 0.53448474 -0.51514440 -0.52711870
1779473555.60241008 0.54158842 2.06359196 1.01498584 -0.41273299 0.53469443 -0.51532759 -0.52743799
1779473555.63574171 0.54018244 2.06397989 1.01498448 -0.41230397 0.53501150 -0.51582863 -0.52696202
1779473555.66907358 0.53874056 2.06430580 1.01417744 -0.41182985 0.53514805 -0.51568166 -0.52733781
1779473555.70240617 0.53869488 2.06470489 1.01183383 -0.41114877 0.53530153 -0.51615409 -0.52725128
1779473555.73574042 0.54023181 2.06479581 1.00908850 -0.41057992 0.53534112 -0.51640138 -0.52741220
1779473555.76907444 0.54333450 2.06423014 1.00743338 -0.40996633 0.53562952 -0.51643933 -0.52755951
1779473555.80240893 0.54616052 2.06341705 1.00717249 -0.40932779 0.53623082 -0.51637433 -0.52750812
1779473555.83574271 0.54954870 2.06197916 1.00626265 -0.40808289 0.53713143 -0.51639368 -0.52753744
1779473555.86907673 0.55172672 2.06145962 1.00517376 -0.40649194 0.53814754 -0.51695856 -0.52717680
1779473555.90240932 0.54682055 2.06211948 1.00759406 -0.40570321 0.53890911 -0.51728573 -0.52668525
1779473555.93574309 0.54963480 2.06046991 1.00875232 -0.40313234 0.54127918 -0.51859619 -0.52493729
1779473555.96907711 0.54307385 2.06032651 1.01167037 -0.40172898 0.54244364 -0.51941345 -0.52400228
1779473556.00241089 0.53808764 2.06015795 1.01392936 -0.39983978 0.54410885 -0.52087581 -0.52226631
1779473556.03574467 0.52833372 2.06199405 1.01767957 -0.39949386 0.54525226 -0.52137957 -0.52083393
1779473556.06907821 0.52223923 2.06158943 1.02222474 -0.39859880 0.54676068 -0.52233562 -0.51897712
1779473556.10241127 0.51829214 2.06110201 1.02462050 -0.39782071 0.54779479 -0.52307276 -0.51773975
1779473556.13574481 0.51468432 2.06062719 1.02682517 -0.39755544 0.54847013 -0.52356814 -0.51672680
1779473556.16907811 0.51410633 2.05946330 1.02883179 -0.39741965 0.54906828 -0.52354165 -0.51622261
1779473556.20241165 0.51373173 2.05878545 1.02872475 -0.39756625 0.54888722 -0.52283284 -0.51702004
1779473556.23574495 0.51490334 2.05987502 1.02505168 -0.39697379 0.54867888 -0.52301409 -0.51751285
1779473556.26907778 0.51437652 2.06150569 1.02132218 -0.39674745 0.54825219 -0.52336043 -0.51778842
1779473556.30241084 0.51564783 2.06280853 1.01733004 -0.39640977 0.54778821 -0.52350913 -0.51838746
1779473556.33574319 0.51518177 2.06515465 1.01332094 -0.39690215 0.54675766 -0.52372941 -0.51887595
1779473556.36907601 0.51585142 2.06685902 1.01016560 -0.39725648 0.54599314 -0.52371237 -0.51942674
1779473556.40240908 0.51618525 2.06998715 1.00477518 -0.39725500 0.54502368 -0.52405626 -0.52009873
1779473556.43574190 0.51301452 2.07400498 0.99979033 -0.39741212 0.54399087 -0.52489751 -0.52021163
1779473556.46907449 0.50970529 2.07855131 0.99369317 -0.39774803 0.54257366 -0.52581339 -0.52050995
1779473556.50240755 0.50838475 2.08083631 0.98675035 -0.39744762 0.54096400 -0.52681851 -0.52139773
1779473556.53573990 0.50899274 2.08157211 0.98518396 -0.39827206 0.54016779 -0.52639374 -0.52202275
1779473556.56907248 0.50444954 2.08038965 0.97848988 -0.39994099 0.53797337 -0.52565616 -0.52375325
1779473556.60240531 0.50129890 2.08151511 0.97781248 -0.40079912 0.53724737 -0.52593879 -0.52355870
1779473556.63573766 0.49504993 2.08363509 0.97631437 -0.40198454 0.53616622 -0.52650292 -0.52319106
1779473556.66907001 0.49012458 2.08575463 0.97365100 -0.40235322 0.53536123 -0.52723509 -0.52299465
1779473556.70240211 0.48580623 2.08787690 0.96807008 -0.40234397 0.53406548 -0.52730561 -0.52425393
1779473556.73573637 0.48192424 2.09113976 0.96098611 -0.40159947 0.53314917 -0.52836731 -0.52468831
1779473556.76906967 0.47706843 2.09372131 0.95522569 -0.40030365 0.53292817 -0.52963769 -0.52462221
1779473556.80240393 0.47101100 2.09493999 0.95343857 -0.39915467 0.53344890 -0.53075008 -0.52384366
1779473556.83573794 0.46376278 2.09689973 0.96098966 -0.39828654 0.53555979 -0.53177294 -0.52130709
1779473556.86907196 0.45368065 2.09480838 0.96222370 -0.39719167 0.53677114 -0.53304565 -0.51959393
1779473556.90240598 0.44550618 2.09258827 0.96780537 -0.39617706 0.53879900 -0.53381990 -0.51747047
1779473556.93573999 0.43933452 2.08923785 0.97526835 -0.39555993 0.54106021 -0.53390790 -0.51548865
1779473556.96907377 0.43439617 2.08661637 0.98094311 -0.39527861 0.54272578 -0.53383177 -0.51403033
1779473557.00240755 0.43252445 2.08423098 0.98327880 -0.39541035 0.54339355 -0.53356527 -0.51349996
1779473557.03574157 0.43100012 2.08130045 0.98610352 -0.39665215 0.54345093 -0.53237879 -0.51371293
1779473557.06907511 0.43228042 2.07624176 0.99289916 -0.39861509 0.54404974 -0.53044649 -0.51355857
1779473557.10240865 0.43653629 2.07091713 0.99911169 -0.40144463 0.54408088 -0.52781377 -0.51403388
1779473557.13574195 0.44353133 2.06814141 0.99875100 -0.40380619 0.54303414 -0.52552337 -0.51563522
1779473557.16907549 0.45239423 2.06803581 0.99271521 -0.40534288 0.54142467 -0.52366006 -0.51801217
1779473557.20240903 0.46025889 2.06818071 0.98502868 -0.40675829 0.53958405 -0.52221752 -0.52027454
1779473557.23574138 0.47142644 2.06690135 0.97807250 -0.40769924 0.53822724 -0.52063333 -0.52252627
1779473557.26907444 0.48361567 2.06322426 0.97432785 -0.40846078 0.53783527 -0.51812825 -0.52482009
1779473557.30240774 0.49682618 2.05633622 0.97596067 -0.40821680 0.53931428 -0.51522844 -0.52634476
1779473557.33574104 0.51290884 2.04707395 0.98040904 -0.40624862 0.54256639 -0.51213467 -0.52754323
1779473557.36907411 0.52383084 2.03983020 0.98298063 -0.40380094 0.54564810 -0.51027835 -0.52804256
1779473557.40240693 0.52298990 2.03696583 0.98509403 -0.40271381 0.54709996 -0.50836000 -0.52921955
1779473557.43573999 0.52887347 2.03214004 0.98663968 -0.39872446 0.55088889 -0.50926589 -0.52743577
1779473557.46907330 0.52457044 2.02942362 0.99037036 -0.39710644 0.55348638 -0.50981140 -0.52540616
1779473557.50240564 0.51726351 2.03014015 0.98947706 -0.39608163 0.55468481 -0.51115503 -0.52360733
1779473557.53573847 0.50949200 2.03121729 0.98765220 -0.39613682 0.55503335 -0.51237925 -0.52199722
1779473557.56907153 0.50021478 2.03503915 0.98171792 -0.39805682 0.55327702 -0.51383231 -0.52097185
1779473557.60240388 0.49084538 2.04099107 0.97161574 -0.39983441 0.55065696 -0.51575968 -0.52048181
1779473557.63573647 0.48505468 2.04335981 0.95856122 -0.39986225 0.54838122 -0.51627715 -0.52234674
1779473557.66906786 0.48756515 2.04379100 0.95470734 -0.39715143 0.55014289 -0.51762569 -0.52122661
1779473557.70240068 0.48509596 2.04330818 0.95294736 -0.39499626 0.55189922 -0.51862222 -0.52001557
1779473557.73573494 0.48016205 2.04354706 0.95147694 -0.39333057 0.55333061 -0.51987992 -0.51849895
1779473557.76906919 0.47573900 2.04544999 0.94579637 -0.39204958 0.55359572 -0.52141436 -0.51764464
1779473557.80240297 0.47059834 2.04843068 0.93858130 -0.39070034 0.55354191 -0.52328911 -0.51682986
1779473557.83573723 0.45994416 2.04893475 0.93048837 -0.39026605 0.55257419 -0.52361561 -0.51786182
1779473557.86907125 0.45848063 2.04578053 0.93567157 -0.38774230 0.55604891 -0.52471245 -0.51491976
1779473557.90240502 0.45613014 2.04045804 0.94433464 -0.38564624 0.55997125 -0.52445748 -0.51249733
1779473557.93573904 0.45197145 2.03539740 0.95401883 -0.38443125 0.56359423 -0.52414183 -0.50975435
1779473557.96907282 0.44559490 2.03543216 0.95458626 -0.38310229 0.56528034 -0.52517297 -0.50782293
1779473558.00240660 0.43607173 2.04097518 0.94370595 -0.38177790 0.56441170 -0.52715264 -0.50773532
1779473558.03573966 0.42951432 2.04647411 0.93303620 -0.37878856 0.56482640 -0.53076964 -0.50574099
1779473558.06907344 0.42009373 2.05030350 0.92439863 -0.37685161 0.56483147 -0.53268790 -0.50516520
1779473558.10240626 0.41827096 2.05021997 0.92396760 -0.37308575 0.56793924 -0.53466619 -0.50237845
1779473558.13573956 0.41508174 2.04760457 0.92667708 -0.36993304 0.57130506 -0.53536167 -0.50014792
1779473558.16907310 0.40980687 2.04483904 0.92826577 -0.36823455 0.57376980 -0.53544720 -0.49848553
1779473558.20240593 0.40344199 2.04279878 0.93328313 -0.36797708 0.57578745 -0.53588359 -0.49587343
1779473558.23573923 0.39747822 2.03983834 0.93598975 -0.36993100 0.57599857 -0.53460403 -0.49555548
1779473558.26907277 0.39709362 2.03800172 0.93808583 -0.37182530 0.57612072 -0.53331924 -0.49538011
1779473558.30240607 0.39930072 2.03507014 0.94302328 -0.37339085 0.57694940 -0.53230379 -0.49432918
1779473558.33573866 0.39801988 2.03243123 0.94482912 -0.37597183 0.57642485 -0.53012629 -0.49532383
1779473558.36907172 0.40056017 2.03228990 0.94104202 -0.37723073 0.57561087 -0.52923003 -0.49627077
1779473558.40240502 0.40113456 2.03624353 0.92999836 -0.37860407 0.57309849 -0.52940624 -0.49794188
1779473558.43573785 0.40060464 2.04053837 0.91760586 -0.38070225 0.56984558 -0.52955211 -0.49991637
1779473558.46907067 0.40214898 2.04186321 0.91002372 -0.38315146 0.56743170 -0.52879513 -0.50158941
1779473558.50240350 0.40439029 2.04068249 0.90492940 -0.38601897 0.56525133 -0.52678123 -0.50396610
1779473558.53573608 0.41176257 2.03898598 0.90354209 -0.38849314 0.56388907 -0.52507027 -0.50537453
1779473558.56906796 0.41626267 2.03942600 0.89555914 -0.39264778 0.56029900 -0.52196109 -0.50936174
1779473558.60240006 0.42757102 2.04050351 0.88625969 -0.39493008 0.55751673 -0.52179258 -0.51082075
1779473558.63573289 0.42983551 2.04180764 0.87754819 -0.40050092 0.55248523 -0.51892566 -0.51485459
1779473558.66906524 0.43942553 2.04083356 0.87323749 -0.40449241 0.54974418 -0.51657542 -0.51702715
1779473558.70239902 0.44121974 2.03803892 0.86571265 -0.41041683 0.54483572 -0.51247938 -0.52160996
1779473558.73573351 0.44868402 2.03866292 0.86687851 -0.41569469 0.54222757 -0.50950356 -0.52306149
1779473558.76906753 0.45435551 2.04062875 0.85717317 -0.42028595 0.53774905 -0.50717356 -0.52627052
1779473558.80240202 0.46010212 2.04506423 0.84185100 -0.42383738 0.53268787 -0.50560702 -0.53006325
1779473558.83573627 0.46559310 2.04928690 0.82568447 -0.42661458 0.52794163 -0.50434514 -0.53377300
1779473558.86907029 0.46882857 2.05352443 0.80962757 -0.42945578 0.52317272 -0.50346218 -0.53701383
1779473558.90240431 0.46974709 2.05570542 0.79754492 -0.43277842 0.51890820 -0.50172406 -0.54010193
1779473558.93573833 0.47901984 2.05565977 0.79297157 -0.43439467 0.51769950 -0.50086554 -0.54076078
1779473558.96907234 0.48023571 2.05582042 0.78386857 -0.43681367 0.51458023 -0.49891137 -0.54358850
1779473559.00240469 0.48239203 2.05546892 0.77863421 -0.43838707 0.51304199 -0.49777256 -0.54481848
1779473559.03573847 0.48150117 2.05655604 0.77118650 -0.43959602 0.51137960 -0.49749590 -0.54565930
1779473559.06907225 0.47725641 2.05775040 0.76302848 -0.44053380 0.50961840 -0.49738462 -0.54665126
1779473559.10240626 0.47434672 2.05869296 0.75634412 -0.43989850 0.50948462 -0.49821883 -0.54652788
1779473559.13573980 0.46827147 2.06115250 0.74940343 -0.43847510 0.50983373 -0.50001484 -0.54570533
1779473559.16907358 0.46438442 2.06323184 0.74343248 -0.43614559 0.51101325 -0.50244813 -0.54423189
1779473559.20240641 0.45793297 2.06413075 0.73374221 -0.43388043 0.51120647 -0.50491640 -0.54357626
1779473559.23573995 0.45091813 2.06672835 0.72776701 -0.43306179 0.51130712 -0.50667678 -0.54249531
1779473559.26907325 0.44334685 2.06940076 0.72167851 -0.43377188 0.51029205 -0.50793596 -0.54170567
1779473559.30240679 0.43891491 2.07162401 0.71447519 -0.43510738 0.50861007 -0.50841328 -0.54176868
1779473559.33574009 0.44145515 2.07390615 0.70254448 -0.43525602 0.50679406 -0.50845630 -0.54330854
1779473559.36907291 0.44760077 2.07411003 0.69363132 -0.43407570 0.50663796 -0.50821276 -0.54462470
1779473559.40240598 0.45053801 2.07377557 0.68866583 -0.43274195 0.50731009 -0.50831399 -0.54496583
1779473559.43573833 0.45264749 2.07335488 0.68411934 -0.43094257 0.50833185 -0.50884675 -0.54494239
1779473559.46907115 0.45398324 2.07268866 0.68052341 -0.42943185 0.50932894 -0.50934460 -0.54473883
1779473559.50240421 0.45606724 2.07096062 0.67947991 -0.42923150 0.50990292 -0.50899197 -0.54468937
1779473559.53573704 0.46167810 2.06912429 0.67669891 -0.42925769 0.50988241 -0.50805190 -0.54556487
1779473559.56906962 0.46687367 2.06973780 0.66701239 -0.42955234 0.50815739 -0.50743919 -0.54750920
1779473559.60240269 0.47112172 2.06995120 0.65923078 -0.43087041 0.50742923 -0.50618786 -0.54830658
1779473559.63573480 0.47547459 2.06781249 0.65732401 -0.43218557 0.50657716 -0.50458241 -0.54953782
1779473559.66906738 0.48194055 2.06354214 0.66032585 -0.43419047 0.50652050 -0.50202861 -0.55034797
1779473559.70240021 0.48560514 2.05894690 0.66751264 -0.43759182 0.50636104 -0.49905021 -0.55050957
1779473559.73573422 0.49090611 2.05559526 0.66969332 -0.44066871 0.50538482 -0.49631573 -0.55142358
1779473559.76906824 0.49551234 2.05656215 0.66562584 -0.44317695 0.50354356 -0.49408088 -0.55310230
1779473559.80240202 0.50256642 2.05665430 0.65635904 -0.44455168 0.50138001 -0.49241994 -0.55544081
1779473559.83573604 0.51008924 2.05568722 0.64981409 -0.44559705 0.50003630 -0.49063870 -0.55738733
1779473559.86906958 0.51840867 2.05325587 0.64477014 -0.44664321 0.49905779 -0.48841224 -0.55937880
1779473559.90240240 0.52667649 2.05076500 0.63951899 -0.44758176 0.49812202 -0.48628756 -0.56131045
1779473559.93573618 0.53425734 2.04830917 0.63641219 -0.44935337 0.49707932 -0.48377408 -0.56298876
1779473559.96906996 0.54036959 2.04657543 0.63305830 -0.45154022 0.49569449 -0.48128226 -0.56459347
1779473560.00240350 0.54606155 2.04516564 0.62669699 -0.45440518 0.49312493 -0.47862178 -0.56680237
1779473560.03573704 0.55126755 2.04662525 0.62216087 -0.45780799 0.49013686 -0.47558753 -0.56920489
1779473560.06907034 0.56212433 2.04536557 0.61125688 -0.45988408 0.48727915 -0.47234259 -0.57267630
1779473560.10240388 0.57172315 2.04388475 0.60137078 -0.46247462 0.48426564 -0.46894704 -0.57592768
1779473560.13573694 0.58234273 2.04153649 0.59260434 -0.46526352 0.48146542 -0.46502351 -0.57920121
1779473560.16907048 0.59390683 2.03887243 0.58401406 -0.46808369 0.47865051 -0.46084705 -0.58259020
1779473560.20240378 0.60641491 2.03288151 0.57224113 -0.47057953 0.47545380 -0.45703069 -0.58619241
1779473560.23573661 0.62138656 2.02806921 0.56215899 -0.47350490 0.47226569 -0.45180624 -0.59044843
1779473560.26906967 0.63748413 2.02369382 0.55447804 -0.47679510 0.46942241 -0.44610355 -0.59439100
1779473560.30240273 0.65203461 2.02049603 0.54374267 -0.47987331 0.46609674 -0.44087219 -0.59842054
1779473560.33573461 0.66670613 2.01701781 0.53057188 -0.48194139 0.46297546 -0.43614064 -0.60263386
1779473560.36906767 0.67813140 2.01395572 0.52089017 -0.48425700 0.46033181 -0.43180333 -0.60591721
1779473560.40240073 0.68777999 2.01107025 0.51112956 -0.48641660 0.45767719 -0.42807582 -0.60883624
1779473560.43573308 0.69479320 2.00914976 0.50117191 -0.48863257 0.45485208 -0.42474469 -0.61150613
1779473560.46906590 0.70042905 2.00769083 0.49159241 -0.49102098 0.45184856 -0.42149591 -0.61406228
1779473560.50239849 0.70440183 2.01030730 0.48616689 -0.49435290 0.44939382 -0.41745384 -0.61594862
1779473560.53573108 0.70625184 2.00998328 0.47719978 -0.49676827 0.44645284 -0.41506467 -0.61775599
1779473560.56906343 0.70658025 2.01006890 0.47012219 -0.49915063 0.44386291 -0.41325588 -0.61891352
1779473560.60239577 0.70602598 2.00987304 0.46329285 -0.50096676 0.44174882 -0.41165798 -0.62002257
1779473560.63572860 0.70530649 2.00981467 0.46069228 -0.50219941 0.44045175 -0.41131537 -0.62017552
1779473560.66906047 0.70265617 2.00998866 0.45713422 -0.50352946 0.43926755 -0.41080323 -0.62027640
1779473560.70239258 0.70072865 2.01033113 0.45537366 -0.50485663 0.43847510 -0.41007136 -0.62024257
1779473560.73572659 0.69924180 2.01038595 0.45171631 -0.50620314 0.43733888 -0.40916179 -0.62054791
1779473560.76905942 0.69844442 2.00917231 0.45238946 -0.50820654 0.43663971 -0.40764751 -0.62039938
1779473560.80239296 0.69958278 2.00526056 0.46174705 -0.51112401 0.43725907 -0.40507816 -0.61924828
1779473560.83572674 0.70115019 2.00042787 0.47817055 -0.51486608 0.43888566 -0.40197135 -0.61701810
1779473560.86906028 0.70189173 1.99527055 0.49511144 -0.51921143 0.44001669 -0.39857188 -0.61477253
1779473560.90239382 0.69822888 1.99070890 0.50370642 0.52354440 -0.43955301 0.39533348 0.61351924
1779473560.93572712 0.70103310 1.98796126 0.50689287 0.52531594 -0.43974561 0.39325770 0.61320090
1779473560.96906066 0.70245294 1.98600393 0.50390481 0.52551051 -0.43940171 0.39229015 0.61390005
1779473561.00239372 0.70087466 1.98625835 0.50360131 0.52607123 -0.43938590 0.39221494 0.61347904
1779473561.03572726 0.70096118 1.98468277 0.50569056 0.52654701 -0.44024053 0.39176444 0.61274558
1779473561.06906056 0.70294439 1.98201414 0.51021460 0.52689693 -0.44186791 0.39101746 0.61174972
1779473561.10239339 0.70581506 1.97786921 0.51685986 0.52713569 -0.44413863 0.39006950 0.61050357
1779473561.13572645 0.70781659 1.97348815 0.52696709 0.52773440 -0.44679295 0.38906988 0.60868473
1779473561.16905951 0.71003591 1.96966847 0.53555507 0.52803985 -0.44933524 0.38826789 0.60705832
1779473561.20239139 0.71093794 1.96724535 0.53793062 0.52764209 -0.45107241 0.38821754 0.60614739
1779473561.23572445 0.71101335 1.96656968 0.53706434 0.52594285 -0.45300706 0.38947410 0.60537481
1779473561.26905680 0.70860220 1.96538699 0.53015596 0.52329115 -0.45461483 0.39185872 0.60492848
1779473561.30238962 0.70422837 1.96577304 0.52870036 0.52049354 -0.45709010 0.39506411 0.60338997
1779473561.33572245 0.69980172 1.96537984 0.53125646 0.51757205 -0.46057868 0.39842365 0.60103664
1779473561.36905503 0.69577464 1.96352809 0.53595863 0.51439213 -0.46477934 0.40178628 0.59828813
1779473561.40238762 0.69457393 1.96125987 0.54133378 0.51099769 -0.46930137 0.40456666 0.59578806
1779473561.43571973 0.69263834 1.95950885 0.54489540 0.50785061 -0.47314575 0.40734106 0.59354370
1779473561.46905255 0.69206138 1.95801759 0.54554614 0.50526751 -0.47598141 0.40951284 0.59198452
1779473561.50238442 0.68715892 1.96051915 0.54688296 0.50464961 -0.47709141 0.41017961 0.59115585
1779473561.53571701 0.68677323 1.96123741 0.54208285 0.50370554 -0.47742667 0.41126231 0.59093809
1779473561.56904912 0.68902028 1.96188056 0.53713206 0.50321033 -0.47746615 0.41102031 0.59149620
1779473561.60238123 0.69397261 1.96097161 0.53113881 0.50239374 -0.47757318 0.41072843 0.59230612
1779473561.63571310 0.69982911 1.95972147 0.52491786 0.50146941 -0.47780011 0.41035411 0.59316523
1779473561.66904426 0.70350197 1.95977571 0.51604921 0.50060202 -0.47725696 0.41053799 0.59420701
1779473561.70237637 0.70412043 1.96087512 0.50689984 0.50019954 -0.47619904 0.41102123 0.59506004
1779473561.73570967 0.70538884 1.96084307 0.50139005 0.50028725 -0.47560052 0.41112606 0.59539245
1779473561.76904273 0.71022338 1.95870387 0.49463516 0.49925948 -0.47550806 0.41222727 0.59556758
1779473561.80237579 0.71297797 1.95763789 0.49012383 0.49841818 -0.47587112 0.41254968 0.59575897
1779473561.83570933 0.71102240 1.95693301 0.49114887 0.49872780 -0.47647264 0.41308138 0.59464962
1779473561.86904192 0.70787516 1.95479305 0.49909696 0.49938163 -0.47832960 0.41355283 0.59227767
1779473561.90237498 0.70751600 1.95015460 0.51389994 0.49995260 -0.48192388 0.41322676 0.58910136
1779473561.93570805 0.70449530 1.94456877 0.53537582 0.50123367 -0.48637460 0.41269830 0.58470905
1779473561.96904063 0.70169668 1.93907957 0.55557802 0.50186890 -0.49107488 0.41243080 0.58040839
1779473562.00237322 0.69705142 1.93771102 0.56456694 0.50116684 -0.49423208 0.41375009 0.57738835
1779473562.03570604 0.68564942 1.94071669 0.56742971 0.49900351 -0.49653633 0.41725283 0.57475842
1779473562.06903863 0.67565222 1.94279112 0.57065940 0.49413498 -0.50115077 0.42261227 0.57103188
1779473562.10237026 0.66231657 1.94345272 0.57919263 0.48723646 -0.50816555 0.42978892 0.56537589
1779473562.13570237 0.64447609 1.94401088 0.59082049 0.47966493 -0.51621626 0.43802474 0.55819052
1779473562.16903520 0.62487328 1.94415381 0.60786557 0.47285168 -0.52474121 0.44569484 0.54992188
1779473562.20236731 0.60781166 1.94255766 0.62635174 0.46787644 -0.53243271 0.45114970 0.54228313
1779473562.23569942 0.59483287 1.93853057 0.64685730 0.46543685 -0.53895329 0.45394792 0.53556435
1779473562.26903152 0.58833662 1.93301857 0.66514776 0.46501584 -0.54378517 0.45420732 0.53080474
1779473562.30236387 0.58694353 1.92984392 0.67355549 0.46595133 -0.54607539 0.45267798 0.52893636
1779473562.33569574 0.59512070 1.92562365 0.67573729 0.46611322 -0.54733934 0.45056635 0.52929018
1779473562.36902761 0.60565907 1.92148963 0.67499634 0.46640418 -0.54799027 0.44793209 0.53059463
1779473562.40235972 0.61645386 1.91675631 0.67483261 0.46735268 -0.54841103 0.44479664 0.53196124
1779473562.43569112 0.62577965 1.91234005 0.67400387 0.46910713 -0.54821836 0.44126775 0.53355216
1779473562.46902299 0.63682129 1.90829939 0.67032491 0.47071929 -0.54750414 0.43779834 0.53571932
1779473562.50235462 0.65094872 1.90486348 0.66332491 0.47224553 -0.54624655 0.43387458 0.53884295
1779473562.53568625 0.66820136 1.90295309 0.64614111 0.47184284 -0.54422483 0.43098668 0.54353855
1779473562.56901670 0.68489582 1.90111373 0.62861081 0.47108171 -0.54229066 0.42891135 0.54775717
1779473562.60234809 0.69399154 1.90363664 0.60911171 0.47104293 -0.53924268 0.42754773 0.55185036
1779473562.63567948 0.70486954 1.90574502 0.58825550 0.46987848 -0.53679526 0.42657232 0.55596863
1779473562.66901088 0.71175944 1.90807161 0.56898031 0.46879196 -0.53446596 0.42630620 0.55932393
1779473562.70234227 0.71566119 1.91051510 0.55116780 0.46805276 -0.53221873 0.42640052 0.56200751
1779473562.73572183 0.71857651 1.91283626 0.53522776 0.46746366 -0.53022151 0.42647282 0.56432598
1779473562.76913261 0.72039671 1.91399169 0.52283501 0.46716877 -0.52872428 0.42652808 0.56593089
1779473562.80254340 0.72093817 1.91449680 0.51184697 0.46696563 -0.52742532 0.42673612 0.56715246
1779473562.83595538 0.71916129 1.91588535 0.50051456 0.46716826 -0.52567672 0.42718648 0.56826887
1779473562.86936688 0.71543074 1.91579844 0.49302838 0.46794287 -0.52403399 0.42747914 0.56892832
1779473562.90277958 0.71236158 1.91472558 0.49184907 0.46986514 -0.52334449 0.42681021 0.56848073
1779473562.93619180 0.70883613 1.91324327 0.49612954 0.47293882 -0.52316002 0.42529941 0.56723265
1779473562.96960521 0.70525864 1.90937334 0.51048909 0.47680518 -0.52449795 0.42294156 0.56451675
1779473563.00301790 0.70236726 1.90479628 0.52962907 0.48070325 -0.52675648 0.42027532 0.56108881
1779473563.03643179 0.69665258 1.90609380 0.53381652 0.48335560 -0.52648938 0.41975743 0.55944615
1779473563.06984639 0.68814509 1.91438620 0.51621964 0.48333185 -0.52323580 0.42256988 0.56040104
1779473563.10326099 0.68083424 1.92281744 0.49325603 0.48144000 -0.52007700 0.42662730 0.56189375
1779473563.13667655 0.67225001 1.92929832 0.47702258 0.47958815 -0.51780477 0.43032888 0.56275260
1779473563.17009211 0.66491218 1.93249436 0.47052215 0.47875225 -0.51759372 0.43287880 0.56170185
1779473563.20350838 0.65850995 1.93259209 0.47642571 0.47926111 -0.51922209 0.43383120 0.55902388
1779473563.23692489 0.65623975 1.92825241 0.49006102 0.48041344 -0.52188446 0.43358056 0.55574043
1779473563.27034163 0.65433030 1.92399889 0.50713909 0.48279287 -0.52473544 0.43190782 0.55228561
1779473563.30375910 0.65422256 1.91983043 0.51717642 0.48493102 -0.52636879 0.43014063 0.55023344
1779473563.33717704 0.65314192 1.91968128 0.51757872 0.48650557 -0.52610618 0.42957300 0.54953768
1779473563.37059522 0.65301849 1.92210676 0.50891687 0.48671529 -0.52484209 0.43013165 0.55012341
1779473563.40401363 0.65457413 1.92522142 0.49553611 0.48582071 -0.52331948 0.43117428 0.55154665
1779473563.43743157 0.65890932 1.92636597 0.48492991 0.48421814 -0.52292275 0.43199091 0.55269200
1779473563.47085142 0.66833389 1.92560253 0.47571131 0.48163270 -0.52374983 0.43219074 0.55401013
1779473563.50427151 0.67655707 1.92459330 0.46039810 0.47879952 -0.52328069 0.43312240 0.55617743
1779473563.53769159 0.67692167 1.92731047 0.44961356 0.47907416 -0.52142433 0.43358578 0.55732216
1779473563.57111263 0.67397685 1.93061447 0.44128131 0.48128192 -0.51860834 0.43353705 0.55808488
1779473563.60453367 0.67548003 1.93168632 0.43477968 0.48307000 -0.51663149 0.43269592 0.55902551
1779473563.63795519 0.68162532 1.93091133 0.42911950 0.48327035 -0.51604961 0.43174897 0.56012087
1779473563.67137694 0.68932617 1.93114728 0.42081632 0.48184306 -0.51607912 0.43177117 0.56130496
1779473563.70479989 0.69382704 1.93273800 0.40895577 0.47982893 -0.51562410 0.43299370 0.56250550
1779473563.73816633 0.69587916 1.93353256 0.39528125 0.47705048 -0.51484914 0.43540980 0.56371226
1779473563.77149248 0.69635691 1.93620265 0.38554801 0.47487161 -0.51474986 0.43778983 0.56379926
1779473563.80481791 0.69479749 1.93820518 0.37591801 0.47252768 -0.51463951 0.44054389 0.56372409
1779473563.83814359 0.69224706 1.94016031 0.36719252 0.47069577 -0.51436597 0.44321073 0.56341583
1779473563.87146950 0.68941396 1.94213980 0.36063865 0.46935828 -0.51429798 0.44538994 0.56287493
1779473563.90479374 0.68708633 1.94331605 0.35727304 0.46849039 -0.51452054 0.44716819 0.56198397
1779473563.93811870 0.68723947 1.94230641 0.35906372 0.46795292 -0.51574639 0.44785644 0.56075871
1779473563.97144413 0.68494794 1.94139042 0.36599444 0.46822671 -0.51743603 0.44838782 0.55854459
1779473564.00476885 0.68039540 1.94321632 0.38129730 0.47019392 -0.51981135 0.44818040 0.55484066
1779473564.03809404 0.67370549 1.94276037 0.39384969 0.47208968 -0.52168446 0.44827853 0.55138283
1779473564.07141876 0.67009943 1.94144326 0.40367994 0.47283745 -0.52374868 0.44846092 0.54862999
1779473564.10474300 0.66803853 1.94133901 0.40739946 0.47220071 -0.52537921 0.44945257 0.54680487
1779473564.13806748 0.66818427 1.94166882 0.40626623 0.47016569 -0.52693808 0.45111310 0.54568989
1779473564.17139149 0.66857130 1.94172527 0.40363207 0.46698973 -0.52885974 0.45354704 0.54453930
1779473564.20471597 0.66785758 1.94170434 0.40422363 0.46397593 -0.53132714 0.45583354 0.54280161
1779473564.23803997 0.66664589 1.94094733 0.40733784 0.46116284 -0.53416482 0.45798428 0.54059891
1779473564.27136397 0.66266805 1.93883962 0.40769203 0.45840332 -0.53608981 0.46059135 0.53882253
1779473564.30468774 0.65928053 1.93978302 0.41376879 0.45719536 -0.53863995 0.46202854 0.53606813
1779473564.33801031 0.65637813 1.94124558 0.41882114 0.45565759 -0.54107485 0.46412268 0.53310815
1779473564.37133384 0.65276694 1.94165619 0.42014179 0.45418067 -0.54265654 0.46592518 0.53118503
1779473564.40465713 0.65202197 1.94192802 0.41723013 0.45177260 -0.54407397 0.46786756 0.53008016
1779473564.43798018 0.65424116 1.94265256 0.40870269 0.44842816 -0.54499011 0.47004109 0.53005598
1779473564.47130322 0.65694366 1.94336094 0.39751824 0.44465060 -0.54560645 0.47249868 0.53041912
1779473564.50462627 0.65683091 1.94430625 0.38899277 0.44233109 -0.54586528 0.47446915 0.53033322
1779473564.53794932 0.65510249 1.94420486 0.38466147 0.44176776 -0.54589472 0.47535612 0.52997808
1779473564.57127190 0.65520576 1.94321772 0.38475490 0.44265867 -0.54606169 0.47468037 0.52966828
1779473564.60459423 0.65931170 1.94021145 0.37989352 0.44375886 -0.54558540 0.47192004 0.53170116
1779473564.63791680 0.67074157 1.93536461 0.37280459 0.44355158 -0.54529740 0.46994030 0.53391840
1779473564.67123866 0.67973430 1.93152875 0.37163353 0.44431707 -0.54568944 0.46704957 0.53541581
1779473564.70456100 0.68381821 1.92908402 0.37209719 0.44480371 -0.54643045 0.46540858 0.53568487
1779473564.73791194 0.68730178 1.92580934 0.37520044 0.44451080 -0.54816099 0.46428754 0.53513247
1779473564.77131462 0.69134493 1.92194487 0.37939068 0.44361735 -0.55053524 0.46348525 0.53413109
1779473564.80471897 0.69270274 1.91960624 0.38096821 0.44261299 -0.55230221 0.46363104 0.53301245
1779473564.83812380 0.69534435 1.91700159 0.38055966 0.44075082 -0.55415112 0.46413944 0.53219341
1779473564.87152934 0.69740717 1.91610339 0.37842165 0.43848463 -0.55587133 0.46519248 0.53135134
1779473564.90493488 0.69540217 1.91631710 0.37540596 0.43662167 -0.55694542 0.46655778 0.53056305
1779473564.93834043 0.69498359 1.91411708 0.37382999 0.43463863 -0.55838803 0.46813651 0.52928280
1779473564.97174668 0.69312576 1.91335648 0.37296212 0.43305853 -0.55985322 0.46949516 0.52782476
1779473565.00515366 0.69147164 1.91234368 0.37669362 0.43140069 -0.56211962 0.47071061 0.52568669
1779473565.03856063 0.69003439 1.90944469 0.38680682 0.43019762 -0.56549150 0.47129416 0.52252386
1779473565.07196760 0.68747713 1.90515042 0.40669871 0.43025616 -0.57014911 0.47066324 0.51796307
1779473565.10537529 0.68421458 1.89984116 0.43386385 0.43151703 -0.57556899 0.46894932 0.51244505
1779473565.13878369 0.67738702 1.89727713 0.45421982 0.43281705 -0.57942718 0.46844258 0.50743973
1779473565.17219186 0.66731393 1.89992327 0.46029529 0.43285730 -0.58092045 0.47047875 0.50380129
1779473565.20560074 0.65864434 1.90311443 0.45465124 0.43040944 -0.58142662 0.47426643 0.50175905
1779473565.23900914 0.64693538 1.90812955 0.45096434 0.42737446 -0.58221100 0.47952699 0.49843283
1779473565.27241874 0.63447566 1.91231903 0.45059114 0.42442002 -0.58387032 0.48437181 0.49431472
1779473565.30582857 0.62373428 1.91423790 0.45323889 0.42073448 -0.58655890 0.48909454 0.48960973
1779473565.33923888 0.61866951 1.91380847 0.46051926 0.41613565 -0.59083898 0.49265077 0.48480474
1779473565.37264943 0.61493799 1.91195075 0.47089974 0.41136359 -0.59578210 0.49573007 0.47966173
1779473565.40606046 0.61333383 1.90879490 0.48455011 0.40597726 -0.60163403 0.49832615 0.47422568
1779473565.43947172 0.61138596 1.90499869 0.50014069 0.39988716 -0.60807079 0.50111048 0.46821839
1779473565.47288322 0.60810674 1.90279385 0.51134025 0.39304033 -0.61393656 0.50494141 0.46220707
1779473565.50629568 0.60374944 1.90237793 0.51825506 0.38520984 -0.61923565 0.50991070 0.45623641
1779473565.53970790 0.59871437 1.90415940 0.52450718 0.37632782 -0.62480522 0.51591202 0.44925560
1779473565.57312083 0.59545737 1.90400866 0.52840299 0.36627178 -0.63019037 0.52187041 0.44312115
1779473565.60653400 0.59445089 1.90291889 0.53429860 0.35628477 -0.63585469 0.52697891 0.43708489
1779473565.63994765 0.59468850 1.90241147 0.53701475 0.34678186 -0.64060876 0.53179647 0.43192044
1779473565.67336082 0.59660770 1.90279932 0.53570807 0.33748508 -0.64438249 0.53667220 0.42761896
1779473565.70677519 0.59495711 1.90516406 0.53111119 0.32969971 -0.64675754 0.54180245 0.42361881
1779473565.74016333 0.59035994 1.90937300 0.52341286 0.32318556 -0.64784418 0.54731100 0.41988056
1779473565.77348232 0.58777677 1.91342916 0.51205864 0.31614935 -0.64839111 0.55300498 0.41692211
1779473565.80680132 0.58651392 1.91643026 0.50401760 0.30869622 -0.64958174 0.55827111 0.41362249
1779473565.84011960 0.58003295 1.92264750 0.50343607 0.30258909 -0.65168677 0.56297688 0.40841307
1779473565.87343812 0.57618216 1.92562713 0.50617659 0.29535293 -0.65430406 0.56818439 0.40226774
1779473565.90675616 0.56875615 1.92723303 0.50855479 0.28829154 -0.65702832 0.57251094 0.39677827
1779473565.94007444 0.55826323 1.92840926 0.51549343 0.28125591 -0.66036571 0.57700028 0.38972160
1779473565.97339201 0.54729347 1.92930966 0.52399938 0.27354928 -0.66424596 0.58144221 0.38193331
1779473566.00670958 0.53475749 1.93076886 0.53073499 0.26524226 -0.66792217 0.58643252 0.37366217
1779473566.04002690 0.52182519 1.93276679 0.53596522 0.25627500 -0.67140527 0.59183696 0.36505767
1779473566.07334399 0.50848728 1.93441289 0.54265015 0.24744460 -0.67503846 0.59673853 0.35636691
1779473566.10666013 0.49330444 1.93581361 0.55043148 0.23971732 -0.67845593 0.60116849 0.34760553
1779473566.13997674 0.48040712 1.93787258 0.55662947 0.23269048 -0.68136329 0.60574869 0.33862626
1779473566.17329335 0.46504556 1.94051302 0.56785567 0.22790149 -0.68432548 0.60843581 0.33100667
1779473566.20660996 0.45531236 1.94018296 0.57743071 0.22375333 -0.68712448 0.60998474 0.32513538
1779473566.23992610 0.44914830 1.93950500 0.58780727 0.22122067 -0.68951862 0.61043421 0.32092921
1779473566.27324224 0.44577432 1.93854402 0.59693711 0.21923793 -0.69163603 0.61032694 0.31792352
1779473566.30655813 0.44408736 1.93808360 0.60082805 0.21746824 -0.69270048 0.61077254 0.31595965
1779473566.33987355 0.44261419 1.93958201 0.59852019 0.21448523 -0.69294420 0.61248911 0.31413612
1779473566.37318873 0.43877781 1.94306063 0.59171602 0.21075260 -0.69256295 0.61543009 0.31174621
1779473566.40650439 0.43252859 1.94615464 0.58804824 0.20672912 -0.69279416 0.61824459 0.30833901
1779473566.43981910 0.42692928 1.94739667 0.58836694 0.20169277 -0.69410951 0.62048888 0.30418015
1779473566.47313404 0.42267925 1.94733959 0.59096901 0.19504808 -0.69603842 0.62282580 0.29929047
1779473566.50644851 0.41449620 1.94809032 0.59471073 0.18828358 -0.69833245 0.62513612 0.29340402
1779473566.53976297 0.40699817 1.94905405 0.59724162 0.18014843 -0.70077326 0.62775717 0.28702668
1779473566.57307625 0.39892815 1.95006140 0.60036477 0.17112673 -0.70331932 0.63057624 0.28005567
1779473566.60639048 0.38811558 1.95177503 0.60275997 0.16158166 -0.70584696 0.63371144 0.27217870
1779473566.63970399 0.37617118 1.95369182 0.60478421 0.15150903 -0.70836307 0.63696447 0.26371013
1779473566.67301774 0.36097001 1.95503309 0.61003074 0.14168448 -0.71124241 0.63984364 0.25428304
1779473566.70633125 0.34059444 1.95689836 0.61658001 0.13245027 -0.71417081 0.64263620 0.24379437
1779473566.73964643 0.31816948 1.95814547 0.62322055 0.12406937 -0.71667871 0.64544663 0.23318893
1779473566.77296519 0.29923047 1.95992986 0.63401952 0.11548945 -0.72002112 0.64690350 0.22304178
1779473566.80628419 0.27497525 1.96317575 0.64413176 0.10968372 -0.72238403 0.64796573 0.21510744
1779473566.83960247 0.25248023 1.96728466 0.64378344 0.10538342 -0.72268051 0.65029484 0.20915026
1779473566.87292123 0.22863279 1.97156959 0.64466215 0.10313518 -0.72301394 0.65197481 0.20382054
1779473566.90623903 0.21171117 1.97457899 0.64596423 0.09999303 -0.72352349 0.65338672 0.19899986
1779473566.93955708 0.19840486 1.97652173 0.65008546 0.09742325 -0.72444652 0.65391780 0.19513449
1779473566.97287488 0.18710261 1.97745912 0.65336192 0.09496073 -0.72531406 0.65432025 0.19174716
1779473567.00619173 0.18073591 1.97958309 0.65253925 0.09145136 -0.72604398 0.65493171 0.18857690
1779473567.03950882 0.17248366 1.98312922 0.64880419 0.08758179 -0.72594805 0.65648481 0.18535519
1779473567.07282591 0.19837792 1.97798029 0.62263121 0.07677311 -0.72402013 0.66175347 0.17883815
1779473567.10614276 0.19250343 1.98138156 0.61561313 0.07359289 -0.72337317 0.66359125 0.17596021
1779473567.13945961 0.17757575 1.98428546 0.61173148 0.07191154 -0.72256070 0.66516787 0.17403007
1779473567.17277646 0.16375861 1.98658466 0.60897746 0.07029054 -0.72230983 0.66631056 0.17134174
1779473567.20609283 0.15626795 1.98878924 0.60450516 0.06771046 -0.72203014 0.66750687 0.16888558
1779473567.23940897 0.14800853 1.99044176 0.60350775 0.06485499 -0.72236561 0.66821556 0.16573993
1779473567.27272511 0.14005244 1.99193053 0.60378533 0.06220078 -0.72299459 0.66852922 0.16272233
1779473567.30604100 0.13193020 1.99391213 0.60113377 0.05870766 -0.72319308 0.66944899 0.15932113
1779473567.33935618 0.12347874 1.99653567 0.59589198 0.05502574 -0.72303646 0.67081404 0.15556017
1779473567.37267160 0.12560832 1.99698443 0.58714582 0.04783872 -0.72232805 0.67348514 0.14957077
1779473567.40598702 0.11312864 2.00214547 0.57923457 -0.04382837 0.72169295 -0.67541114 -0.14511425
1779473567.43930101 0.09787091 2.00553299 0.57134600 -0.03967265 0.72105521 -0.67736332 -0.14030107
1779473567.47261572 0.08424370 2.00819813 0.56487406 -0.03489119 0.72081270 -0.67889023 -0.13535033
1779473567.50593042 0.07105022 2.01143283 0.55610675 -0.03008612 0.72020821 -0.68078001 -0.13012891
1779473567.53924465 0.05653187 2.01449413 0.54753740 -0.02556554 0.71959054 -0.68263851 -0.12466163
1779473567.57255888 0.04250385 2.01710614 0.53860277 -0.02064228 0.71893089 -0.68452211 -0.11891915
1779473567.60587335 0.03005925 2.01913715 0.53206360 -0.01548875 0.71870474 -0.68583344 -0.11338468
1779473567.63918710 0.01770028 2.01994328 0.52839734 -0.01013775 0.71908064 -0.68643698 -0.10781715
1779473567.67250061 0.00612306 2.02133799 0.52264941 -0.00442721 0.71910338 -0.68735592 -0.10204201
1779473567.70581388 -0.00152945 2.02254007 0.51538355 0.00287338 0.71851261 -0.68901389 -0.09482211
1779473567.73914075 -0.01519164 2.02623584 0.50368823 0.00870803 0.71723235 -0.69121672 -0.08787134
1779473567.80586457 -0.04272512 2.03164717 0.47819032 0.01984883 0.71476521 -0.69501046 -0.07534709
1779473567.83922648 -0.05461992 2.03361410 0.47040663 0.02449940 0.71428579 -0.69593340 -0.06980174
1779473567.87258935 -0.06346417 2.03457220 0.46474589 0.02943739 0.71412999 -0.69638423 -0.06481364
1779473567.90595150 -0.07072188 2.03527107 0.46284894 0.03379410 0.71447232 -0.69618799 -0.06090600
1779473567.93931508 -0.07546265 2.03548908 0.46219976 0.03854903 0.71510976 -0.69559577 -0.05725842
1779473567.97267866 -0.07922152 2.03537921 0.46330034 0.04322463 0.71601278 -0.69465931 -0.05390523
1779473568.00604296 -0.08408235 2.03551380 0.46400470 0.04786476 0.71683660 -0.69378363 -0.05018493
1779473568.03940773 -0.08980859 2.03285413 0.46364391 0.05326285 0.71686285 -0.69363623 -0.04625484
1779473568.07277274 -0.09001155 2.03444824 0.46299097 0.05955870 0.71736351 -0.69289766 -0.04165553
1779473568.10613799 -0.10149216 2.03476647 0.45621763 0.06334683 0.71734689 -0.69272414 -0.03916474
1779473568.13950348 -0.10572885 2.03467124 0.45593043 0.06866827 0.71796561 -0.69177027 -0.03555202
1779473568.17286944 -0.10814725 2.03479587 0.45346720 0.07452077 0.71813590 -0.69117710 -0.03164966
1779473568.20623612 -0.11088140 2.03574681 0.44855603 0.08065071 0.71786713 -0.69095268 -0.02732458
1779473568.23960280 -0.11205434 2.03678729 0.44277753 0.08747039 0.71742596 -0.69074252 -0.02288441
1779473568.27296972 -0.11447978 2.03764670 0.43843639 0.09423986 0.71722366 -0.69020613 -0.01801575
1779473568.30633712 -0.11642817 2.03889465 0.43351420 0.10116997 0.71692211 -0.68965328 -0.01287211
1779473568.33970428 -0.11957833 2.04069335 0.42662662 0.10797116 0.71632563 -0.68932180 -0.00743558
1779473568.37307215 -0.11750052 2.04141965 0.42094926 0.11612157 0.71563413 -0.68875499 -0.00037844
1779473568.40644073 -0.12250831 2.04370293 0.41527649 0.12248403 0.71508827 -0.68819802 0.00546940
1779473568.43980980 -0.12750063 2.04482890 0.40832426 0.12833663 0.71448012 -0.68770060 0.01075897
1779473568.47317910 -0.13427293 2.04613907 0.40055760 0.13416655 0.71378223 -0.68719340 0.01671807
1779473568.50654912 -0.14328434 2.04734238 0.39044793 0.13988622 0.71276792 -0.68691102 0.02338789
1779473568.53991866 -0.15179069 2.04936852 0.37723015 0.14571095 0.71116733 -0.68708347 0.03042447
1779473568.57328963 -0.15957014 2.05121971 0.36138589 0.15184066 0.70904903 -0.68758744 0.03764846
1779473568.60665989 -0.16905159 2.05331474 0.34305996 0.15742173 0.70658566 -0.68841473 0.04516932
1779473568.64003110 -0.17413775 2.05586411 0.32539012 0.16298357 0.70407215 -0.68925675 0.05141884
1779473568.67340279 -0.17550254 2.05798590 0.30842504 0.16913807 0.70154845 -0.68991237 0.05694748
1779473568.70677471 -0.17720024 2.05924360 0.29877985 0.17479251 0.70027130 -0.68935745 0.06208051
1779473568.74012828 -0.18103599 2.05931824 0.29465311 0.17954145 0.70005389 -0.68791265 0.06682520
1779473568.77345395 -0.18505218 2.05767385 0.28394993 0.18387347 0.69891806 -0.68748889 0.07115564
1779473568.80678082 -0.18682635 2.05992465 0.27853973 0.18765521 0.69825987 -0.68672040 0.07505837
1779473568.84010720 -0.19076925 2.06071243 0.27029230 0.19083688 0.69735963 -0.68629954 0.07914399
1779473568.87343335 -0.19510799 2.06150753 0.26143904 0.19354564 0.69643317 -0.68601752 0.08307153
1779473568.90675950 -0.19987018 2.06311659 0.24866753 0.19576530 0.69478300 -0.68655674 0.08713427
1779473568.94008589 -0.20352161 2.06453722 0.23234575 0.19824925 0.69253636 -0.68757616 0.09126690
1779473568.97341180 -0.20351846 2.06657142 0.21655902 0.20217017 0.69011065 -0.68830582 0.09544431
1779473569.00673723 -0.20338731 2.06790465 0.20262809 0.20656088 0.68793124 -0.68856457 0.09981005
1779473569.04006314 -0.20525265 2.06877517 0.18990618 0.21150927 0.68592834 -0.68826600 0.10514777
1779473569.07338858 -0.20587878 2.07004820 0.17362021 0.21715459 0.68318857 -0.68831911 0.11096872
1779473569.10671425 -0.20433290 2.06925896 0.15342629 0.22348482 0.67961275 -0.68878890 0.11726421
1779473569.17336464 -0.19832904 2.07295315 0.12460661 0.23812174 0.67372455 -0.68738888 0.12996074
1779473569.20668936 -0.19263127 2.07436706 0.11071585 0.24666923 0.67052698 -0.68621094 0.13661041
1779473569.24001336 -0.18484160 2.07591597 0.09456681 0.25624286 0.66665930 -0.68505344 0.14355052
1779473569.27333856 -0.17559870 2.07782472 0.07796426 0.26675796 0.66227325 -0.68366668 0.15110992
1779473569.30666304 -0.16849901 2.07876675 0.06373157 0.27767576 0.65813928 -0.68133261 0.15979593
1779473569.33998752 -0.16514966 2.07912668 0.05316728 0.28902109 0.65454847 -0.67769630 0.16959019
1779473569.37331176 -0.16303415 2.07947897 0.04783229 -0.30089026 -0.65161295 0.67271850 -0.17976494
1779473569.40663648 -0.16308789 2.07973654 0.04745573 -0.31237299 -0.64947684 0.66675202 -0.18985441
1779473569.43996048 -0.16635720 2.07991525 0.04680164 -0.32203899 -0.64757496 0.66122729 -0.19928879
1779473569.47328472 -0.17243745 2.07721391 0.03746374 -0.32968025 -0.64487626 0.65729720 -0.20834091
1779473569.50660825 -0.16976012 2.07936580 0.02954523 -0.33800115 -0.64131909 0.65388469 -0.21656376
1779473569.53993177 -0.17048554 2.08003229 0.01428772 -0.34510739 -0.63697925 0.65155623 -0.22501731
1779473569.57325554 -0.17378402 2.08060616 -0.00058083 -0.35245643 -0.63255139 0.64855793 -0.23457583
1779473569.60657907 -0.17173409 2.08090976 -0.01996421 -0.36115681 -0.62663424 0.64581754 -0.24457103
1779473569.63990259 -0.17114403 2.08095889 -0.04229130 -0.36992606 -0.62011114 0.64291635 -0.25549060
1779473569.67322516 -0.17207901 2.08156215 -0.06315968 -0.37886789 -0.61360351 0.63921235 -0.26712813
1779473569.70654774 -0.16823182 2.08190963 -0.08681458 -0.38818882 -0.60606834 0.63603007 -0.27830981
1779473569.73987579 -0.16224801 2.08257049 -0.10634644 -0.39774064 -0.59883187 0.63237105 -0.28863408
1779473569.77320170 -0.15766153 2.08328413 -0.11977696 -0.40651635 -0.59291342 0.62806789 -0.29787389
1779473569.80652785 -0.15230627 2.08426836 -0.13164180 -0.41465608 -0.58737890 0.62403734 -0.30598000
1779473569.83985376 -0.14389913 2.07961093 -0.15086413 -0.42175100 -0.58155472 0.62102884 -0.31343800
1779473569.90650535 -0.13164852 2.08036137 -0.17267102 -0.43528675 -0.57132416 0.61390869 -0.32746033
1779473569.93983054 -0.12848173 2.08178304 -0.18027184 -0.44149649 -0.56673541 0.61052717 -0.33338926
1779473569.97315621 -0.12926562 2.08204975 -0.18864040 -0.44695871 -0.56258695 0.60671363 -0.34003294
1779473570.00648117 -0.13053782 2.08367194 -0.19403434 -0.45265325 -0.55872986 0.60258504 -0.34614628
1779473570.03980637 -0.13007183 2.08427080 -0.20201371 -0.45788551 -0.55462162 0.59891387 -0.35219013
1779473570.07313108 -0.12957717 2.08496791 -0.21005832 -0.46294720 -0.55058845 0.59526369 -0.35804105
1779473570.10645509 -0.13094156 2.08534504 -0.21967948 -0.46708225 -0.54688925 0.59206902 -0.36359399
1779473570.13978004 -0.13423118 2.08556537 -0.22747145 -0.47062323 -0.54388660 0.58880740 -0.36879125
1779473570.17310452 -0.13939857 2.08517359 -0.23536240 -0.47312291 -0.54155450 0.58600289 -0.37346223
1779473570.20642877 -0.13530779 2.07893870 -0.25165960 -0.47513710 -0.53815445 0.58373945 -0.37931885
1779473570.23975301 -0.13725830 2.07796468 -0.26163848 -0.47650557 -0.53674176 0.58154686 -0.38295428
1779473570.30640125 -0.14771448 2.07857135 -0.26794183 -0.47716839 -0.53614954 0.57981318 -0.38557836
1779473570.33972502 -0.14873309 2.07936635 -0.27105388 -0.47754726 -0.53554075 0.58008429 -0.38554758
1779473570.37304878 -0.14753001 2.08017410 -0.27681594 -0.47780001 -0.53449121 0.58098712 -0.38533138
1779473570.40637255 -0.14562927 2.08052014 -0.28445425 -0.47798917 -0.53322983 0.58213615 -0.38511012
1779473570.43969607 -0.14121807 2.08106334 -0.29020707 -0.47878473 -0.53189439 0.58327763 -0.38424049
1779473570.47301936 -0.13939015 2.08175940 -0.29466291 -0.47934610 -0.53119514 0.58381292 -0.38369456
1779473570.50634217 -0.13851482 2.08269546 -0.30092669 -0.47950025 -0.53045883 0.58455728 -0.38338718
1779473570.53966522 -0.13808050 2.08243440 -0.31111270 -0.47916973 -0.52926303 0.58590077 -0.38340228
1779473570.57298756 -0.13857846 2.08112079 -0.32465325 -0.47833233 -0.52767293 0.58767681 -0.38392113
1779473570.60631037 -0.14674819 2.08172380 -0.32775315 -0.47746945 -0.52668230 0.58840045 -0.38524483
1779473570.63963246 -0.14517488 2.07957549 -0.34425612 -0.47752650 -0.52475532 0.58863724 -0.38743580
1779473570.67295527 -0.15291171 2.07686214 -0.35719980 -0.47692326 -0.52329677 0.58895141 -0.38966773
1779473570.70627785 -0.15975495 2.07513170 -0.36777226 -0.47675761 -0.52210568 0.58878751 -0.39171049
1779473570.73960280 -0.16834588 2.07308101 -0.37659781 -0.47679038 -0.52127233 0.58774044 -0.39434409
1779473570.77300668 -0.17148980 2.07135780 -0.38553833 -0.47769104 -0.51989548 0.58671306 -0.39659518
1779473570.80641079 -0.16951974 2.07058052 -0.39123754 -0.47954817 -0.51842654 0.58560136 -0.39791773
1779473570.83981562 -0.16916457 2.07154840 -0.39135510 -0.48170388 -0.51781308 0.58360736 -0.39904065
1779473570.87322021 -0.16816808 2.07283920 -0.38919039 -0.48426444 -0.51742452 0.58129120 -0.39982540
1779473570.90662575 -0.16562746 2.07569835 -0.38621263 -0.48755763 -0.51665627 0.57842541 -0.40097120
1779473570.94003129 -0.16496500 2.07914774 -0.37868814 -0.49126597 -0.51532354 0.57499872 -0.40308295
1779473570.97343731 -0.15624801 2.08255648 -0.37764844 -0.49613327 -0.51251300 0.57139080 -0.40582603
1779473571.00684285 -0.15332105 2.08326421 -0.38636564 -0.49976746 -0.50918409 0.56839675 -0.40974284
1779473571.07365632 -0.14132437 2.08414613 -0.39994906 -0.50800134 -0.50215522 0.56238108 -0.41653607
1779473571.10706401 -0.13276061 2.08438413 -0.40428890 -0.51258493 -0.49866799 0.55932599 -0.41921517
1779473571.14047194 -0.12409834 2.08545520 -0.40710984 -0.51729785 -0.49535010 0.55599100 -0.42178812
1779473571.17387986 -0.11330477 2.08608116 -0.41141019 -0.52213156 -0.49158073 0.55286469 -0.42434380
1779473571.20728850 -0.10273561 2.08684507 -0.41637732 -0.52703123 -0.48755842 0.54941316 -0.42739918
1779473571.24069738 -0.09318288 2.08755843 -0.42116707 -0.53193717 -0.48349000 0.54554695 -0.43088143
1779473571.27410674 -0.08056088 2.08359955 -0.43091356 -0.53632545 -0.47830060 0.54223188 -0.43539423
1779473571.34092641 -0.06130005 2.08400907 -0.44806705 -0.54411402 -0.46924519 0.53556493 -0.44375566
1779473571.37433672 -0.05765449 2.08304828 -0.46084362 -0.54679980 -0.46535892 0.53261652 -0.44807443
1779473571.40774751 -0.05668633 2.08271428 -0.47257365 -0.54918748 -0.46186346 0.52914102 -0.45286316
1779473571.44115758 -0.05416621 2.08085961 -0.48713312 -0.55161158 -0.45759313 0.52569696 -0.45823127
1779473571.47456908 -0.04902611 2.07863339 -0.50128529 -0.55448262 -0.45283437 0.52202996 -0.46365373
1779473571.50798082 -0.04618523 2.07616088 -0.51522296 -0.55694561 -0.44859821 0.51812000 -0.46917257
1779473571.54139304 -0.04290776 2.07413272 -0.52787534 -0.55945985 -0.44451090 0.51406952 -0.47449686
1779473571.57480550 -0.03999881 2.07273876 -0.53928853 -0.56179117 -0.44078347 0.51002469 -0.47955754
1779473571.60821819 -0.02959398 2.06538101 -0.55393881 -0.56374715 -0.43606313 0.50662528 -0.48514835
1779473571.64163160 -0.02613021 2.06334909 -0.56740738 -0.56489922 -0.43283093 0.50344548 -0.48998868
1779473571.67504549 -0.02434422 2.06212225 -0.58063674 -0.56527832 -0.43041277 0.50218141 -0.49296967
1779473571.70845938 -0.01816480 2.06195669 -0.58875782 -0.56617202 -0.42849766 0.50199778 -0.49379877
1779473571.74187708 -0.01359967 2.06275720 -0.59453836 -0.56691963 -0.42727435 0.50199510 -0.49400373
1779473571.77519584 -0.00291719 2.06273941 -0.60262542 -0.56851353 -0.42448241 0.50210436 -0.49446765
1779473571.80851388 0.00821508 2.06315879 -0.60792988 -0.57070238 -0.42157402 0.50139455 -0.49515416
1779473571.84183168 0.01993836 2.06342260 -0.61281807 -0.57310496 -0.41858249 0.50045633 -0.49586577
1779473571.87514901 0.03255464 2.06264879 -0.61863626 -0.57561000 -0.41510116 0.49938621 -0.49696837
1779473571.90846658 0.04560892 2.06028651 -0.62626847 -0.57768709 -0.41148578 0.49878370 -0.49816855
1779473571.94178367 0.06000088 2.05663761 -0.63668903 -0.57956369 -0.40715717 0.49841065 -0.49991578
1779473571.97510076 0.08384037 2.04907648 -0.64111337 -0.58240746 -0.40206239 0.49642363 -0.50270366
1779473572.04173470 0.11249688 2.05069639 -0.63840035 -0.58972753 -0.39589838 0.49018873 -0.50517416
1779473572.07505131 0.12051143 2.05524482 -0.63249810 -0.59336064 -0.39424014 0.48700726 -0.50529376
1779473572.10836768 0.12396163 2.05984081 -0.62968921 -0.59585563 -0.39310377 0.48468354 -0.50547735
1779473572.14168382 0.12702784 2.06237303 -0.63202326 -0.59762612 -0.39135234 0.48247568 -0.50685657
1779473572.17500019 0.13102995 2.06371297 -0.63551289 -0.59925411 -0.38934260 0.48066243 -0.50820318
1779473572.20831585 0.13652756 2.06421195 -0.63857698 -0.60126031 -0.38683456 0.47828335 -0.50999030
1779473572.24163127 0.14442659 2.06440692 -0.63949439 -0.60368237 -0.38415742 0.47595443 -0.51132968
1779473572.27494693 0.15048770 2.06396909 -0.64186744 -0.60591109 -0.38136344 0.47301655 -0.51350660
1779473572.34157610 0.16452766 2.05205212 -0.64270921 -0.60858355 -0.37661223 0.46667892 -0.51961532
1779473572.37489057 0.16803136 2.05336049 -0.64311912 -0.61010515 -0.37580265 0.46433222 -0.52051864
1779473572.40820551 0.16093434 2.05412522 -0.64651782 -0.60989200 -0.37682161 0.46432029 -0.52004220
1779473572.44151974 0.15001446 2.05619873 -0.64689345 -0.60921345 -0.37921087 0.46460427 -0.51884580
1779473572.47483397 0.14364844 2.05874716 -0.64399899 -0.60882047 -0.38147347 0.46525997 -0.51705781
1779473572.50814819 0.14165975 2.06033542 -0.64157166 -0.60860672 -0.38318296 0.46665067 -0.51478717
1779473572.54146194 0.13774035 2.06073129 -0.64208937 -0.60810644 -0.38444886 0.46735249 -0.51379693
1779473572.57477570 0.13092316 2.06040308 -0.64504685 -0.60710856 -0.38589348 0.46752670 -0.51373554
1779473572.60808897 0.12403162 2.06037205 -0.64654650 -0.60630616 -0.38721415 0.46742468 -0.51378227
1779473572.64140201 0.12355010 2.05980646 -0.64860979 -0.60618650 -0.38740009 0.46759971 -0.51362400
1779473572.70802784 0.12439272 2.05588419 -0.66118666 -0.60504225 -0.38697760 0.46955845 -0.51350470
1779473572.74134111 0.13872540 2.05838068 -0.66025441 -0.60616786 -0.38517848 0.46886441 -0.51416362
1779473572.77465868 0.14266050 2.05941641 -0.66717952 -0.60643489 -0.38404096 0.46882876 -0.51473184
1779473572.80797744 0.14367548 2.05874320 -0.67716375 -0.60606431 -0.38263952 0.46944098 -0.51565320
1779473572.84129596 0.15285803 2.05603190 -0.68878482 -0.60670231 -0.37930802 0.46980670 -0.51702940
1779473572.87461424 0.16312678 2.05518151 -0.69536381 -0.60844693 -0.37604381 0.46896060 -0.51813063
1779473572.90793228 0.16823038 2.05404660 -0.70129667 -0.60964935 -0.37372035 0.46781453 -0.51943271
1779473572.94125009 0.17139317 2.05353333 -0.70591704 -0.61045399 -0.37225427 0.46701602 -0.52025832
1779473572.97456789 0.17480050 2.05244148 -0.71197226 -0.61079782 -0.37098564 0.46713216 -0.52065654
1779473573.00788522 0.17603168 2.05020504 -0.72075506 -0.61055449 -0.36982159 0.46781623 -0.52115562
1779473573.04120231 0.17641414 2.04739995 -0.73245594 -0.60973649 -0.36846700 0.46870287 -0.52227493
1779473573.07451940 0.18488391 2.04457335 -0.74212121 -0.61000833 -0.36596563 0.46896294 -0.52348138
1779473573.10783625 0.18964346 2.04090495 -0.75130192 -0.61062562 -0.36349361 0.46772157 -0.52559041
1779473573.17446923 0.19416802 2.03804043 -0.76261011 -0.61224715 -0.35972928 0.46445192 -0.52918115
1779473573.20778584 0.19430897 2.03665147 -0.76827158 -0.61280354 -0.35822209 0.46247155 -0.53128977
1779473573.24110055 0.19354084 2.03552464 -0.77233748 -0.61337089 -0.35716719 0.46049347 -0.53306052
1779473573.27441645 0.18985979 2.03409781 -0.77828068 -0.61331891 -0.35649838 0.45855125 -0.53523786
1779473573.30773234 0.17893363 2.03122888 -0.78953517 -0.61157490 -0.35678261 0.45715881 -0.53822684
1779473573.34104776 0.16813836 2.02880670 -0.79845207 -0.61003533 -0.35737168 0.45569473 -0.54081854
1779473573.37436271 0.16290803 2.02872571 -0.80098897 -0.60997801 -0.35785201 0.45417782 -0.54184063
1779473573.40767813 0.15998435 2.03166415 -0.79457508 -0.61111965 -0.35909330 0.45226707 -0.54133101
1779473573.44099283 0.15835458 2.03767667 -0.78119695 -0.61341873 -0.36102515 0.45001867 -0.53931577
1779473573.47430778 0.15907274 2.04893979 -0.76148817 -0.61656844 -0.36372058 0.44830526 -0.53532522
1779473573.50762200 0.15789605 2.05089364 -0.75879200 -0.61713113 -0.36466589 0.44863869 -0.53375208
1779473573.54093623 0.16012812 2.04760230 -0.77083683 -0.61620881 -0.36320083 0.44966146 -0.53495460
1779473573.57425070 0.16051790 2.04090065 -0.79202318 -0.61393727 -0.36065316 0.45029790 -0.53874124
1779473573.60756445 0.15935956 2.03321705 -0.81445793 -0.61180132 -0.35774058 0.44972958 -0.54356612
1779473573.64087820 0.15981715 2.02922680 -0.82687716 -0.61137976 -0.35545524 0.44786997 -0.54706385
1779473573.67419076 0.16540656 2.02856808 -0.83060843 -0.61271137 -0.35335678 0.44555043 -0.54882472
1779473573.70750403 0.17315776 2.02996704 -0.82861042 -0.61495641 -0.35160633 0.44306664 -0.54944841
1779473573.74082065 0.18339973 2.03213482 -0.82462879 -0.61770040 -0.34970717 0.44089398 -0.54933014
1779473573.77419806 0.19092089 2.03500435 -0.82155147 -0.61983369 -0.34851357 0.43882007 -0.54934636
1779473573.80759454 0.19378958 2.03459452 -0.82374198 -0.62059636 -0.34778429 0.43809352 -0.54952735
1779473573.84099150 0.19398865 2.03415454 -0.82930968 -0.62067183 -0.34736783 0.43734893 -0.55029809
1779473573.90778637 0.18611566 2.02789305 -0.84991098 -0.61842182 -0.34674241 0.43634160 -0.55401278
1779473573.94118404 0.18518909 2.02457008 -0.86105228 -0.61758386 -0.34558480 0.43523956 -0.55653198
1779473573.97458220 0.19626348 2.01910732 -0.87293591 -0.61792314 -0.34218142 0.43473589 -0.55864799
1779473574.00798059 0.20847946 2.01166822 -0.89146484 -0.61756908 -0.33762560 0.43436457 -0.56208968
1779473574.07477856 0.21237090 2.00129274 -0.92273743 -0.61509303 -0.33338295 0.43291350 -0.56842086
1779473574.10817647 0.21110649 1.99718755 -0.93569923 0.61370182 0.33239740 -0.43223680 0.57101085
1779473574.14157629 0.21725095 1.99369878 -0.94617196 0.61347459 0.33039580 -0.43173791 0.57279135
1779473574.17497611 0.22695857 1.99061990 -0.95504341 0.61400362 0.32761106 -0.43090398 0.57444957
1779473574.20837617 0.23879083 1.98656513 -0.96283490 0.61500567 0.32415700 -0.42933977 0.57650466
1779473574.24177694 0.25331805 1.98848837 -0.96423390 0.61697711 0.32096489 -0.42596254 0.57868532
1779473574.27517796 0.26446001 1.98365515 -0.97458367 0.61817396 0.31667106 -0.42338389 0.58165838
1779473574.34198022 0.29056028 1.97159730 -0.99427751 0.61955477 0.30841680 -0.41989467 0.58712813
1779473574.37538218 0.30167227 1.96542705 -1.00379406 0.62003141 0.30454646 -0.41822102 0.58983360
1779473574.40878391 0.31103116 1.96112295 -1.01055463 0.62069259 0.30131084 -0.41649195 0.59201937
1779473574.44218636 0.31805844 1.96074045 -1.01013978 0.62220760 0.29925072 -0.41385913 0.59331891
1779473574.47558904 0.32393382 1.96419441 -1.00320319 0.62466072 0.29805290 -0.41081497 0.59345979
1779473574.50899196 0.33108585 1.97116510 -0.99054230 0.62807863 0.29726323 -0.40706543 0.59283179
1779473574.54239416 0.33734568 1.97704527 -0.97915895 0.63112205 0.29666001 -0.40401395 0.59198862
1779473574.57579756 0.34474213 1.97792304 -0.97654179 0.63275975 0.29501574 -0.40224016 0.59226992
1779473574.60920143 0.35278242 1.97266288 -0.98618995 0.63256280 0.29221853 -0.40187934 0.59410911
1779473574.64260578 0.37090504 1.96349366 -1.00060280 0.63274760 0.28795871 -0.40094767 0.59661648
1779473574.70941448 0.38585392 1.96433666 -1.00239313 0.63486130 0.28594449 -0.40121803 0.59515626
1779473574.74281979 0.39112145 1.97056927 -0.99140259 0.63742196 0.28694252 -0.40175099 0.59156857
1779473574.77613187 0.39226158 1.97866481 -0.97796620 0.63989368 0.28909598 -0.40200761 0.58766442
1779473574.80944419 0.39414429 1.98313458 -0.97199673 -0.64134829 -0.29017660 0.40246302 -0.58522939
1779473574.84275603 0.39786020 1.98456924 -0.97154534 -0.64219056 -0.29011997 0.40284165 -0.58407216
1779473574.87606740 0.40005673 1.98377836 -0.97439432 -0.64244963 -0.28988627 0.40347730 -0.58346422
1779473574.90937901 0.40377985 1.98286882 -0.97881439 -0.64244732 -0.28932778 0.40447587 -0.58305243
1779473574.94268966 0.40589426 1.97950704 -0.98706320 -0.64175102 -0.28886031 0.40615619 -0.58288292
1779473574.97600055 0.40377672 1.97750089 -0.99492846 -0.64077808 -0.28933180 0.40774444 -0.58261053
1779473575.00931001 0.40324724 1.97302439 -1.00153482 -0.63947453 -0.28957147 0.40945296 -0.58272546
1779473575.04262042 0.40084053 1.97091283 -1.01157016 0.63825578 0.29017413 -0.41170581 0.58217425
1779473575.07593060 0.39671399 1.97021912 -1.01833051 0.63720710 0.29137423 -0.41409120 0.58103068
1779473575.10924053 0.39590688 1.96664520 -1.02897113 0.63572231 0.29155974 -0.41702100 0.58046839
1779473575.14254975 0.39340512 1.96290485 -1.04041540 0.63398824 0.29201366 -0.41982845 0.58011292
1779473575.17585897 0.38823635 1.95856587 -1.05417051 0.63167928 0.29261329 -0.42257293 0.58033685
1779473575.20916796 0.38551672 1.95263809 -1.06955489 0.62931443 0.29251282 -0.42566054 0.58070019
1779473575.24247694 0.38551287 1.94821179 -1.08162334 0.62785467 0.29213135 -0.42796764 0.58077662
1779473575.27578521 0.38112390 1.94415612 -1.09297845 0.62613276 0.29254014 -0.42997680 0.58094577
1779473575.30909348 0.37494043 1.94326920 -1.09936123 0.62503246 0.29380938 -0.43142580 0.58041558
1779473575.34240150 0.37016669 1.94354555 -1.10309818 0.62449152 0.29514705 -0.43246999 0.57954143
1779473575.37570930 0.36585244 1.94767615 -1.10122342 0.62480058 0.29717437 -0.43275407 0.57795808
1779473575.40901661 0.35954884 1.95166876 -1.09957786 0.62492028 0.29896087 -0.43271261 0.57693747
1779473575.44232273 0.35026934 1.95471945 -1.09977294 0.62445079 0.30134634 -0.43272505 0.57619496
1779473575.47562957 0.34183139 1.95631580 -1.10292739 0.62356183 0.30328262 -0.43308977 0.57586765
1779473575.50893664 0.33397373 1.95926042 -1.10336894 0.62311569 0.30544308 -0.43357726 0.57484095
1779473575.54224324 0.33061037 1.96609513 -1.09608649 0.62420010 0.30768515 -0.43361503 0.57243523
1779473575.57554936 0.33086894 1.97703974 -1.08051016 -0.62696579 -0.30996033 0.43258292 -0.56895563
1779473575.60885525 0.32972348 1.98733686 -1.06565897 -0.62953389 -0.31228960 0.43113014 -0.56594088
1779473575.64216065 0.32375081 1.99377388 -1.05995224 -0.63028782 -0.31450202 0.42987934 -0.56482696
1779473575.67546606 0.31900689 1.99479638 -1.06346234 -0.62984891 -0.31548883 0.42942250 -0.56511368
1779473575.70877147 0.31870618 1.99552559 -1.06777198 -0.62994872 -0.31565546 0.43006061 -0.56442370
1779473575.74207664 0.31445181 1.99536906 -1.07335138 -0.62937721 -0.31599639 0.42907006 -0.56562310
